x,y,z,T,u,v,w,p,nx,ny,nz,qn
0.0007852055485401272,0.005570970416423669,0.205,291.51418946177847,0.0,0.0,0.7871826011773093,-0.9029867007742521,0.0,0.0,1.0,23.780723631299487
-0.00379703413706116,0.0008387340869366935,0.205,291.7953191268734,0.0,0.0,0.8945072559832674,-0.4205063267846805,0.0,0.0,1.0,23.260651218123073
-0.00561268469548929,-0.0020537241530824636,0.205,291.483917362894,0.0,0.0,0.7612800721614678,0.6476274597589217,0.0,0.0,1.0,25.78070121255802
-0.0038281411464125012,0.00433751455587733,0.205,291.5168566010781,0.0,0.0,0.7755965548039996,1.4357215688913811,0.0,0.0,1.0,25.078072536670224
-0.0009793695245202195,-0.0017014728773422927,0.205,292.01178931592085,0.0,0.0,0.9712089521469653,-1.0857523987587043,0.0,0.0,1.0,21.883785403789503
-0.0012069184580629153,0.005221500265398694,0.205,291.5543700770379,0.0,0.0,0.8059524471511165,0.07778918803868355,0.0,0.0,1.0,23.726503325794056
-0.0048507453526804144,-0.003588594169417843,0.205,291.58332180886197,0.0,0.0,0.756915832865446,1.7538308058419758,0.0,0.0,1.0,24.184511650335793
-0.003891645664856807,0.0005864830077307026,0.205,291.64856211451627,0.0,0.0,0.8920702039548953,0.05058811473031332,0.0,0.0,1.0,23.79635708341333
-0.000891129771762624,0.001734372015188323,0.205,291.84522132646396,0.0,0.0,0.9715782139210982,0.7745281532749768,0.0,0.0,1.0,19.58623764983094
0.004675666938727697,0.003893027461013364,0.205,291.5712216128724,0.0,0.0,0.7530496457383973,-0.22019412518569909,0.0,0.0,1.0,25.72051914557557
-0.004336821757903087,-0.001191430403935104,0.205,291.66567112178313,0.0,0.0,0.860918824680659,0.023851555955390825,0.0,0.0,1.0,22.51634455313034
-0.00042027910440262914,0.0004515435887530071,0.205,291.8697602058905,0.0,0.0,0.9968085508976671,-0.8182596192290308,0.0,0.0,1.0,19.169671625240525
-0.001215164879384176,-0.0004899243549623862,0.205,292.04495761698917,0.0,0.0,0.9866472506102562,-1.0402686213301933,0.0,0.0,1.0,21.021089642875314
-0.002801663085882161,0.0018428926797799637,0.205,291.73879560605053,0.0,0.0,0.9203739753349753,-1.378934995451795,0.0,0.0,1.0,23.789809790380104
0.00390305851010044,-0.003531077286869469,0.205,291.55696963859276,0.0,0.0,0.812494603791439,-0.22488844990404339,0.0,0.0,1.0,23.84110114523678
0.003892306741233459,-0.003694040116592686,0.205,291.53681658459976,0.0,0.0,0.8054693744783379,0.3568270336428413,0.0,0.0,1.0,22.887896370770257
-0.0029805822464842413,0.003440181952477862,0.205,291.65838916179985,0.0,0.0,0.8577122615778714,-0.33992088482343447,0.0,0.0,1.0,24.802568882206625
0.004569766938078355,-0.003386053286958001,0.205,291.5400269824908,0.0,0.0,0.7827402213115295,-0.3558554392598543,0.0,0.0,1.0,25.423668933613577
-0.0017498103458947107,-0.0048817029800728535,0.205,291.6284740020451,0.0,0.0,0.8177037232117732,-0.47083327482337045,0.0,0.0,1.0,24.954884095630273
0.0003312181295790483,0.006402758485081846,0.205,291.4315505841252,0.0,0.0,0.7272135518126442,-1.3278657409917012,0.0,0.0,1.0,26.616423394216874
0.005700554436366957,0.00015306294398027034,0.205,291.5759993364402,0.0,0.0,0.7816453317538021,0.0370910578879665,0.0,0.0,1.0,24.384658303446678
0.00048174047433178384,-0.005140634358217952,0.205,291.5807253752599,0.0,0.0,0.819215220156865,1.1490779953408456,0.0,0.0,1.0,24.76596158463478
0.004947544545909839,0.002401982725187554,0.205,291.6476273181197,0.0,0.0,0.7961641170072808,1.4361529919912615,0.0,0.0,1.0,24.75492263018923
-0.0029599553914428376,0.0008527694802138771,0.205,291.82152386646453,0.0,0.0,0.93224168682369,-2.3795483810011007,0.0,0.0,1.0,20.927591410883483
-0.0030459024913451105,-0.003363849130719955,0.205,291.68850860819043,0.0,0.0,0.8585326065895834,-1.443950391018668,0.0,0.0,1.0,24.124740144778755
0.0005510327248949921,-0.0010221154678301074,0.205,291.89715561436594,0.0,0.0,0.9893845763333454,2.1027759184169494,0.0,0.0,1.0,19.083680255673578
-0.004222418601633634,0.004195427724880555,0.205,291.4694364236276,0.0,0.0,0.7631189679715551,0.5781352390461806,0.0,0.0,1.0,26.43166219405991
-0.002818122444056375,-0.002195539264097847,0.205,291.80376349224133,0.0,0.0,0.9102050027358629,-0.49962176785074336,0.0,0.0,1.0,22.269484031278605
0.00041311884304303184,0.003052205392207355,0.205,291.8750449290828,0.0,0.0,0.9322547581173853,1.0023953860077224,0.0,0.0,1.0,21.4795888253263
0.0007738504629122086,0.0032426751426992604,0.205,291.84782195762307,0.0,0.0,0.9212606898983475,-0.8152423984319378,0.0,0.0,1.0,23.418578563670472
0.0025049220627249903,0.005772924876533727,0.205,291.60024841775885,0.0,0.0,0.7367025915464216,-0.21611641528804343,0.0,0.0,1.0,25.12429891140594
-0.0031671786084187005,-0.005189889006309721,0.205,291.5974124198343,0.0,0.0,0.7533763985857251,-1.3431167102448496,0.0,0.0,1.0,25.675898692163425
-0.0019365280490542586,0.001760785214573455,0.205,291.7927898158182,0.0,0.0,0.9502767920957077,-1.2839802422060373,0.0,0.0,1.0,21.725402101782976
-0.0003651515007709112,-0.005906615044854849,0.205,291.56039776204756,0.0,0.0,0.7657174638989585,0.33625840215231295,0.0,0.0,1.0,24.49845242524018
0.006047010493254332,0.0019166968778656832,0.205,291.4948680708287,0.0,0.0,0.7326695857692953,-0.5125087759468386,0.0,0.0,1.0,26.08865504488627
0.0004568494212531584,-0.004280913175665466,0.205,291.7136208598792,0.0,0.0,0.8719988019887106,-0.011655772432778396,0.0,0.0,1.0,23.55413416518799
0.001649784361758704,-0.0036271231010293163,0.205,291.6814632910757,0.0,0.0,0.8894970847522216,-0.7061581122639203,0.0,0.0,1.0,21.054578969918193
-0.00262730203165909,0.005173910146085425,0.205,291.425405323384,0.0,0.0,0.7743013909807037,-2.701943054090471,0.0,0.0,1.0,25.85737870243237
0.003867312476013048,-0.0025192963239159235,0.205,291.65379333297363,0.0,0.0,0.8539032337339258,1.2904571753605398,0.0,0.0,1.0,24.552644795561726
0.0013338931335009976,0.0031446133827225413,0.205,291.82847910812967,0.0,0.0,0.9175359895527349,0.190056873924263,0.0,0.0,1.0,23.204305215254664
0.002517724803996527,0.0008457502264787889,0.205,292.0080600234819,0.0,0.0,0.9488730501662412,0.2752135987278572,0.0,0.0,1.0,21.76704563748802
-0.0013631375066173528,-0.004121499838614942,0.205,291.663613826966,0.0,0.0,0.869966005509628,1.561695034110526,0.0,0.0,1.0,23.23673398174683
0.0032037067274687573,-0.003293613568429363,0.205,291.62657411537054,0.0,0.0,0.8551500747918582,0.21413141886194437,0.0,0.0,1.0,24.433122993157777
0.0023857229947662254,-0.003962990730437261,0.205,291.69107382388944,0.0,0.0,0.853290812287333,-2.1649264004676527,0.0,0.0,1.0,24.366344120418326
0.004497996926323576,0.002129487728957099,0.205,291.6593832687346,0.0,0.0,0.8314233979033787,-0.007798319440328518,0.0,0.0,1.0,22.356908853506273
-0.0018139134448534931,-0.005635679816759238,0.205,291.54170995079147,0.0,0.0,0.7655285144725898,-0.8860773320593404,0.0,0.0,1.0,23.896328326696832
0.005783374468374449,0.00043424480207161146,0.205,291.6382713080921,0.0,0.0,0.7745311016645634,1.7395776360265216,0.0,0.0,1.0,24.78739999081544
0.005501731191579961,0.0019260617001348858,0.205,291.5909819994361,0.0,0.0,0.7723488750893551,-0.7762954463967774,0.0,0.0,1.0,25.018964050614528
-0.0017747803387467224,-0.005867336478983905,0.205,291.51921159280465,0.0,0.0,0.7495148449449782,-0.2603356250935431,0.0,0.0,1.0,24.48656846218777
-0.0026352701830172623,0.003145196914176309,0.205,291.6876058764067,0.0,0.0,0.8831652623993322,-0.8239755788156637,0.0,0.0,1.0,23.805849860218807
0.0020356654923348256,-0.0014031274466948975,0.205,291.80592032432725,0.0,0.0,0.9553785042632919,-0.2226972857495792,0.0,0.0,1.0,21.07966133240308
0.00024659286239209585,0.002328315399464905,0.205,291.8735482322511,0.0,0.0,0.959764977843245,2.729560573080565,0.0,0.0,1.0,22.21504528085377
0.001954484520387363,0.00517030387803072,0.205,291.6420697814694,0.0,0.0,0.7942162779569679,2.0331552586030064,0.0,0.0,1.0,25.459510220128745
-0.00019288345777637727,0.0024279865465426614,0.205,291.8099780770038,0.0,0.0,0.9566303235176106,-0.3328600542632855,0.0,0.0,1.0,21.136066919037887
-4.174830990593828e-05,-0.0022037266427327932,0.205,291.93162795060675,0.0,0.0,0.9641267792083609,0.1877273047034216,0.0,0.0,1.0,21.76367968299241
-0.003014642059235443,-0.0028599392084411946,0.205,291.73227762149736,0.0,0.0,0.8803297162072499,-1.8200456861307956,0.0,0.0,1.0,22.10835612590575
0.005708097509625673,0.0003178268911582509,0.205,291.5396535762924,0.0,0.0,0.7806016236781149,-0.28245314669977384,0.0,0.0,1.0,25.13364879749294
0.003458423540407174,0.0038994934828860523,0.205,291.63729069371715,0.0,0.0,0.8159404540295249,0.11645371081582541,0.0,0.0,1.0,22.804862501268918
0.0029258718976900152,-0.0023876866794603556,0.205,291.66208901787155,0.0,0.0,0.9002098839934958,-0.921655081075001,0.0,0.0,1.0,21.989019082104985
-0.005481735297610346,0.002763892775784305,0.205,291.3970597768565,0.0,0.0,0.7487990142612723,0.2669574702589604,0.0,0.0,1.0,25.345907142482694
-0.005992624950139604,0.0020452099041462415,0.205,291.4450472919026,0.0,0.0,0.7335887434965032,-0.5903152215088171,0.0,0.0,1.0,27.634005906688593
-0.004876266571120547,-0.0029297327552782275,0.205,291.59662218454275,0.0,0.0,0.7826561084716676,-0.6670788201048602,0.0,0.0,1.0,25.946481644264278
0.003077488394093615,-0.0037958292019883992,0.205,291.62659112445846,0.0,0.0,0.8371670190135327,-0.5587976563987572,0.0,0.0,1.0,23.56804013051746
-0.003153802250787391,0.005241009675914253,0.205,291.4215681112711,0.0,0.0,0.7505334804573723,-0.8539172358398948,0.0,0.0,1.0,25.984391414589442
-0.0038843004103133786,0.004608611477374808,0.205,291.4704465034883,0.0,0.0,0.7574274092682629,-0.990185182339445,0.0,0.0,1.0,27.179010925658556
0.0034792701955147845,0.0031712931937454285,0.205,291.74852776169564,0.0,0.0,0.8483092824667655,0.7771626890330653,0.0,0.0,1.0,24.668772311644624
0.003627793284220243,0.005108973362973353,0.205,291.5713662349552,0.0,0.0,0.7388430238359398,1.2892841957976398,0.0,0.0,1.0,25.581031270087596
0.004802049392885623,0.003402358645203703,0.205,291.5692154543058,0.0,0.0,0.768169434152749,0.011384022409223264,0.0,0.0,1.0,25.54935408486915
-0.001423245059484058,0.005623427703706171,0.205,291.4651344808089,0.0,0.0,0.7744510124891495,-0.5443432628289688,0.0,0.0,1.0,25.307191919014663
0.0036679390635106857,0.003135450567606984,0.205,291.7032152986864,0.0,0.0,0.8410201720297336,1.1801808197278605,0.0,0.0,1.0,26.009305328070035
0.0029783469173350775,0.0020087285651222784,0.205,291.8440319852095,0.0,0.0,0.9092471961329869,0.8756560984453484,0.0,0.0,1.0,22.14684319082938
0.0016530178583180493,-0.0012041524784823113,0.205,291.8621675801728,0.0,0.0,0.9688841266520118,-1.2974065717014578,0.0,0.0,1.0,22.50890770007779
-0.0036531704707589104,-0.0035390768640828213,0.205,291.67818924192875,0.0,0.0,0.8242923233549888,0.7028860440590666,0.0,0.0,1.0,25.719867296389292
0.0017625445331228176,0.0043816775621322275,0.205,291.70613301522565,0.0,0.0,0.8473780474180288,-1.7921791873684643,0.0,0.0,1.0,25.5544050037531
8.737010607308558e-05,0.0029953513726202236,0.205,291.8281609773776,0.0,0.0,0.9356980265002783,-2.2082111849659367,0.0,0.0,1.0,23.258168110597374
-0.0017442493271561039,-0.002845559701693173,0.205,291.9095781417932,0.0,0.0,0.9210868548253986,0.18045653811967116,0.0,0.0,1.0,20.764237635462845
-0.0012687714030190193,-0.003443146456784614,0.205,291.8592896536806,0.0,0.0,0.9055134764904288,-1.467123690013076,0.0,0.0,1.0,22.421705082847172
0.004023282165247681,0.0013185647112125404,0.205,291.75052515765947,0.0,0.0,0.876000952494204,0.17059427601456675,0.0,0.0,1.0,23.292412056180634
-0.003376744387925582,-0.0033720646435274368,0.205,291.7040747668912,0.0,0.0,0.8443403961711192,-1.2864917283473885,0.0,0.0,1.0,24.17855850578
0.00041518998266288243,0.005207862378924584,0.205,291.63936184486033,0.0,0.0,0.8151200966122347,-1.8642954200327373,0.0,0.0,1.0,24.888158185708484
-0.0023983349948587464,0.005882781424691303,0.205,291.46934664990033,0.0,0.0,0.7319181945436012,2.1741768366071885,0.0,0.0,1.0,25.699545193786626
0.00491473162041283,0.0007293144405328497,0.205,291.68103168949835,0.0,0.0,0.8319420846030141,0.8322091956232371,0.0,0.0,1.0,23.767987736660835
0.0007049045189202828,-0.004283989455639362,0.205,291.74878134376445,0.0,0.0,0.8699361712595828,0.07748216988588903,0.0,0.0,1.0,24.214459579832774
-0.0005736189692369072,-0.0006469047632509657,0.205,292.09710065668935,0.0,0.0,0.9939386856151247,0.7954749541199287,0.0,0.0,1.0,18.570780878986177
0.0024481269515003443,0.0035955642884795717,0.205,291.7284179767969,0.0,0.0,0.8694645609195402,0.23382954174534895,0.0,0.0,1.0,24.140001428374593
0.0041846884470731725,0.004502163697521879,0.205,291.6384989681145,0.0,0.0,0.7482129025467565,-1.0245757509737814,0.0,0.0,1.0,26.0519417906584
-0.002210629462659155,-0.002165671347124148,0.205,291.9483282441058,0.0,0.0,0.9316416906415789,-0.5345423110561113,0.0,0.0,1.0,21.32446856370733
-0.0005287436424384954,-0.006180089604422442,0.205,291.54577165335905,0.0,0.0,0.7438338547193385,0.34314544782437467,0.0,0.0,1.0,25.053204966452448
0.004442197545715839,-0.0002189854930242474,0.205,291.69060753846526,0.0,0.0,0.8638367147167707,0.298028088211654,0.0,0.0,1.0,23.475697312489494
-0.0002557227462281529,-0.005145372655821919,0.205,291.657766508051,0.0,0.0,0.8199751435980095,-1.2677201290221094,0.0,0.0,1.0,23.456049170721833
-3.5880658773548694e-05,0.00549278148739951,0.205,291.5962719176541,0.0,0.0,0.7966493002682717,-0.7096238488363468,0.0,0.0,1.0,26.34749964907464
0.002275290933763802,-0.0014826324803488857,0.205,291.74463641079785,0.0,0.0,0.9466659146832104,1.467612075511681,0.0,0.0,1.0,21.739812389948103
-0.0017081078425203067,-7.735792415612717e-05,0.205,291.9806806630355,0.0,0.0,0.9778564595969231,0.4151211007653161,0.0,0.0,1.0,20.50675702152001
-0.0043738440397003775,0.0017253716660387908,0.205,291.6370642315128,0.0,0.0,0.8486669463996779,-0.34755264382314144,0.0,0.0,1.0,24.95278396155323
-0.00028193550667365857,0.00044230961996539775,0.205,292.0322118211089,0.0,0.0,0.9976548163858876,-2.521403938013786,0.0,0.0,1.0,17.049401765442113
0.0006311125580683534,0.004339753420692614,0.205,291.70238369309294,0.0,0.0,0.8674313623700227,0.5209843783984232,0.0,0.0,1.0,24.078808803460486
-0.0012626923187064093,-0.0025627389408182035,0.205,291.92010511742217,0.0,0.0,0.9412739804094348,1.822335570103843,0.0,0.0,1.0,22.714357809064
-0.0003203261628558527,0.0023727476698136955,0.205,291.87719526162425,0.0,0.0,0.9580190348964063,-0.4201304741525118,0.0,0.0,1.0,20.345236614128527
0.005727419686590857,-0.000901773573026877,0.205,291.5602981720518,0.0,0.0,0.7746550061444887,0.30862218948585246,0.0,0.0,1.0,24.417299124934626
-0.0053968008175128476,0.0017206306965836526,0.205,291.54619052739474,0.0,0.0,0.7844128717122032,0.7508870337608284,0.0,0.0,1.0,23.583673954306278
-0.002534557865582804,-0.005078802405207691,0.205,291.66056475729494,0.0,0.0,0.7835691891050466,1.8137109160155898,0.0,0.0,1.0,26.464851954517123
-0.003654077369754457,0.0029935645894189618,0.205,291.65811012138596,0.0,0.0,0.8473257286712598,-1.4173650581317998,0.0,0.0,1.0,24.788382426426946
-0.0011917953633435764,0.004851437112817512,0.205,291.6163671468313,0.0,0.0,0.8301942434381907,-0.2664710820086892,0.0,0.0,1.0,23.316947031976056
-0.003439769696158153,-0.002097374495999895,0.205,291.8277005230163,0.0,0.0,0.8871632551223729,0.1179671748952371,0.0,0.0,1.0,23.6467432665827
-0.002648599824185857,0.005910667768677392,0.205,291.4129739611686,0.0,0.0,0.7218823262070462,0.37850734095199456,0.0,0.0,1.0,28.08376253020031
0.00029238879255826027,0.0022930382386064656,0.205,291.92966374954364,0.0,0.0,0.9607302280764902,1.9314427671257133,0.0,0.0,1.0,21.78106564127959
0.002148849544968655,-0.0024166690074151377,0.205,291.74444611078246,0.0,0.0,0.9256822276160382,1.1029553736409141,0.0,0.0,1.0,21.883481012989506
6.636853049256327e-05,9.849828853950368e-05,0.205,292.0676372028819,0.0,0.0,0.9998604992131418,-0.16599366103200425,0.0,0.0,1.0,17.33896707679144
-0.00010990246072220733,0.0025412124697704176,0.205,291.8554230407482,0.0,0.0,0.9529053604805244,0.9259773958127968,0.0,0.0,1.0,20.122155534366843
0.0029828556426648974,-0.002333769834748698,0.205,291.6667461522492,0.0,0.0,0.8996639935719606,0.8291069678298559,0.0,0.0,1.0,24.001078889185166
-0.0030024831287004247,0.0028204650511622145,0.205,291.6995139672353,0.0,0.0,0.882288564909816,1.6828511425294117,0.0,0.0,1.0,22.00062394044838
0.006275646535247102,-0.00035291068591414607,0.205,291.49876726227046,0.0,0.0,0.7372901074260019,0.22325494038802832,0.0,0.0,1.0,25.135953459674525
0.0032410958529550797,-0.0022157953097249514,0.205,291.71563611059787,0.0,0.0,0.892562890114506,-0.6395124249500999,0.0,0.0,1.0,23.6959303794051
-0.0018846453049543128,0.004702795051846354,0.205,291.614965367012,0.0,0.0,0.8255994690108837,2.107550893316326,0.0,0.0,1.0,22.84095449942999
-0.004628356546343666,-0.00168329654810916,0.205,291.64165064327926,0.0,0.0,0.8347327550034755,-0.8988129350205839,0.0,0.0,1.0,25.65457454970333
-0.0006517392973747689,-0.00022629519090936235,0.205,292.0440093474817,0.0,0.0,0.9960524612902378,-0.21918625456528915,0.0,0.0,1.0,17.848233844256985
0.001871696660554943,0.0040006947944030025,0.205,291.82579763301385,0.0,0.0,0.8656177726293734,0.8745089109312297,0.0,0.0,1.0,24.42392065927409
0.0031428517589608533,-0.005491997986036562,0.205,291.4568422759422,0.0,0.0,0.7339351670976666,0.1792531331307531,0.0,0.0,1.0,26.263644188757088
0.000268322666950492,0.005871823593827081,0.205,291.5897924359838,0.0,0.0,0.7687125876842733,0.3780038503539635,0.0,0.0,1.0,26.161974014012785
0.002418924845685586,0.0030947137478670034,0.205,291.866032200584,0.0,0.0,0.8924701965338873,1.900170707933176,0.0,0.0,1.0,22.996250003330687
0.0021941432373107006,0.0018110329528442496,0.205,291.9578323569784,0.0,0.0,0.9417383149780478,0.7586208195305699,0.0,0.0,1.0,21.472023400352036
0.003734844444681984,0.004615319012851064,0.205,291.595129562528,0.0,0.0,0.7642636572123411,-0.92573121220563,0.0,0.0,1.0,23.767532105546536
-0.002782866029645394,0.0014133251355753947,0.205,291.80053760374733,0.0,0.0,0.9305245726022618,0.855082127874171,0.0,0.0,1.0,22.313459569791533
-0.0018512194110177835,-0.0058709698164826525,0.205,291.4530478045814,0.0,0.0,0.747489911203856,1.8047208244567168,0.0,0.0,1.0,24.367032227860342
-0.004803452613003975,-0.002646214459662881,0.205,291.69670304865326,0.0,0.0,0.797266112496937,1.2405224354897022,0.0,0.0,1.0,24.96786896078628
0.005985601096127073,-0.0021993503752003774,0.205,291.394337744194,0.0,0.0,0.7299911785194823,-1.1079440425857447,0.0,0.0,1.0,24.452122462478542
0.0007443842730404554,0.0032469285893961287,0.205,291.81238065046057,0.0,0.0,0.921376012304866,-1.0812940794333397,0.0,0.0,1.0,22.892264127139047
0.0016539196298189262,0.005404445162358197,0.205,291.5838097167632,0.0,0.0,0.7853228903061733,-1.977490247696092,0.0,0.0,1.0,25.700384820184034
-0.001098156446320971,0.0004658031200236083,0.205,291.94145548030485,0.0,0.0,0.9888276598379293,-1.9365650187952477,0.0,0.0,1.0,17.41586480464328
0.005366837471941845,0.0005991092440202287,0.205,291.58134561080556,0.0,0.0,0.803121929469049,-0.40911972882017095,0.0,0.0,1.0,23.76755094648741
-0.004578288612061108,-0.004163096016261249,0.205,291.5533424431142,0.0,0.0,0.7449787761293634,0.06403944645839003,0.0,0.0,1.0,25.680380940448202
-0.0038652202937699666,0.004480680176794444,0.205,291.51276872442554,0.0,0.0,0.7657493299037614,-0.0608536233619931,0.0,0.0,1.0,26.00458832922012
-0.0005951910029503159,0.004164330194264991,0.205,291.71914546628864,0.0,0.0,0.8775097173862263,-0.40909636336174515,0.0,0.0,1.0,24.11064375133754
0.0017620808210506065,-0.002148771537275431,0.205,291.7672587020079,0.0,0.0,0.944284777998361,0.11644129414914033,0.0,0.0,1.0,20.62084480565998
-0.0011232252184182623,0.004228224703400117,0.205,291.6878007728198,0.0,0.0,0.8680354981463257,-1.7653864720182093,0.0,0.0,1.0,24.164542701467973
-0.0023280078004428544,0.0033707424672363862,0.205,291.59580408389394,0.0,0.0,0.8835304200445251,-0.5795335308954391,0.0,0.0,1.0,23.364715570854937
-0.0003294807359786985,-0.0011768419941747814,0.205,291.99542596679316,0.0,0.0,0.9883017294259842,0.08010397360101551,0.0,0.0,1.0,20.321110307302884
-0.0025058156491142673,0.0031665355716365895,0.205,291.6886157580088,0.0,0.0,0.8866675629693211,1.0085326508749888,0.0,0.0,1.0,23.69830656060833
-0.0033684789400801893,0.0035860335333041176,0.205,291.5352255405842,0.0,0.0,0.8350492020494371,-1.5362889889386528,0.0,0.0,1.0,25.026312905142024
-0.002215305455851497,0.0023459619433102213,0.205,291.7492570737143,0.0,0.0,0.9259977263821089,1.695646295702228,0.0,0.0,1.0,20.99879730284891
-0.00086311248150955,-0.002357071582954574,0.205,291.9943543254227,0.0,0.0,0.9540754125737505,0.45496031209104215,0.0,0.0,1.0,20.505387505672555
-0.005787052244683341,0.002054476663086598,0.205,291.5053704845997,0.0,0.0,0.7486576694581382,0.4515065786646505,0.0,0.0,1.0,26.01776678100609
-0.0032334545072556426,0.005446639542002915,0.205,291.4448325054336,0.0,0.0,0.7334203765663796,0.30072697966510725,0.0,0.0,1.0,24.648528797815036
0.00043263728958223264,-0.0027507902204683093,0.205,291.86161362910866,0.0,0.0,0.9440663289753566,0.07082522152717646,0.0,0.0,1.0,21.283788002088134
-0.0005998893128808918,0.0037200052974549606,0.205,291.71585552259955,0.0,0.0,0.9006318106397813,-0.25137119540216774,0.0,0.0,1.0,23.764317076614876
-0.0010826881004376454,-0.0035046228489585855,0.205,291.8298159775523,0.0,0.0,0.9055830979072006,-2.1205697322547254,0.0,0.0,1.0,23.564264552359777
-0.0033009596407885407,0.0033009191436442343,0.205,291.68422067189147,0.0,0.0,0.8507162639465395,0.28695066647768075,0.0,0.0,1.0,22.33812744571661
0.0017029404979567939,0.005646350865576351,0.205,291.65244727885306,0.0,0.0,0.7672439443383694,-1.7756841602619755,0.0,0.0,1.0,23.953897430974514
0.0033461109896614437,-0.002780768273840646,0.205,291.66483653087164,0.0,0.0,0.8694139469579374,-2.6503061557625736,0.0,0.0,1.0,23.8086570078976
-0.0032192535326017223,-0.005207906842225098,0.205,291.579140635649,0.0,0.0,0.7500822768330525,-2.8483607512861924,0.0,0.0,1.0,26.437767891067306
0.0018499867098463224,0.005096309328350746,0.205,291.621313513829,0.0,0.0,0.8016282096601102,1.0142407065730739,0.0,0.0,1.0,23.425153478144384
0.0023082935844235004,0.001696129795915704,0.205,291.8312383386601,0.0,0.0,0.9409797412571145,0.8514353340302885,0.0,0.0,1.0,19.945392038149013
-0.005603756941300668,-0.0002520125641450395,0.205,291.5290191161422,0.0,0.0,0.7883750351221133,-2.401358168060352,0.0,0.0,1.0,25.565962965027314
-0.00208972898862003,-0.0013226133304174268,0.205,291.9693748291121,0.0,0.0,0.9553537290482579,0.12591652543121346,0.0,0.0,1.0,21.71258522751586
0.003964839180467744,-0.003699848649511407,0.205,291.44208986640047,0.0,0.0,0.8015383901623786,1.4758790892138798,0.0,0.0,1.0,24.960756955177974
-0.00013029875214412215,0.003951904767810103,0.205,291.7176756518903,0.0,0.0,0.8911061839145409,-1.306258871461996,0.0,0.0,1.0,23.377539063411678
0.001722468599693774,-0.004795487116492847,0.205,291.5963526456253,0.0,0.0,0.8236931302972628,-0.8296375046151928,0.0,0.0,1.0,25.886122340815472
-0.0011190574902897386,-0.0013593181398143309,0.205,291.95149469256626,0.0,0.0,0.9765889450795253,0.843381513191438,0.0,0.0,1.0,20.819470452465172
-0.0011524433535533712,0.0062795467625661955,0.205,291.3734054655687,0.0,0.0,0.7293839477477814,-0.9643991380843,0.0,0.0,1.0,25.736081872101952
-0.001056983738673464,0.0007414962318859345,0.205,291.86003029568104,0.0,0.0,0.9870141848455891,-0.5897025593006737,0.0,0.0,1.0,20.4460646513508
-0.005704872710785883,-0.0016216964196252939,0.205,291.49033226718524,0.0,0.0,0.7647386472703671,-0.656128478519418,0.0,0.0,1.0,25.192704363864436
0.0013174742576963715,0.0055300252818983224,0.205,291.63547660381823,0.0,0.0,0.7829393527598766,0.684439749808997,0.0,0.0,1.0,22.944989833600758
0.0021855285678398354,0.0027106790981924586,0.205,291.858920854683,0.0,0.0,0.9144742190707058,-3.457781477601518,0.0,0.0,1.0,21.70494483430553
-0.003472090625781519,-0.0028283972084568285,0.205,291.70678150804184,0.0,0.0,0.8620444401299651,-0.8745761146246142,0.0,0.0,1.0,24.16549016081141
0.0020656609511881647,-0.003157933139863691,0.205,291.73311829282,0.0,0.0,0.9003579701191691,-1.6766980100621562,0.0,0.0,1.0,21.794109921617927
-0.0039068758409639154,-0.0011378249114894384,0.205,291.7727064645267,0.0,0.0,0.8850025473382797,-2.008661762870688,0.0,0.0,1.0,23.20387752574237
-0.0007430691777835813,0.0013834598637305563,0.205,291.8618621283411,0.0,0.0,0.9811619919892203,-0.6010891506520856,0.0,0.0,1.0,20.05500320068378
-0.004339451538414031,0.0022976785688294007,0.205,291.59775998815223,0.0,0.0,0.8356715147212896,1.4190072270318392,0.0,0.0,1.0,25.75028338423658
-0.0023905106360812096,-0.0012715603156773377,0.205,291.92287328904627,0.0,0.0,0.9469664618341029,0.02255462683735748,0.0,0.0,1.0,20.393373236018952
0.0008782017884301911,-0.003991514896498111,0.205,291.68023086149157,0.0,0.0,0.8840453896264513,-2.207302500962004,0.0,0.0,1.0,23.248360281187306
0.003560413517617549,0.0007165310222962205,0.205,291.84449795168547,0.0,0.0,0.9073481717584948,0.807898963267695,0.0,0.0,1.0,24.749872876068373
0.0001319392513356857,0.003025623682177601,0.205,291.87433941747065,0.0,0.0,0.9343923020865029,-1.3452767906742524,0.0,0.0,1.0,21.48051105641612
0.006449374011398761,0.0007886229458789749,0.205,291.5017704492132,0.0,0.0,0.7202118517208679,1.3739136164436565,0.0,0.0,1.0,24.816553704502937
0.004078174776583808,0.00228684051486867,0.205,291.7050034508056,0.0,0.0,0.850268908764506,-0.025816603578674022,0.0,0.0,1.0,24.589088708937346
0.0036965450992166105,0.004111758030783803,0.205,291.65947969585926,0.0,0.0,0.7940950375802638,0.5786079936803462,0.0,0.0,1.0,24.67330040393731
0.0045310211748733915,-0.0021728724789015627,0.205,291.6594147328603,0.0,0.0,0.8282898654436235,-1.3569540815828114,0.0,0.0,1.0,23.806031062232854
-0.0054030412556643585,-0.002774720458661437,0.205,291.5404546518945,0.0,0.0,0.7538456905961056,-0.34991782853244807,0.0,0.0,1.0,25.188699827081496
-0.0001752850159551822,-0.006205024151396498,0.205,291.4666913918691,0.0,0.0,0.7434545209870409,1.1972978400169765,0.0,0.0,1.0,26.409563557567747
-0.005883360183305352,-0.00015906271016338978,0.205,291.4506024476184,0.0,0.0,0.7681471451612423,0.7829343285547702,0.0,0.0,1.0,26.241501441251632
0.0015447615750905934,-0.0015372344800246656,0.205,291.86235853545026,0.0,0.0,0.964890263676179,-1.4974202112848767,0.0,0.0,1.0,20.30247203411835
-0.0031888410678457056,-0.0015868017169997077,0.205,291.7843604742845,0.0,0.0,0.9107101345809335,-0.020326959038358836,0.0,0.0,1.0,24.04392823006997
-0.0057326659427998595,0.0007542261005412215,0.205,291.4790946020111,0.0,0.0,0.7758282968187461,-0.07716564353640364,0.0,0.0,1.0,26.462737123030934
0.0015144786108753697,0.002391777652993185,0.205,291.880000099223,0.0,0.0,0.9422845376203466,0.6546712791923237,0.0,0.0,1.0,22.72930854487161
0.003480030526105522,0.0021944126027189353,0.205,291.75791246635896,0.0,0.0,0.8825776643084103,-1.8317778297908882,0.0,0.0,1.0,22.538480412864715
0.00276201453679474,0.00473845169939407,0.205,291.6506698581672,0.0,0.0,0.7972274285767378,-0.23904412506668968,0.0,0.0,1.0,25.520234128929108
0.00034480888062552156,-0.0028726667806811238,0.205,291.8289275571333,0.0,0.0,0.9398457340399341,-0.23198065339061902,0.0,0.0,1.0,22.534345457144234
0.005040643734855968,-0.0018027020270504545,0.205,291.5525066007037,0.0,0.0,0.8063561528217927,-2.0662196305460494,0.0,0.0,1.0,26.680509528775076
-0.004915507503632084,0.002601372331292521,0.205,291.5012015612746,0.0,0.0,0.7918027761686149,-1.6360594570134739,0.0,0.0,1.0,23.71908520675779
-0.004480475163679439,-0.002244928773819334,0.205,291.6456132066527,0.0,0.0,0.8291760693315581,1.0524267453968816,0.0,0.0,1.0,24.35868247722068
0.0005611753741655033,-0.003829970026387736,0.205,291.68507907829434,0.0,0.0,0.8954178198466918,1.3606507340649343,0.0,0.0,1.0,23.01120551849662
0.0048022239543079725,-0.0037039661637386988,0.205,291.4553559776029,0.0,0.0,0.7545506582729151,-0.0002593676073189486,0.0,0.0,1.0,24.123786717757117
-0.0004876131560369659,0.0026549806765888634,0.205,291.82731318387124,0.0,0.0,0.9472738118520535,-1.3413232830170931,0.0,0.0,1.0,20.058846199208745
0.0033846513039184766,-0.0003404920590082036,0.205,291.79031032719223,0.0,0.0,0.9181811254220408,-2.3972489231202188,0.0,0.0,1.0,22.892696296971202
-0.0020258980256050198,-0.0030365420632649945,0.205,291.89127660950766,0.0,0.0,0.9064482573199872,0.556108570847968,0.0,0.0,1.0,21.844092276279767
0.006190838099316243,0.0004091171260683981,0.205,291.48214526896373,0.0,0.0,0.7437024408891894,-0.8265105100004809,0.0,0.0,1.0,25.61504885818732
0.004215270299674666,0.003912425983626476,0.205,291.5669244270012,0.0,0.0,0.7781012996892573,0.31018643283518904,0.0,0.0,1.0,24.935382786880567
0.002424398522739269,-0.004921564537520405,0.205,291.4938473159353,0.0,0.0,0.7971130800859171,-0.9790519331503116,0.0,0.0,1.0,25.881408306213697
0.0005648855050781318,0.005600677932761417,0.205,291.5407242041858,0.0,0.0,0.7869626892441559,0.9020153525951132,0.0,0.0,1.0,22.74109529704228
0.002400039418292375,0.0028523310737987102,0.205,291.79874681083953,0.0,0.0,0.9026429451774206,0.8167214111055391,0.0,0.0,1.0,23.023168638778444
-0.005235005781144591,0.003082279616375338,0.205,291.47054261124447,0.0,0.0,0.7537581874872087,-0.2553076883303422,0.0,0.0,1.0,25.37963094681167
-0.003998218734409466,0.0023998744255371695,0.205,291.62418555167307,0.0,0.0,0.8510237812648054,1.8071787275937736,0.0,0.0,1.0,21.9817018669325
-0.0031118861982835457,-0.0033879437934618136,0.205,291.6905962299168,0.0,0.0,0.8548217670587246,1.672024242180563,0.0,0.0,1.0,24.02780058168422
-0.0032589619102502275,0.000722513255057776,0.205,291.77354320306466,0.0,0.0,0.9210650342172415,0.09979979192702389,0.0,0.0,1.0,20.467758306734826
0.0026356551529126376,-0.0003449763773157974,0.205,291.83732959764217,0.0,0.0,0.9487941810457068,1.1580136655363624,0.0,0.0,1.0,21.691252605605918
0.0008691091171612113,0.006073973647448877,0.205,291.48998781267085,0.0,0.0,0.7490524159244766,-1.8241852588620773,0.0,0.0,1.0,25.99385463104748
-0.00619384933232372,-0.0012062565364233358,0.205,291.5197314049282,0.0,0.0,0.7353288126143829,1.7557388634420814,0.0,0.0,1.0,26.7049392508424
-0.0010286867601389516,-0.0042294292731135455,0.205,291.74636114045217,0.0,0.0,0.869301634785023,0.995385213061162,0.0,0.0,1.0,22.51030031210047
-0.0028179221546174695,0.000365055876332673,0.205,291.8548179199583,0.0,0.0,0.9418761382882586,0.4208293123324164,0.0,0.0,1.0,22.25983804011152
-0.00045044584504884937,-0.003917920526992639,0.205,291.7628603114933,0.0,0.0,0.89164569043622,-0.7810358700006839,0.0,0.0,1.0,21.91690234618232
0.001076031103513609,0.0002903702087104537,0.205,292.0635177396613,0.0,0.0,0.9901804726534391,-0.3579826912413698,0.0,0.0,1.0,17.366278392347322
0.00592110294732968,0.0023358355973922677,0.205,291.57244759758527,0.0,0.0,0.7309309823848007,-1.4180671134377205,0.0,0.0,1.0,25.057523140051394
0.001972169305690775,-0.002485691389066451,0.205,291.77647851622817,0.0,0.0,0.9283158154229204,0.320570640634457,0.0,0.0,1.0,22.21446710064296
-0.0030976454736843565,0.005460337882661821,0.205,291.47555674102864,0.0,0.0,0.7379066110247858,-0.817685332194765,0.0,0.0,1.0,26.275602813643108
0.0034119638597008626,0.002323374718766409,0.205,291.80308120254807,0.0,0.0,0.8818297126073289,-1.8131325896840012,0.0,0.0,1.0,23.430304209387636
0.0016568547271220216,0.004345610662872536,0.205,291.72326935914276,0.0,0.0,0.8517765892232197,-0.5262755671140978,0.0,0.0,1.0,25.231163803858728
-0.0004050128699715888,0.0028039287729485877,0.205,291.7953607605365,0.0,0.0,0.9422037682488057,-0.08872800230908957,0.0,0.0,1.0,19.82274128320133
-0.0015327176163622616,-0.001132746259322821,0.205,291.9685442195012,0.0,0.0,0.9727855523209654,-0.7667748072235885,0.0,0.0,1.0,18.819830039014235
0.004475500136158644,-0.001973510586330589,0.205,291.66702298025876,0.0,0.0,0.8368716893838481,1.7732426286211755,0.0,0.0,1.0,23.524938833343032
0.003498415878621497,0.0006365241461967465,0.205,291.8060172607903,0.0,0.0,0.9109947923789745,-0.008884141566819046,0.0,0.0,1.0,23.057739926980513
-0.0012156870854687929,-0.005812887106483438,0.205,291.5802459302278,0.0,0.0,0.7641536286873906,-0.744524766367048,0.0,0.0,1.0,25.065619134211715
-0.001066023234713648,-0.0010305485035490532,0.205,292.00978788127134,0.0,0.0,0.9831099574548651,-0.31031033343837683,0.0,0.0,1.0,19.757119925758648
-0.00020393278774676638,0.0028889521894636372,0.205,291.81232384673376,0.0,0.0,0.9397329243112721,1.2223122179614556,0.0,0.0,1.0,21.578827750912772
0.0005252840201017941,-0.005529262990225873,0.205,291.5852747997216,0.0,0.0,0.7923187400515866,-2.1183816460276166,0.0,0.0,1.0,26.52456343237021
-0.0024052219974729323,-0.0009636461186604937,0.205,291.9021607768645,0.0,0.0,0.9512205499292528,-0.909206723843859,0.0,0.0,1.0,20.27293937634429
-8.85822222535767e-05,-0.0023013674040278055,0.205,291.86763112337763,0.0,0.0,0.9610051921028804,-1.856494371652636,0.0,0.0,1.0,22.337130200257292
0.0002458269714121119,-0.005514738870285687,0.205,291.5746564907859,0.0,0.0,0.7947235785790754,-1.5768277977015088,0.0,0.0,1.0,24.376273392851754
-0.004381664293135637,0.0002727698624472735,0.205,291.6690203193994,0.0,0.0,0.86715880957842,1.9419041618182922,0.0,0.0,1.0,24.260352334579682
0.0015066022316958772,0.005852118376427997,0.205,291.5177159293644,0.0,0.0,0.7562219662130429,-0.838465276872832,0.0,0.0,1.0,24.531673764401894
-0.0018207216091804333,0.0005284514440220471,0.205,291.84603704533953,0.0,0.0,0.9730564451111327,1.4049072485904464,0.0,0.0,1.0,20.41265075544251
-0.0059493503015066,-0.002435755747740446,0.205,291.4103657439709,0.0,0.0,0.7258100203508078,-0.3531352354240997,0.0,0.0,1.0,26.253409021164188
-0.0004907862936971891,-0.00275832468198437,0.205,291.9041581477252,0.0,0.0,0.9434141090531801,-0.08045784810963909,0.0,0.0,1.0,21.780122441960476
0.0035085773274623074,-0.003446781315549294,0.205,291.63393527855453,0.0,0.0,0.8351519444107779,-0.05325653879119376,0.0,0.0,1.0,23.561884676582533
0.0001837439898391475,-0.0012102773533289842,0.205,291.97467530518065,0.0,0.0,0.988264389581408,0.09307686891563773,0.0,0.0,1.0,19.976697969738908
0.0034181467227657712,0.0033406488349724817,0.205,291.7161466961424,0.0,0.0,0.8438830396379142,-0.3687245430780795,0.0,0.0,1.0,24.179990829526723
0.004249314425229069,0.0031603056732924565,0.205,291.5993649063937,0.0,0.0,0.8102972482424505,-2.781700784872038,0.0,0.0,1.0,23.53103894340402
-0.00165983867249436,-0.003699019515634222,0.205,291.74457934959696,0.0,0.0,0.885797816629074,-1.5014866180620867,0.0,0.0,1.0,23.94786759800961
-0.002252195982691541,0.003264224352547611,0.205,291.6967702247258,0.0,0.0,0.8904908002062284,0.5353104572357197,0.0,0.0,1.0,24.38506674458847
0.004956406019287496,0.002196528747077618,0.205,291.6807900344268,0.0,0.0,0.801654626264985,0.8123450425225343,0.0,0.0,1.0,25.874073968591507
0.0010302102613218126,-0.005894737268513782,0.205,291.41354282822493,0.0,0.0,0.7607134763900064,-3.2681781643788046,0.0,0.0,1.0,26.30977717668352
-0.003557204394032611,0.0006218595423231419,0.205,291.7256474826971,0.0,0.0,0.9083464242225451,0.337658425581995,0.0,0.0,1.0,22.048136386271935
-0.006015957111569883,-0.00030954033718524253,0.205,291.4673423718185,0.0,0.0,0.7576782048755337,-2.0344019707476253,0.0,0.0,1.0,25.17162017160828
-0.005977249692142775,-0.002256247167865728,0.205,291.52490334992615,0.0,0.0,0.7290223585338306,0.04189610541189918,0.0,0.0,1.0,25.76862489727916
0.0022519712930912164,0.005217229469147709,0.205,291.5702768818284,0.0,0.0,0.7831056396160002,-0.5652734729487494,0.0,0.0,1.0,24.923176602745748
-0.0033404743670231198,0.0015655114362232191,0.205,291.7294267717036,0.0,0.0,0.9045500738413572,-0.1527566577088964,0.0,0.0,1.0,21.28900759888574
0.0027640044839073855,0.004440383274344522,0.205,291.64597740060185,0.0,0.0,0.8147178658918552,1.5881508806021924,0.0,0.0,1.0,24.423096672137813
0.005616737641358997,0.00033230590307559615,0.205,291.5554055609427,0.0,0.0,0.7871448528610591,1.1797132858788764,0.0,0.0,1.0,24.60685543910041
0.0030760153210227267,0.0003025611621807237,0.205,291.7685333922775,0.0,0.0,0.9318017389191497,0.3254850838458951,0.0,0.0,1.0,21.716642544695265
-0.0018472664110643397,0.0008134416638563493,0.205,291.90453203341065,0.0,0.0,0.9696505529515553,2.0817813996294277,0.0,0.0,1.0,21.633710415701213
-0.0010347627606217995,0.0014328150671345926,0.205,291.86874853647674,0.0,0.0,0.97641925188847,-0.14973758045505633,0.0,0.0,1.0,19.97458644584664
0.0011027169794508595,-0.003778909449210668,0.205,291.7240915021636,0.0,0.0,0.8920220582528814,-0.5558401140013154,0.0,0.0,1.0,21.91729256001234
0.001220394171259936,0.0061722345070181804,0.205,291.4268626332545,0.0,0.0,0.736800213175496,-0.33371774417536054,0.0,0.0,1.0,27.16423514374756
-0.004631549125543828,0.00048767309254262096,0.205,291.70854547749315,0.0,0.0,0.8513887858846554,-0.8659629103247298,0.0,0.0,1.0,22.848169883121653
0.00045223666882061885,0.002615007943853691,0.205,291.8855973500632,0.0,0.0,0.9489518701318305,-1.971200456559719,0.0,0.0,1.0,20.66319550585479
-0.0034194908522356343,-0.001334704095819064,0.205,291.79564940241744,0.0,0.0,0.9054513853931004,-0.07551313893497406,0.0,0.0,1.0,22.243886063764393
-0.006208892335219919,0.0005594049945333221,0.205,291.5319480732071,0.0,0.0,0.7413663009453806,-1.4885609024415853,0.0,0.0,1.0,24.81491606749837
0.0019561164883308358,-0.002778016306281657,0.205,291.8177422474576,0.0,0.0,0.918369434720866,0.9932040742781135,0.0,0.0,1.0,23.12661876896826
0.005079995862488101,-0.0009129341561833142,0.205,291.5180263418227,0.0,0.0,0.819333691822363,0.7409250075960112,0.0,0.0,1.0,23.30789500502678
-0.0007669324268438836,-0.005684121019084774,0.205,291.55508655395806,0.0,0.0,0.779236960462315,0.8284392949971727,0.0,0.0,1.0,23.710866759873536
0.004375401563977966,0.0019295886132634972,0.205,291.7643915852903,0.0,0.0,0.8437285923594345,1.0627797481673447,0.0,0.0,1.0,23.376866856805645
-0.0019207814063423331,-0.005331469563654878,0.205,291.5856707531975,0.0,0.0,0.7842345331532642,-1.2419394504903856,0.0,0.0,1.0,25.132398622346518
0.005390225663811824,-0.0029036542297154544,0.205,291.4132649283312,0.0,0.0,0.7500832040256806,1.7237697208796872,0.0,0.0,1.0,25.647807540434677
-0.0023937703039117503,-0.0034616760630431123,0.205,291.83387302658133,0.0,0.0,0.8773950428721676,-0.3068877344637357,0.0,0.0,1.0,22.508044173840208
-0.0001239671432736723,0.003039966300874727,0.205,291.7683271053778,0.0,0.0,0.9338151118105384,-0.6614225098323248,0.0,0.0,1.0,21.966164931458792
-0.004358557376323799,0.001372542763373506,0.205,291.7047075427524,0.0,0.0,0.8566544127010662,-0.008254597371113177,0.0,0.0,1.0,23.51049035123243
0.0017108099442698567,0.005245650718981785,0.205,291.58987457986643,0.0,0.0,0.7949095133498651,0.3332753665834279,0.0,0.0,1.0,25.078579368579927
0.00012969388932870693,0.002670782340603443,0.205,291.8656536254871,0.0,0.0,0.9482145738212926,0.2506522330914667,0.0,0.0,1.0,19.02368653178432
0.0034340756813753524,0.00028261847343368093,0.205,291.7554428658684,0.0,0.0,0.916160944804976,-1.1105088439972934,0.0,0.0,1.0,21.47470007545545
0.0007756424952719115,-0.000488492594137863,0.205,291.97647129685436,0.0,0.0,0.9932265655921061,-0.6844471934608118,0.0,0.0,1.0,19.320695212310653
0.0023621403788694354,0.0020453863308307315,0.205,291.8206767429625,0.0,0.0,0.930379044284013,0.2970360843653272,0.0,0.0,1.0,21.051021569406807
-0.005287733480641759,-0.00019758540811132456,0.205,291.6082683387243,0.0,0.0,0.8105866937539576,-1.676260963373666,0.0,0.0,1.0,23.49058692198336
0.0016774202546565003,0.005029936248423186,0.205,291.66178728121605,0.0,0.0,0.8098487767214407,-0.27385933832825315,0.0,0.0,1.0,23.07890588358099
0.005263761925366158,-0.0005516874133926074,0.205,291.60657250074,0.0,0.0,0.8105071110011222,-0.26397757659781634,0.0,0.0,1.0,24.540593139677643
0.003054857839018991,0.0021470029789846944,0.205,291.77869670162033,0.0,0.0,0.9023381572108577,0.704030760033473,0.0,0.0,1.0,21.69106067282959
0.003166303267197467,0.0034202831206975822,0.205,291.77232459332197,0.0,0.0,0.851162657609789,-0.7579394551475053,0.0,0.0,1.0,22.786423079055634
-0.004558674230187025,0.004380442917327795,0.205,291.45755888409803,0.0,0.0,0.7343756185505704,-1.1440490219494641,0.0,0.0,1.0,25.46497093281322
-0.005218801336189507,-0.0030329498660442568,0.205,291.63858381317516,0.0,0.0,0.7567449988472251,-1.6191265028100146,0.0,0.0,1.0,23.08344811892597
-0.0045366239430883835,0.0042184799252950635,0.205,291.4755416264637,0.0,0.0,0.7444445963313184,-1.449735617497013,0.0,0.0,1.0,25.347081324187684
0.004058735434522083,0.0008479867766900132,0.205,291.76390803576885,0.0,0.0,0.8808229330391444,-1.7592831721068845,0.0,0.0,1.0,24.33979022451234
-0.001805551566250306,-0.00037059235914446183,0.205,291.9205926255659,0.0,0.0,0.9744608431096322,-1.7712470087269292,0.0,0.0,1.0,21.019143177222542
-0.0005098452119351376,0.0013748939407063744,0.205,291.85579179151404,0.0,0.0,0.983461654792275,-0.208260906324141,0.0,0.0,1.0,20.801242618036753
0.0036320294439561576,0.0031310932317003526,0.205,291.7211177787586,0.0,0.0,0.8428981629371701,-1.8918888359826567,0.0,0.0,1.0,21.496561465465934
0.003196960677365758,-0.004714339696997219,0.205,291.4505885709077,0.0,0.0,0.7821186196789491,1.5682827421778145,0.0,0.0,1.0,24.197452860405104
0.00522334123992293,-0.002758118099872404,0.205,291.41222614889136,0.0,0.0,0.7665496144227135,1.0408042284784322,0.0,0.0,1.0,25.020834170746127
-0.0021575688683880307,-0.0037311646528958224,0.205,291.76711327013294,0.0,0.0,0.8717248180147915,-1.1090375313680592,0.0,0.0,1.0,23.226749433731733
0.0018588709110295718,0.001881660306342368,0.205,291.91443749710413,0.0,0.0,0.9492737554586769,-0.16868720734653816,0.0,0.0,1.0,21.06250931384954
9.868381490919201e-05,-0.005479528281564692,0.205,291.568520428643,0.0,0.0,0.7975263658343665,-1.316313281717776,0.0,0.0,1.0,24.324162840820822
-0.0010759850388526435,0.005342085754760209,0.205,291.60566920956455,0.0,0.0,0.7997002133179382,-1.46203557633448,0.0,0.0,1.0,25.26930724766286
0.0015901148665172758,0.0020641927984821422,0.205,291.90920022336627,0.0,0.0,0.9506985288282285,-2.488556069641872,0.0,0.0,1.0,20.843559951806125
-0.004902532966881324,-1.868111881445035e-05,0.205,291.6405011073887,0.0,0.0,0.8361570957746964,0.3660974450930924,0.0,0.0,1.0,24.947552441774047
-0.0021576371704204946,0.00031427021017755484,0.205,291.84906261000907,0.0,0.0,0.9648566548123325,-0.22009420907193789,0.0,0.0,1.0,20.955137049337768
-0.002275782767142967,0.002886387822854185,0.205,291.7288253421656,0.0,0.0,0.9052109614050816,-0.2031243927214069,0.0,0.0,1.0,21.567968212457984
-0.00035997008272079786,0.001697795119170754,0.205,291.8910388188184,0.0,0.0,0.9772203654506881,-0.4668827440019075,0.0,0.0,1.0,19.691486221363466
-0.001115514581962184,0.0009439377969108307,0.205,291.87372581907107,0.0,0.0,0.9835704276826696,-1.1051345571203735,0.0,0.0,1.0,20.575729409209984
-0.0015989855491575127,0.0016562368101471457,0.205,291.8334625862501,0.0,0.0,0.9610349703229163,1.3396134456396303,0.0,0.0,1.0,21.12184097617997
-1.4197120936692757e-05,-0.002165882697065226,0.205,291.91558707507,0.0,0.0,0.9652986196179426,-0.8013678433104934,0.0,0.0,1.0,20.578085048880393
-0.002444154979061149,0.005852494868373683,0.205,291.4737553025579,0.0,0.0,0.7327609293913805,-0.25109326388899755,0.0,0.0,1.0,24.97951536361306
0.0059191400369079696,0.0005517897879944166,0.205,291.57708606442844,0.0,0.0,0.7636890012343733,0.11806206002178354,0.0,0.0,1.0,24.26557636788634
0.0006895215319029989,0.005705126463289091,0.205,291.61728895097735,0.0,0.0,0.778430644218085,-2.732236152147958,0.0,0.0,1.0,24.97016231144483
-0.0018194592704139226,0.004042385394390045,0.205,291.6755668769954,0.0,0.0,0.8646854115280829,-0.5823350125554925,0.0,0.0,1.0,24.232133719493746
0.0034658790413541565,-0.001523598418923884,0.205,291.75308479053194,0.0,0.0,0.8997320407634903,0.1312842031346985,0.0,0.0,1.0,23.24778982794605
0.001889380069026158,-0.004983670330214067,0.205,291.5694879150886,0.0,0.0,0.8079683597557,1.9279962404265623,0.0,0.0,1.0,24.411423211917135
0.005081363086994787,-0.0007093691056813026,0.205,291.6187398312086,0.0,0.0,0.8213724649478947,-1.7484050528932475,0.0,0.0,1.0,24.108958565974703
0.002423096232842606,-0.003208794612966383,0.205,291.631495994289,0.0,0.0,0.8875809348740757,-0.12865726483034354,0.0,0.0,1.0,25.266074042740527
0.0005157054633934346,0.0035757361255084994,0.205,291.76233175386494,0.0,0.0,0.908270117256838,1.6977592228196239,0.0,0.0,1.0,22.572366665238672
0.005119782062933677,0.0005562858834019355,0.205,291.6556848704136,0.0,0.0,0.8200952060607345,-1.0697416098894608,0.0,0.0,1.0,24.121424112575564
-7.215088995307841e-05,0.00200149736945697,0.205,291.9602586062878,0.0,0.0,0.9700957445185387,-0.7974823964301777,0.0,0.0,1.0,21.181465415338977
0.0008013518143945539,0.0030162022391077748,0.205,291.8029845202059,0.0,0.0,0.9305394141703138,-0.7965317169813277,0.0,0.0,1.0,22.177535329090176
-0.005130532104718378,-0.0009259487896363423,0.205,291.6325186424167,0.0,0.0,0.8158567942446184,-1.023935671823411,0.0,0.0,1.0,26.226530252162373
-0.003976145658070702,0.0011953157720750876,0.205,291.65307475986026,0.0,0.0,0.8805193736942478,0.7937633662781308,0.0,0.0,1.0,23.693174436830272
-0.006031512177974961,-4.987737246939093e-05,0.205,291.5839477808796,0.0,0.0,0.7570814591439463,2.339697848387205,0.0,0.0,1.0,24.46326251353107
0.001069605118706021,0.003933631319565343,0.205,291.79775861121124,0.0,0.0,0.8846120874565151,0.2679238852978174,0.0,0.0,1.0,23.45741299143168
0.0012408305270366037,0.0002496500031129615,0.205,291.9870798923376,0.0,0.0,0.9874960188326659,0.8158278560442039,0.0,0.0,1.0,18.610321235419875
0.005211205523018234,-0.0028011360798915843,0.205,291.5368827431463,0.0,0.0,0.7658344683534497,-0.5447585740283302,0.0,0.0,1.0,24.188816805861883
-0.003514952656237735,-0.004208833220975892,0.205,291.63762481226314,0.0,0.0,0.7973073447454818,0.14470548257529278,0.0,0.0,1.0,24.189171075931704
0.0021404081989325374,-0.0024787465957709126,0.205,291.74792885412586,0.0,0.0,0.923876183732796,-0.0069291790953857285,0.0,0.0,1.0,21.01757896919939
0.003846412780211676,0.0019331183552322793,0.205,291.75102640683934,0.0,0.0,0.8720190820859424,0.19996037224825516,0.0,0.0,1.0,23.46711703158088
-0.001857262159072977,-0.00212064779147388,0.205,291.96575900850826,0.0,0.0,0.9427476430688859,1.746981799413807,0.0,0.0,1.0,21.237397877686377
-0.0046658901576704485,-0.0022499171877166666,0.205,291.66493191168416,0.0,0.0,0.8180914261166894,0.34240810028492147,0.0,0.0,1.0,23.37603485233293
-0.003178213401728188,0.003860837224368867,0.205,291.5171484537452,0.0,0.0,0.8298692203547011,-0.7507641672588131,0.0,0.0,1.0,23.94906087520356
-0.0031654085123683303,-0.004655975659121232,0.205,291.56678982287053,0.0,0.0,0.7868909537120675,1.6079906908973116,0.0,0.0,1.0,24.063970640119457
-0.0014563577099028775,-0.0042550304431047065,0.205,291.8373581615944,0.0,0.0,0.8609271041661751,1.3645283323727806,0.0,0.0,1.0,22.82378437482748
8.075404205958125e-05,0.0009465421141933257,0.205,292.0048644870702,0.0,0.0,0.9927509570100146,1.0519672431823974,0.0,0.0,1.0,20.55773801031896
-0.0050064691625161285,0.0006943866267279552,0.205,291.5817847294018,0.0,0.0,0.8263822784674753,0.965605185059566,0.0,0.0,1.0,24.65742773217106
-0.0059776336694046545,-0.0009052472311270891,0.205,291.4008826692528,0.0,0.0,0.756003573955515,2.4006965511720364,0.0,0.0,1.0,25.383102608542636
0.0024864856043651604,0.003905900362888789,0.205,291.69540744622776,0.0,0.0,0.8530192129889398,0.360469848581218,0.0,0.0,1.0,24.331381383804857
-0.004770335050743071,0.0001503699920201213,0.205,291.6792560178249,0.0,0.0,0.8443047797899514,-0.10862330224803318,0.0,0.0,1.0,25.29881391843644
-0.0036667070686756077,-0.004440575787867897,0.205,291.5863115449177,0.0,0.0,0.7775412856738787,0.30729942930738674,0.0,0.0,1.0,25.17045886294319
0.005739760197265534,-0.0003257687962425504,0.205,291.5784495827053,0.0,0.0,0.7782581413342735,0.31605875577089554,0.0,0.0,1.0,24.680943514531553
-0.005180202749153758,-0.0008748215624595176,0.205,291.605936344133,0.0,0.0,0.8131541352202596,-0.4103609032608204,0.0,0.0,1.0,24.136813390644605
0.005467079142228365,-0.0018105956432984253,0.205,291.54283810426494,0.0,0.0,0.7775173448627118,-0.6130757425855237,0.0,0.0,1.0,24.444797301340476
0.0022222762983408247,0.004961242513175227,0.205,291.62406735173005,0.0,0.0,0.8006178293086685,1.4443095399649275,0.0,0.0,1.0,22.441945546274727
-0.00403042982203414,0.004572081620616167,0.205,291.43080087067113,0.0,0.0,0.7522209440294001,-1.9041736296351892,0.0,0.0,1.0,25.81982553616429
0.0027275205331294297,0.0005217899146978995,0.205,291.82760861829496,0.0,0.0,0.9443568525584073,0.9215290376681593,0.0,0.0,1.0,22.204869274615405
-0.0010348470785832627,0.0042307606480062486,0.205,291.6096102279811,0.0,0.0,0.8691445161063167,-1.4283425524630722,0.0,0.0,1.0,23.94152912493608
0.00039094577102300924,0.003376925372826376,0.205,291.78658785135144,0.0,0.0,0.9182841390855901,0.4323857350339619,0.0,0.0,1.0,21.963831753107467
0.0005834038679999266,-0.00012953470350229317,0.205,291.951744256591,0.0,0.0,0.9969951802217563,-0.5869020781070055,0.0,0.0,1.0,19.089685013302837
-0.0015137817340895754,-0.0027008889128386604,0.205,291.8274175122502,0.0,0.0,0.9315784874272822,-0.10818372136852093,0.0,0.0,1.0,22.105129421103566
0.006007568561371818,-0.0008121526545175404,0.205,291.49501696669336,0.0,0.0,0.754742425808858,1.5239431514213002,0.0,0.0,1.0,25.942349006680008
0.003596998516402102,0.0031188823191242846,0.205,291.6970914367217,0.0,0.0,0.8450378572563737,0.32735685901841155,0.0,0.0,1.0,23.16175870572046
-0.004389425388560271,0.003259052046351808,0.205,291.5296130360889,0.0,0.0,0.7984646522152336,-0.6373175565335375,0.0,0.0,1.0,23.730952955448156
0.0008660739466430163,0.0034844329656188336,0.205,291.83553661304427,0.0,0.0,0.9093419521820864,0.6246225420827008,0.0,0.0,1.0,21.632075865170762
-0.0004425359935414977,0.005896715817995375,0.205,291.49781035042906,0.0,0.0,0.7660628278012134,-2.2750870586244756,0.0,0.0,1.0,25.315425112408086
-0.0009597467045308968,-0.0015683402964002996,0.205,291.9368773423929,0.0,0.0,0.9745790502401558,1.1815821165497076,0.0,0.0,1.0,20.42656377614052
0.0005590160646594126,0.0044975421183910905,0.205,291.7207258773972,0.0,0.0,0.8588760298879012,0.23922912727603501,0.0,0.0,1.0,23.0229920356021
0.005892472523627043,0.0012231236153468555,0.205,291.561925161281,0.0,0.0,0.7581241499970208,-1.4772431832759647,0.0,0.0,1.0,25.154216963325037
-0.0020608683933835796,0.002420917238909645,0.205,291.782092556801,0.0,0.0,0.9280459252220982,-0.5953893443312895,0.0,0.0,1.0,21.118054715294797
-0.003814655373645961,-0.004185587427039184,0.205,291.7137348558464,0.0,0.0,0.7845104786895636,-0.9912451342932729,0.0,0.0,1.0,24.90756703194707
0.00014340631979255645,-0.0015025373497119037,0.205,291.95108837615925,0.0,0.0,0.9825284278543831,-0.3289458475108307,0.0,0.0,1.0,20.0636160364127
-0.005172115762922915,-0.0015370820035302756,0.205,291.7588798705861,0.0,0.0,0.8034328364569749,-2.5449290759396033,0.0,0.0,1.0,24.625464859126794
0.0016599296900719244,-0.00028208368973682,0.205,291.88401270853865,0.0,0.0,0.9784950216659176,-0.8907561081804556,0.0,0.0,1.0,20.271959092909988
0.005646459122698862,-0.0021483351611432744,0.205,291.49216370255573,0.0,0.0,0.7563443365509629,-0.12538573196690267,0.0,0.0,1.0,23.28789666504043
0.004144225746613085,0.002675353825099555,0.205,291.66905800683764,0.0,0.0,0.8342346737100809,-2.358736096355252,0.0,0.0,1.0,23.682326128608146
-0.00022849383455588503,0.0007065019356140255,0.205,291.94646666917095,0.0,0.0,0.9954607722936191,-2.8933703969702185,0.0,0.0,1.0,18.624098976756787
-0.0037919752941607703,-0.0014767224486251778,0.205,291.7305808996251,0.0,0.0,0.8849929050482129,-0.003394879055938715,0.0,0.0,1.0,23.971466573842186
0.0010445927888108465,0.002266894559145046,0.205,291.8925216270447,0.0,0.0,0.954565546654954,0.7740175465735415,0.0,0.0,1.0,20.445668161256414
-0.002080452881152628,-0.0001820861122044012,0.205,291.93272385853254,0.0,0.0,0.9676204344261965,0.1851526454359483,0.0,0.0,1.0,19.84187569139895
-0.004008118387029243,-0.00012080841556411609,0.205,291.7368167933843,0.0,0.0,0.888163303636955,0.01695213519451855,0.0,0.0,1.0,22.110975656856073
-0.0035016776025426828,0.005149488280409376,0.205,291.366265527568,0.0,0.0,0.7418993077763687,1.874291512226423,0.0,0.0,1.0,26.364565256949714
-0.0013012841623308916,0.0059421051039625,0.205,291.4679881251438,0.0,0.0,0.7531483272303849,1.209308512592598,0.0,0.0,1.0,24.427234719372493
0.003379903784583972,-0.005433596979045912,0.205,291.41280118773903,0.0,0.0,0.7282053210660816,0.6934266847827858,0.0,0.0,1.0,25.9417856954387
0.006333499645369791,0.0008382126323561463,0.205,291.45081168387776,0.0,0.0,0.7290371603637034,0.6674439055854058,0.0,0.0,1.0,25.067304441484104
0.005443071148018771,-9.243890460496788e-05,0.205,291.65428545148444,0.0,0.0,0.8000850590694268,-1.9717673728709204,0.0,0.0,1.0,25.632831875991197
0.0017403923382599351,0.004582711018114375,0.205,291.6419902237723,0.0,0.0,0.8361892989857098,-1.4935077213494814,0.0,0.0,1.0,23.59635329049582
0.004716738830981033,-0.0038710666594329586,0.205,291.4596766483754,0.0,0.0,0.7516856202793653,-2.0814693254792065,0.0,0.0,1.0,26.035524642691787
0.0017863712295768275,0.004996505929195036,0.205,291.7044313649722,0.0,0.0,0.809577658831498,-1.0394857724610556,0.0,0.0,1.0,25.698355881021538
-0.00496490224291182,-0.003889066630799001,0.205,291.5096708084326,0.0,0.0,0.7356049604301138,-2.591394078143104,0.0,0.0,1.0,25.189688433980315
-0.002219541685035705,0.005463815318132269,0.205,291.53995660514363,0.0,0.0,0.7672543788300942,-0.783953956460078,0.0,0.0,1.0,26.00448135438254
0.005175569740969415,-0.003395550995447433,0.205,291.508341232155,0.0,0.0,0.7448257077991355,0.2563883226743166,0.0,0.0,1.0,25.610475909131473
0.004555199479904176,0.0033642677178332024,0.205,291.6144443649842,0.0,0.0,0.7845270633249766,-0.49986498563460036,0.0,0.0,1.0,23.99133583998541
0.004872406975947369,0.0003119040577503284,0.205,291.7122225499983,0.0,0.0,0.8374366495073006,1.717900130148841,0.0,0.0,1.0,23.986676765100665
-0.002568443540316103,-0.0022214704330608924,0.205,291.7956642544101,0.0,0.0,0.9184496020402523,-1.620282967199515,0.0,0.0,1.0,21.561944520151446
-0.0005893382236648374,0.0006592404417928118,0.205,291.8618736718979,0.0,0.0,0.9936740531130244,0.2125502856725822,0.0,0.0,1.0,20.935109636993534
-0.003322412877620162,-0.003118019466258819,0.205,291.82475540652945,0.0,0.0,0.8574398872764711,-1.029819871873048,0.0,0.0,1.0,23.727788200571332
0.004163494382844601,-0.004510501289701798,0.205,291.42567543755194,0.0,0.0,0.7488573809703636,-2.4247998123646393,0.0,0.0,1.0,25.10794377183939
-0.0002833589818479826,0.005371860502696771,0.205,291.5777938816664,0.0,0.0,0.8045633478142891,2.5528814899864987,0.0,0.0,1.0,23.308340056152147
0.0026813802827256477,-0.0004868146544645772,0.205,291.7994692392807,0.0,0.0,0.9463112033734968,0.4961099727763484,0.0,0.0,1.0,21.843219417390856
0.00014285723229171072,0.0019361867260439408,0.205,291.94258335843085,0.0,0.0,0.9718121236773275,0.6790399811725946,0.0,0.0,1.0,20.649286300095323
0.004306730311521448,-0.0010958951899135132,0.205,291.57571853674375,0.0,0.0,0.8640470377735985,2.368411859619391,0.0,0.0,1.0,25.0318387293913
0.0022859468035472193,-0.00038726465286715965,0.205,291.82220265602484,0.0,0.0,0.9605067726002305,2.436018129598771,0.0,0.0,1.0,21.749162007575052
-0.0004008938411401854,0.0031107014227658163,0.205,291.807923315347,0.0,0.0,0.9298787405325929,-1.447531167532851,0.0,0.0,1.0,21.120636619184246
-0.0021603570248137187,-0.0048302226594389396,0.205,291.65394821691325,0.0,0.0,0.8105929401490957,0.5060803460307217,0.0,0.0,1.0,23.445303539633382
0.002586790297851922,-0.002054267843041868,0.205,291.7727717730675,0.0,0.0,0.9226228189798906,-0.609906861391141,0.0,0.0,1.0,21.955133337767403
-0.004207057923181165,-0.0029476692456802877,0.205,291.7541625881685,0.0,0.0,0.8209558160508077,1.0121870750547257,0.0,0.0,1.0,25.088708903289685
-0.00603495013464885,0.0007835577004404297,0.205,291.4972445753266,0.0,0.0,0.7529415167202395,-0.17352981201230383,0.0,0.0,1.0,25.188417267815943
-0.0007919081413062585,-0.000303443628751334,0.205,291.9932868943763,0.0,0.0,0.9941571079355063,0.902405156910062,0.0,0.0,1.0,20.423183601930294
0.0021264989464608954,-0.004022897511763421,0.205,291.68877631271096,0.0,0.0,0.857797209693546,-0.9013667465192134,0.0,0.0,1.0,24.008637067143997
-0.003002000868275583,0.003109473300393889,0.205,291.6933258095649,0.0,0.0,0.8710417624440643,-0.08743920212613131,0.0,0.0,1.0,23.68864967610063
-0.004216269675668065,-0.0026286475687673206,0.205,291.64049133468563,0.0,0.0,0.8319405870027665,0.7621985578651425,0.0,0.0,1.0,24.4699954211437
0.0031908595388207583,-0.004793104477777748,0.205,291.4644013000675,0.0,0.0,0.7775923869785848,1.601903820239036,0.0,0.0,1.0,25.983121689344102
-0.0024047502588118203,-0.001419194224109358,0.205,291.9146549330601,0.0,0.0,0.9437722859606783,1.6215680740093994,0.0,0.0,1.0,22.07504812342895
0.0021683656705037808,0.004714885024825319,0.205,291.61877215133285,0.0,0.0,0.817452003607839,-0.9820347184012818,0.0,0.0,1.0,24.01296405804665
-0.0010361899383667522,-0.003755743143293874,0.205,291.73175341633555,0.0,0.0,0.8941205428178945,0.5529698294946447,0.0,0.0,1.0,23.924429315477568
-0.002486183001027209,0.004544927565206586,0.205,291.49719380571605,0.0,0.0,0.818060421042298,-1.5462750857141945,0.0,0.0,1.0,24.267479880807706
-0.00288158271154759,-0.0007116089646878995,0.205,291.86604412857173,0.0,0.0,0.9368540682410531,-1.179418700778599,0.0,0.0,1.0,21.241247979657572
-0.0030275247703141087,0.001523781607722835,0.205,291.7485917075067,0.0,0.0,0.9187453407436672,1.956236649329609,0.0,0.0,1.0,22.258010242585474
-0.0015250864290060654,-0.005303253596017582,0.205,291.5666469875119,0.0,0.0,0.7948668572209318,-1.5029251608860636,0.0,0.0,1.0,24.808328223562206
-0.005964874633886674,-0.00012988735239799864,0.205,291.6395412516527,0.0,0.0,0.7620636760097343,0.33776597627652927,0.0,0.0,1.0,25.415874888842296
-0.005384570150774361,0.0008257800148696793,0.205,291.5562605420364,0.0,0.0,0.7998291135116679,-3.4518024450099354,0.0,0.0,1.0,25.899595428747425
0.003527491490777091,0.003237553210982692,0.205,291.7824433949741,0.0,0.0,0.8433553462051717,-0.08097792218350652,0.0,0.0,1.0,23.937886002758358
0.0027663880131595206,-0.005581197627611672,0.205,291.467145869401,0.0,0.0,0.7417494951286013,-1.3972719666802307,0.0,0.0,1.0,24.112803533511602
0.002795284650276568,0.0019380995426653723,0.205,291.80124777383793,0.0,0.0,0.9181942450002825,1.388351595410329,0.0,0.0,1.0,20.72081161008891
0.0025449262572462042,-0.00465087744936343,0.205,291.56294652143475,0.0,0.0,0.809891741503136,-0.3579223028309783,0.0,0.0,1.0,23.788425173158803
-0.001569761223887851,-0.0037263856640295757,0.205,291.8091924988134,0.0,0.0,0.8863767893921906,-0.446079361080498,0.0,0.0,1.0,24.231254646191132
0.0053901259962156394,0.0010440485173473775,0.205,291.6362678334919,0.0,0.0,0.7968314006866644,0.1865022144128689,0.0,0.0,1.0,26.06325869669748
0.003002785121886221,0.004860115980282007,0.205,291.6375771253287,0.0,0.0,0.7808946361432956,-1.837884585444207,0.0,0.0,1.0,25.953237782781887
-0.005935427988678802,-0.0020035420544400255,0.205,291.51796576875796,0.0,0.0,0.7389631287570667,0.024712106327234373,0.0,0.0,1.0,25.899004213665837
0.004536429974045746,0.002592537351395578,0.205,291.6272254027966,0.0,0.0,0.8150799844957266,-0.03155907579149887,0.0,0.0,1.0,23.552446584124258
-0.0010122181833735213,-0.0016175694473529096,0.205,291.93445882999174,0.0,0.0,0.9727230688580097,3.251833343023152,0.0,0.0,1.0,20.911412027900358
0.005544969004066914,-0.002682988401655779,0.205,291.46338067955827,0.0,0.0,0.7471746264814931,0.4839610476540283,0.0,0.0,1.0,26.22049611989715
0.0027202603131821594,0.005638845694479947,0.205,291.5577487469973,0.0,0.0,0.7392607010894422,0.41151960576967,0.0,0.0,1.0,27.033268254785966
-0.0013490280961807209,-0.0009413830915991208,0.205,291.89789986065114,0.0,0.0,0.9794247040627083,0.009851604843882462,0.0,0.0,1.0,19.31139853688153
-0.00431506973328987,0.001854811262289459,0.205,291.59186970204235,0.0,0.0,0.8489743470203482,-0.18737358262624712,0.0,0.0,1.0,23.188155942950008
-0.003125427337509482,-0.003663574117148724,0.205,291.7481058818497,0.0,0.0,0.8416348434615887,-0.38529458875505423,0.0,0.0,1.0,24.082485850492873
-0.001938454230993209,-0.004850261549555646,0.205,291.57460709105004,0.0,0.0,0.8151945582000989,1.842860750591214,0.0,0.0,1.0,23.7905427125185
0.0022213864206031136,0.005897986223245415,0.205,291.50556941233486,0.0,0.0,0.7359478353617671,-2.3074717812480574,0.0,0.0,1.0,25.550347931190796
-0.002524754120997404,-0.0020191691327256117,0.205,291.9431014731485,0.0,0.0,0.9257255439762955,0.8388832213057903,0.0,0.0,1.0,21.885971400390968
0.006248084926344604,-0.0003913018782696027,0.205,291.4487356933195,0.0,0.0,0.7392904947415307,1.3073850247668404,0.0,0.0,1.0,26.309431071606056
-0.00016706641687761427,-0.0014088367021546616,0.205,291.9451020439828,0.0,0.0,0.9844682884647201,2.1061407377987216,0.0,0.0,1.0,18.991753290800848
0.00514105454385158,-0.0001776461390123734,0.205,291.56615177200104,0.0,0.0,0.8204794437901682,-2.8754433542546396,0.0,0.0,1.0,23.631770176136524
-0.0033596608669773016,-0.003811927627471121,0.205,291.652289306666,0.0,0.0,0.8246317645354142,-1.46008775431546,0.0,0.0,1.0,24.279562431819755
-0.006127990532916885,0.0016808076698290443,0.205,291.4277787890397,0.0,0.0,0.7318030056037024,1.9988447461227894,0.0,0.0,1.0,25.47404848385948
-0.005888148151303455,-0.0024633380725829646,0.205,291.40118541227076,0.0,0.0,0.7295259246887548,0.8670036680119598,0.0,0.0,1.0,26.06103824526468
0.005444279347875746,8.402181656779212e-05,0.205,291.54964948953284,0.0,0.0,0.8000102803737661,0.4149033530284501,0.0,0.0,1.0,25.375032506934243
-0.004241864055743747,-0.0017547869172357439,0.205,291.6726638579827,0.0,0.0,0.8554038965303982,1.2699092420883111,0.0,0.0,1.0,22.94572339012086
-0.0018312612526097684,-0.004339836249252207,0.205,291.7060026668534,0.0,0.0,0.8481449432205438,-2.1037182536517567,0.0,0.0,1.0,23.367592484936033
-0.005493857648012896,-0.0016642266806508263,0.205,291.5632285601366,0.0,0.0,0.7788882229309012,-0.07243013980235437,0.0,0.0,1.0,25.246077111332045
0.004580263829334793,-0.0016635337387600221,0.205,291.5684907145884,0.0,0.0,0.838029323683761,1.4991125342530003,0.0,0.0,1.0,24.10839115415405
0.0008629527968151477,-0.0034437181363218185,0.205,291.81639090271807,0.0,0.0,0.9112636072335301,0.44607077244929627,0.0,0.0,1.0,22.57416343853481
0.0035134719691208593,0.002006569342412358,0.205,291.80047144183027,0.0,0.0,0.8862400984182293,0.44318360844525556,0.0,0.0,1.0,22.440173881105427
-0.0013319015143140912,0.003563772001426822,0.205,291.66198715495807,0.0,0.0,0.8987968285496245,0.30436721429191643,0.0,0.0,1.0,23.177482060947153
0.0004723006059731123,0.0064022994629799905,0.205,291.4995158026533,0.0,0.0,0.7265359580058061,0.19673142944948788,0.0,0.0,1.0,27.404186767266385
0.000842265130049381,-0.001060086502606573,0.205,291.928321875661,0.0,0.0,0.9857874944751845,0.40389055091422504,0.0,0.0,1.0,19.868550498861627
0.0021188977321084045,-0.0002441485642489772,0.205,291.81078451587547,0.0,0.0,0.9662966339194307,-0.6161372923115894,0.0,0.0,1.0,21.421955997473532
0.0001577534456286365,-0.005024220075385883,0.205,291.66444230819087,0.0,0.0,0.8281855652752249,0.6987506780635476,0.0,0.0,1.0,25.09303742066299
0.0009619278739420708,-0.006361072719258742,0.205,291.4960616190052,0.0,0.0,0.7254263427146558,-3.0257249239640993,0.0,0.0,1.0,25.032273159993597
0.0021047219533264303,0.001160307815773755,0.205,291.9168562707238,0.0,0.0,0.9577155650815558,-0.23190023257755701,0.0,0.0,1.0,19.666226412760366
-0.002803359366051884,-0.004763244796355206,0.205,291.61121389181403,0.0,0.0,0.7942465262229131,0.36193703546343725,0.0,0.0,1.0,26.581815729927143
-0.004871432570920712,-0.0010371620651936505,0.205,291.5546721566212,0.0,0.0,0.8311656238495849,-0.16369706010408525,0.0,0.0,1.0,25.07738584148179
-0.004281551915454919,0.0026875037797401955,0.205,291.542284137681,0.0,0.0,0.8263341339740035,-2.363638423275786,0.0,0.0,1.0,22.96001304928115
0.0007390000599000484,-0.001189349424006363,0.205,291.91348566612044,0.0,0.0,0.9848501758003608,0.125120157359294,0.0,0.0,1.0,20.839859690806236
-0.004132285316621007,0.0018140123746546585,0.205,291.58205396231665,0.0,0.0,0.8600117217867875,2.3739387175714812,0.0,0.0,1.0,23.370372065554964
0.00030123946317066796,-0.0026504922486854585,0.205,291.9026635295149,0.0,0.0,0.9484488506068012,-0.2941928994692728,0.0,0.0,1.0,22.238105683035517
0.003770164801745861,-0.0005369036267506123,0.205,291.73674927032204,0.0,0.0,0.8986110160825922,-0.8090120086780567,0.0,0.0,1.0,22.955980060259286
-0.0028589529906540615,-0.004556125297272322,0.205,291.6053464899792,0.0,0.0,0.8045972742153142,0.08685025017196381,0.0,0.0,1.0,24.068936784084503
0.0017549318011440165,-0.004249376193105351,0.205,291.6134932947649,0.0,0.0,0.8549848037188592,1.66698679776904,0.0,0.0,1.0,23.08050882485876
0.0011809048325347087,-0.005121735139622582,0.205,291.628600130331,0.0,0.0,0.8129811766246233,-0.9451960534509952,0.0,0.0,1.0,24.269505646240823
0.004317939176766458,0.0011544583946649675,0.205,291.72084874377236,0.0,0.0,0.8625533650721693,0.012921324550463853,0.0,0.0,1.0,22.43644059804203
-0.004987644121982124,0.00041530709248999696,0.205,291.6215853079778,0.0,0.0,0.8295979781206183,1.777570980866607,0.0,0.0,1.0,23.93740122863022
0.001624764370873486,-0.005063254869079118,0.205,291.53944823559937,0.0,0.0,0.8088053667290227,0.09185367660308838,0.0,0.0,1.0,24.91788300766983
-0.0003117476425938496,0.0020674177874573734,0.205,291.84981791689785,0.0,0.0,0.9675501683502508,-0.8301916445916736,0.0,0.0,1.0,21.485117058108703
-0.00034213379033037303,0.006282490612117507,0.205,291.49910705277,0.0,0.0,0.7367945089755331,-1.2912400117265315,0.0,0.0,1.0,26.673193524795792
0.0023262489387605076,0.005497601927340688,0.205,291.62060425006024,0.0,0.0,0.7618194543592466,-0.9065397036348197,0.0,0.0,1.0,24.305869158978982
-0.0010966427608049734,0.003923060845057259,0.205,291.7434677044793,0.0,0.0,0.8847735689783525,-0.7651417225027783,0.0,0.0,1.0,23.036159755756636
-0.0014883317222708227,0.004739688068719169,0.205,291.6036456357482,0.0,0.0,0.8319854944118481,0.12424662220641108,0.0,0.0,1.0,24.037029313187645
-0.0021004562413165445,0.00381220985834666,0.205,291.62901235556166,0.0,0.0,0.8693108620680733,1.4789783373058585,0.0,0.0,1.0,22.026557821219768
0.002157248394563375,-0.003628825371524463,0.205,291.6714537555813,0.0,0.0,0.876680018157169,1.2068548980820972,0.0,0.0,1.0,22.95111595772286
0.001755432413124306,0.003873538925300933,0.205,291.73675964720707,0.0,0.0,0.8749468723300554,-0.8020697422463476,0.0,0.0,1.0,23.53079431238676
-0.0010642761031072277,0.0038095790517351704,0.205,291.68770385332505,0.0,0.0,0.8910330896535474,0.4647807035203343,0.0,0.0,1.0,24.654363759388012
-0.0036587243235704824,0.002825076962609682,0.205,291.61612097341384,0.0,0.0,0.8534839259384448,-0.010031428052498648,0.0,0.0,1.0,23.659224020602462
-0.005242034005963083,-0.0019059502710213748,0.205,291.61578736802414,0.0,0.0,0.790637717377132,0.3522865885428133,0.0,0.0,1.0,25.049397200536156
0.0018694539987716328,-0.003705942400928674,0.205,291.65719461622854,0.0,0.0,0.8805828934277475,0.5028098627076317,0.0,0.0,1.0,23.228713809068147
-0.0007874989708675861,0.0007462334714281218,0.205,291.9479482676106,0.0,0.0,0.9906703154130643,0.37425977171572783,0.0,0.0,1.0,20.434607360673258
-0.0012860300618086405,-0.005548788434170781,0.205,291.5106948953167,0.0,0.0,0.7821353975139526,0.14184876987112632,0.0,0.0,1.0,25.381216047536192
0.00354864485355673,-0.004418396265305892,0.205,291.46135767234455,0.0,0.0,0.7842272763267444,3.2873987830801563,0.0,0.0,1.0,23.61296455761348
0.00045416898401806237,-0.005573545298233479,0.205,291.5692452654798,0.0,0.0,0.7896206695016327,0.01588760316579763,0.0,0.0,1.0,24.124966857309374
-0.005294945682211627,-0.0012357498701726696,0.205,291.53789026927956,0.0,0.0,0.8005467607630664,1.8994917461280807,0.0,0.0,1.0,24.81069183998384
-0.0008026218640376807,0.0024582176002270343,0.205,291.8507123579558,0.0,0.0,0.9514046618081043,0.7034748455233407,0.0,0.0,1.0,22.672314499693144
0.0012363894553274674,-0.0023096615586867685,0.205,291.78103813903374,0.0,0.0,0.950189293769797,0.7146183795571112,0.0,0.0,1.0,20.854002944455704
-0.003526392648645536,0.0015524551407589348,0.205,291.7299774907435,0.0,0.0,0.896333253972798,1.2193237125074452,0.0,0.0,1.0,23.284611463479813
-0.0009297317997306875,0.00478616405564298,0.205,291.605354744744,0.0,0.0,0.8378634022837361,-0.6628834350126032,0.0,0.0,1.0,24.223097375505958
-0.0008937334583605861,0.001582404744939713,0.205,291.8354510369468,0.0,0.0,0.9751368384021231,0.17419148971609005,0.0,0.0,1.0,18.770936343357647
0.0021187112837258017,0.0009567993191894933,0.205,291.9540383457047,0.0,0.0,0.9603052609645486,1.3823279980291794,0.0,0.0,1.0,21.374838139224703
0.0032365195502352465,-0.00391823340706429,0.205,291.5593458322496,0.0,0.0,0.8245704732226733,-0.03191855328275111,0.0,0.0,1.0,23.711679908872355
-0.002067699876466425,0.00414256548958964,0.205,291.6040202268019,0.0,0.0,0.8530350833948852,-0.03791566774525926,0.0,0.0,1.0,23.197826236307627
-0.006077994037561572,-0.00046931070462424146,0.205,291.56131140144805,0.0,0.0,0.7521324292905582,-0.9073617484254768,0.0,0.0,1.0,25.803653743489804
0.001475975018223437,0.0025824657133680165,0.205,291.8726895535375,0.0,0.0,0.9365972165026476,-1.3029487524002616,0.0,0.0,1.0,22.33216570806379
0.004177516034399719,0.0024951922343168544,0.205,291.72272134513116,0.0,0.0,0.8384734652443976,-0.16301746730964342,0.0,0.0,1.0,24.32376175339483
-0.004956367370117108,0.0037399270220945745,0.205,291.4335753566855,0.0,0.0,0.7433306675861338,-2.248856316067534,0.0,0.0,1.0,25.32449610434745
-0.004011507883320394,0.004431439155208554,0.205,291.45480827367624,0.0,0.0,0.7612176238841484,0.3377834405944986,0.0,0.0,1.0,25.215135835864775
-0.0011283144978020089,0.005548454761764951,0.205,291.49718287691235,0.0,0.0,0.7845889541614176,-0.5135493993643431,0.0,0.0,1.0,24.89889074056064
0.0023880248275592645,0.0016425696793159203,0.205,291.9470652484665,0.0,0.0,0.9396437506417212,-1.7378040807909843,0.0,0.0,1.0,21.855544932893196
-0.0017437839421043672,-0.00033880524461976294,0.205,291.9287669401072,0.0,0.0,0.976190692259868,0.16014466188845408,0.0,0.0,1.0,19.577158634105434
-0.000945863397413738,0.0002457706725201857,0.205,291.9716397962247,0.0,0.0,0.9923501641099985,-2.0364960283447577,0.0,0.0,1.0,18.71584332850207
-0.001711819278018126,-0.0031367109994835636,0.205,291.74057481122395,0.0,0.0,0.9101577168624406,0.4682541969254194,0.0,0.0,1.0,21.915578226509794
0.005705065423706848,0.0009068272238004077,0.205,291.59812475001223,0.0,0.0,0.7762245834447774,-1.6364082691154114,0.0,0.0,1.0,23.77254831920188
-0.003756735578689568,3.0865123574812536e-05,0.205,291.7883828739909,0.0,0.0,0.9011923214856781,0.2015742048827181,0.0,0.0,1.0,21.63156478150528
0.0024117634514514495,-0.00016997152723440738,0.205,291.87839959229717,0.0,0.0,0.9572335934642919,1.9228169310857623,0.0,0.0,1.0,21.29093674553852
0.004810585143565892,0.0032437763128939016,0.205,291.6055588101907,0.0,0.0,0.774353911946355,1.567590097875335,0.0,0.0,1.0,26.597722762425505
0.000496814406752688,0.00017755237402567934,0.205,291.97663592188457,0.0,0.0,0.9976287167742315,-0.7650075940147826,0.0,0.0,1.0,17.543632104595638
-0.0048501370421126224,-0.0008367089840183424,0.205,291.70383956643633,0.0,0.0,0.8349351098947954,-1.2821652991784414,0.0,0.0,1.0,24.060145558014185
-0.00016989507992713532,-0.005060576783468614,0.205,291.66416922229047,0.0,0.0,0.825792260610432,1.0067742658163696,0.0,0.0,1.0,25.198619050780746
0.004911735316707172,-0.0032649894112564267,0.205,291.4632153526157,0.0,0.0,0.7672184179566839,-1.4373706690063377,0.0,0.0,1.0,25.75052927913012
0.0026249001842474987,0.00036239541109794155,0.205,291.9626481004933,0.0,0.0,0.9490989163076935,-2.084561136764957,0.0,0.0,1.0,19.851010503751823
0.0008643581380812724,-0.003983841332028494,0.205,291.75249664842187,0.0,0.0,0.8846081540498691,1.4277953717174403,0.0,0.0,1.0,22.747657514249745
0.0011208217560256752,-0.003495730427160038,0.205,291.68788504015293,0.0,0.0,0.9054379205097478,0.7122216853825282,0.0,0.0,1.0,21.479042930606962
0.0006211656199353653,0.0031940360480560144,0.205,291.8661433243812,0.0,0.0,0.9248057371367605,-0.7139521768188815,0.0,0.0,1.0,22.379140652665292
0.0033381241060876643,-0.0006720559785110195,0.205,291.80827410091797,0.0,0.0,0.9180270951754369,0.2897638540392669,0.0,0.0,1.0,21.771207390155773
0.004845165175228432,0.004258612276015083,0.205,291.52206721401006,0.0,0.0,0.7240220364634209,-0.446996318042769,0.0,0.0,1.0,26.126348807252924
-0.0010136846849199566,0.0061296010385428965,0.205,291.5004863834392,0.0,0.0,0.7430338313382259,1.3156543236684295,0.0,0.0,1.0,25.620231004172087
-0.004908591963210178,-0.0011695265062595336,0.205,291.64024405835926,0.0,0.0,0.8269300642265407,-1.163490258711637,0.0,0.0,1.0,23.94176351904563
0.004721450771890277,0.004337085739579728,0.205,291.5229006952712,0.0,0.0,0.7272300164756017,0.903069063984433,0.0,0.0,1.0,25.731474645965232
0.003473800313405264,-0.004622653518500535,0.205,291.4776508667043,0.0,0.0,0.7758034645060167,-2.0367085020711078,0.0,0.0,1.0,23.465189606478646
-0.003909392750559274,0.001284016266315033,0.205,291.7213970215898,0.0,0.0,0.8825381854662631,0.06977671838310585,0.0,0.0,1.0,22.37660882738851
-5.977351205227402e-05,-0.005250632781149287,0.205,291.6113512284303,0.0,0.0,0.8133284016786031,-0.9191816320015685,0.0,0.0,1.0,24.723995347341734
-0.003462229798929665,0.004296260085268614,0.205,291.4592928273376,0.0,0.0,0.7949020653771395,0.4366524391576901,0.0,0.0,1.0,25.991576703546055
-0.002051506375142415,-0.005231817046349065,0.205,291.63259970709447,0.0,0.0,0.7876404212400059,-0.7682784142744812,0.0,0.0,1.0,24.897471111110335
-0.0009317107201150974,-0.006275145239174419,0.205,291.4872703597573,0.0,0.0,0.7326350647018987,-1.941123786076591,0.0,0.0,1.0,25.295431152233885
5.1012849402174104e-05,-0.004930437627958986,0.205,291.64048956733603,0.0,0.0,0.834366106954582,1.6164624911053642,0.0,0.0,1.0,23.00327761985372
-0.0014439815482621755,-0.006047832947368617,0.205,291.4995881012308,0.0,0.0,0.7426429976185184,0.5749927811686932,0.0,0.0,1.0,26.097046218086852
0.0025946577619086184,0.0024478784053999373,0.205,291.834010365598,0.0,0.0,0.9104580133186198,-1.2164300029890245,0.0,0.0,1.0,21.646914717036452
0.0005558780734620038,-0.0017191021505886428,0.205,291.853790355006,0.0,0.0,0.9754119089494253,-3.2203990293899896,0.0,0.0,1.0,18.846430234595694
0.0011387957370775296,-0.0024005915337393232,0.205,291.8376706835121,0.0,0.0,0.9488354308560971,-0.139160555093439,0.0,0.0,1.0,20.45463212237468
-0.00013957467794266783,0.004530690048808851,0.205,291.6118208935813,0.0,0.0,0.8588352405355232,0.2864897413799476,0.0,0.0,1.0,23.022172095308434
0.003227816647026404,0.0032174601715187867,0.205,291.82413042863664,0.0,0.0,0.8573721896535278,-1.33675021209414,0.0,0.0,1.0,23.506061619337977
0.0007792732333589818,0.0014347043503052917,0.205,292.0092075031933,0.0,0.0,0.9797168877873293,1.5881941037942167,0.0,0.0,1.0,20.404538068651494
0.005119834027006863,0.00035529701021270457,0.205,291.6100175624497,0.0,0.0,0.8212726664571052,1.6706253878152582,0.0,0.0,1.0,24.900043515003656
-0.00047210263738113606,-0.0018663595414983376,0.205,291.95986079901195,0.0,0.0,0.9722602395019426,0.29296964164704775,0.0,0.0,1.0,20.77411167051082
-0.00014043616461973857,0.0027415623469818702,0.205,291.9114799771201,0.0,0.0,0.945562235731884,-1.1498742811344544,0.0,0.0,1.0,21.2149016879823
-0.003018524926772807,0.00213476011512119,0.205,291.70031971574997,0.0,0.0,0.9041563580293721,0.5032949616224104,0.0,0.0,1.0,23.273366041721015
0.004182708591204182,-0.004001405599732441,0.205,291.4181869132848,0.0,0.0,0.7753570584528762,-0.7273882487378946,0.0,0.0,1.0,24.57845068100757
0.0033564118281055617,-0.002109880564737728,0.205,291.68752627093306,0.0,0.0,0.8905599321433835,0.12084072957506435,0.0,0.0,1.0,22.848647084809073
-0.005059859283599256,-0.001632301917780787,0.205,291.50465640760586,0.0,0.0,0.8088684697148162,0.8140920622156048,0.0,0.0,1.0,23.97952013351094
0.0021518485601262384,-0.003230768094359322,0.205,291.7384464472813,0.0,0.0,0.8948560952191666,0.3734084224528788,0.0,0.0,1.0,21.81846502186669
-0.0006356510631270441,-0.002069337137514455,0.205,292.01828558850957,0.0,0.0,0.9653340443151441,-0.6347062597990766,0.0,0.0,1.0,21.8715709143947
-0.002250879935101431,0.004138148098025025,0.205,291.556830464815,0.0,0.0,0.8481252183417558,-1.0559002889669349,0.0,0.0,1.0,22.72791157530719
0.0016324765337955773,-0.0006373728214511356,0.205,291.8643776543095,0.0,0.0,0.9767956964568196,1.4787467802182306,0.0,0.0,1.0,21.081555888297935
0.005040673531456467,-0.004068435793672714,0.205,291.42573605469113,0.0,0.0,0.7218225893947364,0.01631270265102825,0.0,0.0,1.0,27.078588953258212
0.0009950917223638589,-0.0028934391514826396,0.205,291.7283554184094,0.0,0.0,0.9330991602172465,1.0383129226232524,0.0,0.0,1.0,20.83977879977719
-0.0027826438133019714,0.002099136196897415,0.205,291.6693618863696,0.0,0.0,0.9143056008451975,-0.06823352346977396,0.0,0.0,1.0,21.674454670871096
0.00037887132255329546,-0.006263258915108657,0.205,291.45054532319404,0.0,0.0,0.738151378268499,0.7146923175207197,0.0,0.0,1.0,24.839051109090622
-0.0058070328439308655,0.0011817568653787883,0.205,291.49220504130466,0.0,0.0,0.7651026857874845,-0.148535603295145,0.0,0.0,1.0,25.949107649392662
0.0003465762291661076,-0.004506834326410924,0.205,291.69758586477866,0.0,0.0,0.8595856995383964,0.7810913872075054,0.0,0.0,1.0,23.957124147945695
-0.0012051737504456177,0.00041483097177959894,0.205,291.90166180059225,0.0,0.0,0.9873289202945021,0.32257639179488545,0.0,0.0,1.0,18.80007584405693
-0.0010710857880591588,0.0004850483849659467,0.205,291.9545090020375,0.0,0.0,0.989129399081458,0.530787726205606,0.0,0.0,1.0,20.006559172810917
0.005160870128675767,-0.0037226174526083415,0.205,291.43334072680636,0.0,0.0,0.7310768934274064,-0.31509722338451135,0.0,0.0,1.0,24.827559324351988
-0.004463415540248268,0.002163436468111326,0.205,291.55127842469517,0.0,0.0,0.8324850662977088,1.610677111052447,0.0,0.0,1.0,23.59747297442421
-0.003097739417980935,-0.0027698019906506575,0.205,291.7873759852728,0.0,0.0,0.8803265984049671,1.3284509562134612,0.0,0.0,1.0,23.722494738647026
0.005153750701407137,-0.0005819614601333632,0.205,291.65111800093536,0.0,0.0,0.8176588698234328,1.1133514519602934,0.0,0.0,1.0,25.19761185520105
-0.0011131334598289203,-0.0033550079363445316,0.205,291.858027965936,0.0,0.0,0.9119910443339748,1.3011452457565444,0.0,0.0,1.0,20.807208803867336
-0.0035523861251537977,0.004863468040633917,0.205,291.50851519682504,0.0,0.0,0.7577720111378757,1.09442667326971,0.0,0.0,1.0,26.82345181265486
0.0038696788902879992,-0.0028065747574652754,0.205,291.4945864256799,0.0,0.0,0.8438336005950464,-0.21007791484922086,0.0,0.0,1.0,25.1856193747729
0.0012291912441850955,0.00463508106670832,0.205,291.6819358614942,0.0,0.0,0.8429013762669852,2.374948786827839,0.0,0.0,1.0,23.58273453377407
-0.004695229140186653,-0.0017332638043248939,0.205,291.7179927311617,0.0,0.0,0.8295959991102351,1.3442231790616026,0.0,0.0,1.0,23.215551693954808
0.000868338814396282,-0.0012518584389537896,0.205,291.89367916388676,0.0,0.0,0.9822154530566116,-1.0627855701657711,0.0,0.0,1.0,18.530595753716863
-0.0009959945118654225,-0.0037314147637194806,0.205,291.8418686199465,0.0,0.0,0.8958696072892869,-0.6426811912596115,0.0,0.0,1.0,24.95236345403705
0.0014544591216309783,-0.0006470952971751797,0.205,291.9199518671439,0.0,0.0,0.9806683539113891,0.9030833654401825,0.0,0.0,1.0,19.005117019997147
-0.006110107832716257,-0.001095922718330763,0.205,291.5323265176987,0.0,0.0,0.7434455726610756,-0.6635813867807975,0.0,0.0,1.0,25.296031583656877
0.003177752928480747,0.0039420362569471045,0.205,291.60410204089555,0.0,0.0,0.8257957346989933,0.1601507454375258,0.0,0.0,1.0,22.72522540136857
0.0021102257549989456,-0.004328875885371139,0.205,291.6520966717174,0.0,0.0,0.8416209094283766,0.1332581097654541,0.0,0.0,1.0,22.66886821136175
0.005499722914700359,0.00042448240296315086,0.205,291.6205293022885,0.0,0.0,0.7950156546584412,-0.9142083826323193,0.0,0.0,1.0,24.927251276459945
0.0019147826742214795,-0.0052248125768095096,0.205,291.5449149593347,0.0,0.0,0.7915744424188982,1.8319448476658113,0.0,0.0,1.0,24.530218938985957
-0.0011752943493174488,-0.00146383110160436,0.205,291.9767298332636,0.0,0.0,0.9735563982050985,1.2238260762397049,0.0,0.0,1.0,21.069148681026615
-0.000659577251146963,-0.005813057813013427,0.205,291.5726956042686,0.0,0.0,0.7707711745643229,0.1601470028338023,0.0,0.0,1.0,26.028472005003987
0.004268658624470867,-0.002438207578806031,0.205,291.64689692876703,0.0,0.0,0.8353080569825928,0.042595186053007834,0.0,0.0,1.0,24.044513573684142
-0.0050538360690277635,-0.0005492629324271551,0.205,291.6413985051769,0.0,0.0,0.8244715098222534,1.228417283345761,0.0,0.0,1.0,24.943089108968163
-0.0034028988612872573,-0.0020019918755286026,0.205,291.804424268756,0.0,0.0,0.8914161134657578,0.9337228584532736,0.0,0.0,1.0,23.861366588383977
0.004469337017228015,0.002822224195608369,0.205,291.6041297064476,0.0,0.0,0.8109674490025257,-0.6971941914671926,0.0,0.0,1.0,24.70078369847435
0.00016748945995514832,-0.001527536386707986,0.205,291.9221608586061,0.0,0.0,0.9819225465420096,-1.3711159801719843,0.0,0.0,1.0,20.89139758230752
-0.005178212124436833,0.0021186194004611603,0.205,291.56173588445546,0.0,0.0,0.7894177360090241,-0.2502245594702213,0.0,0.0,1.0,25.322282659363353
0.0043141289593379125,-0.0046947349924867455,0.205,291.4075055760084,0.0,0.0,0.7300688750634468,1.8527627899399355,0.0,0.0,1.0,24.657018387288627
0.0005655937106089034,0.004058638656526928,0.205,291.7772876432333,0.0,0.0,0.8834584293885483,-0.6618179885422882,0.0,0.0,1.0,23.10623451404304
-0.006040470399166189,0.0005105961762259418,0.205,291.5440523765003,0.0,0.0,0.7547581542363684,-0.2705808609151833,0.0,0.0,1.0,23.225192825995336
-0.0036973157216933414,-0.00231793818612477,0.205,291.73917607913904,0.0,0.0,0.8686679145139091,-0.04242751321261114,0.0,0.0,1.0,23.363697067495533
-0.00048445406533367076,0.003191307358612735,0.205,291.7870077467498,0.0,0.0,0.9259435533197061,-0.8752979977121537,0.0,0.0,1.0,21.794229255829173
0.0011286576171323649,0.004178558527940876,0.205,291.7735478948373,0.0,0.0,0.8706916781885063,1.1555055861627799,0.0,0.0,1.0,23.57581710397223
-0.005814283548140988,-0.0028235860524115333,0.205,291.56272417416903,0.0,0.0,0.7229691308536962,0.35529098941826504,0.0,0.0,1.0,26.471038430093206
0.0004658510561674089,0.004752431628567803,0.205,291.7171102898323,0.0,0.0,0.8441494888115926,-2.764856775012451,0.0,0.0,1.0,23.137980031860895
-0.0015984941016795743,-0.002559432702036554,0.205,291.8785261689731,0.0,0.0,0.9348403951718608,-0.632863589590089,0.0,0.0,1.0,22.743393187017634
0.0006115805845916236,0.0019378984097321468,0.205,291.9892750186546,0.0,0.0,0.9692586200867054,0.908632663850581,0.0,0.0,1.0,20.48664758858193
-0.004904824579024398,-0.003443309728114913,0.205,291.59841904192905,0.0,0.0,0.7600506176976835,2.0043164072369835,0.0,0.0,1.0,24.34376196525044
0.001874989084853997,0.0007013834367869755,0.205,292.01738940008835,0.0,0.0,0.9701217707743706,0.38381355616707025,0.0,0.0,1.0,20.226487613761556
0.0024312550084009295,0.003872327131026052,0.205,291.74695082225156,0.0,0.0,0.8564912305051706,-1.089039275071222,0.0,0.0,1.0,25.071230996919894
0.00036257444183631797,0.005989081221556332,0.205,291.52666697794,0.0,0.0,0.7594992806328227,-0.9317759240324144,0.0,0.0,1.0,26.110748636886985
-0.0030824095742006037,-0.0024971951598823663,0.205,291.8184470119676,0.0,0.0,0.8904267368331388,-0.7850331777402787,0.0,0.0,1.0,25.485337662048572
-0.0009292430332333946,0.006246498639399933,0.205,291.42292920382675,0.0,0.0,0.7349284014595819,-1.1609662193259584,0.0,0.0,1.0,26.173968682562712
0.0045651751948908295,0.004495698094338367,0.205,291.5683765693364,0.0,0.0,0.7275470444803657,0.4353598009109825,0.0,0.0,1.0,26.758118546480755
-0.00017217303933319295,-0.001799236251509469,0.205,291.9543087840977,0.0,0.0,0.9753934330501367,1.3813881726136268,0.0,0.0,1.0,21.152279489370454
0.0012573747108304155,0.005132710214927586,0.205,291.57080021917864,0.0,0.0,0.8110588314624788,-0.7613054110780879,0.0,0.0,1.0,22.98248765960323
0.004875985609887883,-0.001979772684572899,0.205,291.5880103559355,0.0,0.0,0.8125437110343953,0.7966229766654451,0.0,0.0,1.0,23.731154824067787
0.0043687543228973,-0.0006339198856746029,0.205,291.6851958163092,0.0,0.0,0.8657547949637088,-0.7781262075213825,0.0,0.0,1.0,23.55755059617789
-0.0012064035119982509,0.0024197275838539474,0.205,291.8779177108817,0.0,0.0,0.9471102061883452,0.30815449101564485,0.0,0.0,1.0,21.470080248763672
0.0025087651751188734,0.002010655622022232,0.205,291.94713675386555,0.0,0.0,0.9265007301523789,0.551368841238406,0.0,0.0,1.0,22.70792169893405
-0.0038839163650283446,0.0014760920844502305,0.205,291.73440239054304,0.0,0.0,0.8803538454337898,-0.08739746630935777,0.0,0.0,1.0,23.12793562005724
0.004717589857405661,-0.00077988869303307,0.205,291.68443820847176,0.0,0.0,0.8437517733218871,0.401798490318188,0.0,0.0,1.0,24.05239789417892
-0.003108831254912644,0.0018775142005501436,0.205,291.70145984697587,0.0,0.0,0.9073486373980908,-2.1673559645962825,0.0,0.0,1.0,23.59491953342126
0.0035928664010851687,-0.005026164972823396,0.205,291.4128861258881,0.0,0.0,0.7457448452786432,2.6929121657237682,0.0,0.0,1.0,25.197561849348347
0.001569946825938426,-0.00516171206759428,0.205,291.6077921849301,0.0,0.0,0.8034674606910651,-3.3027032781809176,0.0,0.0,1.0,23.84693150217231
-0.0027678496882222988,0.004077964953074341,0.205,291.56239328879815,0.0,0.0,0.8345022049015202,-0.3343126178376327,0.0,0.0,1.0,24.37624955116718
0.006010298218714445,0.00023216166484501621,0.205,291.57410752859863,0.0,0.0,0.7583759090953917,0.4253491110276149,0.0,0.0,1.0,24.906824422590237
0.003085171323176777,0.0028227769649466715,0.205,291.78959626788344,0.0,0.0,0.8788880750874207,0.5974089058643198,0.0,0.0,1.0,24.17407622263368
-0.003092037114700088,-0.004983407966764546,0.205,291.5696711841978,0.0,0.0,0.7697000819771351,-0.06315682969266088,0.0,0.0,1.0,26.303814680805274
-0.005390797440026202,-0.0006578568791368467,0.205,291.5711109736209,0.0,0.0,0.8009957874282337,0.8491741407223335,0.0,0.0,1.0,25.391887036357392
0.0015421574482845763,-0.0011672683310100383,0.205,291.89991119382296,0.0,0.0,0.9720143722430035,0.04201820233266689,0.0,0.0,1.0,20.677998883014798
0.0036392099958922355,-0.0020587456303546624,0.205,291.66487626213296,0.0,0.0,0.8789148478533331,0.38532970172417486,0.0,0.0,1.0,23.84840956786352
0.002254042997548691,-0.0017671320533277943,0.205,291.7553626059329,0.0,0.0,0.9409907434088913,1.2065670496526175,0.0,0.0,1.0,23.034138871174132
0.0013924807654343548,-0.005729105287796794,0.205,291.44699805434425,0.0,0.0,0.7673687693944428,1.4093385977413402,0.0,0.0,1.0,24.705933295395692
-0.0004936994454709756,0.0042177908093897635,0.205,291.7286177782314,0.0,0.0,0.8752907574844466,-0.9210957842530363,0.0,0.0,1.0,23.374002701336018
-0.00349886602339718,-0.0008648694665630852,0.205,291.819118154901,0.0,0.0,0.908682642225813,1.258524068150467,0.0,0.0,1.0,21.949442671491973
0.0001225457390945802,0.005058436920720222,0.205,291.68277968453225,0.0,0.0,0.8260214251401977,-1.9163019582938354,0.0,0.0,1.0,24.10605260154501
-0.00555996519561563,0.000978686416214818,0.205,291.5769178792286,0.0,0.0,0.7857853945314456,-0.8611644141108512,0.0,0.0,1.0,24.34047927739981
0.0025083053320030203,0.0009898054666798882,0.205,291.87242804905867,0.0,0.0,0.9473795316106994,1.3899447361528885,0.0,0.0,1.0,20.990275676589373
0.0011392501642944759,0.005517890356643325,0.205,291.56186800435927,0.0,0.0,0.7865902374610616,-0.6478124352096493,0.0,0.0,1.0,23.44412399351434
0.005779429367184572,-0.001874496751723707,0.205,291.4531645448043,0.0,0.0,0.7536960146001199,-0.7299467208675255,0.0,0.0,1.0,26.952613250801942
-0.00168866696021264,0.002041071552244642,0.205,291.72354058725443,0.0,0.0,0.9491255155205303,2.2435803095456697,0.0,0.0,1.0,21.43065389078251
0.002038740099955127,-0.003543263952888748,0.205,291.66353010512955,0.0,0.0,0.8839942728534043,-0.4341735336526154,0.0,0.0,1.0,23.702974263180376
-0.0016896691498130404,0.0033405125846075064,0.205,291.6459655818996,0.0,0.0,0.9018575619089042,-0.9608665321887764,0.0,0.0,1.0,23.144145741860072
-0.004190015219317212,0.004287793962135485,0.205,291.4665862107544,0.0,0.0,0.7598746853788554,-0.5510521067627171,0.0,0.0,1.0,25.773949386699496
0.0022950153158656644,0.000995425806900467,0.205,291.89859259312686,0.0,0.0,0.9543716972868095,-1.1305847238935278,0.0,0.0,1.0,19.835953336107483
-0.0005077781824090071,0.0011060589774343095,0.205,291.8959270728755,0.0,0.0,0.9883933442179451,0.13089722238231397,0.0,0.0,1.0,20.95115543058244
-0.002044965235502582,0.0051512329623035705,0.205,291.5115251494768,0.0,0.0,0.7931604245221265,-0.6643600749817792,0.0,0.0,1.0,24.7802877136859
-0.0030198602522789456,0.002917249344679474,0.205,291.61061516694605,0.0,0.0,0.8779437556242318,-0.04397721676007887,0.0,0.0,1.0,22.184287618615976
0.004008384261336279,0.003802589059073198,0.205,291.6192956384504,0.0,0.0,0.79437768297838,2.767787361145771,0.0,0.0,1.0,26.421905451517013
-0.0005428721869364891,0.004738745739253971,0.205,291.66784383833317,0.0,0.0,0.8444884583590351,0.24706390913754717,0.0,0.0,1.0,24.578311071225258
0.0003223568341688601,-0.005707182359981778,0.205,291.5071882176125,0.0,0.0,0.7806497507149945,1.1592278172619144,0.0,0.0,1.0,22.962796804328143
0.004309586643556137,0.003897774791864336,0.205,291.5718026809473,0.0,0.0,0.7737084510878592,-0.8660219725669694,0.0,0.0,1.0,24.369388417099493
-0.00283650609209168,0.00019782569894993455,0.205,291.8736558098324,0.0,0.0,0.9418012487230626,-0.9652319339393253,0.0,0.0,1.0,21.188318253999803
0.00483847839718362,0.003282389577424356,0.205,291.63050717225985,0.0,0.0,0.7710366819661325,-1.2519030537476272,0.0,0.0,1.0,23.63624474625335
0.0035537049711795083,0.0015129397906972484,0.205,291.75035833425886,0.0,0.0,0.8958540570787086,0.7669354289699519,0.0,0.0,1.0,24.529060348082748
0.0013064968355903166,0.004029996779852779,0.205,291.74201877234316,0.0,0.0,0.8758537806210152,0.5754227922794916,0.0,0.0,1.0,22.244915231669353
-0.006232311129805151,0.0005235678762033214,0.205,291.50663777930566,0.0,0.0,0.7397699009339015,-0.21854960755318006,0.0,0.0,1.0,28.244679977196096
-0.004171418525865464,-0.0021937252407620927,0.205,291.7379861311923,0.0,0.0,0.8479793671676337,-0.4032639809799533,0.0,0.0,1.0,22.712732796160996
0.0016661162453736587,0.00579614981943606,0.205,291.5732364543222,0.0,0.0,0.7571469892051229,0.7462424525460444,0.0,0.0,1.0,25.84199291071832
0.002629592412819383,-0.0012280923517924043,0.205,291.7500942918378,0.0,0.0,0.9394917626253055,-0.6052687091267722,0.0,0.0,1.0,22.16215705259206
0.0024676091520498575,0.0006698517050404555,0.205,291.91618295315874,0.0,0.0,0.9524355515255385,-0.5001682900101283,0.0,0.0,1.0,21.562908945150877
-0.002376670451343492,0.002364194958846738,0.205,291.7721637377517,0.0,0.0,0.9204250261526492,-0.5498124123425524,0.0,0.0,1.0,23.382827810696966
-0.004884499466063779,0.0006845590588992357,0.205,291.68276358557046,0.0,0.0,0.8342681274898848,-1.304062607771032,0.0,0.0,1.0,21.756444172784995
-0.004897338720914533,0.0035000514666834962,0.205,291.5118599490349,0.0,0.0,0.7580161480986363,1.3812750245942695,0.0,0.0,1.0,24.261457886890454
-0.001330851614382936,0.0014874204653988192,0.205,291.8616132319887,0.0,0.0,0.970291337088671,0.23260304649160662,0.0,0.0,1.0,21.111519340995983
0.00025444889007972276,0.004466828012983304,0.205,291.70301822791834,0.0,0.0,0.8622924316549481,-0.9729328397648812,0.0,0.0,1.0,23.821409582113986
0.001988728508583851,-0.00383290779410541,0.205,291.6163598461245,0.0,0.0,0.8712687491555655,-1.8528592206623653,0.0,0.0,1.0,24.11138616122199
-0.003556625808169625,-0.005257228568148714,0.205,291.4861915662325,0.0,0.0,0.7323668043502813,-1.0774191652514533,0.0,0.0,1.0,26.456151569849677
-0.00035975875970263035,-0.005904442730645316,0.205,291.5450180674922,0.0,0.0,0.7659053695541651,2.842194958205389,0.0,0.0,1.0,24.07369525015434
0.005259249563904123,2.48927858756207e-05,0.205,291.5576138395115,0.0,0.0,0.8127649815813842,-0.006424293069115628,0.0,0.0,1.0,23.297350303205313
-0.0034052658425529846,-0.0007128559656873561,0.205,291.79712197965836,0.0,0.0,0.9146103778427959,-2.047436294450913,0.0,0.0,1.0,22.66351637601043
0.004964757236250658,-0.0020293106497733643,0.205,291.62602568918624,0.0,0.0,0.8056559291446085,-1.8664722956449986,0.0,0.0,1.0,24.210036767184214
-0.0008317318319588121,-0.005459809536081802,0.205,291.6688999165506,0.0,0.0,0.7945410524295063,-1.2363321653807902,0.0,0.0,1.0,25.17922356542111
-0.004931961485485573,0.0017129125588623748,0.205,291.59196730940397,0.0,0.0,0.815351116012455,-2.060726977637084,0.0,0.0,1.0,24.534812665558906
-0.0005755810259092452,0.004904329893643401,0.205,291.6030163994096,0.0,0.0,0.8339006071256706,1.263510350618293,0.0,0.0,1.0,23.45886963643004
-0.006048448684493839,0.0018224333087401554,0.205,291.46455959378665,0.0,0.0,0.7347847162611268,-0.7660747351541249,0.0,0.0,1.0,26.973663465894397
0.002852732946882709,0.004278901668366371,0.205,291.6497899100598,0.0,0.0,0.8205755720109204,-1.8991283111116852,0.0,0.0,1.0,24.71921283434586
-0.0007666554571239567,-0.005162581119135316,0.205,291.59497521894025,0.0,0.0,0.8154689433982449,0.3415282625118713,0.0,0.0,1.0,24.898258308037594
-0.0040542421888988146,0.00243029519482351,0.205,291.65791753694936,0.0,0.0,0.8471339565504493,-0.4035545140239831,0.0,0.0,1.0,22.1462150875924
-0.005644583906577007,-0.00011043734842070944,0.205,291.5554536202683,0.0,0.0,0.785769534876913,0.3872308108981201,0.0,0.0,1.0,25.64018277622685
-0.00043016626611401304,-0.0032989386901924977,0.205,291.8855374369086,0.0,0.0,0.9215686267649392,-1.532299275669518,0.0,0.0,1.0,21.760003310527313
0.002870541648571073,0.004060814966084207,0.205,291.72721469022486,0.0,0.0,0.8316592101802779,0.9841923811023454,0.0,0.0,1.0,25.21535093777881
0.0008407768729259967,-0.0028437948447730655,0.205,291.8422519784154,0.0,0.0,0.9369618724695843,-0.1109181809867972,0.0,0.0,1.0,22.09185240033666
-0.0029892038361379624,0.005322509695551374,0.205,291.4320868256561,0.0,0.0,0.7514849910197496,-0.17366962147135445,0.0,0.0,1.0,26.143913367643073
-0.0019429726119062616,-0.0017975032530570174,0.205,291.8953930371094,0.0,0.0,0.9492040914535949,-0.7396231173863665,0.0,0.0,1.0,20.369418503311422
0.002906694320172115,-0.0028471875377180543,0.205,291.7154324480943,0.0,0.0,0.8850221798049188,1.7948648119071704,0.0,0.0,1.0,25.37327824026422
-0.0063343996373601405,-0.0008542744388171891,0.205,291.54700742739993,0.0,0.0,0.7287938180315553,-1.766560866281521,0.0,0.0,1.0,26.071556706903714
-0.0019896339023798377,0.004918779521076823,0.205,291.5398640876295,0.0,0.0,0.8095979528122377,-1.5148740467201052,0.0,0.0,1.0,24.76960329710192
0.0020504524804262547,-0.004068241427587895,0.205,291.6583775055439,0.0,0.0,0.8574759564779089,-0.9962420019688549,0.0,0.0,1.0,24.497105022254516
0.003976293703007405,0.003230158997410164,0.205,291.7053513578186,0.0,0.0,0.8218793106510174,-1.4638549049658514,0.0,0.0,1.0,25.477262115666537
-0.0023848362855932136,0.00236463098300816,0.205,291.67065615562166,0.0,0.0,0.9201496299746142,0.3158514230526263,0.0,0.0,1.0,21.30327522835859
0.0025941011570335087,0.001642980453601839,0.205,291.8594325102687,0.0,0.0,0.9326474760233752,0.8822863846136796,0.0,0.0,1.0,21.811031235256603
-0.003416127042522326,0.0042079092815350575,0.205,291.49631839885166,0.0,0.0,0.8017461444060362,1.380272701165662,0.0,0.0,1.0,23.980899158340332
-0.004593340823592491,-0.0006634250139276839,0.205,291.7023055062542,0.0,0.0,0.8523663896816156,-1.5244769165204237,0.0,0.0,1.0,23.548231058138356
0.00245526053085174,-0.0035651646988868997,0.205,291.7014411488816,0.0,0.0,0.8706622747281239,1.3645597917929566,0.0,0.0,1.0,21.698899651632523
-0.001962422060164737,0.006179984295061844,0.205,291.4528714389968,0.0,0.0,0.7213014740557263,-0.32870566925640976,0.0,0.0,1.0,25.606510090039805
-0.0017642922266900287,0.0007041437084766188,0.205,291.84409362492937,0.0,0.0,0.9729549230570745,-1.3238543740521347,0.0,0.0,1.0,20.11558495254821
0.0025777672983302385,0.0018001879682912152,0.205,291.8799026390331,0.0,0.0,0.9295511502501279,-3.5286074940957466,0.0,0.0,1.0,21.037478310961077
0.002155518276756501,-0.000953477457712831,0.205,291.76316988208833,0.0,0.0,0.9592525336126885,-0.8703779952461091,0.0,0.0,1.0,20.61768214424531
0.004041892082303701,-0.0005838059370305189,0.205,291.6660863030495,0.0,0.0,0.8842149407484858,1.5666312240613252,0.0,0.0,1.0,22.576160501391392
0.0031088199753089322,-0.00403224261561918,0.205,291.59763787220464,0.0,0.0,0.8239502299411819,-0.4176177666132724,0.0,0.0,1.0,25.58605803342249
0.005716448136559447,0.0025733641335921697,0.205,291.57929154480877,0.0,0.0,0.7386061349815413,-1.320244199743926,0.0,0.0,1.0,26.3816158440486
0.0018331078535176303,-0.0035678030936395324,0.205,291.6995296470249,0.0,0.0,0.8880979199074568,-1.440683051516103,0.0,0.0,1.0,24.910109320286548
0.0028075859705753423,-0.0022093526068498164,0.205,291.75660082287294,0.0,0.0,0.9101945008498673,-0.30086475608559526,0.0,0.0,1.0,22.44637824969801
0.0012192117807598311,0.001797827314193786,0.205,291.92515008567057,0.0,0.0,0.9651060253158994,-1.2842442703931873,0.0,0.0,1.0,19.6952972848053
0.0033642148908738377,0.0020208423089694617,0.205,291.72396045731335,0.0,0.0,0.8926470214623761,1.529749064727756,0.0,0.0,1.0,21.797920991389155
0.00340096592837737,0.005524879082329282,0.205,291.5293868672218,0.0,0.0,0.7210020291478867,0.8114506583185619,0.0,0.0,1.0,25.968912185047184
0.00317408543258126,-0.003179978301797244,0.205,291.60586969215234,0.0,0.0,0.8611830527780735,0.11217963285696493,0.0,0.0,1.0,23.744316291433456
0.0028627440009563504,0.0047711010246276764,0.205,291.6173745114471,0.0,0.0,0.7916150534100282,1.1172199649446193,0.0,0.0,1.0,24.709237178104654
0.002773216189885865,0.0008005720233614876,0.205,291.97219557365355,0.0,0.0,0.9401151724108137,0.3176577863151819,0.0,0.0,1.0,19.21457926066821
0.0017129532593603669,-0.004953074109955489,0.205,291.5871738434574,0.0,0.0,0.814007426702343,0.28727280655141657,0.0,0.0,1.0,23.646054235739744
0.003595597495019615,-0.0009939124519304677,0.205,291.65759296437625,0.0,0.0,0.9025084921477431,-1.84598684377841,0.0,0.0,1.0,22.98341404281007
-0.001519919560355728,0.0037229042473607013,0.205,291.7251651647222,0.0,0.0,0.8875649936954291,-2.889807595880876,0.0,0.0,1.0,22.507948254257514
0.002430790867418827,-0.0014929697824502517,0.205,291.8085352909839,0.0,0.0,0.9414402251837266,-0.3447200635840475,0.0,0.0,1.0,21.955919046707777
-0.0040845039372330305,0.00042803462361330725,0.205,291.68973345439366,0.0,0.0,0.8829709745484553,0.9822126524086794,0.0,0.0,1.0,24.883191219345136
0.0014830792912135546,-0.005087209144507096,0.205,291.5642176430272,0.0,0.0,0.8100722353159435,1.0954404660243167,0.0,0.0,1.0,24.287794219698714
0.006264960234873838,0.0006340881218673369,0.205,291.4911738389743,0.0,0.0,0.736383640608502,-1.8859112777365388,0.0,0.0,1.0,22.810966019218533
-0.0005998443860751222,-0.0033893003959909835,0.205,291.77005707168985,0.0,0.0,0.9163325449310628,-1.850629328685565,0.0,0.0,1.0,22.85158886199924
-0.0010337966122883283,0.00524415222609201,0.205,291.6127784885647,0.0,0.0,0.806920806558245,0.8970289786079997,0.0,0.0,1.0,24.533077673609608
-0.0059029859869483906,-0.0025339116701974924,0.205,291.5108859260881,0.0,0.0,0.7261990642181168,-0.32588786557682387,0.0,0.0,1.0,24.664540615282895
-0.0036112606758064215,0.0019000572580228936,0.205,291.7329337187983,0.0,0.0,0.8843884041094632,2.4653207891518116,0.0,0.0,1.0,21.56430152380925
0.005269767770709831,-0.0006355663611845554,0.205,291.5745493046689,0.0,0.0,0.8094607061066926,-1.657243324876102,0.0,0.0,1.0,24.572530254616577
0.003032957470459129,-0.0016036410076312661,0.205,291.6605954804023,0.0,0.0,0.9168470498414737,-2.0208625172492716,0.0,0.0,1.0,23.131603585770712
-0.001457419466904786,0.0052177679223424905,0.205,291.54627732859586,0.0,0.0,0.801920862229478,-0.46523870941258477,0.0,0.0,1.0,24.720990384702098
-0.003913411802773886,4.6635988030490604e-05,0.205,291.7130291920972,0.0,0.0,0.8932084751790005,0.6136880536757008,0.0,0.0,1.0,21.784989700903445
-0.002807811575194177,0.00018022870428302033,0.205,291.85166981355485,0.0,0.0,0.9429549228202659,-0.16373872216084231,0.0,0.0,1.0,23.425109757056116
0.0001545507721241461,0.0059086340626498595,0.205,291.625701389375,0.0,0.0,0.7662614676226929,0.7390373401934612,0.0,0.0,1.0,25.12097877413677
0.0026831907067146384,0.0013828978193870221,0.205,291.8514403210661,0.0,0.0,0.9347993387586633,0.3798170072179899,0.0,0.0,1.0,21.9867094051786
-0.0014522025449511238,0.0035915156625627304,0.205,291.6664799258849,0.0,0.0,0.895256772482524,2.353070180304582,0.0,0.0,1.0,21.77375327358506
-0.0029560471380280368,0.0036926281733544617,0.205,291.56911830738505,0.0,0.0,0.8469357046276011,0.8338804151228263,0.0,0.0,1.0,24.004159331618865
0.0019251179776369185,-0.002386932734131395,0.205,291.7807634398081,0.0,0.0,0.9328186238994973,0.19675040278331823,0.0,0.0,1.0,22.284721930092942
0.0017204364691635948,0.005187093007982264,0.205,291.61440826935024,0.0,0.0,0.7986096812785947,2.1073164426871456,0.0,0.0,1.0,25.55419306463445
0.0009123467459514767,-0.0006143625782257046,0.205,291.9571775651897,0.0,0.0,0.9904235029201851,2.915643409558454,0.0,0.0,1.0,20.03199166975346
-0.00038081512221207646,-0.004697451771174333,0.205,291.62830917069147,0.0,0.0,0.8479929531275016,0.05240526499760629,0.0,0.0,1.0,24.96644726286724
0.0007687050872525401,0.003211928893929816,0.205,291.8281563932326,0.0,0.0,0.9226504783169686,-1.0944884447566765,0.0,0.0,1.0,20.48201465079494
0.00026284695816464,0.004499779587864295,0.205,291.66320664399075,0.0,0.0,0.8603337782590348,0.013543611681607812,0.0,0.0,1.0,24.617367732471358
0.0005712398800329152,0.0020976524872285338,0.205,292.0218217685356,0.0,0.0,0.9650512276530048,-1.6775630262979788,0.0,0.0,1.0,19.179781921255646
-0.0031311642888742905,-0.000252879261493578,0.205,291.87004788343194,0.0,0.0,0.9296691128340533,0.1255126084376077,0.0,0.0,1.0,23.593171575370235
-0.004904881552701334,-0.003384303141145954,0.205,291.5913156061618,0.0,0.0,0.7626049172734317,0.8824708212933081,0.0,0.0,1.0,24.02567571006523
-0.0016916574069341947,0.003390789999134555,0.205,291.6943979193684,0.0,0.0,0.8995626413916574,0.6374818428701886,0.0,0.0,1.0,22.743798104666013
0.0040435053365948945,-0.00018823030394815937,0.205,291.75323522606993,0.0,0.0,0.8861439810314173,1.8968164798311182,0.0,0.0,1.0,24.402838927872757
-0.00496017168556714,-0.0036766585029940667,0.205,291.57346705911107,0.0,0.0,0.7460606330498597,-0.5047163728052747,0.0,0.0,1.0,24.803242897671804
0.0027103068868458077,-0.0029020997599910835,0.205,291.70682588405134,0.0,0.0,0.8902235877449268,-0.20702375186400218,0.0,0.0,1.0,22.782522282772007
0.0038962040630653068,6.50488773766495e-06,0.205,291.7653289166314,0.0,0.0,0.8941129073387755,0.5763247432222731,0.0,0.0,1.0,23.13026929682236
0.0034545108702566693,0.002449435770904098,0.205,291.7744507697414,0.0,0.0,0.8759485859640014,1.7640842559587133,0.0,0.0,1.0,22.061184889992635
0.004667074591734906,-0.0022380003082399366,0.205,291.6085640216864,0.0,0.0,0.818364688368741,0.9884047227975564,0.0,0.0,1.0,24.374264165160927
-0.0033097872690938425,0.001533571155798486,0.205,291.72011136096404,0.0,0.0,0.9065704407151045,-0.28230836413596516,0.0,0.0,1.0,22.66875556756932
-0.0042927374488770445,-0.0021562589233905106,0.205,291.6706015965579,0.0,0.0,0.8423681825732193,0.2167213927571003,0.0,0.0,1.0,24.85622805246619
0.003889671081514989,-0.002042464918616781,0.205,291.6275717545579,0.0,0.0,0.8669766636873228,0.5278198869657954,0.0,0.0,1.0,22.72455893718425
-0.0015440039137717165,0.0020591356130088877,0.205,291.8233973997962,0.0,0.0,0.9518400323659235,1.8544505795628323,0.0,0.0,1.0,19.89441222529928
0.002971208323375164,-0.004884816375159829,0.205,291.43245969457183,0.0,0.0,0.7805626030117631,-2.1242807777079777,0.0,0.0,1.0,25.33076096674118
-0.004507978049390474,-0.0016563729116013208,0.205,291.6746308647559,0.0,0.0,0.8424435226723929,1.3572300916383762,0.0,0.0,1.0,24.564794805902295
0.0023591110303498287,0.0017519517871447312,0.205,291.8103515725049,0.0,0.0,0.9380474122306017,0.4140565089844404,0.0,0.0,1.0,22.573120618912366
0.002691419547661064,-0.005290484103208642,0.205,291.428743616735,0.0,0.0,0.7643733860386847,1.1334347101278637,0.0,0.0,1.0,26.291378846647863
-0.004125784661504586,-0.0003327108510385669,0.205,291.7794103920791,0.0,0.0,0.8812155816895195,0.3579903877035528,0.0,0.0,1.0,21.32453983177286
0.002430989657972509,0.0028277816910532074,0.205,291.7811135759663,0.0,0.0,0.902575867369982,-0.24723084517341481,0.0,0.0,1.0,23.531671938935165
0.0062956273686742914,0.0010309204635331564,0.205,291.4691401262105,0.0,0.0,0.729782022517013,-1.0617153311732612,0.0,0.0,1.0,24.89914317237603
-0.003408692769480087,-0.0005642585513479828,0.205,291.84445450261165,0.0,0.0,0.9157261314557705,0.1423566903261235,0.0,0.0,1.0,20.715570729631118
-0.0031188164606309084,0.00525638938067883,0.205,291.44757676713846,0.0,0.0,0.7509009159596068,0.6908919759797431,0.0,0.0,1.0,26.012254607521598
0.00244748071646071,-0.005689500526519608,0.205,291.4676322111091,0.0,0.0,0.7445455102937845,1.0158308716404834,0.0,0.0,1.0,25.036117276476226
0.0013159327067006521,-0.005597312396130813,0.205,291.5543102983299,0.0,0.0,0.7781905015849111,0.24318384128756296,0.0,0.0,1.0,23.711073080008152
-0.004809706506483016,-0.0012848749457167886,0.205,291.6635425456889,0.0,0.0,0.831310331165244,1.2116074184361778,0.0,0.0,1.0,24.31635885157725
0.0022450961635815366,-0.001115727991174664,0.205,291.8811730242782,0.0,0.0,0.9541823573038402,-0.6641067668042431,0.0,0.0,1.0,20.21161746519345
-0.004396434872132204,0.0038858863694180455,0.205,291.51786171444974,0.0,0.0,0.7694856981582023,-0.6930889058101084,0.0,0.0,1.0,25.485293169092177
0.0054008048257907495,0.001968765840960825,0.205,291.60134153457983,0.0,0.0,0.7782979176308037,-2.2608009347523104,0.0,0.0,1.0,26.808068532011035
-0.0021261573138997053,0.005473831888308,0.205,291.4430999414724,0.0,0.0,0.7691382433636361,0.7913802478537091,0.0,0.0,1.0,27.11550353517743
-0.002829914036258772,-0.0018067040913190455,0.205,291.9136017662129,0.0,0.0,0.9201922082980013,-0.5248477606585243,0.0,0.0,1.0,21.445993936790526
0.005915043139824349,0.0017392383381327238,0.205,291.56167574422625,0.0,0.0,0.7467468960689279,-0.7258165439178793,0.0,0.0,1.0,26.908751340971804
-0.004133871507974897,0.0018377507976407679,0.205,291.6734347614266,0.0,0.0,0.8593601342803627,-1.4863065751071687,0.0,0.0,1.0,24.22426006228465
-0.003770061122186762,0.005077230116971773,0.205,291.43447508100303,0.0,0.0,0.7342377644794637,-0.24540387888999818,0.0,0.0,1.0,24.192586437407087
0.00026844514207424866,0.0012351470533925033,0.205,292.029121541091,0.0,0.0,0.9875281613616735,-1.75229827907893,0.0,0.0,1.0,20.36252207412417
-0.003964209748915189,0.0007677443500495305,0.205,291.65893118132936,0.0,0.0,0.8866785848925429,-0.9015351800629396,0.0,0.0,1.0,22.885933652300096
-0.0019067207356737944,-0.003103245425473611,0.205,291.759394036192,0.0,0.0,0.9068427159188928,-0.22067328737918793,0.0,0.0,1.0,22.023377043969543
-0.0008527116471946638,0.0013985425069218127,0.205,291.85165768409047,0.0,0.0,0.9795911665362674,-1.280984869133554,0.0,0.0,1.0,19.71465345499015
-0.00584296009111973,0.0007271804087536457,0.205,291.5260686130677,0.0,0.0,0.7679580036631851,0.0015119549153421495,0.0,0.0,1.0,25.37932886964181
-0.004364144066652447,-0.003944788938422661,0.205,291.617643984065,0.0,0.0,0.7683513579762278,0.9200617045808978,0.0,0.0,1.0,24.95396421455575
-0.0031402694376289728,0.0036926828451394797,0.205,291.6114992352348,0.0,0.0,0.8396429938892473,-1.8454609671821947,0.0,0.0,1.0,25.076423043663542
0.0027385725297190957,-0.003476172723802043,0.205,291.68518875885877,0.0,0.0,0.8651286710974765,-0.4527590385642116,0.0,0.0,1.0,23.47763668395625
-0.0011600135603157126,-0.002542624555518455,0.205,291.91361191837757,0.0,0.0,0.9436788772409992,0.12469652683311667,0.0,0.0,1.0,21.127073602217045
1.8813466765530193e-05,-0.003098109194061574,0.205,291.88258147974886,0.0,0.0,0.931495099979793,1.7367994644151,0.0,0.0,1.0,22.0469483880997
-0.0030446232282619417,-0.0037019806703172255,0.205,291.7482882977643,0.0,0.0,0.8430344052038632,-1.2125749081874526,0.0,0.0,1.0,24.944952349858834
-0.005084265398647599,-0.0016647117487407052,0.205,291.5567947597447,0.0,0.0,0.806592414446329,1.2769738311678807,0.0,0.0,1.0,23.342120086858284
-0.004870972593969365,-0.00016373058312569452,0.205,291.5511118059328,0.0,0.0,0.8379838322642191,-1.003684887256051,0.0,0.0,1.0,24.432922968065075
0.002894069240123299,-0.0005040914514513724,0.205,291.86952162778505,0.0,0.0,0.9380814587004095,2.1982101877861955,0.0,0.0,1.0,21.419525670193437
0.00599794039058706,0.0010858910261469954,0.205,291.4988389834214,0.0,0.0,0.7521819534757727,0.5100899782222845,0.0,0.0,1.0,25.503572429551976
0.002849795693069696,0.001538723112624237,0.205,291.88529541172693,0.0,0.0,0.9254718734359642,-0.02434203338974132,0.0,0.0,1.0,23.178369947761233
-0.0017094351753027042,-0.004290606406002152,0.205,291.7076830602244,0.0,0.0,0.8537174787869315,-1.7808843220593775,0.0,0.0,1.0,23.521665471850177
0.0028133773982141528,0.004720326105356379,0.205,291.6401984044464,0.0,0.0,0.7964915716736699,-0.043672837753109144,0.0,0.0,1.0,24.380272590946227
-0.0032270879105450187,0.0013884079149567186,0.205,291.7282332983483,0.0,0.0,0.9130176117861424,2.018322728090822,0.0,0.0,1.0,23.06399322112656
0.00038528030413035626,-0.005598389267044054,0.205,291.5824746378519,0.0,0.0,0.7882165760923439,1.1717453827600752,0.0,0.0,1.0,23.98353594479213
0.005054790474868988,0.0009363013883334468,0.205,291.68873315329597,0.0,0.0,0.820701367320396,-1.2584694368791243,0.0,0.0,1.0,24.199101637311447
-0.00029864931863540545,0.0022404905485723173,0.205,291.90099071048456,0.0,0.0,0.9623694212004993,0.39511316915962486,0.0,0.0,1.0,21.059774756704794
-0.0032074074267837995,0.004716771796742394,0.205,291.5632780021858,0.0,0.0,0.7815455083447421,-0.08634010083964058,0.0,0.0,1.0,24.907734049125153
-0.0005630726899217076,0.0014787441973445606,0.205,291.8701222232012,0.0,0.0,0.9808890780770128,1.9782749183249946,0.0,0.0,1.0,18.845529954488118
0.004281967796614954,0.0024480151079889433,0.205,291.6417163787749,0.0,0.0,0.8342612021379495,1.5082945733947126,0.0,0.0,1.0,26.15769782990667
0.001872731777174555,0.004817274631978691,0.205,291.64677009942596,0.0,0.0,0.8188604903369308,0.9586722403291473,0.0,0.0,1.0,24.959910460604576
-0.004206555004958495,-0.00263760491990268,0.205,291.6725595770526,0.0,0.0,0.8321647081728762,-0.8953511231464898,0.0,0.0,1.0,23.856800799304462
0.0023520270403270664,0.001983936123488677,0.205,291.91605991949854,0.0,0.0,0.9323808883658077,0.9947886027154692,0.0,0.0,1.0,20.9202244523541
4.039635531526996e-05,-0.004160268023022155,0.205,291.6796003902164,0.0,0.0,0.880052267554431,-1.1428828583364015,0.0,0.0,1.0,21.167555516245997
-0.005419046477316658,0.002529889201340806,0.205,291.47700086550566,0.0,0.0,0.7609855439286036,-1.324070558525483,0.0,0.0,1.0,26.24309361956672
-0.0014813571038629137,0.0024245909240109016,0.205,291.8486797623245,0.0,0.0,0.9418822321483782,0.26197631295117835,0.0,0.0,1.0,21.545875157437948
-0.005102062029273647,-0.003190683188152505,0.205,291.52665668319315,0.0,0.0,0.7581607433359723,0.672984153591884,0.0,0.0,1.0,25.463959326962684
-0.0002850925367621062,0.005403353666620529,0.205,291.55414467045676,0.0,0.0,0.8023803776185839,0.21193255070448894,0.0,0.0,1.0,23.681767847173095
0.0024915247416985825,-0.0010514010759528156,0.205,291.83474422589444,0.0,0.0,0.9470920014053461,1.4403783266846075,0.0,0.0,1.0,21.80593336955357
0.0014689118065593257,-0.000399734086164215,0.205,291.9219007583306,0.0,0.0,0.9822421864017113,1.048211075851273,0.0,0.0,1.0,20.205468908618535
1.6273447797500694e-05,-0.0002464187561584008,0.205,292.0381899909463,0.0,0.0,0.9994394707844911,0.27519758648119014,0.0,0.0,1.0,18.64286640317112
0.0046977779391965515,-0.003872328831072032,0.205,291.44682267010114,0.0,0.0,0.7527548037231382,0.3858908503516774,0.0,0.0,1.0,24.941887242008107
-0.0027428465146647142,0.00566810725630291,0.205,291.45465067616396,0.0,0.0,0.7363908888243171,0.9809794568670267,0.0,0.0,1.0,25.642687791474412
0.00011374282297998318,-0.005253179997517046,0.205,291.59186263849375,0.0,0.0,0.8130960978878334,0.04282935617303104,0.0,0.0,1.0,23.64170347700379
-0.004987917634952307,-0.002637972286060608,0.205,291.68345663799664,0.0,0.0,0.7859949628911433,-0.8556278690320087,0.0,0.0,1.0,24.69689704196149
0.00325395929408619,0.004107312600033191,0.205,291.6734825795572,0.0,0.0,0.8140645776945535,0.41742470546577787,0.0,0.0,1.0,24.245089178145072
-0.0011411094316473665,0.0034687272018398083,0.205,291.76252358002733,0.0,0.0,0.9063859049159394,-0.6390435128314597,0.0,0.0,1.0,22.403985458489913
0.003437925467670315,-0.0008057723936036041,0.205,291.80038788472353,0.0,0.0,0.9121686649704307,-0.15016097054830346,0.0,0.0,1.0,20.21865505831733
-5.3434930111276115e-05,0.0021761769973888665,0.205,291.8924972789847,0.0,0.0,0.9649659502794689,0.36687275224241106,0.0,0.0,1.0,22.824638801585216
0.001593466691877635,-0.003758539068502963,0.205,291.76727308011164,0.0,0.0,0.884293881862844,0.5786085791840394,0.0,0.0,1.0,23.53522273577287
0.002787071485006037,-0.002722690260680038,0.205,291.67049454404844,0.0,0.0,0.8941105131743752,0.31295993413284656,0.0,0.0,1.0,24.35346037188049
0.003529755701751199,0.003236199712315976,0.205,291.6947178278197,0.0,0.0,0.8433084997273319,-0.11466168123716496,0.0,0.0,1.0,24.758696305946287
0.000246018154677395,-0.005381743405386462,0.205,291.56760247488035,0.0,0.0,0.8040083330587608,0.8658244648712408,0.0,0.0,1.0,24.57263309773047
-0.0037596436812156065,0.004730983455284545,0.205,291.4670407127424,0.0,0.0,0.7562220595180292,-0.7720708028410045,0.0,0.0,1.0,24.575106619997822
-0.0008060999533027208,0.004576047704847686,0.205,291.66623383569345,0.0,0.0,0.8520336878018638,0.37850219968616333,0.0,0.0,1.0,22.671522119305184
-0.000707440026847999,-0.0041340409020742,0.205,291.7220587874084,0.0,0.0,0.8782011584765789,0.2204643643543628,0.0,0.0,1.0,22.661524044779796
-0.003904377609659881,0.004887233708846878,0.205,291.4720551144422,0.0,0.0,0.7396852587807582,0.003295732271729251,0.0,0.0,1.0,25.67894998300077
0.0014168207290505082,-0.00409057108756546,0.205,291.61225972914553,0.0,0.0,0.8706527722776961,-0.5121875315825349,0.0,0.0,1.0,23.70084086861603
0.003360730634455351,-0.0031586210259864425,0.205,291.6202266291782,0.0,0.0,0.8541088761688017,2.184725350248292,0.0,0.0,1.0,23.6331375776957
-0.004012804169348108,0.0008942625259804269,0.205,291.7293427884071,0.0,0.0,0.8827342361761907,0.3471613054721782,0.0,0.0,1.0,23.222300437253374
0.004908637986030436,-0.0014236787786842354,0.205,291.6424128643446,0.0,0.0,0.8226740674274173,0.7193155728626791,0.0,0.0,1.0,23.971298132773686
-0.001889175357676112,-0.0012529366851941684,0.205,291.9475682208724,0.0,0.0,0.9621606208019692,0.6145747258081268,0.0,0.0,1.0,19.521729867147403
0.0029260644765139766,0.005424859167002151,0.205,291.5486895806001,0.0,0.0,0.7468844637733463,0.5395638146783582,0.0,0.0,1.0,25.525185240918407
-0.0016456955249040477,-0.004219304301943018,0.205,291.70061158594734,0.0,0.0,0.8590688552721044,0.39820975034316103,0.0,0.0,1.0,23.578953536006757
-0.003852335178745928,-0.004045564685906293,0.205,291.63231807218335,0.0,0.0,0.7900271559523746,0.10215312371609589,0.0,0.0,1.0,24.9295305639003
0.00623347561307287,0.0011062585585249127,0.205,291.3860192133923,0.0,0.0,0.7336797126032942,-1.1443127377421685,0.0,0.0,1.0,25.317923879034314
0.0038052112399861553,-0.005210907218398726,0.205,291.39258363255277,0.0,0.0,0.7238847940902968,-0.635492375819853,0.0,0.0,1.0,24.855970245949468
0.0026026592400779243,0.001183174370106705,0.205,291.83726542788145,0.0,0.0,0.9411939152132485,-0.5877426999244783,0.0,0.0,1.0,19.937073293686314
0.00012063037421539293,0.006132845039679947,0.205,291.4942799042728,0.0,0.0,0.749192782452147,0.7260534321591777,0.0,0.0,1.0,26.16638464810717
-0.00596009333306475,-0.0017724551188368718,0.205,291.5232342019459,0.0,0.0,0.7426243826310853,-1.8578868491827416,0.0,0.0,1.0,27.02320399417123
-0.001279197694120778,0.005462601593646639,0.205,291.55268806453273,0.0,0.0,0.7883062820432402,-0.005061934451785403,0.0,0.0,1.0,26.058179235648627
-0.004784532735385423,0.001778112634836057,0.205,291.52820336186136,0.0,0.0,0.8231136000946082,-1.329463617932756,0.0,0.0,1.0,23.82547170331381
-0.004906900217528723,0.0005702459673559601,0.205,291.72784463655677,0.0,0.0,0.8337769755413273,-0.19015416728377385,0.0,0.0,1.0,23.951084767339587
0.00202556974058788,0.00011154424203664257,0.205,291.90960920186814,0.0,0.0,0.9693583895430742,-0.7834361334771901,0.0,0.0,1.0,19.46596916973797
0.002268061529651609,-0.001301904018367436,0.205,291.78217108137466,0.0,0.0,0.9503557359952527,0.036120241082553864,0.0,0.0,1.0,21.42796050974373
-0.00024620500633848203,-0.0020927690309496746,0.205,291.930636461616,0.0,0.0,0.9670644993259374,1.471362057637042,0.0,0.0,1.0,21.036694910118847
0.0030831970197466,0.004713136159565176,0.205,291.6180431107648,0.0,0.0,0.7867514907164699,-1.412114542621607,0.0,0.0,1.0,25.920465729408324
-0.0028081469934651067,0.0037694789946902756,0.205,291.61992056709914,0.0,0.0,0.8487499116083413,-0.7112293811037724,0.0,0.0,1.0,22.897347930682756
-1.1342017760825738e-05,-0.0012884888410708921,0.205,291.99448154098826,0.0,0.0,0.9870637655297945,-1.620022819923812,0.0,0.0,1.0,18.897450337131847
0.0008188203295805544,-0.006113318492543241,0.205,291.4623162838461,0.0,0.0,0.7465542109032886,0.3875557285148422,0.0,0.0,1.0,25.1007422243227
0.0012690174299183963,-0.0010591896700873017,0.205,291.9048353065723,0.0,0.0,0.97923543660293,0.5158036632325423,0.0,0.0,1.0,19.432724676214292
-0.0017639023706632177,-0.00020422168845054083,0.205,291.9886442123805,0.0,0.0,0.97620870814396,1.6161325126147636,0.0,0.0,1.0,22.84911340155792
-0.0034591812194957657,-0.00037966168953636366,0.205,291.795779728056,0.0,0.0,0.914569639864925,-0.08695640214038187,0.0,0.0,1.0,23.638878539966584
0.00032896236651013325,-0.005306355737088084,0.205,291.5779557177629,0.0,0.0,0.8088746240591518,-0.47386609154265147,0.0,0.0,1.0,24.3607816423017
-0.0010983789738535203,0.0013984232355102977,0.205,291.8613738859683,0.0,0.0,0.976144443808385,0.918702956188103,0.0,0.0,1.0,18.55051337316717
0.0020730400063243702,0.0046495323024407335,0.205,291.6974912436883,0.0,0.0,0.8240024659728613,-0.2948597327273009,0.0,0.0,1.0,25.953635502029734
-0.00032314445106828335,-0.005188630882393545,0.205,291.64389560969005,0.0,0.0,0.8168444377625644,1.0356999419829982,0.0,0.0,1.0,23.63270601366074
0.0008367535294040644,0.0016379038199178392,0.205,292.0605653414091,0.0,0.0,0.9745641898854265,0.1476269994825887,0.0,0.0,1.0,19.283615134841696
0.0040843189994765414,-0.0012325971307082927,0.205,291.71886444435734,0.0,0.0,0.8741908654834445,-1.5747908609414805,0.0,0.0,1.0,24.608178542433556
0.003785922176096295,0.0005234237745060787,0.205,291.80086505674683,0.0,0.0,0.8979152916785498,0.49536995112133025,0.0,0.0,1.0,22.465574694406836
-0.005725414327417655,0.0007843842337168067,0.205,291.6144078843177,0.0,0.0,0.7760620048331472,-0.14560019377744834,0.0,0.0,1.0,25.01635024913158
0.0020678049792627134,0.0018935062823265784,0.205,291.85816678145216,0.0,0.0,0.9433322212553793,-0.6991344026281479,0.0,0.0,1.0,21.540945110902427
0.002589642632120364,0.0035329999622058152,0.205,291.7510940490104,0.0,0.0,0.8677157500964858,0.4279037898827748,0.0,0.0,1.0,23.91209245512505
0.00430343469727156,0.0018306481989716144,0.205,291.7073535828471,0.0,0.0,0.8502059635541978,-1.7617098079492088,0.0,0.0,1.0,24.042958944227433
0.0010109153969989973,0.006112270295934684,0.205,291.5040579696787,0.0,0.0,0.7444112673037294,0.4585155788284001,0.0,0.0,1.0,25.678880231412947
-0.00117420461782186,-0.001021194011720026,0.205,292.004105030967,0.0,0.0,0.9814852067438082,-2.590095858869273,0.0,0.0,1.0,20.4155441922962
-0.004617754407308942,-0.0016903928149428885,0.205,291.66708717801896,0.0,0.0,0.8352123634697385,-0.6416092813633264,0.0,0.0,1.0,23.145044820732966
0.004241812967315792,0.0033808531697782545,0.205,291.60826947460964,0.0,0.0,0.8014466143727421,1.2345759821481437,0.0,0.0,1.0,24.007190554002186
-0.000690041725654833,-0.0050211400071826775,0.205,291.64828046888533,0.0,0.0,0.8254714402475838,5.275391620978684,0.0,0.0,1.0,23.204958098422054
-0.002129925031267897,-0.0038742075578251448,0.205,291.72793466480874,0.0,0.0,0.8653739752535481,-0.8024810632851683,0.0,0.0,1.0,23.029850991781302
-0.0018776496447889068,-0.0015199234899857211,0.205,291.93922199441204,0.0,0.0,0.9573014152309043,1.2186366349562734,0.0,0.0,1.0,20.667052132737886
0.0019177501946376003,-5.329217865783926e-05,0.205,291.8735817469903,0.0,0.0,0.9724421074859964,0.8432088425378106,0.0,0.0,1.0,19.488555760843475
-0.005666910950865812,-0.0006651604161163417,0.205,291.62189240799404,0.0,0.0,0.7814120722896206,-0.334309097831805,0.0,0.0,1.0,25.4880195602468
0.006310830471724436,0.0014178298937694528,0.205,291.4661106260211,0.0,0.0,0.7226019428210269,2.587604671354301,0.0,0.0,1.0,26.608654700759683
0.0003879119020536788,0.0034184404143214847,0.205,291.74226644592056,0.0,0.0,0.9164060782581906,-1.1840301344205868,0.0,0.0,1.0,22.431678236540286
-0.0018683017554430282,0.001486454861249339,0.205,291.83072582232313,0.0,0.0,0.9582447614783918,0.009070104556944176,0.0,0.0,1.0,21.338246792476195
-0.002921164368691054,-0.0014920207300828797,0.205,291.8680364912087,0.0,0.0,0.9236483353473202,-1.5751079070904803,0.0,0.0,1.0,20.94440837654132
-0.0037015831648092947,-0.0013306547660032156,0.205,291.73798186885733,0.0,0.0,0.8921794883950345,0.5737791134272378,0.0,0.0,1.0,22.133267257628642
0.0024083698130674246,-0.0005128773154306071,0.205,291.8606678906271,0.0,0.0,0.9557212388654982,-1.3840762787731846,0.0,0.0,1.0,21.697506314465908
0.0048749516040929135,-0.0038988252900419764,0.205,291.4100740350853,0.0,0.0,0.7407169650060952,0.4137172131529764,0.0,0.0,1.0,25.530169619641924
-0.005582077432407122,-0.0004124796126188478,0.205,291.5493488504334,0.0,0.0,0.7892432729844436,-0.5217349371851084,0.0,0.0,1.0,24.71431542669328
0.0005529335728669987,0.0008596331396543151,0.205,292.0917405822598,0.0,0.0,0.9916695873800307,1.3384318581701948,0.0,0.0,1.0,19.254913722130933
-0.0019152872869291793,0.0005417683395606231,0.205,291.93150718212763,0.0,0.0,0.9704454354360889,0.4547178771816405,0.0,0.0,1.0,19.220136928419027
0.006385753771460462,1.8306348201093433e-06,0.205,291.4811580654202,0.0,0.0,0.7292765923981057,0.3004242857375156,0.0,0.0,1.0,25.13783616067728
0.0021241812261383435,0.005031787363410561,0.205,291.63211267240376,0.0,0.0,0.7988326525355518,-1.3329672792453757,0.0,0.0,1.0,25.3117069157321
-0.0033505644515616907,-0.0016792720782796066,0.205,291.82570761076556,0.0,0.0,0.9016431431199923,-0.34157941080724913,0.0,0.0,1.0,22.827037629579575
0.004939624299568605,-0.004091631322993652,0.205,291.346122815387,0.0,0.0,0.7269846183502392,-0.636630125032378,0.0,0.0,1.0,26.914821556423746
-0.00529749014339648,0.003004219463378957,0.205,291.42442887014977,0.0,0.0,0.7525983514432885,-0.3151454147630638,0.0,0.0,1.0,27.827792045290053
-0.00425119596748195,0.002048018075162224,0.205,291.62020938986893,0.0,0.0,0.8476290712567367,1.20245774578654,0.0,0.0,1.0,24.130491488078064
0.0031087401728808967,-0.0008836048115211094,0.205,291.77911197808265,0.0,0.0,0.9257687828919334,0.7492514094282422,0.0,0.0,1.0,22.850276715319726
-0.0027423684282663094,-0.0027545964919265054,0.205,291.8140443005216,0.0,0.0,0.8945904804562212,0.8928405824662203,0.0,0.0,1.0,23.57555626302567
0.0013770398969797505,-0.004310105003770477,0.205,291.61664131105954,0.0,0.0,0.8593142910570948,-1.678554354111703,0.0,0.0,1.0,25.390545119089285
0.0014570059397249824,-0.00030230535182207684,0.205,291.8714214808695,0.0,0.0,0.9829945207744936,1.6453348122838862,0.0,0.0,1.0,19.929089011181677
-0.0012767297869301529,0.004586784470165227,0.205,291.5778446560488,0.0,0.0,0.8450196358012005,0.9089518226562185,0.0,0.0,1.0,22.800368928488485
0.0012996889771059595,-0.001109647083465823,0.205,291.8239551005993,0.0,0.0,0.97787882730402,-2.8016445229331857,0.0,0.0,1.0,20.86323479793142
0.004695812594745185,-0.0015514255595615353,0.205,291.60767639151686,0.0,0.0,0.833422854760273,-2.348455020515278,0.0,0.0,1.0,24.292899184873665
0.0012007445659104857,-0.0055434830723093105,0.205,291.5105399637111,0.0,0.0,0.783864199328862,-0.9930971759824079,0.0,0.0,1.0,25.619959382377555
-0.003674303617128136,0.0021455502176236795,0.205,291.6508853614128,0.0,0.0,0.8748283362649499,2.2371091080781746,0.0,0.0,1.0,22.77810801848517
0.0013396008742360306,-0.00045189933428471,0.205,291.95372881138474,0.0,0.0,0.9845708547646547,-1.474861344326538,0.0,0.0,1.0,19.381188013112894
-0.0013506347066901498,0.0031470387983113086,0.205,291.7587036303654,0.0,0.0,0.9171318237597899,0.8252839277959736,0.0,0.0,1.0,22.161829058218117
-5.8623771897412814e-05,0.00066123006022385,0.205,291.98849381552805,0.0,0.0,0.996331209456829,2.89590086265667,0.0,0.0,1.0,18.791552682976086
-0.004413676309355013,-0.001424286427199626,0.205,291.63338602995447,0.0,0.0,0.8525603255043652,0.17977390077022787,0.0,0.0,1.0,24.35703729086936
-0.0041553048313197226,-0.004318674281579303,0.205,291.59272293885664,0.0,0.0,0.7600263729414777,0.01657820686540032,0.0,0.0,1.0,25.04189819025574
0.0026554475574143625,-0.0058156417563656766,0.205,291.4470848124409,0.0,0.0,0.7286759697491892,-1.2770821122395153,0.0,0.0,1.0,25.769025914091642
0.002126210922926336,-0.005010957956142117,0.205,291.50154786481863,0.0,0.0,0.8001177165232521,-2.3057559730432464,0.0,0.0,1.0,24.149048279724152
0.0023707529875846393,-0.0015710554581353912,0.205,291.7572576721891,0.0,0.0,0.941775377765713,1.3011074011904809,0.0,0.0,1.0,20.90172168223785
-0.002430410750260646,0.005816211753607365,0.205,291.47270478195844,0.0,0.0,0.7358567916390031,1.0919205619749208,0.0,0.0,1.0,26.278792884691303
-0.0009899019260318465,-0.006380200710946978,0.205,291.45163193330245,0.0,0.0,0.7235465927357699,-0.3217313319389615,0.0,0.0,1.0,27.044495993616657
0.0053273603351034,0.0017747432164363468,0.205,291.64491868407333,0.0,0.0,0.7879605211804331,-1.92208316037711,0.0,0.0,1.0,25.308449507721214
-0.0005425771999999207,0.005621553538141089,0.205,291.5073916280001,0.0,0.0,0.7856243997804347,0.9170734300349236,0.0,0.0,1.0,25.363008593495298
0.004854566218115695,0.00038167557307121174,0.205,291.6554643029982,0.0,0.0,0.8382475206981528,-0.849129403218142,0.0,0.0,1.0,24.297388922159445
-0.004690026498567813,0.0010054454519739246,0.205,291.58273534997795,0.0,0.0,0.8428210176846241,-0.24160260350307383,0.0,0.0,1.0,23.95730882365965
0.004972531202415324,0.0022544149739353154,0.205,291.51327816337357,0.0,0.0,0.7989772890787543,0.8469068936963279,0.0,0.0,1.0,24.38980170480125
-0.001233520622616859,0.004327774073129354,0.205,291.7453384613353,0.0,0.0,0.8607642014287366,1.0914574428321107,0.0,0.0,1.0,23.99923573830089
0.0013119929698414323,0.0035962456017410347,0.205,291.8184404453269,0.0,0.0,0.8976024177172063,0.05988555226539921,0.0,0.0,1.0,21.846527419138937
-0.0005156709928331968,-0.0032572771245268257,0.205,291.88210212148175,0.0,0.0,0.9228635408252871,-2.4576501185693336,0.0,0.0,1.0,22.536826298694734
0.004992523581444441,0.0014745597180342374,0.205,291.6653011974436,0.0,0.0,0.8163725237293282,0.5485881103280232,0.0,0.0,1.0,23.841539694203846
-0.0010344528342144546,0.0002726777606876103,0.205,291.9480672749459,0.0,0.0,0.9909157697831423,0.8522538276119039,0.0,0.0,1.0,19.091116576468288
-0.0017342291840343775,0.005120581991607063,0.205,291.5172424442142,0.0,0.0,0.8026984312938794,0.47927739057389657,0.0,0.0,1.0,25.00776452984034
-0.0007256578542095816,0.005916050152584592,0.205,291.47848366422085,0.0,0.0,0.762510558624557,0.2448627882871148,0.0,0.0,1.0,25.256656353361336
0.003742225530837532,0.00014198888147729706,0.205,291.6600136739666,0.0,0.0,0.9017883279694706,-3.5843234509817274,0.0,0.0,1.0,23.846810091711752
-0.005290436409068628,-0.0012431188345890401,0.205,291.55660712138973,0.0,0.0,0.80073561894166,0.2803090534486721,0.0,0.0,1.0,25.98777780197424
0.005149489161285496,0.0013846354604406795,0.205,291.6223067474251,0.0,0.0,0.8077902994575767,0.8961428686115733,0.0,0.0,1.0,24.937882563078063
-0.0028721053294164683,0.0025083600416493353,0.205,291.6424415617315,0.0,0.0,0.8983556560281691,0.6124004718064412,0.0,0.0,1.0,21.628444776105244
0.003148167140050805,0.001777816637010104,0.205,291.82770605151734,0.0,0.0,0.9081382747156135,-0.2521119663725734,0.0,0.0,1.0,22.89471546507093
0.006175457442147522,0.0003016560118543182,0.205,291.504529504415,0.0,0.0,0.7453889288530984,1.1984686846803603,0.0,0.0,1.0,26.13902204869113
-0.0012763943705903138,-0.004205282902125775,0.205,291.7306310636831,0.0,0.0,0.866895590119576,-0.13713841291258877,0.0,0.0,1.0,22.128290525495533
-0.0025252267885748922,0.004052396737339285,0.205,291.5537350017185,0.0,0.0,0.8441750320905482,-0.36520965200771743,0.0,0.0,1.0,23.551270841762587
0.0012825258121859427,0.0018393217837353074,0.205,291.96807537908995,0.0,0.0,0.9629365127713228,-0.5571446367866818,0.0,0.0,1.0,21.75149477388425
0.002691622020041113,0.002243426807199577,0.205,291.86126075640345,0.0,0.0,0.9134460398221985,-0.8255632182905853,0.0,0.0,1.0,23.161498974585495
0.0009038124122545704,0.000718771958180334,0.205,291.9623554826863,0.0,0.0,0.989495651590308,-0.8631426009199202,0.0,0.0,1.0,20.511062019397464
-0.0030806941950568337,-0.0036222318059146268,0.205,291.6626398663518,0.0,0.0,0.8453924087344661,-0.9588164636684111,0.0,0.0,1.0,24.04239048019853
0.004532696972213121,0.0005144980280565947,0.205,291.7496690575985,0.0,0.0,0.8571164860041918,-2.164791595722096,0.0,0.0,1.0,23.200910712771556
-0.0007272586365076945,-0.002125459906362632,0.205,291.9462388847826,0.0,0.0,0.9628069164231223,-0.7698510663397662,0.0,0.0,1.0,19.01509080458736
-0.0031428637949007365,0.005126267020423708,0.205,291.505851078717,0.0,0.0,0.7585115478914719,-0.8357917758885175,0.0,0.0,1.0,25.066389451189984
-0.0034833833163587257,0.002367345249767572,0.205,291.73064273354265,0.0,0.0,0.8772310190614071,0.8538902277463463,0.0,0.0,1.0,24.464300292733366
0.0029572280013854973,-0.0011976871256535132,0.205,291.80159026131304,0.0,0.0,0.9275615857253694,1.647257516178862,0.0,0.0,1.0,20.368698824238457
-0.005071323557926933,-0.0012282919629795046,0.205,291.5737283192252,0.0,0.0,0.8155524819063449,-1.9339745362354224,0.0,0.0,1.0,23.57498550644571
-0.0009105741215195591,0.00026632799152716014,0.205,292.03776520626184,0.0,0.0,0.9927691758757515,0.3879494222048516,0.0,0.0,1.0,18.7395799090819
-0.004362977726240816,-0.0007726653038053085,0.205,291.7422305664538,0.0,0.0,0.8648079064776104,3.013076455601998,0.0,0.0,1.0,23.91957380845778
-0.0019275966157189487,-0.0046023902662077855,0.205,291.7230504636753,0.0,0.0,0.8305768792845385,0.2818568555774028,0.0,0.0,1.0,25.726702775290132
-9.520755871240571e-05,0.005345119556181452,0.205,291.5456013865438,0.0,0.0,0.8068598177769263,-0.29217523621655095,0.0,0.0,1.0,25.05072227502247
-0.0033194988854049743,0.00015057149215225594,0.205,291.6935593597485,0.0,0.0,0.9217456538132593,0.5507867729441492,0.0,0.0,1.0,22.32108484900397
0.0035973416818407687,-0.001113574250068234,0.205,291.73548956695805,0.0,0.0,0.9007474465252959,-2.204806451253753,0.0,0.0,1.0,23.0032236426509
-0.0011986578905530305,-0.0010064159438332475,0.205,292.00382946959894,0.0,0.0,0.9812814532636119,1.9153935062806935,0.0,0.0,1.0,17.806452543822402
0.0032150711568732933,0.0029931336716628454,0.205,291.70849896392895,0.0,0.0,0.8670138029211771,-0.20190566314052044,0.0,0.0,1.0,23.027632933868347
0.00015923075403882655,0.004022309678963737,0.205,291.7093548436574,0.0,0.0,0.8873393718849623,-0.4834733292397005,0.0,0.0,1.0,22.746782915355325
0.0002491998667277047,-0.006316600179522732,0.205,291.4937175314971,0.0,0.0,0.7344277196367964,1.4135052430102162,0.0,0.0,1.0,24.523112946388526
-0.0037693389764433503,-0.0023141811495977554,0.205,291.7293347574342,0.0,0.0,0.8652608720255422,1.3383567441206288,0.0,0.0,1.0,22.776093928898685
0.002276495510337116,-0.002060614750023361,0.205,291.79482739082835,0.0,0.0,0.9326487017878218,0.6589548108286939,0.0,0.0,1.0,22.746700383731746
0.0018229757605978463,-0.003229311604943006,0.205,291.64510443061505,0.0,0.0,0.9036035488364982,0.3109445376356825,0.0,0.0,1.0,22.826200999950444
-0.0034081766409553307,0.0030711254219484467,0.205,291.64497623935364,0.0,0.0,0.8555682272908682,0.6389248287839134,0.0,0.0,1.0,23.214144195619067
-0.004318996460586703,0.0007472474705161635,0.205,291.62458607610074,0.0,0.0,0.8675600683181933,1.0175500640598436,0.0,0.0,1.0,23.495496139220776
0.00305287992981246,0.004124266602029724,0.205,291.6357157667142,0.0,0.0,0.8213325252884521,1.9486483016975242,0.0,0.0,1.0,22.43276832152444
-0.0017151120042573843,-0.0008431492014502197,0.205,292.063136281549,0.0,0.0,0.9726419921448133,0.2462610283410814,0.0,0.0,1.0,21.48094349067267
0.0031890456231758184,9.033764826073331e-07,0.205,291.7963225811275,0.0,0.0,0.9276267495248035,0.997384793925385,0.0,0.0,1.0,21.812523066081383
-0.0016219059208258198,-0.00593998131228773,0.205,291.4119562748707,0.0,0.0,0.7473718107890034,-1.1947330470047572,0.0,0.0,1.0,25.14888890030357
0.005518115679406672,0.00048166280317752313,0.205,291.56946412926845,0.0,0.0,0.7933874235930107,-0.6893024519552005,0.0,0.0,1.0,23.64220245652273
-0.0026095590851493945,0.0015870314541536622,0.205,291.7588982726039,0.0,0.0,0.9333281602264321,-0.1588608916205525,0.0,0.0,1.0,22.70626761099527
0.0025022812589293774,0.005869151282583887,0.205,291.5526417228994,0.0,0.0,0.729714989581153,-0.5826476981988543,0.0,0.0,1.0,24.695924300126784
0.0009811787552772657,-0.00280515187984217,0.205,291.8021924512717,0.0,0.0,0.9367064357710103,-1.6425646979315305,0.0,0.0,1.0,20.39170779469215
-0.003034855826763514,-0.002440194633981079,0.205,291.7738734372409,0.0,0.0,0.8942159427484315,0.9123189053086808,0.0,0.0,1.0,21.97552136570624
-0.0014415527066267753,0.0005547768269575573,0.205,291.8911310057997,0.0,0.0,0.9817449133821656,-2.317726565716405,0.0,0.0,1.0,19.427324711341775
0.006180696089972906,0.0017533907028462995,0.205,291.51284152366185,0.0,0.0,0.7261396170609066,0.03686357477598386,0.0,0.0,1.0,26.066784785432752
-0.004090038963270365,0.0037789755090647825,0.205,291.5456198989978,0.0,0.0,0.791292998058631,-0.567096047438422,0.0,0.0,1.0,24.563139901057983
-0.000784461193301828,0.0015836953161649648,0.205,291.88068488548936,0.0,0.0,0.9764208494906369,-1.3301203785447164,0.0,0.0,1.0,19.413233304899677
-0.00038236697581734054,-0.0031743463748044325,0.205,291.8657564515368,0.0,0.0,0.9272707418097473,0.5710526374400761,0.0,0.0,1.0,22.65943530222257
0.004581303614197554,0.002877586162956732,0.205,291.6022946442231,0.0,0.0,0.802435932815074,1.2423052569476063,0.0,0.0,1.0,24.39469606814051
-0.0003285036869889303,-0.001544213003504757,0.205,291.9504904399272,0.0,0.0,0.9809704961681669,0.5126010254743388,0.0,0.0,1.0,20.179928416397313
0.0035166697497729256,-0.002335929463088695,0.205,291.64325668116413,0.0,0.0,0.8766705629977454,-0.44949793755147127,0.0,0.0,1.0,23.279359146211565
0.002084245752973355,0.005985248095891149,0.205,291.58196560745495,0.0,0.0,0.7331289857452417,0.8793522032007242,0.0,0.0,1.0,26.954912062331356
0.003406138804064742,-0.004191616899628625,0.205,291.5213671649414,0.0,0.0,0.8030606318041497,-0.49489844922577075,0.0,0.0,1.0,23.770766477702388
-0.005099780116682057,-0.0018291486492874123,0.205,291.6396005300448,0.0,0.0,0.8018928537322181,1.7158020519638697,0.0,0.0,1.0,24.6949492487752
0.0026529151518373184,0.005770499912818271,0.205,291.4897513206217,0.0,0.0,0.7320601779462221,0.8039582343066721,0.0,0.0,1.0,24.67673247855518
0.0017372312032673588,-0.003960094136562712,0.205,291.62983151461583,0.0,0.0,0.8709139855652182,-1.1762976634048037,0.0,0.0,1.0,22.51153383619911
0.004259314085663335,-0.000894201667244235,0.205,291.6469129543789,0.0,0.0,0.8693338473350307,0.7550914828237673,0.0,0.0,1.0,23.175661418811455
0.0019468943204062133,0.0036543445488733763,0.205,291.7876024679403,0.0,0.0,0.8811376252392149,0.49237919099554117,0.0,0.0,1.0,23.07042343089293
-0.005898637631996138,-0.00244511138477143,0.205,291.4870834562485,0.0,0.0,0.7293103917894418,-0.7435124755883773,0.0,0.0,1.0,24.74371877379788
-0.004972973081150984,0.003953025205565472,0.205,291.4531843962734,0.0,0.0,0.7319324463269914,-1.6287734398556954,0.0,0.0,1.0,25.90097132178933
0.000623130333075659,-0.005776128284212697,0.205,291.5201832629035,0.0,0.0,0.7737927231799427,1.3470642484814899,0.0,0.0,1.0,25.10243143019398
0.0030769230736488245,0.0023488892831691473,0.205,291.7723874856631,0.0,0.0,0.8954102059727592,1.2052052789493062,0.0,0.0,1.0,22.992347815218867
-0.0045700590336717525,0.0004718153523460655,0.205,291.67365521557383,0.0,0.0,0.8551733955369066,2.7412677119217683,0.0,0.0,1.0,21.725367893059197
-0.0052011698555764424,-0.0035349294963217775,0.205,291.5603448162035,0.0,0.0,0.7370399029365854,-0.3404697387507364,0.0,0.0,1.0,25.925558231330744
-0.0042736570421827305,-0.0023328934903828493,0.205,291.70811004172486,0.0,0.0,0.8382860974460149,0.9095435545064485,0.0,0.0,1.0,23.543227865038308
-0.00042596253027126185,0.005104868128635111,0.205,291.71357951748524,0.0,0.0,0.8219032702672986,-2.627836640331207,0.0,0.0,1.0,23.85386494721635
-0.0029432081718207253,0.0022045166379838364,0.205,291.75374555724375,0.0,0.0,0.9051313402026177,1.8024867147981716,0.0,0.0,1.0,22.037979284928795
0.005812398985880906,-0.001891481849332579,0.205,291.36437811585375,0.0,0.0,0.750868988279442,2.4478972927995977,0.0,0.0,1.0,25.19514458813994
0.005714708960131177,-0.002095199440755286,0.205,291.38570865578515,0.0,0.0,0.7528580314545638,-1.9471820665204786,0.0,0.0,1.0,25.73352981052678
-0.003742370724954303,0.0033147476544652357,0.205,291.58161992821465,0.0,0.0,0.8299610876250417,-1.5815362653367853,0.0,0.0,1.0,22.997723550785317
-0.00025361763605037316,-0.005549641351592852,0.205,291.6195597305122,0.0,0.0,0.7922281242514614,0.25976125458780497,0.0,0.0,1.0,25.743029432882157
0.0013416049511550759,-0.0007269864787516218,0.205,291.8515381678875,0.0,0.0,0.9821626759930431,-0.04859901671293681,0.0,0.0,1.0,19.12573780374742
-0.0031068566965350083,8.63707499218717e-05,0.205,291.86389731521416,0.0,0.0,0.9310789775923755,-1.0610202748210447,0.0,0.0,1.0,23.465111842813904
0.003213667420892779,-0.0027971356664152898,0.205,291.6052023949976,0.0,0.0,0.8745148261031163,0.40561750634490595,0.0,0.0,1.0,23.886278863498273
0.001055020559227546,-0.0017238393162860297,0.205,291.9226678019296,0.0,0.0,0.9695754727982026,-0.8839320683862181,0.0,0.0,1.0,19.287058144006537
-0.0017868007528698707,-0.000851206826149205,0.205,291.9651252397777,0.0,0.0,0.9707617978393989,-2.6627816484940374,0.0,0.0,1.0,19.5450587815175
-0.001455841255656095,-0.0024979644281277334,0.205,291.79533645373914,0.0,0.0,0.9399263428052724,-2.091950825175878,0.0,0.0,1.0,21.21460247321212
0.00025755796861520085,0.004697383947221778,0.205,291.71916992022847,0.0,0.0,0.8485087113079144,-0.736490551805968,0.0,0.0,1.0,23.429580249337878
-0.0037388389519432794,0.0020034304254527824,0.205,291.63140545980036,0.0,0.0,0.8755591315863311,1.5276887527091236,0.0,0.0,1.0,22.246437847918195
0.0017118238213692132,0.0026822769685803764,0.205,291.9463236061393,0.0,0.0,0.9279314277667542,-0.7933140231458032,0.0,0.0,1.0,22.79220877973902
-0.0030809080402167985,0.00270180072423727,0.205,291.67320380494317,0.0,0.0,0.8834631928126366,0.9026159035574641,0.0,0.0,1.0,23.217142183451777
-0.005927643314881651,0.0023441263222306595,0.205,291.4501410742886,0.0,0.0,0.7301973192895842,1.4722861040815869,0.0,0.0,1.0,25.55968190204384
-0.0026407429497529835,-0.004061230962896258,0.205,291.7159816372877,0.0,0.0,0.8398380076119666,1.6293866360706872,0.0,0.0,1.0,24.350964765774616
0.00014840841222527935,-0.00646623660054665,0.205,291.452508863729,0.0,0.0,0.7226182068636074,1.5797874992113867,0.0,0.0,1.0,25.533350277015323
-0.0029002393718113293,-0.003804073411573151,0.205,291.66330801900267,0.0,0.0,0.8436317845354914,1.215405580548154,0.0,0.0,1.0,23.416193467977955
-0.00251359296918231,-0.00012392745869641177,0.205,291.8845007861635,0.0,0.0,0.9538486151939112,1.0969554820865397,0.0,0.0,1.0,21.21778299856964
0.003400266301935808,-0.002050297727668806,0.205,291.6696499623138,0.0,0.0,0.8902395586614533,-1.2900948808700892,0.0,0.0,1.0,23.231929299234277
0.003766109881841585,0.0017417048292946167,0.205,291.7500650100484,0.0,0.0,0.8806602511998275,0.10314975546333717,0.0,0.0,1.0,23.892454911158076
0.0024153017296462795,0.004824721381156346,0.205,291.6687998818376,0.0,0.0,0.8034442774573244,-0.31716726565346126,0.0,0.0,1.0,24.670498989683683
0.004214805607640925,-0.004050139527887909,0.205,291.46925178411675,0.0,0.0,0.7711431855521202,-0.9121877813460805,0.0,0.0,1.0,25.07960403592322
-0.0024056999722983485,-0.001810266980048599,0.205,291.8508130046353,0.0,0.0,0.935122001481699,0.32624310994017497,0.0,0.0,1.0,20.324836698923985
0.00037720702719833284,-0.004654525429991071,0.205,291.7684818314354,0.0,0.0,0.8506219657329325,1.1006224058313288,0.0,0.0,1.0,24.263853127393443
-0.000964010389246091,-0.004774434651911188,0.205,291.6874094984765,0.0,0.0,0.8381694150859788,0.5182453025516748,0.0,0.0,1.0,23.910017189231493
-0.0025183178036346987,-0.003643672343380085,0.205,291.7323919743195,0.0,0.0,0.8649015449543422,-0.4925967213311711,0.0,0.0,1.0,23.73163819389034
0.005415350361527395,-0.003294437320996334,0.205,291.47120037687824,0.0,0.0,0.7330528555591124,0.9778978354299358,0.0,0.0,1.0,24.616033656810252
-0.0005284845121516006,0.00041533935151488624,0.205,291.86462176237427,0.0,0.0,0.9962431487927663,-1.0779691148412744,0.0,0.0,1.0,20.368727087440224
-0.005757673757891048,0.0010700996923361137,0.205,291.52539477997226,0.0,0.0,0.7703306751309931,1.9468338409059984,0.0,0.0,1.0,24.629294272464122
0.002142739353610101,0.0008910971751189122,0.205,291.9330668330005,0.0,0.0,0.9604379618384595,2.9317480210300833,0.0,0.0,1.0,21.073985382927624
-0.000489145670565104,0.00031752813074288085,0.205,291.93599278335466,0.0,0.0,0.997131638317929,0.9990900350521426,0.0,0.0,1.0,16.777907507420192
-0.0036991987615833865,-0.0009606372360230169,0.205,291.76801075207555,0.0,0.0,0.8979171758556953,-1.0754570353346196,0.0,0.0,1.0,23.400308097413202
0.004073354176019947,0.0025855862935183272,0.205,291.6367143763923,0.0,0.0,0.8410678884579789,2.0196209022311176,0.0,0.0,1.0,23.151288505558725
0.002973491693908985,0.0012768055729248436,0.205,291.89152709551587,0.0,0.0,0.9255874328367444,-0.729558532790075,0.0,0.0,1.0,22.34202908437219
-0.003958582808883055,0.0011118284097937762,0.205,291.6972878900318,0.0,0.0,0.8827063071350221,0.6479681959822764,0.0,0.0,1.0,22.624596417759737
-0.00010303585183902781,-0.0009810462949611672,0.205,292.047785174561,0.0,0.0,0.9922132043422143,-0.5968996747187054,0.0,0.0,1.0,19.492984547607474
-0.004660678171729028,0.0033812012815987898,0.205,291.4821259030383,0.0,0.0,0.7775987086567803,0.21371877479714807,0.0,0.0,1.0,25.253404040614363
0.0035794866644797974,-0.00272628815983241,0.205,291.5863898453085,0.0,0.0,0.8608022789608469,1.4999568104563217,0.0,0.0,1.0,23.529651812064245
0.0003526582379578171,0.0011137677938325367,0.205,291.9715860576502,0.0,0.0,0.9892612858284613,1.6673182675672187,0.0,0.0,1.0,18.83563480973176
0.004163561131862299,0.0036202758982244003,0.205,291.67701693803576,0.0,0.0,0.7949228459274481,-1.1496003266145733,0.0,0.0,1.0,23.9379448709873
0.001669596726439339,-0.002899528707510454,0.205,291.84213362299437,0.0,0.0,0.9207153868850864,-0.5140329283180868,0.0,0.0,1.0,20.68847052581349
-0.0039058523787444625,0.0038675783685256353,0.205,291.49492251475317,0.0,0.0,0.7963809747578607,-3.0173585642146667,0.0,0.0,1.0,24.561696865181425
0.0020484204023126394,-0.003041222884769243,0.205,291.6917415307679,0.0,0.0,0.9056466451985741,-0.6936408825505062,0.0,0.0,1.0,23.401477602630354
-0.005557075701707955,0.002026102577265794,0.205,291.4947238862703,0.0,0.0,0.7659415216451898,-1.7959520882935733,0.0,0.0,1.0,26.584579614937077
-0.0019703425107266146,-0.0060177732594416875,0.205,291.48790895582886,0.0,0.0,0.7335798603250573,0.07539357473270515,0.0,0.0,1.0,26.343496957717946
0.004002342383432964,-0.003085903935520869,0.205,291.47641316994225,0.0,0.0,0.8264168750897081,-3.5827916321643767,0.0,0.0,1.0,25.001999309304153
-0.0028280649845294076,-0.0017484162382092755,0.205,291.9241936322065,0.0,0.0,0.9216570108365417,0.28772544940505246,0.0,0.0,1.0,22.94198360250683
0.006386304846814909,0.00113182051366316,0.205,291.4066994122125,0.0,0.0,0.7211591481205649,2.637314084674115,0.0,0.0,1.0,24.858182560376857
0.004315150202388521,0.00308480891770752,0.205,291.61942489734537,0.0,0.0,0.809703758662051,1.6957045713029706,0.0,0.0,1.0,25.19333529796258
-0.0032596574751139478,-0.0009457782186121523,0.205,291.8870455476007,0.0,0.0,0.9185300194173991,1.7969007926442115,0.0,0.0,1.0,21.972091286825044
0.002461070283207627,0.0026706905262022028,0.205,291.8648778864096,0.0,0.0,0.9073515503805104,0.023205611128837934,0.0,0.0,1.0,22.08668971175359
0.0032606597447390464,-0.004551188773581644,0.205,291.49439496852835,0.0,0.0,0.7891442609752659,-0.38190417358717454,0.0,0.0,1.0,23.30607620599524
0.0024826148606670894,-0.0006251295687355561,0.205,291.7853368574989,0.0,0.0,0.9523224354546563,1.5841520849459225,0.0,0.0,1.0,20.974139230339155
-0.0028664931465063074,-0.00046957680264847885,0.205,291.8558550308189,0.0,0.0,0.9393940513879276,1.750191124067729,0.0,0.0,1.0,21.8086717473236
0.0005439191836600814,0.0010965290174573675,0.205,291.97554740673246,0.0,0.0,0.9882666897004403,3.4045142939963804,0.0,0.0,1.0,18.942482343925256
-0.0036115568333646092,-0.000655179451827652,0.205,291.7846009916866,0.0,0.0,0.9054630499949199,-1.851883668899163,0.0,0.0,1.0,21.615504657318844
0.002940550924105082,0.0020589318524146622,0.205,291.77010315018606,0.0,0.0,0.9093774750152138,-0.8576214921228218,0.0,0.0,1.0,22.959395173620667
0.0032522173210586714,-0.00011836490408063895,0.205,291.7539535377643,0.0,0.0,0.9247840476092046,0.7713032253792044,0.0,0.0,1.0,21.126987877151056
-0.005973213670940476,-0.0001411852389675151,0.205,291.5794406991633,0.0,0.0,0.7614121163633537,1.5606634773298595,0.0,0.0,1.0,26.888493556277723
0.0008473634648485192,0.002429914885605987,0.205,291.8757199145605,0.0,0.0,0.9518502296997535,1.08525171112795,0.0,0.0,1.0,22.427228137205397
-0.004793840580887623,-0.004058414298630624,0.205,291.56999495616634,0.0,0.0,0.7376479870299957,-0.09253166733731506,0.0,0.0,1.0,25.180855704016285
0.0037054756163779194,-0.0022888698537985265,0.205,291.6773767861555,0.0,0.0,0.8691495579234643,-0.1349890919733016,0.0,0.0,1.0,22.765375282542433
0.003597592623654434,-0.00012216711237966396,0.205,291.7923444629708,0.0,0.0,0.9088994677136214,-2.2469323744229057,0.0,0.0,1.0,23.21649952486104
-0.005310846053447474,0.0007920926199386144,0.205,291.58577786849486,0.0,0.0,0.8052350563233891,-0.045651730297423976,0.0,0.0,1.0,24.551198675351532
0.0012163736340284313,0.0013878783495075097,0.205,291.92858794946915,0.0,0.0,0.974400744170919,0.1985398467615789,0.0,0.0,1.0,19.58685385269491
0.0003602216598246672,-0.0040744560872366066,0.205,291.68684648695614,0.0,0.0,0.8838638898934255,2.0407683533668406,0.0,0.0,1.0,22.411581502558125
-0.0007330963812504349,0.004196809653721153,0.205,291.68308189975073,0.0,0.0,0.8745212928373997,-3.1824589990764776,0.0,0.0,1.0,22.316125118333808
0.001764859356182082,0.003571277393225128,0.205,291.80026201531126,0.0,0.0,0.8895569845021127,-1.2436396939480305,0.0,0.0,1.0,22.078623076764067
-0.001314551889487821,0.002565679070825963,0.205,291.79662234435125,0.0,0.0,0.9402578088251203,-1.9940228315689894,0.0,0.0,1.0,20.263457114255026
0.004309687463665929,-0.0005633134524020652,0.205,291.65837545528314,0.0,0.0,0.8696656424426723,1.3220351053876918,0.0,0.0,1.0,23.187243260080173
0.004830811318527869,0.00039170087224332133,0.205,291.60742400254406,0.0,0.0,0.8396885793267035,-2.1006327099574946,0.0,0.0,1.0,23.43706326117714
-0.000982591656141153,0.005466562672777458,0.205,291.56669571546973,0.0,0.0,0.7923179642516737,-2.289351806238786,0.0,0.0,1.0,25.7821391386445
-0.005206750573932692,0.002343631564461284,0.205,291.55473046243964,0.0,0.0,0.7811152153262357,-0.43501607841246553,0.0,0.0,1.0,25.416117376604777
0.001096101395991791,-0.001981063988326909,0.205,291.8365396373235,0.0,0.0,0.9622500331237945,-2.158401387792472,0.0,0.0,1.0,18.990851037064935
0.0038005748533604623,0.004151127044577481,0.205,291.64569650786143,0.0,0.0,0.7870295241091274,0.7468239656436441,0.0,0.0,1.0,26.245781989689252
0.003969981132248255,-0.0010054854474315477,0.205,291.6482722954221,0.0,0.0,0.883594863670439,-0.17490776820772255,0.0,0.0,1.0,22.399366774852695
-0.0027616997701850935,-0.004773845284570672,0.205,291.7150214062049,0.0,0.0,0.7950831951208653,2.8272359500906816,0.0,0.0,1.0,24.922313642259915
0.0014947157992058827,0.0026424617987084354,0.205,291.92176525065423,0.0,0.0,0.9340867236771756,1.0913200190260262,0.0,0.0,1.0,21.55217330581393
-0.005770194922699872,0.0013629130074951376,0.205,291.40043950629473,0.0,0.0,0.7648834568461117,-0.39421211584743954,0.0,0.0,1.0,25.590662554936383
-0.0005015901785098989,-0.003914042909081138,0.205,291.75013492993986,0.0,0.0,0.8915244317267933,0.10763195655410397,0.0,0.0,1.0,23.57099655815321
-0.0025869958846426095,0.004922261997654634,0.205,291.5582427763185,0.0,0.0,0.7918548375862027,-1.2570149966738495,0.0,0.0,1.0,25.643495734651964
-0.004030277658048694,0.0044613933308988215,0.205,291.4655319010602,0.0,0.0,0.7585688947296122,0.8208215802753143,0.0,0.0,1.0,25.9945650077021
0.0008824964468244216,0.0048006825916737635,0.205,291.6815441721652,0.0,0.0,0.8375162116957746,1.1008851108673086,0.0,0.0,1.0,24.418890823029045
0.002178083482794538,0.004472405462194857,0.205,291.67009080875414,0.0,0.0,0.8315542521146116,0.9695237135620619,0.0,0.0,1.0,24.233807742825636
-0.004121066906512371,0.003833917548123757,0.205,291.5610255398929,0.0,0.0,0.7869918957242212,-1.9815385184556211,0.0,0.0,1.0,24.842477759604094
-0.0026095063332810154,-0.0001634575265345487,0.205,291.92662711363363,0.0,0.0,0.9503751519085556,-0.12895558281797587,0.0,0.0,1.0,22.16325336216626
-0.005985024444520057,0.0020416491937070573,0.205,291.5038559945484,0.0,0.0,0.7342552993149526,0.49576544677224804,0.0,0.0,1.0,26.557681810553646
0.0021869220008555964,-4.038383665075535e-05,0.205,291.958674103782,0.0,0.0,0.9646453472855558,2.7874072840908863,0.0,0.0,1.0,20.964244830917764
-0.0013312156572030073,0.003922449195746843,0.205,291.6831722684493,0.0,0.0,0.8810512726429037,-2.2350753379025794,0.0,0.0,1.0,23.487821113156752
0.0025409334535668347,0.0022669237230797403,0.205,291.836196740063,0.0,0.0,0.9180233730076077,1.4874947059197798,0.0,0.0,1.0,21.955150845879952
0.0003508132030279264,-0.0009229521861574784,0.205,291.9344392031495,0.0,0.0,0.9921991985526297,-1.1757886289234467,0.0,0.0,1.0,18.378172516804312
5.7945863865010194e-05,-0.0044106570900476405,0.205,291.68214116234833,0.0,0.0,0.8659551546346549,0.4538662503734779,0.0,0.0,1.0,23.276551218116502
0.005593390850415275,-0.0023009940736357596,0.205,291.4986551237114,0.0,0.0,0.755819555547482,0.3264491518000821,0.0,0.0,1.0,24.855171558832794
-0.0016801800897819383,0.0014532313831386772,0.205,291.8685709011457,0.0,0.0,0.9635887179239138,-0.40941138332886917,0.0,0.0,1.0,20.412580487821675
0.0033230549292677086,0.0037130626948544687,0.205,291.694927047029,0.0,0.0,0.8310171210045615,-0.06749687665478293,0.0,0.0,1.0,25.01264695675587
-0.004205021495698031,0.001360764138483234,0.205,291.6577507979325,0.0,0.0,0.8654536733710224,2.2355226628983753,0.0,0.0,1.0,24.12658406617684
0.0008082033980825564,-0.0040366128561342045,0.205,291.65629302073773,0.0,0.0,0.882436783936769,3.2316933532201126,0.0,0.0,1.0,23.588932056451135
-0.00029895152511449284,0.004059532588174288,0.205,291.6867283393958,0.0,0.0,0.8849309466106731,-0.1256503292458599,0.0,0.0,1.0,22.13222385260011
0.005536339395045978,-0.0026274355301686516,0.205,291.4046638225545,0.0,0.0,0.7496479084356787,-0.6666282099269072,0.0,0.0,1.0,25.636305769609294
0.004650484204878101,-0.0014920659228624831,0.205,291.5735614438716,0.0,0.0,0.8373353890477893,1.0939388583233545,0.0,0.0,1.0,23.403491540767483
0.0045986817846127665,-0.0016434257197393638,0.205,291.6210157189419,0.0,0.0,0.8373648128961084,-0.8342578570650322,0.0,0.0,1.0,25.576311776827083
-0.002140520327367369,-0.0039510342510633055,0.205,291.7653045675996,0.0,0.0,0.8611476549921352,0.3181573321107443,0.0,0.0,1.0,23.204489928541808
0.004829972214296861,0.00048718002329858965,0.205,291.5914086939896,0.0,0.0,0.8391971237494158,1.5086605661224104,0.0,0.0,1.0,24.98057668794142
0.0010818501442596319,-0.00338570686951932,0.205,291.76530159067437,0.0,0.0,0.9110661201871486,-0.010513780809271627,0.0,0.0,1.0,22.199605069815526
-0.0045466853646419884,0.0035023264203023056,0.205,291.46351059971875,0.0,0.0,0.7789741796528052,-0.49382128542623105,0.0,0.0,1.0,22.77214247334129
-0.0031767213342049016,0.0010060529037339045,0.205,291.76619225673306,0.0,0.0,0.9213285744210503,-0.6891090669285013,0.0,0.0,1.0,21.804810530634434
0.0017122983983010555,-0.001639279283386372,0.205,291.9083738816411,0.0,0.0,0.9588079322227856,0.8561349301246983,0.0,0.0,1.0,20.972487062006692
-0.0012729466930464575,0.003330793128808462,0.205,291.75958051808624,0.0,0.0,0.9105234054595239,-0.3130497210351836,0.0,0.0,1.0,23.18312036291784
-0.0006649993778105186,-0.002406574974847354,0.205,291.8879503378553,0.0,0.0,0.9545389271296953,1.8853697977816282,0.0,0.0,1.0,22.256980826008764
-0.0016964406179553915,0.002118602176778778,0.205,291.7354933231383,0.0,0.0,0.9467261112141435,0.5746007018902195,0.0,0.0,1.0,20.384224703755258
0.003860499891704707,-0.0003187027390274961,0.205,291.7026343970449,0.0,0.0,0.8952756431840904,-1.2133524294038613,0.0,0.0,1.0,23.2794516354152
-0.006267235489673846,-0.0008867849029185519,0.205,291.49762279249353,0.0,0.0,0.7337769135110651,-0.8250174063968311,0.0,0.0,1.0,24.43097593165909
0.003134055151107465,-0.00315523858666501,0.205,291.6591504201184,0.0,0.0,0.8638579117552301,-0.16088048642051922,0.0,0.0,1.0,24.334208203491364
0.0005664544896003536,-0.0034287660490142724,0.205,291.7667693855222,0.0,0.0,0.914789274114403,-0.0018895758671206584,0.0,0.0,1.0,21.997493040596634
0.0062055520345882026,-0.0009240303236355962,0.205,291.4302923822519,0.0,0.0,0.7382098060790189,-1.5642770807969888,0.0,0.0,1.0,26.519309096388177
-0.004259770190995883,-0.0015035774974625105,0.205,291.76414239270457,0.0,0.0,0.8597507737566814,-0.08907656588442273,0.0,0.0,1.0,23.800238351823005
-0.0031580360773559614,0.0006449238182223542,0.205,291.803446774737,0.0,0.0,0.9261462720119052,-1.1369612455734275,0.0,0.0,1.0,22.465906543702808
-0.004209302228877009,-0.0008447235490721573,0.205,291.70521059657574,0.0,0.0,0.8726756001104142,0.010007913887961519,0.0,0.0,1.0,23.255558490578377
-0.001455377831449397,0.005718373462938534,0.205,291.47291690268423,0.0,0.0,0.7670110457853465,-1.3474719622308675,0.0,0.0,1.0,25.269652685404857
0.0018330519549577867,0.004041400896307147,0.205,291.6966003159964,0.0,0.0,0.8644127180606667,-0.9537403435614364,0.0,0.0,1.0,23.814565947606262
0.00041624791931630674,0.002360553716920464,0.205,291.95821016551173,0.0,0.0,0.9579290440010837,-0.23461673589557405,0.0,0.0,1.0,21.213860268710324
-0.005604994935288994,-0.0017820722204319708,0.205,291.492688770558,0.0,0.0,0.7684490558765551,-1.352280261835629,0.0,0.0,1.0,24.644591877048406
0.0033194235546099523,-0.004883823571631187,0.205,291.44183064912676,0.0,0.0,0.7666780392885465,-1.0170948184922743,0.0,0.0,1.0,24.506691647520164
0.0033777400041263067,-0.005220179183889239,0.205,291.44737128979796,0.0,0.0,0.7426554418797571,0.8362332128235802,0.0,0.0,1.0,25.03908795902511
0.0006869366763540793,0.003600389019626517,0.205,291.7799384608381,0.0,0.0,0.9057158459583996,-1.499054265714178,0.0,0.0,1.0,22.305329365549774
-0.001968687110108358,-0.0018197561962070205,0.205,291.91403977132995,0.0,0.0,0.9479576639542985,-0.09935383952971164,0.0,0.0,1.0,20.484577976045315
0.0022173694436426945,0.001932206713190414,0.205,291.94066712291254,0.0,0.0,0.9379423805571125,-0.5221640698959401,0.0,0.0,1.0,21.132790169818374
-0.004348624100666245,0.0012299694715570404,0.205,291.6401302884965,0.0,0.0,0.8596399819340094,0.8447016761922106,0.0,0.0,1.0,22.91964314064454
0.002532717003392239,0.0014505496337304988,0.205,291.9422084001228,0.0,0.0,0.9388382762650209,-1.3494855093827829,0.0,0.0,1.0,21.841824239222117
0.00606407477492431,-0.0022319575649105685,0.205,291.427335063924,0.0,0.0,0.7231196502014816,-2.7787925860541036,0.0,0.0,1.0,25.946901263882236
-0.00225134425499033,-0.003363922958792165,0.205,291.7331899459127,0.0,0.0,0.8861495090702394,-1.5437506714563374,0.0,0.0,1.0,23.219936647434434
0.0062851832442622395,0.0008531060437668333,0.205,291.5009388867502,0.0,0.0,0.7327247744783209,-2.693344776213659,0.0,0.0,1.0,25.79144445557349
-0.005860789387484618,0.002501281109093508,0.205,291.38165438908663,0.0,0.0,0.7303652709021266,1.4526158768788608,0.0,0.0,1.0,26.44540126310559
0.0012097677668705545,-0.004479517306561901,0.205,291.62672067329663,0.0,0.0,0.8524269434268001,2.5651017236044384,0.0,0.0,1.0,22.9111748830829
0.00453009793388293,0.0020140667378947008,0.205,291.59359605863284,0.0,0.0,0.8326421458472973,-1.0561069331554471,0.0,0.0,1.0,25.922767475650232
0.0027161274845013046,-0.0005001238718938713,0.205,291.84152053612917,0.0,0.0,0.9449339067003938,0.559242044792755,0.0,0.0,1.0,21.314624005623998
0.005048519944269648,-0.0013545345543863338,0.205,291.57216468662875,0.0,0.0,0.8149392531167459,-0.8040199057039917,0.0,0.0,1.0,23.36526125054148
0.0024687331873572828,-0.005845033229546174,0.205,291.37676685732777,0.0,0.0,0.7325497107474362,-0.4154746233011663,0.0,0.0,1.0,26.656611094850128
-4.236829116272713e-05,0.0035656029364785455,0.205,291.78710939119713,0.0,0.0,0.9105184366842127,1.4999922640408567,0.0,0.0,1.0,22.461847976779854
0.001669110586316524,0.003908411213226406,0.205,291.79011358896054,0.0,0.0,0.8751060924165006,2.2099745352696996,0.0,0.0,1.0,24.563652834703692
-0.00455173247660171,-0.0019796228267953482,0.205,291.71394729146766,0.0,0.0,0.8322610122321458,1.1848109837553817,0.0,0.0,1.0,22.82341242737199
0.0008852191949350058,-0.0015594591234670493,0.205,291.8814519855704,0.0,0.0,0.9757611478366299,-0.27259556482123,0.0,0.0,1.0,20.660938427532457
0.001627162605953287,0.000525593951610813,0.205,291.906012690496,0.0,0.0,0.9778543693749184,0.4762261539542436,0.0,0.0,1.0,19.779190761623266
-0.0035839772105295434,0.002587270222451436,0.205,291.6895709509247,0.0,0.0,0.8654211197171219,-0.36915681274333645,0.0,0.0,1.0,23.646989251143456
0.000792070879910381,0.004557474618321679,0.205,291.67336108752534,0.0,0.0,0.8532844194877749,1.3100754905131062,0.0,0.0,1.0,23.925787827293238
0.0025448083939896096,-0.0020944469255011005,0.205,291.8051966359103,0.0,0.0,0.9229512245091178,-0.6686654437125813,0.0,0.0,1.0,20.506954946154664
0.0001304207342326309,0.0056665866432471495,0.205,291.5521447755194,0.0,0.0,0.7841499948339983,-1.8549187167193835,0.0,0.0,1.0,25.412618442441687
0.0013488236530769038,0.003131010446775562,0.205,291.88121644860496,0.0,0.0,0.9178402583708198,-1.328631814851656,0.0,0.0,1.0,22.935850445001957
-0.002054093294125589,0.001679190181144043,0.205,291.8785753719458,0.0,0.0,0.948978075542448,-3.163717548557737,0.0,0.0,1.0,20.499588221453255
-0.005376259724489464,0.0012788660287026434,0.205,291.57297090952886,0.0,0.0,0.7942955270315376,1.2764125430561342,0.0,0.0,1.0,24.240013670134186
-0.0027318400991512355,0.005066634087555233,0.205,291.462108399988,0.0,0.0,0.7777306996430606,2.4910980890886103,0.0,0.0,1.0,25.22918199318763
0.0046174192619824524,-0.004344273913254587,0.205,291.355377380688,0.0,0.0,0.7329648733263106,1.6496638175277305,0.0,0.0,1.0,24.561109581807138
-0.004900239503612755,0.001509501248937997,0.205,291.5539950106397,0.0,0.0,0.8215820762796635,-0.26121945353677395,0.0,0.0,1.0,24.05856528188282
0.0037228181834993777,-0.002649073973100299,0.205,291.6264606104826,0.0,0.0,0.8566800292727682,0.20189467755832938,0.0,0.0,1.0,23.049764690305405
-0.0007487491531242842,0.005217837718498476,0.205,291.57372108199326,0.0,0.0,0.81195397797316,0.2504459317977343,0.0,0.0,1.0,25.141400255578628
-0.004119581267451377,0.004259172930723311,0.205,291.431776219904,0.0,0.0,0.7651451066369906,-2.8685760591913825,0.0,0.0,1.0,25.31167431025854
-0.0029936780600469098,0.0014339550033050934,0.205,291.78271342254703,0.0,0.0,0.9219032721299216,-2.2479671449663408,0.0,0.0,1.0,22.629098427565435
-0.0007550063545529133,-0.00412076142844163,0.205,291.747453758676,0.0,0.0,0.8784646561554204,-0.33177313607334735,0.0,0.0,1.0,23.531072489805762
0.004425786854527342,0.004136163160584974,0.205,291.5341626907693,0.0,0.0,0.7550913684028079,-1.452071416197495,0.0,0.0,1.0,25.436325570287345
0.0013611371643697959,0.0008045402827170236,0.205,292.0096898261386,0.0,0.0,0.9809163136541637,-1.0556079072822253,0.0,0.0,1.0,21.809380471976752
0.005768480379448928,-0.002410804897980965,0.205,291.43612041828095,0.0,0.0,0.7399498975155518,0.1970887333382289,0.0,0.0,1.0,26.236357673171447
0.0038024412419091114,0.002811248951651163,0.205,291.71960716599483,0.0,0.0,0.847013939327667,0.09402971976500216,0.0,0.0,1.0,24.941088117840046
0.00040950453487980683,-0.0028676997895183665,0.205,291.8153820232456,0.0,0.0,0.9397072404454869,1.582554483778599,0.0,0.0,1.0,21.907340349781393
0.00449882613491794,0.004321978963297659,0.205,291.57731805122546,0.0,0.0,0.7410144141424522,0.15186036994674337,0.0,0.0,1.0,26.379070049563687
0.002865393050422391,0.0036589591119078964,0.205,291.72985787571463,0.0,0.0,0.8519786761823881,-1.5584648980804026,0.0,0.0,1.0,24.317350550748333
0.0002276652921726078,0.004616718429294382,0.205,291.7020190375975,0.0,0.0,0.8534930651960149,0.5993738427584935,0.0,0.0,1.0,24.662837741812588
0.00206481349552173,0.003050534966107524,0.205,291.8353692455313,0.0,0.0,0.9048191139906846,0.08793019064295443,0.0,0.0,1.0,22.436409942268135
0.005353595288040403,-0.00088061317515756,0.205,291.55361270971594,0.0,0.0,0.8013612449324592,0.7496088681272519,0.0,0.0,1.0,24.32368287263549
-0.005352710556892496,-0.0014265895028633927,0.205,291.5829371142532,0.0,0.0,0.7933550004569454,-0.07941900360304623,0.0,0.0,1.0,23.624519776286412
0.003502850266059438,-0.005413978890488242,0.205,291.3978220061121,0.0,0.0,0.7242128028208188,-0.0545710035553405,0.0,0.0,1.0,27.72419906405111
-0.00028662577774345627,0.006417772931660953,0.205,291.3753753234779,0.0,0.0,0.7261737766235047,-1.8045273276880378,0.0,0.0,1.0,24.936072829063257
0.005099261211223634,0.001162695518930587,0.205,291.5460395779089,0.0,0.0,0.8147332992024865,-1.7116619345297728,0.0,0.0,1.0,24.342373798225754
0.005607664262773447,0.0007521193074258279,0.205,291.57298629128223,0.0,0.0,0.7848881014195686,-0.3760138493358998,0.0,0.0,1.0,24.021430155272714
0.0013546937258908766,0.00309206809371177,0.205,291.8485910787046,0.0,0.0,0.9193618834768977,-0.01513857637745802,0.0,0.0,1.0,21.873628066896952
-0.0016412752188630962,-0.0012533526736176416,0.205,291.9195370307653,0.0,0.0,0.9683032659116775,-0.031733369336147135,0.0,0.0,1.0,19.807682347733625
-0.0022315641821675624,0.004139685433627312,0.205,291.5650539446683,0.0,0.0,0.8486054596253928,0.9403918999355461,0.0,0.0,1.0,24.529404998037307
-0.003924828869203263,0.0033692997617905418,0.205,291.59409562602343,0.0,0.0,0.8185821925387615,-1.0196406097324064,0.0,0.0,1.0,24.110243512710802
0.005211808995798727,0.0005439798423635769,0.205,291.64956259016634,0.0,0.0,0.8140607230796253,-0.6570586990218397,0.0,0.0,1.0,24.749017353889457
0.00024521862944423936,0.005260366970634806,0.205,291.6142104681753,0.0,0.0,0.8123067181137965,-0.8418523079771864,0.0,0.0,1.0,23.083856872821585
0.0021776820763823005,0.0019832558728491326,0.205,291.8878312800984,0.0,0.0,0.9377689190934173,-0.15408960187703535,0.0,0.0,1.0,22.91497324619955
0.0031413099015065874,-0.005524821686291262,0.205,291.40117341352595,0.0,0.0,0.7317140322724087,0.6636438764866737,0.0,0.0,1.0,26.205297710821096
-0.003354458273126845,0.0042687377832161194,0.205,291.4724338590427,0.0,0.0,0.801117324451377,-0.5830069247011163,0.0,0.0,1.0,23.850309463626054
0.0017268416009469133,-0.0027503691038612715,0.205,291.767356314631,0.0,0.0,0.9250837436456332,-0.8259343047708879,0.0,0.0,1.0,21.58111883641124
-0.0034261482105801397,0.00379596995991261,0.205,291.5874584636812,0.0,0.0,0.8225045172223777,1.967173231225335,0.0,0.0,1.0,23.1289034000829
0.0009003042756379524,0.0029037496209535123,0.205,291.88513763490226,0.0,0.0,0.9339132883399405,0.4277920831281562,0.0,0.0,1.0,21.204101895987673
-0.0038900226231578447,0.002309681825610484,0.205,291.6667626230555,0.0,0.0,0.8593556656853972,0.4425790923533041,0.0,0.0,1.0,22.898166105884627
0.005944297185471669,-1.83049575835916e-05,0.205,291.49563693626976,0.0,0.0,0.7637251247863238,0.3868353436601626,0.0,0.0,1.0,24.877990262394245
0.0017873937240019855,0.0026895162242420597,0.205,291.92780215736485,0.0,0.0,0.9258818689784971,1.5652595614626,0.0,0.0,1.0,21.16337990316907
-0.005206156069740992,-0.000501880419995169,0.205,291.61288650634253,0.0,0.0,0.8147228808972893,-1.0787346168171756,0.0,0.0,1.0,24.281701457120683
-0.0006538823783388625,0.0028907416387324992,0.205,291.78900508414307,0.0,0.0,0.9370308273466954,0.6610408813386451,0.0,0.0,1.0,21.368955206361754
-9.180123613330011e-05,0.0022899836174759916,0.205,291.9061063850726,0.0,0.0,0.961366266866226,0.6848179175586925,0.0,0.0,1.0,20.234115566743903
0.0027834964765268448,0.0045733005992881475,0.205,291.652719820973,0.0,0.0,0.8063233689339575,-1.6486235209563516,0.0,0.0,1.0,24.158487664687676
0.003634453275895097,0.0014937641117421603,0.205,291.7870353914696,0.0,0.0,0.8923898759209784,-0.33979196627863634,0.0,0.0,1.0,23.050618955573817
0.0022191393227981838,0.0019301832821347756,0.205,291.9883761375645,0.0,0.0,0.9379421297174381,0.8515884217757036,0.0,0.0,1.0,22.380125220989814
-0.004399436951820429,0.00023874076294510738,0.205,291.6152996683101,0.0,0.0,0.8662510662192389,-0.4454180887330977,0.0,0.0,1.0,23.175687743217512
0.003545756808360905,0.0039060446696438152,0.205,291.67197415715776,0.0,0.0,0.8116767595448404,2.0003935920420797,0.0,0.0,1.0,24.653072494791804
0.006256994125289083,-0.0009313079286800741,0.205,291.4976143552625,0.0,0.0,0.7340756231893942,0.6384288796270977,0.0,0.0,1.0,27.581633664197838
-0.0037729608274155867,0.0009544918738073118,0.205,291.71594222176776,0.0,0.0,0.8943392819944529,1.0197901356342798,0.0,0.0,1.0,22.33910938116518
0.0005682951023653503,0.0032192852595396507,0.205,291.79619764408403,0.0,0.0,0.9241376507145509,0.29383264702563044,0.0,0.0,1.0,22.47152332681704
-0.0035776621087272227,0.005097861702198746,0.205,291.4933546856953,0.0,0.0,0.7418431321704724,0.6855353555400842,0.0,0.0,1.0,26.139072751272412
-0.003858182017061347,0.0004297793241579965,0.205,291.747146634488,0.0,0.0,0.8948430757967631,-1.784020687063162,0.0,0.0,1.0,22.835788503257522
-0.0019908376287929123,0.0029861094514605905,0.205,291.7574341663778,0.0,0.0,0.9094159311076478,0.5692261263411407,0.0,0.0,1.0,23.08910253260475
0.004291915182992844,-0.001124573893992577,0.205,291.6552466253732,0.0,0.0,0.8644637256176694,-0.2014592692804642,0.0,0.0,1.0,24.090825002329865
0.004463401299129715,0.0006866763105092934,0.205,291.7250246501567,0.0,0.0,0.8598350788049742,0.5271465315948577,0.0,0.0,1.0,23.50225453232046
-0.004220652240577083,0.0009132045584648283,0.205,291.60310478746334,0.0,0.0,0.8712580935304938,-0.6962961699158171,0.0,0.0,1.0,22.54913661255245
0.0035319102307525703,0.0004231952775300902,0.205,291.80940666070575,0.0,0.0,0.9109318827989298,-0.379318435892224,0.0,0.0,1.0,20.720814909081025
-0.003756005432098391,0.004138417037487437,0.205,291.4966500879727,0.0,0.0,0.7898546253593134,-1.3865332501272047,0.0,0.0,1.0,24.207095373409473
0.0015109287300391879,-0.005358290622345329,0.205,291.55837653687246,0.0,0.0,0.7913882095097712,-0.8683250542472432,0.0,0.0,1.0,24.789016528605078
-0.0009572785524572754,-0.0012354229024150029,0.205,292.02185549674823,0.0,0.0,0.9813322847450665,-0.29355612832962064,0.0,0.0,1.0,19.20258880338422
0.005163837544741464,0.0016696355129043505,0.205,291.5670178737566,0.0,0.0,0.8012558626338804,1.9433161208286576,0.0,0.0,1.0,24.265527554756215
0.0045675030680625475,-0.002555168480979459,0.205,291.54710078489586,0.0,0.0,0.8144975290092545,0.6504197803363528,0.0,0.0,1.0,23.148199037478513
-0.0027531315405436387,0.0017915752584476896,0.205,291.7535353623497,0.0,0.0,0.9234451062182691,1.2030951400515002,0.0,0.0,1.0,22.070495514516217
0.0003574553900286677,-0.004079453700526158,0.205,291.6674117278752,0.0,0.0,0.883608277072742,0.25668813590748757,0.0,0.0,1.0,24.5952724270291
-0.0001031320379386032,0.0013743886977547798,0.205,292.00884429869836,0.0,0.0,0.9852989798307541,-1.440657378660762,0.0,0.0,1.0,20.297668607028793
0.0010196192895299261,0.003955430506490022,0.205,291.77447847028094,0.0,0.0,0.8841665773359828,-1.1825395319789418,0.0,0.0,1.0,21.823727806444275
0.0014911370428980213,0.0018722296585482296,0.205,291.9480126594089,0.0,0.0,0.9580455195265538,-0.624947248740849,0.0,0.0,1.0,19.749826432980615
-0.0027881504244788354,0.004814436415600086,0.205,291.4762205889291,0.0,0.0,0.7916542353927365,1.0423865326794322,0.0,0.0,1.0,23.976978814335396
0.0020101857184906245,-0.0024522893367143667,0.205,291.7629626810337,0.0,0.0,0.9284074280259421,-0.21165207776596334,0.0,0.0,1.0,21.33967811366653
-0.005407818905785182,-0.000640108580364978,0.205,291.55863291526174,0.0,0.0,0.7999653770591689,0.5909885182735739,0.0,0.0,1.0,24.10704935160605
0.005920356157770386,-0.0024325545385570652,0.205,291.4333740849216,0.0,0.0,0.7280778657620982,-0.670225981780147,0.0,0.0,1.0,25.40230528308761
0.0010288923135266124,0.004374911466464418,0.205,291.6232039721847,0.0,0.0,0.8611086503228733,1.04503010276841,0.0,0.0,1.0,23.641755264669595
0.004074782917338802,-0.002178912671488562,0.205,291.5915582038169,0.0,0.0,0.8535868989892451,-0.11112258385682772,0.0,0.0,1.0,22.131575369921787
0.00242358654360428,-0.004815622958892777,0.205,291.57778277386166,0.0,0.0,0.8037497513708869,-0.25060343150895437,0.0,0.0,1.0,24.83621383760066
0.001737833066261719,0.006004038138867516,0.205,291.52978643066905,0.0,0.0,0.7400687755577329,-1.3622581597663748,0.0,0.0,1.0,27.326194401514243
-0.0037119095476020663,0.00019067913482187688,0.205,291.82227459077944,0.0,0.0,0.9031844807661014,1.5243974371055034,0.0,0.0,1.0,21.894568464109717
0.0022711427969714713,0.004527153761826628,0.205,291.7598560767985,0.0,0.0,0.8256960227462232,-0.41174549983196335,0.0,0.0,1.0,24.117400137440246
0.006240491780459136,0.00046020574746087714,0.205,291.47539270173644,0.0,0.0,0.7395189861796703,-1.5855385622221192,0.0,0.0,1.0,26.91501104611223
0.004434396353101268,0.003708130893808666,0.205,291.6393013148562,0.0,0.0,0.7759442962114556,0.8982268459264177,0.0,0.0,1.0,26.11090882493257
0.0006764668497462723,0.005033646012293966,0.205,291.7019277770385,0.0,0.0,0.8247796266232368,-0.9875091334681411,0.0,0.0,1.0,23.285569869661877
0.003667016215978568,0.0003198346006570107,0.205,291.77733090483235,0.0,0.0,0.9049518357242996,-1.6904116040616417,0.0,0.0,1.0,23.66834802187206
0.005535836825825687,0.0015094096052724927,0.205,291.62891341398085,0.0,0.0,0.7790687269694144,-0.005036837158753549,0.0,0.0,1.0,25.78114549668789
0.0037892413889947883,-0.003560204542433034,0.205,291.55681356396815,0.0,0.0,0.8167987667924763,1.359871451412083,0.0,0.0,1.0,22.162594324486818
-0.0034034698250272177,0.005403393418843592,0.205,291.48604187921586,0.0,0.0,0.7292613753955624,-0.997755564467667,0.0,0.0,1.0,25.379597072355676
0.002098759616918808,0.00443552220783423,0.205,291.65284394011593,0.0,0.0,0.8358755940873448,-1.8955430230642338,0.0,0.0,1.0,25.08856798618311
-0.00399041630101098,0.0009103252709665513,0.205,291.7437567328698,0.0,0.0,0.8837243432374582,-0.9643044974335836,0.0,0.0,1.0,22.879380275753906
-0.0008732632169789651,-0.0063345203535343005,0.205,291.4386339478715,0.0,0.0,0.7285773024610331,-0.5760959427036115,0.0,0.0,1.0,26.080602923151755
-0.003999575740894317,0.002562815676545795,0.205,291.5896991965974,0.0,0.0,0.8456951896926476,-1.7741540770863515,0.0,0.0,1.0,24.073292284316437
-0.006443705661893513,0.0002505895288827252,0.205,291.407472088654,0.0,0.0,0.7241938349527449,-1.292270393053423,0.0,0.0,1.0,24.26107959607763
-0.005253034696924038,0.0025442026827780352,0.205,291.45978521276606,0.0,0.0,0.7717851097353627,0.7206853430724981,0.0,0.0,1.0,24.141207676885692
0.0022315800939111453,-0.0008632684915704556,0.205,291.8098386310878,0.0,0.0,0.9580702280105817,-1.9588670099416912,0.0,0.0,1.0,20.38150789064984
-0.003170895142493637,0.005625816594625716,0.205,291.38510671838395,0.0,0.0,0.7234362074515133,-0.05497229116878964,0.0,0.0,1.0,27.123949906757957
-0.00022774015793955782,-0.005217751265845055,0.205,291.6270214460998,0.0,0.0,0.8152321909162092,0.40471672864843833,0.0,0.0,1.0,23.821235459364996
0.0029875691439815565,0.002778416935060922,0.205,291.7005320954294,0.0,0.0,0.8844296367336394,0.48998140703908,0.0,0.0,1.0,24.632973046538606
0.004176890270900578,-0.004007131702965578,0.205,291.48303676350537,0.0,0.0,0.7753747721570221,2.134052453048595,0.0,0.0,1.0,24.52148578536151
-0.0005213310687294376,-0.004136997100365475,0.205,291.69825686919916,0.0,0.0,0.879544967769856,1.2315083861165355,0.0,0.0,1.0,24.746233749755238
0.004159387905113523,-0.0038039148966498536,0.205,291.5352740598179,0.0,0.0,0.7864288452816472,1.462498732756154,0.0,0.0,1.0,26.162195072312738
0.0017096136809413162,0.001979758975908982,0.205,291.9323318969278,0.0,0.0,0.9503338941366327,0.06312898482190718,0.0,0.0,1.0,21.59278016414984
0.004726523483105478,0.003236650443694366,0.205,291.65183588954784,0.0,0.0,0.7797564804011461,-1.8344090464328993,0.0,0.0,1.0,24.092975872275414
-7.009633650114058e-05,0.004791536655389469,0.205,291.607696276833,0.0,0.0,0.8431035597778084,-0.9431152176065732,0.0,0.0,1.0,24.40975383443305
-0.0009289931026544873,0.002793620404879649,0.205,291.78749671649206,0.0,0.0,0.9378252073852265,0.2215450289070437,0.0,0.0,1.0,22.410707205246563
-0.0058012119005270415,-0.002501686906572064,0.205,291.55016204558046,0.0,0.0,0.7347373483990535,-1.4128327839484733,0.0,0.0,1.0,26.489786762254727
-0.004251909743291337,0.004413078385769479,0.205,291.4452491970396,0.0,0.0,0.7496509106732683,-0.05226518305756008,0.0,0.0,1.0,27.986479377020423
0.0005810249111984282,-0.005092912146021954,0.205,291.5973797792119,0.0,0.0,0.8216826321272903,-1.7492244856469958,0.0,0.0,1.0,25.22273379153882
-0.002344391647523479,-0.003171590543366755,0.205,291.7998482584324,0.0,0.0,0.8916314207573726,1.7946710385142806,0.0,0.0,1.0,24.510671879465683
-0.003676025815543962,-0.001897908622761998,0.205,291.7516340429542,0.0,0.0,0.8813313269355875,0.9394714222454412,0.0,0.0,1.0,23.476497868164262
