x,y,z,T,u,v,w,p,nx,ny,nz,qn
0.003925096159196089,0.003862351744128009,-0.205,302.3579330666259,0.0,0.0,1.0730798297867763,3121.7274122178414,0.0,0.0,-1.0,34.316983385089664
0.004863913967290686,-0.0028783348840636606,-0.205,302.1843267165404,0.0,0.0,1.0565269098704004,3120.1994708545676,0.0,0.0,-1.0,33.537898892158715
0.002639056833337232,0.005606023090407723,-0.205,302.1517500633887,0.0,0.0,0.9909535936579139,3122.8157414703664,0.0,0.0,-1.0,35.52279424304881
-0.0003963979893194381,-0.0019875569538761926,-0.205,302.90272035735904,0.0,0.0,1.3510623920724223,3119.822264008311,0.0,0.0,-1.0,26.607610714185128
-0.0012434678285541444,-0.00612965798410442,-0.205,302.26794273572335,0.0,0.0,0.9836005551759089,3121.1269735337996,0.0,0.0,-1.0,33.01401008774354
-0.003527338237574571,-0.0010728393603254894,-0.205,302.55372513592346,0.0,0.0,1.2474559746277871,3118.5639071367395,0.0,0.0,-1.0,30.312266774985186
-0.00552579476304604,-0.0029706074353872177,-0.205,302.1549549077769,0.0,0.0,0.9811740214043919,3120.9961600232655,0.0,0.0,-1.0,34.244067575934274
0.006284280599345664,-0.000876562051399486,-0.205,302.20514645569756,0.0,0.0,0.9720645251767243,3123.0508968242307,0.0,0.0,-1.0,33.367690728117594
-0.0037368968090396894,-0.0029113030719651665,-0.205,302.42888726993164,0.0,0.0,1.154407059724947,3123.8193914639396,0.0,0.0,-1.0,33.5616913695451
-0.0017868686084514841,0.00014263069304987165,-0.205,302.87994494402176,0.0,0.0,1.361243993499175,3121.882377070535,0.0,0.0,-1.0,27.755278258128765
-0.0019890952843932067,-0.0005557058533518115,-0.205,302.8210861197138,0.0,0.0,1.3492780881519706,3121.483436284532,0.0,0.0,-1.0,29.01804107788931
0.005650044291117172,-0.0023979623306681712,-0.205,302.08579774463425,0.0,0.0,0.9982334432847666,3118.4812120702927,0.0,0.0,-1.0,35.298584429133875
-0.0011905391369602708,0.00630544417836319,-0.205,302.0718155720126,0.0,0.0,0.9628256416573451,3118.8205047773104,0.0,0.0,-1.0,33.28286398089304
0.003508253595168621,0.0029007347361504465,-0.205,302.5476350418406,0.0,0.0,1.1723043054196027,3118.1298506343205,0.0,0.0,-1.0,30.173813230609312
0.0004586774927630024,-0.0014946601384983134,-0.205,302.93032044603456,0.0,0.0,1.3701114201420634,3119.4301389752854,0.0,0.0,-1.0,27.921514932876644
0.002432749621421689,-0.00023355994790638104,-0.205,302.8091849756712,0.0,0.0,1.3301585642269869,3116.8021668558545,0.0,0.0,-1.0,29.487764349849453
-1.1572342336946431e-05,-0.004632506424330012,-0.205,302.56158322028153,0.0,0.0,1.1646058484033104,3114.489088514094,0.0,0.0,-1.0,32.76162692140114
0.004489411708661402,-0.0018647060500205813,-0.205,302.39392623085644,0.0,0.0,1.1420312197656224,3116.134861193533,0.0,0.0,-1.0,31.82077144166113
-0.00478729785443957,-0.002239770477482781,-0.205,302.276320283385,0.0,0.0,1.0976006772240965,3124.0912880792307,0.0,0.0,-1.0,33.15258725754121
-0.0032769682675157104,0.0005418472443598269,-0.205,302.76897168579194,0.0,0.0,1.2748967349060292,3117.0885493620153,0.0,0.0,-1.0,29.625301097421605
-0.004795065098887542,0.0015299522002383103,-0.205,302.51953844203587,0.0,0.0,1.1244175909574896,3122.9142028708043,0.0,0.0,-1.0,32.220516762681335
-0.0007495703905298097,-0.003104524957433603,-0.205,302.7295879284601,0.0,0.0,1.2838792030397757,3120.614281487925,0.0,0.0,-1.0,30.72325473372978
0.005951790827938378,-0.0015098263394264994,-0.205,302.1659377593381,0.0,0.0,0.9979278309955517,3120.3241059780203,0.0,0.0,-1.0,34.279930697033336
-0.0014279181938536313,-0.0025449544618128582,-0.205,302.7476365833391,0.0,0.0,1.3021740478931076,3118.6044142368464,0.0,0.0,-1.0,28.183904175946292
-0.0033043440306167243,-0.0027384486305846957,-0.205,302.491911856767,0.0,0.0,1.1964278863941038,3118.9190165446444,0.0,0.0,-1.0,31.33341606033475
0.003709119151902893,-0.0015314559422591996,-0.205,302.52443423755517,0.0,0.0,1.220814816425526,3118.6233829154876,0.0,0.0,-1.0,31.94771826058122
0.004261911124190139,-0.004841066778647367,-0.205,302.1084690957621,0.0,0.0,0.9585520995626706,3120.9371474368736,0.0,0.0,-1.0,35.11210914046326
0.002758880426274342,0.0030651651096636765,-0.205,302.5643101750361,0.0,0.0,1.2112744610231407,3124.568841496053,0.0,0.0,-1.0,31.911249381289323
-0.0010974569079852028,-0.00452532455836312,-0.205,302.49499621843904,0.0,0.0,1.1622855711643736,3119.333937694214,0.0,0.0,-1.0,32.596969287247305
0.002322035557991355,-0.0046255042411801625,-0.205,302.3737302418401,0.0,0.0,1.1094153660365114,3119.9097430407096,0.0,0.0,-1.0,34.19164418929992
0.004016779639658469,0.0007171578756618102,-0.205,302.67777184876496,0.0,0.0,1.2150487500978613,3116.849622087017,0.0,0.0,-1.0,31.69675547699334
0.0004034370945988184,-0.001575513649009431,-0.205,302.96142073141715,0.0,0.0,1.3677857689335382,3122.627051474286,0.0,0.0,-1.0,28.930905555094103
-0.0010845610573616002,-0.001241877600159428,-0.205,302.79262997562114,0.0,0.0,1.3669356138978597,3121.325746828988,0.0,0.0,-1.0,27.927896188500494
-0.0028104809266582386,-0.004511255301756863,-0.205,302.37333538612944,0.0,0.0,1.0943576800247365,3123.047112880486,0.0,0.0,-1.0,32.60788204204587
0.002202334631861105,0.0021224642417755806,-0.205,302.77399673470103,0.0,0.0,1.2930353996554949,3125.317458581773,0.0,0.0,-1.0,30.329197715988155
1.676128695118264e-05,-0.006185928305532791,-0.205,302.29102678989466,0.0,0.0,0.9922303093232702,3121.6962782098135,0.0,0.0,-1.0,33.59272762471574
0.0032529113677380013,-0.0009001899030711997,-0.205,302.66515118634646,0.0,0.0,1.271025326516432,3119.621554005477,0.0,0.0,-1.0,30.49061940010202
0.001901250326369015,-0.0013912378967520771,-0.205,302.7695846171474,0.0,0.0,1.3348607204517422,3118.953377333472,0.0,0.0,-1.0,29.76686699498835
-0.005930130335620282,0.002064786452040529,-0.205,302.20476698488164,0.0,0.0,0.980457592895246,3120.312897520655,0.0,0.0,-1.0,34.680008603507524
0.003262162879483278,0.00515559779486543,-0.205,302.26015320141494,0.0,0.0,1.0028073575148475,3121.1989598433615,0.0,0.0,-1.0,36.61306625537866
0.0036589227752538015,0.0022853616674619265,-0.205,302.65475964264175,0.0,0.0,1.1944039078220208,3118.998089126557,0.0,0.0,-1.0,31.36063280340998
0.004093634044672597,0.0021713024240664846,-0.205,302.5805861090159,0.0,0.0,1.164479302552229,3119.9562687949774,0.0,0.0,-1.0,32.13290372440225
0.002807760671598483,-0.005392730350292539,-0.205,302.188869758543,0.0,0.0,1.0054114417731261,3121.354693772688,0.0,0.0,-1.0,33.70981799856335
-4.57350138249353e-06,-0.005195857656869623,-0.205,302.44470789465214,0.0,0.0,1.1072534934037366,3123.7513205364116,0.0,0.0,-1.0,34.40263842951437
-0.0011996523129856813,-0.0028689605751443686,-0.205,302.7165640661989,0.0,0.0,1.289617030626517,3119.5485343749233,0.0,0.0,-1.0,29.782457046757045
0.0027789198301114274,-0.0020043922576969088,-0.205,302.62932295948536,0.0,0.0,1.2672829385558433,3118.4359818098205,0.0,0.0,-1.0,29.49775731423571
0.0013009988583118273,-0.0034214850488542238,-0.205,302.76207668549864,0.0,0.0,1.2495243360480546,3116.9007194303954,0.0,0.0,-1.0,31.23839054913577
-0.0059483736452003826,-0.0021468437267622904,-0.205,302.1361354926386,0.0,0.0,0.974775771779526,3118.8986705316875,0.0,0.0,-1.0,34.807844385947284
0.0007748938753819482,0.0012000185880197602,-0.205,302.84870396388806,0.0,0.0,1.374823610855294,3118.808433371853,0.0,0.0,-1.0,28.29133934455353
0.0050664619731224025,-0.0010309847809293108,-0.205,302.31087011074095,0.0,0.0,1.1099839722674878,3119.264768420723,0.0,0.0,-1.0,33.70808006920313
0.003293251434747556,0.002926034810819113,-0.205,302.65486728117435,0.0,0.0,1.186052582261093,3119.393329192548,0.0,0.0,-1.0,32.869839283307165
0.002918301866038841,0.003767852390592053,-0.205,302.48305905612364,0.0,0.0,1.15156830738204,3122.698268873923,0.0,0.0,-1.0,31.785244380534472
0.00022402417743669768,0.003224197394805854,-0.205,302.6249273259709,0.0,0.0,1.2812234334872454,3119.6685411959606,0.0,0.0,-1.0,30.300085599740285
-0.005408064369119501,0.000275876734573577,-0.205,302.3358527666439,0.0,0.0,1.083339137568317,3121.741968440626,0.0,0.0,-1.0,33.775581829245716
0.00022321295260717167,0.005470011406970384,-0.205,302.2916669284592,0.0,0.0,1.0766992387935637,3118.819732331733,0.0,0.0,-1.0,33.93720403496159
-0.002623392961190934,-0.0020452898022359127,-0.205,302.5846628346977,0.0,0.0,1.2745382226514421,3119.8741067707097,0.0,0.0,-1.0,29.56988537340109
0.0049201491196113325,0.0010878953512040992,-0.205,302.4716731336013,0.0,0.0,1.1238184354358103,3122.0722793907953,0.0,0.0,-1.0,32.58330234391097
0.0014535403719763433,0.002654278539105011,-0.205,302.7502381791153,0.0,0.0,1.2951780872668686,3120.750908564632,0.0,0.0,-1.0,29.28461056134211
0.004279033453881972,0.0028537929427166426,-0.205,302.47350925539206,0.0,0.0,1.1128469087739443,3123.111672126655,0.0,0.0,-1.0,31.458816693818406
0.0024741425202341057,-0.0018084500510701608,-0.205,302.6737546803353,0.0,0.0,1.2926363597455028,3118.5106739409184,0.0,0.0,-1.0,30.26353072469978
0.0014493796059161697,-0.0004033939307876739,-0.205,302.8266201964468,0.0,0.0,1.372217522646413,3116.0141451098107,0.0,0.0,-1.0,25.377619238625424
-0.003982819459909884,0.0022608919735751876,-0.205,302.56802186516586,0.0,0.0,1.1696706165560107,3122.851294797627,0.0,0.0,-1.0,33.64747290077775
-0.0033113966173664005,-0.00039183099532477217,-0.205,302.68859989948925,0.0,0.0,1.2739622639776953,3118.2745944251164,0.0,0.0,-1.0,29.477820936004882
0.0012281223465124614,-0.0035522363356494664,-0.205,302.6984148190997,0.0,0.0,1.2417730804888742,3119.805432215512,0.0,0.0,-1.0,31.17197857098875
0.00015994645914908518,-0.00285537535573686,-0.205,302.82839240286813,0.0,0.0,1.305855427392798,3116.0681488908313,0.0,0.0,-1.0,29.913587252250874
0.0028200955715511626,-0.0058555110415867365,-0.205,302.16579734164884,0.0,0.0,0.9521012521938299,3117.792732145009,0.0,0.0,-1.0,34.0043101612612
0.002046367670741941,0.0022546452706300236,-0.205,302.7627432157913,0.0,0.0,1.2939489597534262,3123.1358057008006,0.0,0.0,-1.0,31.464595934380164
0.004154729211712387,-0.00138449045131026,-0.205,302.4881716777406,0.0,0.0,1.1884473605935113,3121.3296672384504,0.0,0.0,-1.0,32.63387761687389
0.004159830236325044,-0.00126281050448362,-0.205,302.4824119328387,0.0,0.0,1.1913795604848432,3118.49421085587,0.0,0.0,-1.0,32.90050140679354
0.004728929116916419,0.0014801707975595354,-0.205,302.55110028144077,0.0,0.0,1.1324817996466474,3119.4780667199457,0.0,0.0,-1.0,31.12658712676877
0.002365588816791748,-0.004789157607644451,-0.205,302.39170545220475,0.0,0.0,1.0914618760992765,3119.0203004832465,0.0,0.0,-1.0,33.64146428020315
0.004387281910412421,0.0019536469104467344,-0.205,302.5052053413594,0.0,0.0,1.1479143968731456,3119.9223526501028,0.0,0.0,-1.0,32.32631720260733
-0.0007279101880349452,-0.0036204275732226307,-0.205,302.63694899087415,0.0,0.0,1.2469842641384723,3121.41326714233,0.0,0.0,-1.0,29.931805059259887
-0.0007618478727883406,0.0037379417205014465,-0.205,302.50548180069165,0.0,0.0,1.2372440854203977,3115.6714296464042,0.0,0.0,-1.0,29.255651034663135
0.002864994910941988,0.0055772943121487695,-0.205,302.0864557928797,0.0,0.0,0.9816239778137555,3119.917326868572,0.0,0.0,-1.0,35.10867334559207
-0.002349858819928384,-0.004641392924286417,-0.205,302.39300995161824,0.0,0.0,1.1065591429949124,3121.0936939326198,0.0,0.0,-1.0,32.82898819663675
0.006092131387905479,0.0009722259146501389,-0.205,302.1913354659257,0.0,0.0,0.9943231142323313,3123.861392042448,0.0,0.0,-1.0,35.12378502427386
-0.0024793240922674122,0.0030337226160193726,-0.205,302.66982863217913,0.0,0.0,1.2287779876832745,3114.1021357823042,0.0,0.0,-1.0,33.74342019700423
-0.0008513449347552566,-0.003970862278911275,-0.205,302.69616197790697,0.0,0.0,1.2166986384157061,3121.523743687762,0.0,0.0,-1.0,31.58495867664293
-0.0036712097057295407,-0.001104458221503354,-0.205,302.63505140026376,0.0,0.0,1.2357040029858233,3118.631681598733,0.0,0.0,-1.0,31.993102717584343
0.0015982840840921715,0.0037143806974238836,-0.205,302.556088799275,0.0,0.0,1.2181919243319879,3120.593562148423,0.0,0.0,-1.0,29.940842660510405
0.0009642165627464374,-0.0035050406545791848,-0.205,302.73304170767915,0.0,0.0,1.2514894927898863,3121.7066078865782,0.0,0.0,-1.0,30.832228733705232
-0.0016787471592770178,-0.005139770037204428,-0.205,302.3443562064548,0.0,0.0,1.084240358282384,3117.4804436085965,0.0,0.0,-1.0,31.872234536232938
0.002731685624399625,-0.00565727836672795,-0.205,302.1797522541032,0.0,0.0,0.9800824249496953,3119.356696769142,0.0,0.0,-1.0,35.72282765696102
0.005306703131005341,-0.0017022518462957215,-0.205,302.2479424984342,0.0,0.0,1.065560522308879,3122.364774655075,0.0,0.0,-1.0,33.82215367267486
-0.0022936353380648097,-0.006077174841788361,-0.205,302.1489419671794,0.0,0.0,0.9525760439495762,3120.328500805821,0.0,0.0,-1.0,33.737737557565296
-0.002573767498891967,-0.003127536956337678,-0.205,302.4763289747886,0.0,0.0,1.217614907656367,3118.194736212411,0.0,0.0,-1.0,33.371352573130665
0.004556776844946746,0.0018007432831400176,-0.205,302.530474619627,0.0,0.0,1.1381444573071882,3120.597293171221,0.0,0.0,-1.0,32.46210068600063
4.1908830591797366e-05,0.001034934198313097,-0.205,302.8413911286401,0.0,0.0,1.3863304938555707,3121.5439456302456,0.0,0.0,-1.0,25.226295071268446
-0.005564348672205627,-0.003133854224407958,-0.205,302.0551661454454,0.0,0.0,0.9667904381446623,3119.2533522906415,0.0,0.0,-1.0,34.37938985864078
0.0021771148662903905,0.006103207873401271,-0.205,302.1364982568379,0.0,0.0,0.9546298042223438,3118.3776014446335,0.0,0.0,-1.0,34.49830197375856
0.0010834197267178202,0.005438989120399308,-0.205,302.2456644276128,0.0,0.0,1.06865427278293,3125.310580901377,0.0,0.0,-1.0,33.80932165870017
-0.001623764094999788,0.00548838042768103,-0.205,302.19254717629207,0.0,0.0,1.0481918846073213,3119.83697018069,0.0,0.0,-1.0,33.5732139401843
0.0062190142126537186,-0.0013253448902779124,-0.205,302.0992471969826,0.0,0.0,0.970326562348577,3121.343717336549,0.0,0.0,-1.0,34.618258620893855
-0.0002479315305475249,0.0008163089768275424,-0.205,302.8966809266274,0.0,0.0,1.3905447871016332,3123.114358042585,0.0,0.0,-1.0,27.12829444351137
-0.002870465404867719,-0.0029933192871693056,-0.205,302.49453501917486,0.0,0.0,1.2092417038488918,3119.430643461426,0.0,0.0,-1.0,30.901107622615722
0.0019827554238398565,0.002666741998822056,-0.205,302.78129358611466,0.0,0.0,1.2747813328760165,3121.2581783594214,0.0,0.0,-1.0,29.849146822616408
-0.0038739446621537436,0.0013183179100334003,-0.205,302.62530975811393,0.0,0.0,1.2140296892838858,3119.1082215425986,0.0,0.0,-1.0,29.95683637689953
-0.0015202495078423717,-0.00242958798454993,-0.205,302.74402690548555,0.0,0.0,1.3054693966359137,3122.9295589960248,0.0,0.0,-1.0,28.64878395211164
0.002493009377984477,-0.004959786808518418,-0.205,302.31827422153106,0.0,0.0,1.0680588539423197,3122.915082544799,0.0,0.0,-1.0,32.46709411427566
-0.0012649148492323802,0.006214600686479384,-0.205,302.1289587368019,0.0,0.0,0.9724610957099915,3121.844694919867,0.0,0.0,-1.0,35.53815586312151
-0.003087973872196123,0.0029450647984598107,-0.205,302.6786422750014,0.0,0.0,1.198620997596555,3117.163950604923,0.0,0.0,-1.0,31.79560684986818
0.0020959825385184405,-0.0053528968032127006,-0.205,302.3175135795834,0.0,0.0,1.0452571363375813,3119.3544372717247,0.0,0.0,-1.0,34.298011335274396
-0.005097801902614614,0.0021713893548973512,-0.205,302.36631034664777,0.0,0.0,1.0692057864552187,3121.0724258271202,0.0,0.0,-1.0,34.07155114454864
0.004883004699170059,0.002297950755323253,-0.205,302.43562397905976,0.0,0.0,1.0853805731758037,3117.829818264301,0.0,0.0,-1.0,33.05228500478009
0.004558652468906212,-0.0020580120830684216,-0.205,302.36946232942483,0.0,0.0,1.1276912567849546,3117.447036099716,0.0,0.0,-1.0,32.65044606865878
0.0003841700165885379,0.0037524834575574863,-0.205,302.5343964067573,0.0,0.0,1.2406873945647148,3119.6125538113743,0.0,0.0,-1.0,29.569004183694467
-0.0057167949696010556,-0.0011177660882769243,-0.205,302.19282140763556,0.0,0.0,1.036243104379776,3121.4928604525467,0.0,0.0,-1.0,34.57384594178611
-0.006230838190457513,-0.001589716228466283,-0.205,302.0681810567312,0.0,0.0,0.9610654318686348,3119.6850580543087,0.0,0.0,-1.0,36.47788140274194
-0.0014511913751064955,0.0029310515764096323,-0.205,302.665506302467,0.0,0.0,1.2785095070648482,3121.074963189823,0.0,0.0,-1.0,31.225517857770676
-0.0038826282098248003,0.004541829632887639,-0.205,302.2978245077071,0.0,0.0,1.0182207491192798,3122.313183434671,0.0,0.0,-1.0,35.10609714017527
0.002303840815312724,0.002740013718131211,-0.205,302.73464520048316,0.0,0.0,1.2557596286980337,3118.1607891267277,0.0,0.0,-1.0,29.53319721949486
-0.0035004150929925284,-0.0010339618860033756,-0.205,302.5841109744673,0.0,0.0,1.2503478130188224,3120.5967462047324,0.0,0.0,-1.0,31.800069808689273
-0.003886706760591825,0.0034370638179129047,-0.205,302.51893967308223,0.0,0.0,1.108047389695352,3122.1083791127735,0.0,0.0,-1.0,33.863739656916025
-0.0043088639189185676,0.0008347592689961118,-0.205,302.61602575978105,0.0,0.0,1.1875615240094457,3121.1005743235924,0.0,0.0,-1.0,28.639056161928757
0.00599831144278317,0.002013876437127877,-0.205,302.26664740207957,0.0,0.0,0.9743378873654338,3120.7957265770315,0.0,0.0,-1.0,35.081873952939574
0.006135507344429184,-0.000344743827445167,-0.205,302.2466596471704,0.0,0.0,0.9973209236716819,3125.154480955358,0.0,0.0,-1.0,32.88172738870746
0.002611136987921443,0.005043335675858071,-0.205,302.3052457080376,0.0,0.0,1.0533527851972908,3116.5366223003293,0.0,0.0,-1.0,34.440718116548105
0.0047284988850176835,-0.0010545833956386308,-0.205,302.36919805035006,0.0,0.0,1.1437021426498146,3117.2689171421302,0.0,0.0,-1.0,33.23083519435831
0.0018685857340001786,0.005615361258754617,-0.205,302.2213731690214,0.0,0.0,1.0251229505148596,3119.6457738417475,0.0,0.0,-1.0,33.688241152055255
0.0012581428383326523,0.0050708485775230175,-0.205,302.3114087490352,0.0,0.0,1.1041693449848535,3120.087476248015,0.0,0.0,-1.0,32.81118644726898
-0.004120389318559387,-0.0018192194070447483,-0.205,302.37254678171007,0.0,0.0,1.1768468722862886,3118.0235666036865,0.0,0.0,-1.0,32.915915222062885
0.004497016782384281,0.0044050793209909145,-0.205,302.22219997561734,0.0,0.0,0.9784554558354411,3117.539637484792,0.0,0.0,-1.0,35.77956343739837
0.0003824989479835344,0.0046549440288039135,-0.205,302.4026149315184,0.0,0.0,1.1609127111979416,3119.5098821397573,0.0,0.0,-1.0,31.066747563305853
0.0050925723627011175,0.0014974679688179717,-0.205,302.45920226953587,0.0,0.0,1.0951134187301013,3124.2201104164487,0.0,0.0,-1.0,33.82994060273715
0.0038459469112278144,0.0003227184590075617,-0.205,302.7059580604874,0.0,0.0,1.2336036799910173,3119.242170878325,0.0,0.0,-1.0,29.020157639772783
0.002993962602513899,0.0028927998449568967,-0.205,302.6770490480178,0.0,0.0,1.207845156983443,3121.6844358918097,0.0,0.0,-1.0,32.412907589163055
0.0014978360417631671,-0.00521649417044051,-0.205,302.3807684939506,0.0,0.0,1.0819845250400844,3115.934706419838,0.0,0.0,-1.0,35.2656486834173
-0.0013615658573314228,0.0005615683694812366,-0.205,302.9415395787514,0.0,0.0,1.3733172139609708,3117.2124474163556,0.0,0.0,-1.0,26.76439924631192
0.004574755543978987,-0.002901867170938815,-0.205,302.2912588212902,0.0,0.0,1.083072889505468,3122.016199424796,0.0,0.0,-1.0,34.612543450496815
0.0021500735721375324,0.0013791174283085722,-0.205,302.8495892727799,0.0,0.0,1.3240408153329235,3121.45689839586,0.0,0.0,-1.0,30.866031964855924
0.0012227421917561047,0.005635250113894282,-0.205,302.2314562201647,0.0,0.0,1.0431720395873156,3116.5126168259144,0.0,0.0,-1.0,31.62651071787185
0.0038917694563715887,0.004565439912376519,-0.205,302.31334780115105,0.0,0.0,1.0153150458963005,3119.9385160345378,0.0,0.0,-1.0,34.13751608522966
-0.0042600648211042645,0.004314352008675136,-0.205,302.2649148204237,0.0,0.0,1.007473118836019,3120.2178621233147,0.0,0.0,-1.0,33.592366596065254
-0.003886827917952701,0.0030692879669330184,-0.205,302.5026675470701,0.0,0.0,1.132747982570087,3118.76293578648,0.0,0.0,-1.0,32.39039134360576
0.004664355767782481,0.001880432794440198,-0.205,302.4967323323033,0.0,0.0,1.124842976943098,3119.6965226317843,0.0,0.0,-1.0,31.96339883701275
0.00114242982755249,0.003642918795924657,-0.205,302.54458582269024,0.0,0.0,1.2369956589656188,3121.880521544773,0.0,0.0,-1.0,29.939771606448076
0.004129280557672809,0.0014409795759511782,-0.205,302.6039360702889,0.0,0.0,1.1889840179354985,3120.0078759716293,0.0,0.0,-1.0,32.54594975899913
-0.0018491969137037004,-0.003286160863010104,-0.205,302.59872456289725,0.0,0.0,1.2407973404973967,3121.8134630592003,0.0,0.0,-1.0,30.84436478457703
0.002938663275623025,0.002562241576140849,-0.205,302.6878696177876,0.0,0.0,1.2303646326973854,3118.2603237493313,0.0,0.0,-1.0,30.22487900449254
0.0016475241675107566,0.006210404714375658,-0.205,302.140855825713,0.0,0.0,0.9617419050004452,3118.378835567193,0.0,0.0,-1.0,34.2301943022044
0.002095532113635019,-0.0009031685656081251,-0.205,302.79336860012387,0.0,0.0,1.3386946574882337,3120.6175153409376,0.0,0.0,-1.0,28.498017000600477
0.003931576974715536,-0.004632805707013966,-0.205,302.24358398251576,0.0,0.0,1.0058665224992829,3119.614228240048,0.0,0.0,-1.0,33.486375589029336
0.002001637748587532,-0.0005812551546059763,-0.205,302.76613331600646,0.0,0.0,1.3483848709203259,3119.4486948078334,0.0,0.0,-1.0,29.217400892714508
0.0005954478522066277,0.003977378738466802,-0.205,302.4975900774266,0.0,0.0,1.2200624726142626,3121.6303703838025,0.0,0.0,-1.0,32.026309010250074
-0.0013062672120204874,0.006335643007395288,-0.205,302.0544238863674,0.0,0.0,0.9560635000306128,3119.423435918762,0.0,0.0,-1.0,34.48079869179085
-0.005058085254358588,-0.002808130955028775,-0.205,302.1881992553541,0.0,0.0,1.0409429842264604,3119.6545496492145,0.0,0.0,-1.0,33.550172555531546
0.0007767393470743043,0.004097970392462492,-0.205,302.4912716497254,0.0,0.0,1.207165018941327,3119.021513219504,0.0,0.0,-1.0,30.025076857786598
0.001460763530954337,-0.00043753327487095606,-0.205,302.88271780531977,0.0,0.0,1.371496935873143,3119.3633948455335,0.0,0.0,-1.0,26.288939521816207
-0.001681296923255278,-0.0008692332690091626,-0.205,302.7191035030364,0.0,0.0,1.3570266247712723,3122.4330525181103,0.0,0.0,-1.0,27.343615115841356
0.0014160657895802638,0.003279119291151668,-0.205,302.62268245138836,0.0,0.0,1.2563744319335777,3115.6629058312183,0.0,0.0,-1.0,30.132049522877406
0.004287612052570023,-0.0009197630829651583,-0.205,302.44647592886065,0.0,0.0,1.1879130376704001,3120.553637067268,0.0,0.0,-1.0,33.01910031879098
0.005454560674620907,-0.0029574727225800835,-0.205,302.1811879291054,0.0,0.0,0.9898730622018068,3122.6390587082947,0.0,0.0,-1.0,34.12036875724112
-0.00024800988844155306,0.0010528778066533641,-0.205,302.8864935080147,0.0,0.0,1.3851563547302406,3116.562800047611,0.0,0.0,-1.0,26.38156981576185
0.0037634524427632376,0.0002755378915968783,-0.205,302.55932497886386,0.0,0.0,1.2405727677459386,3117.5272572111044,0.0,0.0,-1.0,29.938598286609253
-0.0017683364694513475,0.001858242380618094,-0.205,302.84710302199284,0.0,0.0,1.323429379836321,3119.1504508110984,0.0,0.0,-1.0,29.506800233325624
-0.0008881241221019495,-0.005838399960296375,-0.205,302.35279031984527,0.0,0.0,1.0266302154180076,3124.7100690924303,0.0,0.0,-1.0,35.4289116952681
-0.0020444768507650647,-0.004966442853663212,-0.205,302.3532689182237,0.0,0.0,1.0882431900013816,3120.239644091353,0.0,0.0,-1.0,33.51709070044248
0.005280363465243381,-0.0020562399247817955,-0.205,302.2392863737026,0.0,0.0,1.0548120994545849,3119.42158028963,0.0,0.0,-1.0,31.518114312031777
-0.003834546411076669,0.00021783571625441875,-0.205,302.6346325358207,0.0,0.0,1.235134956942055,3123.001770158597,0.0,0.0,-1.0,29.71854054420894
0.0002966704702745669,-0.0009124033292973476,-0.205,303.03084795689034,0.0,0.0,1.3881815045272459,3119.5050163918186,0.0,0.0,-1.0,25.35481638818332
-0.006231584150764888,0.000547324039279858,-0.205,302.1336013982614,0.0,0.0,0.9834662114165149,3116.6966197932456,0.0,0.0,-1.0,33.1855632178356
-0.0021011943545757496,-0.002891959754894552,-0.205,302.6328811678992,0.0,0.0,1.2561543042305017,3117.937207213872,0.0,0.0,-1.0,29.628906439254216
0.0053544226609514465,-0.0004281537770239241,-0.205,302.3114829765791,0.0,0.0,1.0881639517623627,3119.16363868767,0.0,0.0,-1.0,33.23120415981761
-0.0017772876246891765,-0.005357365284440218,-0.205,302.397269541928,0.0,0.0,1.0573682560749895,3122.345853235418,0.0,0.0,-1.0,35.16708045403632
-0.001860736706585319,0.0003192171158623542,-0.205,302.94057755483874,0.0,0.0,1.3572327519659046,3122.9215840693732,0.0,0.0,-1.0,27.92193264630843
9.974659155843194e-05,0.0015274290559326394,-0.205,302.8352027749492,0.0,0.0,1.3712905841145058,3116.4737509397737,0.0,0.0,-1.0,25.108077943412685
0.0006527662863999923,-0.00524382618987865,-0.205,302.44989872285413,0.0,0.0,1.0977135506453417,3123.766688309563,0.0,0.0,-1.0,34.63741008553145
0.003788424043865592,-0.002190609644284586,-0.205,302.4149819016746,0.0,0.0,1.1887372373486118,3119.8108489758088,0.0,0.0,-1.0,31.681412801516892
0.002055751968124554,-0.0008263405981480701,-0.205,302.7840042465679,0.0,0.0,1.3420328124706846,3120.3191856687667,0.0,0.0,-1.0,27.72400522206082
-0.0031916529765694955,-0.0036225826975266086,-0.205,302.3828612815922,0.0,0.0,1.1453735915682097,3120.3551698637357,0.0,0.0,-1.0,31.94067065438662
-0.0014943858492838943,0.0006400572520405764,-0.205,302.94218361405603,0.0,0.0,1.3678105576065405,3116.22112893842,0.0,0.0,-1.0,27.793745488466794
-0.0006161365521735864,0.0018278056500908935,-0.205,302.7471955136168,0.0,0.0,1.3554534956496458,3120.429080712762,0.0,0.0,-1.0,27.80673884238334
0.0007614518044558104,-0.0016264661216213456,-0.205,302.91568768950026,0.0,0.0,1.361106988728558,3121.9851280720854,0.0,0.0,-1.0,28.368104834450723
-0.005193119890861082,-0.003664537560210785,-0.205,302.09887877738146,0.0,0.0,0.9706834185093713,3120.38518115098,0.0,0.0,-1.0,36.45058096947766
0.00315616635568886,0.0016487398596446142,-0.205,302.72695524522607,0.0,0.0,1.2572102229269653,3124.254446617407,0.0,0.0,-1.0,31.178770411186633
-0.004172658369070297,0.003260275086776031,-0.205,302.4747917456845,0.0,0.0,1.0965139851263535,3118.2794686256566,0.0,0.0,-1.0,33.18965934002998
0.0016014143026170484,0.0027852295628851293,-0.205,302.6796751014878,0.0,0.0,1.2825590496616555,3119.2362109953274,0.0,0.0,-1.0,30.823617451786884
-0.0023474822250155397,-0.0032389707575103317,-0.205,302.55222043932866,0.0,0.0,1.221886028127346,3118.4815655877865,0.0,0.0,-1.0,30.21119781832373
0.0017776124615994755,-0.0013784172789522882,-0.205,302.78000680337726,0.0,0.0,1.3403403424472362,3121.330505464895,0.0,0.0,-1.0,28.688807183727967
-0.002039984028128866,-0.0021221283979982316,-0.205,302.7065881645854,0.0,0.0,1.30054627590967,3116.079004990568,0.0,0.0,-1.0,27.968959220755757
-0.004447169749765901,0.0023545747232636685,-0.205,302.45894114662275,0.0,0.0,1.1245422462233432,3115.7300090427866,0.0,0.0,-1.0,32.96815916191214
0.006295409210651017,0.00024935326495572295,-0.205,302.19800550353744,0.0,0.0,0.9777837542295462,3120.4840586043306,0.0,0.0,-1.0,34.848032155184235
0.004835533259394169,-0.00433732340130755,-0.205,302.11023259713517,0.0,0.0,0.9525565096888691,3120.3638444502426,0.0,0.0,-1.0,34.70072748721038
0.004107017937488951,0.0022674857479997785,-0.205,302.5787874243643,0.0,0.0,1.1588903569532796,3119.0143422911838,0.0,0.0,-1.0,33.648202835074905
0.0030528935297979344,-0.0008184551916673494,-0.205,302.6438461546224,0.0,0.0,1.2861505338482542,3116.848393500977,0.0,0.0,-1.0,30.92716172454371
-0.004118045042097246,0.004285095106996632,-0.205,302.3114016899917,0.0,0.0,1.0221092945130599,3119.296795644968,0.0,0.0,-1.0,34.08122132525688
0.0034671788881189447,0.00018950894930251836,-0.205,302.6513610486568,0.0,0.0,1.2638780216742236,3121.265235259877,0.0,0.0,-1.0,30.605007046093608
-0.0030965104708212594,-0.005580212407529744,-0.205,302.25629002143785,0.0,0.0,0.9673542605490616,3120.6948595639506,0.0,0.0,-1.0,34.8142392682554
-0.003343200040880869,0.003783488515316301,-0.205,302.4577681391744,0.0,0.0,1.1227812133849469,3119.35122390343,0.0,0.0,-1.0,32.325381820537494
-0.0027483920280461194,-0.0012280723263909728,-0.205,302.63235703890365,0.0,0.0,1.2962239076793491,3119.4561318642336,0.0,0.0,-1.0,29.65590294076748
-0.005346744392142855,0.003601915904381706,-0.205,302.2986031219111,0.0,0.0,0.9589386232858338,3118.998205447279,0.0,0.0,-1.0,35.26561562143102
-0.0008616909723353691,-0.003463951984845689,-0.205,302.7382829131733,0.0,0.0,1.2565497375015227,3118.7253964841498,0.0,0.0,-1.0,30.041851409114738
-0.004222100109136426,0.0007543765180884333,-0.205,302.5204892676812,0.0,0.0,1.196664961566758,3117.0698494530434,0.0,0.0,-1.0,31.830764474503056
0.0035956076717312694,0.003311888191310042,-0.205,302.6517961737943,0.0,0.0,1.1392833213539513,3118.8994016676866,0.0,0.0,-1.0,34.17740234999953
-0.006171095607757932,-0.0007153068784131921,-0.205,302.1792765315124,0.0,0.0,0.9889095884865025,3117.209806113921,0.0,0.0,-1.0,33.545199399920875
-0.0055237513073769055,0.0007364556810792474,-0.205,302.37807094713014,0.0,0.0,1.065607210128444,3117.646802091942,0.0,0.0,-1.0,33.32798720019699
0.00019822160549730873,0.0008170298359453634,-0.205,302.89027644378393,0.0,0.0,1.3908041558242876,3119.528063665195,0.0,0.0,-1.0,27.567727102587362
0.005086368664808572,-0.0016511888018190192,-0.205,302.30099045743015,0.0,0.0,1.0907887254277213,3120.7706264738104,0.0,0.0,-1.0,32.766420700452656
0.002693558000312327,-0.002117265548805539,-0.205,302.6261942027067,0.0,0.0,1.267303511595662,3122.1839180022407,0.0,0.0,-1.0,28.214359037187545
-0.002452188436873881,0.0005178426696374414,-0.205,302.86838054508695,0.0,0.0,1.3267351690129572,3118.9014574056337,0.0,0.0,-1.0,28.550850295035946
-0.00567430641934479,0.001334713654071663,-0.205,302.32008696759897,0.0,0.0,1.0357535757046192,3116.2658814284673,0.0,0.0,-1.0,31.196722528590666
-0.00015381960979875958,-0.0018527501782254518,-0.205,302.99693305133735,0.0,0.0,1.358463613491677,3123.081231278132,0.0,0.0,-1.0,27.43042546686642
-0.0012855955276706397,-0.0030479257431442436,-0.205,302.7324217740688,0.0,0.0,1.2758612392367692,3119.942416107531,0.0,0.0,-1.0,30.10464690336163
0.0005209074850956314,0.0023274529469291877,-0.205,302.75888418518736,0.0,0.0,1.333322095956483,3120.8196837641244,0.0,0.0,-1.0,29.151831628302407
0.0004483016805250314,0.004592497564886457,-0.205,302.34564604564105,0.0,0.0,1.166359336199679,3122.5815574901117,0.0,0.0,-1.0,31.27794220138248
-0.0027105948306003227,0.0011587351863917295,-0.205,302.751074291116,0.0,0.0,1.3002733975048084,3120.3679236258267,0.0,0.0,-1.0,30.73671077090318
0.0019201345169634059,-0.003969860725062823,-0.205,302.55740342493146,0.0,0.0,1.1856386502375396,3121.1952762387373,0.0,0.0,-1.0,31.912875158788403
-0.0037513807804333728,0.0005179855175398037,-0.205,302.67483101893464,0.0,0.0,1.239491551127663,3121.8624349439547,0.0,0.0,-1.0,31.76613232889735
-0.004143933376406913,0.001723480907246315,-0.205,302.59465335661923,0.0,0.0,1.1783581434373542,3117.5591728708123,0.0,0.0,-1.0,33.20813317593819
-0.0017955939592528116,-0.0017757940524531445,-0.205,302.7199080426774,0.0,0.0,1.3256694766212171,3121.437550544047,0.0,0.0,-1.0,28.22202843166614
0.004407403016754793,-0.0006870449968215058,-0.205,302.4563648829019,0.0,0.0,1.1809235621639813,3119.047865853723,0.0,0.0,-1.0,32.35922319598971
-0.0029382016586909166,-0.0036669299338135133,-0.205,302.4029477193966,0.0,0.0,1.1581586171172742,3119.444681174607,0.0,0.0,-1.0,31.688263793031478
-0.0020670491173184436,0.004811655464919332,-0.205,302.2830654168082,0.0,0.0,1.1028486319750308,3118.4018254808275,0.0,0.0,-1.0,33.334655813759966
-0.001631470397735297,0.004047071164598007,-0.205,302.50708310691857,0.0,0.0,1.1898948736963935,3121.3006962428863,0.0,0.0,-1.0,31.542351846307447
0.006189083290424148,-0.0012789077145253845,-0.205,302.1551815646267,0.0,0.0,0.9752983181541781,3120.3830103379655,0.0,0.0,-1.0,34.851816314592114
-0.00362915391465215,0.002791920924108652,-0.205,302.55027251299407,0.0,0.0,1.1697634943965636,3118.7142336803167,0.0,0.0,-1.0,29.75684928309461
-0.002466486255848596,0.0004005422353072547,-0.205,302.74803958739955,0.0,0.0,1.3271496523988133,3115.9171857203924,0.0,0.0,-1.0,28.25055388822068
0.00114147700737287,0.004263328046321568,-0.205,302.46592886673494,0.0,0.0,1.1853012079220195,3117.9977389008163,0.0,0.0,-1.0,31.2509080017439
-0.0016039849517317198,0.004246802031776632,-0.205,302.506388559282,0.0,0.0,1.1734945812810034,3122.7242834343815,0.0,0.0,-1.0,34.22264620689867
0.0003097102571002364,-0.004159947955865228,-0.205,302.61992715520825,0.0,0.0,1.207118663694717,3116.3696979770516,0.0,0.0,-1.0,33.42168276327235
-0.0026593119036484466,-0.001677726967716326,-0.205,302.6557325522697,0.0,0.0,1.287269420102866,3120.6320101866663,0.0,0.0,-1.0,30.067008632972254
0.0033405557454006993,-0.005309238036884636,-0.205,302.1962253372995,0.0,0.0,0.9812912385011094,3116.780725391909,0.0,0.0,-1.0,36.436085667409955
0.004953938369659072,0.0042000801055266,-0.205,302.2310636275278,0.0,0.0,0.9526832210700377,3120.2472235603977,0.0,0.0,-1.0,34.222320509679214
-0.002886626908620689,0.005156905326376023,-0.205,302.2658261083529,0.0,0.0,1.0261155188446889,3119.1397787434166,0.0,0.0,-1.0,34.0535726161387
0.005180412768097521,-0.0032668338074106234,-0.205,302.1751945012119,0.0,0.0,0.9998986439294726,3121.49615689621,0.0,0.0,-1.0,34.52548183617957
0.0028736847619455414,0.001564200099994641,-0.205,302.7445396153061,0.0,0.0,1.2784257136062458,3121.452098409116,0.0,0.0,-1.0,29.73443163113619
0.0014501231378807903,-0.0025878899297316505,-0.205,302.7325506964612,0.0,0.0,1.299074096201558,3117.3494437569866,0.0,0.0,-1.0,29.65507702515234
0.004796786249925355,-0.0022045463119880443,-0.205,302.3021336090195,0.0,0.0,1.0982754429322585,3119.9915007339396,0.0,0.0,-1.0,34.785219286382905
0.0015059147074771113,0.0054316726383891135,-0.205,302.2327630140232,0.0,0.0,1.0582803233935125,3117.863612256047,0.0,0.0,-1.0,32.224824883338485
-0.0033486461362708976,-0.0049013616305085776,-0.205,302.1759547245779,0.0,0.0,1.022958631671252,3119.876762447484,0.0,0.0,-1.0,34.38517799707717
-0.00021815068681975424,0.003940443042256729,-0.205,302.54134848233485,0.0,0.0,1.2264035494883907,3120.3247351526934,0.0,0.0,-1.0,33.05475385567325
0.0036596392428446213,-0.0035547627541942265,-0.205,302.377424734671,0.0,0.0,1.117230891125684,3122.364055485672,0.0,0.0,-1.0,31.18402181013158
-0.00521537819297781,-0.0024813733848341904,-0.205,302.2101472284627,0.0,0.0,1.042089024614437,3121.492572989203,0.0,0.0,-1.0,33.337565048367225
-0.0037633715645624143,-0.0009864300035131695,-0.205,302.55093463559774,0.0,0.0,1.231051841089789,3121.127065041435,0.0,0.0,-1.0,31.423337325329225
0.0015700494054703708,-0.004611756942174553,-0.205,302.4815315599458,0.0,0.0,1.140979669159036,3121.072699877893,0.0,0.0,-1.0,32.45831197487676
-0.0020114527023808353,-0.0013817736236526224,-0.205,302.7030369523378,0.0,0.0,1.3303538740814136,3123.6596666597084,0.0,0.0,-1.0,30.397091800921746
-0.0058574506190069995,0.00014653236390867972,-0.205,302.27847397682024,0.0,0.0,1.0321699849782668,3115.3849485959304,0.0,0.0,-1.0,32.988402268916865
-0.0017533292111632734,0.005673836259178558,-0.205,302.1350004414907,0.0,0.0,1.0226556696330238,3117.687757890061,0.0,0.0,-1.0,35.05414140602956
0.0001224587749692821,-0.002852723412480449,-0.205,302.94333934914226,0.0,0.0,1.3061367529414527,3123.1601326122354,0.0,0.0,-1.0,29.876434291446287
0.0024691739731053917,-0.0037211806590686384,-0.205,302.4983302363578,0.0,0.0,1.1804343465634148,3116.9583550311845,0.0,0.0,-1.0,31.318453120493782
0.001679831498629497,-4.494161562916254e-05,-0.205,302.9233223032328,0.0,0.0,1.365719850542529,3120.64848217039,0.0,0.0,-1.0,28.05455136380102
-0.004106948982604058,-0.00409722144929816,-0.205,302.19384804794896,0.0,0.0,1.0390636679119474,3118.1492167695956,0.0,0.0,-1.0,33.84752044495901
0.004510200664769536,0.001962336323864679,-0.205,302.50455861146236,0.0,0.0,1.136219726612338,3117.62498814631,0.0,0.0,-1.0,32.460429497183036
0.002177974259507591,-0.0034540586320668133,-0.205,302.56776003840696,0.0,0.0,1.2147821909528587,3121.946758777021,0.0,0.0,-1.0,29.905141714305298
-0.006179705928891523,-0.000593286838553805,-0.205,302.1575606587207,0.0,0.0,0.9894492595839465,3119.242951825054,0.0,0.0,-1.0,33.631483077795636
-0.005036732176849699,0.0006524892560323451,-0.205,302.4364297867487,0.0,0.0,1.1196555213982105,3119.6964164547826,0.0,0.0,-1.0,32.595284634611595
-0.0016625964065265755,-0.003314859895848196,-0.205,302.66210462128834,0.0,0.0,1.2457568465954996,3119.7286630030467,0.0,0.0,-1.0,31.209737226309272
0.001319235292850733,0.005663108344265915,-0.205,302.1872382180168,0.0,0.0,1.0374650157832868,3118.5680402232165,0.0,0.0,-1.0,35.00319246562228
0.0036919129454376083,-0.0030779651440497177,-0.205,302.3605473365059,0.0,0.0,1.1475083201172576,3116.19483738602,0.0,0.0,-1.0,33.56538490545834
-0.0020748352303368777,-0.004539235434739772,-0.205,302.448109157746,0.0,0.0,1.128799150758212,3120.3853152955844,0.0,0.0,-1.0,31.922794903963617
-0.001922224228836518,-0.0036681063392851416,-0.205,302.6088287608872,0.0,0.0,1.209764153983845,3115.8749388575666,0.0,0.0,-1.0,30.947837694255288
-0.004157318896036762,-0.0014277605662356616,-0.205,302.4796266835006,0.0,0.0,1.186946902175926,3120.2266716996583,0.0,0.0,-1.0,32.75456424124337
-0.00370767843244415,0.004708172903855581,-0.205,302.33739627860035,0.0,0.0,1.0160801208674675,3120.6171871361394,0.0,0.0,-1.0,35.34883737826097
0.005770121672680879,0.0006035106816891542,-0.205,302.26797311424895,0.0,0.0,1.0390201045768066,3120.7616831475734,0.0,0.0,-1.0,33.78055338410599
-0.005576873768796257,0.0005067869560456997,-0.205,302.3159654813214,0.0,0.0,1.0624965375431856,3126.3974171170767,0.0,0.0,-1.0,33.73782287805926
0.0023463315614091363,0.005696023073007218,-0.205,302.235756249881,0.0,0.0,0.9954303581438978,3116.8519486844084,0.0,0.0,-1.0,35.434200918381336
-0.005276411079995463,0.0033343647090921208,-0.205,302.3022018336522,0.0,0.0,0.9852228986534852,3120.6005174081506,0.0,0.0,-1.0,34.068668478401094
-0.005208774464230111,-0.0015575506699100291,-0.205,302.3090475171893,0.0,0.0,1.08093872576218,3119.3983652707507,0.0,0.0,-1.0,31.846390805926262
-0.0003606520600913158,0.001438351220686884,-0.205,302.8302698664627,0.0,0.0,1.3729702286755827,3120.412484612013,0.0,0.0,-1.0,28.91144893119601
-0.003591528297867897,0.001426424974141578,-0.205,302.6960525080107,0.0,0.0,1.2331971570722984,3117.9339745484963,0.0,0.0,-1.0,30.14884473439565
-0.0020413459728981257,-0.00032124189492900405,-0.205,302.7385813924859,0.0,0.0,1.349221822211879,3120.1371800353786,0.0,0.0,-1.0,29.183922538989442
-0.0030074335597680287,-0.0017157528926570061,-0.205,302.6353758010036,0.0,0.0,1.2646157873768271,3119.1629126312023,0.0,0.0,-1.0,30.297416881979657
-0.0031158588517671507,0.0010383674890143408,-0.205,302.7475561621427,0.0,0.0,1.277541200497901,3118.63290486593,0.0,0.0,-1.0,31.03716289703234
0.0028962745626168883,-0.001639656963367903,-0.205,302.62061123121697,0.0,0.0,1.274414568217157,3121.432883521618,0.0,0.0,-1.0,31.622163514057497
-0.0021304552050241806,0.00432842729794055,-0.205,302.44314115907656,0.0,0.0,1.1457433725460775,3121.6473916051214,0.0,0.0,-1.0,34.5458581717799
-0.0023640235182492805,-0.0011511161710127586,-0.205,302.6912142392343,0.0,0.0,1.3197460926115523,3120.77584088564,0.0,0.0,-1.0,27.843711296686756
0.0035461201152543684,-0.0033243159992030562,-0.205,302.4353076641703,0.0,0.0,1.1420924195166329,3118.454510622956,0.0,0.0,-1.0,33.323624556410934
0.00075522078087845,0.0009404737329080242,-0.205,302.9063126975771,0.0,0.0,1.3817434068710934,3119.8313434306924,0.0,0.0,-1.0,26.945700758287483
0.005159569319880984,0.0026516978902657684,-0.205,302.3617430642731,0.0,0.0,1.0390799318040715,3117.240683164749,0.0,0.0,-1.0,33.18185714942798
0.0005962238505652938,0.0027121239001303117,-0.205,302.7455596475721,0.0,0.0,1.3109768212493396,3121.3011431103314,0.0,0.0,-1.0,30.61288001018172
-7.235002418876695e-05,-0.0014475418852709125,-0.205,303.0053736931645,0.0,0.0,1.3741195875451573,3118.7904395301844,0.0,0.0,-1.0,27.07298675726679
0.0014721527118656758,-0.0015339045913687422,-0.205,302.73832091288085,0.0,0.0,1.3464039239750936,3121.601959883902,0.0,0.0,-1.0,29.563688255122912
-0.0008166744331052119,0.0042697670653372285,-0.205,302.45841633762797,0.0,0.0,1.1913901526571122,3121.6377295156108,0.0,0.0,-1.0,33.05367364462707
0.001585802223929186,0.002686494429339388,-0.205,302.69587731755104,0.0,0.0,1.2889456633270275,3119.459695982881,0.0,0.0,-1.0,30.749091266328172
-0.0009020207609952984,-0.0009648554294140919,-0.205,302.89805888914816,0.0,0.0,1.3783054451215668,3120.4890795649935,0.0,0.0,-1.0,26.87334579233194
0.00027567203148362937,0.00019590212805720793,-0.205,302.98927523838097,0.0,0.0,1.3983701451197736,3118.0576557480745,0.0,0.0,-1.0,24.8208879206874
-0.0034110932139127326,0.004289512078057046,-0.205,302.33143454113065,0.0,0.0,1.0760370404792914,3119.520506690059,0.0,0.0,-1.0,33.6277995587771
-0.004582336679741174,-0.0024939882016420164,-0.205,302.3399302829442,0.0,0.0,1.104979088298947,3123.4593442481837,0.0,0.0,-1.0,33.90881604139853
0.0026371400080160484,-0.005123365802965229,-0.205,302.30725207680365,0.0,0.0,1.0436589345582128,3117.7719293352407,0.0,0.0,-1.0,35.00230488811829
-3.0094319048477565e-05,0.001207458626801294,-0.205,302.8833364381426,0.0,0.0,1.381695572978879,3119.8968515700385,0.0,0.0,-1.0,26.076631468160656
-0.00236036590181208,0.004457365972659898,-0.205,302.4441091376853,0.0,0.0,1.1233219008317807,3121.4976431277914,0.0,0.0,-1.0,31.166778836838915
0.00376335617770252,-0.0006600713150232557,-0.205,302.5641105407032,0.0,0.0,1.236756198984482,3121.6703112535306,0.0,0.0,-1.0,29.914901394307215
-0.004785204630939405,0.0020941374075436,-0.205,302.4995035660604,0.0,0.0,1.1043014816140586,3122.083629609698,0.0,0.0,-1.0,32.51202743441065
0.0007948527410976792,0.002772529760253621,-0.205,302.63523127244633,0.0,0.0,1.3043255601091694,3121.030007974242,0.0,0.0,-1.0,29.22583410424923
0.005410718429051465,0.0029250905801513297,-0.205,302.32113956514246,0.0,0.0,0.9966247137174759,3122.191431068908,0.0,0.0,-1.0,34.783708815325454
0.0054634494661416665,-0.0009525062742099098,-0.205,302.2949423713777,0.0,0.0,1.0686527650735025,3114.766160452285,0.0,0.0,-1.0,34.893955180032215
0.0028832413623917385,-0.005611768401153092,-0.205,302.2132939867946,0.0,0.0,0.9766655167853262,3122.7526325794984,0.0,0.0,-1.0,34.053393995462365
0.0012474497231131424,-0.00531821676476346,-0.205,302.45229420732346,0.0,0.0,1.0780448061065389,3118.742852918857,0.0,0.0,-1.0,33.07097891940645
0.0014240574584482655,-9.315869524583647e-05,-0.205,302.8664691845242,0.0,0.0,1.3748691734175498,3120.6884803377834,0.0,0.0,-1.0,27.19886404833696
-0.005435322278003599,0.0023526570889846705,-0.205,302.30822672084093,0.0,0.0,1.0245756232175833,3120.679455988267,0.0,0.0,-1.0,33.53901272126405
0.00022682528829259536,-0.0018340563365802618,-0.205,302.9707798911248,0.0,0.0,1.3589333323119406,3118.9217463894847,0.0,0.0,-1.0,26.938576257937065
-0.0031277541576738136,-9.69658228786686e-06,-0.205,302.7012466036169,0.0,0.0,1.288393738474351,3120.395278452713,0.0,0.0,-1.0,30.141197341810148
0.0005155725869490593,0.0010622988571146851,-0.205,302.9163669093308,0.0,0.0,1.3824660702018987,3119.6735935284883,0.0,0.0,-1.0,27.954445973404503
0.004607810850754366,-0.0042429354833221035,-0.205,302.1885372221628,0.0,0.0,0.982432647403456,3121.0809551178095,0.0,0.0,-1.0,33.514423869080595
0.00012522161638507705,-0.0029186476245493522,-0.205,302.8174389594424,0.0,0.0,1.3019728089413847,3122.335469264882,0.0,0.0,-1.0,29.00466952389933
0.0005051076093451052,0.002978012141520155,-0.205,302.7152833101431,0.0,0.0,1.295550916994076,3120.2381730570323,0.0,0.0,-1.0,29.15660283758339
0.00047003610910888703,0.0018187701911839597,-0.205,302.80564163549894,0.0,0.0,1.357636169530826,3121.1485837794507,0.0,0.0,-1.0,28.114424606241034
-0.004606070345607025,-0.0007926162472183101,-0.205,302.5446603917927,0.0,0.0,1.160607495572437,3119.6853566536674,0.0,0.0,-1.0,31.12689479581914
-0.0033625585524049103,-0.00026917036360937834,-0.205,302.59823044236333,0.0,0.0,1.2711600073622225,3118.519019802745,0.0,0.0,-1.0,31.062218727929107
-0.0009756362617336807,-0.0029629516367078034,-0.205,302.81636626218375,0.0,0.0,1.288957289929134,3119.621774958866,0.0,0.0,-1.0,29.117744105413234
0.0029781614818477956,-0.005340556497528565,-0.205,302.19662180834206,0.0,0.0,1.001093376982138,3119.1906405119876,0.0,0.0,-1.0,32.923945175467466
0.003047866146491517,0.005331326243850654,-0.205,302.2005760589303,0.0,0.0,0.9978352562678509,3122.77553610294,0.0,0.0,-1.0,34.61200510979443
-0.003230179564924868,0.001520528968452432,-0.205,302.7658965219263,0.0,0.0,1.2565006057639863,3115.8396055222292,0.0,0.0,-1.0,30.63440504118495
0.00036103009216311994,0.0025918741882785313,-0.205,302.73209725569535,0.0,0.0,1.320468804483936,3120.850443172501,0.0,0.0,-1.0,28.981191721591173
-0.004515376375262413,-0.0010449353286679,-0.205,302.43414089973527,0.0,0.0,1.1643946947542296,3122.175633895332,0.0,0.0,-1.0,32.98643869621904
0.00017421972650255636,0.00044371068054893236,-0.205,302.93399533833076,0.0,0.0,1.3968711260042022,3120.270908680845,0.0,0.0,-1.0,24.67315404154873
-0.0026796085623747292,-0.005102985543181835,-0.205,302.31512204461126,0.0,0.0,1.043481750583002,3119.306630826282,0.0,0.0,-1.0,35.233318860025314
0.0022996049171188178,-0.005268757970582142,-0.205,302.3308546104605,0.0,0.0,1.0452434065407488,3121.3764257465473,0.0,0.0,-1.0,31.890414686850825
-0.0013057695305755815,-0.001699594712532077,-0.205,302.8250426696785,0.0,0.0,1.345575655719119,3117.028958920366,0.0,0.0,-1.0,29.57750669585342
-0.0019354136887683097,-0.004462486003359051,-0.205,302.47610137027874,0.0,0.0,1.1417443718593583,3118.4223830517776,0.0,0.0,-1.0,31.046944866606616
0.004335550727243788,-0.003228969153502592,-0.205,302.3421119630279,0.0,0.0,1.0843653962991247,3115.3669457932124,0.0,0.0,-1.0,33.942173196963736
0.0014374443998366054,0.0010708698153535832,-0.205,302.91551557635756,0.0,0.0,1.3612466790294417,3117.454472432231,0.0,0.0,-1.0,26.264863619539305
-0.005931608975134968,0.0005750892811895125,-0.205,302.33661972774524,0.0,0.0,1.0201339095953585,3116.4276413260973,0.0,0.0,-1.0,34.35390395323225
-0.004833737314880155,0.0009491423350200088,-0.205,302.4984122440617,0.0,0.0,1.135461425522606,3121.074279880825,0.0,0.0,-1.0,33.80844819333971
0.004985812107512786,0.003197022860482965,-0.205,302.3362626226389,0.0,0.0,1.0245598239617653,3115.4839407325803,0.0,0.0,-1.0,34.71827550694591
0.003093778187826568,0.0006538874469523031,-0.205,302.7335772951231,0.0,0.0,1.2860530492569289,3120.0310380097817,0.0,0.0,-1.0,28.960295956735624
-0.0047442516515307466,-0.0036266298422110515,-0.205,302.2121502605831,0.0,0.0,1.0186540284170358,3119.58072330704,0.0,0.0,-1.0,37.08797167065424
0.0006436751380086348,0.0020932870880901295,-0.205,302.779130285004,0.0,0.0,1.3432987871558482,3119.9260264111754,0.0,0.0,-1.0,29.306703062957975
-0.001408723362036692,-0.005762969069581171,-0.205,302.25028309524134,0.0,0.0,1.0233699561249352,3119.6452745666866,0.0,0.0,-1.0,34.48978786951499
-0.0013321914756580272,-0.005290114026095046,-0.205,302.39099792463725,0.0,0.0,1.0788599439074464,3119.575769742861,0.0,0.0,-1.0,33.4795698440297
0.0015469290225526833,0.0030752823220730305,-0.205,302.6766015222858,0.0,0.0,1.2660979329037831,3118.318722416283,0.0,0.0,-1.0,29.592422438058296
0.00012133907851981935,-0.004079407688985698,-0.205,302.66202424929185,0.0,0.0,1.2149700621627029,3116.3627011451845,0.0,0.0,-1.0,31.845870921181096
-0.0026110540531593365,-0.00034767940946651445,-0.205,302.8039689809748,0.0,0.0,1.3194725378707128,3118.5441999125565,0.0,0.0,-1.0,28.276629913295935
-0.0038681939024303477,-0.00043710854254025623,-0.205,302.5741440239272,0.0,0.0,1.2308612070562392,3126.4451670137573,0.0,0.0,-1.0,28.03648437689924
0.0014531206148122987,0.006123795784782281,-0.205,302.1212942858424,0.0,0.0,0.9786115845924231,3119.5899702027923,0.0,0.0,-1.0,35.58689539544332
-0.002171646669027622,-0.004495371164249424,-0.205,302.41930121420654,0.0,0.0,1.1286459562273001,3119.560470688702,0.0,0.0,-1.0,31.996923919260574
0.004026590536275645,0.0018651157322045896,-0.205,302.6491738854588,0.0,0.0,1.1830698998625009,3116.516767222055,0.0,0.0,-1.0,32.30552850330507
-0.0018259632241525397,-0.004611674846413367,-0.205,302.4600652095898,0.0,0.0,1.1319848932993453,3120.7549602502713,0.0,0.0,-1.0,31.408874370045627
-0.0020722570834784686,0.004621225488254012,-0.205,302.33089712856486,0.0,0.0,1.1211470610205054,3115.7664259947023,0.0,0.0,-1.0,34.16640837918524
-0.0050949762819656585,0.002963946056677227,-0.205,302.3279492185726,0.0,0.0,1.027972017987853,3120.63639803289,0.0,0.0,-1.0,36.03269015110438
-0.001491712466755097,-0.005971585497068139,-0.205,302.2324677212088,0.0,0.0,0.9960877797619333,3119.9795350304903,0.0,0.0,-1.0,34.04138077191785
0.0025072201684772522,-0.0012489376353753035,-0.205,302.65696973344086,0.0,0.0,1.3094979472673762,3120.7630648358286,0.0,0.0,-1.0,29.276665997085512
0.005429546477644561,-0.0008048227567004905,-0.205,302.3274579183949,0.0,0.0,1.075091916924721,3122.264964121617,0.0,0.0,-1.0,33.18301631076806
0.006021801137132545,-0.0023250026889018787,-0.205,302.15259025350394,0.0,0.0,0.9578674893506103,3121.978069825521,0.0,0.0,-1.0,34.05922583472628
-0.0005685026499070657,-0.0013721013802087299,-0.205,302.92735696655893,0.0,0.0,1.372889270138283,3117.0477631069516,0.0,0.0,-1.0,27.21128634075906
0.0016481767504285946,-0.0009486161275611816,-0.205,302.74034214714266,0.0,0.0,1.3566388677101355,3118.9830771074103,0.0,0.0,-1.0,28.338186439393986
-0.0028997218753679544,0.005773350923344556,-0.205,302.1713185666731,0.0,0.0,0.9571393012257171,3119.9747138739717,0.0,0.0,-1.0,35.352855721874135
-0.005523577270645025,0.0010342197122945706,-0.205,302.26954085555764,0.0,0.0,1.060235628249695,3116.1550104622665,0.0,0.0,-1.0,34.784505386240824
-0.0037220933801423183,0.0025268800651000937,-0.205,302.60806002851115,0.0,0.0,1.1773491725638983,3118.6787863827126,0.0,0.0,-1.0,31.400496792398105
0.005459175427535443,-0.0012666306262087506,-0.205,302.3230496477118,0.0,0.0,1.0619996852709008,3118.0570618429306,0.0,0.0,-1.0,33.093337794662524
-0.0003616180472339986,-0.005080357620429043,-0.205,302.5536957848556,0.0,0.0,1.118144280568989,3121.5942633578825,0.0,0.0,-1.0,32.27368971555142
0.00544917562081746,-0.0010654593995844375,-0.205,302.3912420647881,0.0,0.0,1.0679141756899664,3120.3429884595707,0.0,0.0,-1.0,33.49597743161932
0.0016250671273059937,-0.0020076964446373905,-0.205,302.80718897925493,0.0,0.0,1.3224169963143377,3120.367141643231,0.0,0.0,-1.0,29.2910188773068
-0.000801186981049793,-0.004450641635519065,-0.205,302.5417139836401,0.0,0.0,1.1751444903658324,3119.743071950949,0.0,0.0,-1.0,32.43142036783754
0.003369467301052128,0.0003474675751703194,-0.205,302.71199935230607,0.0,0.0,1.2701406251831509,3119.131788650032,0.0,0.0,-1.0,32.592546191609664
0.001526478121800796,-0.0014188215921971082,-0.205,302.82409927134654,0.0,0.0,1.3483986528920415,3120.312376403337,0.0,0.0,-1.0,28.628008998112204
-0.00457690882630043,0.003772271731444116,-0.205,302.32361836453845,0.0,0.0,1.0235548294835064,3121.0783017011704,0.0,0.0,-1.0,35.40284654314401
-0.004930139168764921,-0.001178179665656866,-0.205,302.3609151709925,0.0,0.0,1.1206884694102508,3123.0956615236564,0.0,0.0,-1.0,32.302448220751415
-0.000617758779680336,0.006259345513252469,-0.205,302.2158957729839,0.0,0.0,0.9791310662529586,3118.883004629551,0.0,0.0,-1.0,35.252076345019034
-0.0017339096353790385,-0.004380774318216554,-0.205,302.552858884255,0.0,0.0,1.1569286100618237,3117.092901865172,0.0,0.0,-1.0,31.642321681041096
-0.0002897716921127992,-0.0019229055980881256,-0.205,303.0152102579035,0.0,0.0,1.3547595205550949,3119.7169052055883,0.0,0.0,-1.0,28.532877950067327
-0.0037331705897488015,0.0047593908004884165,-0.205,302.2529225092786,0.0,0.0,1.0092324683711382,3118.1799200072114,0.0,0.0,-1.0,34.37188304561771
0.004492518744075215,-0.0036973444354450615,-0.205,302.2161902479683,0.0,0.0,1.0370381990822346,3119.582341973911,0.0,0.0,-1.0,33.16402377595134
-0.0034011497640007737,0.005415399826607978,-0.205,302.21359907742095,0.0,0.0,0.9656667949239035,3117.775767085625,0.0,0.0,-1.0,34.57692463432456
0.0030815008586605012,9.967771618305636e-05,-0.205,302.6808938609009,0.0,0.0,1.2914018404956884,3120.012845579388,0.0,0.0,-1.0,29.471061515904463
4.6375297285036515e-05,-0.0025591582887909635,-0.205,302.9060197489826,0.0,0.0,1.3237459911870437,3124.7588722591436,0.0,0.0,-1.0,27.96971568941341
-0.003486017065477947,0.0021442813653253907,-0.205,302.6963895575166,0.0,0.0,1.2139785389372506,3119.4834021140705,0.0,0.0,-1.0,33.08191094732867
-0.0006237937517983387,-0.005598479494194666,-0.205,302.4324049550789,0.0,0.0,1.0586763378182698,3118.2546731971047,0.0,0.0,-1.0,33.24225593079244
0.003942295659654992,-0.004480385837555323,-0.205,302.23894075087475,0.0,0.0,1.0191093288996715,3121.8919237807113,0.0,0.0,-1.0,34.70871544198563
-0.001737607655068,-0.0029081660785774655,-0.205,302.60191225212577,0.0,0.0,1.2701119536298597,3119.5703239938985,0.0,0.0,-1.0,30.483368466165214
-0.0007468056726864701,-0.002842806466672235,-0.205,302.8484421735979,0.0,0.0,1.30082648570483,3121.8464610103792,0.0,0.0,-1.0,30.596811948567478
0.000987177750251797,0.002042920123575568,-0.205,302.8186503697998,0.0,0.0,1.3393539307986058,3123.254982414337,0.0,0.0,-1.0,29.467070404608066
0.004455930559264317,7.293279760783972e-05,-0.205,302.51594170333954,0.0,0.0,1.1813063677655093,3120.171055507278,0.0,0.0,-1.0,32.486477687063356
0.0027899957536790566,0.0042348751359893915,-0.205,302.4229995772639,0.0,0.0,1.1204420297057358,3120.020076119019,0.0,0.0,-1.0,32.46965579771092
0.005432248550154151,0.0015249162321074425,-0.205,302.3076481644711,0.0,0.0,1.057627968444528,3121.477058138204,0.0,0.0,-1.0,33.52722759922054
0.0036484587965040565,-0.004331762294849024,-0.205,302.24145739965655,0.0,0.0,1.0551689843509857,3118.567244509895,0.0,0.0,-1.0,33.292092877719014
-0.004100842893770868,0.004102797617179932,-0.205,302.3077536799554,0.0,0.0,1.0391084247505198,3120.6300505311656,0.0,0.0,-1.0,34.29212092911083
0.00338938907766761,0.0034034346237500684,-0.205,302.4640100238743,0.0,0.0,1.1478484997117486,3119.2351628885885,0.0,0.0,-1.0,30.649062032313637
0.0035893553510652513,-0.0006513036201169254,-0.205,302.6870592730723,0.0,0.0,1.2505005814559027,3118.8041435466407,0.0,0.0,-1.0,30.260083081619253
-0.0018429105525467886,-0.004760772417962212,-0.205,302.4781330806367,0.0,0.0,1.116900901896027,3123.8804714932817,0.0,0.0,-1.0,33.14912743992281
0.0011021433500360868,0.0031940231639841633,-0.205,302.63890528045533,0.0,0.0,1.2707593568480362,3118.4127468364827,0.0,0.0,-1.0,30.92116522901847
-0.0015782124699488,0.0033438199258001918,-0.205,302.69138377257553,0.0,0.0,1.246616143708839,3118.7109184803116,0.0,0.0,-1.0,30.428176741301748
0.0003739985770926405,-0.003962781956029248,-0.205,302.68045415984784,0.0,0.0,1.2235581434964649,3121.8327251020223,0.0,0.0,-1.0,31.66562398440109
0.00012605506660555953,-0.0009119045621401263,-0.205,303.10944394928555,0.0,0.0,1.3890741359504648,3119.5797385086153,0.0,0.0,-1.0,26.940026310108607
0.00441960773241937,-9.4347470665594e-05,-0.205,302.40619963419914,0.0,0.0,1.1846426546171065,3119.9907118270635,0.0,0.0,-1.0,31.36757212606832
0.003543209853102861,0.002273737129486225,-0.205,302.67578853833004,0.0,0.0,1.2037176121985222,3121.1979015262077,0.0,0.0,-1.0,32.36798945413436
0.004311969614309989,0.0013248369893320905,-0.205,302.55475278264015,0.0,0.0,1.1762083620879757,3118.6548958841236,0.0,0.0,-1.0,31.88129840687145
-0.0006529448701373472,-0.002173243183462908,-0.205,302.8080332048093,0.0,0.0,1.3393396014731944,3123.755037835711,0.0,0.0,-1.0,27.483259753192083
0.0030242504054165576,-0.004553121109345247,-0.205,302.23561983100603,0.0,0.0,1.0776610353867089,3124.0805955709793,0.0,0.0,-1.0,34.0157725966889
-0.00477097888619668,-0.003855243185367396,-0.205,302.0865414719479,0.0,0.0,0.9987206144596387,3119.6346810590035,0.0,0.0,-1.0,33.05921103079347
-0.0006227008674734617,-0.005876447692096253,-0.205,302.38671195114637,0.0,0.0,1.0261754553734748,3121.0177910532775,0.0,0.0,-1.0,33.69098069685443
0.0004613469014081191,-0.0019582652983497996,-0.205,302.9305542048935,0.0,0.0,1.3517402771655131,3122.3459629946883,0.0,0.0,-1.0,29.422744132149756
0.002805069399100885,-0.0036829650270017067,-0.205,302.4035557495002,0.0,0.0,1.1648935021064235,3123.3760583297067,0.0,0.0,-1.0,32.8955895302887
0.004862491439932041,0.003124918411215415,-0.205,302.33685786761566,0.0,0.0,1.0415635442048945,3118.4283910344793,0.0,0.0,-1.0,33.76411010538272
0.002302033971799875,-0.001735047980145561,-0.205,302.65663793578466,0.0,0.0,1.3044234629516946,3118.5171576318835,0.0,0.0,-1.0,29.93482581694459
-0.0025171718690096155,0.001755241697412186,-0.205,302.7763242863154,0.0,0.0,1.2923631972432752,3123.756434239065,0.0,0.0,-1.0,29.437228093150775
-0.005421904884001716,-0.0015857827828291275,-0.205,302.18532663688,0.0,0.0,1.0568406389459029,3120.4514265761845,0.0,0.0,-1.0,31.225260881254847
0.0010663601393378671,0.004992708664533771,-0.205,302.33852218416183,0.0,0.0,1.116870041632253,3122.7807788625837,0.0,0.0,-1.0,33.3513238558302
0.00315848888636343,0.0026518183111725493,-0.205,302.74348783455963,0.0,0.0,1.2112582887023273,3119.67681351494,0.0,0.0,-1.0,32.00620023097796
-0.006231040789808633,-0.0001586515228422148,-0.205,302.21775015766445,0.0,0.0,0.986309880045694,3118.652497737735,0.0,0.0,-1.0,33.97731979944421
0.002685884439509443,0.0010534739170232307,-0.205,302.83520165338285,0.0,0.0,1.3042701618623507,3121.4888857976907,0.0,0.0,-1.0,29.906657659363358
-0.0008226351522921608,0.0019188189823874254,-0.205,302.77081625715584,0.0,0.0,1.3482247963732263,3120.7361748087283,0.0,0.0,-1.0,29.622184024811137
0.0008153189672294411,0.0033222668498334783,-0.205,302.6265084873024,0.0,0.0,1.2676887267425676,3122.054034813306,0.0,0.0,-1.0,28.48758799712037
-0.000994559157626248,-0.0020838599675196095,-0.205,302.77458218725064,0.0,0.0,1.337301249327896,3122.635559864979,0.0,0.0,-1.0,27.421299115034767
-0.006062555625894787,-6.627483627667239e-06,-0.205,302.2230352684259,0.0,0.0,1.0075457571544482,3118.588422254271,0.0,0.0,-1.0,32.59269756078175
-0.0006969364405340284,-0.006031666064927843,-0.205,302.29127565145103,0.0,0.0,1.006408812316928,3117.2212425778152,0.0,0.0,-1.0,33.9272577033253
-0.004032893078445472,-0.003586944749645633,-0.205,302.2331177999088,0.0,0.0,1.0853181091825854,3123.471538517909,0.0,0.0,-1.0,33.51450591963805
-0.004796586273588189,0.0027727049243001303,-0.205,302.384105072955,0.0,0.0,1.0692813603740239,3120.338548866662,0.0,0.0,-1.0,33.355587070434524
0.000347787908113455,-0.002706710956585614,-0.205,302.87826682150745,0.0,0.0,1.313873211442239,3123.0940458300147,0.0,0.0,-1.0,29.655972199501008
-0.004130000839076203,-0.002040312740189508,-0.205,302.45126727052707,0.0,0.0,1.1671123127761864,3120.6902632628367,0.0,0.0,-1.0,32.33061065495881
0.006312807848614583,9.631557148872406e-05,-0.205,302.1253333975831,0.0,0.0,0.9761018222570339,3116.817551196877,0.0,0.0,-1.0,31.787396974108646
-0.00487761922785022,0.0018026524740079688,-0.205,302.485926893633,0.0,0.0,1.1068026400454,3120.4062201527872,0.0,0.0,-1.0,34.713373086487984
-0.0025593185158942783,-0.0018840667517176024,-0.205,302.6311093447334,0.0,0.0,1.2849622075510234,3123.9595698417606,0.0,0.0,-1.0,30.109467863612142
-0.0017032015284164283,0.004773231792114346,-0.205,302.3961121113951,0.0,0.0,1.120789079755521,3118.3046509659375,0.0,0.0,-1.0,33.6163283836639
0.0030924274515223716,-0.003501397208155531,-0.205,302.47813519109275,0.0,0.0,1.1608285778778455,3122.5061248377465,0.0,0.0,-1.0,29.853999509420788
-0.0027317365400209258,0.0005930406373709451,-0.205,302.8591428298714,0.0,0.0,1.3098477255906602,3120.0123403377697,0.0,0.0,-1.0,29.0989134562953
0.002624927118175658,-0.0024613372744534882,-0.205,302.5082776951199,0.0,0.0,1.2543371883534318,3120.929142194096,0.0,0.0,-1.0,28.67489741362712
0.0007324856034446204,0.001387842923648079,-0.205,302.8052051897411,0.0,0.0,1.3698994767425956,3122.0714579241367,0.0,0.0,-1.0,28.921358373268998
0.002133146924658303,0.0014272401060130486,-0.205,302.88041177851824,0.0,0.0,1.323349217371628,3119.1149649633066,0.0,0.0,-1.0,30.027871934725077
0.0018634407854889803,-3.950213405603775e-05,-0.205,302.8783024310115,0.0,0.0,1.3582623846801245,3121.77453255247,0.0,0.0,-1.0,26.58410289713315
-0.0008008062539992852,-0.0045991148414416694,-0.205,302.53107311921593,0.0,0.0,1.1611382521876918,3118.7224540670422,0.0,0.0,-1.0,33.22158421003497
-0.0016362471022656694,-0.0004777191467363196,-0.205,302.8468050210199,0.0,0.0,1.3647787037505483,3117.087248804078,0.0,0.0,-1.0,26.958058816482932
-0.004874518543352141,-0.003384988941213966,-0.205,302.2155651741699,0.0,0.0,1.0231385136287914,3117.443085011086,0.0,0.0,-1.0,35.21776147264014
-0.0009496742534336332,-0.0016865939151674946,-0.205,302.801849919361,0.0,0.0,1.3551580068025337,3120.0385671131567,0.0,0.0,-1.0,28.097017943539626
0.0017746598664912785,-0.00427343532135536,-0.205,302.4913764695318,0.0,0.0,1.1651121273659681,3121.9310522625233,0.0,0.0,-1.0,32.13040573024619
-0.0022946827652607074,-0.001476775453554007,-0.205,302.67804148360625,0.0,0.0,1.3138820656109587,3118.7193321665777,0.0,0.0,-1.0,28.025440020146526
0.004057687505705537,-0.0002612537077007586,-0.205,302.59706918360405,0.0,0.0,1.2162705605589619,3121.734313441927,0.0,0.0,-1.0,30.34854956990224
0.005114388260397414,-0.0035657317444127406,-0.205,302.2012906432267,0.0,0.0,0.9861038205846354,3123.8926616495073,0.0,0.0,-1.0,35.52132647810381
0.005309734789854124,0.003045695925732538,-0.205,302.2682795472048,0.0,0.0,1.0002972289373488,3119.2827955806392,0.0,0.0,-1.0,34.94075751598011
-0.0001656400885700968,-0.0036164124155289206,-0.205,302.7223318490548,0.0,0.0,1.252655011467268,3122.248443994752,0.0,0.0,-1.0,30.36647031617272
-0.0039197423276982,-0.003984389319021693,-0.205,302.27357363762746,0.0,0.0,1.0637094587099842,3122.436430315464,0.0,0.0,-1.0,34.643092797062224
0.0017644900488584367,0.0022687175487838694,-0.205,302.76410197341403,0.0,0.0,1.3049616522771648,3117.9927463819163,0.0,0.0,-1.0,30.848638480228104
0.0017670072375783608,-0.004719366072363251,-0.205,302.4196396072388,0.0,0.0,1.1237838500627655,3117.9720022544393,0.0,0.0,-1.0,32.15558306308465
0.00591911162122223,7.308850394157341e-05,-0.205,302.32503802666116,0.0,0.0,1.0249467402338677,3124.306775817514,0.0,0.0,-1.0,34.17725636642364
0.0020080666164718495,-0.0031375907336268095,-0.205,302.59104324429984,0.0,0.0,1.2444329159070944,3121.8173118072978,0.0,0.0,-1.0,31.10904692591063
-0.004131352139977409,-0.0014325160951955663,-0.205,302.4951570791425,0.0,0.0,1.1890595539069595,3123.1763480870563,0.0,0.0,-1.0,30.235635965126356
-0.0019951318387087746,0.003948567215874425,-0.205,302.5277293927208,0.0,0.0,1.184329632617564,3121.6620045772097,0.0,0.0,-1.0,31.669962698228414
-0.0007319140168949515,0.004126648027729042,-0.205,302.46504566965314,0.0,0.0,1.2053938537931241,3119.3965694108065,0.0,0.0,-1.0,32.3547692966932
0.0018201352723334978,0.00601432038786149,-0.205,302.1169699445276,0.0,0.0,0.9799001107938876,3117.861885925408,0.0,0.0,-1.0,34.28637142890238
0.0006752854049421363,0.002637750802119318,-0.205,302.6609669672299,0.0,0.0,1.314241317217622,3121.1134150053367,0.0,0.0,-1.0,29.585607895087268
-0.006487182936359126,-0.00017820157076340858,-0.205,302.0876418286924,0.0,0.0,0.9533570092188374,3121.187788361589,0.0,0.0,-1.0,34.658388820251126
-0.00593389817542757,-6.348353400249823e-06,-0.205,302.2335657252777,0.0,0.0,1.0232187531976613,3123.239803362902,0.0,0.0,-1.0,34.121608503222596
0.0010203156374231745,0.004632616451103248,-0.205,302.4473408153619,0.0,0.0,1.153761483479532,3118.3775556163723,0.0,0.0,-1.0,30.063062133784626
0.003237637001583732,0.0056355143215924206,-0.205,302.13676547939684,0.0,0.0,0.9520874874615813,3119.3983564645782,0.0,0.0,-1.0,35.14885439614695
0.004554289781367668,0.0010692175518802968,-0.205,302.5328966729908,0.0,0.0,1.1601842279085692,3122.426502797854,0.0,0.0,-1.0,33.47988006583388
0.001589804336420406,0.004906772734431669,-0.205,302.28259684368754,0.0,0.0,1.1113040951827236,3120.419677457992,0.0,0.0,-1.0,32.47794154485966
-0.003580782571870438,0.0007421918257685598,-0.205,302.6994673397316,0.0,0.0,1.2498049951904482,3122.1044417778244,0.0,0.0,-1.0,31.351225016377132
-0.001189416486774028,-0.003053180734019491,-0.205,302.68864267619966,0.0,0.0,1.2780822328916115,3120.672744254367,0.0,0.0,-1.0,30.616276218607723
0.00018435973805696932,0.0016930437241914882,-0.205,302.7834486162332,0.0,0.0,1.3648378368543521,3120.6803197293298,0.0,0.0,-1.0,28.23520564190411
0.0009192435832607707,-0.003012103378623194,-0.205,302.7536416671643,0.0,0.0,1.2869329146006272,3122.6345230175584,0.0,0.0,-1.0,30.3877147910679
0.0021369192652355914,-0.005755650128909983,-0.205,302.2809300671506,0.0,0.0,0.9980236421987011,3120.291336519585,0.0,0.0,-1.0,35.54805085075935
0.002177815681533896,0.00016923241109639646,-0.205,302.8709094269164,0.0,0.0,1.3435756438022042,3121.1641092150217,0.0,0.0,-1.0,29.440603004482572
0.005160550244283835,0.0004338499723674317,-0.205,302.435480089173,0.0,0.0,1.1090818275889633,3117.95480119837,0.0,0.0,-1.0,34.0647959927649
-0.0011991110936528245,0.002482179432797957,-0.205,302.7201556436691,0.0,0.0,1.31220582159664,3122.612933412666,0.0,0.0,-1.0,29.93144926282159
-0.0009064637471889831,-0.0032797645869385096,-0.205,302.79014002758805,0.0,0.0,1.2690174409077593,3121.723998032981,0.0,0.0,-1.0,30.538108357657972
0.0014239644847373965,0.0007473172837048584,-0.205,302.99537567795244,0.0,0.0,1.3684670258897713,3116.2485847278876,0.0,0.0,-1.0,26.592217258820074
0.002275320768395389,0.000924910433526731,-0.205,302.87259610728574,0.0,0.0,1.329495294399804,3121.933558283917,0.0,0.0,-1.0,28.97012907644041
-0.00622896621634361,0.0012291798959981357,-0.205,302.20471987701796,0.0,0.0,0.9715560245734948,3120.640669194676,0.0,0.0,-1.0,34.72436697812618
-0.0013250534161689282,0.002420798820686863,-0.205,302.7264447843684,0.0,0.0,1.3120197809351826,3117.6203340629913,0.0,0.0,-1.0,30.83633553708557
0.003433392087814751,-0.0015487331105547698,-0.205,302.52655818308466,0.0,0.0,1.2411337788085006,3119.64851396627,0.0,0.0,-1.0,30.49081573333472
0.001331382322693546,0.0004566659847869875,-0.205,303.098077076524,0.0,0.0,1.3755201673726247,3118.6608270974616,0.0,0.0,-1.0,28.018744455274774
-0.0029037245915984186,0.002289399827744141,-0.205,302.6341314050989,0.0,0.0,1.246604614158605,3117.889459724581,0.0,0.0,-1.0,30.556676042810853
-0.0012522850798737366,-0.006327004557807009,-0.205,302.22193630767435,0.0,0.0,0.9585582429398286,3117.4552932052407,0.0,0.0,-1.0,34.99981702207587
0.0019856961670983242,0.00506851122019174,-0.205,302.4083891160431,0.0,0.0,1.0801645299757445,3123.339576173259,0.0,0.0,-1.0,33.40949869280246
-0.0026624416908884877,0.004165208990360863,-0.205,302.4549568279644,0.0,0.0,1.133683782489679,3118.8016640609867,0.0,0.0,-1.0,31.83733314538855
0.0010197163398166116,6.47611549295719e-05,-0.205,302.9580165591016,0.0,0.0,1.3866796939231223,3117.270782823823,0.0,0.0,-1.0,26.68732242099832
-0.0060794205711180395,-0.0015928784118229456,-0.205,302.12065863831475,0.0,0.0,0.9797821166848892,3120.0885229100277,0.0,0.0,-1.0,34.85389052130254
0.001849701463775306,-0.0010460804585287879,-0.205,302.70708290963404,0.0,0.0,1.3464536809437035,3118.0507332057978,0.0,0.0,-1.0,26.042690027703802
0.0027073111465825027,0.00042825083103420594,-0.205,302.82577279503573,0.0,0.0,1.3131516354736985,3120.8041873364346,0.0,0.0,-1.0,29.129092556776936
-0.0017868640455737724,-0.003283967196754957,-0.205,302.5815947750954,0.0,0.0,1.2433626030322904,3119.9123208286433,0.0,0.0,-1.0,30.143533838989562
0.0014805273561606673,-0.002118570395238464,-0.205,302.73389321783174,0.0,0.0,1.322321842844007,3121.163307128846,0.0,0.0,-1.0,27.588805327970324
-0.0016624291174716721,0.00044240087306161266,-0.205,302.9234526453262,0.0,0.0,1.3641586298824027,3121.2947114491753,0.0,0.0,-1.0,27.072423217539487
0.0018043992012576318,-0.001443338242158843,-0.205,302.72559514782665,0.0,0.0,1.3372178940947057,3120.8007429540376,0.0,0.0,-1.0,28.58217405436444
0.005739476554770428,0.0009223982604352585,-0.205,302.38092112388733,0.0,0.0,1.0376561955604309,3117.883506144501,0.0,0.0,-1.0,34.79346276124001
-0.0007289403652208521,-0.003937113771597572,-0.205,302.6468754518894,0.0,0.0,1.221562311453267,3123.7722343761825,0.0,0.0,-1.0,29.723279889460933
-0.000336170369350353,-0.005928260228590852,-0.205,302.3567795591878,0.0,0.0,1.0227502165904618,3118.87981274857,0.0,0.0,-1.0,34.625117959685674
-0.0025189172411482935,-0.0021926500099763552,-0.205,302.63821795782206,0.0,0.0,1.2735985352185777,3120.441763563679,0.0,0.0,-1.0,30.262662777444344
0.002900808805717707,-0.002893544333669622,-0.205,302.5164807226206,0.0,0.0,1.2135878511052338,3121.4446101577028,0.0,0.0,-1.0,32.733156775899694
-0.0022624030118341765,-0.005786855223700332,-0.205,302.1575356054979,0.0,0.0,0.988787393307382,3119.722024166326,0.0,0.0,-1.0,34.8067678880441
-0.0007511040423960405,0.000813701807038752,-0.205,302.97886209438116,0.0,0.0,1.3844797492798255,3121.5841599646756,0.0,0.0,-1.0,26.89048124296741
0.004295083845539051,-0.002001663415393946,-0.205,302.4193613742113,0.0,0.0,1.1542581920263104,3121.217687238189,0.0,0.0,-1.0,31.83148192255228
0.0009046629899060757,-0.0005183010909287931,-0.205,302.88541388312257,0.0,0.0,1.3861585969299957,3119.43687853901,0.0,0.0,-1.0,25.311240529125275
-0.006057441439632693,-0.0014289914989727797,-0.205,302.1866730766004,0.0,0.0,0.9874877006444983,3122.2828811734057,0.0,0.0,-1.0,33.59780445283599
0.003526482912899576,-0.0029775360419235074,-0.205,302.3909563055125,0.0,0.0,1.1662572362798589,3116.74286253443,0.0,0.0,-1.0,31.00526732898871
-0.0015022545039249206,-0.003281322961870328,-0.205,302.61256032089113,0.0,0.0,1.2535312347990895,3120.7448004346948,0.0,0.0,-1.0,28.79068697530692
0.0045925742249717846,-0.004222722882050258,-0.205,302.17842337675927,0.0,0.0,0.9855807039049259,3124.4419440670376,0.0,0.0,-1.0,34.02445505900501
-0.0026911294682206185,-0.004450953714793708,-0.205,302.38295329144165,0.0,0.0,1.1066744856536739,3118.883456696876,0.0,0.0,-1.0,32.73175896584482
0.001320266588206928,0.0010245401457385913,-0.205,302.9671855937412,0.0,0.0,1.3660782329470078,3119.6149928912487,0.0,0.0,-1.0,28.48930977138869
0.0021950089352992877,0.004626971534700914,-0.205,302.35086369855986,0.0,0.0,1.115191650098508,3117.7452369136695,0.0,0.0,-1.0,34.51586571627962
0.00428892543796928,0.0008057521743327626,-0.205,302.54829309873753,0.0,0.0,1.1898567442537564,3117.6572793380706,0.0,0.0,-1.0,32.47128542514001
-0.0013794721928965653,0.002712630079411785,-0.205,302.68565872120854,0.0,0.0,1.294054812163719,3121.9356206891766,0.0,0.0,-1.0,29.22094840911019
0.0022197992100143928,-0.0019379386283801317,-0.205,302.6526995420617,0.0,0.0,1.3003483726066556,3122.3137078043296,0.0,0.0,-1.0,28.912770952757526
0.0060535840912669435,0.0020792257483202904,-0.205,302.26925734607755,0.0,0.0,0.9649132710788367,3120.340137837027,0.0,0.0,-1.0,34.16120716520218
-0.0022434003888580347,-0.003099145026894994,-0.205,302.650208521095,0.0,0.0,1.2363419119637498,3118.9663595498328,0.0,0.0,-1.0,30.48168186695687
0.0035513332734435545,0.0007912936716168999,-0.205,302.66072352265894,0.0,0.0,1.2512429909618783,3117.2387777589047,0.0,0.0,-1.0,30.22900362179221
-0.005858479655527002,-0.0023096731904869135,-0.205,302.1008852141836,0.0,0.0,0.978167546155488,3120.990453084856,0.0,0.0,-1.0,34.79364665617615
0.002550567804345985,-0.005486133497153087,-0.205,302.29943037910334,0.0,0.0,1.0090833888813027,3116.4457258548146,0.0,0.0,-1.0,35.443867691431805
-0.003171332411219581,-0.001869251362278558,-0.205,302.59128447879846,0.0,0.0,1.247900035543713,3118.4781534512,0.0,0.0,-1.0,31.102590457243252
-0.006151730728479928,0.0013005874046693774,-0.205,302.1940423154287,0.0,0.0,0.9793909463337154,3121.6442380321864,0.0,0.0,-1.0,33.59665761070135
-0.004622639456479432,0.0024807469740122687,-0.205,302.44496379221357,0.0,0.0,1.1018381081598099,3121.6092236913723,0.0,0.0,-1.0,32.75350146403235
0.0018699639495574454,-0.003319750608397711,-0.205,302.5304793008683,0.0,0.0,1.2376171561926994,3119.3263962965434,0.0,0.0,-1.0,29.580844111941403
-0.0035410540362902296,0.0014386167676741046,-0.205,302.62920251292957,0.0,0.0,1.2366485036619947,3118.8905159866745,0.0,0.0,-1.0,30.654190305586617
0.001774886652462117,-0.0026165619260921443,-0.205,302.74047483286404,0.0,0.0,1.2860791761075274,3123.412968533784,0.0,0.0,-1.0,30.800977445965326
-0.004432717174124139,-0.0020365798555221602,-0.205,302.38839954193537,0.0,0.0,1.1403236019220055,3120.284532600347,0.0,0.0,-1.0,33.555268342006826
0.00048757302889902357,-0.005047645932546073,-0.205,302.5012118518979,0.0,0.0,1.1204604812140526,3119.931336450691,0.0,0.0,-1.0,32.62652917144701
-0.0020744180853798653,0.0010347604242522998,-0.205,302.96661632369916,0.0,0.0,1.3368285605888994,3121.2768199884786,0.0,0.0,-1.0,31.83481313035133
-0.0049300032260218936,0.0028694301665434002,-0.205,302.368158030296,0.0,0.0,1.050440535389344,3121.039461037664,0.0,0.0,-1.0,33.581190747070664
-0.003875996638497662,0.0007867390519082242,-0.205,302.6690329669321,0.0,0.0,1.2256875387674084,3122.408749947101,0.0,0.0,-1.0,30.86295374389905
-0.004728681100802515,8.582751837369159e-05,-0.205,302.4913976218442,0.0,0.0,1.1551587525548017,3118.7000338262014,0.0,0.0,-1.0,33.22423115977977
-0.003964301197145334,-0.001092174757479561,-0.205,302.5302905320784,0.0,0.0,1.2123091122797056,3118.5809631927714,0.0,0.0,-1.0,31.105422739028953
-0.004570644914374962,0.001753502298301977,-0.205,302.52901383740715,0.0,0.0,1.1385727050886603,3120.57195531663,0.0,0.0,-1.0,32.01491255330981
0.0003789205970037303,0.001527965518459594,-0.205,302.82317934283003,0.0,0.0,1.3697181734328177,3121.6342074131703,0.0,0.0,-1.0,27.21657611501476
-0.0029583902323201444,0.0026151234341811203,-0.205,302.63098095557376,0.0,0.0,1.2262313568352352,3119.111581013645,0.0,0.0,-1.0,31.170549458988212
-0.00039624819756393486,0.004455124309409748,-0.205,302.4139456462591,0.0,0.0,1.1797949574371067,3121.0676012791246,0.0,0.0,-1.0,31.539903512854448
0.001419098305294613,-0.0012716423403252798,-0.205,302.8112905118725,0.0,0.0,1.3564730909182128,3121.802883209586,0.0,0.0,-1.0,29.747267310527103
-0.002333319994467103,-0.0012711274275651048,-0.205,302.80223194096834,0.0,0.0,1.318131713514646,3117.409325452431,0.0,0.0,-1.0,28.89094389702705
0.0017358284154996857,-0.0033886913492459985,-0.205,302.6191062628912,0.0,0.0,1.237842223245597,3118.35930783562,0.0,0.0,-1.0,29.744917261302326
-0.0047617438868793795,0.004214926892193966,-0.205,302.23491865038045,0.0,0.0,0.9702545138621645,3118.3560059092565,0.0,0.0,-1.0,38.26444996155839
-0.0012776872241906248,0.0004622270914054747,-0.205,303.057188187362,0.0,0.0,1.3771074744411211,3120.8071208656224,0.0,0.0,-1.0,26.218279055072827
0.0019069499691924325,-0.004483899467579446,-0.205,302.52633881690184,0.0,0.0,1.1408920037803656,3119.75736921314,0.0,0.0,-1.0,33.426246837002395
-0.005293632700754874,0.002056107402628919,-0.205,302.3413682558071,0.0,0.0,1.0533849097439274,3123.2671689143044,0.0,0.0,-1.0,34.70072054376554
-0.005293178866751451,0.0004909272173450577,-0.205,302.4198960532745,0.0,0.0,1.0942700634119402,3115.7127188510785,0.0,0.0,-1.0,34.03248616218393
0.0014281340928262217,-0.004052989216128895,-0.205,302.61194921295026,0.0,0.0,1.1959186711408172,3121.6654369488774,0.0,0.0,-1.0,31.029489285477386
0.00010473355539083884,-0.0034528665834527156,-0.205,302.7103622852826,0.0,0.0,1.265208138109727,3123.802214021877,0.0,0.0,-1.0,29.028052298987625
-0.005729462106069916,0.0020098959524365483,-0.205,302.33250599765285,0.0,0.0,1.006411836296082,3118.292940610908,0.0,0.0,-1.0,33.70324626375048
-0.001655805312555611,0.005352959635798686,-0.205,302.25644003145976,0.0,0.0,1.0621129809301921,3121.234198225831,0.0,0.0,-1.0,35.044424749266895
0.0008343450547139959,-0.006247093272155263,-0.205,302.3085943529064,0.0,0.0,0.9775013100829517,3118.002880096043,0.0,0.0,-1.0,33.769234567596996
-0.0026675294489653463,0.0043914122538680185,-0.205,302.46027812309956,0.0,0.0,1.1134042630667635,3120.6217543399985,0.0,0.0,-1.0,32.27678505555612
0.0033327232654944837,-0.0002495877970160906,-0.205,302.68771213701825,0.0,0.0,1.2734189440744037,3122.1469319739485,0.0,0.0,-1.0,32.74843887769186
0.003828770831033664,0.0030727265846849476,-0.205,302.56901310381176,0.0,0.0,1.1371679922810198,3120.8602238805415,0.0,0.0,-1.0,33.6486898098912
-0.0035066328063368467,0.0023287559611105462,-0.205,302.61264724170957,0.0,0.0,1.2037664134178765,3121.4353829983606,0.0,0.0,-1.0,31.799718030895814
-0.00024073132393444133,0.0032924275731869416,-0.205,302.56832724105783,0.0,0.0,1.2763417006597197,3121.3826884168725,0.0,0.0,-1.0,31.289272153918482
0.004823056559179062,0.0012521372687671276,-0.205,302.45594930195864,0.0,0.0,1.1296253901083793,3117.8248910733755,0.0,0.0,-1.0,33.41667504808796
0.0020701990631978927,-0.005766085586039446,-0.205,302.2331620573624,0.0,0.0,0.9996494897962894,3118.9072134260664,0.0,0.0,-1.0,35.66713899898133
0.002217582200424504,0.0026601193076833105,-0.205,302.7824176608698,0.0,0.0,1.2645574163670257,3118.342376310938,0.0,0.0,-1.0,29.693186803786677
-0.0004691728591085349,-0.006223561159302309,-0.205,302.2951944393973,0.0,0.0,0.9852801986665124,3121.0167626238476,0.0,0.0,-1.0,35.13938965467318
0.00044183375558105214,0.0032859081076889534,-0.205,302.5855973329683,0.0,0.0,1.27532456922728,3120.160913864002,0.0,0.0,-1.0,30.910117099369007
0.0029040459809195067,0.003445716692866647,-0.205,302.5996077713588,0.0,0.0,1.1766454145962266,3117.5086042875787,0.0,0.0,-1.0,31.35785599004436
0.003735871786519073,-0.0004176451147895338,-0.205,302.68136856980345,0.0,0.0,1.24172522002964,3117.745431143662,0.0,0.0,-1.0,31.07741830753826
-0.002211489155861062,0.004728122431383587,-0.205,302.30937172061897,0.0,0.0,1.1046903652950686,3119.9310987669114,0.0,0.0,-1.0,33.262404604935526
-0.00397831347065503,-0.004016233011886084,-0.205,302.32879254315645,0.0,0.0,1.056377412924296,3124.5432625353037,0.0,0.0,-1.0,34.30568204336372
0.005509239547233352,0.0015346612719996707,-0.205,302.32011638028706,0.0,0.0,1.0487226716387503,3120.7110994011623,0.0,0.0,-1.0,33.048934258655045
0.001846303888205259,4.465680325196675e-05,-0.205,302.8456574978152,0.0,0.0,1.3589833693136324,3119.7447191798697,0.0,0.0,-1.0,26.43485324320277
0.00430841285441337,0.002620937948185179,-0.205,302.549580262193,0.0,0.0,1.1234014750580918,3120.1792857060614,0.0,0.0,-1.0,33.88661115681957
-0.002756679129336032,0.0027484432106677785,-0.205,302.69150334095235,0.0,0.0,1.230869350807456,3122.0032012184765,0.0,0.0,-1.0,28.56107621885656
0.00508385713346893,0.003789884745515784,-0.205,302.2870254161639,0.0,0.0,0.972586733594544,3120.5281426491356,0.0,0.0,-1.0,34.151467039685315
0.0010227625094138956,0.0005201120154068589,-0.205,303.066975212784,0.0,0.0,1.3833960600929014,3111.8370664428917,0.0,0.0,-1.0,25.633104861630493
-0.006176773289854284,-0.0011956833858079846,-0.205,302.11480357267766,0.0,0.0,0.9789172664006983,3119.5829839668418,0.0,0.0,-1.0,36.81990612277945
-0.0035832576977521077,-0.002301456319662639,-0.205,302.4776394339785,0.0,0.0,1.1993833345072398,3118.642613723509,0.0,0.0,-1.0,30.42425568653841
2.048997456034611e-05,-0.0014671951287219052,-0.205,303.02486005048144,0.0,0.0,1.3735058457662332,3120.329515650917,0.0,0.0,-1.0,27.63519730057508
-0.0026475496066466777,-0.0007503720514354461,-0.205,302.72024736290155,0.0,0.0,1.3124967553933498,3118.5628736383374,0.0,0.0,-1.0,28.6819082524677
-0.003721546453518884,-0.002591919375259812,-0.205,302.4520045716748,0.0,0.0,1.173913737125958,3119.0040103150363,0.0,0.0,-1.0,29.48806340832569
-0.0010290917582345394,-0.0013204351330602909,-0.205,302.8523492705473,0.0,0.0,1.3659652491756176,3121.9218319462852,0.0,0.0,-1.0,27.756957633799292
-0.003947932516968863,0.0003702293112897884,-0.205,302.5827827538576,0.0,0.0,1.2248308585396461,3117.701000458149,0.0,0.0,-1.0,30.675267218698767
0.003658174813298488,-0.0017375663171281697,-0.205,302.4009608934649,0.0,0.0,1.2176612390247432,3118.900385257414,0.0,0.0,-1.0,33.08488263352261
-0.005595130851643889,0.0030529051313405724,-0.205,302.27557907485834,0.0,0.0,0.9683779297233533,3121.0170974440357,0.0,0.0,-1.0,34.582574445103745
-0.004247458738560475,-0.002143633179543374,-0.205,302.3891167048115,0.0,0.0,1.152369808219159,3118.876676210883,0.0,0.0,-1.0,34.16202189611546
0.0010112392958433506,-0.00235249465713812,-0.205,302.8885244461575,0.0,0.0,1.323686346973994,3121.607676053732,0.0,0.0,-1.0,28.876341414491616
-0.002824881205605104,0.002442067666467598,-0.205,302.7473730682272,0.0,0.0,1.2437211395380492,3119.218480400256,0.0,0.0,-1.0,30.11949794270864
0.0033310214922262237,-0.004605278962437961,-0.205,302.2885925759539,0.0,0.0,1.0528318019259186,3119.8652770245053,0.0,0.0,-1.0,32.68587571025054
0.0030918749052115976,-0.004131897978702868,-0.205,302.3389159525539,0.0,0.0,1.111011585106484,3119.1292123886865,0.0,0.0,-1.0,31.600128144794393
0.005639600129022938,-0.00022348834349861734,-0.205,302.2889145285304,0.0,0.0,1.057420130122537,3119.0745943007337,0.0,0.0,-1.0,33.63298668695926
-0.0015202879280598693,-0.0016062476537233564,-0.205,302.8143820289521,0.0,0.0,1.3422308064963453,3119.635259493047,0.0,0.0,-1.0,28.483923648530958
0.002625260454075856,0.004126637254339772,-0.205,302.46367464353744,0.0,0.0,1.1390332364276394,3119.1715918353793,0.0,0.0,-1.0,32.88154199082304
-0.00011837809909255118,-0.0008672231721857672,-0.205,303.00008809480914,0.0,0.0,1.3900732263432154,3120.23444830674,0.0,0.0,-1.0,24.857774853086358
0.0013060592611180057,-0.006261452248844004,-0.205,302.23137554294834,0.0,0.0,0.9654932513921183,3118.6884208419688,0.0,0.0,-1.0,34.36090717184667
-0.0030044332119747107,-0.003117635954537416,-0.205,302.57233962778827,0.0,0.0,1.1929802289372058,3122.308838016389,0.0,0.0,-1.0,30.16161465692273
-0.00381197012596119,-0.001186011920801746,-0.205,302.5905847453443,0.0,0.0,1.2225614210945697,3118.893758534587,0.0,0.0,-1.0,31.686287259791843
0.005603282214883767,-0.0017460914569437968,-0.205,302.18156375676233,0.0,0.0,1.0310055908002167,3121.761565095973,0.0,0.0,-1.0,33.326330586428526
0.006188509411840269,0.0005037459881877224,-0.205,302.1741881623461,0.0,0.0,0.9893414431802922,3118.689446990716,0.0,0.0,-1.0,33.00236436102501
0.004839179671866661,0.003733318905548441,-0.205,302.3513318675298,0.0,0.0,1.0014547987707088,3117.0496082066174,0.0,0.0,-1.0,35.99819330698764
-0.0018814477567689293,-0.006126907365362188,-0.205,302.15474303030624,0.0,0.0,0.9638057921408332,3119.849907259982,0.0,0.0,-1.0,33.44105158637862
-0.0028646142792241418,0.004782709655551291,-0.205,302.32469534777385,0.0,0.0,1.0653399036493139,3121.191760525035,0.0,0.0,-1.0,33.94888890764456
-0.004823210796260828,0.0022668104996142802,-0.205,302.4682701195057,0.0,0.0,1.092800082244037,3118.5880633464208,0.0,0.0,-1.0,34.447910399779985
-0.00014094148714047434,0.00031187078630904745,-0.205,302.9604498487493,0.0,0.0,1.3983328681805476,3123.00866938553,0.0,0.0,-1.0,25.43654087416925
-0.0016928481929634534,0.002190499439167087,-0.205,302.76342524406897,0.0,0.0,1.3114932110109487,3119.302786165431,0.0,0.0,-1.0,29.3399038099344
0.0028370695139836467,-0.0022565400025735317,-0.205,302.4831479860191,0.0,0.0,1.252280568314118,3121.0697402882274,0.0,0.0,-1.0,31.978524348440576
-0.0028321190834641454,0.0027954209795088805,-0.205,302.6146112679495,0.0,0.0,1.2236453088419665,3121.6049020662285,0.0,0.0,-1.0,30.88651350353938
0.0013942831266948118,-0.006236345456016304,-0.205,302.2849203134194,0.0,0.0,0.9662555051402006,3124.631993912582,0.0,0.0,-1.0,35.077787924083204
-0.00017409249143480497,-0.002903759787947184,-0.205,302.80736210591516,0.0,0.0,1.3027592497678668,3120.965966082924,0.0,0.0,-1.0,32.28892760274789
-0.0057704325599056095,0.00043820283621733307,-0.205,302.3147036946545,0.0,0.0,1.040738265101482,3118.7790988176403,0.0,0.0,-1.0,33.04520505681406
0.006060411879044401,0.0010514905555909573,-0.205,302.2633395857222,0.0,0.0,0.996602473044482,3117.0097378916407,0.0,0.0,-1.0,34.37236841915268
0.00023109905813631544,-0.002594593894278579,-0.205,302.78142075209576,0.0,0.0,1.3211621608596826,3123.1165599451965,0.0,0.0,-1.0,28.752398755044474
0.0034280018536091937,-0.0003506050625844257,-0.205,302.680826248219,0.0,0.0,1.2658427894166868,3118.8050821224724,0.0,0.0,-1.0,30.333548694663833
0.004822209951462218,0.0013303392685855278,-0.205,302.49763334889644,0.0,0.0,1.1276210915382734,3120.742466810255,0.0,0.0,-1.0,33.69761140341159
0.002582513342926925,0.0009740000214579606,-0.205,302.7990742803365,0.0,0.0,1.3119976378409828,3119.987045423449,0.0,0.0,-1.0,29.580594047238122
-0.0037015617670612248,0.003315055914098207,-0.205,302.44795854513865,0.0,0.0,1.13105902457037,3120.724194083021,0.0,0.0,-1.0,31.299821723690815
0.00458501361681784,0.0021705549600382003,-0.205,302.515223991631,0.0,0.0,1.1202828489439745,3121.206865666308,0.0,0.0,-1.0,33.50250004008111
-0.002108600709041686,-0.000711312227482851,-0.205,302.74985830370935,0.0,0.0,1.341548220077957,3122.0143792674244,0.0,0.0,-1.0,29.28165222349178
-0.0046474136995135066,-0.003535375272002181,-0.205,302.17441395087764,0.0,0.0,1.0345507965072682,3119.978002729409,0.0,0.0,-1.0,35.075213456184585
-0.00613131568790162,-0.0003862769731892451,-0.205,302.16969624119986,0.0,0.0,0.9975342327934178,3121.1071425855152,0.0,0.0,-1.0,34.471119701763065
-0.0032577750324010476,0.0017066167951951439,-0.205,302.68021323368356,0.0,0.0,1.2481752620754354,3123.102181638314,0.0,0.0,-1.0,31.948960579831375
-0.005499999205047558,-0.0002585821064333833,-0.205,302.3686396037353,0.0,0.0,1.0731544407424813,3118.9118444615347,0.0,0.0,-1.0,32.88204374187282
-0.004698152782490768,0.0006704705679543078,-0.205,302.57009048132153,0.0,0.0,1.1535536653079583,3119.7406175607553,0.0,0.0,-1.0,33.74518375784909
-0.0027334574006179116,-0.0012524391159823296,-0.205,302.64555908019577,0.0,0.0,1.2964570376858569,3118.6415527302443,0.0,0.0,-1.0,29.228760067422957
0.0018183105410931497,0.0009523199287815596,-0.205,302.92011967634056,0.0,0.0,1.3498673312078455,3120.5600019119447,0.0,0.0,-1.0,28.909975993189978
0.00045569128164416723,0.004001182015988298,-0.205,302.5422216336651,0.0,0.0,1.2196079149263077,3119.361555324952,0.0,0.0,-1.0,32.624799321975374
0.003990251023420655,-0.002968725427932255,-0.205,302.35030285996015,0.0,0.0,1.1306008676463337,3118.386673205841,0.0,0.0,-1.0,32.52872233355008
0.004671849404223989,-0.001177286595715039,-0.205,302.3087964823526,0.0,0.0,1.1463862591966072,3119.6420864653946,0.0,0.0,-1.0,30.72694508952277
-0.0047375037894866,0.003336285899072361,-0.205,302.2844397783586,0.0,0.0,1.0398737884104072,3120.4230236596536,0.0,0.0,-1.0,33.039543644370106
0.0009685549389767314,-0.0008142923093495491,-0.205,302.87993228109224,0.0,0.0,1.3800032981111168,3120.919614250733,0.0,0.0,-1.0,26.64395378417393
0.001172508022117573,0.0019135342161166562,-0.205,302.88928998597686,0.0,0.0,1.340604180472591,3123.1942577034947,0.0,0.0,-1.0,27.52100557537435
-0.0036618291724760436,0.0022617224452776944,-0.205,302.5782491509481,0.0,0.0,1.1953088043821238,3116.9737876708077,0.0,0.0,-1.0,31.425017513273264
0.00018126982070827946,0.005133199985783826,-0.205,302.28045514198897,0.0,0.0,1.1135859206931,3116.8515501959905,0.0,0.0,-1.0,32.85107457233143
-0.00042451644140818756,-0.0001794626287103158,-0.205,302.93891890106084,0.0,0.0,1.397065187915703,3121.957954636738,0.0,0.0,-1.0,25.422172049243464
-0.005501271704957686,-0.002191718167323263,-0.205,302.17208873414353,0.0,0.0,1.0246783640924673,3121.172886310055,0.0,0.0,-1.0,32.45799641376913
-0.0020626026091529553,0.002092747134885722,-0.205,302.7898336345465,0.0,0.0,1.3008848003510929,3118.9586755319788,0.0,0.0,-1.0,28.90669526434847
-0.003647156049126952,0.0029604528940216533,-0.205,302.5324543498088,0.0,0.0,1.1582977996867023,3118.348202959155,0.0,0.0,-1.0,31.706591679427877
-0.004883780053720253,-0.0036542137569565876,-0.205,302.1270005871977,0.0,0.0,1.0029828325709707,3119.6689774828806,0.0,0.0,-1.0,33.50122081524513
-0.003984439619414195,-0.0008348305527457131,-0.205,302.5202982909924,0.0,0.0,1.2158523122804068,3117.356471622204,0.0,0.0,-1.0,30.988358800686342
0.0054878230652010964,3.516004096517239e-05,-0.205,302.31521795451386,0.0,0.0,1.0751972009792612,3121.021215543274,0.0,0.0,-1.0,34.565638405554964
0.004383160698219304,-0.002026526302731527,-0.205,302.4604653950666,0.0,0.0,1.1452786138069135,3115.961801022167,0.0,0.0,-1.0,31.09465570421553
-0.004983555014886526,-0.001115692890796782,-0.205,302.3348364002398,0.0,0.0,1.1167015510134968,3116.8064869233326,0.0,0.0,-1.0,32.15629633821791
-0.0053011029599792005,-0.0010844737361122275,-0.205,302.2441053874451,0.0,0.0,1.083805861992949,3119.883127003399,0.0,0.0,-1.0,33.9017770538482
-0.0002028136803755312,0.001714887432439758,-0.205,302.78297378108664,0.0,0.0,1.3638988480232415,3119.246273783978,0.0,0.0,-1.0,26.757935941115104
-0.0031652440023319612,-0.0006355670462636795,-0.205,302.68351320046514,0.0,0.0,1.2814710442262223,3121.5862941629916,0.0,0.0,-1.0,29.015243905097446
0.000382316775378748,0.002100809260388929,-0.205,302.7637621352937,0.0,0.0,1.3459594279917535,3120.591839850773,0.0,0.0,-1.0,29.18674498238816
-0.002161470173109957,0.0001364343730639523,-0.205,302.8351330719008,0.0,0.0,1.3444854568834927,3120.7509829783066,0.0,0.0,-1.0,28.88841094983656
-0.000485471580027462,0.0009871777445840477,-0.205,302.90534208502794,0.0,0.0,1.3846729773783895,3123.1767470616114,0.0,0.0,-1.0,25.876562734085027
0.004346625184930003,0.0022837909658616207,-0.205,302.52253787408824,0.0,0.0,1.1370880446438483,3122.633102174929,0.0,0.0,-1.0,31.211712449808065
-0.0002492225236772081,0.0008846980325603553,-0.205,302.8460413044379,0.0,0.0,1.3891066851789085,3120.194969683748,0.0,0.0,-1.0,25.360440593168526
0.0056000224696344985,0.0021526330416236647,-0.205,302.33845359504045,0.0,0.0,1.0152645825982052,3121.725696557606,0.0,0.0,-1.0,33.42388262677872
-0.0050574353800769785,-2.3535461247898587e-05,-0.205,302.4463183056037,0.0,0.0,1.121888324306686,3119.913842244286,0.0,0.0,-1.0,32.2213542453007
0.0044912928384487774,0.002980990603180895,-0.205,302.4167060175159,0.0,0.0,1.0860609774257708,3119.5849177295395,0.0,0.0,-1.0,33.60547567319629
-0.005242909443918455,-0.0029200431666321527,-0.205,302.228643158864,0.0,0.0,1.0150546852290214,3123.2060325992484,0.0,0.0,-1.0,33.77992458788367
-0.0020361697827631677,-0.001470609893831879,-0.205,302.72730112332454,0.0,0.0,1.3264327934566238,3124.3249107375104,0.0,0.0,-1.0,29.952263509638332
-0.0021776706266801375,-0.004028436232701041,-0.205,302.48819403028784,0.0,0.0,1.169711673500961,3120.518503441063,0.0,0.0,-1.0,32.50959709308064
-0.0006337801177472596,0.003071374652630174,-0.205,302.64742930017695,0.0,0.0,1.2878293852016223,3116.8744656268946,0.0,0.0,-1.0,31.083956819938084
-0.003139906874176759,-0.005581512830206566,-0.205,302.1551454049119,0.0,0.0,0.9644770329770647,3119.3758690592144,0.0,0.0,-1.0,34.57050391505271
-0.0008389895481533842,-0.0036739294656628176,-0.205,302.737250733724,0.0,0.0,1.2409752116726092,3121.33591032779,0.0,0.0,-1.0,29.947570658807518
-0.003398175892308372,0.0008494828237659556,-0.205,302.69925002975185,0.0,0.0,1.2616055232078383,3120.0797776123477,0.0,0.0,-1.0,31.201839714136458
-0.004251815465016214,0.0009522463068885025,-0.205,302.5942873485996,0.0,0.0,1.1904795794254674,3122.6275336368235,0.0,0.0,-1.0,30.128393527391967
-0.0005331001791504743,-0.004237719198574801,-0.205,302.64927831614114,0.0,0.0,1.1982693608419799,3118.816805480614,0.0,0.0,-1.0,32.12342481924704
-0.001078566833169883,0.000586658166488166,-0.205,302.9514997709132,0.0,0.0,1.381116606861495,3122.091523541766,0.0,0.0,-1.0,26.102055480988845
0.0043260171947008185,-0.004790493717241311,-0.205,302.11422733390685,0.0,0.0,0.9579125649801776,3117.587171707607,0.0,0.0,-1.0,34.97466757506892
0.0027415707902937784,0.003707563704295899,-0.205,302.5122440551119,0.0,0.0,1.1666696768359606,3116.0950574112435,0.0,0.0,-1.0,31.302185261269717
-0.004789167970767673,-0.004323552222948505,-0.205,302.0875176870633,0.0,0.0,0.9582555193978637,3122.436409418152,0.0,0.0,-1.0,35.29133820873172
0.004585139242664133,-0.00016477480103060555,-0.205,302.4629913571237,0.0,0.0,1.1688760652634893,3117.2790061238024,0.0,0.0,-1.0,32.48946769697662
0.0036518300977382103,0.004054646127313648,-0.205,302.4396843294908,0.0,0.0,1.0786961513421651,3118.250520773055,0.0,0.0,-1.0,32.49287826148629
-0.0019483570978408287,-0.0015669144671664852,-0.205,302.76303256716113,0.0,0.0,1.3270684341269057,3119.7744872977582,0.0,0.0,-1.0,29.662697503069968
0.0007052461827079466,-0.005544680645404511,-0.205,302.41874453752433,0.0,0.0,1.0636980307437942,3119.275299080119,0.0,0.0,-1.0,33.293801863945404
-0.0008827307158520584,0.0010983082520826897,-0.205,302.9498331802382,0.0,0.0,1.3754688506102943,3119.2592989341883,0.0,0.0,-1.0,26.515968866486787
0.00518331784880238,0.003567722759429161,-0.205,302.3149083099606,0.0,0.0,0.9787834343566717,3122.0918253620075,0.0,0.0,-1.0,36.53041821382172
-0.005608176773979043,-0.0019415321398091395,-0.205,302.27174132231306,0.0,0.0,1.0231170379275492,3122.016838635073,0.0,0.0,-1.0,34.797451665367
-0.002950814906209361,0.004196976550908173,-0.205,302.4455121881919,0.0,0.0,1.1142117722993743,3118.098690260677,0.0,0.0,-1.0,31.765359970198226
0.0007678779590889621,0.004771299104168752,-0.205,302.4268483713675,0.0,0.0,1.144904787605188,3120.5409426916167,0.0,0.0,-1.0,33.34315041509195
0.003196337078011267,0.005540219022711378,-0.205,302.143911855772,0.0,0.0,0.9655031142058375,3118.2779764896795,0.0,0.0,-1.0,35.53456874318505
-0.002915479967691722,0.005437637554304233,-0.205,302.2153537675056,0.0,0.0,0.994235649960638,3119.0780940362683,0.0,0.0,-1.0,34.00533439058134
-0.00020361140273709633,0.0019509377441273784,-0.205,302.7622917172765,0.0,0.0,1.3540088002956692,3117.6285617131266,0.0,0.0,-1.0,27.27322843269179
0.000977986118157008,-0.004007887386130703,-0.205,302.6125282214049,0.0,0.0,1.211137837642846,3121.811124896954,0.0,0.0,-1.0,31.210381227804568
-0.00012550588203291864,0.000520707020569708,-0.205,302.9095426501579,0.0,0.0,1.3960954703878987,3116.6975300628887,0.0,0.0,-1.0,26.036345312086834
0.0007980723664616168,0.0018686991444444724,-0.205,302.83604491565586,0.0,0.0,1.350819733480571,3118.7695640255893,0.0,0.0,-1.0,28.855698643714756
0.004177743309772656,0.0032118434586978144,-0.205,302.44825238263513,0.0,0.0,1.099301016325483,3118.5886843515045,0.0,0.0,-1.0,32.985664009112426
-0.002741176753236324,-0.0054339005086452554,-0.205,302.2007182671313,0.0,0.0,1.004638094613942,3119.9508673025935,0.0,0.0,-1.0,34.7411359635025
-0.004474891595698291,-0.0003738570226488573,-0.205,302.421856413867,0.0,0.0,1.1781297036593954,3120.666200346254,0.0,0.0,-1.0,31.153207524387092
-0.0017578298718834745,0.004421946321729141,-0.205,302.4535674019154,0.0,0.0,1.1522917997161817,3121.3173708874983,0.0,0.0,-1.0,30.83275210388386
0.0027069124541119517,-0.00401426381374175,-0.205,302.4710925844648,0.0,0.0,1.1440046414043423,3119.5829458618296,0.0,0.0,-1.0,32.94910153910449
-0.0037246716026720825,0.005058741329135833,-0.205,302.2213372211792,0.0,0.0,0.9801113583048973,3120.9321359118044,0.0,0.0,-1.0,34.85061711154809
-0.002679885667619339,-0.00018634982514981234,-0.205,302.7858934301575,0.0,0.0,1.3164101221820295,3120.6306205307897,0.0,0.0,-1.0,30.313610628234102
-0.004062610348842241,-0.004170389409281629,-0.205,302.212353460866,0.0,0.0,1.0365913702352554,3119.7452170970378,0.0,0.0,-1.0,33.09513732491977
-0.0008787483237516153,0.0009508994489118344,-0.205,302.98053460955146,0.0,0.0,1.3791116821221268,3121.760644316899,0.0,0.0,-1.0,27.69527137873846
-0.0014877367262467762,0.002012328597967735,-0.205,302.809469035001,0.0,0.0,1.3269408647064254,3125.721761179805,0.0,0.0,-1.0,28.435094005317524
0.0005378833767618124,0.0006047538208365231,-0.205,302.9655380905583,0.0,0.0,1.3914453811715888,3117.800998800636,0.0,0.0,-1.0,25.429481919095583
-0.003323753331511173,0.0034490839070338486,-0.205,302.4967792855863,0.0,0.0,1.1491756991369877,3120.491465964116,0.0,0.0,-1.0,31.597779278348927
0.0027061383945203668,0.005128281165244745,-0.205,302.3388944956885,0.0,0.0,1.0393876813065552,3116.9388568214267,0.0,0.0,-1.0,32.62729438109305
-0.0009633005825221119,-0.005368512002859844,-0.205,302.4617571352912,0.0,0.0,1.078974467835414,3121.403165827667,0.0,0.0,-1.0,33.966335772357866
0.0010957171411662492,0.0021403878889650857,-0.205,302.7960724343585,0.0,0.0,1.3322816184142194,3119.581175534271,0.0,0.0,-1.0,29.18638219014161
0.0005714643820422636,0.0011347085981521976,-0.205,302.88460885835747,0.0,0.0,1.3798495135555406,3119.3824055674913,0.0,0.0,-1.0,27.40589275321007
0.003324492916479102,0.0008180096986106801,-0.205,302.7944638988202,0.0,0.0,1.2674826010182767,3114.2742897168114,0.0,0.0,-1.0,29.0821988815257
-0.006146733680994269,-0.0012369380415402156,-0.205,302.23159494096274,0.0,0.0,0.9816447737183182,3117.596250834826,0.0,0.0,-1.0,33.95000710778248
0.0032989903781791637,0.0021259278306858813,-0.205,302.65968207824034,0.0,0.0,1.2282229319621218,3120.0638595689675,0.0,0.0,-1.0,32.22642259025357
0.001366474825829826,-0.002689129637931366,-0.205,302.7901948493541,0.0,0.0,1.2958230280756609,3119.1495405642695,0.0,0.0,-1.0,29.60185475397891
-0.0035451347686305053,0.0002833110586873099,-0.205,302.6525552241587,0.0,0.0,1.2575470607183734,3121.894981715804,0.0,0.0,-1.0,30.861669578743633
-0.0018988521209307957,-0.004197738939480048,-0.205,302.56044332684945,0.0,0.0,1.1670406997252578,3121.471440378833,0.0,0.0,-1.0,32.00977098246675
0.004385368719973503,0.0001542823138806305,-0.205,302.57443491545945,0.0,0.0,1.1876439719137175,3121.7305236335974,0.0,0.0,-1.0,31.857701640866697
-0.0034531590517970913,-0.004683158907765747,-0.205,302.2834434444768,0.0,0.0,1.0370055619495673,3119.832278931022,0.0,0.0,-1.0,34.07013977236828
0.00486957455525442,0.00029114286401447177,-0.205,302.4374637416204,0.0,0.0,1.1403144640720129,3119.6163761034877,0.0,0.0,-1.0,30.033522944517287
-0.0021935232730797855,0.005856081610015509,-0.205,302.1856726414266,0.0,0.0,0.9837389227247091,3119.419855642194,0.0,0.0,-1.0,34.76126488902746
0.0018839516116067683,-0.0016275053643176995,-0.205,302.6866574985114,0.0,0.0,1.327658954013076,3119.8499079676685,0.0,0.0,-1.0,30.12075358791885
-0.0008799545823726468,0.0015680588457601822,-0.205,302.82731878491296,0.0,0.0,1.361016173267039,3120.991571672418,0.0,0.0,-1.0,28.095000320655842
0.0005312333009946355,0.0020805016896273615,-0.205,302.8519499205709,0.0,0.0,1.3453838843459267,3117.305358760459,0.0,0.0,-1.0,27.26699529823386
-0.0037072285840131437,0.0035863656204116186,-0.205,302.45935045896516,0.0,0.0,1.1112869240104737,3115.505366017514,0.0,0.0,-1.0,32.72930234308388
0.0036237348354878716,0.0016093219215924635,-0.205,302.7591779041902,0.0,0.0,1.2248506469761702,3121.302548312686,0.0,0.0,-1.0,30.373185558565993
-0.0006854078771668506,0.0016427064976687748,-0.205,302.7959197388985,0.0,0.0,1.3617595028876608,3117.998885198995,0.0,0.0,-1.0,27.378237727014287
-2.4284531802262352e-05,8.367687535069967e-05,-0.205,302.8950351032652,0.0,0.0,1.3998761040806802,3121.331784429493,0.0,0.0,-1.0,25.803441922143374
-0.004882429971140963,-0.0037167763617919217,-0.205,302.1846019800518,0.0,0.0,0.9984429093371734,3120.6000396359927,0.0,0.0,-1.0,33.4930804903032
0.00042034749150820887,-0.0005368922288685208,-0.205,302.97572798563255,0.0,0.0,1.393823045723417,3117.22044221889,0.0,0.0,-1.0,26.307069566323754
-0.003036111022925912,-0.00047134106632758997,-0.205,302.7371349390868,0.0,0.0,1.2921123275427429,3118.3774689321517,0.0,0.0,-1.0,29.709257527200613
0.0008626860584056486,-0.0042375756457432865,-0.205,302.58078300048345,0.0,0.0,1.193452338183231,3123.6402392673212,0.0,0.0,-1.0,30.92821672139322
-7.544713333527325e-05,-0.0019428951562290248,-0.205,302.97426114360974,0.0,0.0,1.3547708827382172,3122.3608930395635,0.0,0.0,-1.0,29.223938550868166
-0.004320686371590083,0.0008388444801234496,-0.205,302.5928792393245,0.0,0.0,1.1864211826115023,3121.605474653755,0.0,0.0,-1.0,33.09299838904072
0.0053380141351876175,0.0006225477085720957,-0.205,302.3654204702756,0.0,0.0,1.087868231233762,3121.3094691966057,0.0,0.0,-1.0,33.7678731577849
-0.0033993074472230744,0.0018858366963533915,-0.205,302.66573379360506,0.0,0.0,1.231309934717979,3119.285651355764,0.0,0.0,-1.0,29.81615574278366
0.0019271607863137468,0.005426213461584493,-0.205,302.17696039213735,0.0,0.0,1.044124305785934,3120.251078788495,0.0,0.0,-1.0,34.72430721707704
-0.0003604498157792368,0.004729087465434322,-0.205,302.4015363960217,0.0,0.0,1.1538445134354014,3119.1288225249737,0.0,0.0,-1.0,30.95560079871132
-0.0022812057221796704,0.005763404769804341,-0.205,302.20288178525533,0.0,0.0,0.990663933486431,3115.1303079011805,0.0,0.0,-1.0,34.78510126617873
-0.0029140432489249933,0.001692772258178624,-0.205,302.7611057718856,0.0,0.0,1.2713980193788585,3121.0621116219195,0.0,0.0,-1.0,29.314478152369755
0.0010263812302588526,-0.0036407142152999855,-0.205,302.62242207676525,0.0,0.0,1.239841470333164,3118.051639334354,0.0,0.0,-1.0,30.560976813931624
-0.004384722062423015,-0.0018202217209785665,-0.205,302.4609170450637,0.0,0.0,1.1533787751578883,3120.165550433752,0.0,0.0,-1.0,31.950065586052403
-0.0037638104793879996,-0.003614819224769997,-0.205,302.33955560895834,0.0,0.0,1.1048205042500718,3121.410010693528,0.0,0.0,-1.0,31.562538796724695
0.0016981619163955904,0.0014734863845131299,-0.205,302.864145764766,0.0,0.0,1.3403966206265379,3120.7549594382563,0.0,0.0,-1.0,28.820512292221782
0.0038222866589367357,0.0024951619992087597,-0.205,302.5774697653717,0.0,0.0,1.171118600847372,3120.0158305151917,0.0,0.0,-1.0,33.01082464278027
-8.762531671806957e-05,0.0024423740406121766,-0.205,302.71412022491165,0.0,0.0,1.3301580290107031,3120.0508085325205,0.0,0.0,-1.0,29.31014833376024
0.002836364075587245,3.762948396357799e-05,-0.205,302.7425805046939,0.0,0.0,1.307303571408541,3117.125706944811,0.0,0.0,-1.0,30.870212844136226
-0.0016910018442178325,0.005247891310973887,-0.205,302.29869236711437,0.0,0.0,1.0723044746779695,3120.079938337866,0.0,0.0,-1.0,32.732606196763385
-0.0009818311419195938,-0.005536603597752457,-0.205,302.4009648717643,0.0,0.0,1.0598425840896715,3119.50890477708,0.0,0.0,-1.0,35.643009148456315
-0.0029612688990845303,0.003324526072828105,-0.205,302.55648950751953,0.0,0.0,1.1817148757363503,3118.378620830696,0.0,0.0,-1.0,32.99120439055597
-0.0002636857767547865,0.001013143843078125,-0.205,302.8857547006945,0.0,0.0,1.3860504840541912,3122.800536825575,0.0,0.0,-1.0,26.384121751074602
0.00018702664817568003,-0.0004851535372679341,-0.205,303.03342182772747,0.0,0.0,1.3963095684828624,3120.455248954546,0.0,0.0,-1.0,26.56929625547265
-0.0010200370867190802,0.005845635166054681,-0.205,302.2648748563748,0.0,0.0,1.0232112480042916,3118.248185022421,0.0,0.0,-1.0,34.76521793507099
-0.0016397100133204862,0.000717446917612359,-0.205,302.9882785208395,0.0,0.0,1.3613570257712762,3118.1260248121366,0.0,0.0,-1.0,26.566290752917325
0.002747423920694604,0.0017662887417123061,-0.205,302.7575551531101,0.0,0.0,1.2788214067465842,3119.0081530980465,0.0,0.0,-1.0,31.07477264395202
0.002960530788339395,0.004843777807852031,-0.205,302.3437425313654,0.0,0.0,1.0536217815653381,3121.783660878417,0.0,0.0,-1.0,33.91405817959606
-0.003815143456199809,0.0027563060961632107,-0.205,302.5732546214533,0.0,0.0,1.1573976278267042,3118.3683958617908,0.0,0.0,-1.0,32.5183263752083
0.004216988253162949,-0.004864121251265245,-0.205,302.1275831637708,0.0,0.0,0.9601364929144955,3120.69733179874,0.0,0.0,-1.0,33.90326385125977
0.002619913681954393,0.005645990713713034,-0.205,302.128947541199,0.0,0.0,0.9874214802510187,3121.3143820625137,0.0,0.0,-1.0,33.76303084485322
-0.004854942429389789,-0.002135233299179737,-0.205,302.30914900089397,0.0,0.0,1.0955967432098617,3119.4732744437983,0.0,0.0,-1.0,33.98423784676858
-0.0030031030924696713,-0.003583870403957246,-0.205,302.43472895171107,0.0,0.0,1.1604135322065168,3118.903477748558,0.0,0.0,-1.0,30.019601327363954
-0.00088755384889588,0.00577136782725383,-0.205,302.1951106387165,0.0,0.0,1.0345598989183156,3121.034068765354,0.0,0.0,-1.0,33.190853499481534
0.0058475333169339125,-0.0003104954990049874,-0.205,302.2764053132654,0.0,0.0,1.0325888016030091,3121.810144159378,0.0,0.0,-1.0,34.03213949522038
-0.00271509802374081,-0.002906981323421835,-0.205,302.60556798594513,0.0,0.0,1.2237826320280893,3117.4334597880697,0.0,0.0,-1.0,30.250221201127896
-0.0005062488758040934,0.0018638353088195115,-0.205,302.84548946073386,0.0,0.0,1.3553434849497277,3120.2218790983707,0.0,0.0,-1.0,26.764424463120417
-0.0016467463845034605,-3.521334045999117e-05,-0.205,302.8720755887544,0.0,0.0,1.3669993864894665,3120.7418335727775,0.0,0.0,-1.0,25.5854315528708
-0.0005310206719368567,-0.003941847513020745,-0.205,302.6921279150589,0.0,0.0,1.2238054109309184,3117.965335582711,0.0,0.0,-1.0,29.45703477687397
-0.005772915069017567,5.3350621883624135e-05,-0.205,302.2817680657177,0.0,0.0,1.042374324368025,3118.2427251674594,0.0,0.0,-1.0,33.13385049336217
0.004038869954653458,0.002516801078714703,-0.205,302.6584344775659,0.0,0.0,1.1522587200679275,3120.1614808959666,0.0,0.0,-1.0,30.956371602726133
0.002358631164167487,-0.0045024520328220035,-0.205,302.3536333617841,0.0,0.0,1.119234257229653,3118.464822265355,0.0,0.0,-1.0,32.250630481059446
0.0003727848724901453,0.005545172979500784,-0.205,302.236692458209,0.0,0.0,1.067308458558086,3122.2118655534287,0.0,0.0,-1.0,31.700491608512618
-0.006032013627803291,0.0017892060580438943,-0.205,302.29440448185693,0.0,0.0,0.9788742168960123,3118.5918641343746,0.0,0.0,-1.0,34.35044806098687
-0.004766794276271572,0.00019660291528239337,-0.205,302.48837490201305,0.0,0.0,1.1510718264745678,3121.0863033452474,0.0,0.0,-1.0,32.41816421913879
-0.0005631076139510267,7.558826637036122e-05,-0.205,303.0074181505029,0.0,0.0,1.395632485999889,3123.524533774493,0.0,0.0,-1.0,25.873074487265644
0.002342075306000828,-0.0037205105205621266,-0.205,302.46500537268383,0.0,0.0,1.1868870404645362,3118.6525221499983,0.0,0.0,-1.0,30.978502863643335
-0.003475163131370099,0.0003490076523773063,-0.205,302.68628170296125,0.0,0.0,1.2623627622205114,3119.932157763909,0.0,0.0,-1.0,29.60238386348304
-0.0032868518779363286,0.0015724354549931207,-0.205,302.6634564810564,0.0,0.0,1.2508391263817138,3119.3612622459527,0.0,0.0,-1.0,30.833232062059313
0.0058407921687655484,-0.002803084197833131,-0.205,302.07071408262595,0.0,0.0,0.95479950727499,3121.6679026384904,0.0,0.0,-1.0,33.6610999613935
-0.0012195646738316138,0.004908548386599456,-0.205,302.35973052503465,0.0,0.0,1.12185755621785,3118.6225201681473,0.0,0.0,-1.0,32.24452238410458
-0.005389674962674294,0.0024936893623501138,-0.205,302.3455448869098,0.0,0.0,1.0226505707718692,3120.2612956576304,0.0,0.0,-1.0,33.572392768018176
-0.003531285123650061,-0.005041204020804472,-0.205,302.17507768225914,0.0,0.0,0.9961012184844552,3119.0243619385687,0.0,0.0,-1.0,34.01439085747696
-0.001397045803981714,0.006067138662264897,-0.205,302.12005500807163,0.0,0.0,0.9872115556615634,3119.4386659710435,0.0,0.0,-1.0,33.81028912874933
-0.003426723901309969,-0.001999826164376539,-0.205,302.4798754786905,0.0,0.0,1.2246350600159752,3119.8775932445565,0.0,0.0,-1.0,30.916614203443924
-0.004349789654692416,0.001709940664152802,-0.205,302.58724904743104,0.0,0.0,1.1606028878935961,3119.1115420866035,0.0,0.0,-1.0,33.00595671831802
0.003491074037724259,-0.0005260513780932409,-0.205,302.61657050034034,0.0,0.0,1.259515612749511,3125.502968811566,0.0,0.0,-1.0,30.020013748079215
-0.0026787706901564242,-0.0043357522498367685,-0.205,302.4753410165179,0.0,0.0,1.1177958307907239,3118.7150282463504,0.0,0.0,-1.0,35.09571373020297
-0.00576729647670475,-0.002553066602883141,-0.205,302.08130937817987,0.0,0.0,0.9769198003203096,3121.569983175619,0.0,0.0,-1.0,36.323334977547695
-0.0030851735269260094,-0.002379217324483427,-0.205,302.4858649631667,0.0,0.0,1.2305963182983033,3120.936032229095,0.0,0.0,-1.0,32.04264889059402
0.0025086016397409643,-0.003245370924224433,-0.205,302.49870964862663,0.0,0.0,1.2131846426778745,3117.680354606637,0.0,0.0,-1.0,30.484388927056226
-0.003431571323337902,0.004294961936640844,-0.205,302.35538025219387,0.0,0.0,1.0741221351136383,3118.812745318782,0.0,0.0,-1.0,33.93766774255743
0.0011510935467507588,0.003967879367742722,-0.205,302.6014291932314,0.0,0.0,1.2106164218106084,3118.8076824874747,0.0,0.0,-1.0,30.655711483775182
-0.0031480201452480775,0.00540085440739613,-0.205,302.1606926258634,0.0,0.0,0.9840016171380749,3122.3708360423325,0.0,0.0,-1.0,33.8343587901373
-0.003355275742544806,-0.0004995498269056472,-0.205,302.621889169093,0.0,0.0,1.26978173821154,3118.9206766518987,0.0,0.0,-1.0,30.45277758921907
-0.0012961769433634243,0.0002548224871181973,-0.205,302.96150786137866,0.0,0.0,1.3783004631808446,3118.245777681528,0.0,0.0,-1.0,28.386789824498827
0.0015356540770186703,-0.005295891089582804,-0.205,302.3865741316975,0.0,0.0,1.0722548550975775,3117.5893607436974,0.0,0.0,-1.0,32.62811408544154
0.0020360013949249035,0.00372270758399482,-0.205,302.5967127446798,0.0,0.0,1.2007768366376836,3120.559778164534,0.0,0.0,-1.0,32.08700316765054
0.0037352678181266172,0.004579060960214209,-0.205,302.2465095094576,0.0,0.0,1.026179206990268,3118.796231532288,0.0,0.0,-1.0,34.78115180492502
0.0028242309495344654,0.0027820743625370107,-0.205,302.537659868536,0.0,0.0,1.2249051856534188,3118.509176345256,0.0,0.0,-1.0,31.113285689112768
0.005651610223517917,0.002456334239387265,-0.205,302.2723970436406,0.0,0.0,0.9951840049623633,3121.2811185073183,0.0,0.0,-1.0,34.15790328189263
0.005333603319924968,-0.0031587142665518595,-0.205,302.1308786911891,0.0,0.0,0.9906227791741926,3117.9094456272787,0.0,0.0,-1.0,33.73272127703128
0.0029784933916420474,0.0011933221069285091,-0.205,302.77831192356564,0.0,0.0,1.2828464847992669,3119.7714166409764,0.0,0.0,-1.0,30.950314183027633
0.001353524922705639,0.006069391427432754,-0.205,302.19005103025717,0.0,0.0,0.9881460709496653,3117.326854686766,0.0,0.0,-1.0,32.637372597118684
-0.005984262869091207,-0.0006175058542630668,-0.205,302.2339243812217,0.0,0.0,1.013247840216387,3120.176419365377,0.0,0.0,-1.0,35.194584117123966
-0.001918130463606601,-0.002113733325459415,-0.205,302.6324909379572,0.0,0.0,1.306201654298179,3119.1631171610425,0.0,0.0,-1.0,29.392479500291568
0.0008764281683912811,0.003241420498013783,-0.205,302.66212247427023,0.0,0.0,1.2722823513761043,3117.711555756306,0.0,0.0,-1.0,30.27702600777384
0.003302415812045182,-0.0023164403710009963,-0.205,302.5441992852353,0.0,0.0,1.2190295671187956,3122.7811470001025,0.0,0.0,-1.0,28.004850649270566
-0.002863636109776593,-0.0032013892885561774,-0.205,302.420375964344,0.0,0.0,1.1960969839653877,3118.4031811628633,0.0,0.0,-1.0,32.81635193397158
0.0003239448320316456,-0.0013158041461206157,-0.205,302.953942120694,0.0,0.0,1.3772236160028302,3120.083901896323,0.0,0.0,-1.0,26.39628899496637
0.0025143450031313345,-0.0046644434639374135,-0.205,302.4196399741122,0.0,0.0,1.0961182233273297,3120.3206955853693,0.0,0.0,-1.0,33.220143628859155
-0.005506068916956568,0.0015151373349389914,-0.205,302.373764700457,0.0,0.0,1.0496866282590016,3119.825817964129,0.0,0.0,-1.0,34.22053480354403
-0.0029294771604485422,-0.005096650513843056,-0.205,302.33877248454206,0.0,0.0,1.0298651135023515,3120.93642989303,0.0,0.0,-1.0,34.56107107593105
0.0019528209351993928,0.0036490682005306087,-0.205,302.57482752459623,0.0,0.0,1.2099827347520526,3116.1431025850284,0.0,0.0,-1.0,29.933424095461913
-0.0007541290881815197,0.004871860243068711,-0.205,302.28040486728645,0.0,0.0,1.1350694927723093,3120.084444865093,0.0,0.0,-1.0,31.108768540779366
0.0008476793512617325,0.0017056591761041898,-0.205,302.88856467437114,0.0,0.0,1.3565081765166696,3118.570523130248,0.0,0.0,-1.0,29.12092980079018
0.0025746090983341506,-0.003939479616376473,-0.205,302.491143583836,0.0,0.0,1.1574437300141938,3119.7892912953694,0.0,0.0,-1.0,32.95736991663025
-0.0013837567802370096,0.0015625775012403456,-0.205,302.8887987190167,0.0,0.0,1.3482492128293344,3120.4825672687152,0.0,0.0,-1.0,30.24707598543122
-0.0023288550294097037,-0.002231048019085199,-0.205,302.5974175346004,0.0,0.0,1.2817041330399834,3117.4795464700364,0.0,0.0,-1.0,29.119749752037624
-0.004704449762219573,-0.0039865591413039934,-0.205,302.0959558353493,0.0,0.0,0.9946753769409945,3120.7745348306075,0.0,0.0,-1.0,34.857031560423806
0.0026829273811920704,-0.0025996940722377545,-0.205,302.63182270329935,0.0,0.0,1.2435842128434544,3117.1800758816853,0.0,0.0,-1.0,30.848862016461336
-0.002321009898738786,-0.0026461586309170252,-0.205,302.6218686239547,0.0,0.0,1.2603197027120514,3118.8436597708137,0.0,0.0,-1.0,30.960245305178578
0.00579084934545748,0.0005207081151482587,-0.205,302.3049761200847,0.0,0.0,1.0375272008620549,3120.883164728775,0.0,0.0,-1.0,33.448902198859294
0.006137912318470681,-0.0018741241088126518,-0.205,302.11834781292924,0.0,0.0,0.9627217621687083,3119.5961927654703,0.0,0.0,-1.0,34.194139326435604
0.0019039995347124377,-0.006214097063364959,-0.205,302.1925115802894,0.0,0.0,0.9520985529990947,3121.495452311274,0.0,0.0,-1.0,34.01018120314888
0.00455698059330169,-0.004437031243764221,-0.205,302.1365097231982,0.0,0.0,0.9701181775807155,3121.3015239059014,0.0,0.0,-1.0,34.49195884265331
-0.003493200207298204,0.0030545930167408804,-0.205,302.5547581443024,0.0,0.0,1.1638479689747663,3120.041176364242,0.0,0.0,-1.0,29.978689164873806
-0.0010752357484845841,0.0007302508220301207,-0.205,302.95997515409465,0.0,0.0,1.3789579495877906,3119.519575917973,0.0,0.0,-1.0,26.88655815785179
-0.0017156717545099636,0.0040439075275445855,-0.205,302.55586375129474,0.0,0.0,1.187209660841482,3120.7371963969395,0.0,0.0,-1.0,33.26718475225538
-0.004793003367488361,-0.0024969045800373397,-0.205,302.3169892245051,0.0,0.0,1.0845278073559765,3120.3580240610536,0.0,0.0,-1.0,33.39892208457436
-0.00039539390380034285,-0.003729315765124504,-0.205,302.7771543991357,0.0,0.0,1.2424385620254008,3120.2307694485075,0.0,0.0,-1.0,30.546540198387852
0.00045564137478123747,-0.005188194427079972,-0.205,302.46983141318407,0.0,0.0,1.1059349258376905,3117.6271805917554,0.0,0.0,-1.0,32.49004121691782
0.002194497373632869,0.0001815732926419006,-0.205,302.8151271257073,0.0,0.0,1.3427079796756523,3121.120804157769,0.0,0.0,-1.0,30.410318030334825
-0.0026034760293890424,-0.0011915931917041084,-0.205,302.6797071606334,0.0,0.0,1.3056451481199736,3117.234532764347,0.0,0.0,-1.0,31.34519115845609
-0.0020347625757049614,-0.004237312702569191,-0.205,302.48465741278517,0.0,0.0,1.1579955273910398,3123.990412604221,0.0,0.0,-1.0,33.312618394860785
0.004996237391230743,0.002283699800000952,-0.205,302.379135733736,0.0,0.0,1.074580109096059,3117.9310709639726,0.0,0.0,-1.0,33.29818705684634
0.0008311310634653671,0.00624192573392559,-0.205,302.1760798425702,0.0,0.0,0.9782075472886592,3117.4062957083097,0.0,0.0,-1.0,33.901865908688514
-0.004070251590323287,0.001863710211742243,-0.205,302.5348734655077,0.0,0.0,1.1794266918822656,3118.1711387209143,0.0,0.0,-1.0,30.880576718783544
0.0009060794848500902,0.0009145667727790396,-0.205,302.9602225617046,0.0,0.0,1.3793366041980921,3118.6197316278476,0.0,0.0,-1.0,26.641048608802915
-0.0033174959762844675,-0.0018702155698941741,-0.205,302.5751593594269,0.0,0.0,1.2377661735351035,3120.5178330538006,0.0,0.0,-1.0,33.002444501155466
-0.004619371446113636,-0.003158995805025272,-0.205,302.2775738901865,0.0,0.0,1.0629107209293718,3122.1411907999827,0.0,0.0,-1.0,33.39312404737745
-0.00029563045698317825,-0.0016678584644150038,-0.205,302.8796103280891,0.0,0.0,1.365197686403632,3119.341997998187,0.0,0.0,-1.0,27.725010934606395
0.0003678071942953873,0.003087067150921386,-0.205,302.7016857776195,0.0,0.0,1.2896694596906566,3119.343103418532,0.0,0.0,-1.0,30.37483168760044
0.00027497631562937265,0.0006732940496808819,-0.205,302.95149380657097,0.0,0.0,1.3930180574519146,3119.889706176871,0.0,0.0,-1.0,27.804581165510967
0.003993338688382217,-0.0022268450351927154,-0.205,302.4290708458573,0.0,0.0,1.1703893664968945,3121.809318747378,0.0,0.0,-1.0,30.264883853258922
0.0016281853500066015,0.0011728444080430101,-0.205,302.9876254647561,0.0,0.0,1.3519792171652538,3121.7876306104113,0.0,0.0,-1.0,26.69683463256319
-0.005627090795351904,0.0021882800243118194,-0.205,302.2963531933862,0.0,0.0,1.0106088450103656,3118.774715885838,0.0,0.0,-1.0,33.73930704286466
0.001300836104874882,0.000673703767729302,-0.205,302.9954150549592,0.0,0.0,1.3735880334801778,3117.0418026256425,0.0,0.0,-1.0,27.878098277884327
0.0020458335713988405,-0.003538535335006229,-0.205,302.56494974343076,0.0,0.0,1.2144384593257893,3121.3364264903103,0.0,0.0,-1.0,32.46079735730604
3.084272570193561e-05,-0.0004572109755328105,-0.205,303.0685036080714,0.0,0.0,1.397097063687498,3120.5199718349045,0.0,0.0,-1.0,24.739021821827667
-0.00114287219958998,0.0032280713609928154,-0.205,302.6751284264145,0.0,0.0,1.2674266600575437,3119.292971560718,0.0,0.0,-1.0,29.516725302577136
0.003058647796010453,0.005342911113321878,-0.205,302.169412537923,0.0,0.0,0.9959157391558005,3119.2093762309155,0.0,0.0,-1.0,36.465362206123736
-0.0043516627186735565,-0.004263184325689863,-0.205,302.1738360735615,0.0,0.0,1.0039244418031112,3120.1698493141753,0.0,0.0,-1.0,33.24860287417018
0.005327114225096,0.002584397971773506,-0.205,302.2326346653727,0.0,0.0,1.0247837023459683,3118.044231505581,0.0,0.0,-1.0,33.22100801709152
-0.00024153065351759605,0.006125219230897542,-0.205,302.20528834720056,0.0,0.0,0.9992119466818025,3120.7270854288304,0.0,0.0,-1.0,34.55075462361302
-0.002313674027192061,-0.001853574756850701,-0.205,302.65194372432603,0.0,0.0,1.2991961774944534,3120.552175445727,0.0,0.0,-1.0,30.105416538605432
0.0034243906641334876,-0.002883601563807475,-0.205,302.4594226151716,0.0,0.0,1.1794136673550797,3122.019224666002,0.0,0.0,-1.0,32.9239604089012
0.0037249036835843453,0.0001235373590728859,-0.205,302.6392574920698,0.0,0.0,1.244290615634553,3119.565579307499,0.0,0.0,-1.0,29.76513328632657
-0.00043625133318935883,0.005873196110278182,-0.205,302.1647994809906,0.0,0.0,1.0285723333517927,3118.870058259081,0.0,0.0,-1.0,34.626193283927286
0.005158594057418096,0.0020841604720495776,-0.205,302.41209439077335,0.0,0.0,1.066623891951776,3123.205658745776,0.0,0.0,-1.0,35.00319535840462
-0.002671886468197365,-0.0045316053460347245,-0.205,302.3709682951545,0.0,0.0,1.10027891093894,3119.888809949263,0.0,0.0,-1.0,32.86788740360742
0.0005441919838444941,-0.003220980623071005,-0.205,302.77001769244214,0.0,0.0,1.2787917643687066,3122.873407916871,0.0,0.0,-1.0,30.24850926937399
-0.005845324727496058,-0.001204914769753933,-0.205,302.18607305863,0.0,0.0,1.0190677912631756,3122.3109872344976,0.0,0.0,-1.0,33.5061856452939
0.002847059095148129,-0.005318143451814086,-0.205,302.225921587146,0.0,0.0,1.0112616430408137,3119.1598389641335,0.0,0.0,-1.0,35.55795141721552
0.001814386876070836,-0.0025973751157002127,-0.205,302.70690047646826,0.0,0.0,1.2856273587384055,3118.767097032205,0.0,0.0,-1.0,30.02593733909548
-0.00535922516783838,0.0005006692330665414,-0.205,302.37741750922197,0.0,0.0,1.0869442553805848,3121.04916652739,0.0,0.0,-1.0,32.126561130650856
-0.0001295921857318895,0.0027180569031747467,-0.205,302.70323290876416,0.0,0.0,1.3143414557872848,3120.2611171799576,0.0,0.0,-1.0,29.7291334523891
-0.004413812954443769,0.0003018027337325946,-0.205,302.4974031764509,0.0,0.0,1.184318163600436,3119.4404784089024,0.0,0.0,-1.0,30.948643992142383
-0.005190464716018266,-0.0025122337146348452,-0.205,302.1694584244836,0.0,0.0,1.0431608264946113,3120.670961410523,0.0,0.0,-1.0,35.14094215407701
-0.00030391986250380177,0.0009403766073066187,-0.205,302.9168754796665,0.0,0.0,1.3874972544534505,3117.6595393957396,0.0,0.0,-1.0,26.101989045177795
-0.0014697102969040616,0.004176850423632771,-0.205,302.4728205265661,0.0,0.0,1.1839695976489943,3119.643256818941,0.0,0.0,-1.0,32.21741067165164
-0.003804098942405018,-0.002232804239264116,-0.205,302.46718349510326,0.0,0.0,1.1855352649986415,3120.515925829949,0.0,0.0,-1.0,29.655772599258515
0.0021231020962985694,0.004488634862257218,-0.205,302.4137385471785,0.0,0.0,1.1314289621118758,3120.4532029633574,0.0,0.0,-1.0,33.3553578654493
0.003803892953352245,-0.003152555585177549,-0.205,302.43444261825533,0.0,0.0,1.1339876850799135,3121.718678270173,0.0,0.0,-1.0,35.57960812390375
-0.0012702676942421222,-0.0037921666263831203,-0.205,302.5935683738488,0.0,0.0,1.2219653018190395,3121.9229012770843,0.0,0.0,-1.0,30.92832990995441
-0.002533398548319226,3.5721542447387754e-05,-0.205,302.79271093681484,0.0,0.0,1.3252069335914138,3121.0149650266007,0.0,0.0,-1.0,28.591957783793617
0.004776049426186429,-5.551020386127321e-05,-0.205,302.46461774202186,0.0,0.0,1.1505238059612903,3122.766484948756,0.0,0.0,-1.0,30.05813749375089
0.002664694032775569,-0.005492215652021454,-0.205,302.2063574042123,0.0,0.0,1.002370126317802,3122.0729928806945,0.0,0.0,-1.0,33.808355023173476
0.0024759474350208406,0.005882150740337158,-0.205,302.1397067221607,0.0,0.0,0.9673253430873492,3121.39311786406,0.0,0.0,-1.0,34.301894543060456
-0.003179351913109797,0.001453401640130132,-0.205,302.6961316194407,0.0,0.0,1.262125994429697,3120.80569362454,0.0,0.0,-1.0,30.25022872010456
-0.004492037270145937,0.004142070635337715,-0.205,302.2706352295709,0.0,0.0,1.0016593574341424,3120.2295772991247,0.0,0.0,-1.0,33.97758347582095
0.0017926884870579413,0.004059983352429373,-0.205,302.51915866324987,0.0,0.0,1.1830164351688537,3121.856593226465,0.0,0.0,-1.0,33.389819087574665
-0.0025198259588537215,-0.00030738387733728187,-0.205,302.73803982261376,0.0,0.0,1.3249344129694178,3120.980643535233,0.0,0.0,-1.0,28.184853084983462
-0.005923051530715264,0.0003276691756409763,-0.205,302.2988010101191,0.0,0.0,1.023435093590605,3119.503532453756,0.0,0.0,-1.0,33.60579017255379
0.00210808414090567,-0.0004968194652534052,-0.205,302.8054117192057,0.0,0.0,1.3444823010511286,3120.146703238288,0.0,0.0,-1.0,28.672162872909258
0.00567682041947591,-0.002193202036138761,-0.205,302.13260077272986,0.0,0.0,1.0046877748555572,3122.9191555449734,0.0,0.0,-1.0,34.19089633258142
0.0038534540756528074,-0.0011239584331976297,-0.205,302.5424718458423,0.0,0.0,1.2207147232731088,3118.8975735466697,0.0,0.0,-1.0,28.6170925726126
0.0005425928012630569,-0.003376708415243736,-0.205,302.66055409710344,0.0,0.0,1.2677492581187375,3119.85790194018,0.0,0.0,-1.0,30.525738800098807
0.0017034754231369086,0.0010156733483213823,-0.205,302.90642808437224,0.0,0.0,1.353034977688621,3125.135214415135,0.0,0.0,-1.0,27.47856795253161
0.00600395659614585,-0.00212972134291003,-0.205,302.12075349580743,0.0,0.0,0.9688070121474794,3123.2947002097985,0.0,0.0,-1.0,34.40232343848512
-0.0017965577009334123,0.001131939575785705,-0.205,302.8637008644765,0.0,0.0,1.346529982073191,3122.386440875373,0.0,0.0,-1.0,26.413243809650073
-0.0004381415470523192,0.006167036270585533,-0.205,302.08169536063247,0.0,0.0,0.9926523196781518,3119.590791320776,0.0,0.0,-1.0,33.420361201273586
0.005343909505699726,0.002429852756722181,-0.205,302.27810549551543,0.0,0.0,1.030843311321127,3119.305238194445,0.0,0.0,-1.0,34.62110332488093
-0.0016870697317561292,-0.0019274454822165177,-0.205,302.7515321127879,0.0,0.0,1.32363753907246,3117.024984390619,0.0,0.0,-1.0,28.01729153769142
-0.0006723854903372996,-0.0022036717685036456,-0.205,302.8611022191553,0.0,0.0,1.33756212581101,3117.3561274847852,0.0,0.0,-1.0,29.390444085214437
-0.005731353772868856,-0.0018677707625083372,-0.205,302.20509221616356,0.0,0.0,1.0117834313523657,3118.8526586864814,0.0,0.0,-1.0,32.87698671808303
-0.0012725256321997746,0.004218030864803454,-0.205,302.5008116687834,0.0,0.0,1.1860115167100531,3122.019612635223,0.0,0.0,-1.0,31.211522099830162
-0.0030068511892344663,-0.0008764732802399304,-0.205,302.6562943487682,0.0,0.0,1.2881074286346221,3120.6268579273474,0.0,0.0,-1.0,30.25955733040827
0.000272061650023058,0.00641861043063889,-0.205,302.06649770858934,0.0,0.0,0.9618516833249919,3120.512314892906,0.0,0.0,-1.0,37.16383040015635
0.0019305428807326831,0.00014447577303637284,-0.205,302.8369919211035,0.0,0.0,1.3551422149317238,3120.788978888312,0.0,0.0,-1.0,27.998509152402395
0.0024321812364662856,0.003134372113895792,-0.205,302.6132368515695,0.0,0.0,1.2246556682466119,3122.1366596780417,0.0,0.0,-1.0,30.564874409099048
0.0035018112689427297,0.003984931235341053,-0.205,302.3757933907631,0.0,0.0,1.095466473295956,3117.871957627947,0.0,0.0,-1.0,33.92674403782965
0.006000502331857174,0.0011506918657767705,-0.205,302.3409426763353,0.0,0.0,1.0017103204762934,3117.45730149607,0.0,0.0,-1.0,36.89197450207917
-0.0016135343081893996,0.003130362879044545,-0.205,302.62945043920365,0.0,0.0,1.2601759459912218,3125.9655711332894,0.0,0.0,-1.0,29.71430797852779
-0.001753969739388381,-0.0028685240134395445,-0.205,302.7413894110576,0.0,0.0,1.2719605410184736,3120.399214918246,0.0,0.0,-1.0,29.286196809168352
0.002629748971380448,-0.0050964352853724425,-0.205,302.3069953631111,0.0,0.0,1.046862624125128,3123.0535134230713,0.0,0.0,-1.0,34.02706556832547
0.0022837200485420436,-0.005556768158223125,-0.205,302.3253028508478,0.0,0.0,1.014259680313872,3118.4563148554403,0.0,0.0,-1.0,32.75731506955542
0.002594469842280901,-0.0007285897707095314,-0.205,302.69109125650704,0.0,0.0,1.3159083826502807,3116.112241978544,0.0,0.0,-1.0,30.42240696333689
0.005039598207925921,0.0013366859777954113,-0.205,302.4488815896083,0.0,0.0,1.1053241317281695,3120.4425924909474,0.0,0.0,-1.0,33.83179442186436
0.0019368108952901469,-0.005047868305521766,-0.205,302.3812058632636,0.0,0.0,1.084273368481949,3120.70951188844,0.0,0.0,-1.0,34.87245429728905
-0.002616172806217972,-0.0037400182634000794,-0.205,302.54421510432365,0.0,0.0,1.171156294530611,3121.2614919260627,0.0,0.0,-1.0,33.70606227377224
-0.0026415337890372008,-0.0029365981224276313,-0.205,302.5137675081234,0.0,0.0,1.2261216017995993,3123.9447655850586,0.0,0.0,-1.0,29.29399442385934
0.0041287080401077635,0.0021202452089577046,-0.205,302.5660612740017,0.0,0.0,1.163757498164564,3123.3641827013694,0.0,0.0,-1.0,31.579173117615262
-0.004627424784437211,-0.00046107021568296184,-0.205,302.4487680640714,0.0,0.0,1.1628826846951705,3120.0119172721124,0.0,0.0,-1.0,31.30980797339106
0.003655307301666447,0.004750382725245093,-0.205,302.32715432768714,0.0,0.0,1.0159416406265283,3120.8776323395145,0.0,0.0,-1.0,33.96060011392898
-0.0029589587607638267,0.0056299273727089165,-0.205,302.27190127042854,0.0,0.0,0.9701363411970169,3118.1979226973135,0.0,0.0,-1.0,35.2079166074765
0.0014236213788596048,0.0030675492671414107,-0.205,302.673249420575,0.0,0.0,1.2705437130868136,3118.2062225992368,0.0,0.0,-1.0,29.932056797194186
-0.00358937274291405,0.001425476081155554,-0.205,302.6599686651712,0.0,0.0,1.233390124376614,3122.5334950724045,0.0,0.0,-1.0,30.994132198481857
0.0009511411609711113,0.0026268284293312085,-0.205,302.7306905637706,0.0,0.0,1.3099483946787385,3118.310250224635,0.0,0.0,-1.0,29.53190030942087
0.0009794413769670391,-0.006422132810981251,-0.205,302.29478181640206,0.0,0.0,0.9524725021224715,3122.683691555348,0.0,0.0,-1.0,36.317977677102654
0.004116103539467934,-0.0014985552455508866,-0.205,302.48011358238927,0.0,0.0,1.188348988512743,3119.929751562081,0.0,0.0,-1.0,31.502273727606696
-0.0031117995498444947,-0.0008661478752675948,-0.205,302.66767914768633,0.0,0.0,1.2813544387668536,3123.3032968179155,0.0,0.0,-1.0,27.77270220235377
-0.0001779064596706383,-0.005532182169944302,-0.205,302.4434291371299,0.0,0.0,1.069879579180804,3117.426652302439,0.0,0.0,-1.0,34.466345616215506
0.0010813482187356396,0.00420961987478627,-0.205,302.49885559430305,0.0,0.0,1.1914704247611134,3120.124146372649,0.0,0.0,-1.0,29.956835011720678
0.004022140952625868,-0.0028010616051573193,-0.205,302.3111293085786,0.0,0.0,1.1379716988546507,3117.8933512965564,0.0,0.0,-1.0,33.22561579913542
-0.0004665085185931109,-0.0018053843466460653,-0.205,302.8959849112643,0.0,0.0,1.358227335732414,3117.083577378861,0.0,0.0,-1.0,28.12939946583443
0.002318695313329948,0.0031632252947888934,-0.205,302.6428479093658,0.0,0.0,1.228440811974181,3121.125552219387,0.0,0.0,-1.0,29.87185397941299
-0.00023425829549093228,-0.0014440168414985167,-0.205,302.95643881886866,0.0,0.0,1.3736580698015761,3121.1565869379365,0.0,0.0,-1.0,27.379638374552727
0.0009374908751555033,0.004977015967813415,-0.205,302.31427605934743,0.0,0.0,1.1211511647958845,3119.2666393489303,0.0,0.0,-1.0,32.319525522289034
-0.005360463421851521,-0.0032741932571690234,-0.205,302.0558773518024,0.0,0.0,0.9802036712591525,3116.603477787323,0.0,0.0,-1.0,34.83425833948742
0.0016648434569752808,0.000266539078677704,-0.205,302.9146332055178,0.0,0.0,1.3655020006900325,3118.7328847256776,0.0,0.0,-1.0,29.07084136690677
0.002471382960501594,0.003979510810133218,-0.205,302.46905447785133,0.0,0.0,1.15956529558165,3121.6208229873773,0.0,0.0,-1.0,31.793829924771234
0.003781899564857931,0.005205798138929358,-0.205,302.143313171879,0.0,0.0,0.9605354591735549,3119.779267317833,0.0,0.0,-1.0,35.96035831465995
0.0021675023933736804,0.00014633212451890313,-0.205,302.8036334033539,0.0,0.0,1.344160431445824,3122.6797291379107,0.0,0.0,-1.0,29.94306935983279
0.0025504912142954392,0.003949365346077045,-0.205,302.3921526909106,0.0,0.0,1.1579183796215304,3119.174481231785,0.0,0.0,-1.0,31.333846905311958
0.0007074672084374925,-0.005495040274726853,-0.205,302.34971917554043,0.0,0.0,1.06927271136326,3119.817346497929,0.0,0.0,-1.0,34.97547273912339
0.0015878186859178444,-0.004572337306079275,-0.205,302.5837337010149,0.0,0.0,1.1441525048463015,3119.1020816524688,0.0,0.0,-1.0,32.57093676446499
0.004208604664501444,-0.0013981454090968432,-0.205,302.3954461408844,0.0,0.0,1.1833307476914514,3124.3880472873307,0.0,0.0,-1.0,31.758020959028784
-0.0026402186069975756,-8.892013658823307e-05,-0.205,302.73794364751507,0.0,0.0,1.3190296272704516,3122.9870150844004,0.0,0.0,-1.0,26.855751988707663
-0.0028387805620306086,-0.0018822729582942438,-0.205,302.5620899331909,0.0,0.0,1.268769260957148,3119.040301685308,0.0,0.0,-1.0,30.834871760878645
-0.002582288024173613,-0.002473212567230993,-0.205,302.6578849329113,0.0,0.0,1.2560843349755595,3118.347169957476,0.0,0.0,-1.0,29.685314121033738
-0.0007196944230634855,0.0021795125442788947,-0.205,302.73597549471174,0.0,0.0,1.3380095886561871,3122.7340096786334,0.0,0.0,-1.0,28.511442800133807
-0.0008006476241380513,-0.0014395994178830781,-0.205,302.8389970541323,0.0,0.0,1.366993961516717,3118.315188414399,0.0,0.0,-1.0,28.540982292668673
0.005592503066696989,-0.0022823629755613427,-0.205,302.1882113070621,0.0,0.0,1.0102785251816568,3116.4599934288817,0.0,0.0,-1.0,34.72042017920169
0.002042159891673434,0.001971320911486568,-0.205,302.7911092961691,0.0,0.0,1.3071925343613198,3119.480403867463,0.0,0.0,-1.0,30.863308929819365
0.0023443480381650614,-0.0018087460515530936,-0.205,302.58814607110605,0.0,0.0,1.2994282437615863,3117.0374814838015,0.0,0.0,-1.0,29.6727214681968
-0.00223075161621301,0.002662090637111697,-0.205,302.6983069911378,0.0,0.0,1.2638165002050952,3122.8911689568417,0.0,0.0,-1.0,29.656331489287535
-0.0014235874299038083,0.0008731480577325299,-0.205,302.9392768973039,0.0,0.0,1.3661220553994018,3119.621120463134,0.0,0.0,-1.0,28.623458851422534
0.006003260520218915,0.000710302820583117,-0.205,302.2413331937976,0.0,0.0,1.0096859770675182,3116.1369919304307,0.0,0.0,-1.0,33.60276370823502
-0.005659939719182863,0.002704033034377279,-0.205,302.3072255310759,0.0,0.0,0.9812973944990623,3122.288548810858,0.0,0.0,-1.0,33.76401561270673
-0.0040149847997302465,0.003414299882830098,-0.205,302.41297467476045,0.0,0.0,1.0992180106109466,3116.5425413212256,0.0,0.0,-1.0,32.49354927145548
0.0008848882861496034,0.005767381129240407,-0.205,302.25350661190197,0.0,0.0,1.0350764081768273,3122.2551848978064,0.0,0.0,-1.0,35.05160791747367
-0.005511353158137011,0.002386710059209476,-0.205,302.2873811159971,0.0,0.0,1.0144795074086501,3118.4288798256375,0.0,0.0,-1.0,32.05329206347851
0.004183088524954945,0.0024489386437621242,-0.205,302.567875867259,0.0,0.0,1.1434460995714248,3121.65896445237,0.0,0.0,-1.0,31.707210326780938
-0.00264509604650302,0.0048000263207521555,-0.205,302.3024404326173,0.0,0.0,1.0760235661363173,3119.3342461371776,0.0,0.0,-1.0,33.434508841981554
-0.004265940076928647,0.004756151516155612,-0.205,302.2044440252814,0.0,0.0,0.9664251095531323,3122.246747669293,0.0,0.0,-1.0,34.39121387904163
-0.00033440957314994924,-0.0024015261472062747,-0.205,302.89492336171486,0.0,0.0,1.33119943837528,3116.0412122324506,0.0,0.0,-1.0,28.471782290939345
-0.0007497195968013961,-0.0051770485908633895,-0.205,302.44697587841415,0.0,0.0,1.103474596205833,3122.281442730018,0.0,0.0,-1.0,33.18928149047479
0.0029463628331009373,0.00535216064913967,-0.205,302.17392479744535,0.0,0.0,1.0017452129230098,3119.384232950735,0.0,0.0,-1.0,36.60265709561875
0.0005502770258140767,0.001356588191107538,-0.205,302.8445270465816,0.0,0.0,1.373622116611494,3120.812559983245,0.0,0.0,-1.0,26.247719088688513
-0.0028957414835634404,0.003962884903135754,-0.205,302.4485216733911,0.0,0.0,1.1372856767027164,3120.0440182435395,0.0,0.0,-1.0,33.368344677214694
0.003512507024005413,0.004523869240766727,-0.205,302.2834380021607,0.0,0.0,1.0477412732217262,3120.447411553464,0.0,0.0,-1.0,33.71127536507927
-0.0025233677530214498,-0.005679620051295219,-0.205,302.18624925388815,0.0,0.0,0.988592020222933,3122.649201708401,0.0,0.0,-1.0,32.15621934239951
0.004177883534461859,-0.001550411024718514,-0.205,302.4285599882503,0.0,0.0,1.1813288708609158,3119.0137232505144,0.0,0.0,-1.0,32.600095493981236
-0.0048820613511003,0.0021729657089597553,-0.205,302.4822610844637,0.0,0.0,1.0912126368802735,3118.8357958473644,0.0,0.0,-1.0,32.482718491369184
-0.002999866094923854,0.0017733291132464282,-0.205,302.76514226548574,0.0,0.0,1.2629488567607272,3123.0858086838575,0.0,0.0,-1.0,29.099663445089536
0.0024597946280012772,0.003303517346110647,-0.205,302.62201535746414,0.0,0.0,1.2117261414465903,3121.5666786670777,0.0,0.0,-1.0,31.36668230733879
-0.003677214616893467,-0.0019283586983018645,-0.205,302.514182949214,0.0,0.0,1.208810343584352,3122.283996972352,0.0,0.0,-1.0,32.28269117739912
0.0030379132112466137,-0.0019034200266720058,-0.205,302.5464136988697,0.0,0.0,1.2553686656595235,3121.920207286922,0.0,0.0,-1.0,30.426539344209377
0.0027512337679755994,-0.0025830973775218804,-0.205,302.5593749680568,0.0,0.0,1.2405495392847639,3118.938059929719,0.0,0.0,-1.0,29.614470541319136
-0.006042372957210917,0.0014170993115080433,-0.205,302.22875080580167,0.0,0.0,0.9896750673710674,3120.2843414546355,0.0,0.0,-1.0,35.751373070732434
0.0007816813876026286,-0.00044699818837736567,-0.205,302.8935652020018,0.0,0.0,1.3895232261629085,3114.6758350417344,0.0,0.0,-1.0,26.928641341992446
0.000773573806455923,0.0005079613515677166,-0.205,302.98946614227873,0.0,0.0,1.3889641625486964,3120.171191837201,0.0,0.0,-1.0,26.25520292321888
0.0006164869314886502,-0.0033007573152717845,-0.205,302.7647375303286,0.0,0.0,1.2722810405366294,3120.8737744146097,0.0,0.0,-1.0,30.373461222546506
0.006137011896528103,-0.001716712179757275,-0.205,302.0241480091504,0.0,0.0,0.9685364264345884,3121.08466149633,0.0,0.0,-1.0,35.25027832351548
0.0012274623335673334,-0.0041438321114619595,-0.205,302.6116455591858,0.0,0.0,1.193696463267831,3116.678265842881,0.0,0.0,-1.0,30.53128795809219
-0.0009418670455910264,-0.003267029607486451,-0.205,302.7456218636392,0.0,0.0,1.269210207975088,3120.8857058405615,0.0,0.0,-1.0,30.152629302958704
0.0006513261256393029,0.0029344196563447504,-0.205,302.68591452313336,0.0,0.0,1.2965152357034402,3121.9389734604874,0.0,0.0,-1.0,30.421829718022455
0.0009468117932294893,0.0021199561051498763,-0.205,302.8342386630612,0.0,0.0,1.33664177898112,3116.542189617275,0.0,0.0,-1.0,28.587321066483643
-0.002443606905944407,0.0014628546325464583,-0.205,302.8640501524009,0.0,0.0,1.3065947312741608,3118.1555095497065,0.0,0.0,-1.0,29.86757924021132
-0.002658800123386322,-0.00565718626022817,-0.205,302.1883943884555,0.0,0.0,0.9840651727988127,3118.8217908192896,0.0,0.0,-1.0,35.13735726429459
-0.003539187788388693,0.0036321094326167798,-0.205,302.40685665847855,0.0,0.0,1.1204438326241106,3121.9618601402344,0.0,0.0,-1.0,33.42112602258239
0.005039354862060056,-0.0024593345155099933,-0.205,302.2410713168451,0.0,0.0,1.0616267889980278,3119.7064107997853,0.0,0.0,-1.0,35.65418997803508
-0.002531855654766685,-0.001352099315241514,-0.205,302.6481638269941,0.0,0.0,1.3052025504560527,3116.9805096714554,0.0,0.0,-1.0,29.26331709779385
0.004922578501871021,1.3650279561429378e-05,-0.205,302.4062152482351,0.0,0.0,1.1358127554689572,3119.0530391945963,0.0,0.0,-1.0,32.228438404261155
0.003661190392511943,0.0017861502949658768,-0.205,302.6818509084522,0.0,0.0,1.2156206506645375,3119.5213634086504,0.0,0.0,-1.0,30.603602925757855
5.500834405658987e-05,0.004018033351587472,-0.205,302.56225302174465,0.0,0.0,1.2203423650777216,3120.217018797345,0.0,0.0,-1.0,32.102616902852944
0.004764194443820558,-0.00429230492815339,-0.205,302.14625758148065,0.0,0.0,0.9633761671182165,3117.116511940014,0.0,0.0,-1.0,34.49519763738772
-0.0036205465846894476,0.0023247398551827876,-0.205,302.5729886344921,0.0,0.0,1.1954306629428142,3122.0768693166247,0.0,0.0,-1.0,31.972633795580983
-0.003413950445206082,-0.003053180765504831,-0.205,302.3853668661615,0.0,0.0,1.1696446707518944,3123.8609602356983,0.0,0.0,-1.0,30.652812730162342
-0.002152225902604663,-0.0027421404855949177,-0.205,302.6136245825442,0.0,0.0,1.2628682546018022,3117.0869001600704,0.0,0.0,-1.0,29.89612251003216
0.002422037743481897,0.0007164827757450342,-0.205,302.85058866477243,0.0,0.0,1.3256471971721409,3121.837144273968,0.0,0.0,-1.0,29.53819948421777
0.005915115773396773,-0.0007505024510933235,-0.205,302.2470235984727,0.0,0.0,1.0197565741769141,3121.219189892543,0.0,0.0,-1.0,34.19993897371924
-0.002837063685675881,0.0027232079280963446,-0.205,302.64484806238147,0.0,0.0,1.2275673473080362,3118.537215006281,0.0,0.0,-1.0,30.13393347157047
0.005923816562594379,-0.00030690841393281304,-0.205,302.29902961295375,0.0,0.0,1.0234768865170127,3115.344246783216,0.0,0.0,-1.0,34.39238216030854
-0.00337332580625933,-0.004937187871605644,-0.205,302.210639546856,0.0,0.0,1.017691175218453,3119.6333719164995,0.0,0.0,-1.0,32.70851613598795
-0.0005051104721518933,0.0017688877451669815,-0.205,302.8561391608013,0.0,0.0,1.3592888173174613,3118.1932447932236,0.0,0.0,-1.0,27.918836086251805
-0.0017878647654043706,-0.0005569665548152482,-0.205,302.7876470365567,0.0,0.0,1.3578892434558065,3120.2575305624755,0.0,0.0,-1.0,27.283049261440972
-0.0028445050454649545,-0.003708109039516837,-0.205,302.4606056521424,0.0,0.0,1.160637094013151,3118.9630832624425,0.0,0.0,-1.0,33.15365265308697
-0.0033113635974786467,0.0009760391082164378,-0.205,302.70373913965597,0.0,0.0,1.2653742070211955,3118.5689818395863,0.0,0.0,-1.0,29.136472883752266
0.005078251993715201,0.0032670495236441282,-0.205,302.3357923550479,0.0,0.0,1.0105120783540258,3120.050571598402,0.0,0.0,-1.0,35.11375048827013
0.0028046768215318064,0.00012420326178023435,-0.205,302.7706015949723,0.0,0.0,1.3091074424974252,3118.290596229543,0.0,0.0,-1.0,31.123615675841616
0.00167458089874107,0.0013686297451044828,-0.205,302.9830586916645,0.0,0.0,1.3446338723879596,3120.8154657649316,0.0,0.0,-1.0,27.85395910339094
-0.0016287725293638383,0.000565201846668152,-0.205,302.92286592251645,0.0,0.0,1.3640094889372945,3120.923605643303,0.0,0.0,-1.0,28.548067581531342
0.0008346565470627349,0.003178382125497728,-0.205,302.58783681370625,0.0,0.0,1.2774119878986006,3118.0968050323904,0.0,0.0,-1.0,30.836394248202755
0.0033637210187365597,-0.0007906224350546533,-0.205,302.693034718381,0.0,0.0,1.2651389671326347,3118.224898711906,0.0,0.0,-1.0,31.830439750619504
-0.005575989523891635,-0.0024705464869525184,-0.205,302.0708453937881,0.0,0.0,1.00307738358956,3116.163724042776,0.0,0.0,-1.0,34.05249907747959
0.002940736760632044,-0.0020098081827779994,-0.205,302.5720466395685,0.0,0.0,1.2571296405968508,3121.3131651343415,0.0,0.0,-1.0,29.637247060318465
0.004952275847026834,-0.0034093691446632495,-0.205,302.19554297471603,0.0,0.0,1.0136933222375275,3121.807541050433,0.0,0.0,-1.0,33.864197236764085
0.002996804736435183,-0.0019434315192513295,-0.205,302.57725294876366,0.0,0.0,1.2563755115606852,3120.8380297950425,0.0,0.0,-1.0,29.888122303835292
0.0011155798329798101,-0.0037589296338510635,-0.205,302.67288755193965,0.0,0.0,1.2285284564262342,3119.0749900470237,0.0,0.0,-1.0,30.20807035778663
0.000746675142652424,0.0034903865784424414,-0.205,302.56261291283533,0.0,0.0,1.2565620636711696,3122.1181972575864,0.0,0.0,-1.0,29.99228492548392
-0.0033789888091146467,0.004706575570296596,-0.205,302.32291675591085,0.0,0.0,1.0399280674897213,3117.4215978582533,0.0,0.0,-1.0,31.936035049468348
-0.004358730054425367,0.0034976423658488447,-0.205,302.3984312817703,0.0,0.0,1.0637882893808532,3116.2936837773177,0.0,0.0,-1.0,33.65448148603529
0.003909329073652675,0.0044867924781794,-0.205,302.2290226100743,0.0,0.0,1.0211557146108454,3116.6687573465656,0.0,0.0,-1.0,34.78816627080224
-0.0024149849221156774,0.004280013029753651,-0.205,302.45041829245486,0.0,0.0,1.1366548930661693,3121.372902596935,0.0,0.0,-1.0,31.82493564239558
-0.005004735263336569,-0.001802157592854608,-0.205,302.28811269490484,0.0,0.0,1.0938960076850888,3116.636450238666,0.0,0.0,-1.0,32.77877968461507
0.005717320029263157,0.002459236047146659,-0.205,302.3402655285953,0.0,0.0,0.9874778186148376,3119.9956936433346,0.0,0.0,-1.0,33.54369432315491
-0.0037279174004954474,0.0035854341630808776,-0.205,302.4797055743691,0.0,0.0,1.1097702205742659,3119.341959438334,0.0,0.0,-1.0,32.05764488297426
0.0023001081184514083,0.0014799002169028433,-0.205,302.817513904607,0.0,0.0,1.3135067216555232,3120.6072727768665,0.0,0.0,-1.0,28.920412611512322
-0.0034611742805187398,-0.002811704116898683,-0.205,302.4177839261791,0.0,0.0,1.1810472493225352,3120.667336845853,0.0,0.0,-1.0,32.1847566549102
0.0026814045533828474,0.002281563059515472,-0.205,302.739761998474,0.0,0.0,1.2602531058256061,3122.470035570207,0.0,0.0,-1.0,29.367824916729568
0.002452761335527825,-0.0025903678685754087,-0.205,302.65876707748504,0.0,0.0,1.256714784434786,3118.4943392735872,0.0,0.0,-1.0,30.607369327026937
-0.00021584719147541866,0.00491573558001316,-0.205,302.318939553263,0.0,0.0,1.1360294260252866,3119.0216839533755,0.0,0.0,-1.0,33.79078994437781
0.001782905646825465,-0.0013832374811059076,-0.205,302.7695847352416,0.0,0.0,1.3399801935700228,3118.4730313839423,0.0,0.0,-1.0,28.252135366670448
-0.00197804305160956,-0.0031322086843979255,-0.205,302.66140892390024,0.0,0.0,1.2460673173464651,3119.197129338689,0.0,0.0,-1.0,32.315076766591666
-0.003500719708550837,0.002769147818675242,-0.205,302.599263427803,0.0,0.0,1.1806517612818157,3119.888933250542,0.0,0.0,-1.0,31.69505482365943
0.00046941758522801174,0.0011926913490775963,-0.205,302.9757056741138,0.0,0.0,1.3795089340368498,3117.3741002561096,0.0,0.0,-1.0,25.858765193798845
-7.390162065234536e-05,-0.0015919158552543929,-0.205,302.9686867903407,0.0,0.0,1.3690058995249765,3117.5263181144046,0.0,0.0,-1.0,27.332824729859556
0.0044595820492744735,-7.100777155750406e-05,-0.205,302.49452229419705,0.0,0.0,1.1809687283904433,3117.241850601733,0.0,0.0,-1.0,32.036894106858014
-0.0024440510322565902,-0.004307144761032124,-0.205,302.48885752940396,0.0,0.0,1.132779847737942,3121.246923533579,0.0,0.0,-1.0,32.02100778044071
-0.00045231436119598354,-0.004518407421536669,-0.205,302.61957972016,0.0,0.0,1.1733640777933725,3120.8594179365637,0.0,0.0,-1.0,33.130043549251745
0.0010318648956875098,-0.0002435325203904037,-0.205,302.91721689816137,0.0,0.0,1.3857113835611015,3123.490383338837,0.0,0.0,-1.0,25.884534988635224
0.001593426831926716,-0.00563361199084714,-0.205,302.29819922428754,0.0,0.0,1.0327258153385428,3116.9310206805503,0.0,0.0,-1.0,34.49103826288795
-0.003445887092129688,-0.002003033070899969,-0.205,302.43158070489045,0.0,0.0,1.2231057479510898,3117.1475685779483,0.0,0.0,-1.0,31.718781737682015
0.0036327419164277723,-0.002332344970004111,-0.205,302.4629231762117,0.0,0.0,1.1941304931311258,3120.1231342590504,0.0,0.0,-1.0,30.72544282587532
0.0008422507308287763,0.001006652227086364,-0.205,303.006558067603,0.0,0.0,1.3785636820674505,3118.81896740209,0.0,0.0,-1.0,27.838148469805468
0.0032404653486497936,0.0010057854145814782,-0.205,302.7885335931006,0.0,0.0,1.2697301953381808,3118.5100429201534,0.0,0.0,-1.0,30.747208550448114
0.0022251229061052507,-0.0021841982871811526,-0.205,302.69489502200406,0.0,0.0,1.2890554486353265,3120.5991409842495,0.0,0.0,-1.0,28.65221351217829
0.001708601757669985,-0.003996642716229811,-0.205,302.5893892144677,0.0,0.0,1.1914467292097155,3121.8757311490094,0.0,0.0,-1.0,31.363070760361932
0.001923203090397357,0.005182427969171357,-0.205,302.3384650868599,0.0,0.0,1.0707028626119104,3120.804880656396,0.0,0.0,-1.0,33.436582196273505
0.0023127503487099126,-0.005769717013012648,-0.205,302.2381276247669,0.0,0.0,0.98846068285778,3117.5179288627924,0.0,0.0,-1.0,35.36453115847637
-0.0027300174709915586,0.003743812478455599,-0.205,302.5118360504308,0.0,0.0,1.164513341451285,3118.441403795882,0.0,0.0,-1.0,32.453562884453994
0.0022098313161780605,-0.0010619125036267789,-0.205,302.71184373175475,0.0,0.0,1.3297343782405606,3116.7311860158275,0.0,0.0,-1.0,29.642297370507876
0.005918439646624828,0.0012593793778021257,-0.205,302.27518318317914,0.0,0.0,1.0089727244204205,3121.271379078732,0.0,0.0,-1.0,34.620801032970405
0.002382055318012986,0.0007620136297108334,-0.205,302.7969455354693,0.0,0.0,1.3270292444619332,3119.7838799923825,0.0,0.0,-1.0,28.137621729281413
0.0011763852915055856,0.00436765364713484,-0.205,302.46767267691337,0.0,0.0,1.1750382688786187,3120.189503425916,0.0,0.0,-1.0,31.903972151564282
-0.0018648934732677417,0.0008681234989251737,-0.205,302.88971157447247,0.0,0.0,1.3496604931520604,3115.219625997551,0.0,0.0,-1.0,28.439988632723733
-8.90205037980648e-05,-0.0017948889443035994,-0.205,302.9395297128761,0.0,0.0,1.3610571553044744,3122.355512844888,0.0,0.0,-1.0,28.46439154386898
-0.003415328448857502,0.001214595504283135,-0.205,302.7533759280997,0.0,0.0,1.2522936562070546,3118.700204204847,0.0,0.0,-1.0,29.13888872245473
-0.0027745944054363447,-0.0014477194293490447,-0.205,302.602599421806,0.0,0.0,1.288270997340202,3118.7153425969304,0.0,0.0,-1.0,30.28482413303324
-0.002636658906454099,-0.005907293125077962,-0.205,302.1952867701229,0.0,0.0,0.9560496333572378,3121.7489557512786,0.0,0.0,-1.0,35.73489639155118
0.0010523085851315648,0.005090973264281577,-0.205,302.31122196781,0.0,0.0,1.1069608928536392,3123.1770288042867,0.0,0.0,-1.0,34.32116486364141
-0.00020490069012363686,0.005304493516530065,-0.205,302.24360163256137,0.0,0.0,1.0950832775567692,3120.5023076308757,0.0,0.0,-1.0,34.79965404610141
-0.0010806620292412642,-0.0016085121055654076,-0.205,302.8638151047909,0.0,0.0,1.3550595268735515,3121.0225573990065,0.0,0.0,-1.0,28.28199985149014
3.0192517387399052e-05,-0.00501421313367157,-0.205,302.46613529497574,0.0,0.0,1.126383113814199,3119.2957429965827,0.0,0.0,-1.0,31.26552375036889
0.005424033091170407,0.0022646335977213063,-0.205,302.29337844929495,0.0,0.0,1.0299565128938806,3118.907996643916,0.0,0.0,-1.0,35.45269221391697
-0.0030538100988036702,-0.003173529081773618,-0.205,302.43572953383796,0.0,0.0,1.186158797718922,3121.767707802518,0.0,0.0,-1.0,33.45095904690853
0.003806879103534453,-0.0008631228548571208,-0.205,302.5356315442946,0.0,0.0,1.2299778464084334,3121.236274658696,0.0,0.0,-1.0,31.70087269311082
-0.000862569514038551,0.0016372288985526055,-0.205,302.9104718180909,0.0,0.0,1.3588267332770179,3118.635419573345,0.0,0.0,-1.0,29.339027350873383
0.0036158332529895153,-0.0037792230820129953,-0.205,302.349381731685,0.0,0.0,1.1035480417965653,3119.978691470541,0.0,0.0,-1.0,32.65683262498032
0.00341375477327571,-0.0011673436955070685,-0.205,302.5987962093805,0.0,0.0,1.253610681519543,3119.0630660263014,0.0,0.0,-1.0,30.638580150840124
0.002058580004565631,-0.0020157759524018384,-0.205,302.694417247225,0.0,0.0,1.3045179543968894,3121.0433755275167,0.0,0.0,-1.0,28.975574632068785
0.001621588868066256,0.0023752703112524367,-0.205,302.78865444496904,0.0,0.0,1.304841918612215,3120.5052153052475,0.0,0.0,-1.0,30.446118538836785
-0.0008026592112903697,0.0024787778266223614,-0.205,302.7104312742342,0.0,0.0,1.3211259891951146,3123.0170704875377,0.0,0.0,-1.0,28.87451825314896
-0.003994742928633087,-0.0043169477208335584,-0.205,302.1778749458586,0.0,0.0,1.029495504324387,3118.638016335825,0.0,0.0,-1.0,34.8513884423154
-8.06040255073341e-05,0.00048782969157337355,-0.205,302.9411708975063,0.0,0.0,1.3966459845451178,3115.90658686068,0.0,0.0,-1.0,25.789626288367593
-0.0037733661571770897,0.002656809704996332,-0.205,302.59788918157676,0.0,0.0,1.1663080303758004,3119.138751284598,0.0,0.0,-1.0,32.29857285954769
-7.50272835716298e-05,-0.00014078825904380527,-0.205,303.0639170930346,0.0,0.0,1.3996090214257344,3123.544379575931,0.0,0.0,-1.0,26.23397010823629
-0.0033112061542605476,-0.002895940086997197,-0.205,302.4840903636045,0.0,0.0,1.1866457026931279,3120.3989465813133,0.0,0.0,-1.0,31.3906537068564
0.0012291032008476634,0.0003709325397228939,-0.205,303.0498534780403,0.0,0.0,1.379444715860271,3120.2223143881747,0.0,0.0,-1.0,26.04241638340985
-0.005040131445889059,0.0035065369547505132,-0.205,302.3313503713302,0.0,0.0,0.9979750737492797,3123.1683610994446,0.0,0.0,-1.0,33.811555774510246
-0.0006437554876455153,0.004084931369581221,-0.205,302.47905850419954,0.0,0.0,1.2102791206575767,3120.4061459060426,0.0,0.0,-1.0,30.57855491036323
0.0038746322549950045,-0.0005483855800999505,-0.205,302.56727781563995,0.0,0.0,1.2291702811589773,3118.7900969316083,0.0,0.0,-1.0,31.79171435312647
-0.00021237179930285266,0.0006787578147478457,-0.205,302.94010150719794,0.0,0.0,1.3933083394729022,3119.750355506024,0.0,0.0,-1.0,26.451158828452268
-0.0047264653215237625,-0.003970796353669701,-0.205,302.11368005226575,0.0,0.0,0.9938430492559481,3119.1678558539184,0.0,0.0,-1.0,34.46553896447088
0.002960016136276363,-9.684312636685733e-05,-0.205,302.7984482240644,0.0,0.0,1.29938962255781,3119.044529670764,0.0,0.0,-1.0,29.236103724508954
0.000895768564743684,-0.00043573096501812043,-0.205,302.83296484037743,0.0,0.0,1.387307767795489,3120.0990415647634,0.0,0.0,-1.0,26.010189259527102
-0.0008969081712306608,-0.0011431873149266697,-0.205,302.9283197400932,0.0,0.0,1.3739942556435123,3119.4789488152724,0.0,0.0,-1.0,27.258860840535107
0.004795020982082866,-0.0011961921851985934,-0.205,302.36752391174605,0.0,0.0,1.1338334852829641,3120.2069035207155,0.0,0.0,-1.0,31.564050753079645
-5.827251321097716e-08,0.002912545679282093,-0.205,302.69909352775727,0.0,0.0,1.302532269722969,3119.60993216415,0.0,0.0,-1.0,27.321923621213468
0.0011467480897399307,-0.004114938311108407,-0.205,302.63933771812043,0.0,0.0,1.1982138016274666,3119.9278963826487,0.0,0.0,-1.0,31.097989564126
-0.0005858518035870244,0.004679633846008592,-0.205,302.419155206627,0.0,0.0,1.156464990030445,3117.2892373909044,0.0,0.0,-1.0,31.630009336632536
0.005872840458657938,0.0015648203840230705,-0.205,302.27705421574035,0.0,0.0,1.005676557405085,3121.5913862228117,0.0,0.0,-1.0,34.80079050841601
-0.005182400720983756,-0.0023708239225849153,-0.205,302.2088554744068,0.0,0.0,1.0510577892664121,3116.7546020218124,0.0,0.0,-1.0,32.26172431261557
-0.0004842726024082451,-0.003212999722691882,-0.205,302.8927167544626,0.0,0.0,1.2800111745601226,3116.129065309253,0.0,0.0,-1.0,29.62185632500931
0.0033791904532791037,0.005401368465398795,-0.205,302.18874288001825,0.0,0.0,0.9687010130739585,3120.7292341775583,0.0,0.0,-1.0,34.27554335615362
-0.005091761483100044,-0.0036564954274757506,-0.205,302.0788091833836,0.0,0.0,0.98181013888254,3122.2952728545965,0.0,0.0,-1.0,35.54241017687463
0.0023599373049908077,-0.004639784769620466,-0.205,302.39963044533994,0.0,0.0,1.1062239630047714,3119.280869648825,0.0,0.0,-1.0,32.642325674286894
0.0027011371426854097,8.6587504146151e-05,-0.205,302.7065498321839,0.0,0.0,1.3154516794886857,3120.6133522899268,0.0,0.0,-1.0,29.823616633431357
0.00208964810474509,-0.0036833680065950676,-0.205,302.4836793619776,0.0,0.0,1.2015130257928675,3118.1572033797474,0.0,0.0,-1.0,33.13683252376423
0.0007651334181668659,-0.0027727435059625794,-0.205,302.7651427323682,0.0,0.0,1.3048192277356148,3118.6932484216513,0.0,0.0,-1.0,28.827309949404537
0.006298935580436528,0.000681048464903924,-0.205,302.1768906496834,0.0,0.0,0.9732776238466064,3115.409461101877,0.0,0.0,-1.0,32.73518035899664
0.002666285582733927,0.00540003662091148,-0.205,302.2289214825372,0.0,0.0,1.012468656149022,3121.499757892564,0.0,0.0,-1.0,35.01985737326922
-0.0019502629620663486,-0.0046415969777676615,-0.205,302.3993084938596,0.0,0.0,1.1242672796421922,3121.818220301553,0.0,0.0,-1.0,32.42099310805737
0.0017450538521716348,0.0035854062084867736,-0.205,302.60103245954804,0.0,0.0,1.222956901154103,3115.235418445202,0.0,0.0,-1.0,32.020311542679565
0.003822015282303875,-0.0034793326244014146,-0.205,302.2939339870455,0.0,0.0,1.1101737219322214,3117.1655928176688,0.0,0.0,-1.0,31.692883827634606
0.0004582591170095776,-0.006328664373856171,-0.205,302.16502958155127,0.0,0.0,0.9720498785438035,3122.4723442701306,0.0,0.0,-1.0,34.623860553405315
-0.0004148724988619096,-0.004677216420943719,-0.205,302.51929466704246,0.0,0.0,1.1584804888990914,3119.0188629597,0.0,0.0,-1.0,33.66464268411584
-0.004074640502864059,-0.0032644208863165177,-0.205,302.304275501141,0.0,0.0,1.1045532866363068,3122.5245479433993,0.0,0.0,-1.0,32.21350677730846
-0.003065689945491728,-0.00142750404734262,-0.205,302.58179690348067,0.0,0.0,1.270547301434269,3119.4675207931527,0.0,0.0,-1.0,30.902119373244656
0.0032926555974652225,0.0037736784569950177,-0.205,302.4276585263293,0.0,0.0,1.1270139373071932,3122.2819681340966,0.0,0.0,-1.0,33.418274423623096
-0.00040365210571906935,-0.0062582293555208165,-0.205,302.24896996486166,0.0,0.0,0.9814828272622388,3119.116446694675,0.0,0.0,-1.0,35.041767443105336
-0.0030630358364323986,-0.005387800517172659,-0.205,302.24333790929865,0.0,0.0,0.990766677285233,3120.4485549343644,0.0,0.0,-1.0,34.86246723791329
-0.0018471315162034015,0.005653671183592253,-0.205,302.20618303567045,0.0,0.0,1.0215446283489824,3116.9639631949003,0.0,0.0,-1.0,34.114626981224305
-0.002547021935657968,0.0046204268096462124,-0.205,302.3416468905089,0.0,0.0,1.0986201917707192,3120.3939784586432,0.0,0.0,-1.0,31.8559647898462
-0.0003995636351494826,0.0032489238690774323,-0.205,302.57043744259425,0.0,0.0,1.2783138183253788,3120.5761337303807,0.0,0.0,-1.0,29.571080713117702
0.002677546303007619,-0.0008352985829918849,-0.205,302.7118631362176,0.0,0.0,1.3092680653187068,3119.365966445518,0.0,0.0,-1.0,29.631537904092916
0.002735100585104007,-0.005886075058828781,-0.205,302.1058856821334,0.0,0.0,0.9532425928688966,3124.558651052176,0.0,0.0,-1.0,35.591185921157454
0.0036040990896044085,-0.0029413585847311652,-0.205,302.4211595663906,0.0,0.0,1.16272149694235,3122.1192057972657,0.0,0.0,-1.0,32.8342813891982
0.0035400483893980234,0.004023607886785148,-0.205,302.42866554517474,0.0,0.0,1.089517282882956,3119.840199251308,0.0,0.0,-1.0,33.67401283417317
0.0011837213452697388,0.001853580132278706,-0.205,302.8972260657006,0.0,0.0,1.3428408020449383,3118.05916390871,0.0,0.0,-1.0,28.85056258041082
-0.004251713039673765,-0.0013956702994667935,-0.205,302.4613560133209,0.0,0.0,1.1795877654384754,3119.267323859403,0.0,0.0,-1.0,32.916482717721415
-0.004659051851216531,0.00288744823102687,-0.205,302.4605432252999,0.0,0.0,1.0759484003247464,3118.2626854267255,0.0,0.0,-1.0,32.58964179906918
0.0021514065997656068,-0.004839453091437305,-0.205,302.4791336855885,0.0,0.0,1.0964277705502292,3124.8718379618167,0.0,0.0,-1.0,32.68168411731344
-0.0016354093218703392,0.0044497847652347116,-0.205,302.3954033620538,0.0,0.0,1.1540424997040013,3119.0363002965514,0.0,0.0,-1.0,32.01403644030912
0.0015650724398865177,0.0045861329786004825,-0.205,302.40703850591746,0.0,0.0,1.1435857536826577,3115.960655562189,0.0,0.0,-1.0,33.779422919004574
0.005524898594028431,0.00014499845392404993,-0.205,302.3729903394941,0.0,0.0,1.0708128264571182,3122.32171353505,0.0,0.0,-1.0,32.26524441930001
-0.0029587404652466755,-0.00291001921208416,-0.205,302.4752001973477,0.0,0.0,1.2090012199350009,3117.287964068128,0.0,0.0,-1.0,31.3894079494209
0.001692329633252929,0.0035179036586900597,-0.205,302.6010740384438,0.0,0.0,1.2299532942760854,3120.975810990875,0.0,0.0,-1.0,29.703104356638566
0.0015469140943859677,0.004363328175584877,-0.205,302.3942454911221,0.0,0.0,1.1649046499658657,3123.204422225581,0.0,0.0,-1.0,33.807883834059986
-0.002297024269459647,-0.0007838137509306003,-0.205,302.7575085149952,0.0,0.0,1.3310712963897873,3119.302469033851,0.0,0.0,-1.0,29.72788567388424
0.003875937551197695,-0.004521004791500672,-0.205,302.16557841141275,0.0,0.0,1.0206657317492744,3119.2361258003384,0.0,0.0,-1.0,33.97788431881177
0.006083914317611725,0.0017686354245148432,-0.205,302.1646944505678,0.0,0.0,0.9732607760602926,3119.1615725191696,0.0,0.0,-1.0,35.894015464850234
0.003241308409725465,-0.0028955354775023934,-0.205,302.40885112304386,0.0,0.0,1.1914705039587359,3119.3823126961775,0.0,0.0,-1.0,31.48721846387243
0.002173704249623442,-0.0024293491865480746,-0.205,302.7254887696573,0.0,0.0,1.2792680518408523,3114.431499312166,0.0,0.0,-1.0,29.115224099580715
-0.002342465446703117,0.0007789720393815387,-0.205,302.8190847498785,0.0,0.0,1.3288137650019884,3121.1548142440747,0.0,0.0,-1.0,28.84609039021554
0.0011238399237628216,-0.0009638846092911891,-0.205,302.7955296102837,0.0,0.0,1.3730500449950291,3121.8219765456806,0.0,0.0,-1.0,26.438807473048072
0.0035157336223353808,0.003379801831038137,-0.205,302.4977815703498,0.0,0.0,1.1404604000059426,3120.0153798986744,0.0,0.0,-1.0,32.934991763580086
-0.0044785863514999955,-0.003992634354776721,-0.205,302.1691712177423,0.0,0.0,1.0152160027786326,3117.66139805806,0.0,0.0,-1.0,35.261352925305516
-0.00425571284159906,0.001483644638795158,-0.205,302.54460321404724,0.0,0.0,1.1765843223480221,3120.7987376573574,0.0,0.0,-1.0,33.83354025770616
0.0044966104772600725,-0.003365870658779416,-0.205,302.2328443859643,0.0,0.0,1.060551724360561,3121.583143902511,0.0,0.0,-1.0,32.72835826606031
-0.004744218240151524,-0.004194079242957704,-0.205,302.1382903696098,0.0,0.0,0.9737069428042762,3118.9791887443594,0.0,0.0,-1.0,35.12283617470016
-0.003281342119383439,-0.005028274541515992,-0.205,302.2051661166825,0.0,0.0,1.0146891518152854,3116.6063506605124,0.0,0.0,-1.0,35.179274777859234
-0.0038414411652087123,0.00473911234889276,-0.205,302.2324208154026,0.0,0.0,1.0028685794460517,3119.4354668034325,0.0,0.0,-1.0,34.37532531314042
-0.0002894429978723177,-0.0063113827468722905,-0.205,302.28218309511857,0.0,0.0,0.9755309389499716,3123.8759445721007,0.0,0.0,-1.0,37.60076533232398
0.003240207481761265,0.002820284317013789,-0.205,302.6217652053956,0.0,0.0,1.1960587345176201,3120.4882361129153,0.0,0.0,-1.0,31.312639747148303
0.004266830002871831,0.00023044228914747942,-0.205,302.5424218202107,0.0,0.0,1.1980962137481617,3118.366455721223,0.0,0.0,-1.0,31.678117880051964
3.715510975363884e-05,-0.003863278208518874,-0.205,302.74016150252163,0.0,0.0,1.2332763662889208,3120.2982643495548,0.0,0.0,-1.0,32.815920566869835
-0.002734471929875607,0.004771683258323373,-0.205,302.3139190568676,0.0,0.0,1.073877134412445,3120.9016326266997,0.0,0.0,-1.0,32.316688502616266
-0.00016240929995017263,-0.00614720927688486,-0.205,302.2923671806191,0.0,0.0,0.9968016735953765,3118.4040759738455,0.0,0.0,-1.0,33.91409233040865
-0.0021080980312493383,-0.005132196408843849,-0.205,302.27623923041807,0.0,0.0,1.0683767549836316,3121.0326045484876,0.0,0.0,-1.0,33.9096084211507
8.7337279311322e-05,0.002374130382127743,-0.205,302.73315571816795,0.0,0.0,1.3338150457332627,3119.557898035695,0.0,0.0,-1.0,27.543548919689126
-0.0024246503262218898,-0.004262263845173649,-0.205,302.4177209584477,0.0,0.0,1.1377410682580438,3120.360288379088,0.0,0.0,-1.0,33.074290380630636
0.0009101449218862568,0.001461942546079528,-0.205,302.9053914926466,0.0,0.0,1.3640867163287884,3121.0684782640055,0.0,0.0,-1.0,28.015100294877282
-0.0024495294852624025,0.0029835928011114525,-0.205,302.6773399051003,0.0,0.0,1.233534001296413,3119.604685193068,0.0,0.0,-1.0,32.86691755921851
-0.003043483617080373,0.003264704984057291,-0.205,302.55771781142795,0.0,0.0,1.1806740076220137,3119.6416189734578,0.0,0.0,-1.0,33.05571568891818
0.004738068784513934,-0.002301156527625979,-0.205,302.3227840685797,0.0,0.0,1.099556760404831,3120.216725111216,0.0,0.0,-1.0,31.774296564892563
-0.001772860909604572,-0.004648829672485437,-0.205,302.50702263804754,0.0,0.0,1.1304020166068915,3120.645101036352,0.0,0.0,-1.0,31.618930585634615
-0.0017183321366241414,-0.0015480261461593033,-0.205,302.69416172503935,0.0,0.0,1.3371065407071987,3118.9966341492263,0.0,0.0,-1.0,30.158923341802222
-0.0007669985758175155,-0.004425897484539306,-0.205,302.58815045484806,0.0,0.0,1.1779997604692516,3116.896520584248,0.0,0.0,-1.0,32.827927887399134
-0.000713862763506902,-0.003750128447387898,-0.205,302.6822040024869,0.0,0.0,1.2370268917943206,3118.682481720921,0.0,0.0,-1.0,31.07892545518193
0.004832585948780929,0.0018508316029470936,-0.205,302.44867817318254,0.0,0.0,1.1094944516085892,3120.4238745811017,0.0,0.0,-1.0,33.98314828959272
0.004990962008592798,0.0002787186959380639,-0.205,302.429118642897,0.0,0.0,1.1279946670602723,3122.9004835173923,0.0,0.0,-1.0,31.85768166386597
0.002334393078835226,0.0007695642235424656,-0.205,302.87762913061243,0.0,0.0,1.329394524586005,3117.3670834450054,0.0,0.0,-1.0,28.04342838528908
0.005806427331030892,-0.0028493177271578093,-0.205,302.0778598201943,0.0,0.0,0.9561995214720311,3122.3106839794227,0.0,0.0,-1.0,33.33807757353173
-0.0050815550323806205,-0.0006751305360183879,-0.205,302.40143364318493,0.0,0.0,1.1146647856088956,3119.3700291420755,0.0,0.0,-1.0,30.869605871631617
-0.0021851980621338343,0.0021626901011533813,-0.205,302.72061732732163,0.0,0.0,1.2919800206952803,3117.0670443890613,0.0,0.0,-1.0,27.779491937331592
-0.001534854448543639,-0.002624618054410626,-0.205,302.7148661043845,0.0,0.0,1.2942385626488893,3118.4286481831177,0.0,0.0,-1.0,29.428307605125298
0.00110139173614449,0.003684460081040776,-0.205,302.5717030025468,0.0,0.0,1.2347409504580558,3118.790929629889,0.0,0.0,-1.0,30.886207606419994
-0.0052930516905617345,0.0005136948791819954,-0.205,302.4718323966708,0.0,0.0,1.0940488174486738,3123.4383807540553,0.0,0.0,-1.0,32.79242099618623
0.0020901711817036322,-0.0027388118728960847,-0.205,302.62384114198676,0.0,0.0,1.2658880264107886,3122.0275349846675,0.0,0.0,-1.0,31.420024155717737
0.0022135380793448585,0.003947165534998626,-0.205,302.48296092049225,0.0,0.0,1.1748336937726416,3117.6789026239,0.0,0.0,-1.0,30.33722633390911
-0.00427207228873362,0.0028222740240300206,-0.205,302.4607775532134,0.0,0.0,1.1153061377639109,3121.284981310213,0.0,0.0,-1.0,33.86621115228679
0.006015133586657163,-0.0005573559425365129,-0.205,302.2071314631851,0.0,0.0,1.0102053982902506,3116.7270410913234,0.0,0.0,-1.0,35.81895177127347
-0.0013217102264590636,-0.0023230503302579413,-0.205,302.741399710179,0.0,0.0,1.3172139766296778,3121.4447369642216,0.0,0.0,-1.0,28.436993116934392
0.004072195046386968,-0.0024383909108018336,-0.205,302.33475549541964,0.0,0.0,1.1534876310793722,3119.3844100881333,0.0,0.0,-1.0,30.935408485404338
0.005512979580407935,-0.0010533009649733125,-0.205,302.3275725003084,0.0,0.0,1.0610240217423703,3120.178697189996,0.0,0.0,-1.0,32.78828508532792
0.0053836486866637775,0.0030853099047483505,-0.205,302.31485407157413,0.0,0.0,0.9898332557639492,3122.0398477220183,0.0,0.0,-1.0,34.93250793145312
0.004284807536652529,0.0029867515574626816,-0.205,302.45388172505307,0.0,0.0,1.1043358123889262,3118.6290615607963,0.0,0.0,-1.0,33.15767666694534
-0.003944976427054396,0.0014672161624138364,-0.205,302.62781434121865,0.0,0.0,1.2038086613985384,3117.828223795578,0.0,0.0,-1.0,31.535154050767947
0.0006470684121868885,-0.0034118044440510638,-0.205,302.74220540921624,0.0,0.0,1.2638580299387534,3122.023246364364,0.0,0.0,-1.0,31.00188693097904
0.0022070579896848407,-0.0037698639528582273,-0.205,302.5465265238103,0.0,0.0,1.1894493898442666,3123.418095116585,0.0,0.0,-1.0,31.33455758475897
0.00440937723004926,-0.0016184105184055267,-0.205,302.4617962055337,0.0,0.0,1.1583411761066837,3120.6748890045296,0.0,0.0,-1.0,33.478493893889556
-0.0018660616133464292,-0.0010088552702302678,-0.205,302.6920275569367,0.0,0.0,1.3466306119253222,3117.7558152356373,0.0,0.0,-1.0,30.002936810942792
-0.002963630130712451,-0.002114441220362583,-0.205,302.5932397015746,0.0,0.0,1.2510737781708838,3115.794270823102,0.0,0.0,-1.0,30.33690013414209
-0.0059115171067008025,-8.21155759975429e-05,-0.205,302.2810662056145,0.0,0.0,1.0258461281401776,3120.452303348474,0.0,0.0,-1.0,34.354676185670364
-0.0019016869100194765,-0.000399104140096225,-0.205,302.7767393676359,0.0,0.0,1.3548258553299795,3118.665365679672,0.0,0.0,-1.0,30.32193789980436
-0.002618028066738868,0.005293373793976576,-0.205,302.2586296689171,0.0,0.0,1.0266485372165273,3119.3984966251064,0.0,0.0,-1.0,34.664828311785456
0.004835416097848453,0.0031467309681746424,-0.205,302.39744897400504,0.0,0.0,1.0428455884832257,3119.050254014562,0.0,0.0,-1.0,33.803498419892506
-0.00036002375276269355,0.004833688877185929,-0.205,302.4077405015713,0.0,0.0,1.1434602573276982,3121.548106407891,0.0,0.0,-1.0,33.15909518481411
-0.00229212435617342,0.005692460715565704,-0.205,302.2704254426163,0.0,0.0,0.9983882587001094,3119.432050286155,0.0,0.0,-1.0,33.99265534798857
-0.0005957168700846408,-0.0033541973644175714,-0.205,302.72037168622103,0.0,0.0,1.2687274387217438,3120.3343991852757,0.0,0.0,-1.0,31.23589342048433
0.0014812637228000449,-0.0025537648619845007,-0.205,302.7774065125846,0.0,0.0,1.2999914255828504,3120.41949886932,0.0,0.0,-1.0,29.84926511530857
0.0035386594392821918,-0.0010238226104526949,-0.205,302.587920145789,0.0,0.0,1.2476988007529184,3119.4374176756396,0.0,0.0,-1.0,29.797218329089727
-0.005429784881354622,-0.00042703199488636396,-0.205,302.337611436795,0.0,0.0,1.0798351418267667,3119.941639420117,0.0,0.0,-1.0,34.72590584741805
0.003513812143457621,0.0023703392816274826,-0.205,302.63815622407594,0.0,0.0,1.2011812597744735,3122.7413979820362,0.0,0.0,-1.0,31.262323224355047
0.0006810004304064887,-0.004260892300285276,-0.205,302.5989806583732,0.0,0.0,1.1943160564948028,3118.7198039550985,0.0,0.0,-1.0,32.498005165871355
-0.004172262343547679,0.003479702814107386,-0.205,302.4828949533019,0.0,0.0,1.0813611492541135,3120.0688816301767,0.0,0.0,-1.0,33.15107285295276
-0.001697752240610783,-0.005297646480443154,-0.205,302.39756002187306,0.0,0.0,1.0666995692719814,3120.904705661474,0.0,0.0,-1.0,34.60553643288139
0.0007742175995882241,0.00511593721192539,-0.205,302.38024098279084,0.0,0.0,1.1095690458459,3118.9250806122163,0.0,0.0,-1.0,31.51420720871595
0.00244516289934048,-0.002476382213054391,-0.205,302.5793472550781,0.0,0.0,1.26329841959539,3121.593959104443,0.0,0.0,-1.0,28.416782861527608
0.0006573743309062485,-0.003999287829892572,-0.205,302.646886470452,0.0,0.0,1.2173965326226024,3120.3897793982296,0.0,0.0,-1.0,30.37134943237161
0.004567169599868038,-0.0038449174010493836,-0.205,302.2358275362477,0.0,0.0,1.0188362833531914,3121.2232812188317,0.0,0.0,-1.0,35.45770764624753
0.003647986096059627,-0.0015464609474059989,-0.205,302.56091446268266,0.0,0.0,1.2250837865326452,3119.435110249617,0.0,0.0,-1.0,31.32753059945694
-0.0006889457143937971,0.0027241004217368275,-0.205,302.651699505747,0.0,0.0,1.3089570203542564,3120.340858274703,0.0,0.0,-1.0,29.931976419473795
0.003579474275308755,0.002867443339373289,-0.205,302.6251540184912,0.0,0.0,1.1690407152422557,3121.071561523267,0.0,0.0,-1.0,30.192764474233346
0.001976364865929525,-0.004980075948603024,-0.205,302.40214258162615,0.0,0.0,1.0896629956125663,3118.050120894738,0.0,0.0,-1.0,34.44988588848304
0.004635913371420861,-0.0037827804638768943,-0.205,302.164794219662,0.0,0.0,1.0172242390617214,3125.0841705405214,0.0,0.0,-1.0,35.10997311326348
-0.0031894377068915625,0.004874339593385699,-0.205,302.2889617910061,0.0,0.0,1.0362374662336993,3122.24265497907,0.0,0.0,-1.0,32.622181989521664
0.001406720181372311,0.0005580536759789784,-0.205,303.06320917197405,0.0,0.0,1.3719044335826958,3117.2871320184577,0.0,0.0,-1.0,27.188462227282987
0.0023201081188865325,-0.004425316308399347,-0.205,302.3831697829143,0.0,0.0,1.128212459588856,3116.305303549543,0.0,0.0,-1.0,32.1526337951618
-0.0010290700543247547,-0.002251428687760758,-0.205,302.8779132711877,0.0,0.0,1.3284367886954818,3120.828923100584,0.0,0.0,-1.0,27.728409680444194
0.0018107740309614504,0.005137352289267411,-0.205,302.32266400801916,0.0,0.0,1.079769820328345,3123.6161546314834,0.0,0.0,-1.0,34.46968800327667
0.003818697592616843,-0.0005577464764220183,-0.205,302.5730293793036,0.0,0.0,1.2336240814586914,3119.2240395527197,0.0,0.0,-1.0,32.231825522015505
0.0024861669123395127,-0.00029481054508020423,-0.205,302.7968067411637,0.0,0.0,1.326884210983573,3119.2701488460834,0.0,0.0,-1.0,27.39588649545317
-0.0025736701661011174,0.0056556505222104805,-0.205,302.17235632894904,0.0,0.0,0.9887469159278974,3118.1006320102765,0.0,0.0,-1.0,34.68474179047982
0.004356842215329779,-0.0023111319600742615,-0.205,302.32704783553226,0.0,0.0,1.1348657768874069,3119.571802383691,0.0,0.0,-1.0,33.220040058180565
-0.00469355825287104,-0.0005978001057353171,-0.205,302.455149340442,0.0,0.0,1.1549605264783016,3118.318292090642,0.0,0.0,-1.0,32.9635756887084
0.004893125104839721,-0.0015682404016766933,-0.205,302.2633730000941,0.0,0.0,1.1133853252538302,3122.7027101113013,0.0,0.0,-1.0,33.859583526280794
0.0022165886036948105,0.001298248544370146,-0.205,302.84806401450425,0.0,0.0,1.3232233785969112,3120.4103904817507,0.0,0.0,-1.0,29.05009853654052
-0.0007749739053836118,-0.006278416901356066,-0.205,302.1565589307182,0.0,0.0,0.9745028824356149,3119.621211006572,0.0,0.0,-1.0,36.208494895337914
0.0022677118609716156,-0.0049617959024538215,-0.205,302.4045638808949,0.0,0.0,1.0788405161909642,3119.2606956403497,0.0,0.0,-1.0,33.11156816120532
0.0029411544386333238,0.0018037195348639793,-0.205,302.748457143596,0.0,0.0,1.2655243182368179,3124.836154448661,0.0,0.0,-1.0,30.832138148528625
-0.003027449417551755,-0.0030974448319936124,-0.205,302.56532901249,0.0,0.0,1.1928402636136988,3119.702136340158,0.0,0.0,-1.0,30.741893242350717
0.004499060638808646,-0.002043016136775291,-0.205,302.35797392614245,0.0,0.0,1.1339125887377537,3119.7416578121743,0.0,0.0,-1.0,31.877799591167868
0.0007410391130279578,-0.0029699892757224346,-0.205,302.7786309306972,0.0,0.0,1.292874180169742,3121.448985387744,0.0,0.0,-1.0,29.819230854121106
-0.0022515707527771653,0.00257186916874881,-0.205,302.7443594827682,0.0,0.0,1.26788336661199,3119.784777738993,0.0,0.0,-1.0,29.698299685422043
-0.0025543479976204543,-0.005508288352746432,-0.205,302.2501671320458,0.0,0.0,1.0064167400247415,3115.0449414135446,0.0,0.0,-1.0,34.5132270174967
-0.0052929012145548505,-0.001035327107083978,-0.205,302.2803787237111,0.0,0.0,1.0857665285573055,3122.142290169633,0.0,0.0,-1.0,33.57163077739869
-0.0006532432299732969,-0.003919489577508332,-0.205,302.6592389914538,0.0,0.0,1.2241336285374822,3118.3857958918397,0.0,0.0,-1.0,32.07040752151018
0.00037639968184403005,-0.005010555397655414,-0.205,302.46326275500843,0.0,0.0,1.1253070470136424,3116.6530718509675,0.0,0.0,-1.0,31.75676498156834
-0.0020368937142226764,0.002710712468473648,-0.205,302.661407171778,0.0,0.0,1.2698949110309106,3117.2626276851,0.0,0.0,-1.0,32.340808313154504
-0.004095409635563832,0.004514716177515825,-0.205,302.2943941910799,0.0,0.0,1.0034851034371715,3120.4318425975443,0.0,0.0,-1.0,34.38228068020869
-0.005378406744922821,-0.0014086761813922157,-0.205,302.3086796315063,0.0,0.0,1.0670657944184663,3121.6905865488957,0.0,0.0,-1.0,33.06054829650389
1.099991799665717e-05,0.003316187473347056,-0.205,302.5799888622484,0.0,0.0,1.2752727298267292,3119.466210043983,0.0,0.0,-1.0,32.310995524383905
-0.0014031955037184709,0.0037390679078467743,-0.205,302.5047245117278,0.0,0.0,1.222436134165276,3123.3316224833493,0.0,0.0,-1.0,30.987662157130927
-0.005153159624826694,0.00025177133522135607,-0.205,302.3222284969427,0.0,0.0,1.111154137256159,3122.2571171944037,0.0,0.0,-1.0,33.14317576867944
-0.0008068636082596836,0.0017744005032432548,-0.205,302.791782772561,0.0,0.0,1.3545550542705003,3119.850929407782,0.0,0.0,-1.0,28.454107101796758
0.0001112427286642627,-0.004196504798841028,-0.205,302.57948790840095,0.0,0.0,1.204782328340535,3121.1243873137305,0.0,0.0,-1.0,31.06022836367457
-0.00023937249192885666,-0.004896499830373301,-0.205,302.5227162497581,0.0,0.0,1.1378738243066115,3119.9644320068132,0.0,0.0,-1.0,33.52489689869911
-0.005699693245610215,-0.0028130447217340694,-0.205,302.08570175171127,0.0,0.0,0.9706592490701321,3116.7567468486754,0.0,0.0,-1.0,34.34513728629601
0.002284869991545111,0.000191552920711263,-0.205,302.77551768476087,0.0,0.0,1.3381315700718144,3121.588622185502,0.0,0.0,-1.0,27.961693535345646
0.000410405799961054,0.001436420878828024,-0.205,302.9065231881452,0.0,0.0,1.3725871835173156,3120.146938222425,0.0,0.0,-1.0,27.43871344338598
0.0010228940100634456,-0.0036250682564544566,-0.205,302.6066110163995,0.0,0.0,1.2411265815480588,3120.1113186658213,0.0,0.0,-1.0,29.81582344235434
-0.0046491927563613,-1.0210015407201916e-05,-0.205,302.4031474200471,0.0,0.0,1.1629925618948491,3120.249632894306,0.0,0.0,-1.0,32.68408234780627
-0.004516921764044347,-0.004009729248437183,-0.205,302.2191393581588,0.0,0.0,1.0103268319978715,3122.6918502943495,0.0,0.0,-1.0,35.010310392363195
0.004850116622174621,-0.0017862351236478163,-0.205,302.30892221321295,0.0,0.0,1.1101663953919674,3121.5593460118225,0.0,0.0,-1.0,33.90986991631402
0.005114061637732785,-0.0036200370084758468,-0.205,302.10097115406217,0.0,0.0,0.9821912872685833,3119.807901280444,0.0,0.0,-1.0,34.66168796171566
0.005411329972728506,-0.0033987862283908175,-0.205,302.03993117338774,0.0,0.0,0.966273569070146,3120.03663718379,0.0,0.0,-1.0,34.85943433673759
-0.0011496361143981467,-0.003255899379083365,-0.205,302.67342555967224,0.0,0.0,1.2653230965806979,3118.109465168026,0.0,0.0,-1.0,32.57254956693696
-0.002677630458953219,0.005179676393553715,-0.205,302.28616362741,0.0,0.0,1.0355546039682644,3118.571498001683,0.0,0.0,-1.0,33.76922857804448
-0.0037568358970061703,-0.0006969464296942284,-0.205,302.60866800020534,0.0,0.0,1.2367455076966656,3117.4885943888285,0.0,0.0,-1.0,29.966835804151458
-0.005463910759046585,0.0024913998586298565,-0.205,302.364140688124,0.0,0.0,1.0145810870279897,3117.2797713441305,0.0,0.0,-1.0,33.67948570125328
-0.003623081355377703,0.004130985161122369,-0.205,302.33716124487813,0.0,0.0,1.0744358295230587,3117.826650252481,0.0,0.0,-1.0,33.97752893226632
-0.005070446544442588,0.0032892025806304393,-0.205,302.29940841119765,0.0,0.0,1.0098420879526095,3118.372971847895,0.0,0.0,-1.0,34.74557600033831
0.0015898721743723826,-0.0059555348047444735,-0.205,302.24980622640743,0.0,0.0,0.9949631091233311,3119.4496741125804,0.0,0.0,-1.0,32.68680732995275
-0.005063146720962268,0.0007538887369078055,-0.205,302.4528854255994,0.0,0.0,1.115430241715268,3119.8703827187906,0.0,0.0,-1.0,31.807653368172684
-0.0008044528375415192,-0.0016942306708258885,-0.205,302.85962668328597,0.0,0.0,1.357765019155756,3117.9050724691615,0.0,0.0,-1.0,27.645896518360985
-0.004862120273013889,0.0015461961736511788,-0.205,302.4736686464766,0.0,0.0,1.1172139809970876,3118.4221792728317,0.0,0.0,-1.0,32.84482718508137
-0.0030504527846237643,0.004972744467582596,-0.205,302.33038047210897,0.0,0.0,1.0352012761124774,3122.643740309925,0.0,0.0,-1.0,34.43999591739014
0.00457584515129878,0.0037700213079692527,-0.205,302.2900737174606,0.0,0.0,1.0238263589696246,3118.285233832567,0.0,0.0,-1.0,33.427713814703374
0.0003650360655245688,-0.0010393330976394687,-0.205,302.962348478517,0.0,0.0,1.384633732192923,3118.252139473928,0.0,0.0,-1.0,26.604319027823713
0.003983034885086293,-0.003007025937971972,-0.205,302.36383378831334,0.0,0.0,1.128828397603479,3126.821135274418,0.0,0.0,-1.0,33.080196603791954
