x,y,z,T,u,v,w,p,nx,ny,nz,qn
0.015003872349463186,-0.003337990256815558,0.205,280.3679926762861,0.0,0.0,-0.992060594611047,1452.466149637968,0.0,0.0,1.0,-31.03528603407854
0.013439985784087808,0.01040642769502399,0.205,280.1961610000877,0.0,0.0,-0.9522693761337491,1455.5338473861243,0.0,0.0,1.0,-30.275874874224613
-0.010237944318816847,0.0066590815924986715,0.205,280.55715512076847,0.0,0.0,-0.9737719245308338,1452.420879520162,0.0,0.0,1.0,-34.87231174845052
-0.00045456104580374277,-0.009280635110042164,0.205,280.65329852281684,0.0,0.0,-0.8445947834759263,1455.585875920935,0.0,0.0,1.0,-36.900109106221166
0.009716508212295622,0.01043723017972053,0.205,280.38602643253085,0.0,0.0,-0.9999993735885866,1453.082723185328,0.0,0.0,1.0,-33.860991219369005
-0.0075240782767514135,0.014030165378813263,0.205,280.205878493137,0.0,0.0,-0.9823631312743835,1452.4659596409822,0.0,0.0,1.0,-31.40733264983994
0.0017153969389782726,0.012867420365904738,0.205,280.4737874020548,0.0,0.0,-0.989824486688103,1456.5681452565,0.0,0.0,1.0,-37.602913523368365
-0.012980498170781478,-0.008450335833097056,0.205,280.3334204151225,0.0,0.0,-0.9902997948985897,1455.9737619266443,0.0,0.0,1.0,-30.87841510184679
0.006065273436913418,-0.01722373567355521,0.205,280.02920424835185,0.0,0.0,-0.8983282642165321,1454.2098559773149,0.0,0.0,1.0,-30.17716692841333
0.007278995677486288,-0.006150341169976211,0.205,280.7388385926868,0.0,0.0,-0.8591375467304967,1454.0978493197938,0.0,0.0,1.0,-36.68063032297195
0.007574901545420976,0.01367351097346178,0.205,280.18545213697683,0.0,0.0,-0.9879352792960101,1456.323688579337,0.0,0.0,1.0,-33.22203151649524
0.0005772161108006687,-0.010284991838161135,0.205,280.5066938220934,0.0,0.0,-0.9014297040724378,1452.9850778404707,0.0,0.0,1.0,-39.00063060760131
-0.009851161570114501,0.000632771505956655,0.205,280.7414302963518,0.0,0.0,-0.8788094876278616,1453.9364483650907,0.0,0.0,1.0,-38.47170704080053
-0.00022237853148452134,-0.011004831295420849,0.205,280.4674730218586,0.0,0.0,-0.933521130177913,1452.7859007229322,0.0,0.0,1.0,-38.291352352678885
0.007735128983456387,0.014148331362488546,0.205,280.20326230365146,0.0,0.0,-0.9777824363508096,1455.7302386344631,0.0,0.0,1.0,-31.041042990031983
0.016905025080402484,-0.0004977071480551108,0.205,280.2551622036111,0.0,0.0,-0.9551935102902691,1457.0426318966854,0.0,0.0,1.0,-33.51843639577916
0.019408942959356686,-0.001520294859999671,0.205,280.2091296715169,0.0,0.0,-0.827858999855487,1457.336219410358,0.0,0.0,1.0,-28.957843071571933
-0.009019000387128483,-0.0010512782751911085,0.205,280.791483684229,0.0,0.0,-0.831041125908235,1458.1235376966422,0.0,0.0,1.0,-35.60805184737004
0.0019850730067392654,-0.015622292250402457,0.205,280.16871726228567,0.0,0.0,-0.9858166287386969,1453.724424384531,0.0,0.0,1.0,-29.761496642267463
0.007104030742940191,-0.015479947957883109,0.205,280.1743575124739,0.0,0.0,-0.9510684283027875,1454.7706054522212,0.0,0.0,1.0,-29.702454310472074
-0.009607340358793275,-0.0038221153580077992,0.205,280.75853185899854,0.0,0.0,-0.9033439484078798,1453.168901782515,0.0,0.0,1.0,-36.22222558481047
0.007602134947946271,-0.004913336519935229,0.205,280.75462551416433,0.0,0.0,-0.8291823532320781,1456.6927720712295,0.0,0.0,1.0,-37.126001295145194
0.006321352835778772,0.01896818814311655,0.205,279.94897405012915,0.0,0.0,-0.7914511516525417,1456.5465020079353,0.0,0.0,1.0,-29.211324492914862
-0.015890870719326797,0.0038917492349588075,0.205,280.3252498861691,0.0,0.0,-0.9718437168715849,1452.3340707255193,0.0,0.0,1.0,-29.652643840790137
-0.00047343090723049873,0.015836153434359748,0.205,280.1410571064222,0.0,0.0,-0.9839540001621473,1452.887713804823,0.0,0.0,1.0,-30.28964022541011
-0.009060803921136503,-0.00789449768114397,0.205,280.59846809819857,0.0,0.0,-0.9684951024746129,1454.7994789248278,0.0,0.0,1.0,-35.802463042035576
0.010089919063000495,0.004387891014047724,0.205,280.59982766031845,0.0,0.0,-0.9333427246243868,1452.2429646615553,0.0,0.0,1.0,-36.49131651423207
-0.01253651036390246,0.004579674996634026,0.205,280.4730551860031,0.0,0.0,-0.9948434121048808,1455.9384385480062,0.0,0.0,1.0,-34.03377661236679
0.004735746288879161,0.010828381946211375,0.205,280.4893892119933,0.0,0.0,-0.9626323682611144,1453.391353743651,0.0,0.0,1.0,-34.661428354740835
0.0028002301473993027,0.014440620653549454,0.205,280.1916296829976,0.0,0.0,-0.9986646301311701,1454.4775140293912,0.0,0.0,1.0,-33.97025863138078
-0.017667399381323515,-0.005147269723176819,0.205,280.2331868541114,0.0,0.0,-0.8910285620303704,1453.5210293829246,0.0,0.0,1.0,-29.511722105569493
-0.012476401084737564,0.010542082626052444,0.205,280.2888466111469,0.0,0.0,-0.9725487701683031,1454.1246105628984,0.0,0.0,1.0,-32.28606910900753
0.014459388119033861,0.003904589374720345,0.205,280.3897484088012,0.0,0.0,-0.9966561556658431,1458.0184702906067,0.0,0.0,1.0,-31.54670111236658
-0.011297278797186833,0.0072438702738592264,0.205,280.4717568415979,0.0,0.0,-0.9956474678699141,1456.376076186341,0.0,0.0,1.0,-33.06815145586538
0.009639697937754304,-0.006984322339087994,0.205,280.4657439133395,0.0,0.0,-0.9652081754440069,1455.831898604374,0.0,0.0,1.0,-36.11173293072645
-0.0013168905657238413,0.015068069700411378,0.205,280.2427953440262,0.0,0.0,-0.9951546111332115,1456.828660034588,0.0,0.0,1.0,-32.06364163343863
-0.011508450007354504,-0.011459099987546724,0.205,280.2180932706433,0.0,0.0,-0.9749529930951135,1455.337956007267,0.0,0.0,1.0,-28.405173260216387
-0.016907830401479015,-0.004979407364336842,0.205,280.187041750702,0.0,0.0,-0.9279611218693293,1455.4122565474333,0.0,0.0,1.0,-29.16672035634542
0.008281734842622922,0.011979090786589357,0.205,280.3337731271916,0.0,0.0,-0.9993800531078856,1452.7056434351216,0.0,0.0,1.0,-31.06669938796819
0.00914059637945963,-0.007319706152023949,0.205,280.5266194633557,0.0,0.0,-0.9592232773645888,1459.576684946709,0.0,0.0,1.0,-35.447660934364045
-0.011871907749423762,0.0008322852518965598,0.205,280.569505441656,0.0,0.0,-0.965121349292607,1456.8917264037627,0.0,0.0,1.0,-35.36247926234221
-0.00773442146088344,0.00674703418387782,0.205,280.74943284041285,0.0,0.0,-0.8995503682577259,1452.6542467365443,0.0,0.0,1.0,-36.567589404693464
-0.016086226479915665,-0.004104441021808717,0.205,280.2862983950991,0.0,0.0,-0.9650427344030692,1458.155812657909,0.0,0.0,1.0,-31.81810345120291
0.014182700623589607,0.00594971446149424,0.205,280.41860701406097,0.0,0.0,-0.9919265359333447,1456.0218070891958,0.0,0.0,1.0,-30.788904203791613
-0.002528548867727477,-0.012043395229520925,0.205,280.37985162947473,0.0,0.0,-0.9761100098731047,1450.9344254179016,0.0,0.0,1.0,-34.572300863740125
0.014996191064375174,0.0007090921189197818,0.205,280.3801209464941,0.0,0.0,-0.9963204170763202,1455.1863191404502,0.0,0.0,1.0,-29.811884087649343
-0.007572618979468014,0.004054324581713718,0.205,280.7756800934528,0.0,0.0,-0.7974664383924588,1455.1374363782206,0.0,0.0,1.0,-35.571512127391586
-0.0039155829344828105,0.014558505701304689,0.205,280.2651578241069,0.0,0.0,-0.9956884370114196,1457.7402578659974,0.0,0.0,1.0,-31.294442650809348
-0.009456144326547261,-0.012027846207546105,0.205,280.28359364924717,0.0,0.0,-0.9930316755296367,1456.3367690374655,0.0,0.0,1.0,-29.80998776355376
-0.012291426834496171,0.0030350281189867882,0.205,280.5127558444441,0.0,0.0,-0.9840308489815222,1452.9842839816984,0.0,0.0,1.0,-35.479024142432685
-0.012183871492231055,0.0008225313368637026,0.205,280.6008164161479,0.0,0.0,-0.9737343872075066,1455.4009419103043,0.0,0.0,1.0,-35.142961603093696
0.012003474952552126,-0.0004594414179199707,0.205,280.6288989355107,0.0,0.0,-0.9683460350377271,1452.6388624992228,0.0,0.0,1.0,-35.70272097779976
-0.006443107960734915,-0.010899931287871839,0.205,280.3624613823655,0.0,0.0,-0.9840558936799984,1458.9520773205322,0.0,0.0,1.0,-33.85296065411989
0.013809946893731625,0.013262363801812475,0.205,280.0881352566428,0.0,0.0,-0.8484142484693868,1452.6864184742415,0.0,0.0,1.0,-26.6623126316228
-0.0018518525217222509,0.011591021226363525,0.205,280.4462260893768,0.0,0.0,-0.9601119600313995,1453.8590570489966,0.0,0.0,1.0,-37.094538498189145
-0.007881448379619026,-0.01106127007429301,0.205,280.4120161424648,0.0,0.0,-0.9971786973979884,1455.9996959403957,0.0,0.0,1.0,-34.8044702973247
-0.003969776408284532,0.0165662664102343,0.205,280.10902450701207,0.0,0.0,-0.9509607145404555,1455.619150603984,0.0,0.0,1.0,-30.614625596200273
4.5106345755852556e-05,-0.01533878057278493,0.205,280.142221772114,0.0,0.0,-0.9925054729734738,1454.1777091380848,0.0,0.0,1.0,-33.861513951754375
-0.00012461208318285445,0.009496458071693328,0.205,280.5487804310581,0.0,0.0,-0.8572106368042124,1452.3771785726062,0.0,0.0,1.0,-38.17825853584172
0.0035848377267051557,0.014383367151371234,0.205,280.2102713917654,0.0,0.0,-0.9979218291775558,1454.520834447769,0.0,0.0,1.0,-31.867848138262914
0.013096315143294353,-0.0021832016687214945,0.205,280.52558887866206,0.0,0.0,-0.9940158987693553,1458.8498423290682,0.0,0.0,1.0,-34.111484937254325
0.01333612392400424,-0.01134707970504872,0.205,280.18401085168483,0.0,0.0,-0.9328093120606082,1453.0503172761726,0.0,0.0,1.0,-30.253989943865083
-0.010098024393944608,-0.00968834386394503,0.205,280.5030249968792,0.0,0.0,-0.9995859623310404,1453.7139476780492,0.0,0.0,1.0,-33.84868138942532
0.004374945373709788,-0.007970608070308275,0.205,280.6695529940794,0.0,0.0,-0.8318429224321787,1456.6686670874994,0.0,0.0,1.0,-33.92588187575464
-0.0005467556845759614,-0.015534120374407613,0.205,280.1750143997158,0.0,0.0,-0.989419546773644,1455.777436253594,0.0,0.0,1.0,-32.45953060612934
0.014251382547275506,0.0007489198268999629,0.205,280.3872704454285,0.0,0.0,-0.9999971997600363,1458.3319571076142,0.0,0.0,1.0,-31.74755255613127
0.01325948364378833,0.0037135644397820237,0.205,280.5011515114311,0.0,0.0,-0.9985416996432527,1455.2097502267866,0.0,0.0,1.0,-34.68326728453306
-0.008629273878739033,-0.016773435384119215,0.205,280.06277060878983,0.0,0.0,-0.8654833092630507,1458.7919366392887,0.0,0.0,1.0,-26.664597937138996
-0.008505187922485592,-0.0009393430261115996,0.205,280.82598313767164,0.0,0.0,-0.7951161238816071,1454.8400144690481,0.0,0.0,1.0,-37.54958540402419
0.001162495190216197,-0.01366429272476417,0.205,280.3694648966625,0.0,0.0,-0.9981815490461255,1454.1907878808606,0.0,0.0,1.0,-32.34010644945798
-0.006778656980394059,-0.013499888352553446,0.205,280.3096526010885,0.0,0.0,-0.9953659832031472,1453.1229793063135,0.0,0.0,1.0,-31.482506746342395
0.01066221709972828,-0.015770173816553764,0.205,279.9855138603461,0.0,0.0,-0.855185185078433,1453.0125750600596,0.0,0.0,1.0,-27.76855999453645
0.015785071057074922,-0.011456044519306261,0.205,280.10755962566213,0.0,0.0,-0.8254960836404517,1454.5570428341332,0.0,0.0,1.0,-27.09168941930839
-0.013160367848578432,0.005549788730273794,0.205,280.39026891357224,0.0,0.0,-0.9999932418247534,1451.6589035830787,0.0,0.0,1.0,-34.435183053307966
-0.004911007464479941,0.012152181515020993,0.205,280.3943491043313,0.0,0.0,-0.9917414977324155,1452.7086866471411,0.0,0.0,1.0,-36.4634752832902
0.015906638363042812,-0.006125293379437775,0.205,280.2354542163059,0.0,0.0,-0.950608726207002,1456.2894905782198,0.0,0.0,1.0,-26.131384983671364
0.010097823353776826,0.00028014915758566857,0.205,280.7665269203398,0.0,0.0,-0.8912199951511959,1453.0339662154101,0.0,0.0,1.0,-36.498813858202816
-0.0059070877249955,0.006312957594478324,0.205,280.7430641083645,0.0,0.0,-0.8014534269485519,1457.1471840867152,0.0,0.0,1.0,-38.09780930308961
0.011750015073635697,0.004944438040249509,0.205,280.4922621156673,0.0,0.0,-0.9857381036246018,1458.0865266384624,0.0,0.0,1.0,-34.514880314274734
0.008883156038637085,-0.01376740438156384,0.205,280.1325098083432,0.0,0.0,-0.9711992719809941,1457.847090460613,0.0,0.0,1.0,-30.007893924909233
0.0019017625903102388,0.01886647002894903,0.205,279.95488267279353,0.0,0.0,-0.8596425430731862,1456.5397405459705,0.0,0.0,1.0,-30.440322837574175
-0.010843097160097142,-0.0017661664404857867,0.205,280.7312698262994,0.0,0.0,-0.9326539605241625,1454.070673152654,0.0,0.0,1.0,-36.852740829219016
-0.014132171790684125,0.008460549978360968,0.205,280.2601307032558,0.0,0.0,-0.9688131752792042,1453.5835161720233,0.0,0.0,1.0,-30.04304957763102
-0.016901929505274586,-0.0003108965533187454,0.205,280.3502835831109,0.0,0.0,-0.9554476634670779,1455.0406597207157,0.0,0.0,1.0,-30.14990063742067
-0.013361322481244222,-0.0046709837876299605,0.205,280.45249209805445,0.0,0.0,-0.9999420554124554,1450.9704425898753,0.0,0.0,1.0,-33.97915128701154
-0.017350476249749797,0.005085128699872923,0.205,280.25177219110407,0.0,0.0,-0.9072576420248697,1452.9922281056795,0.0,0.0,1.0,-28.24381295042782
0.010761209117813584,-0.004156154357535241,0.205,280.68375124540944,0.0,0.0,-0.9534350873565147,1454.114893177012,0.0,0.0,1.0,-35.137798960725476
-0.008520467725534314,-0.008267708652053007,0.205,280.4819796692852,0.0,0.0,-0.9642648217566407,1458.357125372431,0.0,0.0,1.0,-35.85385881867284
-0.014465607284856631,0.0067284808264413305,0.205,280.2527777072549,0.0,0.0,-0.9816478061105016,1455.536082755904,0.0,0.0,1.0,-31.758314565974015
-0.012445398699007527,-0.0005878881121367874,0.205,280.6572177908519,0.0,0.0,-0.9797293417690328,1457.8518948560322,0.0,0.0,1.0,-34.31064750666017
0.01872905500053768,0.006012097370756681,0.205,280.0566635434361,0.0,0.0,-0.8142769291173378,1452.5308578303323,0.0,0.0,1.0,-29.325452177860846
-0.007995422055329073,0.0168308525100106,0.205,280.0956838907374,0.0,0.0,-0.8785389806867874,1454.8007165448523,0.0,0.0,1.0,-29.554792268777316
-0.01885392068287095,0.004991362059342879,0.205,280.0560662791612,0.0,0.0,-0.825539341435678,1457.1969406575015,0.0,0.0,1.0,-27.061275676206108
-0.008657800600238746,-0.01167049112854428,0.205,280.3322995317576,0.0,0.0,-0.9994998911960107,1455.2019452612265,0.0,0.0,1.0,-32.71171043113072
0.013782930092100503,-0.0015992082592445323,0.205,280.4648236305913,0.0,0.0,-0.9991129375838633,1451.808196181405,0.0,0.0,1.0,-33.715740931861504
0.016837326508798378,-0.010692504884427394,0.205,280.10896223346833,0.0,0.0,-0.7949390675925969,1452.4739734374016,0.0,0.0,1.0,-25.891310337806992
0.012555803435131385,-0.004629037522601893,0.205,280.5439407283352,0.0,0.0,-0.9952366231535845,1456.2977984523156,0.0,0.0,1.0,-31.55144788577884
0.010172356556450235,-0.003108070778983354,0.205,280.63199289282994,0.0,0.0,-0.9174634584942878,1452.6761335124872,0.0,0.0,1.0,-34.374949709390975
0.015951932321751686,0.0051917714394159225,0.205,280.4021205593896,0.0,0.0,-0.9596802338586083,1458.2763334213894,0.0,0.0,1.0,-28.848428655031476
0.013445924364477238,-0.006778108532760582,0.205,280.3851300921754,0.0,0.0,-0.9958756314305532,1457.730520219731,0.0,0.0,1.0,-32.759526731325636
0.017259744452164348,0.0018693420327829742,0.205,280.22536971803953,0.0,0.0,-0.938832414748086,1453.7421800367604,0.0,0.0,1.0,-28.7809286803378
0.011976370963849839,-0.010294065943271024,0.205,280.27728443838737,0.0,0.0,-0.9849606581779415,1457.2711361118138,0.0,0.0,1.0,-31.429905513714647
0.017141191629415697,0.0036426299777550467,0.205,280.1526266190255,0.0,0.0,-0.9322424711719725,1456.5885057920248,0.0,0.0,1.0,-29.490711505938037
-0.012030228133467416,-0.007062754682129142,0.205,280.48494854145764,0.0,0.0,-0.9994319462024129,1453.5094684882731,0.0,0.0,1.0,-32.14689445619807
0.006717071865242382,-0.00916056944427597,0.205,280.4394229523115,0.0,0.0,-0.9471800177727123,1453.7315913561133,0.0,0.0,1.0,-37.29398438896922
0.007998782145984634,0.010244365655835443,0.205,280.42155713140454,0.0,0.0,-0.9900787787866049,1454.1621949091023,0.0,0.0,1.0,-35.10065851774222
0.004434477765876596,0.016126587105943665,0.205,280.1769116660656,0.0,0.0,-0.9612723058565655,1454.2544160409366,0.0,0.0,1.0,-31.112582178067356
0.013062047576828327,-0.004124468385794045,0.205,280.4851525656515,0.0,0.0,-0.9980721035954221,1452.9931769147188,0.0,0.0,1.0,-31.974872266402365
-0.010643239760000605,0.0033255253107862585,0.205,280.6149269632958,0.0,0.0,-0.9392783799676991,1454.902012333233,0.0,0.0,1.0,-35.11338113463293
0.013467636005548378,0.0022456954717184206,0.205,280.5479061577617,0.0,0.0,-0.9977514189567678,1455.8440458727496,0.0,0.0,1.0,-33.34198972156426
0.012115035731458583,0.012247707584218543,0.205,280.1699536991239,0.0,0.0,-0.9439648435618118,1455.064641034804,0.0,0.0,1.0,-29.13052208144335
-0.011231584811085809,-0.011480370955300401,0.205,280.2619231080624,0.0,0.0,-0.9792736196329068,1455.314347130728,0.0,0.0,1.0,-31.247531469477472
0.004095792888891389,0.013621950459830879,0.205,280.3733076749122,0.0,0.0,-0.9999958515238221,1455.6647711166122,0.0,0.0,1.0,-30.84355290157877
0.006617893725328656,0.015415213565227993,0.205,280.1170329258707,0.0,0.0,-0.9596738658616795,1454.2250778057771,0.0,0.0,1.0,-31.000504024189635
0.012026322086323857,0.008859246703072041,0.205,280.3115926310135,0.0,0.0,-0.9970151451527438,1453.9723843672882,0.0,0.0,1.0,-30.630677667593712
-0.018480058664456817,-0.002151267230705525,0.205,280.2158900605989,0.0,0.0,-0.8801170552538502,1455.2498068231148,0.0,0.0,1.0,-30.112555899283244
-0.008511009584959019,-0.004191538435697756,0.205,280.66881948348055,0.0,0.0,-0.8566024033572551,1453.597224301998,0.0,0.0,1.0,-38.26160366479934
-0.008724421743468928,-0.004986879833624743,0.205,280.68800927927816,0.0,0.0,-0.8884436458349474,1452.8583414506713,0.0,0.0,1.0,-35.434402822274336
-0.012226658918642743,-0.014901543163805368,0.205,279.9357228828771,0.0,0.0,-0.8403461637065486,1452.8503688613591,0.0,0.0,1.0,-27.99282086696666
0.009955457592621751,-0.014257683449628165,0.205,280.19752187641734,0.0,0.0,-0.9376960807503774,1455.9626259475567,0.0,0.0,1.0,-29.371787922232294
-0.0017474478407655807,-0.01767908267418674,0.205,280.0162888774571,0.0,0.0,-0.9218877638512812,1453.625761658817,0.0,0.0,1.0,-30.48717397740145
0.015019284741785582,-0.007249195043993459,0.205,280.2420283149985,0.0,0.0,-0.9627582829433838,1455.0338936196838,0.0,0.0,1.0,-30.354289174416817
0.010165783773405348,0.0011140865419851955,0.205,280.71842603642347,0.0,0.0,-0.8976738923718256,1453.9776487773722,0.0,0.0,1.0,-36.37885456158897
-0.01569474321506742,-0.008004769644974593,0.205,280.1772876443063,0.0,0.0,-0.928285205556271,1452.976801029487,0.0,0.0,1.0,-31.037283399181632
0.0010930710421938254,0.017625109503983036,0.205,279.97471987293267,0.0,0.0,-0.9265388969791917,1450.9423478268973,0.0,0.0,1.0,-27.968637749658953
-0.006576973657257822,0.012462072719022372,0.205,280.3146412873844,0.0,0.0,-0.9998404433535311,1452.4082595963332,0.0,0.0,1.0,-33.071683759115736
0.004023928537135763,0.011990921723871043,0.205,280.3789543812053,0.0,0.0,-0.9837786756944987,1456.6335310045963,0.0,0.0,1.0,-33.83278599385406
-0.011554123370265233,-0.006343087955923588,0.205,280.4907584016564,0.0,0.0,-0.9927730011290867,1455.9794161134473,0.0,0.0,1.0,-35.7845046777995
-0.011328368389954817,-0.013645021574664743,0.205,280.115301601103,0.0,0.0,-0.9232401567240958,1454.8612873304749,0.0,0.0,1.0,-28.95043890657232
-0.011685703539672533,0.007933636497790527,0.205,280.41084478365207,0.0,0.0,-0.9999002546395087,1451.9712721318467,0.0,0.0,1.0,-31.93629561017353
0.016172584732531123,-0.0035051172373496467,0.205,280.26209925550774,0.0,0.0,-0.9666163406175514,1454.6363990248342,0.0,0.0,1.0,-32.70517156523484
0.011627292266983703,0.010729370170877354,0.205,280.2595362671917,0.0,0.0,-0.9843928032543126,1456.516751559371,0.0,0.0,1.0,-30.07012780385409
0.0007676429714708222,-0.019363271738195277,0.205,279.9405875005736,0.0,0.0,-0.8337398058865221,1456.5965237529965,0.0,0.0,1.0,-28.256010220148475
0.008449100931611058,-0.0147837524625343,0.205,280.2364987223603,0.0,0.0,-0.9512225939612904,1454.9688264744095,0.0,0.0,1.0,-30.411684896454208
0.011788480330928403,0.013041218943326072,0.205,280.19152861452807,0.0,0.0,-0.9299207079504022,1453.6809255815187,0.0,0.0,1.0,-28.755550574234896
0.002433362581519386,0.013736983935286086,0.205,280.3571340687203,0.0,0.0,-0.9994342650270296,1456.696854667704,0.0,0.0,1.0,-34.53704963253656
-0.007246210376743475,-0.014365101659346582,0.205,280.16262533263364,0.0,0.0,-0.9786160277107001,1451.9383517280744,0.0,0.0,1.0,-30.988964353815618
-0.013881969320743764,-0.007897609507947026,0.205,280.28674516242364,0.0,0.0,-0.9812713656166605,1456.5800929929142,0.0,0.0,1.0,-32.61478768389297
-0.002388138999267666,0.011831769731476637,0.205,280.3264952557674,0.0,0.0,-0.9699687327348556,1456.7080040040516,0.0,0.0,1.0,-35.3235936323395
-0.009703932649213471,-0.014344587878208465,0.205,280.1050377845869,0.0,0.0,-0.9404765733967377,1453.120661717869,0.0,0.0,1.0,-31.092573143980314
-0.01640976799570323,0.008884322734407143,0.205,280.0781214611676,0.0,0.0,-0.8770375200960736,1457.0364351103333,0.0,0.0,1.0,-29.411123724837566
-0.015082135029139836,0.0052630667409379345,0.205,280.3678174418826,0.0,0.0,-0.9812104429598144,1452.7316962269028,0.0,0.0,1.0,-30.05970242925693
-0.012421109953295366,0.0022619785147772343,0.205,280.5022558787102,0.0,0.0,-0.9833157052407843,1455.5099453187731,0.0,0.0,1.0,-34.518823271045484
0.01504491631267133,-0.0010687920265530693,0.205,280.39835898754063,0.0,0.0,-0.9956154454542288,1453.6374762170376,0.0,0.0,1.0,-32.86110461447136
-0.012777981154531026,-0.011893774336546948,0.205,280.11220388220664,0.0,0.0,-0.934995253517954,1454.952395058374,0.0,0.0,1.0,-27.97276074869813
0.010115672885938906,-0.013671034109092305,0.205,280.15056336898476,0.0,0.0,-0.9519654088815278,1455.6893813659542,0.0,0.0,1.0,-31.287929719113187
0.016214354208684913,0.011232826808787271,0.205,280.041952229558,0.0,0.0,-0.8105026263033771,1451.7176040669378,0.0,0.0,1.0,-26.637626236320944
0.008600030487264806,0.0014117910436635445,0.205,280.7178047040826,0.0,0.0,-0.8063472096684572,1454.4798940608448,0.0,0.0,1.0,-39.66154871768577
-0.01910601544086205,0.0013568408292651958,0.205,280.1930492665525,0.0,0.0,-0.8479679244655784,1454.8954329619,0.0,0.0,1.0,-28.50221625927743
0.01160062790619773,0.004192785853243024,0.205,280.6765947776233,0.0,0.0,-0.9768199092525598,1453.738856070121,0.0,0.0,1.0,-35.38885901032618
-0.0029938761645948208,-0.01038488664932061,0.205,280.6550086255897,0.0,0.0,-0.9251010880966595,1454.4654582563705,0.0,0.0,1.0,-34.03566007981327
0.009941655280158194,0.0031311835666314727,0.205,280.6928011375255,0.0,0.0,-0.9074221842552621,1455.859054342258,0.0,0.0,1.0,-35.648847559446935
-0.01346518820192081,0.0017973138879884495,0.205,280.5443602711216,0.0,0.0,-0.997201256772408,1451.1544627108906,0.0,0.0,1.0,-32.35262963135588
-0.00296794531468441,0.01464093377139443,0.205,280.3056209381422,0.0,0.0,-0.9970014723880884,1456.8282287088155,0.0,0.0,1.0,-31.402810810321913
0.008013405426594095,0.004187947056402317,0.205,280.71565930174603,0.0,0.0,-0.8285287737663596,1457.1080873235398,0.0,0.0,1.0,-37.32760983623939
0.013721970458675322,-0.0003385519855657658,0.205,280.47626325702845,0.0,0.0,-0.9982652746670055,1456.2025820070307,0.0,0.0,1.0,-34.06167288489967
0.004653949664469944,0.01633903784182719,0.205,280.16990081990537,0.0,0.0,-0.9525791523326642,1455.1730768769446,0.0,0.0,1.0,-32.16685062118557
-0.010057526149036997,0.016115480147015835,0.205,280.04257873872746,0.0,0.0,-0.8575914743144497,1450.4914276015463,0.0,0.0,1.0,-32.152230250804365
0.016924897019626343,-0.008993769722939193,0.205,280.14829466477505,0.0,0.0,-0.8472240542892128,1452.9102543496097,0.0,0.0,1.0,-29.311546891320017
-0.010514838973604439,0.01229222486094443,0.205,280.13750180531696,0.0,0.0,-0.9765528280578712,1451.034381075775,0.0,0.0,1.0,-32.98631651072994
0.0054724075803044775,-0.00843021142443488,0.205,280.5722455157647,0.0,0.0,-0.8885260831194592,1454.1608121485037,0.0,0.0,1.0,-37.952149458296276
0.00648325937949643,-0.008526576703635737,0.205,280.4714511714618,0.0,0.0,-0.9208481164048821,1453.6130675297215,0.0,0.0,1.0,-36.587744735888684
0.013024379429579255,0.0051462277906609444,0.205,280.60225330344394,0.0,0.0,-0.9996181340187962,1453.0475614434224,0.0,0.0,1.0,-33.34964972383642
-0.006684841168087892,-0.017680316000006868,0.205,280.01626714449503,0.0,0.0,-0.8632064356974191,1457.3433881339479,0.0,0.0,1.0,-29.545975361132182
0.0024367100340771555,0.013584466174235638,0.205,280.25645959905285,0.0,0.0,-0.99872718542406,1453.4477769058046,0.0,0.0,1.0,-32.696897398536734
0.003666484136918134,0.01066157165157391,0.205,280.5401946318461,0.0,0.0,-0.9440296355308775,1457.1171629651442,0.0,0.0,1.0,-35.06771590028759
-0.011559798348370598,0.0031889454376296754,0.205,280.5520284569703,0.0,0.0,-0.9677585260312523,1450.684098904936,0.0,0.0,1.0,-35.32788071503683
0.01707320363132049,-0.007647370047709613,0.205,280.1179537785359,0.0,0.0,-0.8743899118959509,1454.983192102505,0.0,0.0,1.0,-29.44755938948217
5.6698422585399966e-05,0.016228553662483266,0.205,280.2024369090946,0.0,0.0,-0.9752514508621728,1452.1768491438095,0.0,0.0,1.0,-29.760179363161953
0.010423026536642899,0.008862911423818535,0.205,280.342139687111,0.0,0.0,-0.9979588860480613,1454.0904684527018,0.0,0.0,1.0,-32.95733395040638
0.004595298150778783,-0.010750341352885644,0.205,280.52206296848215,0.0,0.0,-0.9586145427174644,1456.253734230011,0.0,0.0,1.0,-35.995186992910284
0.008779796492885126,0.0022883181798778202,0.205,280.7882149103045,0.0,0.0,-0.8305859667600608,1454.00025799858,0.0,0.0,1.0,-36.55598262098041
-0.0010645315523319673,0.01461281249036124,0.205,280.3143049978836,0.0,0.0,-0.9989807980438866,1454.1499395949897,0.0,0.0,1.0,-33.86741906700557
-0.011733043201296688,-0.00671451463523678,0.205,280.3821778845868,0.0,0.0,-0.9966172038523614,1452.2337098781886,0.0,0.0,1.0,-33.7780902123665
0.004161424289460487,-0.011941970115672093,0.205,280.45369373302265,0.0,0.0,-0.9837417418642073,1455.909276982369,0.0,0.0,1.0,-34.32694036833286
0.0095864791038386,-0.006014980035657316,0.205,280.597203825966,0.0,0.0,-0.9456305170728116,1452.5383930087742,0.0,0.0,1.0,-34.68166860061742
0.00889619597274433,0.004128885900819293,0.205,280.6945822474267,0.0,0.0,-0.8752512762813283,1453.9249851222014,0.0,0.0,1.0,-38.65156203121646
-0.01030744102098571,0.015560100930543438,0.205,280.10099175047117,0.0,0.0,-0.8768157164661794,1453.9889421186108,0.0,0.0,1.0,-28.79538946751284
-0.012345916422727747,-0.012857043273571293,0.205,280.2390431734907,0.0,0.0,-0.9192159147998922,1453.109207490335,0.0,0.0,1.0,-27.750638617107782
0.004929010141284576,-0.00854691377978953,0.205,280.587848876657,0.0,0.0,-0.8785263162780335,1454.28902567812,0.0,0.0,1.0,-36.33647669918747
0.0014784024158529308,-0.011102878250274919,0.205,280.5901908764511,0.0,0.0,-0.9412292369697827,1453.3478900547534,0.0,0.0,1.0,-35.06740909022314
0.008544955986308804,-0.0061383429765480895,0.205,280.4756222708838,0.0,0.0,-0.91210784182626,1460.7144323460072,0.0,0.0,1.0,-37.29972978838056
0.006322872976769226,-0.006326065784664214,0.205,280.7602376034673,0.0,0.0,-0.8220408080679733,1451.40032879529,0.0,0.0,1.0,-36.02164456430252
-0.01635719271330579,0.002313908158066948,0.205,280.45467314656264,0.0,0.0,-0.9674253344545929,1456.9768846193263,0.0,0.0,1.0,-32.3852017532721
-0.016554690010285738,0.0017587397964328186,0.205,280.3144590297748,0.0,0.0,-0.9636541516985999,1455.1854525167337,0.0,0.0,1.0,-29.898183201916975
0.017087386505473007,-0.0006517405664485999,0.205,280.31011278640597,0.0,0.0,-0.9486615470795119,1452.6333257896163,0.0,0.0,1.0,-29.076903398815045
0.013873434248141159,-0.0076637170263504015,0.205,280.33794390203445,0.0,0.0,-0.9838286491243371,1456.6441213839285,0.0,0.0,1.0,-30.450435466684095
0.011871543605218315,0.012452497436549423,0.205,280.1555466697728,0.0,0.0,-0.9448166828834403,1452.888681812048,0.0,0.0,1.0,-30.015099738406384
0.01920564121403406,0.0017029667049325856,0.205,280.15447807033627,0.0,0.0,-0.8400006247431032,1454.718594709944,0.0,0.0,1.0,-29.388473206360754
0.004081520522857744,-0.010913116826465981,0.205,280.4179158435567,0.0,0.0,-0.9573133338196929,1451.7674660357472,0.0,0.0,1.0,-33.95652170782235
-0.016474961203168655,-0.0011110418348846405,0.205,280.27846818148294,0.0,0.0,-0.9676449194533348,1455.0478426680029,0.0,0.0,1.0,-29.255794919756426
-0.007363777630202656,-0.01783513944330877,0.205,280.04569496119655,0.0,0.0,-0.8390748497077205,1452.1309490407532,0.0,0.0,1.0,-30.302661265568094
0.008652622648336758,0.00976022512679113,0.205,280.443949130458,0.0,0.0,-0.9907965944029122,1452.7414104559714,0.0,0.0,1.0,-31.7684847249607
-0.001965394238929698,-0.010522962839532817,0.205,280.4686548755901,0.0,0.0,-0.9205561500287942,1458.4692625619393,0.0,0.0,1.0,-38.3480832292706
-0.004788531657574682,0.014196982831781849,0.205,280.1600262746187,0.0,0.0,-0.9966054365111836,1455.9988223468818,0.0,0.0,1.0,-31.94957002546306
-0.017157939394031086,-0.006178972797520014,0.205,280.1726698409088,0.0,0.0,-0.8995333428656256,1456.7811296634766,0.0,0.0,1.0,-28.020010351822368
-0.008505137371748427,0.009561262502252211,0.205,280.49657059457456,0.0,0.0,-0.9866484664552033,1454.1847078551634,0.0,0.0,1.0,-33.77533167324672
0.007684022832137727,-0.01006747960613802,0.205,280.5151420121922,0.0,0.0,-0.9841162549942073,1457.0274948603553,0.0,0.0,1.0,-34.834278207656695
-0.017481846943280116,0.005311376614478507,0.205,280.1293297200196,0.0,0.0,-0.8977986592482965,1453.5374984706364,0.0,0.0,1.0,-30.389148071316917
-0.01216105204100956,0.010614733165508245,0.205,280.23496543035355,0.0,0.0,-0.9773719604123678,1454.7906668121952,0.0,0.0,1.0,-31.581104517144254
-0.007074553921456772,0.007382711220121978,0.205,280.6322104541325,0.0,0.0,-0.8975977464262581,1452.8841355262682,0.0,0.0,1.0,-38.91879658429024
-0.012767648347377826,0.006878871366054572,0.205,280.4421414077026,0.0,0.0,-0.9995959595184967,1456.8411925921014,0.0,0.0,1.0,-31.5371803048707
-0.00017009590506084123,-0.009885369450184577,0.205,280.5554864921188,0.0,0.0,-0.879658805283458,1454.1742974522415,0.0,0.0,1.0,-38.42381294641059
-0.015755434258450312,0.00806161574593699,0.205,280.2322490361952,0.0,0.0,-0.9248420946485507,1456.3547975653023,0.0,0.0,1.0,-31.71075420023918
0.002633164147995251,0.01048876090929042,0.205,280.52041657536415,0.0,0.0,-0.9253795728842695,1453.3014498118355,0.0,0.0,1.0,-34.87830492498511
0.00969242756253286,0.017180881617997888,0.205,279.98083057401834,0.0,0.0,-0.8104251276925029,1455.1317014408837,0.0,0.0,1.0,-27.699736178021453
0.009230428995291235,-0.007518559991801851,0.205,280.46032750636454,0.0,0.0,-0.9652393483756909,1454.187156844817,0.0,0.0,1.0,-32.456953684709354
0.013923696162546408,0.002691173470633551,0.205,280.4821856405677,0.0,0.0,-0.9999702404142912,1458.4695979620249,0.0,0.0,1.0,-33.55049869812388
0.015199327936264478,0.007180006561116878,0.205,280.315872951,0.0,0.0,-0.9585762135393112,1454.3444951796744,0.0,0.0,1.0,-30.785017097372435
0.015429991586306067,0.009207134970622387,0.205,280.14756284727247,0.0,0.0,-0.9126074217018265,1457.42718466407,0.0,0.0,1.0,-28.591440368627012
-0.010598707303606904,0.003162297877342331,0.205,280.8031468012717,0.0,0.0,-0.9356898323554398,1456.408406788871,0.0,0.0,1.0,-35.064390575096354
0.015015180463109928,-0.007337892894918873,0.205,280.3004255828504,0.0,0.0,-0.9616746953173925,1453.349211222334,0.0,0.0,1.0,-29.372185007723985
0.003516887107750727,0.016474757426696005,0.205,280.17843435090305,0.0,0.0,-0.9574005301063344,1452.3324203081331,0.0,0.0,1.0,-30.74891702540311
0.013371289640521977,-0.012692402454715994,0.205,280.2231138011251,0.0,0.0,-0.8892299412773571,1456.4084038093874,0.0,0.0,1.0,-29.58072946395533
-0.009855840598670222,0.014013231877837203,0.205,280.1745000565812,0.0,0.0,-0.9474922379654033,1451.4333874215308,0.0,0.0,1.0,-28.91114280328113
-0.011740652753167964,-0.005040179698653789,0.205,280.543540478662,0.0,0.0,-0.9862804308725197,1455.2505046692986,0.0,0.0,1.0,-34.293213264420814
-0.016243005768994016,1.3167092232577906e-05,0.205,280.325903236357,0.0,0.0,-0.9748909642949504,1451.7114568207248,0.0,0.0,1.0,-31.807557171952613
-0.012934080952500562,-0.0006777640132815549,0.205,280.59928464899355,0.0,0.0,-0.9893469010580006,1454.8889762605102,0.0,0.0,1.0,-36.499005278848024
-0.006499029480547628,0.015886163874071373,0.205,280.0869613536674,0.0,0.0,-0.9463177856920375,1452.478867268138,0.0,0.0,1.0,-29.126027307746718
0.010619745898159562,0.002690413628605158,0.205,280.68686450207565,0.0,0.0,-0.9313789079602384,1454.6430211061358,0.0,0.0,1.0,-33.15300562130087
-0.002170783197087527,-0.008949552848070343,0.205,280.5105853279984,0.0,0.0,-0.8393674470484158,1456.6413803344385,0.0,0.0,1.0,-36.53582446521902
-0.004875851898681589,0.007547757961120405,0.205,280.63618110445407,0.0,0.0,-0.8248162167525136,1454.4821123691727,0.0,0.0,1.0,-39.4075059543776
-0.00783033779518134,0.017213065893096863,0.205,280.05599453752774,0.0,0.0,-0.8627033511655248,1456.9416861467935,0.0,0.0,1.0,-29.73147883727669
-0.007735829041420269,0.006799068788044947,0.205,280.6069377466019,0.0,0.0,-0.9013234109299395,1455.650200161296,0.0,0.0,1.0,-36.28042103842573
0.004070248491667649,0.008865214138386054,0.205,280.624636004058,0.0,0.0,-0.8722735944609572,1456.3059171323575,0.0,0.0,1.0,-37.02780384880563
-0.008668643353361215,-0.017293469185762477,0.205,279.93558790896645,0.0,0.0,-0.8359362125433883,1458.8588005987822,0.0,0.0,1.0,-28.402061037419376
-0.016729387958043865,0.010705191196749383,0.205,279.9988974951107,0.0,0.0,-0.8009571667562784,1455.616674866574,0.0,0.0,1.0,-28.263826830970125
-0.00787547772217748,0.0054706399891114935,0.205,280.68614994372945,0.0,0.0,-0.8626754758141514,1451.3292889684383,0.0,0.0,1.0,-37.34899872454304
-0.012272766077598772,-0.00978027215611865,0.205,280.2889551105338,0.0,0.0,-0.9868348750255895,1458.5041141525292,0.0,0.0,1.0,-31.641614773639585
-0.01740475264459081,0.009714054178702657,0.205,280.0398020321124,0.0,0.0,-0.7959075163940933,1457.3036958817827,0.0,0.0,1.0,-30.12510000632343
-0.008467678412383097,-0.00790548820007864,0.205,280.63222453838983,0.0,0.0,-0.9550840505830025,1453.3055454845648,0.0,0.0,1.0,-36.32121468287093
-0.013013132220711763,0.0038747055445970775,0.205,280.46715790130196,0.0,0.0,-0.9971431431348514,1457.2144726257104,0.0,0.0,1.0,-33.106456669000245
-0.012735982561290628,-0.012570254727437415,0.205,280.08478223392234,0.0,0.0,-0.916032868576265,1453.7528036901592,0.0,0.0,1.0,-29.6100933967562
-0.013333891056995834,-0.012637107973039808,0.205,280.0725084700957,0.0,0.0,-0.8926529646619565,1452.883877714936,0.0,0.0,1.0,-28.690669250986737
0.015783872743637496,0.0017264876134332077,0.205,280.3488166489417,0.0,0.0,-0.9832456324734784,1455.9048064520562,0.0,0.0,1.0,-32.10404676830379
0.011612917548881233,-0.01152408465171401,0.205,280.211436742988,0.0,0.0,-0.9718446165250088,1452.3329050713216,0.0,0.0,1.0,-29.96346716825242
-0.006654153537176679,-0.011906167295627995,0.205,280.4199912087047,0.0,0.0,-0.9976435730994717,1450.2842192858272,0.0,0.0,1.0,-31.568128827170717
-0.00979923010235581,-0.008487993751246363,0.205,280.46432745810637,0.0,0.0,-0.9895493025338704,1450.3977824880405,0.0,0.0,1.0,-34.41009330212157
0.008853021236214134,-0.01587735596807214,0.205,280.027761256448,0.0,0.0,-0.9024300376315668,1453.0214578990697,0.0,0.0,1.0,-29.300814919768335
-0.0019837621635104994,0.017014903075203938,0.205,280.11975317961856,0.0,0.0,-0.9475624285160282,1455.0596782312423,0.0,0.0,1.0,-30.82434423229455
0.006031665107729101,-0.008662800362179656,0.205,280.6438452664797,0.0,0.0,-0.9137320664717457,1456.4774406391434,0.0,0.0,1.0,-37.42681450111845
-0.013681084044792603,0.01083412264879358,0.205,280.23345462603913,0.0,0.0,-0.935213872360133,1452.1386197514998,0.0,0.0,1.0,-31.044192648986165
-0.004911053567007469,-0.014353888442595884,0.205,280.18612942333175,0.0,0.0,-0.9946405257501558,1451.4458035348043,0.0,0.0,1.0,-33.59248467472065
-0.012540704940391398,0.014606037216306723,0.205,280.0447271796955,0.0,0.0,-0.8418951954090552,1455.2482650901557,0.0,0.0,1.0,-30.86552720281956
-0.015111330973238763,0.0066704320720049745,0.205,280.1903354726577,0.0,0.0,-0.9674817191768912,1459.1966788489385,0.0,0.0,1.0,-32.81180141389152
-0.011649138973255663,0.007265607073629651,0.205,280.53067345302,0.0,0.0,-0.9982855729930314,1455.0173182259336,0.0,0.0,1.0,-33.57490431823846
-0.016905780343855155,-0.00027072900924416787,0.205,280.35349595808793,0.0,0.0,-0.9553415614242655,1452.5818458067013,0.0,0.0,1.0,-28.74805564993433
-6.335216439993215e-06,0.009624029704568238,0.205,280.6165672713742,0.0,0.0,-0.8647255164169922,1450.0676089219862,0.0,0.0,1.0,-37.2566914749329
-0.002053358908837,-0.01557429723959949,0.205,280.12685171157256,0.0,0.0,-0.9865424671210041,1455.913585495788,0.0,0.0,1.0,-32.76329761698809
-0.011389334298302077,-0.007398026421408631,0.205,280.36577218762875,0.0,0.0,-0.9971721035677297,1453.6608848436272,0.0,0.0,1.0,-33.215873039393
0.01478503912323486,-0.01216953692804941,0.205,280.09588589815456,0.0,0.0,-0.8482685814943804,1461.9620302984986,0.0,0.0,1.0,-27.5036482333401
-0.00819393931432357,-0.012540565811871691,0.205,280.2095381700892,0.0,0.0,-0.9966294881750701,1455.8700363491328,0.0,0.0,1.0,-33.387688464851784
0.004194808213528046,0.0138238489644689,0.205,280.27049824396073,0.0,0.0,-0.9997564462026892,1454.278076489259,0.0,0.0,1.0,-33.97440504913691
-0.00656461709368478,-0.01281494639737329,0.205,280.36454681831304,0.0,0.0,-0.9998605836940886,1457.8956557061442,0.0,0.0,1.0,-33.31385190153058
-0.00947571616424602,0.012258263126164412,0.205,280.16776441477447,0.0,0.0,-0.9902224518031646,1453.451388637281,0.0,0.0,1.0,-33.50329689437863
0.001192862029729679,-0.014224914639020493,0.205,280.2978626531988,0.0,0.0,-0.9999960989062537,1455.6961616732333,0.0,0.0,1.0,-30.713279096807437
0.008970815216174483,-0.0008176902283399233,0.205,280.91892746662074,0.0,0.0,-0.8262983660155228,1456.7645165399751,0.0,0.0,1.0,-38.525899591861986
0.013796553292932473,-0.011160513641505937,0.205,280.1690891112043,0.0,0.0,-0.922763346357246,1452.0935837023737,0.0,0.0,1.0,-30.637899708799328
0.005186137861744345,0.01278014601784799,0.205,280.23769113901767,0.0,0.0,-0.9986758723801835,1453.8890365791613,0.0,0.0,1.0,-32.41740383089694
0.011667407294582549,-0.009787357634388065,0.205,280.4525972871222,0.0,0.0,-0.9939420304840645,1451.7292078017247,0.0,0.0,1.0,-31.167748096386376
0.017954760931703128,-0.004441638017213042,0.205,280.1601316555295,0.0,0.0,-0.8860358615386756,1458.7396544358203,0.0,0.0,1.0,-30.635099777502063
-0.006616210040127627,-0.011603450565971875,0.205,280.42246956320525,0.0,0.0,-0.9949610870072747,1455.285928117465,0.0,0.0,1.0,-34.11254412561632
-0.01595129492815945,0.008623087511708644,0.205,280.19420196080284,0.0,0.0,-0.904694224526992,1454.8460887071537,0.0,0.0,1.0,-30.820481906448567
-1.8799634133449985e-05,0.01068795187310901,0.205,280.4468913853353,0.0,0.0,-0.9197941342731512,1455.1494325976735,0.0,0.0,1.0,-32.96084047830899
0.0021809166837766345,-0.009166512113689655,0.205,280.58313615162916,0.0,0.0,-0.8526752116578287,1456.2811511224584,0.0,0.0,1.0,-37.45807059842036
-0.01186725667355193,-0.00998530691243235,0.205,280.4086188761225,0.0,0.0,-0.9899754840022785,1453.744049404792,0.0,0.0,1.0,-29.125085491767877
-0.010107697813563911,-0.011293328780675682,0.205,280.3053601001117,0.0,0.0,-0.9948110125850306,1453.759219668081,0.0,0.0,1.0,-32.903971190409244
-0.011891236889575458,-0.015099858785995927,0.205,280.053557419263,0.0,0.0,-0.8438585722247098,1453.785985620073,0.0,0.0,1.0,-28.622002108965173
-0.009439314232077882,-0.016770755027336142,0.205,280.00352201043665,0.0,0.0,-0.8423001730538224,1454.9025984154123,0.0,0.0,1.0,-29.715916611314835
0.01374533836163527,-0.013568317891645261,0.205,280.0707660265809,0.0,0.0,-0.8378894692313685,1452.384181205608,0.0,0.0,1.0,-28.431793083184356
-0.016544261711391554,-0.005100727820959129,0.205,280.21389199822556,0.0,0.0,-0.9407043128735653,1454.1872778433942,0.0,0.0,1.0,-31.690424936166846
0.016049869717850832,-0.002738561387669777,0.205,280.3694071191778,0.0,0.0,-0.9739032775058536,1454.1388000215425,0.0,0.0,1.0,-31.07453749946309
-0.014982398078301264,-0.011690894866801891,0.205,280.1486892266423,0.0,0.0,-0.8571383127345984,1452.7051536572317,0.0,0.0,1.0,-30.071943023077676
-0.013949841501777272,-0.009817945206978233,0.205,280.25290086714165,0.0,0.0,-0.9501415655693916,1452.5548363205435,0.0,0.0,1.0,-32.09144885325637
-0.0006794133054645152,0.013463621539303496,0.205,280.30535526373734,0.0,0.0,-0.9962593939656821,1457.0258958595905,0.0,0.0,1.0,-33.11173571571413
0.014251104701387591,0.007014157334385423,0.205,280.34909958271754,0.0,0.0,-0.9831281402136245,1452.2869371609654,0.0,0.0,1.0,-31.56769540241637
0.015667935694725934,-0.004635116879094113,0.205,280.3046670903114,0.0,0.0,-0.9724095564927926,1457.2789026544833,0.0,0.0,1.0,-31.41610567693706
-0.01619967658958201,-0.006290536005562798,0.205,280.2855943804608,0.0,0.0,-0.9381431395995777,1454.9456648067974,0.0,0.0,1.0,-30.256999855200636
-0.013779041237892435,0.00538494117969354,0.205,280.35210421663544,0.0,0.0,-0.9981299480749888,1454.6124011459658,0.0,0.0,1.0,-32.85689374622287
-0.014026874847448667,0.009581903346125778,0.205,280.29016309626945,0.0,0.0,-0.9526375483154066,1454.946275026161,0.0,0.0,1.0,-32.31557041000029
-0.0026615807178450566,0.015788392301118854,0.205,280.1689079740596,0.0,0.0,-0.9803930633813087,1453.355220265198,0.0,0.0,1.0,-32.76983683968509
-0.0020734577121965772,0.010627962189494737,0.205,280.4950032479344,0.0,0.0,-0.9259907602433901,1451.8784021831316,0.0,0.0,1.0,-35.635764610263294
0.008529827835178461,0.0037838471950780044,0.205,280.817233180766,0.0,0.0,-0.8470711308764587,1454.4594440809421,0.0,0.0,1.0,-37.77391541335757
-0.006433831781548176,0.010315733017124941,0.205,280.45006267600746,0.0,0.0,-0.9723256261931169,1457.761873046967,0.0,0.0,1.0,-34.85668886126958
0.008372079240445229,-0.006677210201298235,0.205,280.5138746257771,0.0,0.0,-0.9207262751065984,1453.9282993229165,0.0,0.0,1.0,-35.87691200666815
-0.004233548705558377,-0.0076975451380101425,0.205,280.6825258221428,0.0,0.0,-0.8112005250717342,1456.006675978983,0.0,0.0,1.0,-36.094771836093756
0.009599720087554442,-0.013774174372345087,0.205,280.2201938829301,0.0,0.0,-0.9592377556666878,1453.118690434759,0.0,0.0,1.0,-30.458780316868918
0.009935722303306294,-0.003752168136866031,0.205,280.6758821056991,0.0,0.0,-0.9167320210418384,1456.7990891626118,0.0,0.0,1.0,-35.97970846961836
0.01476806350055139,-0.00997305706836303,0.205,280.10203142253044,0.0,0.0,-0.9194283420421203,1455.8871568088007,0.0,0.0,1.0,-29.63033879245057
0.016746949235074207,-0.0059994766934563055,0.205,280.2360202569238,0.0,0.0,-0.9208210533881611,1457.1695781111455,0.0,0.0,1.0,-28.92239849497831
0.005343148910799596,-0.018333962049175898,0.205,279.94557858262766,0.0,0.0,-0.8515089386986732,1450.4865983455352,0.0,0.0,1.0,-30.24903811727275
0.0013407693257282292,-0.01705508517336815,0.205,280.07268930804014,0.0,0.0,-0.9483767212901639,1455.5724173707001,0.0,0.0,1.0,-30.614372768206703
0.0030659115942148064,-0.009501101871607461,0.205,280.6268095308945,0.0,0.0,-0.8849334164524001,1453.9660871655317,0.0,0.0,1.0,-35.94037920689164
-0.0139260842777987,-0.0017441288322712417,0.205,280.4923709785364,0.0,0.0,-0.9997074641689271,1454.224921534989,0.0,0.0,1.0,-31.980053901907464
-0.00761936360606256,-0.006641955015409733,0.205,280.6494521398167,0.0,0.0,-0.8915460773165275,1450.3061450130242,0.0,0.0,1.0,-38.17901499902033
-0.00012465647464655376,-0.016253574612693028,0.205,280.11810905361585,0.0,0.0,-0.9746119793728847,1455.8953659476979,0.0,0.0,1.0,-29.430521142537952
0.0032881637864245836,0.01878165792371466,0.205,280.00356736645756,0.0,0.0,-0.8533028740291398,1456.2467383654928,0.0,0.0,1.0,-28.904983605046496
0.00396538862792666,0.019485668132400293,0.205,279.9637666267494,0.0,0.0,-0.7992722001135026,1454.391122715044,0.0,0.0,1.0,-31.99971963753333
-0.010709016987227777,0.016823967951409845,0.205,279.88152522294195,0.0,0.0,-0.7951128400219758,1452.761630607534,0.0,0.0,1.0,-26.829013485761923
-0.007369850602081022,0.015257788649749218,0.205,280.1642022185131,0.0,0.0,-0.9541061055652987,1456.6684424824564,0.0,0.0,1.0,-30.010763914977215
-0.014448285059137003,0.0120937548858539,0.205,280.05813405507223,0.0,0.0,-0.8667188906942399,1452.0556309878486,0.0,0.0,1.0,-29.95238991720498
0.007236786067635872,0.006622440196778048,0.205,280.6747859059174,0.0,0.0,-0.8753594304073573,1456.1974385984101,0.0,0.0,1.0,-39.57989310682902
0.0020244017192824182,-0.01856912754483631,0.205,280.0154234125252,0.0,0.0,-0.8759914399622788,1457.2055684665497,0.0,0.0,1.0,-27.942573624143208
-0.011264970183567927,-0.004115548483985376,0.205,280.5456291447578,0.0,0.0,-0.9678049145936558,1450.25375924442,0.0,0.0,1.0,-35.5682020648747
-0.013338005776351155,0.013628609092278227,0.205,280.085581993833,0.0,0.0,-0.8531771822638939,1452.4259694743052,0.0,0.0,1.0,-27.497864569862134
-0.0020080765616769213,0.008855353939236735,0.205,280.7238209303193,0.0,0.0,-0.8310487232403145,1457.3270485512671,0.0,0.0,1.0,-38.20219714723071
-0.005386451099062722,0.013991723796151233,0.205,280.27109545630145,0.0,0.0,-0.9965127604080407,1456.275210392358,0.0,0.0,1.0,-30.83107608684999
0.00034185346629512755,0.019639802088734882,0.205,280.04133180898856,0.0,0.0,-0.8161618982107779,1454.6331621133968,0.0,0.0,1.0,-29.108743876810486
0.007062518042056135,-0.01754930949657442,0.205,280.06826284482514,0.0,0.0,-0.8623080624725761,1458.0243744258507,0.0,0.0,1.0,-30.938168429151325
-0.012551626076113976,-0.01470263768683699,0.205,280.1070202929263,0.0,0.0,-0.8367654630755841,1455.0862119197284,0.0,0.0,1.0,-28.20817283919318
-0.007053067101501642,0.005307836982661686,0.205,280.75033754177525,0.0,0.0,-0.8141070365760567,1453.4977982147393,0.0,0.0,1.0,-41.42278883767026
-0.010090581225612844,-0.007005452652015699,0.205,280.54129951925995,0.0,0.0,-0.9755664883230701,1452.2698512714323,0.0,0.0,1.0,-34.56935244447536
-0.016766534975657523,-0.0019668562383304143,0.205,280.19318110146,0.0,0.0,-0.9562257142074557,1453.005949785197,0.0,0.0,1.0,-30.19361219964822
-0.018997203078616746,0.00624337594418975,0.205,280.08816211515716,0.0,0.0,-0.7912299130974759,1454.5645392253984,0.0,0.0,1.0,-30.5821047718236
-0.012482176834434568,0.007774306156190778,0.205,280.36332836710505,0.0,0.0,-0.9986898431351716,1453.058239141735,0.0,0.0,1.0,-33.80668091819589
0.014658739987412444,-0.009699379745844694,0.205,280.1549498024996,0.0,0.0,-0.9300224872016127,1453.782117557196,0.0,0.0,1.0,-29.635474102122085
-0.016681779129549653,0.0009451287425679142,0.205,280.3123338732162,0.0,0.0,-0.9617913112521336,1454.45439664848,0.0,0.0,1.0,-30.58021496395591
-0.008221068471933612,0.0075318599165053075,0.205,280.5969576519952,0.0,0.0,-0.9392383281625444,1455.4956280950944,0.0,0.0,1.0,-36.39996949763824
0.0002300512501454081,-0.012347782252386546,0.205,280.4731882866065,0.0,0.0,-0.9771780875074005,1454.2908330578223,0.0,0.0,1.0,-33.01733085493106
-0.002400302796441542,-0.01749645549752435,0.205,280.05928881645804,0.0,0.0,-0.92648016742945,1451.094504690946,0.0,0.0,1.0,-29.559649567034928
0.006158905943449581,0.008597978425122128,0.205,280.55552907775655,0.0,0.0,-0.9146847754334646,1455.349520896471,0.0,0.0,1.0,-35.6054124070097
-0.011710746333351514,0.006832792278942217,0.205,280.54849867091565,0.0,0.0,-0.9969759165877434,1453.9227519125222,0.0,0.0,1.0,-35.94245812161953
-0.0013914370761030717,0.014098159466602112,0.205,280.3135592045383,0.0,0.0,-0.9999560924756814,1452.1149403605646,0.0,0.0,1.0,-33.04327288149324
-0.008100383912634105,-0.010221189231533843,0.205,280.44110650549726,0.0,0.0,-0.9907726341100618,1454.9220416088583,0.0,0.0,1.0,-33.07395508275287
0.014028271018149368,-0.008359677447732246,0.205,280.2622979940247,0.0,0.0,-0.97264506759449,1452.7172968531816,0.0,0.0,1.0,-31.67434222520996
-0.01713067511616233,-0.004642528749406587,0.205,280.2164353695053,0.0,0.0,-0.9226248887095705,1456.8691959069347,0.0,0.0,1.0,-31.360871159882414
-0.0019156500010554043,0.011500487015252197,0.205,280.4271655236871,0.0,0.0,-0.957561010045757,1455.6770422638988,0.0,0.0,1.0,-35.35916101352715
0.01103004480309367,-0.004831704197910351,0.205,280.6072611946846,0.0,0.0,-0.9691787864286369,1456.2034668888457,0.0,0.0,1.0,-33.71618649488126
-9.345676286186379e-05,0.01966242845612419,0.205,279.9792597404522,0.0,0.0,-0.8148044374517582,1453.9871023682156,0.0,0.0,1.0,-28.15393550160388
-0.01118624930989186,-0.008698659705024252,0.205,280.31148418290485,0.0,0.0,-0.999959897760517,1457.293931552678,0.0,0.0,1.0,-33.48781247336427
0.01349394605546908,0.010540895952922407,0.205,280.22479332845853,0.0,0.0,-0.9478227354491989,1454.270400347346,0.0,0.0,1.0,-33.08374900197296
-0.0146980750692337,-0.0046553047903265905,0.205,280.42868575287247,0.0,0.0,-0.9913807726570039,1456.1541689330666,0.0,0.0,1.0,-32.0998192466857
0.011739138813165871,0.011907197478899904,0.205,280.1772331067669,0.0,0.0,-0.961405678843873,1456.3020443250975,0.0,0.0,1.0,-31.025874855748228
0.002015810168221813,0.010854738507216542,0.205,280.56147952987857,0.0,0.0,-0.9348773673914896,1451.4640452073695,0.0,0.0,1.0,-37.03993609639467
-0.015768350912568063,-0.0031999682491641295,0.205,280.43045602681985,0.0,0.0,-0.9786037582733664,1455.8448561691614,0.0,0.0,1.0,-33.684768189092104
-0.008263005262610309,0.01302414073401271,0.205,280.3742033048401,0.0,0.0,-0.9912846664989787,1452.0107663500326,0.0,0.0,1.0,-31.914393937039566
-0.005033663354461385,0.007072715313657649,0.205,280.67927034108135,0.0,0.0,-0.803956121825541,1455.4449571664718,0.0,0.0,1.0,-37.783298805040886
0.01747478230611405,0.006520303508886274,0.205,280.1628128052062,0.0,0.0,-0.8775291426353604,1454.2652691316232,0.0,0.0,1.0,-29.149923339254087
-1.2596142713675315e-05,-0.012757043262276365,0.205,280.3937556419721,0.0,0.0,-0.9859103104193001,1454.7820020916872,0.0,0.0,1.0,-34.089157344245635
0.008930768543915045,0.0005829553573621955,0.205,280.83171064444383,0.0,0.0,-0.8224178580903025,1458.240292702455,0.0,0.0,1.0,-37.90996415539786
-0.01328381265128445,-0.013976668966444184,0.205,280.11500598929484,0.0,0.0,-0.8399178087731659,1456.1350734753032,0.0,0.0,1.0,-30.25631437657533
-0.006293869027868843,-0.015607246589070716,0.205,280.17710282375947,0.0,0.0,-0.9579709005569749,1453.9699993051868,0.0,0.0,1.0,-30.964331783840464
-0.018205610272953296,0.0012622774357895425,0.205,280.1503528435886,0.0,0.0,-0.8988927340291992,1455.970489723251,0.0,0.0,1.0,-29.93518268044003
0.0007447356063139443,-0.01741847759010736,0.205,280.0871220524846,0.0,0.0,-0.9358992077915755,1457.8371465967437,0.0,0.0,1.0,-28.789084869502155
-0.0015757560225522526,0.010985430896505407,0.205,280.4513405690726,0.0,0.0,-0.9371914048389238,1453.3359011670034,0.0,0.0,1.0,-34.72744568280343
0.01302591043989029,-0.010119556530749703,0.205,280.2750867942463,0.0,0.0,-0.9681447056628256,1456.0914386792017,0.0,0.0,1.0,-30.823113641915004
-0.006907394471099812,-0.013110975999276313,0.205,280.36014300537147,0.0,0.0,-0.9979516833998052,1454.4310703887531,0.0,0.0,1.0,-30.619783004246052
0.009006248992438778,-3.648831705432762e-05,0.205,280.73539530195376,0.0,0.0,-0.8261869115913948,1457.1136492481053,0.0,0.0,1.0,-36.60721953416598
0.015458706992479787,-0.009146133942357025,0.205,280.0667787824449,0.0,0.0,-0.912911456401178,1451.6259673089703,0.0,0.0,1.0,-28.906755278673465
-0.002686172378757152,-0.01622678495406568,0.205,280.1376965685685,0.0,0.0,-0.9694708851738021,1455.855130282552,0.0,0.0,1.0,-31.701182924893992
0.013908677182341917,0.007426203146120827,0.205,280.3710059510034,0.0,0.0,-0.9854518058962356,1453.957307801731,0.0,0.0,1.0,-32.06972050178397
-0.008181000076053326,-0.010771194593228629,0.205,280.3874239380446,0.0,0.0,-0.9966847071805771,1452.185290207344,0.0,0.0,1.0,-32.79084706134736
-0.002223773101210226,-0.015253093445806559,0.205,280.1674586360547,0.0,0.0,-0.9914301379043833,1453.796237807417,0.0,0.0,1.0,-32.056819921298704
-0.007517384721672441,0.004481293797802109,0.205,280.71128492597904,0.0,0.0,-0.8089002529356708,1451.5198531258593,0.0,0.0,1.0,-38.88625227709623
0.013298267050299328,-0.011930119635864066,0.205,280.056070794269,0.0,0.0,-0.9173738441432275,1454.4904794839329,0.0,0.0,1.0,-30.77755574769211
-0.01354621283916723,0.0018339029392551354,0.205,280.470693294819,0.0,0.0,-0.9978719334869528,1454.4796114914436,0.0,0.0,1.0,-32.060582082835005
0.009423960759131796,0.016883052500212613,0.205,279.9869325680332,0.0,0.0,-0.8365367157285947,1454.0639878734655,0.0,0.0,1.0,-26.76330169303502
0.0022136082837313446,-0.01634706332966318,0.205,280.10462579620264,0.0,0.0,-0.9681044552180579,1452.6587129633465,0.0,0.0,1.0,-29.70086001345268
0.0036408914227176467,0.014733627902015791,0.205,280.2783487123932,0.0,0.0,-0.994569974230981,1456.284343883804,0.0,0.0,1.0,-29.90832472993772
0.015220439187518718,0.0029097173957180556,0.205,280.33343977041864,0.0,0.0,-0.9901848632923267,1452.6898840684028,0.0,0.0,1.0,-33.1661829145544
-0.01394601142343879,0.010099386796360011,0.205,280.1748607844061,0.0,0.0,-0.9442830213704725,1455.1170756089602,0.0,0.0,1.0,-30.129599691818058
0.013348260422460631,-0.005425484299750937,0.205,280.48936232142177,0.0,0.0,-0.9998407016002868,1450.4998056163638,0.0,0.0,1.0,-33.27760692952682
0.009604441106335574,-0.001960672817379252,0.205,280.67339906703944,0.0,0.0,-0.8749633515567761,1454.9256292545301,0.0,0.0,1.0,-37.324326335299
-0.006400979010818313,0.018063879435653723,0.205,279.96760370084576,0.0,0.0,-0.8473274244040827,1453.7864895839577,0.0,0.0,1.0,-30.424055306352393
0.007404056166106612,-0.016717550043617958,0.205,280.01690408468494,0.0,0.0,-0.897142842250217,1457.3402289680134,0.0,0.0,1.0,-29.117005724651566
-0.006009339704652045,0.01715340137852957,0.205,280.13064784733143,0.0,0.0,-0.902587198178848,1457.7149111980552,0.0,0.0,1.0,-29.078541240859906
0.0031898257203195482,0.019065914008814515,0.205,279.89218298023394,0.0,0.0,-0.8368100050667842,1451.5285537621328,0.0,0.0,1.0,-30.211423067834517
0.015735591697167706,0.0023578031237845424,0.205,280.3326662311147,0.0,0.0,-0.982554478597107,1458.5963062000396,0.0,0.0,1.0,-32.92504679756238
-0.007087190916699849,-0.012902099751359294,0.205,280.3135345008022,0.0,0.0,-0.9986007735164361,1455.4506196290774,0.0,0.0,1.0,-31.664043055549485
0.010293479583646556,-0.014112897828674933,0.205,280.04142445768196,0.0,0.0,-0.9345406439143549,1455.0237970087733,0.0,0.0,1.0,-30.2227398887437
0.01026202654364844,0.014446041125886645,0.205,280.1022244414638,0.0,0.0,-0.9238864939589999,1457.1426147366178,0.0,0.0,1.0,-29.930536830667943
0.002159435866224858,0.01937887371402702,0.205,279.93848211017604,0.0,0.0,-0.8258459207038459,1455.6948701616868,0.0,0.0,1.0,-28.35675451243292
-0.006818372487340662,0.007316870311108975,0.205,280.55588464244386,0.0,0.0,-0.885892385308487,1452.6386600610335,0.0,0.0,1.0,-35.37263592376246
-0.009257546527327024,-0.01092197376471956,0.205,280.36928261131754,0.0,0.0,-0.9999711722942759,1456.8194222840818,0.0,0.0,1.0,-31.552845960202674
0.008879311703838827,0.012606931762615826,0.205,280.2728475428452,0.0,0.0,-0.9913464467243225,1459.2065276088217,0.0,0.0,1.0,-32.20822160264082
-0.0016817550087896442,-0.013826191658922998,0.205,280.3818356608066,0.0,0.0,-0.99934496931228,1453.9075555673048,0.0,0.0,1.0,-32.52094891368816
-0.006299007207892273,0.011009866885782794,0.205,280.38443262538567,0.0,0.0,-0.9845062034989569,1455.248695030052,0.0,0.0,1.0,-34.477470229271034
0.010456496802508817,-0.003436986002299971,0.205,280.7110896138585,0.0,0.0,-0.9335126262690656,1452.2937965830727,0.0,0.0,1.0,-35.26524971213842
-0.00327502828399743,-0.017722615197561884,0.205,280.06838687386414,0.0,0.0,-0.9100274702863003,1456.3396335060522,0.0,0.0,1.0,-29.36832482559684
-0.014078276010473326,0.00823870047442484,0.205,280.1587085860156,0.0,0.0,-0.9731283943920865,1452.6311676683667,0.0,0.0,1.0,-31.814912595744968
-0.009394150599673006,0.015473172411047053,0.205,280.0789330768519,0.0,0.0,-0.9062221063642514,1455.1746036479117,0.0,0.0,1.0,-32.00313718268557
0.015030522974011227,-0.0072678690681270055,0.205,280.2253974950373,0.0,0.0,-0.962196379532908,1454.6072884674038,0.0,0.0,1.0,-32.53141672099498
-0.015209160456963952,-0.004905487751910094,0.205,280.3379950870409,0.0,0.0,-0.981065759303571,1451.7713980824235,0.0,0.0,1.0,-31.6274809563797
-0.006210926432148222,-0.010744507396854674,0.205,280.41237054743965,0.0,0.0,-0.978609595062504,1452.673491697656,0.0,0.0,1.0,-34.525948713127626
-0.001630881011826809,0.01044858584878925,0.205,280.5216699325783,0.0,0.0,-0.9146306682883117,1453.326408519632,0.0,0.0,1.0,-36.10616912961332
-0.016081237806257576,-0.00025331571617463516,0.205,280.2653525195933,0.0,0.0,-0.9787555325655415,1452.8749395577697,0.0,0.0,1.0,-29.36542458230714
0.012462655657950657,0.012303293805537413,0.205,280.28376422570034,0.0,0.0,-0.9327146497183487,1451.1932652337773,0.0,0.0,1.0,-28.840471992332304
0.0009639684472783902,-0.01700981430308102,0.205,280.0287179285561,0.0,0.0,-0.9508958828688472,1455.800365451561,0.0,0.0,1.0,-31.017577529841297
0.017332491888704272,0.0004738710305193516,0.205,280.2890896011953,0.0,0.0,-0.9396833021367107,1452.0803034600099,0.0,0.0,1.0,-30.21212448499282
-0.001434557325843451,0.009602974397535359,0.205,280.61970076206103,0.0,0.0,-0.8696799491493068,1455.549862374383,0.0,0.0,1.0,-36.43542500205468
-0.01696619401306664,-0.008444791973168522,0.205,280.22962461780986,0.0,0.0,-0.860261170352311,1453.822629689203,0.0,0.0,1.0,-27.207149209221647
-0.011341512715287865,-0.013295394429983152,0.205,280.1346034875923,0.0,0.0,-0.9342284616802042,1452.77378210673,0.0,0.0,1.0,-29.26749990502391
-0.006272573290841789,-0.018736490598557646,0.205,280.0036407730643,0.0,0.0,-0.8081821543430837,1456.0949689060785,0.0,0.0,1.0,-26.645623458034382
0.0018642114701732688,-0.015197291642282163,0.205,280.2081885783567,0.0,0.0,-0.9928811789000567,1454.957513232389,0.0,0.0,1.0,-30.92550463184695
0.0064507994313982575,-0.007876906531885837,0.205,280.5506045197115,0.0,0.0,-0.8953531580063101,1453.826859152797,0.0,0.0,1.0,-36.81224624249554
0.01665739443301495,-0.000847865112393629,0.205,280.2530714379228,0.0,0.0,-0.962704977724576,1454.5622128878917,0.0,0.0,1.0,-30.48718401291927
0.004221985323612435,-0.009482949607198466,0.205,280.56578835711235,0.0,0.0,-0.9053423241546976,1456.54798613465,0.0,0.0,1.0,-35.880910861919716
0.0009468833490148169,-0.015657462560995674,0.205,280.1576436955206,0.0,0.0,-0.9869635163488336,1455.2013057715433,0.0,0.0,1.0,-31.863131356431925
-0.010146923284997597,-0.0016028520405544286,0.205,280.75772618916153,0.0,0.0,-0.9000049355275137,1454.9414349118165,0.0,0.0,1.0,-34.96292487724811
-0.004142336365227821,0.015393344421044907,0.205,280.22008086115113,0.0,0.0,-0.9819251792180967,1450.6958037672518,0.0,0.0,1.0,-30.58362825446069
-0.0073436176401395934,0.018009249414103794,0.205,279.9390734630166,0.0,0.0,-0.8291392022986469,1456.1080353545385,0.0,0.0,1.0,-28.28318851525721
0.0002639883835763973,-0.012688389700977217,0.205,280.30573321602714,0.0,0.0,-0.9846387248096076,1452.9763744285187,0.0,0.0,1.0,-34.467512615006214
0.013260133010588102,0.001907952192734457,0.205,280.4922669456448,0.0,0.0,-0.9953972197881003,1456.359724009618,0.0,0.0,1.0,-34.005637779611746
-0.013336383066530542,-0.013875701553940495,0.205,280.04774163350095,0.0,0.0,-0.842242206536322,1455.542556734064,0.0,0.0,1.0,-26.708519391813873
0.0009526087580002961,0.010610752140108965,0.205,280.5187043621722,0.0,0.0,-0.9182310997494387,1453.4982098809683,0.0,0.0,1.0,-36.195136815638605
-0.01352149499722869,0.0036523036628804515,0.205,280.48694970594227,0.0,0.0,-0.999623884106406,1452.9219962552474,0.0,0.0,1.0,-34.63576213466761
-0.0002148651720531074,0.015413718645299045,0.205,280.22114488888036,0.0,0.0,-0.9914173065468841,1453.2786063230567,0.0,0.0,1.0,-32.79188753933976
-0.003354276120619334,0.018904147584776404,0.205,280.01722001282883,0.0,0.0,-0.8451467614299588,1453.1564144252782,0.0,0.0,1.0,-28.277846527281955
-0.009484978028623754,0.00038789344511907115,0.205,280.722896187114,0.0,0.0,-0.856947973991204,1454.4377509769593,0.0,0.0,1.0,-35.644776220201734
-0.008975701661094916,0.015778178818871856,0.205,280.0713381292358,0.0,0.0,-0.9037275815210928,1452.7921218147692,0.0,0.0,1.0,-29.74374661642292
-0.0049611749773317785,-0.015304450724215534,0.205,280.24279399461267,0.0,0.0,-0.9786335419987895,1454.7149402874413,0.0,0.0,1.0,-33.16070198501895
-0.0067257937568244025,0.008148539964016028,0.205,280.5855232157678,0.0,0.0,-0.9141956040709417,1455.071147379375,0.0,0.0,1.0,-35.1715739660164
-0.015695954527216675,-0.004938983233185656,0.205,280.3257777027037,0.0,0.0,-0.9692742622116942,1459.2937397420533,0.0,0.0,1.0,-29.150311941852834
-0.009352630810336215,0.005526260174349817,0.205,280.69771160222234,0.0,0.0,-0.9274955882149247,1456.1224345627465,0.0,0.0,1.0,-36.68804187496384
0.01699625206695914,-0.0068203527882813595,0.205,280.2471049530909,0.0,0.0,-0.8956137478646395,1455.94842184476,0.0,0.0,1.0,-30.6138120863244
0.004073999660691169,0.010225184786671468,0.205,280.5037536447926,0.0,0.0,-0.9335138909342913,1455.0740058187284,0.0,0.0,1.0,-36.46668431461833
-0.011451312251699564,0.013852873018089289,0.205,279.95060919077383,0.0,0.0,-0.9123735831521902,1454.1056222118518,0.0,0.0,1.0,-30.33685837425792
0.0021587126538546025,0.010607920345642233,0.205,280.4826780345468,0.0,0.0,-0.925861262177034,1451.8304000245957,0.0,0.0,1.0,-36.24070053482623
0.008800766972837864,-0.014531440167804006,0.205,280.12537966938606,0.0,0.0,-0.9525864412481337,1457.4794365783437,0.0,0.0,1.0,-30.816599379061824
-0.010998168158132015,0.016032205196236455,0.205,280.0448498258706,0.0,0.0,-0.8295960270720777,1454.6446504571659,0.0,0.0,1.0,-28.05328029801869
0.016613896327950912,-0.0011871598822980915,0.205,280.30390402879254,0.0,0.0,-0.9633988572791101,1458.307121048344,0.0,0.0,1.0,-31.921269549173253
-0.007445579480813524,0.00997115632872622,0.205,280.46052630023286,0.0,0.0,-0.9793888794923147,1453.3150446022566,0.0,0.0,1.0,-32.677075353171794
0.01744336725879535,-0.004774366089050646,0.205,280.32610877116207,0.0,0.0,-0.9070324547894597,1454.7261575290763,0.0,0.0,1.0,-30.50645397334145
-0.01911932760340655,-0.0049828740108490395,0.205,280.0792833965373,0.0,0.0,-0.8082236284610719,1455.6990794900369,0.0,0.0,1.0,-29.223693182591543
0.01018888041453331,-0.0009585348821445582,0.205,280.68498057052676,0.0,0.0,-0.8980408154950685,1452.2549088286855,0.0,0.0,1.0,-37.25372591206697
-0.014261248955114401,-0.003417407392235074,0.205,280.40990714016175,0.0,0.0,-0.9989113626154056,1452.5630199388,0.0,0.0,1.0,-30.99642837433686
-0.01059588436319877,-0.0032999085189192945,0.205,280.5905411982208,0.0,0.0,-0.937190440039468,1453.966880885774,0.0,0.0,1.0,-36.19541181512407
-0.009540002315910593,0.002548617374731155,0.205,280.754830859026,0.0,0.0,-0.8789813068311839,1453.3732476586688,0.0,0.0,1.0,-35.3366090596743
-0.013698215541914393,-0.008801786564854563,0.205,280.29236082904055,0.0,0.0,-0.9738918228152258,1451.6297142928336,0.0,0.0,1.0,-29.92993140818259
-0.009438367485413643,-0.004698025780532989,0.205,280.66392646992824,0.0,0.0,-0.9131314284231202,1451.849505693768,0.0,0.0,1.0,-35.82151706689753
0.013143684520360525,0.005972138901294568,0.205,280.43118926978974,0.0,0.0,-0.9997792825285685,1452.9357746865498,0.0,0.0,1.0,-34.52257145715129
0.006320843022308425,0.018634747154875845,0.205,279.9984156478181,0.0,0.0,-0.8137819144371963,1454.374764131595,0.0,0.0,1.0,-28.570689714176225
-0.010143243877641876,-0.007429087745859251,0.205,280.4748410128057,0.0,0.0,-0.9822192276898479,1455.0928792237348,0.0,0.0,1.0,-34.16895976645963
-0.011797502706277156,0.0007487590025190554,0.205,280.71331843447336,0.0,0.0,-0.9627110739358937,1453.4429376529174,0.0,0.0,1.0,-34.95126532522651
-0.008866387667317396,-0.0071376281982695996,0.205,280.579052903865,0.0,0.0,-0.9480178900852534,1456.4168728954235,0.0,0.0,1.0,-35.580304817247594
-0.012849012543215303,-0.010364873410223413,0.205,280.2005604981268,0.0,0.0,-0.9677583239039831,1452.575171410667,0.0,0.0,1.0,-30.525807389779075
0.01722263441615059,-0.0066723681719619825,0.205,280.20023117358437,0.0,0.0,-0.8874285032733701,1454.3523728176299,0.0,0.0,1.0,-29.310118267511978
0.005624577249495231,0.012156183229934019,0.205,280.33080849879013,0.0,0.0,-0.995371917564994,1455.2379582887188,0.0,0.0,1.0,-33.72457203642838
-0.0069652082368222195,0.011445297094112883,0.205,280.37073276450167,0.0,0.0,-0.995412322660651,1456.4402470885625,0.0,0.0,1.0,-33.37867179502525
-0.0020881473727707212,0.010657389024920676,0.205,280.52077732021405,0.0,0.0,-0.927355668389961,1452.6333593343354,0.0,0.0,1.0,-36.92185207874438
-0.01280777598922887,-0.0007964482530614942,0.205,280.48070388854575,0.0,0.0,-0.9872987285752669,1452.3670866464365,0.0,0.0,1.0,-31.88119002477145
-0.01270196721788748,0.009356825566550934,0.205,280.3363285519685,0.0,0.0,-0.9852747184664478,1457.0390602075934,0.0,0.0,1.0,-29.32962976289012
-0.012674948241419806,0.00036330004064633666,0.205,280.54434460309443,0.0,0.0,-0.9844215293346619,1453.7446048518314,0.0,0.0,1.0,-35.32514868254645
-0.002869390392564458,-0.00951667144503328,0.205,280.5749500792804,0.0,0.0,-0.882565093929639,1454.189976355537,0.0,0.0,1.0,-36.64265390049628
0.005668435660130108,-0.011671960244180137,0.205,280.42195865792337,0.0,0.0,-0.9897332730302328,1453.5383084782668,0.0,0.0,1.0,-32.417452427175405
-0.0018909750253282977,-0.009930081298598622,0.205,280.5620882659306,0.0,0.0,-0.8915772442424037,1454.777429600574,0.0,0.0,1.0,-36.693419738986606
-0.014681649519787641,0.001224558634386015,0.205,280.42041879275376,0.0,0.0,-0.9985275566372416,1455.4099740115234,0.0,0.0,1.0,-32.59365321242728
0.00959673557676463,-0.013326813785243054,0.205,280.2356627114884,0.0,0.0,-0.9701623808534074,1456.3136126463157,0.0,0.0,1.0,-33.530078559228166
0.011696847520849145,0.01297142781740641,0.205,280.16611049237184,0.0,0.0,-0.9346051753551334,1454.685952429683,0.0,0.0,1.0,-28.525932380461196
-0.0024840202682845816,-0.017067210842061916,0.205,280.1564471625847,0.0,0.0,-0.9432203426850025,1453.6330511701785,0.0,0.0,1.0,-31.276923663628185
-0.0053788624850032345,-0.01601832607211358,0.205,280.2206886308278,0.0,0.0,-0.9556984718418358,1454.423604803912,0.0,0.0,1.0,-31.10863950586348
0.019540568205268775,0.0024016907310154085,0.205,280.0021718738578,0.0,0.0,-0.8130926195054426,1457.2742281017179,0.0,0.0,1.0,-30.14273016510341
0.007307545919761205,-0.00863390736925708,0.205,280.52462356437945,0.0,0.0,-0.9454074760837701,1456.2742018295842,0.0,0.0,1.0,-36.25517813253787
0.014643125029988891,0.012413634914511458,0.205,279.96307600463194,0.0,0.0,-0.8453072801969765,1458.7721914597485,0.0,0.0,1.0,-30.550205904340434
-0.018342711793320605,-0.007095553191499769,0.205,280.03635466049144,0.0,0.0,-0.8144874219743656,1457.4899608627193,0.0,0.0,1.0,-29.137729065257922
0.010726917119761066,0.0105269168523299,0.205,280.37381931311177,0.0,0.0,-0.9961600427215275,1455.8593922864825,0.0,0.0,1.0,-32.09633489080162
0.008165213967209158,-0.011137952650957064,0.205,280.40812010150836,0.0,0.0,-0.9987779176346776,1451.2379232611675,0.0,0.0,1.0,-32.893485605396414
-0.013489663662300911,0.006417335268622458,0.205,280.3637597904275,0.0,0.0,-0.997005091997084,1456.3038459577538,0.0,0.0,1.0,-31.068329566776583
-0.00704631738735022,0.008255001300200585,0.205,280.47942363068233,0.0,0.0,-0.9270698444589804,1454.8903285070814,0.0,0.0,1.0,-34.705921492983016
0.013692430390224115,0.011193821882747661,0.205,280.2149995593401,0.0,0.0,-0.9253820506353013,1454.4354934876574,0.0,0.0,1.0,-29.019809930948853
-0.019669668356406725,0.00043198069003367397,0.205,280.105947156399,0.0,0.0,-0.8139987670474511,1457.695371242093,0.0,0.0,1.0,-28.667681745495784
0.004468886231234239,-0.010992725640955344,0.205,280.4297320204324,0.0,0.0,-0.9640842582611999,1455.1307997281822,0.0,0.0,1.0,-35.774543487347415
0.005078347953194334,-0.014907196971463976,0.205,280.1962512940618,0.0,0.0,-0.9858060388324903,1455.3217121875168,0.0,0.0,1.0,-31.517859776954754
-0.011022306296815118,-0.014199442535465406,0.205,280.1159735475218,0.0,0.0,-0.912267802723712,1456.462010379973,0.0,0.0,1.0,-30.421360915656603
-0.012264146617525427,-0.0010546845663007868,0.205,280.6728467678333,0.0,0.0,-0.9761945294369703,1454.9607456851245,0.0,0.0,1.0,-33.77074913551472
0.009025650650128454,-0.0022437273469562225,0.205,280.7964380475537,0.0,0.0,-0.8451333318589338,1453.8267418278501,0.0,0.0,1.0,-37.509198312801004
0.008196900331549656,-0.009295764040564364,0.205,280.4329080018974,0.0,0.0,-0.978214324919207,1455.5227872634207,0.0,0.0,1.0,-34.92521463607424
-0.0007598686240523637,0.010030162620160534,0.205,280.5285586052462,0.0,0.0,-0.8889635209074456,1456.8177438476534,0.0,0.0,1.0,-38.09591645521099
-0.006729386501871504,-0.009876493872410647,0.205,280.45867454486415,0.0,0.0,-0.9665931733508095,1453.5035267501296,0.0,0.0,1.0,-32.322537911992626
-0.01716930315365374,0.004562562212886283,0.205,280.3615436386393,0.0,0.0,-0.9218897569290017,1454.3211301905264,0.0,0.0,1.0,-31.087643589007556
-0.014691826362877917,0.00599828666192947,0.205,280.3167056915406,0.0,0.0,-0.9834280869229939,1457.155045026336,0.0,0.0,1.0,-31.578062974054223
-0.0007353299297693311,0.013427817639343195,0.205,280.2851731519836,0.0,0.0,-0.9959334316087711,1454.0663584642189,0.0,0.0,1.0,-33.79334165004151
0.012587483149943486,0.007378811761763755,0.205,280.29040283745917,0.0,0.0,-0.9992657855851481,1451.9862269348775,0.0,0.0,1.0,-31.704231249600426
0.008442875778763579,-0.01526373761117149,0.205,280.17715742688483,0.0,0.0,-0.9355456833996155,1454.3405600702015,0.0,0.0,1.0,-30.907045886728266
0.009095237212665917,0.009581610913859992,0.205,280.452506985147,0.0,0.0,-0.9931760010715359,1457.0371991685838,0.0,0.0,1.0,-33.06403546266758
-0.01108085387196631,0.009286862267548992,0.205,280.3491616891465,0.0,0.0,-0.999726751824624,1456.698438725398,0.0,0.0,1.0,-33.59333563109803
-0.008009202622142398,0.004524507046017089,0.205,280.72973941670955,0.0,0.0,-0.8387148414178078,1455.0897671893088,0.0,0.0,1.0,-37.73516239960006
-0.010552187088116054,-0.005034658150139422,0.205,280.5366214106152,0.0,0.0,-0.9586281417690969,1454.7534738005131,0.0,0.0,1.0,-37.10334980654541
-0.007505027968759252,0.01775470054402688,0.205,279.962422573893,0.0,0.0,-0.8403335401925589,1454.9403466404144,0.0,0.0,1.0,-29.40224611569706
0.014378274405770457,-0.011199559107422357,0.205,280.19726304892316,0.0,0.0,-0.9000988635079108,1453.6993439504404,0.0,0.0,1.0,-28.730909659698703
-0.008189950913603689,-0.012758229235786662,0.205,280.29584839778147,0.0,0.0,-0.9947568884462511,1453.1136081472262,0.0,0.0,1.0,-32.660451979341836
-0.010748144895482417,0.007494404153802466,0.205,280.42197072931856,0.0,0.0,-0.9916836176686439,1456.1299319083848,0.0,0.0,1.0,-35.00945195855303
0.006695158742344758,-0.00977735072961248,0.205,280.5061121741494,0.0,0.0,-0.9635879845645742,1452.2711134884062,0.0,0.0,1.0,-36.35486192829504
0.011479473944922587,-0.004720847922623048,0.205,280.55487773230817,0.0,0.0,-0.9786514361753411,1455.0226613198743,0.0,0.0,1.0,-34.45592555851266
0.014730757056543016,-0.008417134527362275,0.205,280.2807319291511,0.0,0.0,-0.9533713143978367,1453.9634334663751,0.0,0.0,1.0,-31.201405680016958
-0.010503892553587758,-0.01383298872649637,0.205,280.13478423230214,0.0,0.0,-0.9385034482129473,1457.9684020065163,0.0,0.0,1.0,-28.59642537413587
0.012337706421434917,-0.0048835330028618095,0.205,280.49436310012106,0.0,0.0,-0.9939172852287423,1454.9202617060794,0.0,0.0,1.0,-32.930873856211264
-0.018449284233612327,-0.0018912877952254568,0.205,280.148291971586,0.0,0.0,-0.8833369365348198,1454.332242621822,0.0,0.0,1.0,-29.404547274692128
0.01569958021177957,-0.004458393624741731,0.205,280.29154200393276,0.0,0.0,-0.9729042243273813,1455.5029560333091,0.0,0.0,1.0,-30.22925915985702
-0.012180242014450851,-0.005395264316887545,0.205,280.4809367838593,0.0,0.0,-0.9945523963805696,1454.871451355408,0.0,0.0,1.0,-34.859885217287065
0.007653841478208314,0.0158148774315531,0.205,280.12074489024246,0.0,0.0,-0.9303392707987029,1453.1291807906364,0.0,0.0,1.0,-30.015807510948566
0.00569682938612376,-0.01657421738960067,0.205,280.11617642935704,0.0,0.0,-0.9321605560175605,1454.6297659014945,0.0,0.0,1.0,-31.449774053177528
-0.012979343677061625,-0.01409086481447747,0.205,280.04433818484017,0.0,0.0,-0.8477493852078902,1454.0120777351412,0.0,0.0,1.0,-29.41195028358035
0.01216506272005743,-0.014008211988326023,0.205,280.09196468541205,0.0,0.0,-0.8829476358619108,1456.9823637454524,0.0,0.0,1.0,-31.06593817150128
-0.01078873734938534,0.001203130116925961,0.205,280.82645777187474,0.0,0.0,-0.9271662263890582,1454.1434924715427,0.0,0.0,1.0,-37.29550158109108
0.0033589547658910497,0.014813998645317843,0.205,280.27215548633956,0.0,0.0,-0.9944140412758062,1454.7257476923785,0.0,0.0,1.0,-31.589564358091227
0.010796339513049955,0.0005074409605352467,0.205,280.7395152969147,0.0,0.0,-0.9251197657934325,1455.4355245491327,0.0,0.0,1.0,-37.41442804271057
-0.00014219649618771183,-0.014652337747407922,0.205,280.3270900493883,0.0,0.0,-0.9989732128427449,1458.5630228827602,0.0,0.0,1.0,-30.670285164824126
0.004221044155607756,-0.019188908757402947,0.205,279.8917373009598,0.0,0.0,-0.815827285474346,1453.4861613116902,0.0,0.0,1.0,-27.37740164568795
0.011338221955471883,0.015558461596851019,0.205,280.01136694227637,0.0,0.0,-0.8418699037015265,1453.401301608194,0.0,0.0,1.0,-29.16951261227786
0.0005740615278090552,0.018808610822323574,0.205,279.9980000525633,0.0,0.0,-0.8681309567577006,1456.017955175005,0.0,0.0,1.0,-28.47892582319956
-0.0028826462597161587,0.015276114310808685,0.205,280.0730275526051,0.0,0.0,-0.9893871768152149,1455.141124349636,0.0,0.0,1.0,-29.59989147509619
0.012814589462252694,0.0015401247643428947,0.205,280.570460632919,0.0,0.0,-0.9885952196785488,1454.9436855670046,0.0,0.0,1.0,-33.82630784123094
-0.005118736082487607,0.00778167541218825,0.205,280.65290975056047,0.0,0.0,-0.8460036249823903,1455.178453855163,0.0,0.0,1.0,-36.76941489218134
-0.011100128595355979,-0.006879801016691862,0.205,280.5521898170692,0.0,0.0,-0.9910373252411053,1451.886624906833,0.0,0.0,1.0,-33.4863647346923
0.002475278046458985,-0.011560794750862063,0.205,280.3990656781498,0.0,0.0,-0.9627594556529349,1455.2290857256003,0.0,0.0,1.0,-36.531382952519984
-0.017204399604331674,-0.007630295493808157,0.205,280.0741211608983,0.0,0.0,-0.8679477293813971,1456.6332451125884,0.0,0.0,1.0,-30.265330190368335
-0.010364783212566033,0.016879175184625273,0.205,279.97417199233035,0.0,0.0,-0.8047628069249073,1454.3211506384926,0.0,0.0,1.0,-29.304449277703796
0.013051113179961387,0.003104668466609642,0.205,280.4397932168895,0.0,0.0,-0.995595852787733,1458.0410383197302,0.0,0.0,1.0,-32.95096654573569
-0.014483928671529357,-0.0036978493326298594,0.205,280.3609931278863,0.0,0.0,-0.996915608452541,1452.8406990167973,0.0,0.0,1.0,-29.46950596293892
0.006545270234885987,-0.013105079700591224,0.205,280.1970531456744,0.0,0.0,-0.9989952722655663,1451.2582891969719,0.0,0.0,1.0,-33.289024476667414
-0.008610092538269087,0.0019800626291775958,0.205,280.77691420098745,0.0,0.0,-0.8146324568077112,1452.490496133185,0.0,0.0,1.0,-37.487879964024735
-0.010158636251952772,0.012016349513459215,0.205,280.23336902038625,0.0,0.0,-0.9860597849790398,1453.2261672024665,0.0,0.0,1.0,-33.91288181596488
-0.00893976204826047,-0.00026928016863999796,0.205,280.89977153637926,0.0,0.0,-0.8220184058074278,1456.0616958421174,0.0,0.0,1.0,-37.33484143445071
-0.007481315792503883,0.010422603313011525,0.205,280.3941149772507,0.0,0.0,-0.9872479018840457,1453.9652618632608,0.0,0.0,1.0,-34.79704241482173
-0.005614880385316685,-0.011137942555829413,0.205,280.4906180586693,0.0,0.0,-0.9800432828926456,1455.056657397674,0.0,0.0,1.0,-32.9738410199755
0.012759243870229345,-0.01222120396035371,0.205,280.19761010769554,0.0,0.0,-0.9261518437428073,1457.39228751398,0.0,0.0,1.0,-28.311806510596703
-0.0034687348719045193,0.018505118549577322,0.205,279.97905813589256,0.0,0.0,-0.8675502735752894,1453.3851597796076,0.0,0.0,1.0,-29.60202139570112
-0.010999737528980539,-0.012683860261176485,0.205,280.1679945564006,0.0,0.0,-0.959245374058779,1458.312704465539,0.0,0.0,1.0,-28.78256473622867
-0.01676141076771941,0.0039159608825431996,0.205,280.1876462857773,0.0,0.0,-0.9445108480651376,1452.8412755418549,0.0,0.0,1.0,-31.92124594949142
-0.0022172631744671687,0.018895841085566627,0.205,279.9526815329376,0.0,0.0,-0.855839757457957,1456.3421515006114,0.0,0.0,1.0,-30.707878562839642
-0.016551390892346515,0.00662745137422162,0.205,280.2528901561663,0.0,0.0,-0.9190301788678623,1453.9401038901465,0.0,0.0,1.0,-29.429284893385358
-0.00040313742617685246,0.010103208584472853,0.205,280.55156257329344,0.0,0.0,-0.8917197306247839,1452.951131815204,0.0,0.0,1.0,-35.52087604794658
0.0016399352966731896,-0.01925982842392185,0.205,279.932539578196,0.0,0.0,-0.836899195952274,1457.9335936708062,0.0,0.0,1.0,-27.42306724811046
-0.011357966411827932,0.00533659689075287,0.205,280.5346880730096,0.0,0.0,-0.9817142797892806,1457.4799795080135,0.0,0.0,1.0,-34.658279497035174
0.018026547366838636,-0.004885225503896521,0.205,280.15384767233695,0.0,0.0,-0.8761246081895426,1451.782548612606,0.0,0.0,1.0,-28.280285389949924
-0.01427366381154925,-0.0030339896198248732,0.205,280.48449711756365,0.0,0.0,-0.9992582399898722,1458.4476248055535,0.0,0.0,1.0,-33.1436467950331
0.008849882476506117,-0.00629486697882352,0.205,280.60085193536815,0.0,0.0,-0.9273664610702268,1453.5951614471792,0.0,0.0,1.0,-35.59727011822172
0.00933130362690672,0.008877717233884645,0.205,280.4334310369217,0.0,0.0,-0.9881305222077379,1449.9703377613444,0.0,0.0,1.0,-34.20426950075019
-0.008766935772425755,0.01217320413946604,0.205,280.36194220788263,0.0,0.0,-0.9964296615668025,1458.283414466853,0.0,0.0,1.0,-31.731891528926564
0.0051413517744480115,0.014707041102585116,0.205,280.22026110668213,0.0,0.0,-0.9888212977750236,1449.8257272682251,0.0,0.0,1.0,-31.043134990483154
-0.0031926401981298798,0.013776686702059221,0.205,280.1778829697875,0.0,0.0,-0.9999259720922358,1452.7536853818654,0.0,0.0,1.0,-33.3787927104394
0.004739379609253716,0.018382628050551637,0.205,279.9932272409104,0.0,0.0,-0.8583485307597016,1452.7609225797485,0.0,0.0,1.0,-26.406357029723125
0.01593184309001515,-0.012024747536974884,0.205,279.9806428652802,0.0,0.0,-0.7938677328233094,1452.7035754181572,0.0,0.0,1.0,-26.95796466276513
-0.012079142893282107,0.014551889702046189,0.205,280.0104164412173,0.0,0.0,-0.862610864399424,1453.5329237459873,0.0,0.0,1.0,-29.513725330166945
0.011815147798607257,-0.00044357967724437786,0.205,280.6209128834551,0.0,0.0,-0.9627795724367867,1457.3661623291262,0.0,0.0,1.0,-33.81972340686279
-0.004466140649424913,0.008376052286161015,0.205,280.71352700884273,0.0,0.0,-0.856914375833518,1454.6116954864615,0.0,0.0,1.0,-37.09677150097882
-0.010217696363039666,0.0168762097950631,0.205,280.0006014932076,0.0,0.0,-0.8102813282338464,1452.814860638016,0.0,0.0,1.0,-29.36933442756429
-0.0058891162733475414,-0.006382648731710848,0.205,280.6935413371626,0.0,0.0,-0.8041945544164635,1458.9739679851634,0.0,0.0,1.0,-37.64515852020501
-0.0004290977984686617,0.018053476884957054,0.205,280.03112728737705,0.0,0.0,-0.9083070897022851,1456.246546897414,0.0,0.0,1.0,-31.249970126889675
0.01247709780478267,0.011572252956709925,0.205,280.22401403695943,0.0,0.0,-0.9515846465551365,1453.6321822692505,0.0,0.0,1.0,-28.945193673559725
0.010698510255844656,-0.0019072567663449313,0.205,280.6955997824762,0.0,0.0,-0.9276619801104908,1456.0426628674318,0.0,0.0,1.0,-35.23399261666917
0.018493939882721813,-0.0015996226780958542,0.205,280.0333221005888,0.0,0.0,-0.8824107720233094,1452.055492948471,0.0,0.0,1.0,-28.728252397863
0.001858060889246945,0.009138672898137638,0.205,280.65448399633516,0.0,0.0,-0.84671185539494,1452.014877097598,0.0,0.0,1.0,-35.8568808223863
0.0056253161587356435,-0.01336448404035222,0.205,280.31311139283815,0.0,0.0,-0.9996045207820938,1454.8613559348396,0.0,0.0,1.0,-32.338513169953835
-0.01366343580987135,0.013831769301869088,0.205,280.01398294169155,0.0,0.0,-0.8295689929075993,1453.892469191381,0.0,0.0,1.0,-27.759034643862016
0.0074079113754478,0.014537693117028603,0.205,280.2109419144066,0.0,0.0,-0.9730103229179161,1458.97375164697,0.0,0.0,1.0,-31.11823754795226
-0.007087392612837386,-0.008369835825375439,0.205,280.5298993663105,0.0,0.0,-0.9318871016861858,1454.7009273729266,0.0,0.0,1.0,-36.49507661997017
0.0029709224532803156,-0.01931989488423139,0.205,280.0292974856214,0.0,0.0,-0.8226347703803084,1454.0129205052926,0.0,0.0,1.0,-27.120590514653827
0.0024018035307194624,0.009777291986283777,0.205,280.5495863232077,0.0,0.0,-0.8894435535147827,1454.9973520237554,0.0,0.0,1.0,-34.92330752285052
0.0016983740614720316,-0.013809450840202377,0.205,280.3167243806661,0.0,0.0,-0.9992842065537606,1455.1348776077205,0.0,0.0,1.0,-32.26249107166154
-0.014616406635130367,0.011009913812288247,0.205,280.16209644162313,0.0,0.0,-0.8963592754692239,1457.4641748602414,0.0,0.0,1.0,-28.685999642608852
0.010284997906295208,0.011469648350406052,0.205,280.2678511400903,0.0,0.0,-0.9915576695261484,1453.2020873514243,0.0,0.0,1.0,-32.44979093324929
0.015880780207751657,0.0010558679530624992,0.205,280.3903492046352,0.0,0.0,-0.9824580291513676,1455.1031176611943,0.0,0.0,1.0,-29.591620363076906
0.00802039400302048,-0.008862421207656674,0.205,280.46667448138163,0.0,0.0,-0.9666411287602159,1449.371148498351,0.0,0.0,1.0,-34.16453973892884
0.01732861955124543,0.007322946589333754,0.205,280.10368070408003,0.0,0.0,-0.868417428621933,1455.8465824880623,0.0,0.0,1.0,-30.741662882776662
-0.005301108570535382,-0.017261027748838517,0.205,280.00879136026776,0.0,0.0,-0.9083968242767085,1452.3517510767651,0.0,0.0,1.0,-30.052976724897878
-0.014275458944964275,0.003956919854456142,0.205,280.43224110940446,0.0,0.0,-0.9979912823518464,1453.671375608422,0.0,0.0,1.0,-34.50951369391406
-0.016253227250119563,-0.008401446684737036,0.205,280.1806046951406,0.0,0.0,-0.896507281807384,1455.1556867463937,0.0,0.0,1.0,-30.805495127042974
-0.0009054169729106958,0.013062462766263803,0.205,280.41957248255756,0.0,0.0,-0.9915496785752518,1450.5044491263839,0.0,0.0,1.0,-33.693662005950436
0.013000275922226858,-0.007090823053980579,0.205,280.36197188657184,0.0,0.0,-0.9980293535478637,1453.6551556863888,0.0,0.0,1.0,-31.68446933211136
0.01142590230525307,0.01361183021796197,0.205,280.2048957249073,0.0,0.0,-0.9216003304332904,1452.909988284293,0.0,0.0,1.0,-29.199225065938784
-0.012172623178888871,-0.010625004944644419,0.205,280.1893655878859,0.0,0.0,-0.9770003581267552,1455.5863367329725,0.0,0.0,1.0,-31.75724592984544
0.0008275717996462122,0.008918723985646873,0.205,280.6507448966803,0.0,0.0,-0.8229041820371922,1455.7379725180008,0.0,0.0,1.0,-37.56165261353259
0.005402083454622921,0.006965503169449996,0.205,280.7140797227168,0.0,0.0,-0.8132583103553745,1456.55322192678,0.0,0.0,1.0,-37.685138367976236
0.0013001585748849565,0.014151576250425948,0.205,280.329458688754,0.0,0.0,-0.9999904717831035,1455.9139927933481,0.0,0.0,1.0,-33.59707333503235
0.0011163851955563,0.016006611110178558,0.205,280.1790457955097,0.0,0.0,-0.9796211779326434,1454.197525856015,0.0,0.0,1.0,-31.600372177599372
-0.0177136517655627,-0.0024127659172357074,0.205,280.20719204073237,0.0,0.0,-0.916831715385626,1456.0737942060312,0.0,0.0,1.0,-28.335564282007994
0.003464291296497043,-0.012285298914512507,0.205,280.3886054013019,0.0,0.0,-0.9860486921421021,1453.687916493279,0.0,0.0,1.0,-33.68278799487439
-0.017236160687440712,-0.0041786460804975395,0.205,280.2740681409273,0.0,0.0,-0.9232056559124905,1454.3113451446907,0.0,0.0,1.0,-28.76070514210948
-0.005883047006477649,-0.011374274531010265,0.205,280.3851092703671,0.0,0.0,-0.9868124919564203,1457.6129887182585,0.0,0.0,1.0,-35.788210022474054
0.003869076450167827,-0.009783925188854327,0.205,280.5277657418311,0.0,0.0,-0.9121065365321513,1454.378232949721,0.0,0.0,1.0,-36.46950853520374
-0.015729138202144145,0.009467193227984574,0.205,280.14498037874966,0.0,0.0,-0.8932982599602095,1452.6389457345524,0.0,0.0,1.0,-29.724762935948046
-0.01675451850557061,0.004925236443457645,0.205,280.1697667765028,0.0,0.0,-0.9347242573901633,1453.3722105589493,0.0,0.0,1.0,-29.413618007498215
-0.007952226859518786,-0.011503421792741995,0.205,280.3108794484304,0.0,0.0,-0.9995544518484476,1454.0493025184498,0.0,0.0,1.0,-33.83026761267906
0.00928587892213182,0.0036210244663247584,0.205,280.7176836342485,0.0,0.0,-0.8840357084663062,1450.8132522877224,0.0,0.0,1.0,-37.94925868554716
-0.009624006504221445,-0.012575297679631186,0.205,280.31326395376925,0.0,0.0,-0.9841114795718371,1454.7104478196761,0.0,0.0,1.0,-33.36259915125844
-0.006655717135724225,-0.012353184133551688,0.205,280.34545025075363,0.0,0.0,-0.9996998492135831,1453.8767814405842,0.0,0.0,1.0,-34.11553504239719
-0.0011356432920340952,-0.009840215376821499,0.205,280.6320501173272,0.0,0.0,-0.8806879784145943,1452.5865344733581,0.0,0.0,1.0,-38.320146335344056
0.008061016185496496,-0.014790469163020592,0.205,280.19273406044596,0.0,0.0,-0.95744743973181,1454.7785074343724,0.0,0.0,1.0,-30.980049733102543
0.018951150869300847,-0.0029932398163565977,0.205,280.1126572247265,0.0,0.0,-0.8459808605837394,1458.1895299771006,0.0,0.0,1.0,-26.98500861002395
-0.01650503627608503,-0.006508357828375044,0.205,280.17107645197217,0.0,0.0,-0.9229214224323739,1454.4468327114582,0.0,0.0,1.0,-30.169738320627662
0.010279719958818028,-0.01530657731176821,0.205,280.10253811311827,0.0,0.0,-0.8891215762031363,1459.4785228428889,0.0,0.0,1.0,-30.026387652474458
0.01846623063542098,-0.004436217288089559,0.205,280.17990373796044,0.0,0.0,-0.857876984249973,1457.0318848087375,0.0,0.0,1.0,-29.484481957854644
0.010998344736168342,-0.015798731400349077,0.205,280.00481571957175,0.0,0.0,-0.841964330312921,1453.1631030372014,0.0,0.0,1.0,-25.892154081505137
0.0034400342386922056,-0.01622292509826095,0.205,280.1167948555825,0.0,0.0,-0.9655746371420209,1457.8918555416135,0.0,0.0,1.0,-29.890793110319127
-0.009829000272405703,9.526063872614139e-06,0.205,280.71324911515313,0.0,0.0,-0.8764477479043655,1455.4120872044914,0.0,0.0,1.0,-36.981477999455045
-0.019111615396477915,-0.002349679718358782,0.205,280.09493903267565,0.0,0.0,-0.8416171911927383,1457.5935181809612,0.0,0.0,1.0,-29.800412804097352
-0.005846114738346443,-0.011941889076777764,0.205,280.4483156212609,0.0,0.0,-0.9942478061129527,1455.1467578541549,0.0,0.0,1.0,-34.75905952301456
-0.01394665481753603,0.00544772432635221,0.205,280.3384139182456,0.0,0.0,-0.9966968157353668,1454.536602467007,0.0,0.0,1.0,-30.7842866092429
-0.001453184778978349,0.016562050785257208,0.205,280.0485393172179,0.0,0.0,-0.9643231186617015,1452.6143448992382,0.0,0.0,1.0,-33.400164724807766
-0.008951093073527658,-0.014133793871472709,0.205,280.12352821207236,0.0,0.0,-0.9611273823776336,1455.9908873917161,0.0,0.0,1.0,-29.94237152029104
-0.008938374015388911,-0.005749647327000626,0.205,280.6872739997,0.0,0.0,-0.9170677608537561,1454.6453481238184,0.0,0.0,1.0,-34.4784252429713
0.018366799722809222,-0.006228383294081376,0.205,280.1768389550371,0.0,0.0,-0.8327239944382072,1453.405866444568,0.0,0.0,1.0,-28.55239321964275
0.012652396162077037,0.011161842986924905,0.205,280.2307119797246,0.0,0.0,-0.9565359890061651,1454.2618449609752,0.0,0.0,1.0,-30.404555132953885
-0.016779457035616573,0.003080597734255515,0.205,280.27070994399554,0.0,0.0,-0.9500893776886796,1455.7682575312615,0.0,0.0,1.0,-31.291264825751085
0.008446463502000845,0.011022690093503472,0.205,280.4051485267869,0.0,0.0,-0.9991659948772043,1455.2673630624608,0.0,0.0,1.0,-33.70612059459684
0.000586441736336219,-0.01188516869055997,0.205,280.4503036028984,0.0,0.0,-0.965079233126821,1452.6514377356727,0.0,0.0,1.0,-36.49326413226719
-0.007744478485970377,0.01147312689198508,0.205,280.3307497385568,0.0,0.0,-0.9989493271349472,1455.4015705240517,0.0,0.0,1.0,-32.568545851048086
0.018451338456871462,0.0009319285594161016,0.205,280.3411469429544,0.0,0.0,-0.8871673339666759,1451.3009712059243,0.0,0.0,1.0,-29.303716331518537
0.007350900341766252,-0.013589964295976061,0.205,280.3186360369815,0.0,0.0,-0.9908872385489859,1455.4538022164936,0.0,0.0,1.0,-33.23877691990896
-0.017093699747032672,-0.007174974411829226,0.205,280.17942354050786,0.0,0.0,-0.883744067263379,1454.768605564506,0.0,0.0,1.0,-29.256310761957817
-0.014038617550787285,0.006630898722432517,0.205,280.38487943017174,0.0,0.0,-0.9897103482480243,1454.9523922898081,0.0,0.0,1.0,-31.823472906764078
0.01507261557887111,-0.011610611531334233,0.205,280.03220842604225,0.0,0.0,-0.855806476441292,1452.140809352582,0.0,0.0,1.0,-29.00444811766095
-0.008884796963733387,-0.017546344822108973,0.205,279.89530144084796,0.0,0.0,-0.8144667314873936,1455.8989440180503,0.0,0.0,1.0,-27.23623399253925
-0.0015955351595464508,-0.01801862626038438,0.205,280.08550630529953,0.0,0.0,-0.9068299695909215,1457.1338953585837,0.0,0.0,1.0,-32.62962074317626
0.0028232071396023547,-0.0170254308937959,0.205,280.08120859848975,0.0,0.0,-0.9428069706505691,1452.9615333696652,0.0,0.0,1.0,-29.376581747063955
-0.013885256391466589,0.006722802298209758,0.205,280.27558108500426,0.0,0.0,-0.9912408640941518,1458.7575986552736,0.0,0.0,1.0,-30.91005768678195
-0.006022287594895953,0.012415582206268955,0.205,280.373377893932,0.0,0.0,-0.9987146891931864,1457.261916885311,0.0,0.0,1.0,-33.015126661612285
0.012463935815318758,0.01230238592532021,0.205,280.17803467503853,0.0,0.0,-0.9327033780961835,1452.6047805379628,0.0,0.0,1.0,-29.661329303027806
0.014281718191177914,0.008397166335833765,0.205,280.2460456859805,0.0,0.0,-0.9660511215206093,1457.0938303892754,0.0,0.0,1.0,-31.816793613477074
-0.014152799454243263,0.010147036614729337,0.205,280.117378057276,0.0,0.0,-0.9366983432145799,1452.6482289962364,0.0,0.0,1.0,-29.59292992347459
0.017092942853812146,0.005023766786749706,0.205,280.20249636586146,0.0,0.0,-0.9196190268719172,1457.080720140307,0.0,0.0,1.0,-29.540612947091685
-0.012709602822109763,-0.008406047858560958,0.205,280.3140089109565,0.0,0.0,-0.9938298509848902,1455.0692379123122,0.0,0.0,1.0,-33.75998165565052
0.013509393670230466,0.0063425219089444694,0.205,280.46152024616373,0.0,0.0,-0.9971267797216435,1454.604145598805,0.0,0.0,1.0,-30.80102262559991
-0.004549471090874523,-0.013441347512144234,0.205,280.31902284935194,0.0,0.0,-0.9999775470536735,1457.3241496489838,0.0,0.0,1.0,-34.03075142128584
-0.004585439161338168,-0.01751706080074726,0.205,279.9064751942563,0.0,0.0,-0.9059468295101529,1456.1994083382247,0.0,0.0,1.0,-30.405570683581452
0.01074846778688949,0.006987528191136255,0.205,280.5162373379493,0.0,0.0,-0.987075359539852,1452.7815238223845,0.0,0.0,1.0,-35.481962857961186
0.006694749435539509,-0.01098395226239137,0.205,280.4701793170987,0.0,0.0,-0.9878460505399127,1452.5885040885187,0.0,0.0,1.0,-33.28082466181503
0.011579029397842267,0.009761708344535968,0.205,280.39221538440825,0.0,0.0,-0.9949387301978222,1450.3641706882343,0.0,0.0,1.0,-30.455944100238067
-0.014807624140819885,-0.0054885519298359334,0.205,280.37605473619857,0.0,0.0,-0.9849676465516282,1457.0547299798588,0.0,0.0,1.0,-30.306858048153543
0.011073406646654406,0.0024558715165541797,0.205,280.6180051429702,0.0,0.0,-0.9465609385799597,1453.105197656514,0.0,0.0,1.0,-34.781111412636484
0.0099207092619431,-0.007214304591435486,0.205,280.5046047568469,0.0,0.0,-0.9751296773875733,1455.8281763715145,0.0,0.0,1.0,-34.74107649583739
-0.01580458286653928,0.008132398386062946,0.205,280.2445171307748,0.0,0.0,-0.9214905944687006,1453.6217470944146,0.0,0.0,1.0,-29.856569690679617
-0.00796153867216619,0.014010106774060442,0.205,280.1823624256047,0.0,0.0,-0.9780304643496043,1457.3945110402656,0.0,0.0,1.0,-30.959425097015163
0.0019632214106822736,0.016054075562009107,0.205,280.17339468227266,0.0,0.0,-0.9766077794213444,1455.1241229464767,0.0,0.0,1.0,-32.77507009017737
-0.01205110837097009,0.01174965222602743,0.205,280.13631338198036,0.0,0.0,-0.9578889183001371,1452.8081548411628,0.0,0.0,1.0,-34.2323024238213
0.013674823445627565,0.001711499881403399,0.205,280.44978956209746,0.0,0.0,-0.9986125716676704,1457.8989050383807,0.0,0.0,1.0,-35.51821466066725
0.0012885169494352114,-0.009591291376325712,0.205,280.5189314719792,0.0,0.0,-0.8678319550162072,1455.8698964121734,0.0,0.0,1.0,-38.612476197277346
0.0003279666822731079,-0.00983861644943491,0.205,280.61592889689047,0.0,0.0,-0.8772889807271416,1454.0144890251536,0.0,0.0,1.0,-36.96087705389226
-0.005381521285955376,-0.0067958565721491036,0.205,280.66612989381633,0.0,0.0,-0.8030760307779025,1456.9938289841557,0.0,0.0,1.0,-36.444375842086984
-0.008110776852211486,0.01401498287987113,0.205,280.207196383996,0.0,0.0,-0.9761419644526448,1454.4553575640662,0.0,0.0,1.0,-32.234604463987885
-0.007182049993502492,0.016243527222825422,0.205,280.063582798967,0.0,0.0,-0.9220996862181574,1453.4534396019405,0.0,0.0,1.0,-29.68102935530144
0.01833824504665231,0.0017968730789987603,0.205,280.14553377929417,0.0,0.0,-0.8897583427409684,1455.02092574469,0.0,0.0,1.0,-27.820315081296954
0.008903697190247903,-0.016523334931529396,0.205,280.06567052043766,0.0,0.0,-0.8708771493198114,1453.6498311135433,0.0,0.0,1.0,-28.137494727277133
-0.0016932828025100872,0.014809441488322134,0.205,280.2292465071439,0.0,0.0,-0.9972802672066707,1459.4597652135412,0.0,0.0,1.0,-32.45489899971201
-0.016907255626729022,0.0038077699221492367,0.205,280.2176392244002,0.0,0.0,-0.940004383893956,1454.9898517898498,0.0,0.0,1.0,-30.130622451989467
0.017872126340214088,-0.0023491860576985864,0.205,280.1534305044775,0.0,0.0,-0.9098756758779761,1457.7709963352902,0.0,0.0,1.0,-30.093382118029183
-0.00240848307611063,-0.013213134997737044,0.205,280.3306677219374,0.0,0.0,-0.9957583224893066,1459.8770438167746,0.0,0.0,1.0,-32.49000583668719
0.011013770986891333,0.010166637610077144,0.205,280.3524641626335,0.0,0.0,-0.9965497817107869,1453.5836386299784,0.0,0.0,1.0,-32.46383808102648
0.007493204712919166,-0.007945583682559914,0.205,280.5517650085688,0.0,0.0,-0.9299686126815403,1455.5100860824598,0.0,0.0,1.0,-32.37339889584868
-0.007119305651368849,-0.012613331311756484,0.205,280.2862704905796,0.0,0.0,-0.9996544408886316,1455.1168630810168,0.0,0.0,1.0,-33.26251074532065
0.0076891432595729255,-0.008831177462381493,0.205,280.4875332789402,0.0,0.0,-0.9592013634847703,1454.1788065137569,0.0,0.0,1.0,-34.167957735435714
-0.0026854132902237263,0.011826949512857905,0.205,280.4344459813047,0.0,0.0,-0.9715354180472087,1454.0505966604444,0.0,0.0,1.0,-33.19275626036372
0.005646951265578453,0.017741377729763603,0.205,280.08773661214934,0.0,0.0,-0.8793703914021788,1450.7489442955132,0.0,0.0,1.0,-30.73828048754872
-0.013837417047230854,-0.006400181386711881,0.205,280.35010999846673,0.0,0.0,-0.9937307950012864,1453.9113522947914,0.0,0.0,1.0,-33.208609983846735
0.007725911082151663,0.008543270264948775,0.205,280.5443915053019,0.0,0.0,-0.9528377306377883,1456.533065166826,0.0,0.0,1.0,-36.33990282238622
0.013085182845704394,0.004721793544141683,0.205,280.51181641310865,0.0,0.0,-0.9992737621154464,1451.616046809515,0.0,0.0,1.0,-32.07757759298822
-0.013439766404651249,-0.00891852137667507,0.205,280.2242861739207,0.0,0.0,-0.9776648211824235,1454.59952427348,0.0,0.0,1.0,-29.903379988802392
-0.01099795111246493,-0.0074709821059823775,0.205,280.4896583391023,0.0,0.0,-0.9942408786173107,1455.7849443439056,0.0,0.0,1.0,-32.71957934339147
0.016043206883187645,-0.009679786265179255,0.205,280.0346508679624,0.0,0.0,-0.8727194943887002,1452.1756582986027,0.0,0.0,1.0,-30.399517030377012
-0.00468799944270256,-0.013318999413423849,0.205,280.3149876677428,0.0,0.0,-0.9998930924024216,1454.1506768738025,0.0,0.0,1.0,-32.249156271613955
0.006438111184471252,-0.013750618194942756,0.205,280.25334529169714,0.0,0.0,-0.9944952706782471,1451.739455326487,0.0,0.0,1.0,-31.33180083957873
-0.013329018500065586,-6.898773628424372e-05,0.205,280.59051059117144,0.0,0.0,-0.9946402563437677,1457.3215195430398,0.0,0.0,1.0,-34.00246116981208
-0.0160917822968657,0.0024674210174763637,0.205,280.3068683805509,0.0,0.0,-0.9739540677005949,1454.696375730179,0.0,0.0,1.0,-33.10382190132245
0.014963766736900575,0.004937832414141009,0.205,280.42890092274837,0.0,0.0,-0.9856357437446299,1454.8362817445106,0.0,0.0,1.0,-30.213735984452587
-0.00327574006988734,0.01796001016407295,0.205,280.03744385369674,0.0,0.0,-0.898539447137503,1452.2100799980094,0.0,0.0,1.0,-29.352284523092656
-0.007337667617728324,-0.0054051833794885,0.205,280.7908620072623,0.0,0.0,-0.83322484725042,1456.5978373684138,0.0,0.0,1.0,-36.89791210217249
0.019636345169106218,-0.0022766188613763017,0.205,279.9871792847758,0.0,0.0,-0.8075335829279671,1452.401089789001,0.0,0.0,1.0,-28.36837226766267
-0.012826826120684027,-0.003502213901176255,0.205,280.5071353177921,0.0,0.0,-0.9942510701969582,1457.771061812833,0.0,0.0,1.0,-35.333519607821856
-0.010874126194503458,-0.009296204575624729,0.205,280.33788249984804,0.0,0.0,-0.9999800670871888,1452.8466651127746,0.0,0.0,1.0,-32.270147821561686
0.00543677030289635,-0.013422691481886777,0.205,280.3502495474015,0.0,0.0,-0.9996598811858213,1451.1089813599906,0.0,0.0,1.0,-32.198464543482544
-0.007161449581280604,0.015596351063218477,0.205,280.0679416456787,0.0,0.0,-0.946398318553975,1451.181306097171,0.0,0.0,1.0,-30.81407698660496
-0.008076182773723054,0.006386977035443052,0.205,280.7108480911375,0.0,0.0,-0.9011968087683044,1451.9232018408502,0.0,0.0,1.0,-36.056645873971846
0.018519216475401876,0.0004307462962603732,0.205,280.1536800141317,0.0,0.0,-0.8845150452382344,1453.447527376794,0.0,0.0,1.0,-29.645645447790795
-0.016003651336974914,0.005276870295824426,0.205,280.2363399623558,0.0,0.0,-0.9572288524893248,1454.1883566798763,0.0,0.0,1.0,-32.40087566064239
0.011224585603327867,-0.0007479551843057224,0.205,280.60854061275563,0.0,0.0,-0.9430879564042662,1455.34147263139,0.0,0.0,1.0,-34.66549629311589
0.008088707605912132,0.006873538681191915,0.205,280.61986672477707,0.0,0.0,-0.9164625271090192,1450.898239918765,0.0,0.0,1.0,-35.52370701955714
-0.004859688707334409,0.014208799376532138,0.205,280.3157719821106,0.0,0.0,-0.9962824186195649,1453.2663070259894,0.0,0.0,1.0,-29.931597177403418
-0.01596741003994589,0.004916574592770006,0.205,280.2786435440386,0.0,0.0,-0.9618323527701539,1455.5149289384458,0.0,0.0,1.0,-30.922733349996488
-0.011219999407442054,0.00364201343332509,0.205,280.5553965963922,0.0,0.0,-0.9619412780785915,1450.4398317489706,0.0,0.0,1.0,-35.34868354238688
-0.009587393128299194,0.001958397192745803,0.205,280.6452459874597,0.0,0.0,-0.8739966953187857,1452.6219365400477,0.0,0.0,1.0,-37.956600126965064
0.01871678126881679,-0.006783081681193667,0.205,280.07066634761946,0.0,0.0,-0.7976351532621948,1452.4644965008752,0.0,0.0,1.0,-28.134838990734696
0.012525993093585423,-0.0002165338231284719,0.205,280.59147033267055,0.0,0.0,-0.9812524199623391,1454.0616116618594,0.0,0.0,1.0,-34.05655988166841
-0.013942245374548379,0.0010055801030774308,0.205,280.460424005822,0.0,0.0,-0.9995339075074313,1455.9987145556581,0.0,0.0,1.0,-30.902062521105563
-0.008969148772424301,0.009983414450030906,0.205,280.3874498426625,0.0,0.0,-0.9956521681357379,1456.289249955431,0.0,0.0,1.0,-34.35500695965197
-0.006398000011352251,-0.012180275810263631,0.205,280.2177793445705,0.0,0.0,-0.9984723023815281,1456.66233684406,0.0,0.0,1.0,-32.763906310805744
0.008728473757922444,-0.009280635069687583,0.205,280.5454861907242,0.0,0.0,-0.9855932881157583,1451.9104915497207,0.0,0.0,1.0,-35.69897239101096
0.014723191797629948,0.008322977075299241,0.205,280.25591348855653,0.0,0.0,-0.9551768520796753,1449.4094816205445,0.0,0.0,1.0,-30.432093867588613
0.0027551257655024025,0.013825898162915224,0.205,280.3111083407304,0.0,0.0,-0.9998534447127381,1453.8720968642226,0.0,0.0,1.0,-30.0776565805214
-0.006134605167776856,0.008257972129487322,0.205,280.63025978791205,0.0,0.0,-0.9007331484462828,1456.0601587862886,0.0,0.0,1.0,-37.56888488238541
-0.012937779365312723,0.001588826226587248,0.205,280.53873087473255,0.0,0.0,-0.9906678237536521,1455.746736994375,0.0,0.0,1.0,-32.988614767355976
0.0030248245317285143,-0.01600133689265768,0.205,280.12939329270483,0.0,0.0,-0.9738288350634119,1451.3166430351932,0.0,0.0,1.0,-31.870623538682427
-0.013246692476479752,0.0015612462933644424,0.205,280.43567498466484,0.0,0.0,-0.9947466136847425,1454.2135862219272,0.0,0.0,1.0,-31.60985965220507
-0.015672531694554293,0.012423169457144874,0.205,279.93388075018476,0.0,0.0,-0.7910665325984887,1454.1014439669295,0.0,0.0,1.0,-25.33547689074669
-0.006478363106875865,-0.008862639051765507,0.205,280.51487815989606,0.0,0.0,-0.9323218678086431,1454.3017326572149,0.0,0.0,1.0,-36.24529965786077
0.015258673946070828,0.004746184199079204,0.205,280.31216300767557,0.0,0.0,-0.9810855920767372,1453.9263335758317,0.0,0.0,1.0,-31.42516804540539
0.010421598975013309,-0.017031374961867695,0.205,279.96448839570445,0.0,0.0,-0.793398643920745,1455.2370350626597,0.0,0.0,1.0,-25.04948966847439
-0.004855974596461454,0.007572216889152817,0.205,280.670827062904,0.0,0.0,-0.8254684432713166,1455.8938398069015,0.0,0.0,1.0,-37.792511056549216
0.0059867780453701,-0.017960619960601828,0.205,279.9792880310535,0.0,0.0,-0.8614212240542667,1456.259300948492,0.0,0.0,1.0,-28.700845264236303
0.016338095377277984,0.002352012692404193,0.205,280.3797777992354,0.0,0.0,-0.9678122669705969,1458.1990074620562,0.0,0.0,1.0,-30.819986966167836
-0.005571710759163531,-0.007253211428149686,0.205,280.62478246758496,0.0,0.0,-0.8353365116221392,1450.9811447021007,0.0,0.0,1.0,-38.86273084684003
-0.005506609677315279,0.016352640796842625,0.205,280.1987873511245,0.0,0.0,-0.9429217097752438,1456.813626059523,0.0,0.0,1.0,-30.221131004779906
-0.007872115308212312,0.009826258249051614,0.205,280.381093143724,0.0,0.0,-0.9825953986844949,1455.480147835226,0.0,0.0,1.0,-33.094040377235594
-0.010150271731376377,0.00960127183109906,0.205,280.3289038513335,0.0,0.0,-0.9995109130282955,1455.1927474557467,0.0,0.0,1.0,-33.254597107727555
0.01565430824895793,0.0024269472162697396,0.205,280.3140176843782,0.0,0.0,-0.9839924087201544,1455.3354405246873,0.0,0.0,1.0,-30.44245470626041
-0.007564700286088648,0.015287495009721297,0.205,280.0649888501584,0.0,0.0,-0.9502018414718543,1457.477809755992,0.0,0.0,1.0,-30.444487407037563
-0.004841099155576618,-0.008134278259489107,0.205,280.6212826784372,0.0,0.0,-0.855317413718776,1455.4280268742828,0.0,0.0,1.0,-37.50171458599002
-0.0042576060065814365,-0.009348230668881036,0.205,280.6056545815862,0.0,0.0,-0.8999741895625755,1453.4035985554567,0.0,0.0,1.0,-37.080198853788765
-0.005208170487272112,-0.00748930286213511,0.205,280.67735658266383,0.0,0.0,-0.8337846123043275,1456.4517302782715,0.0,0.0,1.0,-38.138128255218504
-0.01876865837474932,-0.002246717167942023,0.205,280.1862140354193,0.0,0.0,-0.8631603833863003,1452.8667205596803,0.0,0.0,1.0,-28.63746255931942
-0.0046696733977973975,0.013543886922884251,0.205,280.28780652006293,0.0,0.0,-0.9999632040140034,1454.639070064756,0.0,0.0,1.0,-30.97732760234829
0.011363698622890455,-0.009890448443269778,0.205,280.2525958961256,0.0,0.0,-0.9958010599622871,1452.4722372834933,0.0,0.0,1.0,-31.427447213996256
0.01478471244879051,0.0072368127483090515,0.205,280.2470785094463,0.0,0.0,-0.9691024276469546,1450.6912663362161,0.0,0.0,1.0,-31.235575551121833
-0.0014441793042560213,-0.017333071197747133,0.205,280.1244837431413,0.0,0.0,-0.9375495458964058,1450.1715223808562,0.0,0.0,1.0,-30.23227611953716
-0.01490690532003495,0.009415419599372199,0.205,280.2187590294757,0.0,0.0,-0.9277227850446153,1456.00615815237,0.0,0.0,1.0,-31.380124985112776
0.008594345595721453,-0.008394333714690998,0.205,280.51918927195635,0.0,0.0,-0.9683850195170008,1450.8539339576776,0.0,0.0,1.0,-36.464360940739745
0.01143672550551475,0.008501959949397411,0.205,280.38898989830875,0.0,0.0,-0.9999999970368059,1453.547647506133,0.0,0.0,1.0,-31.276154633490016
-0.0012966264914619917,0.01577112829936614,0.205,280.2488961668814,0.0,0.0,-0.9843322183264781,1455.3379229427226,0.0,0.0,1.0,-32.190531756130326
-0.015595947063556926,0.006426681508491117,0.205,280.2424499393539,0.0,0.0,-0.9566676159744247,1454.0253103927416,0.0,0.0,1.0,-29.40313498533997
0.01265217298147072,-0.003024823456576719,0.205,280.55578316482945,0.0,0.0,-0.990260344354462,1456.242688345911,0.0,0.0,1.0,-33.55994826294043
-0.008703040204376768,-0.01513972041245952,0.205,280.15747672818406,0.0,0.0,-0.934744962505712,1453.7407501144362,0.0,0.0,1.0,-29.65416029261003
-0.018513257424910043,0.004318389154225054,0.205,280.1708829717443,0.0,0.0,-0.8567587487761303,1453.7476111369722,0.0,0.0,1.0,-30.395914718341686
0.004025880205154884,0.011458771369936543,0.205,280.437903548973,0.0,0.0,-0.9720009861081889,1456.865769914875,0.0,0.0,1.0,-32.717477349073825
-0.005590465395466923,-0.017754729035378482,0.205,280.12043891080503,0.0,0.0,-0.8796088476123822,1452.3025764866925,0.0,0.0,1.0,-29.623510592899084
-0.006849302626054866,-0.005068945851776164,0.205,280.7685391582174,0.0,0.0,-0.7925226203690509,1457.484840667473,0.0,0.0,1.0,-37.365894681493025
-0.017603609073801534,0.008471096799945814,0.205,280.0874419839117,0.0,0.0,-0.8233848063003649,1457.1888060523354,0.0,0.0,1.0,-29.55998906143264
0.015934429923695863,-0.009294468176028026,0.205,280.1927704653935,0.0,0.0,-0.8886484379985333,1454.4826771196203,0.0,0.0,1.0,-30.709178991589194
0.008907270086818025,-0.006450043275120711,0.205,280.6464603608236,0.0,0.0,-0.9331232114300778,1455.451687625188,0.0,0.0,1.0,-36.459730138470235
0.008646304038182904,-0.016134769146843305,0.205,280.10696030943666,0.0,0.0,-0.8960348421245129,1457.1363669279815,0.0,0.0,1.0,-29.735643421241857
-0.011798951098521615,-0.013856654247025296,0.205,280.1323180633433,0.0,0.0,-0.9013955015467929,1451.5164343645417,0.0,0.0,1.0,-27.844913232778687
0.008984319483525216,0.004114341586665725,0.205,280.74364436200614,0.0,0.0,-0.8793693801098095,1453.9673265664333,0.0,0.0,1.0,-35.28850980840455
-0.005592875160256153,-0.007921772139511844,0.205,280.58755066679413,0.0,0.0,-0.8689680513728586,1457.717388850119,0.0,0.0,1.0,-37.43173462803222
-0.010314263079648093,0.005548606721909687,0.205,280.5337773064678,0.0,0.0,-0.9592814648590002,1452.3010512564933,0.0,0.0,1.0,-35.019380811640545
0.018001017151811384,-0.0036760227756035906,0.205,280.21546150528786,0.0,0.0,-0.8925670028028221,1452.9116708041763,0.0,0.0,1.0,-28.496296260630782
0.003973250895497943,-0.011522922456051831,0.205,280.4324097920085,0.0,0.0,-0.9731408651651057,1452.588629295866,0.0,0.0,1.0,-34.71265200312309
-0.01436629070399261,0.009038372515332124,0.205,280.21639183524366,0.0,0.0,-0.9531290669540141,1455.4908778424733,0.0,0.0,1.0,-30.435179253194786
-0.013097868657035298,0.004521681735765231,0.205,280.55929243361146,0.0,0.0,-0.9990206793599492,1454.0389235875184,0.0,0.0,1.0,-35.09641780347716
-0.00645837820607682,-0.012017867041916045,0.205,280.32678677203137,0.0,0.0,-0.9976732425389245,1457.0958136439626,0.0,0.0,1.0,-31.292395744523425
0.017061222997363217,0.0007863671779159254,0.205,280.32117512395746,0.0,0.0,-0.9493966212128141,1453.9059794555214,0.0,0.0,1.0,-29.756958472909165
-0.012193421217944181,0.008619785972338624,0.205,280.3286976229713,0.0,0.0,-0.9970552754972974,1449.9584501080506,0.0,0.0,1.0,-31.404841206130676
-0.00597188470428374,-0.008359356524679678,0.205,280.59479223793585,0.0,0.0,-0.90003689921899,1455.260110345506,0.0,0.0,1.0,-36.8508799802308
-0.011576753928861747,0.006880247402110502,0.205,280.4776257572264,0.0,0.0,-0.9961240559854108,1456.1577648246575,0.0,0.0,1.0,-33.57023030435664
0.018765721227319364,0.006345356852686756,0.205,280.08674703989925,0.0,0.0,-0.8046199047347677,1455.2353369823957,0.0,0.0,1.0,-27.362647757206865
0.004718332085901846,-0.01813889163192019,0.205,280.01792612257947,0.0,0.0,-0.8724176520030735,1453.6735744981613,0.0,0.0,1.0,-28.759989283700193
-0.002036101346934183,0.01800033400892986,0.205,280.0137286974299,0.0,0.0,-0.905564005921533,1454.1538005439995,0.0,0.0,1.0,-28.89420518103266
-0.012848985586089346,0.0010210886730046363,0.205,280.45314483843583,0.0,0.0,-0.9882993068126502,1453.6203319298459,0.0,0.0,1.0,-32.99762564646932
0.0044857660264155065,0.0105541561383975,0.205,280.53439711383874,0.0,0.0,-0.9510715102915567,1456.2120041033315,0.0,0.0,1.0,-36.48812616572487
0.0034051093609440957,0.013620389396432297,0.205,280.3851667218255,0.0,0.0,-0.9997201089786695,1456.1934177835208,0.0,0.0,1.0,-34.04666591189058
-0.0057514457670694566,-0.010279754458230922,0.205,280.5105963350354,0.0,0.0,-0.9614129038912289,1457.679715703893,0.0,0.0,1.0,-34.73324693430243
-0.00022354882628000702,0.018934844024486606,0.205,280.01526107106105,0.0,0.0,-0.8611820932275019,1452.664489818566,0.0,0.0,1.0,-29.59895709976167
-0.01156747281190004,0.0007918643245583797,0.205,280.5544749769991,0.0,0.0,-0.9554252976030042,1456.5672213845974,0.0,0.0,1.0,-36.43752273304639
0.017203646503786196,0.0060122938188344344,0.205,280.14554516594444,0.0,0.0,-0.900170234801614,1454.0312167015327,0.0,0.0,1.0,-28.336282327704044
-0.0007954064211209488,-0.011509013536385474,0.205,280.4776228621903,0.0,0.0,-0.9534541562483023,1456.975056239109,0.0,0.0,1.0,-37.32662171027477
-0.0031749118483270313,-0.008142363086568002,0.205,280.7030550607631,0.0,0.0,-0.8080451505442754,1454.1418687776802,0.0,0.0,1.0,-36.621313210042
0.0058152974949435,0.007864666625218864,0.205,280.63408257550526,0.0,0.0,-0.8737578362957885,1452.7256377646313,0.0,0.0,1.0,-36.98013475035629
-0.0026751836548526667,0.013666573029180864,0.205,280.3685543960219,0.0,0.0,-0.999336166102964,1457.0443087021793,0.0,0.0,1.0,-31.855875108350745
-0.009737572166843799,0.0055824445636841035,0.205,280.6850392996283,0.0,0.0,-0.9421272682011066,1454.4335032499134,0.0,0.0,1.0,-36.196183439845086
0.007091687111217219,-0.016467585004044882,0.205,280.0995086190037,0.0,0.0,-0.9144085431468802,1458.1201039074494,0.0,0.0,1.0,-29.060061436419595
-0.009121337129282064,0.0011821338188677775,0.205,280.8131184351898,0.0,0.0,-0.8386375624757512,1454.097881194797,0.0,0.0,1.0,-37.60264464867933
0.006244235682517509,0.012865162668657528,0.205,280.32091775752053,0.0,0.0,-0.9999839104201043,1455.7511409633746,0.0,0.0,1.0,-30.65808418338077
0.0037565570564794567,-0.014725835415533647,0.205,280.2302134493411,0.0,0.0,-0.9943257691191528,1459.333290262847,0.0,0.0,1.0,-31.38279434715123
-0.015164940944962773,-0.008668019454096435,0.205,280.2461327211399,0.0,0.0,-0.9345634808935411,1455.88973925627,0.0,0.0,1.0,-29.319920869903697
0.010115994810384075,-0.013402040803527351,0.205,280.22721618229804,0.0,0.0,-0.9591750697125725,1455.3224913556785,0.0,0.0,1.0,-30.54043814973121
-0.010794725248205291,-0.0016285378904881747,0.205,280.6632705272773,0.0,0.0,-0.9297715676233196,1453.707377185991,0.0,0.0,1.0,-37.172322298555024
-0.005990527866759636,-0.015349089892085685,0.205,280.1042892607557,0.0,0.0,-0.9686580348760438,1452.5260086597295,0.0,0.0,1.0,-31.023791223195662
-0.019436311231550655,0.003186544310379933,0.205,280.14215596320554,0.0,0.0,-0.8125295406912278,1451.7126580862305,0.0,0.0,1.0,-27.265392715638196
-0.012541688379920684,-0.0057445710555585495,0.205,280.4342627908153,0.0,0.0,-0.998689655670588,1455.172413158901,0.0,0.0,1.0,-34.12344420908711
-0.006859421192815361,-0.007166851563113773,0.205,280.7548761309101,0.0,0.0,-0.8815063211453271,1451.0982936319547,0.0,0.0,1.0,-37.91123984283231
-0.014265876982292347,-0.012293133408315097,0.205,280.11848294848846,0.0,0.0,-0.86729684107778,1456.2217537746487,0.0,0.0,1.0,-30.259894994547967
-0.00961679083953162,0.010536680689428795,0.205,280.36832549038945,0.0,0.0,-0.9999984825582285,1455.50524863869,0.0,0.0,1.0,-32.45712749266259
0.0016009554695945306,0.017981581296865324,0.205,280.0629593494715,0.0,0.0,-0.908589323768874,1459.388719455247,0.0,0.0,1.0,-30.668416987107076
0.002270334194639797,-0.008757432245345262,0.205,280.65814144024057,0.0,0.0,-0.8288688524025027,1453.5584615246116,0.0,0.0,1.0,-38.168777850682176
-0.016962049816254373,-0.009009281117409252,0.205,280.0783613263253,0.0,0.0,-0.8447223386219589,1456.7753567802424,0.0,0.0,1.0,-28.767974535427804
0.004448157350104245,-0.013573221505190804,0.205,280.34912890114003,0.0,0.0,-0.9999929047614691,1453.9895965177473,0.0,0.0,1.0,-32.878646770052924
-0.015406293222940072,0.01178998290171316,0.205,280.05204448554474,0.0,0.0,-0.8323457829415064,1452.9309199380118,0.0,0.0,1.0,-27.910569183699813
-0.015370028362280148,0.009038679014515383,0.205,280.30554155185627,0.0,0.0,-0.9189491561078209,1457.4932902145836,0.0,0.0,1.0,-31.24885586009272
-0.00012937382815978745,0.019694383521117482,0.205,279.87448542941473,0.0,0.0,-0.8125973153295158,1454.600176391351,0.0,0.0,1.0,-27.352185687848845
-0.0016665586325531117,-0.01699905905168768,0.205,280.1488964309767,0.0,0.0,-0.9493529217718986,1452.2337227775918,0.0,0.0,1.0,-32.288863245188864
0.01607602645714356,-0.010981920539970802,0.205,280.042793565198,0.0,0.0,-0.8278202944237932,1455.5906387820253,0.0,0.0,1.0,-26.936431404879528
-0.015952005106075456,0.011487892118392547,0.205,279.9648044984354,0.0,0.0,-0.8151205097767986,1457.073510998388,0.0,0.0,1.0,-29.216142391543876
0.012977914042151848,0.011595958129478905,0.205,280.2436784616536,0.0,0.0,-0.937124591429217,1451.6481929229217,0.0,0.0,1.0,-29.120260925765972
-0.010381727576049373,0.01675466588013783,0.205,280.01887070628317,0.0,0.0,-0.8115238517833753,1450.7823066366159,0.0,0.0,1.0,-28.941587861173627
-0.0025548533015947793,-0.018549538306658692,0.205,279.9516630693013,0.0,0.0,-0.87343039972738,1453.8734364944116,0.0,0.0,1.0,-29.671809019367913
-0.009663997903846259,-0.00044109695039569344,0.205,280.70951373636444,0.0,0.0,-0.8676355420932333,1453.2196738147445,0.0,0.0,1.0,-36.12289006496397
0.01856642811945732,0.00394858773180385,0.205,280.1590166286158,0.0,0.0,-0.8584732490988203,1454.879539693022,0.0,0.0,1.0,-29.30583680680604
0.0069119273648388145,-0.015797853434677673,0.205,280.11742189464763,0.0,0.0,-0.9433445557058883,1455.2980649050628,0.0,0.0,1.0,-32.167271637417976
-0.0001054964297566847,-0.015507130682365767,0.205,280.1652871072674,0.0,0.0,-0.9900041587167616,1454.3109675009794,0.0,0.0,1.0,-31.52304643497793
-0.006613543944684415,0.016187458534123112,0.205,280.06925827095915,0.0,0.0,-0.9337899098372899,1455.863756105508,0.0,0.0,1.0,-31.52514873185024
0.011005249467903308,0.006265604312146195,0.205,280.4705990104607,0.0,0.0,-0.984096437186934,1459.5544177063111,0.0,0.0,1.0,-35.89530398896003
0.0036744597108250543,0.014508579605164267,0.205,280.1738162293143,0.0,0.0,-0.996753452704344,1456.2202249396394,0.0,0.0,1.0,-31.709362281822045
0.003964348859184926,-0.012242861037751383,0.205,280.38257466316026,0.0,0.0,-0.9879390905080697,1455.4393424617206,0.0,0.0,1.0,-35.6131470533294
0.008786432782016778,-0.009918015144265699,0.205,280.40945485389904,0.0,0.0,-0.9936814655307588,1452.3958083358752,0.0,0.0,1.0,-34.73149632178561
-0.009194567532365451,-0.015233723052867102,0.205,280.1205932159861,0.0,0.0,-0.9206293460692576,1454.575602895084,0.0,0.0,1.0,-28.569683680499477
0.009991507757339277,0.013731850803951251,0.205,280.25767593627177,0.0,0.0,-0.9528127482432803,1457.1540784094375,0.0,0.0,1.0,-29.66153383501294
0.012298624156292232,-0.009795417059514323,0.205,280.19285443722816,0.0,0.0,-0.9862881361899001,1456.277539550552,0.0,0.0,1.0,-29.231024405317655
-0.016380934311926276,0.009838621262793645,0.205,280.11971926136493,0.0,0.0,-0.8507862129028712,1453.889874809026,0.0,0.0,1.0,-28.823843359314292
0.00971703198942959,-0.01699696165885795,0.205,279.94730197327,0.0,0.0,-0.820518573273297,1451.9208428332424,0.0,0.0,1.0,-30.323012538506617
-0.012185453232818874,-0.01176150013975747,0.205,280.1075027848126,0.0,0.0,-0.9544038986477594,1456.740976877821,0.0,0.0,1.0,-30.41634212032893
-0.010844725207888097,-0.002443043112400775,0.205,280.7162040559312,0.0,0.0,-0.9379315942748077,1457.1525618931562,0.0,0.0,1.0,-36.40985900705477
-0.01150862510847256,0.010440957929701884,0.205,280.2247408797525,0.0,0.0,-0.9894961217766206,1455.2852924628655,0.0,0.0,1.0,-32.441359546137676
-0.0035482212669112763,-0.008165304535484561,0.205,280.6266171239209,0.0,0.0,-0.819264627109004,1454.3527050438277,0.0,0.0,1.0,-38.83864182176906
0.003872742170205664,-0.015106610189974248,0.205,280.1961937451061,0.0,0.0,-0.9885624398100592,1451.5085661425696,0.0,0.0,1.0,-30.81453125643543
0.009114597447738076,0.013367787894667872,0.205,280.255301321143,0.0,0.0,-0.9764677060766083,1452.161582518581,0.0,0.0,1.0,-30.445365789076316
-0.008742105354390515,-0.015118059328334342,0.205,280.1360603596796,0.0,0.0,-0.934714626448097,1455.6807341935744,0.0,0.0,1.0,-30.050757541405
-0.007762513014274531,-0.014014225681494848,0.205,280.25963945299617,0.0,0.0,-0.9801855190891187,1453.0060570004184,0.0,0.0,1.0,-29.85560216136868
-0.0066505154993060775,0.016830995558834962,0.205,280.01587530224265,0.0,0.0,-0.9064336718192756,1453.171061608108,0.0,0.0,1.0,-29.527183469670714
0.013945925816163145,-0.0005395860860049342,0.205,280.5038068235313,0.0,0.0,-0.9994549461920901,1452.4051016844578,0.0,0.0,1.0,-33.58796778511909
-0.00012626951025396515,-0.017970683009829822,0.205,279.90592292649234,0.0,0.0,-0.912469483334402,1455.3348946357207,0.0,0.0,1.0,-31.613469399647617
-0.010946258508481955,0.004026973505279917,0.205,280.59701866325446,0.0,0.0,-0.9577100086392158,1454.9794805601646,0.0,0.0,1.0,-35.00233895189806
-0.005070067639039962,0.01650695806630634,0.205,280.19332670298974,0.0,0.0,-0.9424214193724013,1452.811884876924,0.0,0.0,1.0,-29.57214760072058
0.005222804831148426,0.010280975466108172,0.205,280.45476695931865,0.0,0.0,-0.9532845859109337,1453.406014351047,0.0,0.0,1.0,-35.293040616710044
0.007319303749600205,0.01501048916658301,0.205,280.19471880962186,0.0,0.0,-0.9620588194069631,1453.9232356393932,0.0,0.0,1.0,-29.993204914958664
0.003243249660705191,-0.01503806806037676,0.205,280.25367371321977,0.0,0.0,-0.9918734757045851,1458.2811710355566,0.0,0.0,1.0,-32.65766117426131
0.00601960949711465,0.01141783600065124,0.205,280.3308979594554,0.0,0.0,-0.988606393644264,1455.0433097875223,0.0,0.0,1.0,-34.376964733081586
0.017393959327382552,-0.006621198576071195,0.205,280.147811679339,0.0,0.0,-0.8797475582723082,1452.2782504426198,0.0,0.0,1.0,-29.095031091456416
0.001621074276234586,0.008388678387713136,0.205,280.69481024894236,0.0,0.0,-0.7941773820912942,1454.6883680303172,0.0,0.0,1.0,-40.0324293770386
0.016608288156264753,0.005128093570374593,0.205,280.1946390099682,0.0,0.0,-0.9379926209290401,1458.258052196581,0.0,0.0,1.0,-29.13749627532824
0.009174783924274116,0.007056535434962859,0.205,280.6158360501458,0.0,0.0,-0.9547531634096809,1453.1770016986818,0.0,0.0,1.0,-33.56162416851089
-0.010725167093081828,-0.00022199874693746557,0.205,280.76552331232494,0.0,0.0,-0.9215629274006487,1454.8571520923772,0.0,0.0,1.0,-36.399204258886705
0.006584086079298056,-0.009437797918369994,0.205,280.4690443060978,0.0,0.0,-0.9524545995560132,1452.4543249917808,0.0,0.0,1.0,-35.24500553651387
0.0033364111664917367,-0.012377317241214152,0.205,280.27949304427983,0.0,0.0,-0.987057381856369,1458.5632323008676,0.0,0.0,1.0,-34.99328095083146
0.0035818241861288514,0.00781734047775127,0.205,280.7498871284238,0.0,0.0,-0.7981244269926424,1454.2424660386096,0.0,0.0,1.0,-37.90598556321628
0.01667612207440411,-0.0067890776818975125,0.205,280.11798823220124,0.0,0.0,-0.9108625889525164,1454.063244529751,0.0,0.0,1.0,-27.799703841662307
0.007702655591039423,0.007388678039913923,0.205,280.5833687990754,0.0,0.0,-0.9191409561007756,1454.4378903490422,0.0,0.0,1.0,-32.91790725501383
0.008474529191636963,-0.011476089964970047,0.205,280.36550422570116,0.0,0.0,-0.9999983850626984,1455.0314793972345,0.0,0.0,1.0,-33.65951447738162
0.005464015738664167,0.01816421965203955,0.205,279.9574006807867,0.0,0.0,-0.8592748579821059,1454.589804388285,0.0,0.0,1.0,-28.482240245358824
0.019431667086339637,-0.00035644212155730985,0.205,280.08640569753186,0.0,0.0,-0.8300593033137875,1452.9387342670439,0.0,0.0,1.0,-26.383452413571234
-0.007939392778549083,-0.015431155852654876,0.205,280.11260836011945,0.0,0.0,-0.9391025233397896,1457.465593189485,0.0,0.0,1.0,-31.66833718520149
0.016223530741028433,0.009720212868306145,0.205,280.054865032013,0.0,0.0,-0.8625761116727363,1453.3109080719107,0.0,0.0,1.0,-30.59480739673757
0.012939444595566207,0.008297413035306171,0.205,280.3069590344042,0.0,0.0,-0.992052330965516,1456.1928629815818,0.0,0.0,1.0,-30.102421764940715
0.017855853244271466,0.004911063319458269,0.205,280.1777441144637,0.0,0.0,-0.8848020762811352,1454.4451273743337,0.0,0.0,1.0,-28.17131364329095
0.011530614083491184,0.015072303629392008,0.205,280.1000704411954,0.0,0.0,-0.8587476472223254,1457.2048679689544,0.0,0.0,1.0,-29.025328564329705
-0.015973421295089666,0.005987002543582868,0.205,280.1862995143891,0.0,0.0,-0.9501371306346533,1456.437410827943,0.0,0.0,1.0,-30.730381000973622
0.0020984419015170025,-0.015808740987076287,0.205,280.1984879055214,0.0,0.0,-0.9817869813434993,1453.9892372504255,0.0,0.0,1.0,-32.15002236972732
0.004875565996710894,-0.010338763097406703,0.205,280.53579910561024,0.0,0.0,-0.9497553730648562,1456.9061830368423,0.0,0.0,1.0,-36.26713024600345
-0.01672379736049495,-0.005520505906851369,0.205,280.2025830351272,0.0,0.0,-0.9285749102150276,1453.7962433511736,0.0,0.0,1.0,-30.975971401439075
-0.017028803245432586,0.005898612160412036,0.205,280.20001774483666,0.0,0.0,-0.9100845404813247,1457.0618967949877,0.0,0.0,1.0,-29.432212089451582
0.004236108188759107,-0.007449333582008645,0.205,280.58698743358576,0.0,0.0,-0.7960253889841318,1454.2888671578653,0.0,0.0,1.0,-38.169560137908086
-0.0024896708978655734,-0.008585934290506478,0.205,280.59237327340827,0.0,0.0,-0.8217364712041435,1456.2134537064194,0.0,0.0,1.0,-38.402739484729075
0.009675308529458823,0.0008016329016097575,0.205,280.78578597341715,0.0,0.0,-0.86961827055101,1456.5827308120759,0.0,0.0,1.0,-37.57107115693894
-0.007691895336365306,0.011230417370719979,0.205,280.3788447363274,0.0,0.0,-0.997427219499991,1451.4837833518484,0.0,0.0,1.0,-34.12603482287152
0.009345719605253107,0.0012082203932151628,0.205,280.84868341218595,0.0,0.0,-0.8527429862057786,1454.3393035294105,0.0,0.0,1.0,-38.288899850714365
-0.008829033831547437,-0.015209833442154215,0.205,280.0688498424213,0.0,0.0,-0.9296220772444037,1451.899247392624,0.0,0.0,1.0,-29.071531019737094
0.010117892436312767,0.004123693048030214,0.205,280.5807031104439,0.0,0.0,-0.9301537327456633,1455.1273710827236,0.0,0.0,1.0,-36.68192711753071
0.006426378161414094,0.010704333552975785,0.205,280.4584180578199,0.0,0.0,-0.980312781605133,1456.1042481507395,0.0,0.0,1.0,-34.62758616602232
-0.005689128028143819,-0.018711146413069122,0.205,279.93490854218965,0.0,0.0,-0.8219688813177624,1456.7431683856366,0.0,0.0,1.0,-29.224843418673164
0.0039322270986123465,0.008826857163317475,0.205,280.56173359588513,0.0,0.0,-0.8670017130045098,1454.2993739943608,0.0,0.0,1.0,-36.196074650150145
0.0012013977965683043,-0.0165456337993059,0.205,280.10661216700214,0.0,0.0,-0.9654105987088848,1454.0089162783713,0.0,0.0,1.0,-32.26758184205277
-0.014014567596727968,-0.00613075743835987,0.205,280.34512121136186,0.0,0.0,-0.9930721618982138,1453.2006351743864,0.0,0.0,1.0,-32.63138150816989
0.004725374884069983,0.015824844438918535,0.205,280.14901350761266,0.0,0.0,-0.9675616337438637,1453.4288502425713,0.0,0.0,1.0,-31.633720435894507
0.004953193093488862,0.008280857823125846,0.205,280.6756637559295,0.0,0.0,-0.8661924684616694,1455.0940431767795,0.0,0.0,1.0,-38.668015229041245
-0.010639103888088523,0.001790749963632017,0.205,280.74228270218254,0.0,0.0,-0.9242688904579979,1457.541346517124,0.0,0.0,1.0,-37.50834818500676
0.0076638473318140525,0.010905209351204646,0.205,280.4665420212994,0.0,0.0,-0.9946361739613456,1454.2034652369405,0.0,0.0,1.0,-33.74346052447162
-0.01185568916567419,0.0005926965678605024,0.205,280.70102068545094,0.0,0.0,-0.9642081794047879,1456.1829289571108,0.0,0.0,1.0,-35.09770249118655
0.012596585900675679,-0.004532451198739713,0.205,280.5475648452763,0.0,0.0,-0.9952942144304556,1455.4676253522375,0.0,0.0,1.0,-33.700229705418025
0.01101021003143566,-0.013977999820026961,0.205,280.205885724986,0.0,0.0,-0.9206258039411889,1451.5020978145444,0.0,0.0,1.0,-30.923548207609787
0.007065327309590419,-0.01713093953127354,0.205,279.96899044771374,0.0,0.0,-0.8841632973696787,1455.6166586284623,0.0,0.0,1.0,-29.19685703558782
-0.016343421200111483,-0.009478126457084478,0.205,280.07113172130346,0.0,0.0,-0.86373247690829,1455.907737600527,0.0,0.0,1.0,-27.615544392368296
-0.0016456264079282744,0.017922459053098423,0.205,279.9905607837714,0.0,0.0,-0.9112077362997533,1454.454769325626,0.0,0.0,1.0,-28.27942996393457
0.010653300720459502,-0.0031804646049654285,0.205,280.6624976171674,0.0,0.0,-0.9379879680069496,1452.1028454115608,0.0,0.0,1.0,-35.84448743672749
-0.0060292008339199055,0.006538359780820447,0.205,280.7520073037917,0.0,0.0,-0.8186538379460455,1455.9911471219718,0.0,0.0,1.0,-33.63967941433978
0.00118292332681609,-0.016639828813222318,0.205,280.10089693283544,0.0,0.0,-0.9626169756480274,1453.6093862513649,0.0,0.0,1.0,-29.744881917245888
0.0006898083418839029,0.019747305753618296,0.205,279.93510873400425,0.0,0.0,-0.8081281098746966,1453.0888529020747,0.0,0.0,1.0,-30.053071273674426
0.010958383122488565,-0.0011602993752612635,0.205,280.7334920177676,0.0,0.0,-0.9340351511073364,1456.6586343325457,0.0,0.0,1.0,-34.847311938339686
-0.01114275653124406,0.004549584352557095,0.205,280.5742011149624,0.0,0.0,-0.9690075177593984,1453.8802045171192,0.0,0.0,1.0,-35.04027578630671
-0.006471627574730919,0.006192636877291061,0.205,280.702099535611,0.0,0.0,-0.8229124086729236,1455.6573626411737,0.0,0.0,1.0,-38.60005399611121
0.012517692719977769,0.009630384822784645,0.205,280.324441143837,0.0,0.0,-0.9849386170829244,1455.1047021542481,0.0,0.0,1.0,-33.71082310533717
0.01671837351268579,0.004866470868975968,0.205,280.3224722502613,0.0,0.0,-0.9367873786568569,1452.5486008932235,0.0,0.0,1.0,-30.756304236007274
-0.015215719866706383,-0.004532645267283287,0.205,280.3019740757735,0.0,0.0,-0.9832769857466066,1450.8540094743837,0.0,0.0,1.0,-34.31881535802621
-0.004757927551020959,0.017031867102224114,0.205,280.0518386950161,0.0,0.0,-0.925458082160283,1455.7880671469356,0.0,0.0,1.0,-31.01116571744576
-0.010577353398396662,0.010664485539729108,0.205,280.27664443041795,0.0,0.0,-0.9962484162764642,1453.9555127262076,0.0,0.0,1.0,-33.929927638884095
0.0034171939137579216,-0.01855486206822282,0.205,280.0020433431205,0.0,0.0,-0.8652550322175616,1454.5077319102936,0.0,0.0,1.0,-29.666947179602072
0.010146328313208228,0.006556740614377611,0.205,280.56579248866535,0.0,0.0,-0.970247450876164,1453.6835441292744,0.0,0.0,1.0,-33.76590813703776
-0.010842732794635808,-0.010019392652521627,0.205,280.3131832951511,0.0,0.0,-0.9983348945317514,1453.5500743644363,0.0,0.0,1.0,-33.359820719140714
0.018561457190088365,-0.007032683097435821,0.205,280.05418382409016,0.0,0.0,-0.801826627116722,1457.0902447648577,0.0,0.0,1.0,-27.88351315165146
0.010380685696110786,0.005655673127153015,0.205,280.6793839587149,0.0,0.0,-0.9627157024411586,1452.4527369634645,0.0,0.0,1.0,-35.658907649474784
-0.007866607418171061,-0.010886246401759296,0.205,280.40466541622567,0.0,0.0,-0.9957606915945405,1455.1169211532879,0.0,0.0,1.0,-35.24202014001698
0.008884580104296708,0.0034330807953521407,0.205,280.6966223306587,0.0,0.0,-0.8588596918599583,1453.021317908497,0.0,0.0,1.0,-38.29715919051381
0.006211928515741321,0.01292907915539623,0.205,280.21548053308436,0.0,0.0,-0.9999441938348748,1453.5493982300893,0.0,0.0,1.0,-31.633003535977007
0.007133863335090117,0.011306147067171134,0.205,280.32751899935545,0.0,0.0,-0.995089775586875,1453.4239273611242,0.0,0.0,1.0,-34.64934541365481
0.0020691491121341177,0.019426050249494297,0.205,279.98035069713245,0.0,0.0,-0.8233740771902633,1456.1036921102996,0.0,0.0,1.0,-29.18280243043152
0.005641205780395686,-0.008939858987608337,0.205,280.50193756017933,0.0,0.0,-0.9144362476476651,1453.5518687867332,0.0,0.0,1.0,-36.025139399147825
-0.01491498312079372,-0.007924944096554188,0.205,280.2671808234963,0.0,0.0,-0.9559531540109746,1455.9300833282764,0.0,0.0,1.0,-29.696855644980914
0.0013762776815314985,-0.009419546438040336,0.205,280.5643819191815,0.0,0.0,-0.8585464223533436,1455.2233513138965,0.0,0.0,1.0,-37.6324018569853
-0.013073847299907024,0.008770717436303359,0.205,280.2467647965711,0.0,0.0,-0.9859040293899308,1452.7103125724548,0.0,0.0,1.0,-30.237375542560276
0.012112416582432246,-0.012981325761609076,0.205,280.1285738585071,0.0,0.0,-0.9223601035863059,1453.4642799419305,0.0,0.0,1.0,-29.52862363546505
0.014877035624170644,0.011387734983390442,0.205,280.03446658610414,0.0,0.0,-0.8728346058848098,1457.6738410906903,0.0,0.0,1.0,-29.616174158293845
-0.007760215599635119,-0.009193557602888137,0.205,280.4823361874297,0.0,0.0,-0.9688709341351336,1455.3219149593222,0.0,0.0,1.0,-35.2935248002688
-0.018153217138427866,-0.005512055214370679,0.205,280.125151673302,0.0,0.0,-0.8590740057450388,1457.3167244811266,0.0,0.0,1.0,-27.549629710204716
0.015731957159672207,0.009733676729710986,0.205,280.155679280205,0.0,0.0,-0.8858364786383037,1453.4793457509945,0.0,0.0,1.0,-28.79013458785469
0.007807570941070372,0.01715313792827526,0.205,280.0354566790815,0.0,0.0,-0.8664469507624244,1457.9915073177099,0.0,0.0,1.0,-28.3024043740783
0.017830665979274987,-0.005849616700805097,0.205,280.1882653634855,0.0,0.0,-0.8710989371966001,1452.3265080078752,0.0,0.0,1.0,-28.951032442101237
0.013435201262153118,0.003425421894013169,0.205,280.52862160021067,0.0,0.0,-0.9990630027599278,1454.5189815865253,0.0,0.0,1.0,-32.749075063503206
-0.015451106745970392,0.009156478848979601,0.205,280.2342952507496,0.0,0.0,-0.9129709932090748,1452.1974016125018,0.0,0.0,1.0,-29.46907598371668
0.005548678529736866,-0.01634520157205012,0.205,280.05814007870043,0.0,0.0,-0.9426772851274767,1455.4142194656404,0.0,0.0,1.0,-30.323120170010984
0.008147766286377542,-0.00316489758540407,0.205,280.73069572222073,0.0,0.0,-0.8081429042172776,1455.658765714446,0.0,0.0,1.0,-37.979270957641184
0.008040263905130388,-0.01455099944642397,0.205,280.2380905260561,0.0,0.0,-0.9643554889967576,1457.5636521671051,0.0,0.0,1.0,-28.95616194970608
-0.017092207889707934,-0.0001586209054920115,0.205,280.26132991066333,0.0,0.0,-0.9489086737915255,1454.3547003618442,0.0,0.0,1.0,-30.18017815717341
0.005801477693440223,0.01043995447962905,0.205,280.4524751797647,0.0,0.0,-0.9663738990010469,1455.2591614437374,0.0,0.0,1.0,-36.86756297567869
0.01541988952370669,-0.010406242942456505,0.205,280.1433958530421,0.0,0.0,-0.8802319047627345,1449.9560180711712,0.0,0.0,1.0,-29.956684236039212
0.010218165527089118,-0.004643408711607824,0.205,280.70105052087024,0.0,0.0,-0.94210707660136,1454.8673914255414,0.0,0.0,1.0,-35.6978918482385
0.0016257907477448923,-0.019605172679239405,0.205,280.0031687512697,0.0,0.0,-0.814132024596329,1453.015192274586,0.0,0.0,1.0,-27.268128101251815
-0.016231147741099194,0.010623924282114778,0.205,280.01872748356715,0.0,0.0,-0.8324123030708248,1453.8819625015722,0.0,0.0,1.0,-25.66784135748824
-0.005389562582738087,0.013059228617146377,0.205,280.4318544733158,0.0,0.0,-0.9999053909863764,1458.0650920687788,0.0,0.0,1.0,-35.28828995370785
-0.012208719777778104,-0.004939772675053573,0.205,280.4471031945878,0.0,0.0,-0.9926295078137035,1455.7347314800597,0.0,0.0,1.0,-31.918909320425044
0.011109364093327268,0.011500388089915022,0.205,280.1822902744963,0.0,0.0,-0.980863650629054,1454.1931614611285,0.0,0.0,1.0,-32.18517091751654
-0.010722395221755105,-0.0012107030193968357,0.205,280.7785006463547,0.0,0.0,-0.9243464238463509,1451.496341377253,0.0,0.0,1.0,-35.34716645884186
-0.0036109188375947295,0.008875042400822878,0.205,280.68291530204453,0.0,0.0,-0.862226525125379,1451.8450701701502,0.0,0.0,1.0,-36.905993485857266
-0.005807310410943226,0.01232106119938807,0.205,280.3822566760089,0.0,0.0,-0.9974995247951435,1456.5770928998072,0.0,0.0,1.0,-33.78922610098003
-0.0008819130683595906,-0.01328838143577973,0.205,280.44500031673925,0.0,0.0,-0.9945045689525731,1456.5307007649621,0.0,0.0,1.0,-32.8461222225166
-0.012726567428290043,-0.0043015467759794455,0.205,280.5106426146088,0.0,0.0,-0.9957895272012343,1456.07177768885,0.0,0.0,1.0,-33.95998259007992
0.006298116962470275,0.009635652154675578,0.205,280.5725485919934,0.0,0.0,-0.9525898434380924,1455.6776757164678,0.0,0.0,1.0,-35.932575505128156
-0.015732784591837797,0.004730859056228075,0.205,280.30671613238366,0.0,0.0,-0.9699947234283238,1454.8489125768792,0.0,0.0,1.0,-28.988943675157543
0.008531212220221556,0.0015223055414659349,0.205,280.8456214651355,0.0,0.0,-0.8028910062644103,1456.3139801313898,0.0,0.0,1.0,-38.22422085329038
-0.009008086806742872,0.00033577701805860446,0.205,280.7984681724506,0.0,0.0,-0.8267181712857787,1452.1806458217616,0.0,0.0,1.0,-38.609319019630114
-0.016289291831113262,-0.0027263858480256788,0.205,280.3135206954608,0.0,0.0,-0.9675448639632348,1452.7073147344279,0.0,0.0,1.0,-32.47056794244998
-0.010229166741568126,-0.012029733518260878,0.205,280.2268640405171,0.0,0.0,-0.9849920781541472,1456.4893742892764,0.0,0.0,1.0,-30.475861355604074
-0.01893729964914837,0.003173184779793854,0.205,280.1978519643862,0.0,0.0,-0.8450286723671206,1453.3895705806444,0.0,0.0,1.0,-28.40061623981341
0.01225468388268068,0.001483221007061125,0.205,280.61686068227306,0.0,0.0,-0.9770383484229989,1455.8155675598675,0.0,0.0,1.0,-36.044900581395524
0.00337890839802952,0.01500687663136908,0.205,280.1935922270217,0.0,0.0,-0.9918915392218823,1453.7011505343505,0.0,0.0,1.0,-32.99960436446635
0.001433933594529556,0.016902011939169313,0.205,280.08720896280875,0.0,0.0,-0.953481746786065,1454.3897635855508,0.0,0.0,1.0,-29.924603476845768
-0.01747703256317975,0.0039047785996710973,0.205,280.24073157800797,0.0,0.0,-0.915417324448512,1456.0096404330602,0.0,0.0,1.0,-29.844177317176772
-0.010988600428629234,0.015212553962205751,0.205,280.0549615965608,0.0,0.0,-0.8710677940361979,1455.0254966780312,0.0,0.0,1.0,-28.991918451961308
-0.007236271747731417,0.009389176873289263,0.205,280.43291923431866,0.0,0.0,-0.9637140050204,1456.8463677066877,0.0,0.0,1.0,-35.837399359485616
0.0006079907898208145,-0.01966186538498628,0.205,279.9692136727572,0.0,0.0,-0.8142145871810216,1454.868792506154,0.0,0.0,1.0,-28.68097861666837
0.0010021006249105828,-0.015755555947506356,0.205,280.19547679174514,0.0,0.0,-0.9850589926635571,1456.3887517155556,0.0,0.0,1.0,-32.609595084553284
0.01784771802813619,-0.00034312771387468873,0.205,280.2615306588073,0.0,0.0,-0.9180289080445327,1450.9060904233515,0.0,0.0,1.0,-30.411226799405917
0.0028785184921488734,0.01168426108625318,0.205,280.5028054605117,0.0,0.0,-0.9689471085255781,1454.5521904529326,0.0,0.0,1.0,-36.52747757161626
-0.017211579353245944,-0.002393711752199277,0.205,280.33458292158286,0.0,0.0,-0.9381795985434918,1454.2294030522446,0.0,0.0,1.0,-30.0358054588182
-0.008946200554637154,-0.005103393953679693,0.205,280.80230819774613,0.0,0.0,-0.9013446206797706,1453.7620761477287,0.0,0.0,1.0,-36.563420068783735
-0.00539664505887693,-0.018834338716972696,0.205,280.0003149621404,0.0,0.0,-0.819590950596983,1453.2275731041257,0.0,0.0,1.0,-30.574647223833413
0.00031237402131797514,-0.011841002184025513,0.205,280.4696622244576,0.0,0.0,-0.9634407926653965,1455.2570569136321,0.0,0.0,1.0,-35.32897944150915
0.010338668242358467,-0.01556119330879867,0.205,280.0976156997432,0.0,0.0,-0.8757993764115379,1456.0450143348835,0.0,0.0,1.0,-30.86837233124699
-0.015534976373592496,0.012276962119309965,0.205,280.10353253653693,0.0,0.0,-0.8052520953682686,1458.4983910057808,0.0,0.0,1.0,-28.369698831111393
0.0033426588953764415,-0.010739549825031206,0.205,280.4978429791196,0.0,0.0,-0.9430213995560689,1455.0757965466707,0.0,0.0,1.0,-34.30755467532286
0.0008088522592592857,0.013874521084971524,0.205,280.2770226012388,0.0,0.0,-0.9992171059951519,1452.437855717096,0.0,0.0,1.0,-31.533529413429594
0.01314072171006415,0.013420232674770863,0.205,280.0257925509621,0.0,0.0,-0.8701384325620514,1451.0213898569928,0.0,0.0,1.0,-28.73292269235378
0.0012195070063902667,0.015050091602657885,0.205,280.15747813096374,0.0,0.0,-0.9954390579497988,1454.8126226962142,0.0,0.0,1.0,-31.929620367176103
0.016214036407537165,-0.0040133421243043225,0.205,280.38543929173915,0.0,0.0,-0.9619522030672778,1455.0693795902584,0.0,0.0,1.0,-30.657035181016813
0.006430577629808513,0.00632614028781297,0.205,280.7998522144473,0.0,0.0,-0.8271363471208342,1456.4995294331673,0.0,0.0,1.0,-37.34491190510581
-0.010389963977527901,-0.002510229430217079,0.205,280.70655361095623,0.0,0.0,-0.9198361241365725,1451.357196898761,0.0,0.0,1.0,-34.74258047198587
0.01576784919652659,0.005291708276490091,0.205,280.29513474805583,0.0,0.0,-0.9641296186420085,1456.341940567675,0.0,0.0,1.0,-32.697425286306036
-0.0016995917723035318,-0.01168598044968897,0.205,280.4013446478146,0.0,0.0,-0.9623320300052864,1453.9368607043505,0.0,0.0,1.0,-32.58810287904942
-0.015026201627913698,-0.0030066904937468613,0.205,280.3950318891453,0.0,0.0,-0.9927075990704228,1453.9362239261895,0.0,0.0,1.0,-30.62056976398947
-0.011579009683146414,0.008925262833173048,0.205,280.3254674315682,0.0,0.0,-0.9991363035419143,1453.0906162783187,0.0,0.0,1.0,-33.02253271181589
-0.008858088675333796,0.003401300922196124,0.205,280.62136665325437,0.0,0.0,-0.8566922062992266,1455.8091443036565,0.0,0.0,1.0,-36.97009076320736
0.010661447897601302,0.007513851370197492,0.205,280.4297637989273,0.0,0.0,-0.9907934131958414,1454.7485785971564,0.0,0.0,1.0,-34.672188465253164
0.006384197319122051,-0.016918892066719954,0.205,280.0557225858593,0.0,0.0,-0.9071111918731392,1455.833041862291,0.0,0.0,1.0,-31.908612086844236
0.0030106019041618967,0.01579134526804966,0.205,280.2184281913974,0.0,0.0,-0.9789281985053082,1451.8294324866486,0.0,0.0,1.0,-32.56035463509134
0.005937772848797732,-0.01627305919582516,0.205,280.0471393987339,0.0,0.0,-0.9403240637939039,1454.3906955366292,0.0,0.0,1.0,-30.612726614078376
-0.0016454369564555607,-0.016628012440390767,0.205,280.02944442479196,0.0,0.0,-0.9617696947815648,1457.3682218263343,0.0,0.0,1.0,-32.58256022828395
-0.010938250080399111,-0.014075003040902955,0.205,280.06693178449393,0.0,0.0,-0.9191831891310559,1455.5917114784916,0.0,0.0,1.0,-31.064939479179305
-0.004322340187702071,0.014330339645877837,0.205,280.2082233354066,0.0,0.0,-0.9967411153828114,1456.2740625391696,0.0,0.0,1.0,-32.962286976438
0.009379676554591014,0.01762073878677967,0.205,279.9354026010565,0.0,0.0,-0.7937762354663692,1456.5069300874568,0.0,0.0,1.0,-27.23192157784271
0.0006040575473197699,-0.01869011966332491,0.205,279.97103648178154,0.0,0.0,-0.8748280791836411,1456.794341490136,0.0,0.0,1.0,-28.035241372995717
0.017473007480162762,-0.006086198859516284,0.205,280.19508911243526,0.0,0.0,-0.8856783461463533,1454.2544477972874,0.0,0.0,1.0,-31.802932584786053
0.01330801361069622,0.0010128209905481077,0.205,280.5226454605435,0.0,0.0,-0.9948397828522433,1453.0526533777395,0.0,0.0,1.0,-34.77041796381091
0.011986170449260002,-0.0008923092259937555,0.205,280.62630123274073,0.0,0.0,-0.9685458507612967,1452.143783457014,0.0,0.0,1.0,-36.64626037777123
0.018088475150601264,-0.0022703290554773026,0.205,280.11062628480033,0.0,0.0,-0.899847200568128,1456.324493292309,0.0,0.0,1.0,-29.044803764986824
-0.016719281991990832,-0.0033207438908397845,0.205,280.28417164765636,0.0,0.0,-0.9505865739531132,1454.6971291113573,0.0,0.0,1.0,-26.987296490364983
-0.011762961603557628,-0.00763987578624864,0.205,280.37859815027525,0.0,0.0,-0.9996834542401869,1449.9433596131532,0.0,0.0,1.0,-31.955766675181078
-0.010126932285118522,0.0007899065260797895,0.205,280.72751055503596,0.0,0.0,-0.8941362704399298,1454.1428129846524,0.0,0.0,1.0,-37.405189046313964
0.012523776172131334,-0.01081306386756281,0.205,280.245407109855,0.0,0.0,-0.9666786646257607,1452.0123415465441,0.0,0.0,1.0,-30.9806267982163
0.004631867161264922,-0.018855725829612563,0.205,280.0202743351061,0.0,0.0,-0.8312789231476263,1453.029736026,0.0,0.0,1.0,-27.90229389704844
-0.010274457468193013,0.00868113458042782,0.205,280.4480703951708,0.0,0.0,-0.995963375134703,1456.413809346971,0.0,0.0,1.0,-35.56892526031948
-0.005363594497901363,-0.01842156154815639,0.205,279.95910717954257,0.0,0.0,-0.8459540710448219,1456.3869670749757,0.0,0.0,1.0,-28.44852140275219
0.01268648720668397,-0.012670269292101417,0.205,280.1844828891344,0.0,0.0,-0.9143964781872871,1452.9822321080683,0.0,0.0,1.0,-29.282252866290104
0.009039690132924895,0.00470801040946236,0.205,280.75439221698934,0.0,0.0,-0.895915161236235,1455.159403527344,0.0,0.0,1.0,-35.75871420076589
0.010523173829223286,-0.007337344713663496,0.205,280.5311226256024,0.0,0.0,-0.9872290476183557,1454.007509454638,0.0,0.0,1.0,-32.23046689981157
-0.004205874168817571,0.016618500122699574,0.205,280.18115392085554,0.0,0.0,-0.9471134516116502,1454.5346485541536,0.0,0.0,1.0,-29.80709054025831
-0.012935169349182742,0.009895529230684652,0.205,280.19797616713305,0.0,0.0,-0.9737911014067735,1453.4958506495354,0.0,0.0,1.0,-31.676710652275425
0.0075594364159996316,-0.014452811560117284,0.205,280.12184750389673,0.0,0.0,-0.973164498940857,1457.7050276503892,0.0,0.0,1.0,-30.057296756420783
0.006537434671303387,-0.013811337031157887,0.205,280.2720246350881,0.0,0.0,-0.9932882627910742,1450.944693018155,0.0,0.0,1.0,-31.255949555803834
0.0014934628520105473,0.009398373186075481,0.205,280.58200857296924,0.0,0.0,-0.8583511100537068,1457.3625795066232,0.0,0.0,1.0,-35.72241605409938
0.010337157510986543,0.004629074483086371,0.205,280.6574768689841,0.0,0.0,-0.9459650060963518,1454.6516254481999,0.0,0.0,1.0,-36.195346855115766
-0.01389621801854807,-0.009059535509064878,0.205,280.2584097850689,0.0,0.0,-0.965429578472029,1454.7944939443835,0.0,0.0,1.0,-31.789443952900267
0.010253438933141753,0.007489268980152696,0.205,280.536053704701,0.0,0.0,-0.984760540425592,1456.0499860310792,0.0,0.0,1.0,-37.1363585103498
-0.014579094711931183,-0.007646230986747638,0.205,280.36469870581664,0.0,0.0,-0.969055147337847,1455.895425166784,0.0,0.0,1.0,-29.7195067645768
0.014312936970610618,0.013953151308102391,0.205,280.03537662449,0.0,0.0,-0.7918161738025271,1453.7055901626106,0.0,0.0,1.0,-27.5657025217421
-0.017617082799312133,0.0055004367941069625,0.205,280.16266389021075,0.0,0.0,-0.888183206635144,1457.0547260122885,0.0,0.0,1.0,-30.6321344046415
-0.01063276255596593,-0.00626121873078403,0.205,280.5521443500824,0.0,0.0,-0.976922307676813,1454.8403054209725,0.0,0.0,1.0,-34.03181753819293
-0.0075931980027119286,0.015830156326062113,0.205,280.1789882176375,0.0,0.0,-0.9308653349954061,1454.7485715075827,0.0,0.0,1.0,-32.08811804749758
0.009774583480208961,0.011628626954396046,0.205,280.22922780637543,0.0,0.0,-0.9944021766000222,1460.0489495419054,0.0,0.0,1.0,-32.02617605269317
-0.014788760006203409,-0.005385226552429227,0.205,280.35689449205915,0.0,0.0,-0.9859895815818589,1454.7319852462285,0.0,0.0,1.0,-32.43309410223843
0.004804831389530196,-0.009314630274600623,0.205,280.553732271682,0.0,0.0,-0.9101968301794492,1455.288160735043,0.0,0.0,1.0,-35.57700237587042
-0.004957284640131388,-0.01816554447253575,0.205,279.95205752300313,0.0,0.0,-0.8674117073687674,1456.1504893682963,0.0,0.0,1.0,-27.97071779994137
0.011473343342985614,-0.00803721587206812,0.205,280.4982742627377,0.0,0.0,-0.9996309287612977,1457.8190508684638,0.0,0.0,1.0,-33.16837159771664
-0.011853449880177934,-0.008280269551507123,0.205,280.28434697695053,0.0,0.0,-0.9997234692379113,1454.5727058780824,0.0,0.0,1.0,-31.40348506171684
-0.008615703508450766,0.008304622303005825,0.205,280.54098650015,0.0,0.0,-0.9670380417144766,1451.9143502305205,0.0,0.0,1.0,-34.17621547073881
-0.007501459427987757,-0.009059912391846309,0.205,280.53949815177225,0.0,0.0,-0.9608822483885302,1453.8750633963464,0.0,0.0,1.0,-34.64630017774408
-0.0047210081211723634,-0.010225870890755233,0.205,280.5013024527492,0.0,0.0,-0.943601733484136,1456.1984735194792,0.0,0.0,1.0,-35.01958636394794
0.010985758939614591,0.005153508468680003,0.205,280.5568283772072,0.0,0.0,-0.9717091619485181,1454.8527933469725,0.0,0.0,1.0,-35.788382854556886
0.016154499509057597,-0.0016199643640112096,0.205,280.36410508575085,0.0,0.0,-0.975079340977014,1454.4571914296075,0.0,0.0,1.0,-30.845070065420384
-0.006388790100790735,-0.00830303284118007,0.205,280.63915218695047,0.0,0.0,-0.9099880950646293,1451.7883379394195,0.0,0.0,1.0,-36.26015590931503
-0.010243320746283164,0.010838619976741935,0.205,280.3252170530172,0.0,0.0,-0.9972202761895053,1454.956880368242,0.0,0.0,1.0,-33.162474119954844
0.011582985279246533,-0.005333046844801606,0.205,280.53483668355636,0.0,0.0,-0.9858099632219823,1454.898692278697,0.0,0.0,1.0,-34.77481117710076
0.01688723406815118,-0.0022399751523010675,0.205,280.320702158322,0.0,0.0,-0.9509649978261905,1454.186621536273,0.0,0.0,1.0,-30.40575597226285
0.016310749191660028,0.005524884621536629,0.205,280.34044535421435,0.0,0.0,-0.944200117220015,1452.6917876318983,0.0,0.0,1.0,-30.268339218816468
0.0009480134016218217,0.01720626402780076,0.205,280.04890772280584,0.0,0.0,-0.9437748143935224,1455.3711380345085,0.0,0.0,1.0,-31.941346108369554
0.003037068492167925,-0.019196467259424484,0.205,279.9672088738504,0.0,0.0,-0.8300400715498361,1459.47227080362,0.0,0.0,1.0,-27.254298674570784
0.012259066993177234,0.005633650174036635,0.205,280.51725878802216,0.0,0.0,-0.9963639499152885,1456.4712068404158,0.0,0.0,1.0,-32.86883472920261
0.010919115184408799,-0.0036246114332739213,0.205,280.7028873230076,0.0,0.0,-0.9523681744119383,1455.9160939546566,0.0,0.0,1.0,-36.27997110627113
-0.0030933512315881066,0.018252564655902123,0.205,280.08884401827476,0.0,0.0,-0.8851299065019118,1453.737772402518,0.0,0.0,1.0,-31.741543458247037
0.004069979855457944,-0.01689761404104411,0.205,280.14841206204545,0.0,0.0,-0.9380364469900817,1452.8299515806814,0.0,0.0,1.0,-29.76671627654013
0.019865871876265383,-0.0012835364178084235,0.205,280.1640093996627,0.0,0.0,-0.7976850365985256,1453.6618820390343,0.0,0.0,1.0,-27.421282749281477
-0.009830931671076858,-0.01071620703631262,0.205,280.286410461534,0.0,0.0,-0.9994591674786822,1456.5282246716945,0.0,0.0,1.0,-32.077933039431954
-0.007004768824147545,0.015948021627575044,0.205,280.1198379286066,0.0,0.0,-0.9365350334572373,1455.948101209695,0.0,0.0,1.0,-30.19657235382094
-0.015618549455335163,-0.00036537405496365826,0.205,280.42298619376106,0.0,0.0,-0.9880864985304767,1455.6063847673722,0.0,0.0,1.0,-32.52077385758657
-0.0004974552153324905,-0.010024292343277487,0.205,280.564812375768,0.0,0.0,-0.8877800071943454,1455.0239683544196,0.0,0.0,1.0,-39.70243554683051
0.0053284673048458195,0.012243839860444168,0.205,280.41261075020446,0.0,0.0,-0.994914442389268,1453.5257940026193,0.0,0.0,1.0,-34.71159792479654
0.0019613215197969713,-0.00847324807922503,0.205,280.6518484050038,0.0,0.0,-0.805095518841977,1455.550609396933,0.0,0.0,1.0,-37.43428550453908
0.011656349745448201,0.006357729566898801,0.205,280.4607266224613,0.0,0.0,-0.9940211667436458,1452.2707784888426,0.0,0.0,1.0,-32.271825548412124
-0.013760580004146105,-0.001461277215169477,0.205,280.4410404061568,0.0,0.0,-0.9989267326343022,1452.3635909397146,0.0,0.0,1.0,-32.91551791811159
-0.00356424731979885,0.015556243058570044,0.205,280.15901590172166,0.0,0.0,-0.9815299578247632,1455.4040833807344,0.0,0.0,1.0,-31.806501424725372
-0.0025045580765312714,0.015304324355387651,0.205,280.17595892486787,0.0,0.0,-0.9899975331300623,1460.084939929128,0.0,0.0,1.0,-32.48748233097644
-0.01256523563037866,0.01220848312849705,0.205,280.1394355105248,0.0,0.0,-0.9324277821354208,1454.5338247400118,0.0,0.0,1.0,-30.72129670541392
-0.014766556474839942,0.003263176772255042,0.205,280.39740854663677,0.0,0.0,-0.9951843566355932,1452.6471748977294,0.0,0.0,1.0,-32.31707789537275
-0.005573296687313958,0.0186462371527691,0.205,279.93140696388855,0.0,0.0,-0.828323998083804,1453.5332391780685,0.0,0.0,1.0,-27.18413023214832
-0.007359993235848054,0.014608151461294329,0.205,280.16701898574723,0.0,0.0,-0.9719234957732014,1455.5070841416257,0.0,0.0,1.0,-29.683572455844146
0.011152007451585086,-0.013577256248533988,0.205,280.16929130537477,0.0,0.0,-0.9303183443901939,1452.9267837635919,0.0,0.0,1.0,-30.348611357973066
0.01496245293595603,0.010843972986134449,0.205,280.0598255023525,0.0,0.0,-0.8869556735399031,1456.1721944355252,0.0,0.0,1.0,-26.987516714152605
-0.003074073949391499,-0.017684292386213205,0.205,280.015644291986,0.0,0.0,-0.9134845048985396,1455.0247461409106,0.0,0.0,1.0,-29.679644447592505
-0.007399214099963904,-0.008972277927597418,0.205,280.57565528504307,0.0,0.0,-0.9565980224857074,1456.95488760885,0.0,0.0,1.0,-36.71085765597039
0.008754264702299406,0.014770699216709494,0.205,280.07318030179744,0.0,0.0,-0.9460996057242166,1452.3108118598486,0.0,0.0,1.0,-30.88721633455738
0.010080505181277654,-0.00506097911211275,0.205,280.5856029665071,0.0,0.0,-0.944226081112759,1456.7659060883568,0.0,0.0,1.0,-35.189176765007346
0.0003132101320087292,-0.016027046673844518,0.205,280.2781537183885,0.0,0.0,-0.9799689949574348,1457.5377941211086,0.0,0.0,1.0,-32.34158458404642
-0.017503632026935736,0.005896545831446938,0.205,280.1933021392785,0.0,0.0,-0.8874187489433274,1457.9567573757306,0.0,0.0,1.0,-29.474422362253968
0.015900539549740918,-0.0013602185818142247,0.205,280.3220241578925,0.0,0.0,-0.981545665570552,1456.334306119078,0.0,0.0,1.0,-31.05648137194483
0.014358288502246939,-0.009419289292621393,0.205,280.2212669977091,0.0,0.0,-0.9460213681763239,1457.8563020087265,0.0,0.0,1.0,-28.796256561520956
0.012420639007278845,0.013110342070759536,0.205,280.15152062047423,0.0,0.0,-0.9082521694105875,1452.2212873805004,0.0,0.0,1.0,-30.690959281695676
-0.0022105530506124713,-0.011625222341765953,0.205,280.42713434488724,0.0,0.0,-0.9630873840260188,1455.7344577782278,0.0,0.0,1.0,-34.32127904720994
0.009009696762215235,0.013378372841725297,0.205,280.3360433288528,0.0,0.0,-0.9776735491846233,1450.9005216784783,0.0,0.0,1.0,-33.312400325391984
-0.010035594586770707,0.0016108132119277059,0.205,280.6402062175227,0.0,0.0,-0.8944648691175461,1451.9950185463003,0.0,0.0,1.0,-37.27664835139636
0.012376815440001307,-0.013895229689123349,0.205,280.07848609204075,0.0,0.0,-0.8799358207741836,1451.5565695955136,0.0,0.0,1.0,-31.13579137611744
0.018118469101622573,-0.002404789529121116,0.205,280.22018097736753,0.0,0.0,-0.8974698065323325,1454.851597260873,0.0,0.0,1.0,-31.399656149154875
-0.0027030542661340435,0.012735426562979843,0.205,280.3319064919527,0.0,0.0,-0.990422787145356,1451.5444074698714,0.0,0.0,1.0,-34.07521570604939
0.004660356544396531,0.008376090849123939,0.205,280.6114149929682,0.0,0.0,-0.8624503342568726,1453.1662643902691,0.0,0.0,1.0,-38.21851180596099
-0.009482897248229937,0.008347463782526343,0.205,280.5204553973502,0.0,0.0,-0.9834819639910868,1455.2120997327731,0.0,0.0,1.0,-35.577215939758176
-0.014059090201018818,0.01043398869585934,0.205,280.168607362616,0.0,0.0,-0.9329061273629605,1454.759368784443,0.0,0.0,1.0,-30.564095765764215
-0.00955205336172503,-0.007317316127169221,0.205,280.64074454988685,0.0,0.0,-0.968920338085676,1455.8776859225588,0.0,0.0,1.0,-33.59979323571415
0.006502768496126453,0.014727127163114494,0.205,280.2287853443776,0.0,0.0,-0.9783910861186598,1456.159160006323,0.0,0.0,1.0,-30.23948301308045
0.014821426002278868,0.0037482414426715377,0.205,280.37528855077215,0.0,0.0,-0.9931886416611588,1454.3492247895513,0.0,0.0,1.0,-31.603146402668642
-0.010294398229608426,-0.00015404710858587056,0.205,280.7390143196909,0.0,0.0,-0.9011486493790271,1454.3207256608139,0.0,0.0,1.0,-36.83696164574497
-6.499308201266731e-05,-0.018009133089366986,0.205,280.0217788732161,0.0,0.0,-0.9106667574420978,1452.41652463108,0.0,0.0,1.0,-28.57773201291968
0.006107260387793842,-0.008324784444041566,0.205,280.61048254479164,0.0,0.0,-0.9026035636452038,1453.1844556599385,0.0,0.0,1.0,-37.043129191271724
0.016399769043555525,0.011113781560755346,0.205,280.12184884579625,0.0,0.0,-0.804526370078136,1455.0028000961363,0.0,0.0,1.0,-27.97348589588882
-0.014481868339849997,-0.010609045736010307,0.205,280.2232839114934,0.0,0.0,-0.91336430286213,1455.0486885944993,0.0,0.0,1.0,-29.908648073711092
0.01552541324534137,0.00770969744878407,0.205,280.2446703214683,0.0,0.0,-0.9398655568065255,1454.5291276223904,0.0,0.0,1.0,-30.04264099231213
-0.015704212626947628,0.004788164696892749,0.205,280.3640840553863,0.0,0.0,-0.9702897802025936,1454.4193393125224,0.0,0.0,1.0,-32.09731177531882
0.0010188331208382407,0.014528342045147694,0.205,280.34909461385433,0.0,0.0,-0.9993766508339161,1453.4523361137267,0.0,0.0,1.0,-32.49927723017216
0.012678771211569056,0.010623059208407096,0.205,280.2117619181081,0.0,0.0,-0.9668247422003109,1449.4083706666995,0.0,0.0,1.0,-29.135027639475148
-0.004192374388629228,-0.01297578904427449,0.205,280.3645170974775,0.0,0.0,-0.9976187527580991,1457.2229472698841,0.0,0.0,1.0,-33.74958087967841
-0.015129676039633845,-0.010120970227820528,0.205,280.1227783726051,0.0,0.0,-0.9012321737782321,1456.8295360112422,0.0,0.0,1.0,-32.12328873265834
-0.007138263511781405,0.014936640279016368,0.205,280.18574583099524,0.0,0.0,-0.9664232482431623,1456.3553759495467,0.0,0.0,1.0,-30.74676294061841
-0.013821968021126192,-0.0018221061781810099,0.205,280.55050896760486,0.0,0.0,-0.9993985844652336,1457.4000468351717,0.0,0.0,1.0,-31.85072959687331
0.00824701598669734,-0.0067842561021377555,0.205,280.55137211349455,0.0,0.0,-0.9193862832537825,1456.2080349196417,0.0,0.0,1.0,-33.9926620502669
0.01485332374395357,-0.006971708016910371,0.205,280.3285414169003,0.0,0.0,-0.9705587600367331,1455.2561753032264,0.0,0.0,1.0,-29.092162367525617
-0.00892476383686008,-0.012313908041175015,0.205,280.20253983003624,0.0,0.0,-0.9941982925288844,1452.2978607190748,0.0,0.0,1.0,-32.151891685293066
0.007487805640495912,0.013055065992710524,0.205,280.1816717598214,0.0,0.0,-0.9959545031856919,1454.6674008121834,0.0,0.0,1.0,-31.823184841944606
0.012759565723982824,-0.01262716561900258,0.205,280.2305282439568,0.0,0.0,-0.9133962813908234,1449.0760270535418,0.0,0.0,1.0,-30.058526747478403
0.004127217747808037,-0.007847858924710493,0.205,280.6045558036904,0.0,0.0,-0.8168245364633016,1451.29327951533,0.0,0.0,1.0,-36.94236112956525
0.017863555345847812,-0.008109454064206306,0.205,280.0965547196743,0.0,0.0,-0.8178405017026374,1457.5357538975213,0.0,0.0,1.0,-24.238656715262273
0.004412195368071919,0.012538992371887901,0.205,280.3582883581506,0.0,0.0,-0.9942060125431078,1454.9084341979344,0.0,0.0,1.0,-33.61282874782263
-0.0018293402323998785,0.010271636745321484,0.205,280.50261892771016,0.0,0.0,-0.9079137608543058,1450.3605633029613,0.0,0.0,1.0,-35.7909794106539
0.006809046328581393,0.014224959315974086,0.205,280.23556183745495,0.0,0.0,-0.9853831347399515,1454.7373385924905,0.0,0.0,1.0,-32.30966303365551
0.013805148178357216,-0.012101263157810738,0.205,280.1796086210343,0.0,0.0,-0.8933136086175537,1455.125807663137,0.0,0.0,1.0,-31.05680622710926
-0.019444615490334886,0.00465853969781246,0.205,280.1924910790406,0.0,0.0,-0.7913723312239525,1457.210096530475,0.0,0.0,1.0,-27.937739578189788
-0.014493944683902861,-0.0006938267606324847,0.205,280.48965770814004,0.0,0.0,-0.9995708926433572,1453.2660741470097,0.0,0.0,1.0,-32.32741449243458
-0.014823471600273554,-0.01332684808518618,0.205,279.9448241146682,0.0,0.0,-0.7958139339357524,1454.214879101354,0.0,0.0,1.0,-26.122159811569063
-0.015653875276463936,0.012015419901552318,0.205,279.9928419984888,0.0,0.0,-0.809918981028986,1457.0396544414277,0.0,0.0,1.0,-27.79785932843906
0.006930062206735054,-0.008316468988256883,0.205,280.59991976644466,0.0,0.0,-0.9258640703403462,1450.6200056970908,0.0,0.0,1.0,-33.64055247044539
0.006970452403037836,-0.007736289236368005,0.205,280.5921220528653,0.0,0.0,-0.9069491846147981,1455.6034127165549,0.0,0.0,1.0,-34.77230274669957
-0.011084548147968776,0.002446312634350509,0.205,280.6216180561013,0.0,0.0,-0.9468844271040309,1453.9454935621764,0.0,0.0,1.0,-35.36475810932375
-0.005583368595452622,0.01372708237055582,0.205,280.1173642395266,0.0,0.0,-0.9979524105126703,1455.1197049127118,0.0,0.0,1.0,-30.75592760472847
-0.018090865328921582,-0.004328496966179527,0.205,280.13481300715193,0.0,0.0,-0.8803022884734162,1458.1854055673343,0.0,0.0,1.0,-27.842732045419083
-0.011641917660797729,0.0007305676212217743,0.205,280.5823724024164,0.0,0.0,-0.9577532905219532,1456.2054234783404,0.0,0.0,1.0,-36.69684611424463
-0.006799630239795369,0.014147154143637758,0.205,280.14958616595794,0.0,0.0,-0.9867752696319837,1458.0483891677914,0.0,0.0,1.0,-30.85199535668704
-0.010103632945028078,-0.016022386722360858,0.205,279.95415731951647,0.0,0.0,-0.8608346695811133,1456.3561746083938,0.0,0.0,1.0,-29.649918301730096
-0.010455979093957894,0.00019503065286337253,0.205,280.73652174724265,0.0,0.0,-0.909093788691457,1454.722675381006,0.0,0.0,1.0,-35.13300823013379
-0.007187152672878047,0.01321989435679019,0.205,280.31359580850955,0.0,0.0,-0.9959817475181113,1454.42345221917,0.0,0.0,1.0,-29.99130418659402
0.0065769671232971,-0.017193923729159184,0.205,280.0903842511381,0.0,0.0,-0.8906630272774352,1454.9862567412538,0.0,0.0,1.0,-28.614801579917653
-0.006526997984511781,0.011546063205478931,0.205,280.3988927734474,0.0,0.0,-0.9938447995661939,1453.2011611861992,0.0,0.0,1.0,-35.75055735370232
0.00972007466977524,0.009665277689596295,0.205,280.37036062095234,0.0,0.0,-0.9981400562783487,1453.4531700466723,0.0,0.0,1.0,-35.05227959394688
-0.00816434833763516,-0.008309259227952476,0.205,280.6214751019232,0.0,0.0,-0.9572363756029654,1455.6207435691547,0.0,0.0,1.0,-36.217899143313176
0.0038926815112518783,0.018512842883884707,0.205,279.9939306029045,0.0,0.0,-0.8622754721293039,1452.3034242678414,0.0,0.0,1.0,-27.923368150734635
-0.017542147136687298,0.007459434049246409,0.205,280.17954182246723,0.0,0.0,-0.8536103716033142,1454.8207310762868,0.0,0.0,1.0,-28.150593130506913
0.013837554610250298,0.013296177139940699,0.205,280.0507795182898,0.0,0.0,-0.8457195255944384,1458.8655380334194,0.0,0.0,1.0,-29.99869556771991
0.012870608796598342,0.004147657058815902,0.205,280.5114286838074,0.0,0.0,-0.9966535719311203,1454.791101276262,0.0,0.0,1.0,-35.26629237689926
-0.0030511468938048984,-0.009578851921037237,0.205,280.56128190935146,0.0,0.0,-0.8886533154907883,1454.0906241361843,0.0,0.0,1.0,-35.876798775224536
0.013615547557430406,-0.0011446160213121732,0.205,280.4673244132113,0.0,0.0,-0.9978261199082779,1457.142812959579,0.0,0.0,1.0,-35.09482445707715
-0.009987390889471601,-0.00011960844875424439,0.205,280.731468532031,0.0,0.0,-0.8851804963047183,1457.6517178707238,0.0,0.0,1.0,-37.87099638658826
-0.008931754917811141,0.001955387922010647,0.205,280.7491078132672,0.0,0.0,-0.8351485941012056,1454.2249428447858,0.0,0.0,1.0,-37.18560864892898
0.01021071334374907,-0.003247293575082139,0.205,280.6884700874815,0.0,0.0,-0.9209909105952534,1454.8472552715139,0.0,0.0,1.0,-36.67162006026166
0.002781036852256105,0.01864195218103603,0.205,279.982091135047,0.0,0.0,-0.8663417252046274,1452.1019889415911,0.0,0.0,1.0,-29.017180998761805
-0.014198490309354408,0.012346225637647906,0.205,280.04558737264324,0.0,0.0,-0.8682337002718263,1458.4573744477311,0.0,0.0,1.0,-28.407035805143884
-0.002187222303803885,-0.009409969371042232,0.205,280.6117095023014,0.0,0.0,-0.8668685792638404,1454.9178672539367,0.0,0.0,1.0,-36.0848503814715
0.0164477350769615,0.004546793316044849,0.205,280.216144445087,0.0,0.0,-0.9499215701151421,1457.5168977454978,0.0,0.0,1.0,-31.706411266653703
0.009843091559162097,-0.004360882131235757,0.205,280.61646863347573,0.0,0.0,-0.9232635403253275,1455.5194114601347,0.0,0.0,1.0,-35.551505974780945
-0.014963249571602626,-0.0063988434965168905,0.205,280.26170153556274,0.0,0.0,-0.9741033093837763,1457.5885733266452,0.0,0.0,1.0,-31.118058941850702
0.002784443152689117,-0.018950070722882906,0.205,279.9959048639951,0.0,0.0,-0.8480044019981238,1449.930082039703,0.0,0.0,1.0,-27.800406112925238
0.004640712266713112,-0.012325991609529683,0.205,280.38791164393183,0.0,0.0,-0.9926357706762658,1458.2116882415828,0.0,0.0,1.0,-34.65279686715812
0.016352894827236935,-0.005165469947000259,0.205,280.325427054916,0.0,0.0,-0.9468622044961927,1455.0171341941693,0.0,0.0,1.0,-30.690388640015968
-0.009058168657314784,-0.013560051832366856,0.205,280.27394619247474,0.0,0.0,-0.973247024907302,1452.5519426006629,0.0,0.0,1.0,-31.91644976024164
0.010911372462961061,-0.0003477441264153593,0.205,280.6608150855583,0.0,0.0,-0.9297730077184168,1455.0302048393655,0.0,0.0,1.0,-35.40425564603574
0.018209455720853987,0.001875328881423621,0.205,280.18383171294244,0.0,0.0,-0.8960183342924388,1453.2946843596817,0.0,0.0,1.0,-28.233983412261797
0.003246220367599888,0.014675470509525047,0.205,280.3077824328783,0.0,0.0,-0.9961519574159039,1456.4414646436185,0.0,0.0,1.0,-33.47968580875554
0.0008088374641477517,-0.009786165285979462,0.205,280.64152131116435,0.0,0.0,-0.875917823659605,1456.2932153552324,0.0,0.0,1.0,-35.480986801531415
0.0021893319935976786,-0.017447159611193922,0.205,280.11756738240695,0.0,0.0,-0.92973515993789,1452.259640957345,0.0,0.0,1.0,-28.219691119547246
-0.010632391108582022,-0.0018503518110999848,0.205,280.72793509154036,0.0,0.0,-0.9244193221258641,1453.9721006143482,0.0,0.0,1.0,-33.48717693542633
0.015293346569873313,0.002766138547760408,0.205,280.3578635554831,0.0,0.0,-0.9894562767493333,1455.454484850282,0.0,0.0,1.0,-30.138948684599228
0.010475194867719258,-0.010433588450516272,0.205,280.3592240056886,0.0,0.0,-0.998192212004047,1454.4599257627926,0.0,0.0,1.0,-35.28503520408877
-0.017559024322980534,-0.008614453430546311,0.205,280.0520318878605,0.0,0.0,-0.8218745875421688,1454.478471996531,0.0,0.0,1.0,-29.968841774721106
-0.011957542712482248,0.005183135535568666,0.205,280.4978489851324,0.0,0.0,-0.990630790487183,1453.5912877978014,0.0,0.0,1.0,-32.32961322774954
0.0001269246993590672,-0.016025618793857915,0.205,280.20292032907327,0.0,0.0,-0.98005858838191,1457.3708744468902,0.0,0.0,1.0,-32.22200541679787
-0.005269115748484605,-0.013382824828461036,0.205,280.2715242952098,0.0,0.0,-0.999888596542104,1453.1779553945655,0.0,0.0,1.0,-33.1283990794985
-0.014946043257102038,-0.006499391320067329,0.205,280.37851314656376,0.0,0.0,-0.9734851044037605,1455.9276120309073,0.0,0.0,1.0,-30.03692286700771
-0.008933264566664104,0.009719501031475815,0.205,280.42907335133356,0.0,0.0,-0.9930467380187626,1453.7850023288597,0.0,0.0,1.0,-32.80572237630595
-0.01877316740041967,0.0008665711561290899,0.205,280.23607019397303,0.0,0.0,-0.8695253510922235,1459.476061273376,0.0,0.0,1.0,-30.070195493395886
0.003614509192421658,0.01257676552988928,0.205,280.4344646493351,0.0,0.0,-0.9914331392840638,1454.3841544823038,0.0,0.0,1.0,-33.44012563092693
0.006493225395507727,-0.01890527030848016,0.205,279.97853618177913,0.0,0.0,-0.7917787405506974,1453.5478574932242,0.0,0.0,1.0,-25.70936286475693
0.0016729211158517448,0.018335954845921654,0.205,280.0505556908141,0.0,0.0,-0.8904938952351927,1453.084339499397,0.0,0.0,1.0,-29.69299321250765
0.0032022970975105125,-0.014308174568109193,0.205,280.2620804435906,0.0,0.0,-0.9989262190105859,1452.1701851695077,0.0,0.0,1.0,-34.443521845230556
0.012212007828660668,0.012016801768729289,0.205,280.15270438883795,0.0,0.0,-0.9474620347967684,1455.7931258794915,0.0,0.0,1.0,-30.726505593274293
-0.004555703494691747,0.009477611058218564,0.205,280.58250522714854,0.0,0.0,-0.9118477425264957,1452.8417254498888,0.0,0.0,1.0,-35.52509868998467
-0.006296621878268269,0.011775198674611964,0.205,280.2511691731684,0.0,0.0,-0.9949138362585801,1453.2816431064373,0.0,0.0,1.0,-32.69283299477348
-0.001670408959673816,0.016255096507226494,0.205,280.2025984952821,0.0,0.0,-0.9723692021315533,1454.849295815577,0.0,0.0,1.0,-29.822090542803707
-0.009289591569824226,-0.0032755135664814445,0.205,280.8220775859951,0.0,0.0,-0.877626922817922,1455.552854767179,0.0,0.0,1.0,-37.649781904307076
0.017032914955407746,0.002686843481450023,0.205,280.2172427241983,0.0,0.0,-0.9433528888704756,1453.005553476712,0.0,0.0,1.0,-29.911357868295184
-0.011109695353909236,-0.010734844725085964,0.205,280.2974870747356,0.0,0.0,-0.9909170057777004,1451.8500697641955,0.0,0.0,1.0,-32.96646892295939
0.009923157046402233,-0.009573564485079336,0.205,280.4306112693839,0.0,0.0,-0.9986535460285024,1455.5913513544383,0.0,0.0,1.0,-32.73255999121911
0.012166629101797659,0.010481592400521976,0.205,280.30918560470474,0.0,0.0,-0.979314062798003,1456.9957203528852,0.0,0.0,1.0,-32.388720582282566
-0.012035869152329738,3.943334128009781e-05,0.205,280.6053663804017,0.0,0.0,-0.969012123224773,1456.3402049013434,0.0,0.0,1.0,-36.6759555205864
-0.017243772729040235,0.006441210570152363,0.205,280.1639364821106,0.0,0.0,-0.8907353062895274,1452.4960951406924,0.0,0.0,1.0,-30.606498721927252
0.016957879589975758,-0.009332301707804727,0.205,280.18643437167054,0.0,0.0,-0.8351829656744939,1451.7127061412602,0.0,0.0,1.0,-28.536830095358297
0.002811848094961947,0.01469937002393503,0.205,280.32633293592323,0.0,0.0,-0.9967602801433426,1455.544323009118,0.0,0.0,1.0,-33.06554251864052
-0.005405369979022676,-0.011585619970697467,0.205,280.41943992699856,0.0,0.0,-0.9864245255186843,1454.196673172563,0.0,0.0,1.0,-33.57485114906241
-0.01752081945578361,0.007232626139879779,0.205,280.11228714306685,0.0,0.0,-0.8600670569987914,1457.6293800731428,0.0,0.0,1.0,-29.514585824258845
0.012936848718115011,-0.015172889053957526,0.205,279.9195564984471,0.0,0.0,-0.7953840457624914,1453.0022786199359,0.0,0.0,1.0,-27.852642683763296
0.009241888714005369,-5.134181776306774e-05,0.205,280.82531067015753,0.0,0.0,-0.8414618433157829,1457.5658215155406,0.0,0.0,1.0,-38.67024110274568
-0.016788633683331528,-0.008523190654151793,0.205,280.1337549582811,0.0,0.0,-0.8675019111551181,1453.5862877539353,0.0,0.0,1.0,-29.791541468932152
-0.009515100267079685,-0.008258341053416884,0.205,280.5840450371151,0.0,0.0,-0.9827713226064998,1457.3624996264643,0.0,0.0,1.0,-37.36169939336293
0.017294920810047243,-0.0024594898684391748,0.205,280.1815528855959,0.0,0.0,-0.9345013140298712,1457.996001204902,0.0,0.0,1.0,-28.28858427179202
0.016055224748270057,-0.0004577659017200322,0.205,280.3571859065836,0.0,0.0,-0.9792505393447808,1459.710459906622,0.0,0.0,1.0,-30.052590502731416
-0.008420006529055576,-0.0017593082478465766,0.205,280.8361377298139,0.0,0.0,-0.7983378638722108,1452.4980121074097,0.0,0.0,1.0,-38.342418357692694
-0.015385008453077106,0.012058335278831095,0.205,280.100086933801,0.0,0.0,-0.8226052779137993,1453.6399423638156,0.0,0.0,1.0,-27.96668107348581
0.012785799687120278,0.00403710695504157,0.205,280.4149467002976,0.0,0.0,-0.995518558119388,1453.8979337617857,0.0,0.0,1.0,-35.075746607079324
0.018076145237636763,-0.0010917980766134308,0.205,280.2055176548797,0.0,0.0,-0.905858774861658,1450.6546907462523,0.0,0.0,1.0,-29.71059429658812
0.008751810654994013,0.0009001695532638054,0.205,280.7752499891848,0.0,0.0,-0.8121007316284485,1454.9753153492359,0.0,0.0,1.0,-36.276747837530145
-0.0084685700393806,-0.014310487987266,0.205,280.161187495895,0.0,0.0,-0.9642386444087343,1452.1387508557086,0.0,0.0,1.0,-30.88542220589059
0.009642044269551828,-0.017162675775173455,0.205,279.95884511142697,0.0,0.0,-0.8132243618749163,1451.7412547733609,0.0,0.0,1.0,-28.83021282749516
-0.011725884159425808,0.0036437157003722204,0.205,280.62888275556344,0.0,0.0,-0.9754416877892464,1455.746404548061,0.0,0.0,1.0,-32.3391054921491
0.013002114756799915,-0.002678660267981729,0.205,280.5645042910301,0.0,0.0,-0.9939928841952109,1454.474442192764,0.0,0.0,1.0,-35.000908182911296
0.0027489706468073576,0.014891390109555034,0.205,280.23565798948795,0.0,0.0,-0.9949590779462087,1453.8419307695965,0.0,0.0,1.0,-32.29819711002812
-0.0022654425823369065,-0.018458747659528003,0.205,279.99103286706327,0.0,0.0,-0.8805354020841007,1453.9623657025663,0.0,0.0,1.0,-29.88420560749258
0.01165401979365353,0.011184123691506166,0.205,280.2989950216295,0.0,0.0,-0.977121622842711,1455.5845948140245,0.0,0.0,1.0,-31.007606994678888
-0.003986791952682126,0.010675386155161047,0.205,280.446504780164,0.0,0.0,-0.9484939930183551,1447.3448789683891,0.0,0.0,1.0,-35.73140651857675
0.01149700611229789,0.008005797761993796,0.205,280.4926335854178,0.0,0.0,-0.99963522302991,1456.3565956779855,0.0,0.0,1.0,-33.94676282336373
-0.010489624457830988,0.0005647447930001262,0.205,280.6872719737558,0.0,0.0,-0.9113340382493182,1451.2090066061821,0.0,0.0,1.0,-36.89280231458717
-0.008537716392965316,-0.010608057702127624,0.205,280.4325982503421,0.0,0.0,-0.9974673353599017,1453.0940185961376,0.0,0.0,1.0,-32.38125040733073
-0.012446291738147727,-0.004155603519424337,0.205,280.5056979967535,0.0,0.0,-0.991952635389203,1454.218307721487,0.0,0.0,1.0,-35.0986218747669
0.009399569300698784,-0.01061410242816176,0.205,280.2750069776267,0.0,0.0,-0.9999670818879821,1456.6856552269642,0.0,0.0,1.0,-31.93299023418493
-0.013392710241238791,0.008439702633613495,0.205,280.35831760653497,0.0,0.0,-0.9842165981128781,1452.5256273417951,0.0,0.0,1.0,-29.48732886976029
0.01605146728296202,-0.003105107444277972,0.205,280.3139627788215,0.0,0.0,-0.9721481292815615,1458.7448283228257,0.0,0.0,1.0,-29.393441005734267
-0.011430595226415726,0.014959744268731826,0.205,280.0730325529969,0.0,0.0,-0.8675795934628391,1455.7188449331338,0.0,0.0,1.0,-29.54737553735004
0.0027174830808461624,0.010992485394351718,0.205,280.48530250510265,0.0,0.0,-0.9458577222694282,1455.3817769705515,0.0,0.0,1.0,-37.399361033390726
0.0012645409265409292,0.01411999605032609,0.205,280.3802809950333,0.0,0.0,-0.9999658569805867,1453.7244282656748,0.0,0.0,1.0,-32.35886579295085
0.013718790284627021,-0.007963055542742337,0.205,280.3073316130889,0.0,0.0,-0.9835656877284342,1455.9841207291242,0.0,0.0,1.0,-34.4994121170201
0.01641152154044002,0.004959412446328735,0.205,280.32377919661116,0.0,0.0,-0.947038887508789,1454.48703652774,0.0,0.0,1.0,-31.668310415559848
-0.012892888828424388,-0.005618139776572984,0.205,280.44760525509685,0.0,0.0,-0.9997808026922848,1455.2122245198161,0.0,0.0,1.0,-32.6090920563029
-0.006560575543381922,0.014376283692540225,0.205,280.20059292611546,0.0,0.0,-0.9847640999611431,1451.201545647437,0.0,0.0,1.0,-31.011230803605596
-0.012538792321181231,0.0005575545801033667,0.205,280.5824722611115,0.0,0.0,-0.9817566708813703,1453.6023351759295,0.0,0.0,1.0,-36.965566063064216
0.004609932346098191,0.009489822165021726,0.205,280.45610555525235,0.0,0.0,-0.9134732053415905,1457.1602315626405,0.0,0.0,1.0,-37.28428414261089
-0.01649542922303421,0.01120394858848304,0.205,279.9617461989939,0.0,0.0,-0.7952955996632802,1456.1430369055254,0.0,0.0,1.0,-26.86435720323691
0.002176387290772305,-0.010515979012771575,0.205,280.55696483500975,0.0,0.0,-0.9220682844691237,1455.1233742315953,0.0,0.0,1.0,-36.72059104429455
-0.01360730063861522,0.00918487776593232,0.205,280.3290910735038,0.0,0.0,-0.970313319488161,1454.5290172637701,0.0,0.0,1.0,-30.980213460415975
0.006824182645609921,-0.01876745178389176,0.205,279.98105787865416,0.0,0.0,-0.7932008630527864,1453.4024274868882,0.0,0.0,1.0,-28.465884716731054
0.01839015550639205,-0.007391756135929244,0.205,280.1650568619956,0.0,0.0,-0.8038742260620748,1456.9027748593512,0.0,0.0,1.0,-30.361738588389517
0.0017026586933574445,0.018843840208371643,0.205,279.94297360787664,0.0,0.0,-0.8621022420509885,1456.615184830574,0.0,0.0,1.0,-30.778850425128336
-0.010141752778111962,0.014524614942303395,0.205,280.12595841765506,0.0,0.0,-0.9241063400793662,1455.0782127499788,0.0,0.0,1.0,-31.312287107796756
-0.012689176539658445,-0.00927809975242328,0.205,280.339912844461,0.0,0.0,-0.9863520286193064,1455.1536123815674,0.0,0.0,1.0,-33.79914394998054
0.011859125739066567,-0.01456220139195984,0.205,280.0672900574576,0.0,0.0,-0.8702675199212397,1453.7053101464746,0.0,0.0,1.0,-28.2019574464443
-0.0006601571552675641,-0.011023808401813594,0.205,280.5317279197631,0.0,0.0,-0.9350083523264148,1454.0926252092531,0.0,0.0,1.0,-36.65519576501718
-0.004306816790817436,0.014548062495280838,0.205,280.2796768378427,0.0,0.0,-0.9946243108126966,1453.1036556474403,0.0,0.0,1.0,-32.15189693890635
-0.0031717876759277805,0.008042843115521807,0.205,280.6699980374353,0.0,0.0,-0.8014552441105203,1457.1168283066006,0.0,0.0,1.0,-37.30440582928755
0.017229230381813017,0.0065075292004031764,0.205,280.16837238488745,0.0,0.0,-0.890224535410078,1454.804984667515,0.0,0.0,1.0,-30.376192376221372
-0.019599706887854465,-0.00042270254433232266,0.205,280.17703718416084,0.0,0.0,-0.8187782818556284,1454.0915812260507,0.0,0.0,1.0,-29.957800842984213
0.01342521542579303,-0.0007126933642193018,0.205,280.45046866418835,0.0,0.0,-0.9958946308482632,1455.606301813805,0.0,0.0,1.0,-35.62185754852043
0.012739606090188907,0.0020667106698552978,0.205,280.5864230331048,0.0,0.0,-0.9885841443277508,1454.6651344967647,0.0,0.0,1.0,-33.17903079583584
-0.002937460754123271,0.019280457627878746,0.205,279.9320628914849,0.0,0.0,-0.8255721998842179,1454.737968113416,0.0,0.0,1.0,-28.31990442862299
-0.005144010625657359,0.01682969308730145,0.205,280.07126285877,0.0,0.0,-0.9291314073780892,1456.518029253214,0.0,0.0,1.0,-29.800882713595087
-0.015895738239872607,-0.01035401335488743,0.205,280.0585675868983,0.0,0.0,-0.8591400108497028,1456.5793082920732,0.0,0.0,1.0,-27.882758571354472
-0.015471994935253353,-0.009400572588595715,0.205,280.18976640320085,0.0,0.0,-0.9061087425501759,1456.7946113760875,0.0,0.0,1.0,-28.72828139842854
-0.00911879728591169,-0.003507012877122574,0.205,280.7383421830595,0.0,0.0,-0.8731239961938113,1456.7826807861961,0.0,0.0,1.0,-38.69335755805196
0.016841170748625376,-0.00031365250192423637,0.205,280.3325867345737,0.0,0.0,-0.9574616054863334,1456.097563529385,0.0,0.0,1.0,-32.19587455236189
-0.01724312558996481,0.0014463508813184786,0.205,280.2668237537102,0.0,0.0,-0.9410535853237606,1454.3059786279484,0.0,0.0,1.0,-29.59425368235937
0.0027000792257279907,-0.018725630839136462,0.205,279.9749176622713,0.0,0.0,-0.8621797603697935,1453.1807483100765,0.0,0.0,1.0,-29.007568205213747
0.013879794908698437,0.014010949829884961,0.205,280.07002778217725,0.0,0.0,-0.8107241172699192,1458.9537108358434,0.0,0.0,1.0,-27.330823965041155
-0.0011322094214313314,-0.012261135017249312,0.205,280.2992364041115,0.0,0.0,-0.976289768736358,1452.1107965535023,0.0,0.0,1.0,-33.43648911336429
0.006999583232386941,-0.008049664328609499,0.205,280.55323512239494,0.0,0.0,-0.9188605979210249,1455.8197270283608,0.0,0.0,1.0,-37.31802512581083
-0.007947760964237481,0.004633431096965895,0.205,280.7517673477881,0.0,0.0,-0.8387741802005771,1453.5185708431254,0.0,0.0,1.0,-37.750702325136885
0.009626973296698134,-0.005655530181884752,0.205,280.5990657392042,0.0,0.0,-0.9398493824987866,1455.6737905595937,0.0,0.0,1.0,-37.453398299693816
0.003245291896559207,-0.012176733404813015,0.205,280.3699340318636,0.0,0.0,-0.9828271207878417,1456.674001050068,0.0,0.0,1.0,-32.599838234018435
0.018314058749878657,0.006871459853314252,0.205,280.0095662309692,0.0,0.0,-0.8217140329385818,1450.8736448878967,0.0,0.0,1.0,-28.093680090471967
0.015195135227217611,0.010549737515550673,0.205,280.16867515248595,0.0,0.0,-0.8859088474318345,1451.4713160217716,0.0,0.0,1.0,-27.48825975803065
0.011007555498797625,0.00960117281664086,0.205,280.3583670353276,0.0,0.0,-0.9991967651792864,1455.1776628748355,0.0,0.0,1.0,-32.584428628323955
-0.012864615911884867,0.007008134511495181,0.205,280.50416591059223,0.0,0.0,-0.9989903433720191,1454.9866322136643,0.0,0.0,1.0,-32.2171489315786
-0.0005465412528253276,0.017037507521468827,0.205,280.01389801407277,0.0,0.0,-0.9505724311598179,1454.3124079394365,0.0,0.0,1.0,-30.234114624887518
-0.010281589085203711,0.015432339812827996,0.205,280.1050233446746,0.0,0.0,-0.8834611870389727,1454.2486320884277,0.0,0.0,1.0,-29.63805140496347
-0.016051504766125713,0.0034301149166742627,0.205,280.2734480387913,0.0,0.0,-0.9704001424021917,1453.7308385809426,0.0,0.0,1.0,-30.36216274525582
0.008344922900024672,0.0097995583690726,0.205,280.31825349483506,0.0,0.0,-0.9879834027958257,1456.0013474246252,0.0,0.0,1.0,-34.26045394180152
-0.0017791732240791814,0.013645553293076883,0.205,280.3562993558565,0.0,0.0,-0.9984887579975468,1458.395731339018,0.0,0.0,1.0,-35.529224483078124
-0.012101459042677742,0.00622852111545698,0.205,280.4139662142213,0.0,0.0,-0.9974130547753498,1456.7113441638073,0.0,0.0,1.0,-34.27540927510021
-0.013951476258953795,-0.0026200157395738625,0.205,280.42951180571123,0.0,0.0,-0.9999811256071021,1457.4808131603952,0.0,0.0,1.0,-34.90299046604463
0.014531332870261196,-0.012523585554973198,0.205,280.0790094838827,0.0,0.0,-0.8461528470057912,1453.6346502502852,0.0,0.0,1.0,-29.724865986767277
-0.006662233557386272,-0.01346583904753607,0.205,280.21738347328244,0.0,0.0,-0.9962151078623762,1453.7603222712712,0.0,0.0,1.0,-32.97990796648892
-0.012535306592484185,0.00043863500473096295,0.205,280.50471936130185,0.0,0.0,-0.9815800464541231,1454.7711371394123,0.0,0.0,1.0,-36.87188377468247
-0.0039819521915202116,0.012913129601675151,0.205,280.3736668441286,0.0,0.0,-0.9965677048288216,1457.0908836357214,0.0,0.0,1.0,-32.95292833883335
0.007073970745105767,0.007640286825691172,0.205,280.6321031248541,0.0,0.0,-0.9068971604127191,1456.0091360720023,0.0,0.0,1.0,-35.497824913131375
-0.012828810883242385,0.012369766635215464,0.205,280.1678381145629,0.0,0.0,-0.9193878771392457,1452.3073158042312,0.0,0.0,1.0,-29.52501561546437
-6.8826673837858e-05,0.01711331183839658,0.205,280.04658811956585,0.0,0.0,-0.9481689653410521,1457.497425083707,0.0,0.0,1.0,-31.940372503535773
-0.019770443411195084,0.0004902401122242288,0.205,280.05013515952226,0.0,0.0,-0.8069302709604794,1452.0536682569536,0.0,0.0,1.0,-29.194726791197393
0.01935550100841902,0.003962527664178145,0.205,280.0611025965409,0.0,0.0,-0.8082953048495569,1453.3780095154043,0.0,0.0,1.0,-28.183758240033825
-0.010702905735296309,-0.005991282378461161,0.205,280.6385999803755,0.0,0.0,-0.9751102441846857,1453.8868296413812,0.0,0.0,1.0,-35.88664557596942
0.014339656382990293,-0.004565079749015294,0.205,280.4078127142332,0.0,0.0,-0.9959666860529617,1454.2005015797151,0.0,0.0,1.0,-31.54223670127193
0.010719861196703633,-0.009417235123561856,0.205,280.3126024976913,0.0,0.0,-0.9999977567071915,1457.6631862177417,0.0,0.0,1.0,-32.52160612172745
-0.0011717761483958492,0.011149605079600172,0.205,280.485510359113,0.0,0.0,-0.9416193343486137,1457.5797282234066,0.0,0.0,1.0,-34.254115108724726
0.004132298289942494,-0.012387060675310787,0.205,280.3609429064535,0.0,0.0,-0.991020396728344,1452.8274169169142,0.0,0.0,1.0,-35.361156670751214
0.01669007737901135,-0.008496197877502746,0.205,280.1235265008877,0.0,0.0,-0.8732318226650316,1455.355019788175,0.0,0.0,1.0,-28.371785035172152
-0.019709288767933212,0.0032033372481401323,0.205,280.0429907158389,0.0,0.0,-0.7933262876158087,1456.2437724625238,0.0,0.0,1.0,-28.344913802870977
-0.003717675824475437,-0.017887939354554287,0.205,280.0868987512747,0.0,0.0,-0.8978351134484384,1456.5055491691012,0.0,0.0,1.0,-28.648482597731643
0.00212661106564752,0.015054769622783985,0.205,280.1411914043705,0.0,0.0,-0.9942440723544994,1455.8105945811308,0.0,0.0,1.0,-33.746996980870755
0.014137154349546722,-0.006991689155802494,0.205,280.37951362330926,0.0,0.0,-0.9853646789427933,1455.0414034829084,0.0,0.0,1.0,-32.26562621170886
-0.008789258212129475,-0.014864321417033506,0.205,280.03777490839326,0.0,0.0,-0.9424061049774088,1454.6063640825012,0.0,0.0,1.0,-30.125649579129178
-0.004307730187143029,0.011186829250080752,0.205,280.484882517613,0.0,0.0,-0.9676433728850149,1453.4544547766338,0.0,0.0,1.0,-34.346351477269295
0.004050679409340781,-0.008831101368953534,0.205,280.68158291490676,0.0,0.0,-0.8700381068850965,1457.8139172273336,0.0,0.0,1.0,-37.22941331652433
-5.6497107478477545e-05,0.013603811910426785,0.205,280.36034810279034,0.0,0.0,-0.997361416840928,1456.5267226205542,0.0,0.0,1.0,-34.630747492129224
0.010943799919317179,0.01557866864198127,0.205,280.0480343771524,0.0,0.0,-0.8550573494233973,1450.8096884285726,0.0,0.0,1.0,-29.100139870321165
0.004497568931272184,-0.010937622307626965,0.205,280.44356760899944,0.0,0.0,-0.9628641363058599,1453.4746773042227,0.0,0.0,1.0,-34.616369328917486
0.014090081334317377,0.004427131382376911,0.205,280.5035390668637,0.0,0.0,-0.9982958224836853,1456.225617501203,0.0,0.0,1.0,-32.09163433882849
-0.010354662976508236,-0.002301055226249904,0.205,280.6810243540431,0.0,0.0,-0.9161182142439905,1458.328564370579,0.0,0.0,1.0,-36.687383229420895
-0.0009208059812439181,-0.013155529281294513,0.205,280.27922896074637,0.0,0.0,-0.9928666675425702,1455.744137870252,0.0,0.0,1.0,-34.11460245143913
0.01638509280460203,-0.00869312019855087,0.205,280.1948986595038,0.0,0.0,-0.8832072521480216,1458.150838333184,0.0,0.0,1.0,-29.139096684443455
0.014554927962898081,-0.007917485609852577,0.205,280.3070305484915,0.0,0.0,-0.9660045715562934,1451.2915441957166,0.0,0.0,1.0,-31.188810557831594
0.008844245552157872,0.016583463428813984,0.205,279.9939418310909,0.0,0.0,-0.8694501897428515,1454.6805573371212,0.0,0.0,1.0,-27.649879729821084
-0.010922263411878382,-0.005569432811211281,0.205,280.48406842036906,0.0,0.0,-0.9749737751136852,1455.5278524290004,0.0,0.0,1.0,-34.76037863265444
0.011586478369101826,0.015558640145906754,0.205,280.0589611996242,0.0,0.0,-0.832412571453688,1457.692333760563,0.0,0.0,1.0,-27.84186021183912
0.007509002890551291,0.008279999268099145,0.205,280.6517142333362,0.0,0.0,-0.9403369048859669,1455.0686421995301,0.0,0.0,1.0,-36.39731104577937
-0.008605771966838099,-0.01133741045452448,0.205,280.35894761136353,0.0,0.0,-0.9999983057593982,1452.9619872506785,0.0,0.0,1.0,-33.750124639428165
0.010932449887172058,0.006218720594549259,0.205,280.45162258446675,0.0,0.0,-0.9823153813944727,1451.0299194576266,0.0,0.0,1.0,-34.867225880503184
0.013411215189562406,0.006961462941612497,0.205,280.4216225768156,0.0,0.0,-0.9953209215967231,1456.3717920108709,0.0,0.0,1.0,-31.631883588772908
0.01896364889067436,0.003834263009803994,0.205,280.1227310653987,0.0,0.0,-0.8357495560324499,1455.3729788407159,0.0,0.0,1.0,-27.686568717180702
0.014472612913078024,0.009924274094572473,0.205,280.0851776621887,0.0,0.0,-0.9312254540725668,1455.7656839380718,0.0,0.0,1.0,-31.469576541007452
0.01464579911568222,-0.013311963728012032,0.205,280.0620255724249,0.0,0.0,-0.8058745620079768,1457.0515001511517,0.0,0.0,1.0,-28.338493252987803
-0.005687348570799755,-0.01865283453917571,0.205,279.96439025159464,0.0,0.0,-0.8257263488166451,1458.3128026768127,0.0,0.0,1.0,-27.643975102898636
-0.003597333113008843,0.015314247626906224,0.205,280.1715131436587,0.0,0.0,-0.9861334109971396,1456.8408287238162,0.0,0.0,1.0,-32.00742855718603
-0.010822139518859613,0.00047763452982993703,0.205,280.6874838791651,0.0,0.0,-0.9261784309857868,1453.6322395377201,0.0,0.0,1.0,-35.3193739902632
-0.010826156423091966,-0.009720812915380843,0.205,280.29669666148476,0.0,0.0,-0.9994314206800685,1453.826624376722,0.0,0.0,1.0,-33.311385028850594
0.0030282945999366923,-0.0180799116673039,0.205,279.97112904439723,0.0,0.0,-0.8946807990695419,1454.2400277900172,0.0,0.0,1.0,-28.09821062146414
0.01952076824172748,-0.004161760901725548,0.205,280.1140491446052,0.0,0.0,-0.7939356021573757,1455.7237357217023,0.0,0.0,1.0,-27.664619000347958
-0.01635197864769257,0.0040804662337563654,0.205,280.2944403452305,0.0,0.0,-0.9571554531836998,1456.1234235057896,0.0,0.0,1.0,-32.078057427569895
0.014509135234916341,-0.002094417017947671,0.205,280.4343972569476,0.0,0.0,-0.9989398550159042,1455.7437752545995,0.0,0.0,1.0,-32.58381809678556
0.01437885992831959,0.010816826073459148,0.205,280.1778029661293,0.0,0.0,-0.9114278350564287,1452.835064547291,0.0,0.0,1.0,-29.298066817986694
-0.011689639409918072,-0.0069934812305873974,0.205,280.4486313558304,0.0,0.0,-0.9975062467381408,1453.3983409358063,0.0,0.0,1.0,-33.79631304567683
-0.0118166040805587,-0.01206953931683933,0.205,280.1938301194577,0.0,0.0,-0.9559092288931217,1456.3540308902714,0.0,0.0,1.0,-30.166945717904227
0.0037548430711276184,-0.01708331597091958,0.205,280.10020472286243,0.0,0.0,-0.933595870251607,1454.7290848748696,0.0,0.0,1.0,-30.099734683379943
-0.018066441510987907,-0.0062348548409657525,0.205,280.090657645884,0.0,0.0,-0.8505671705949407,1458.2763641990007,0.0,0.0,1.0,-30.791671873667752
0.0027586161513755763,0.01305340470853891,0.205,280.3810330360712,0.0,0.0,-0.9947849838897094,1456.3796339729695,0.0,0.0,1.0,-33.74273709345209
0.003996035902600844,-0.014304693487019907,0.205,280.2446390741993,0.0,0.0,-0.9977063826839468,1452.4544011512703,0.0,0.0,1.0,-32.682376287226106
-0.016921925145241403,-0.010631050284736957,0.205,280.13658487305656,0.0,0.0,-0.7921424221671955,1455.6499255906888,0.0,0.0,1.0,-28.847189857370577
0.0003093579858562923,-0.012648164189594087,0.205,280.4261257785537,0.0,0.0,-0.9838566738113935,1455.722384849227,0.0,0.0,1.0,-35.79333688200464
-0.004713565732914899,0.009339554080830094,0.205,280.5480633558867,0.0,0.0,-0.9092757529250806,1453.3135561561335,0.0,0.0,1.0,-37.84038588794929
0.007358864290039746,0.0147772398502497,0.205,280.2370704939263,0.0,0.0,-0.9677652616877761,1454.218591931598,0.0,0.0,1.0,-29.649342376539245
-0.013421452562490959,0.008324719720926655,0.205,280.3410289915749,0.0,0.0,-0.9849389850181485,1455.9656386770323,0.0,0.0,1.0,-31.38696975613387
-0.010644343089716535,-0.009724277220567042,0.205,280.38090519760675,0.0,0.0,-0.9998226976432518,1453.0475944595246,0.0,0.0,1.0,-33.80383959678633
0.0029098516871227656,0.01935776044164586,0.205,279.9876473020058,0.0,0.0,-0.8207375178340743,1450.9929323214901,0.0,0.0,1.0,-30.072189443650753
-0.016993432447498697,-0.009628147888089562,0.205,280.15571766146644,0.0,0.0,-0.823673011490217,1456.7906577209299,0.0,0.0,1.0,-26.53065319999723
0.018338748271183508,-0.005799258945124094,0.205,280.15922506477517,0.0,0.0,-0.8429850499117699,1450.660853186059,0.0,0.0,1.0,-30.10825043134394
0.01613943062874034,-0.005905927593316077,0.205,280.3228452868871,0.0,0.0,-0.9455064467828664,1453.3695599714695,0.0,0.0,1.0,-31.380970409188137
0.007300922792447695,-0.010049858214356527,0.205,280.5019124571063,0.0,0.0,-0.9788738871807893,1456.0759170790338,0.0,0.0,1.0,-32.947901977824
-0.0019224401726718686,0.01868438047906333,0.205,280.01328287422626,0.0,0.0,-0.8701069492495681,1455.8311592703615,0.0,0.0,1.0,-28.9286494227133
-0.010418440782407553,0.0033407697526135,0.205,280.6891409856042,0.0,0.0,-0.9307827901239428,1456.7049108449196,0.0,0.0,1.0,-35.14944890419185
-0.0022958181529207484,0.008469756913609525,0.205,280.56764639672315,0.0,0.0,-0.810540614617251,1451.6129678432796,0.0,0.0,1.0,-37.5537779117436
-0.01479678706139601,-0.0016263730118520362,0.205,280.5640919912754,0.0,0.0,-0.9974438447719154,1455.7450656021983,0.0,0.0,1.0,-31.275972073779684
0.0062404483702864135,-0.009741181064366793,0.205,280.5158190156522,0.0,0.0,-0.954551910861863,1453.690154074772,0.0,0.0,1.0,-35.492264610713384
-0.013994120461346349,0.012501724833647782,0.205,280.010920636738,0.0,0.0,-0.8711326036993919,1456.3033861169686,0.0,0.0,1.0,-28.336507299093274
-0.01248343705069712,-0.0012039241637656771,0.205,280.63237611767164,0.0,0.0,-0.9815450323305975,1456.0247613404165,0.0,0.0,1.0,-33.707822438971576
-0.01757420418129587,-0.007112197822931816,0.205,280.11325065457453,0.0,0.0,-0.8598378782354825,1455.604237274555,0.0,0.0,1.0,-28.28913618018426
0.012059272714581513,0.0025160042185277914,0.205,280.5487769975984,0.0,0.0,-0.9764277430368107,1455.6288425507921,0.0,0.0,1.0,-37.13964720688327
0.0018133219239356434,-0.011906248867780092,0.205,280.4270309509333,0.0,0.0,-0.9692247198414763,1457.7111792608857,0.0,0.0,1.0,-34.91089784828882
-0.013067579408206515,-0.008688138121352638,0.205,280.27250393573235,0.0,0.0,-0.9868518065782621,1454.2411309456786,0.0,0.0,1.0,-31.55414518791077
-0.00272193603722207,0.014052797340336766,0.205,280.3457243519572,0.0,0.0,-0.99997412316648,1455.8572185079158,0.0,0.0,1.0,-30.40850941598769
-0.012276153550525488,0.005121726049772004,0.205,280.5047372749935,0.0,0.0,-0.9943157322704141,1454.894397272579,0.0,0.0,1.0,-35.14161415809814
-0.012500916793011813,-0.014607986345790625,0.205,280.051705751389,0.0,0.0,-0.8434351033011552,1455.06345441584,0.0,0.0,1.0,-29.45611521576684
0.0046281824910911215,0.012256435577788355,0.205,280.37945361979047,0.0,0.0,-0.9916567975162505,1454.8859805197146,0.0,0.0,1.0,-32.980840850179376
-0.014230105789166676,-0.0015011325748452192,0.205,280.46742170024373,0.0,0.0,-0.999977947649829,1457.0065647355495,0.0,0.0,1.0,-32.261468248657025
-0.010333345686797363,0.0020325746796783636,0.205,280.7204963734839,0.0,0.0,-0.9125860914800852,1454.1371246482,0.0,0.0,1.0,-37.45309902506342
-0.01079358047034304,-0.0006999239945954131,0.205,280.63590895459606,0.0,0.0,-0.9254671312457456,1452.5499911678583,0.0,0.0,1.0,-35.037277645956436
0.015458564888101368,0.0032883316390797134,0.205,280.2942625912977,0.0,0.0,-0.9847257797889953,1453.0785335871672,0.0,0.0,1.0,-31.639725715291267
0.010818829976891682,0.0040107516182703905,0.205,280.5553663016846,0.0,0.0,-0.9535182824080768,1452.9383167221536,0.0,0.0,1.0,-35.28131895855655
0.014047440893886248,0.0006551682973067998,0.205,280.49455242429036,0.0,0.0,-0.9997782645882598,1456.7784013145408,0.0,0.0,1.0,-31.630485013082037
0.008802194513656377,-0.007362906580504774,0.205,280.58439314073337,0.0,0.0,-0.951345102126439,1453.7151241231115,0.0,0.0,1.0,-36.494164014565705
-0.0060070600089694,-0.013356713134150168,0.205,280.2546884730207,0.0,0.0,-0.9990119133866145,1456.141159881649,0.0,0.0,1.0,-33.88725057591968
-0.0023331740309089893,-0.01943225811715689,0.205,279.9390490670499,0.0,0.0,-0.8209675024112587,1452.814871824945,0.0,0.0,1.0,-30.887193199600787
0.017914294403229346,0.00286097005773458,0.205,280.1484573603311,0.0,0.0,-0.9042801427233194,1456.2594199624514,0.0,0.0,1.0,-30.56977536567007
-0.001486465751293351,0.019206513012879494,0.205,280.03297207044176,0.0,0.0,-0.8410829909405328,1455.1012500427055,0.0,0.0,1.0,-27.858106425385937
0.01333334347598993,0.011047678835624242,0.205,280.24507717276003,0.0,0.0,-0.9405932961812191,1454.1750055518683,0.0,0.0,1.0,-29.958798576074173
-0.0057428165738714135,-0.01406383385516386,0.205,280.2133003061919,0.0,0.0,-0.9944006423242866,1457.1146048094124,0.0,0.0,1.0,-31.219447651909856
0.012267580000157345,-0.013605329625102774,0.205,280.02728669194994,0.0,0.0,-0.8953208297653716,1453.1757924877388,0.0,0.0,1.0,-30.423932862265165
-0.0021103846724667393,0.014705150991186529,0.205,280.1610643439631,0.0,0.0,-0.997679998743713,1456.825975855368,0.0,0.0,1.0,-33.616929626509375
0.015009957475287541,-0.012964405661511058,0.205,280.0684413381749,0.0,0.0,-0.8029162772321694,1453.2232725370345,0.0,0.0,1.0,-31.277171132121374
-0.008561363248830117,-0.012077832604496628,0.205,280.2865068852766,0.0,0.0,-0.9980568996534658,1455.940517269856,0.0,0.0,1.0,-31.622955170718722
0.01579698717142529,-0.0032235737840560007,0.205,280.3582629098544,0.0,0.0,-0.9778347886234344,1452.1041815918231,0.0,0.0,1.0,-31.290790139766976
0.007738129124934564,0.016191379411340526,0.205,280.1196444124433,0.0,0.0,-0.9136729719981669,1459.7944663305677,0.0,0.0,1.0,-31.708747757200918
-0.0005871278117326211,0.013793269122858156,0.205,280.3914955715725,0.0,0.0,-0.998752481132845,1454.0428138470963,0.0,0.0,1.0,-32.28396699553683
0.00716690034171308,-0.017269308497964785,0.205,280.08141483098495,0.0,0.0,-0.8749664140158452,1450.5218283959855,0.0,0.0,1.0,-29.403158219676754
0.011802577784353174,-0.0009595914355092689,0.205,280.6081797520827,0.0,0.0,-0.9633312809814023,1453.5995116195134,0.0,0.0,1.0,-33.757915911949226
-0.013734135385243736,0.009138927768652208,0.205,280.33100940162063,0.0,0.0,-0.9680872943779371,1455.0538588690997,0.0,0.0,1.0,-30.429678824633598
0.015077236639857395,-0.0028236865710013124,0.205,280.37375937722896,0.0,0.0,-0.9924982708261774,1455.6770501571145,0.0,0.0,1.0,-32.574796704126996
0.0062200415265901785,0.008143792071359264,0.205,280.7272685958694,0.0,0.0,-0.8987293111068704,1457.6516279151895,0.0,0.0,1.0,-38.110458136295414
-0.007474839351298375,-0.0172035545137518,0.205,280.1065287800726,0.0,0.0,-0.8715779914024494,1456.6935501438472,0.0,0.0,1.0,-29.492623951135954
-0.014001634981696338,-0.012323487105658485,0.205,280.05679630454216,0.0,0.0,-0.8774817868192347,1454.1421777564624,0.0,0.0,1.0,-27.636836468686642
-0.016536235439624822,-0.0064262907659153315,0.205,280.11697590994896,0.0,0.0,-0.9229595500085784,1455.5847551646666,0.0,0.0,1.0,-32.201685841222094
-0.0035637099597405613,-0.010230324424964616,0.205,280.4755370108828,0.0,0.0,-0.9262038098715367,1454.3124804377608,0.0,0.0,1.0,-34.844753857174055
0.006324787328412149,-0.0157525863578624,0.205,280.2040290937162,0.0,0.0,-0.9530637113568615,1455.7924889927526,0.0,0.0,1.0,-30.243438177668647
-0.010019421531877943,-0.016165354076692232,0.205,280.0283232734934,0.0,0.0,-0.8562545898227409,1457.0330372544563,0.0,0.0,1.0,-28.56636349862718
-0.008243700279108609,-0.016423088259519984,0.205,280.0495166681013,0.0,0.0,-0.8923872868559546,1453.9472556207354,0.0,0.0,1.0,-29.16341047959146
-0.010053722426134793,0.015150708001420066,0.205,280.12900101219634,0.0,0.0,-0.9022183714237664,1456.3992344076444,0.0,0.0,1.0,-27.511666057201086
-0.010614485549514736,-0.01254587507441596,0.205,280.26910691511006,0.0,0.0,-0.9698564780584189,1455.4581551040978,0.0,0.0,1.0,-31.668946862555323
0.015964749201708584,-0.006997706892947349,0.205,280.2655126412494,0.0,0.0,-0.9360340918610992,1455.34530039509,0.0,0.0,1.0,-29.64588378953542
-0.0057310242556932066,0.011838789818352527,0.205,280.46341845346615,0.0,0.0,-0.9923929091475671,1452.3990183236676,0.0,0.0,1.0,-34.89994617481982
0.010355109449718814,-4.511229260418854e-05,0.205,280.7201787850989,0.0,0.0,-0.904108701699399,1456.2697947830993,0.0,0.0,1.0,-36.20223667950054
-0.0026071313530023482,-0.009933576522937262,0.205,280.59118342646093,0.0,0.0,-0.8998675444947347,1457.2121411563758,0.0,0.0,1.0,-37.18313439097401
0.01847743055732444,-0.0007713368475429079,0.205,280.2058396603674,0.0,0.0,-0.8861681590635573,1456.2070336218037,0.0,0.0,1.0,-28.1395295264855
-0.012189980567658194,0.012042290292488388,0.205,280.20899274957145,0.0,0.0,-0.947381465435627,1455.903388854695,0.0,0.0,1.0,-29.35080126202721
-0.0031719397957681184,-0.01670165565207885,0.205,280.13941621016744,0.0,0.0,-0.9521880564056235,1456.871060796466,0.0,0.0,1.0,-29.333348779657932
0.0005491462717687787,0.014159979955871612,0.205,280.24089960540704,0.0,0.0,-0.9999601722863991,1456.1258830499505,0.0,0.0,1.0,-33.594707082835235
0.008955855428343497,0.011185599417502445,0.205,280.29381525738324,0.0,0.0,-0.9999603830250265,1450.8569984962319,0.0,0.0,1.0,-31.521310515742694
-0.011477390484397637,-0.006240592904814246,0.205,280.42496112906747,0.0,0.0,-0.9911126427425319,1458.3596023258256,0.0,0.0,1.0,-34.83144725472349
-0.012421777357018032,-0.004575332857314802,0.205,280.51693176926113,0.0,0.0,-0.9935209792574493,1453.4057191436011,0.0,0.0,1.0,-33.10110263188405
-0.013079459241637658,-0.012791124387722107,0.205,280.09932813082185,0.0,0.0,-0.8966003499371156,1452.7684338978215,0.0,0.0,1.0,-29.284144306338266
-0.01078463080340316,0.01642967781188348,0.205,279.99024160631666,0.0,0.0,-0.8154604790560473,1453.4638809372561,0.0,0.0,1.0,-29.531863138025823
0.01575125341730691,-0.0024981414159033224,0.205,280.29462745276135,0.0,0.0,-0.9817715404802505,1456.194603781145,0.0,0.0,1.0,-31.679348468164076
-0.014372366456877438,0.004570171604619479,0.205,280.3417628647487,0.0,0.0,-0.9956295492394175,1456.6312944438848,0.0,0.0,1.0,-35.4096215179523
-0.00946493803258115,-0.005129809565808441,0.205,280.6244771086278,0.0,0.0,-0.9232558760692903,1455.2287720612735,0.0,0.0,1.0,-37.022391754560054
-0.01476799532012158,-0.005390705577478761,0.205,280.3082395912068,0.0,0.0,-0.9863194790967995,1454.111755869029,0.0,0.0,1.0,-31.68007734763016
-0.0070264824801230695,-0.008108640713841295,0.205,280.5923581073024,0.0,0.0,-0.9216521862768523,1454.8013070725124,0.0,0.0,1.0,-36.34533232216322
-0.0036301016749323237,-0.00808556776534928,0.205,280.6776620597821,0.0,0.0,-0.8165604620235485,1454.004655907873,0.0,0.0,1.0,-35.56391890604233
0.018411370168148748,-0.0045191080554762494,0.205,280.218577035069,0.0,0.0,-0.8598930160386209,1452.1396763357995,0.0,0.0,1.0,-29.768000792404994
0.018581278093664905,0.00014655079264290076,0.205,280.1585764044941,0.0,0.0,-0.8813798084117748,1454.0310922760625,0.0,0.0,1.0,-30.35745322860945
-0.006639034587581793,0.013600800935345145,0.205,280.2605661629394,0.0,0.0,-0.9950525215449024,1455.2619646648109,0.0,0.0,1.0,-32.159902264747636
0.012438327933146089,0.009253904835151745,0.205,280.2812488789789,0.0,0.0,-0.9900734915340124,1453.4337893200502,0.0,0.0,1.0,-32.54356882195721
-0.0029521709733061974,-0.011455896612414907,0.205,280.4242448932276,0.0,0.0,-0.9629847283672857,1451.9670476460333,0.0,0.0,1.0,-34.8434620353349
-0.011983693999431116,0.011647577114939803,0.205,280.14878837633853,0.0,0.0,-0.9616982944215062,1453.4360775462312,0.0,0.0,1.0,-30.39861484722387
0.009102171666809288,-0.0009857354136526923,0.205,280.7060835862115,0.0,0.0,-0.8359288822311897,1456.394441655178,0.0,0.0,1.0,-36.15866020621158
-0.010850938637289092,-0.01298347475512868,0.205,280.24154356906905,0.0,0.0,-0.9549086268917814,1453.737061351046,0.0,0.0,1.0,-32.15088257789816
0.0011715943599331527,0.018946547078035822,0.205,280.06457589252574,0.0,0.0,-0.8584091396024459,1455.0653021408953,0.0,0.0,1.0,-26.564188389824093
-0.012047646207622376,0.005654112411703239,0.205,280.5205776218361,0.0,0.0,-0.9943959761512959,1454.2430281132918,0.0,0.0,1.0,-33.081739599885715
-0.018579486508226856,-0.007323171907910141,0.205,280.09223178704303,0.0,0.0,-0.7931294318181605,1453.904456668874,0.0,0.0,1.0,-27.638458155975616
-0.0016522236845944009,-0.009076601657052263,0.205,280.5544911593199,0.0,0.0,-0.8404295935476287,1454.17449615995,0.0,0.0,1.0,-36.196059903701965
0.011594671064884142,0.006442623096221532,0.205,280.51516312244996,0.0,0.0,-0.9938591400818195,1456.3231678136258,0.0,0.0,1.0,-33.61458169681883
-0.004621128467087394,-0.014595648945238517,0.205,280.30540412680546,0.0,0.0,-0.9929009524540218,1455.2445367077958,0.0,0.0,1.0,-33.2051440882974
-0.008137045349167222,-0.0059149854763080245,0.205,280.4707460788126,0.0,0.0,-0.8890082835021376,1449.4989340229013,0.0,0.0,1.0,-34.367550830064644
0.012515051976499518,0.013643560821767865,0.205,279.9875761457811,0.0,0.0,-0.8850595362058906,1455.4362888314815,0.0,0.0,1.0,-30.443549449109653
0.0022919800880581297,-0.009099478920947564,0.205,280.56560852113773,0.0,0.0,-0.850304187651823,1455.1224607320335,0.0,0.0,1.0,-38.04224527244032
0.011930457023880557,-0.00037019640587930206,0.205,280.63445826366404,0.0,0.0,-0.9661574913308651,1458.4074760321087,0.0,0.0,1.0,-36.41758559598913
0.0005288156381666801,0.014788436292020498,0.205,280.248564298331,0.0,0.0,-0.998102444773321,1450.882584235945,0.0,0.0,1.0,-30.36896203883588
-0.0013480173842766437,0.01292946384779192,0.205,280.4111746985657,0.0,0.0,-0.9901156912501123,1452.3815090260393,0.0,0.0,1.0,-32.29056855909605
0.01660702230117631,-0.0019504658291451672,0.205,280.2470098141928,0.0,0.0,-0.9613974816848458,1453.1176810652826,0.0,0.0,1.0,-28.863832220007072
0.010690385529526295,0.013578186007048595,0.205,280.1630908253859,0.0,0.0,-0.9419053705367794,1456.0884697184863,0.0,0.0,1.0,-30.058749574705285
-0.005529475849017758,-0.009491473138697496,0.205,280.4886226591454,0.0,0.0,-0.9325996041856432,1459.4908094358354,0.0,0.0,1.0,-35.071515574193825
0.0032947241712043213,-0.012118631357843235,0.205,280.2953238456875,0.0,0.0,-0.9819139323170538,1453.6639679157245,0.0,0.0,1.0,-32.75797673853001
0.01217686816351357,-0.0022206991890957157,0.205,280.616549548488,0.0,0.0,-0.9778405813299872,1452.530989045066,0.0,0.0,1.0,-35.649614078820754
-0.005721223768824128,0.01716211567976396,0.205,280.09975021146147,0.0,0.0,-0.9067575233761263,1456.0731174778505,0.0,0.0,1.0,-29.413493278771433
0.009768178806806539,-0.0018912947219035467,0.205,280.7842007969671,0.0,0.0,-0.8830956666834799,1454.922315362179,0.0,0.0,1.0,-35.552256185658635
-0.0007626653484756477,0.01707451877145512,0.205,280.0205996299991,0.0,0.0,-0.948959005293684,1456.5690838546611,0.0,0.0,1.0,-30.817126833661067
0.012990072097469678,-0.009853211576116372,0.205,280.3316307531875,0.0,0.0,-0.9733248666406735,1454.145321387025,0.0,0.0,1.0,-29.70453200805529
0.011818013303820964,-0.0036459879309107017,0.205,280.4906595483315,0.0,0.0,-0.9776017947297388,1451.8462117170582,0.0,0.0,1.0,-32.98663314324904
0.005150653045533709,-0.01623499084407388,0.205,280.14265375315495,0.0,0.0,-0.9510600506547411,1452.4138190032793,0.0,0.0,1.0,-29.565349769443248
-0.0026829824800166224,-0.014546528623068574,0.205,280.2556103787297,0.0,0.0,-0.9981437931161046,1453.7163382224837,0.0,0.0,1.0,-30.880949871549774
-0.004075766886379531,0.017629789971546433,0.205,280.07059974842315,0.0,0.0,-0.9065551220250485,1454.491218181805,0.0,0.0,1.0,-27.521317423773027
-0.017260127989133733,-0.0013399984693000704,0.205,280.25509309119616,0.0,0.0,-0.9407293666975791,1455.62120076907,0.0,0.0,1.0,-30.816876809813195
0.0058275172358699355,0.014072864377871613,0.205,280.1812109962836,0.0,0.0,-0.9939075643580769,1454.285911158423,0.0,0.0,1.0,-32.043599976799165
0.008256547770769458,0.005305503916604225,0.205,280.7449731645692,0.0,0.0,-0.8756200987634613,1453.8962676781775,0.0,0.0,1.0,-38.19778907440395
0.0059714358410390845,-0.017075293040235404,0.205,280.0069980866343,0.0,0.0,-0.9068205061571198,1453.3004283285852,0.0,0.0,1.0,-29.86416074491965
-0.012946668831430336,0.00376680203233186,0.205,280.46773661958827,0.0,0.0,-0.9962861528466083,1456.444807358663,0.0,0.0,1.0,-32.351959374589484
-0.0004265271017974404,0.018776350211967857,0.205,279.9796374913803,0.0,0.0,-0.870211583639133,1454.8101808080432,0.0,0.0,1.0,-30.13631510279499
0.00906420850608862,-0.0022894574991456805,0.205,280.72841107999216,0.0,0.0,-0.8481545118285369,1458.5054486914005,0.0,0.0,1.0,-36.7781823263074
-0.015557899092610534,0.0016077720520539585,0.205,280.28110693786215,0.0,0.0,-0.9877732615403887,1450.2935286082866,0.0,0.0,1.0,-32.27202137633744
0.012845797818337239,-0.014949909383683657,0.205,280.009575946843,0.0,0.0,-0.8114972047598155,1455.3401810781456,0.0,0.0,1.0,-29.519224864129168
-0.0001267540334640484,0.017219981007706654,0.205,280.1100280706701,0.0,0.0,-0.9442231014205689,1457.4003690621628,0.0,0.0,1.0,-29.137936499639057
-0.013609738160809334,0.002202445534762311,0.205,280.471998910352,0.0,0.0,-0.9986437007370079,1455.2974119616003,0.0,0.0,1.0,-33.26634230383129
-0.018017653948256353,0.007963371325186612,0.205,280.120465491964,0.0,0.0,-0.8123077330274306,1456.1180814300874,0.0,0.0,1.0,-26.64946149448965
-0.012256959369959835,-0.015724983502654277,0.205,279.9530934806352,0.0,0.0,-0.7955111162460828,1454.87633460495,0.0,0.0,1.0,-29.203363985232922
0.016388970886086287,-0.0015235949994985,0.205,280.33776889277794,0.0,0.0,-0.9691359325549376,1455.0265371088403,0.0,0.0,1.0,-31.21410547869067
0.002307707503713603,-0.013502304365505738,0.205,280.2284180605065,0.0,0.0,-0.998074501219161,1455.3216515260688,0.0,0.0,1.0,-34.575042616652226
-0.010183556202246957,-0.014044897222907861,0.205,280.2183360324788,0.0,0.0,-0.9393178300630729,1451.9799876395443,0.0,0.0,1.0,-31.506554499602125
0.012150122267898944,-0.00010064285961293212,0.205,280.6531442470491,0.0,0.0,-0.9721371085073431,1454.4616569228015,0.0,0.0,1.0,-34.557061363403214
0.005268010657345377,0.014796366138686177,0.205,280.2455910826782,0.0,0.0,-0.9865956314458144,1455.4896901010795,0.0,0.0,1.0,-30.305737763467405
0.0030028308141050253,0.01592310757989829,0.205,280.2087816531396,0.0,0.0,-0.9758698502282271,1454.6866690129818,0.0,0.0,1.0,-30.51204591145601
0.004482123266487287,0.014525764477545038,0.205,280.2128972589821,0.0,0.0,-0.9942762845613485,1458.8070300761922,0.0,0.0,1.0,-31.564498706101837
-0.014138002232837033,-0.011311145857202224,0.205,280.09599616405694,0.0,0.0,-0.9060121894850257,1456.3482639062902,0.0,0.0,1.0,-30.11270763877078
-0.0026514732171635702,0.011783271891021116,0.205,280.44917457637376,0.0,0.0,-0.9701758593386898,1453.8904956308274,0.0,0.0,1.0,-35.195692912655716
-0.01618100937812344,0.007745217311311204,0.205,280.20133244492655,0.0,0.0,-0.9139669061655955,1455.0875365504442,0.0,0.0,1.0,-28.43535857640843
0.00961152294702828,-0.006604848405363129,0.205,280.5612871404695,0.0,0.0,-0.9576655631905194,1451.1770729189873,0.0,0.0,1.0,-36.56913985016236
0.0074726087390526875,-0.013922437963475726,0.205,280.24092462438074,0.0,0.0,-0.9847917395010155,1457.2112898135658,0.0,0.0,1.0,-32.063754902185515
0.01146918187228726,-0.0032684065440650376,0.205,280.6185088749267,0.0,0.0,-0.9658524913414319,1455.0718730502626,0.0,0.0,1.0,-35.71176635708478
0.010890518102661177,-0.009831228908414069,0.205,280.3712704324239,0.0,0.0,-0.9988762908553208,1454.7452059745344,0.0,0.0,1.0,-31.72410304590882
0.0012887024156672605,-0.011803812415864595,0.205,280.4312012134124,0.0,0.0,-0.9643121048893426,1454.8793554555887,0.0,0.0,1.0,-36.76543308638738
-0.014908144394764324,-0.008073667403313906,0.205,280.28870201530987,0.0,0.0,-0.9537818868751787,1452.0177012861602,0.0,0.0,1.0,-32.11460541286977
-0.010250195398357103,-0.009898814867393236,0.205,280.38654960467863,0.0,0.0,-0.999999999303731,1453.8028001866824,0.0,0.0,1.0,-33.90308077877328
0.01062205293950429,-0.015393262196530606,0.205,280.0552274679165,0.0,0.0,-0.8746850372978888,1457.0133218363856,0.0,0.0,1.0,-29.21534281361465
-0.006421612925468703,-0.014019887100358047,0.205,280.23200565418625,0.0,0.0,-0.9913380788968975,1453.438655391105,0.0,0.0,1.0,-30.69810091824774
0.01708014741704154,-0.002143654798095829,0.205,280.3816635835235,0.0,0.0,-0.9444596431854598,1451.3586307783664,0.0,0.0,1.0,-29.474794231922704
0.014635068852530828,0.0019452095476236758,0.205,280.4813278560644,0.0,0.0,-0.998331377289664,1459.8752770348149,0.0,0.0,1.0,-33.622289908195114
-0.00940145892565653,-0.014608181447895401,0.205,280.0630181781823,0.0,0.0,-0.9383864143780274,1453.2290188930763,0.0,0.0,1.0,-30.522801198993143
-0.0026835521717976226,0.009472559901191264,0.205,280.5045869793325,0.0,0.0,-0.8773594358800181,1457.2936637713142,0.0,0.0,1.0,-37.43680742535379
-0.008811674390651406,-0.0054093804188320126,0.205,280.67137671510767,0.0,0.0,-0.9033378462102415,1454.4213692041571,0.0,0.0,1.0,-36.04029306388882
-0.009946103760391227,0.015533569485902655,0.205,280.0681829813416,0.0,0.0,-0.8887583473058552,1452.25540110874,0.0,0.0,1.0,-29.83335834660205
0.008179452515489915,0.01671433806851393,0.205,280.0398195952766,0.0,0.0,-0.8799216491295747,1456.2138124453522,0.0,0.0,1.0,-29.95343223348346
0.003146889778556595,-0.013450160805230885,0.205,280.39216091917547,0.0,0.0,-0.9987949692726783,1454.5308304014254,0.0,0.0,1.0,-33.70614232269086
0.0013392526231808001,-0.018331080741997033,0.205,280.05070201989037,0.0,0.0,-0.8921804168497751,1455.0143218257747,0.0,0.0,1.0,-28.346875880474396
0.01462977909918659,0.0010041367489872894,0.205,280.39568052449255,0.0,0.0,-0.9989155030966006,1453.5260090194593,0.0,0.0,1.0,-32.037517242167574
-0.0046624942857375175,-0.01853350430439258,0.205,279.99046260913144,0.0,0.0,-0.8506316337685622,1455.1221706253025,0.0,0.0,1.0,-27.647911506917332
0.004800968390747387,-0.011879096485504146,0.205,280.37742795583756,0.0,0.0,-0.9869389712790778,1454.8752089455743,0.0,0.0,1.0,-36.18772113708723
-0.01194496329537368,-0.005366935274951467,0.205,280.46880981095285,0.0,0.0,-0.9915711141270585,1457.7652253840108,0.0,0.0,1.0,-35.06048837154873
0.009148643526951758,0.016576984201173765,0.205,280.0577376729815,0.0,0.0,-0.8613138022610834,1453.7112775836138,0.0,0.0,1.0,-29.869660787783946
0.01681327370195587,0.006893957547806505,0.205,280.25280191923775,0.0,0.0,-0.9027762453619421,1455.8861042373956,0.0,0.0,1.0,-27.99708711607059
-0.006265126907606344,0.0058331579976366515,0.205,280.64456241412967,0.0,0.0,-0.7953555683545307,1452.798685959965,0.0,0.0,1.0,-38.30098645162199
-0.00921408421419691,-0.014993918542785003,0.205,280.1682898098511,0.0,0.0,-0.9291103268261908,1456.6232410159012,0.0,0.0,1.0,-30.777983315333675
0.004400496122483882,-0.00843520998627511,0.205,280.622534268767,0.0,0.0,-0.8582167436131213,1456.5466139908194,0.0,0.0,1.0,-37.18294575617315
-0.005684354197727804,-0.008757021207638185,0.205,280.619580262233,0.0,0.0,-0.9082470332164753,1456.0341509536202,0.0,0.0,1.0,-33.972308960778996
-0.002939173703311597,-0.011547781932848224,0.205,280.49988714615574,0.0,0.0,-0.9655627360326213,1452.2223677765903,0.0,0.0,1.0,-35.68936413431488
-0.0002217486524471833,-0.0136758785581097,0.205,280.2981848210685,0.0,0.0,-0.9979294096870537,1457.6961065104144,0.0,0.0,1.0,-33.86676496071344
-0.01495528109771758,-0.007265261464971277,0.205,280.35329897668623,0.0,0.0,-0.9642949456261221,1452.297712395929,0.0,0.0,1.0,-28.786290375530662
-0.009235251893992448,-0.01098692021009682,0.205,280.3909135128306,0.0,0.0,-0.9999332228803812,1455.1488367658817,0.0,0.0,1.0,-35.04496227056453
0.008396854774733363,-0.007816514504103306,0.205,280.6502514218425,0.0,0.0,-0.9512136363218834,1454.2859324650374,0.0,0.0,1.0,-36.601179783744406
0.005825333972863348,-0.013963843469396907,0.205,280.26908169902754,0.0,0.0,-0.9951023330551207,1452.2171617694341,0.0,0.0,1.0,-33.728313552310745
-0.009593966881663118,0.012423185615762696,0.205,280.1314835356975,0.0,0.0,-0.9867736388041428,1450.1730810272275,0.0,0.0,1.0,-32.34402561397369
-0.005815269350776045,0.01831460005714624,0.205,279.96296670220244,0.0,0.0,-0.8441287131957019,1454.586832355967,0.0,0.0,1.0,-28.048090242073513
0.004109558029404076,-0.019171173748983784,0.205,279.98942611945006,0.0,0.0,-0.818613924597313,1451.7738295984268,0.0,0.0,1.0,-29.134303003664613
-0.011942905363500496,0.002219698644174249,0.205,280.59470277464777,0.0,0.0,-0.9720545177240054,1453.693995104638,0.0,0.0,1.0,-33.25294669488024
-0.002186054990678906,-0.015431316832663777,0.205,280.23881741786204,0.0,0.0,-0.9887273320555705,1454.5149992397057,0.0,0.0,1.0,-32.18579109892607
-0.009568459445134637,-0.010392097812391171,0.205,280.3745509159311,0.0,0.0,-0.9999032039188352,1455.6233329909826,0.0,0.0,1.0,-32.75550074619009
0.010804650031909932,0.00991210782344413,0.205,280.3739584948389,0.0,0.0,-0.9989241252376584,1456.5599787782198,0.0,0.0,1.0,-32.759901545013896
-0.011262124385067736,-0.007840734157574226,0.205,280.42288015216315,0.0,0.0,-0.9982423905136177,1456.4473985754378,0.0,0.0,1.0,-30.84022783654376
-0.010717649305458604,0.005791041094099382,0.205,280.6040294481035,0.0,0.0,-0.9729691772688679,1454.6615884761386,0.0,0.0,1.0,-34.29137934311513
0.013078349372851078,0.009916514557467709,0.205,280.2900645284065,0.0,0.0,-0.9704301457224436,1454.783221551675,0.0,0.0,1.0,-31.648578711344037
0.010607401681535332,0.008066454837938148,0.205,280.4358307158347,0.0,0.0,-0.9946040203118329,1452.337993434562,0.0,0.0,1.0,-32.843619147920556
-0.016598890994153383,-0.007916312090721677,0.205,280.1926593022088,0.0,0.0,-0.8916557101502416,1452.8599047196626,0.0,0.0,1.0,-29.270387837962843
-0.011209864217626118,0.009763489040053322,0.205,280.3270558428415,0.0,0.0,-0.9976042497394471,1451.9255378377431,0.0,0.0,1.0,-32.58106522657064
-0.0040845610062135865,0.008873304632869547,0.205,280.5547452250517,0.0,0.0,-0.8730299672489739,1450.2125603154184,0.0,0.0,1.0,-37.96467248099908
0.014533481590405626,0.011657143308507877,0.205,280.1220653965949,0.0,0.0,-0.8786776832369716,1454.6770793645076,0.0,0.0,1.0,-29.407031800714325
-0.015147438037643289,-0.004290069528604753,0.205,280.3648200926112,0.0,0.0,-0.9859048639565811,1453.9568054749182,0.0,0.0,1.0,-30.53761837835254
0.0023064079392456195,-0.013902804103944587,0.205,280.25391271544987,0.0,0.0,-0.9998438205134925,1451.8964390386284,0.0,0.0,1.0,-32.464567985446735
0.006819116496323726,0.017637281767856068,0.205,279.8858394333766,0.0,0.0,-0.8627497255076974,1455.0214836068656,0.0,0.0,1.0,-27.368015319502078
-0.019554641756860593,0.00408906907228829,0.205,280.0378687348897,0.0,0.0,-0.7926252137800651,1452.277772868639,0.0,0.0,1.0,-27.487098284079398
-0.005569696255974203,0.015040078991178502,0.205,280.2024144946979,0.0,0.0,-0.9797852902906585,1451.3018145144429,0.0,0.0,1.0,-33.38807490833983
-0.019317615631679965,-0.0013574493523071443,0.205,280.1357677565534,0.0,0.0,-0.8345965828088222,1454.2378780848587,0.0,0.0,1.0,-27.071948713295324
0.005411924144252156,0.015228677640903274,0.205,280.1365678184879,0.0,0.0,-0.976897226741327,1451.8466954340697,0.0,0.0,1.0,-30.983850537700285
-0.008352496339817739,-0.0031612550664828075,0.205,280.81614918056965,0.0,0.0,-0.82113861740097,1457.4013085434592,0.0,0.0,1.0,-37.119128036639964
0.00502428211551645,0.013328681840833455,0.205,280.34778232491243,0.0,0.0,-0.9999997871865816,1453.2013068765357,0.0,0.0,1.0,-32.4212658428433
0.01037215344221696,0.008276048693045279,0.205,280.48712702503985,0.0,0.0,-0.993920394657787,1455.4912940107877,0.0,0.0,1.0,-33.21020921406748
-0.005814598069330944,-0.013117620982533334,0.205,280.27619480390456,0.0,0.0,-0.999938578336443,1454.6888193355085,0.0,0.0,1.0,-33.83381078598893
0.0007856260926549722,0.015378518930100874,0.205,280.1961868172912,0.0,0.0,-0.9916607333329712,1451.9588290137258,0.0,0.0,1.0,-31.214334417277602
0.0022471917147659113,-0.017708028530698194,0.205,279.9998108585389,0.0,0.0,-0.9180730634054859,1459.915883256108,0.0,0.0,1.0,-29.39522346047323
-0.008046974432142725,-0.01113437844826069,0.205,280.3305793822312,0.0,0.0,-0.9983418415010259,1456.7349137762365,0.0,0.0,1.0,-33.2681498317118
-0.017458791479907566,0.00852666253099928,0.205,279.9393471300186,0.0,0.0,-0.830402135700778,1457.0198776055881,0.0,0.0,1.0,-27.91360531395921
-0.011341343755247578,-0.0036533325051116617,0.205,280.52348104022803,0.0,0.0,-0.9655415675212884,1453.7961533602177,0.0,0.0,1.0,-35.145865597947335
0.003537282954532726,-0.011850952183886907,0.205,280.5489162208518,0.0,0.0,-0.9776006131667978,1453.3290211162455,0.0,0.0,1.0,-33.2280620060214
0.01210327953274208,0.009800523532581424,0.205,280.25746050192305,0.0,0.0,-0.9889240927088181,1453.9830528932093,0.0,0.0,1.0,-33.542375963733974
0.003901576351026981,0.017830752526527913,0.205,279.9581254717645,0.0,0.0,-0.8987258269705138,1455.7706357513252,0.0,0.0,1.0,-30.830391433064154
0.0004671418897707182,0.009427461147611269,0.205,280.58572474380867,0.0,0.0,-0.8536892296531798,1456.1855360155448,0.0,0.0,1.0,-38.53975016985653
-0.01510404507339988,-0.009898999267057354,0.205,280.14379956336194,0.0,0.0,-0.9082934754916803,1456.9296932437958,0.0,0.0,1.0,-31.03516241351657
0.0001107968591271116,-0.013188711864457293,0.205,280.34847859856694,0.0,0.0,-0.9928862885562622,1453.3903732436877,0.0,0.0,1.0,-34.50264418267955
-0.015810857971308327,-0.009420726353408156,0.205,280.1791110890796,0.0,0.0,-0.8908831484386353,1454.6952625037034,0.0,0.0,1.0,-28.898760296784605
0.01990380951340013,0.0003268031332404783,0.205,280.0905957455497,0.0,0.0,-0.7977423352664923,1452.756488226031,0.0,0.0,1.0,-31.015011335192565
0.01906453975273472,-0.005328353020357441,0.205,280.15708623411183,0.0,0.0,-0.8056263344090985,1456.6293223033415,0.0,0.0,1.0,-27.574878983768528
0.01718015866566975,0.0018218596821196606,0.205,280.26058649281134,0.0,0.0,-0.9420986885915368,1455.7216056233092,0.0,0.0,1.0,-31.613582760009827
-0.012225683000876845,-0.0020043208592731144,0.205,280.57325617206493,0.0,0.0,-0.9781045392541807,1455.9446351873728,0.0,0.0,1.0,-32.87681821477391
0.01574980067572456,-0.004253920355800293,0.205,280.305302832659,0.0,0.0,-0.9730660252197872,1452.4880845029204,0.0,0.0,1.0,-29.552771210305856
0.0019853455483514453,0.019525106335143965,0.205,279.9781198930698,0.0,0.0,-0.8173186881414981,1455.3113507420717,0.0,0.0,1.0,-30.684275191100348
-0.011569293390769427,-0.002485634901168941,0.205,280.610008923991,0.0,0.0,-0.9630804015552465,1452.7498942475129,0.0,0.0,1.0,-35.880595092596444
-0.012781731641621056,-0.01253478995932257,0.205,280.1420962451015,0.0,0.0,-0.915675850306644,1456.5514336630417,0.0,0.0,1.0,-29.966160261286124
-0.015490015365203376,0.011373577989434464,0.205,280.07318750155406,0.0,0.0,-0.84403572210414,1454.2843574234143,0.0,0.0,1.0,-30.038481204067104
0.004059122367225585,0.01546041999905406,0.205,280.0786722780944,0.0,0.0,-0.9809844276477135,1456.7897460407855,0.0,0.0,1.0,-29.582734902167658
-0.012315439811338242,-0.014085224833106593,0.205,280.0964773689501,0.0,0.0,-0.8742587431629312,1455.3311532437708,0.0,0.0,1.0,-27.214051152882917
0.0071505759459184505,-0.009834143837135522,0.205,280.35056791488495,0.0,0.0,-0.9723610596139629,1455.8240066547576,0.0,0.0,1.0,-34.880260118323
0.019251440024200553,0.00018497121858371924,0.205,280.1380767416242,0.0,0.0,-0.8418187386735472,1455.4630119746325,0.0,0.0,1.0,-26.556208571163985
-0.015421848656529003,0.0019314091219220183,0.205,280.2586664708518,0.0,0.0,-0.9894427276169421,1449.0322160342898,0.0,0.0,1.0,-32.43140219063883
-0.01711506681603894,-0.0029594712460382627,0.205,280.233006834836,0.0,0.0,-0.9385027145733091,1455.8961280462631,0.0,0.0,1.0,-29.94949873175751
0.005243533493142528,0.00966901028856616,0.205,280.53362292202746,0.0,0.0,-0.933201490425913,1456.3030554269599,0.0,0.0,1.0,-36.54506498940306
-0.009880161667380762,0.015974775240573363,0.205,280.02934965874687,0.0,0.0,-0.870092931306783,1452.2161693245064,0.0,0.0,1.0,-29.872841572071902
0.01380695963405178,0.002877741046003169,0.205,280.4394315943762,0.0,0.0,-0.9998646453905711,1453.1123995953246,0.0,0.0,1.0,-32.51274172631254
0.0017011148137890705,-0.017909218942953064,0.205,280.011099645493,0.0,0.0,-0.9115874583608139,1453.4712541166473,0.0,0.0,1.0,-29.99636814910955
0.006935084351487176,0.016026970575004594,0.205,280.15311692089716,0.0,0.0,-0.9347389869115492,1455.7556755095454,0.0,0.0,1.0,-32.10247507021609
-0.011223227265857179,0.010018862002847339,0.205,280.37967243397253,0.0,0.0,-0.996009282997455,1453.0388849284163,0.0,0.0,1.0,-32.38739057976688
0.019160811302891448,0.00019022368081244702,0.205,280.23385001195777,0.0,0.0,-0.847495000368232,1450.934828587572,0.0,0.0,1.0,-29.0207245686155
0.0161321651329522,0.011641631665272018,0.205,280.01862550478864,0.0,0.0,-0.7986291461239232,1456.1336369100663,0.0,0.0,1.0,-30.062629372434603
0.00017393406572004097,0.01987810040453909,0.205,279.93428101430146,0.0,0.0,-0.7997134895723839,1456.7640638661908,0.0,0.0,1.0,-29.568577538994948
-0.00661432650338582,-0.016919053744692422,0.205,280.084538782911,0.0,0.0,-0.9030613851537925,1449.4019359570543,0.0,0.0,1.0,-30.64456734513486
0.016701160440724665,0.0002597725095444319,0.205,280.2333578230645,0.0,0.0,-0.9619574485735334,1452.6621539156072,0.0,0.0,1.0,-33.66106770775473
0.012206302832702036,0.013900981421897095,0.205,280.0739392959426,0.0,0.0,-0.8858478419106445,1454.512412947173,0.0,0.0,1.0,-29.359206835153174
-0.019431976892018015,-0.0040755361268043355,0.205,280.12661252986936,0.0,0.0,-0.8014245662986511,1455.6792148340571,0.0,0.0,1.0,-27.059339332829406
-0.00221190838790128,-0.017645466490461562,0.205,280.0705065037171,0.0,0.0,-0.9210711680525747,1453.2491166385814,0.0,0.0,1.0,-29.78651673845591
-0.01181856760575611,-0.00654843131703776,0.205,280.5100149004394,0.0,0.0,-0.9965523937588752,1454.0811030435098,0.0,0.0,1.0,-32.55432823317113
0.010786300545667128,0.012353264124713895,0.205,280.2803564818404,0.0,0.0,-0.9707899379080394,1456.9409850265552,0.0,0.0,1.0,-29.235245236743893
0.0028174670182822665,0.010086444383623019,0.205,280.617867105688,0.0,0.0,-0.9098000907812069,1450.8510294045816,0.0,0.0,1.0,-38.04670686656426
0.019599642628401453,-0.0026044605946609644,0.205,280.1047869676252,0.0,0.0,-0.8072509032058512,1451.7372491758233,0.0,0.0,1.0,-27.959523513874238
0.018592639084882383,-0.005045118652090401,0.205,280.1205208363769,0.0,0.0,-0.8410176217903959,1454.7945092991167,0.0,0.0,1.0,-29.758401824230024
0.013580862638010066,-0.012937070830186997,0.205,280.04108397870795,0.0,0.0,-0.871620337576571,1455.3549758005781,0.0,0.0,1.0,-27.964041351219553
-0.01527620966324652,0.005770519654269689,0.205,280.2387372171316,0.0,0.0,-0.9726572385966877,1455.3591916293599,0.0,0.0,1.0,-31.97866149777045
-0.010344834979380834,-0.006141752952318443,0.205,280.56476378556135,0.0,0.0,-0.9688642789260101,1452.5723339948363,0.0,0.0,1.0,-34.26093915740609
-0.012863036865316375,0.009740317287716679,0.205,280.2967181176717,0.0,0.0,-0.9775437493329754,1456.1766694842063,0.0,0.0,1.0,-30.602987637111777
-0.019169262013822203,0.005006509384933903,0.205,280.09842454013113,0.0,0.0,-0.8044249066090513,1456.5179340349189,0.0,0.0,1.0,-26.651440822971345
-1.9517573526541234e-05,0.015776222278520186,0.205,280.19626630354696,0.0,0.0,-0.9852750765709831,1452.056555274855,0.0,0.0,1.0,-33.00860429375249
-0.01636434910812514,-0.0028823945982023686,0.205,280.282197188109,0.0,0.0,-0.9646054996364737,1457.1728518219488,0.0,0.0,1.0,-29.375468961161083
0.01334728638060601,0.007418894762332614,0.205,280.4329654935304,0.0,0.0,-0.9934160111118062,1453.1412959236693,0.0,0.0,1.0,-31.756975147862235
0.002463373853590903,0.017150528996454868,0.205,280.1697739180189,0.0,0.0,-0.9401678447645017,1454.7124533447077,0.0,0.0,1.0,-31.52134645494886
0.017461227793464408,0.0018576681308342137,0.205,280.2601699129,0.0,0.0,-0.9307522983084711,1455.0773307000518,0.0,0.0,1.0,-30.95976514782057
0.005687480611788416,0.012000124588371427,0.205,280.40533741652115,0.0,0.0,-0.9940485488948863,1455.9658635346689,0.0,0.0,1.0,-35.017945682729966
-0.009395987016254112,-0.004319769079244846,0.205,280.7084546706303,0.0,0.0,-0.90342860437376,1458.2216789521513,0.0,0.0,1.0,-36.60455337459661
-0.016522373481314113,-0.0012610722295090422,0.205,280.29515215933105,0.0,0.0,-0.9659633119526374,1457.6269459272316,0.0,0.0,1.0,-31.276404265681588
-0.0005129154977925897,0.013805888918153953,0.205,280.22941936908694,0.0,0.0,-0.9988061136402433,1454.659437489217,0.0,0.0,1.0,-32.26861619804374
0.009150526306386698,0.00960311578321589,0.205,280.4048627187501,0.0,0.0,-0.993862979328215,1454.1461201571756,0.0,0.0,1.0,-34.4770650533062
0.0036743353734634858,-0.014370436690763362,0.205,280.11231838629493,0.0,0.0,-0.9978533510896668,1455.274868192921,0.0,0.0,1.0,-33.919794203553586
0.0038015196395033805,0.007634229296327821,0.205,280.6662150661855,0.0,0.0,-0.79305692170275,1454.625988423534,0.0,0.0,1.0,-36.95250790600887
0.010162382105039912,-0.009036079699540801,0.205,280.4981248274596,0.0,0.0,-0.9973185628665917,1455.0148418359363,0.0,0.0,1.0,-34.590955847762544
-0.005962487699492101,-0.017058346098582918,0.205,279.9150604380777,0.0,0.0,-0.9077380879733987,1452.4941252039628,0.0,0.0,1.0,-28.28375163672659
0.0021913081622435895,-0.01974549420503416,0.205,279.94703750524656,0.0,0.0,-0.800576927461532,1455.0615870958118,0.0,0.0,1.0,-30.73127247839346
-0.011533031583539789,0.01373303269284445,0.205,279.9374172623796,0.0,0.0,-0.9142351219053773,1452.8127313605678,0.0,0.0,1.0,-31.17315628410572
0.010000814636940782,-0.010302266112583978,0.205,280.45534308848,0.0,0.0,-0.9999262288179176,1455.0889082776573,0.0,0.0,1.0,-31.72342693541322
-0.01687182212707741,0.010286928723288739,0.205,280.02034026976065,0.0,0.0,-0.8080446218569575,1452.2767799567139,0.0,0.0,1.0,-29.179608201945076
0.01763327667351165,-0.0041329066475360825,0.205,280.25175249453775,0.0,0.0,-0.9057586459268867,1459.7730856110152,0.0,0.0,1.0,-29.16079371131154
-0.011991233517230247,-0.0015246576071550777,0.205,280.6340278042344,0.0,0.0,-0.9704462177216626,1455.6756508040555,0.0,0.0,1.0,-34.17620347114363
0.018145474214236696,0.0073960656797126805,0.205,280.18697574622763,0.0,0.0,-0.8194117802142622,1453.2070579135154,0.0,0.0,1.0,-28.910318182160452
-0.004786979672854931,0.01206387384449821,0.205,280.39296305959004,0.0,0.0,-0.9897868432825672,1453.7321754860136,0.0,0.0,1.0,-36.804595556893055
-0.00949284906911826,-0.012204867776313317,0.205,280.3596982449841,0.0,0.0,-0.9907145040746956,1453.35658565108,0.0,0.0,1.0,-30.529213794714227
0.0017283282949047674,-0.019466642420311486,0.205,279.87501105685106,0.0,0.0,-0.8228872584833311,1455.552424926378,0.0,0.0,1.0,-26.780713164627446
-0.01960706296638543,-0.0006728440196332527,0.205,280.1253337572194,0.0,0.0,-0.8178062825942964,1457.7484027561718,0.0,0.0,1.0,-28.937233555657105
0.01053308636611992,0.009555771094782253,0.205,280.4259026791599,0.0,0.0,-0.9999949613918901,1452.3581954572608,0.0,0.0,1.0,-32.59654594797425
-0.007356873759684782,0.016730095966924746,0.205,280.03425653730426,0.0,0.0,-0.8975286255592381,1456.3509589193718,0.0,0.0,1.0,-30.571410753172593
0.013244440985812954,-0.008749743442530787,0.205,280.27809601949804,0.0,0.0,-0.9833350800258868,1453.71445080526,0.0,0.0,1.0,-30.633757228485297
-0.006473297148952425,0.014086802738625743,0.205,280.29723665731433,0.0,0.0,-0.9900761325581974,1455.5163797773457,0.0,0.0,1.0,-31.956366633520847
-0.013889647575296085,-0.0077704329132683245,0.205,280.3777512470033,0.0,0.0,-0.9824660338624609,1457.3342574751787,0.0,0.0,1.0,-32.17137048844057
0.012868593088326491,-0.009452291354055033,0.205,280.31310311794925,0.0,0.0,-0.9813631058992749,1451.8111848485457,0.0,0.0,1.0,-32.888371282608595
-0.008768263095969555,0.009656938364914158,0.205,280.50620956889514,0.0,0.0,-0.990801870056474,1453.7580506938027,0.0,0.0,1.0,-34.98206049513932
-0.0030512009608785117,-0.013405642151652642,0.205,280.36433658641835,0.0,0.0,-0.998410121170483,1452.4568389716135,0.0,0.0,1.0,-32.26001786332379
-0.00425742206064741,-0.00957651132501108,0.205,280.6114472535871,0.0,0.0,-0.9101660689058617,1454.062893611744,0.0,0.0,1.0,-36.66829163627752
0.01114501622828011,0.010441538198531504,0.205,280.28167705071195,0.0,0.0,-0.9933961184840933,1453.9908559277824,0.0,0.0,1.0,-31.301245842641904
0.008888909679378984,-0.006150017198721004,0.205,280.66785375978935,0.0,0.0,-0.9251539478493412,1456.7680007150668,0.0,0.0,1.0,-36.69787644883458
0.014664755638970288,-0.012622775267863932,0.205,280.0145347785738,0.0,0.0,-0.8356363542753067,1458.1045776336116,0.0,0.0,1.0,-27.293379233726725
-0.010579342505383279,-0.011827771111179802,0.205,280.2202234232968,0.0,0.0,-0.9834348890708062,1452.8127783258026,0.0,0.0,1.0,-34.30655628019913
0.007997010729297404,0.013764722543173987,0.205,280.18293383303717,0.0,0.0,-0.9823880125336435,1453.8294521755188,0.0,0.0,1.0,-31.07686296366202
-0.0084886570437318,-0.012451082565022953,0.205,280.29222349782793,0.0,0.0,-0.9957557557050196,1453.7796637779884,0.0,0.0,1.0,-34.82891044887106
0.00677301459440978,0.008864189865887174,0.205,280.5409858279254,0.0,0.0,-0.9394713105571855,1454.5341669629995,0.0,0.0,1.0,-35.14367152770213
0.010281581549396481,0.006907683335660685,0.205,280.46027643359,0.0,0.0,-0.9780497840313758,1454.384092823578,0.0,0.0,1.0,-36.89646236728303
-0.009446487456789898,0.007076034614453524,0.205,280.62686283862047,0.0,0.0,-0.9621431072815279,1454.3077904943343,0.0,0.0,1.0,-34.89327075023617
-0.015009679097042596,-0.010446116897733698,0.205,280.13432000016275,0.0,0.0,-0.8969819965767434,1453.2596716035098,0.0,0.0,1.0,-28.227026777927502
0.012068454183478424,0.003482813645696441,0.205,280.48051883732325,0.0,0.0,-0.9819659483801247,1455.4005962592046,0.0,0.0,1.0,-33.95723633839084
-0.018230292701174444,0.007015623343424578,0.205,279.99392688764095,0.0,0.0,-0.823528439443652,1453.6990153529168,0.0,0.0,1.0,-27.50813232823517
0.014691126631097845,-0.0011694204058959828,0.205,280.5122546429181,0.0,0.0,-0.9984970952240919,1453.3975318079279,0.0,0.0,1.0,-32.45098782765664
-0.015142114947110359,-0.012575247155760546,0.205,280.00984557005717,0.0,0.0,-0.8134092995478464,1454.3583786013994,0.0,0.0,1.0,-30.89280979327304
-0.010063152832682247,-0.0011207927726477826,0.205,280.7316798776288,0.0,0.0,-0.8924576529516492,1455.7015115296044,0.0,0.0,1.0,-37.354968809724696
-0.01327359133026772,-0.014218458251638966,0.205,280.10775705958923,0.0,0.0,-0.8289854114073891,1454.5883163526469,0.0,0.0,1.0,-27.789764964587437
0.009485224267224349,-0.010639200683196985,0.205,280.3870096092635,0.0,0.0,-0.9999999228605628,1454.1141308879369,0.0,0.0,1.0,-31.339235443542844
-0.01630111015255844,-0.00291088586887916,0.205,280.29577537828624,0.0,0.0,-0.9662986935013669,1452.8022876389496,0.0,0.0,1.0,-31.863811964683237
-0.01015537646110476,0.0004055398898069795,0.205,280.7263864510896,0.0,0.0,-0.8944350218041972,1451.852096873963,0.0,0.0,1.0,-36.05562674052136
0.00016727693617802055,0.015777732952529842,0.205,280.2536793504095,0.0,0.0,-0.9852290140779715,1453.280979394485,0.0,0.0,1.0,-33.00531284648564
-0.008454575953842445,-0.0031080433131573655,0.205,280.74873257665206,0.0,0.0,-0.8262823446964278,1459.4219047083307,0.0,0.0,1.0,-37.76455259290171
0.016657098271517533,0.0053034235808796844,0.205,280.2832889671924,0.0,0.0,-0.9340091893745694,1458.2911423149083,0.0,0.0,1.0,-30.610784549271308
-0.0178876341957552,-0.004325647575390829,0.205,280.1482603398451,0.0,0.0,-0.8909610954246407,1452.8525452591452,0.0,0.0,1.0,-32.1659058003784
0.01284218526970597,0.013409487074914956,0.205,280.10926837458686,0.0,0.0,-0.8821882363651485,1453.9163086737499,0.0,0.0,1.0,-27.871570456659626
0.012611795160424292,-0.01233728430577499,0.205,280.11240342968625,0.0,0.0,-0.927237187022698,1452.4221798701765,0.0,0.0,1.0,-28.576258901435672
0.0036144502934619196,0.011522501760285552,0.205,280.43913266827997,0.0,0.0,-0.9701263726313676,1452.4690755547183,0.0,0.0,1.0,-35.46653966148707
0.004105463992846456,0.009700053737352199,0.205,280.5596671027247,0.0,0.0,-0.9126675017663709,1453.7272089044466,0.0,0.0,1.0,-34.76866987428365
0.008966976722795955,-0.004017816482519885,0.205,280.7295511390862,0.0,0.0,-0.8762775880614466,1452.7047354708998,0.0,0.0,1.0,-34.084481985992596
-0.0013300248925680023,-0.01611339924647842,0.205,280.16712140363165,0.0,0.0,-0.9767406746686507,1457.215843395439,0.0,0.0,1.0,-30.78259663692435
0.008073227407147027,-0.016293993036342158,0.205,280.0211544687333,0.0,0.0,-0.9021501026285326,1453.112553500144,0.0,0.0,1.0,-28.085278123909394
-0.014109169266826729,0.006455257328821233,0.205,280.4133287409554,0.0,0.0,-0.9898721404551899,1459.2569408798,0.0,0.0,1.0,-32.58443322000086
0.014464499037430798,-0.00635260617794214,0.205,280.2573786571265,0.0,0.0,-0.9848517666554868,1452.0740786840217,0.0,0.0,1.0,-29.48111674125857
-0.006656606308245931,-0.015189615191254563,0.205,280.12785382337154,0.0,0.0,-0.9655589059852485,1453.4606483091331,0.0,0.0,1.0,-31.266458826445167
0.014482794804819404,0.011336703198371503,0.205,280.14133758921514,0.0,0.0,-0.8915404097781312,1455.9094548097635,0.0,0.0,1.0,-31.067109340812067
-0.009375517789064758,0.0035685310279069578,0.205,280.7516100510044,0.0,0.0,-0.8875166701975519,1454.65235452422,0.0,0.0,1.0,-36.90854447191202
0.0023554038566255433,0.015789940527436267,0.205,280.1402376465812,0.0,0.0,-0.9814149752418277,1454.3531464915927,0.0,0.0,1.0,-29.757106199792826
-0.004437573400366602,0.012225677038415506,0.205,280.41235469350426,0.0,0.0,-0.9902194013351251,1456.5218339747405,0.0,0.0,1.0,-32.54286057157972
-0.012576609108804634,-0.007707622017760913,0.205,280.32401557059796,0.0,0.0,-0.9984162221442063,1450.3118294567819,0.0,0.0,1.0,-32.48377421572189
-0.011495582922041437,-0.00915913812943908,0.205,280.3332265063391,0.0,0.0,-0.9987299219092418,1452.9416077429353,0.0,0.0,1.0,-32.75272763947943
0.0034215927088848646,0.01708538643632287,0.205,280.0364290497201,0.0,0.0,-0.936291585795217,1459.9977779850883,0.0,0.0,1.0,-31.09607331749384
-0.007045773726832367,0.007948464812964597,0.205,280.6333465220779,0.0,0.0,-0.9167831574017987,1459.0233893999718,0.0,0.0,1.0,-35.404470910566715
-0.00015230316518619785,0.014438148776513988,0.205,280.20920961479464,0.0,0.0,-0.999774309218697,1451.169282798652,0.0,0.0,1.0,-33.397934681990634
-0.016535112521178095,0.0068468057605113476,0.205,280.1893892589887,0.0,0.0,-0.915939970486479,1456.4375427093134,0.0,0.0,1.0,-29.869860701779753
0.01467968289608744,-0.010240110080689684,0.205,280.1586695336018,0.0,0.0,-0.915857198768061,1451.671591875037,0.0,0.0,1.0,-31.011534798098975
-0.016215323838065586,-0.00500713038901089,0.205,280.30208502608343,0.0,0.0,-0.9532044980753469,1452.9747020475058,0.0,0.0,1.0,-30.241334261681672
-0.013066384936920642,0.0088652897620822,0.205,280.3544081871286,0.0,0.0,-0.9850084587038032,1452.3534805810302,0.0,0.0,1.0,-32.52615871707768
-0.009245005309727434,0.011292397031973439,0.205,280.3096931105581,0.0,0.0,-0.9992514311501473,1455.3498582319523,0.0,0.0,1.0,-32.48524075854685
0.006177315567876617,0.013911607341373948,0.205,280.28185264044345,0.0,0.0,-0.994034635258183,1454.0200864317324,0.0,0.0,1.0,-33.42769973545645
-0.008925600811115476,0.013680017674531895,0.205,280.1570286202304,0.0,0.0,-0.9725381694025523,1457.4614288882162,0.0,0.0,1.0,-30.544120211730327
0.007299005542022111,0.018016924614868222,0.205,280.01731925026274,0.0,0.0,-0.8297753586613351,1455.9007193140717,0.0,0.0,1.0,-28.393217721654448
-0.015433634364949442,-0.011194429415958716,0.205,280.0957177073221,0.0,0.0,-0.8533833199090347,1456.9032999835447,0.0,0.0,1.0,-28.115515198108742
-0.0010397359063009576,-0.019690520210863323,0.205,279.9399361673596,0.0,0.0,-0.8110007819775191,1452.2568503556324,0.0,0.0,1.0,-25.013355932766935
-0.0015117228061098608,0.009106160184472516,0.205,280.6290179567188,0.0,0.0,-0.8407492218357012,1454.8019924222594,0.0,0.0,1.0,-37.66072529335973
0.004974470272244847,0.013039339195491308,0.205,280.3724186989497,0.0,0.0,-0.9994535782234739,1454.2249021380894,0.0,0.0,1.0,-32.72474664659796
0.010851558351450201,-0.001742492275835228,0.205,280.61271393606984,0.0,0.0,-0.9328425358653456,1452.2722510769527,0.0,0.0,1.0,-33.664264531322786
-0.00021261726318753008,-0.015892842542768695,0.205,280.1254698509816,0.0,0.0,-0.9829095278692115,1453.3408339441603,0.0,0.0,1.0,-30.229619305912024
0.010592921391582518,0.014428249555952531,0.205,280.08514208743514,0.0,0.0,-0.9158167030711459,1452.1191765947815,0.0,0.0,1.0,-30.83780953051865
0.012949012998732851,-0.009825091297694688,0.205,280.335506070792,0.0,0.0,-0.9746001861305154,1455.8695970897318,0.0,0.0,1.0,-32.31280134707281
-0.011098261055433609,-0.00703989436264611,0.205,280.4403034018555,0.0,0.0,-0.9922497999740117,1452.8529652820434,0.0,0.0,1.0,-33.12048043398762
0.010235056322095953,-0.016574228935126296,0.205,279.97827711891426,0.0,0.0,-0.8271076448283827,1454.5978349534757,0.0,0.0,1.0,-30.40633764344016
-0.012002469008113961,0.002686182634208496,0.205,280.59504483837105,0.0,0.0,-0.9759478283751772,1451.9689793783393,0.0,0.0,1.0,-34.815978037499136
-0.01151307830384907,0.0029546347159722765,0.205,280.6169615902925,0.0,0.0,-0.9646779295954016,1456.2855413961267,0.0,0.0,1.0,-35.32771385475344
-0.010474666065068399,0.008699411674794908,0.205,280.2898154404028,0.0,0.0,-0.9974599552966048,1455.438381400104,0.0,0.0,1.0,-35.645425013431215
-0.006567584992648569,-0.014660163459113898,0.205,280.21851610533867,0.0,0.0,-0.9791979057570487,1453.3436997144174,0.0,0.0,1.0,-30.9926374760862
0.013444506119393638,0.00601882664493997,0.205,280.38598366914954,0.0,0.0,-0.9985418855083577,1456.3101811342128,0.0,0.0,1.0,-31.570519829012117
0.005265273125625537,-0.011616261584079612,0.205,280.48037365848126,0.0,0.0,-0.9858498144499697,1456.2583704137796,0.0,0.0,1.0,-34.27009926593566
0.014365123331607759,-0.0012651706188760267,0.205,280.41697060614246,0.0,0.0,-0.9998157424832662,1456.0451448880451,0.0,0.0,1.0,-33.64328068108102
0.005223405272905706,-0.016750947407680482,0.205,280.1616996528464,0.0,0.0,-0.9313080586279552,1455.9176494271078,0.0,0.0,1.0,-30.553805706175396
-0.017603702840656064,-0.0013632903647729266,0.205,280.3006627503416,0.0,0.0,-0.9266491487036486,1454.7367315028837,0.0,0.0,1.0,-29.56178005935961
-0.008043809389186234,-0.012258833080447683,0.205,280.23184691336115,0.0,0.0,-0.998925634007678,1455.52108697074,0.0,0.0,1.0,-33.73676414670214
-0.018046771328585724,0.0048936225613299186,0.205,280.17855739345856,0.0,0.0,-0.8749062327977238,1451.6034232560778,0.0,0.0,1.0,-28.855825939937365
-0.0050979350985277195,-0.017951552756468633,0.205,280.0636301161824,0.0,0.0,-0.8769844576647443,1452.9235476424026,0.0,0.0,1.0,-28.88284650475946
-0.002911528642550856,-0.015916511567806137,0.205,280.1159285125686,0.0,0.0,-0.9764385250530336,1455.102155635971,0.0,0.0,1.0,-31.76592653197369
-0.004325210104534291,-0.01858537956129974,0.205,279.9484075401298,0.0,0.0,-0.8524057622471973,1452.7932353434808,0.0,0.0,1.0,-29.362813967479664
-0.004531326623835982,-0.009045172969021185,0.205,280.59881480800533,0.0,0.0,-0.8920059780659927,1458.456012448054,0.0,0.0,1.0,-35.897518588597634
0.00891211424755773,-0.006760041354766073,0.205,280.5837591343588,0.0,0.0,-0.9406498556310132,1453.5708604458669,0.0,0.0,1.0,-36.12830212592219
-0.012880411563648357,-0.007705788836621838,0.205,280.4456941462766,0.0,0.0,-0.9963538744964319,1453.7832381751746,0.0,0.0,1.0,-34.302665508231854
-0.01452000897328988,0.002428920523448451,0.205,280.4122516203998,0.0,0.0,-0.9985931138503885,1457.7120699913344,0.0,0.0,1.0,-32.678042300125455
-0.007967088525261875,-0.004018288167013707,0.205,280.75545072963695,0.0,0.0,-0.8206237537133845,1456.7203411511723,0.0,0.0,1.0,-36.22490055404225
0.015017750019560053,-0.013012865142362847,0.205,279.995711001596,0.0,0.0,-0.8002531724286701,1455.3779669205812,0.0,0.0,1.0,-27.27346929031804
0.0064612645502188665,0.013400157855372246,0.205,280.2894197987128,0.0,0.0,-0.9975183409679407,1452.7042298495874,0.0,0.0,1.0,-31.809919511324015
0.0012860249542555218,-0.013389732460057105,0.205,280.32348806866935,0.0,0.0,-0.9959679635520347,1454.5185984540055,0.0,0.0,1.0,-32.56014182050932
0.016068767167264356,-0.0016033396148255536,0.205,280.34716311217204,0.0,0.0,-0.9772144742717459,1456.4724051830776,0.0,0.0,1.0,-31.143378816948477
-0.013662545350238479,-0.007711100343546936,0.205,280.327983521575,0.0,0.0,-0.9869209532428332,1454.0338679446277,0.0,0.0,1.0,-33.84032140760422
-0.010548704077489505,-0.0020598240400892197,0.205,280.74596350138927,0.0,0.0,-0.9224717724366638,1455.8237024383463,0.0,0.0,1.0,-34.978502432765346
-0.018809478733989665,-0.005128213607861751,0.205,280.11086580139164,0.0,0.0,-0.8260310974487164,1455.5280143524983,0.0,0.0,1.0,-28.68700978185248
0.01836794415939589,0.0003693351493023049,0.205,280.2565633914816,0.0,0.0,-0.8926123614091342,1452.8608638113892,0.0,0.0,1.0,-29.229926174969364
-0.00125218557626268,0.00851751590487828,0.205,280.66315344435304,0.0,0.0,-0.7988535470374376,1456.2849155905112,0.0,0.0,1.0,-38.91912768765475
-0.01433519338822835,0.0038434477787457426,0.205,280.3981225514892,0.0,0.0,-0.9977883971756458,1453.0273460339563,0.0,0.0,1.0,-31.328885636486852
-0.0024671636728254872,-0.012294970927524006,0.205,280.34282538787335,0.0,0.0,-0.9815170930780989,1453.1836419575598,0.0,0.0,1.0,-32.47180973251256
-0.01273666917756026,0.0015811377463390618,0.205,280.5794650370114,0.0,0.0,-0.9873331148296873,1457.4603546592032,0.0,0.0,1.0,-34.0222003444107
-0.006805252780328308,0.008375124611788128,0.205,280.5940912503479,0.0,0.0,-0.9243841467812666,1454.155208192872,0.0,0.0,1.0,-37.63600398205369
0.012763341226579631,-0.011923972361935741,0.205,280.1652028413578,0.0,0.0,-0.9345937501866977,1451.6053502863806,0.0,0.0,1.0,-30.181804023214255
-0.009429669442987065,-0.012883447853606737,0.205,280.182927718365,0.0,0.0,-0.9813934167689472,1455.6390243891262,0.0,0.0,1.0,-30.869196849409374
0.006301295244960034,0.017980396800910032,0.205,280.0438617569761,0.0,0.0,-0.8541989349246021,1457.2746146318582,0.0,0.0,1.0,-30.102628841758968
0.005539812495669378,-0.018925912657461907,0.205,279.8979464292525,0.0,0.0,-0.8108569217415461,1456.3654159784567,0.0,0.0,1.0,-27.949420724508638
-0.010707225390877217,0.016750007323267303,0.205,279.9928479358227,0.0,0.0,-0.7996449445363012,1451.8752591623665,0.0,0.0,1.0,-29.234585239784515
0.0009570764570994917,-0.017016690411629325,0.205,280.11310567706295,0.0,0.0,-0.9506674009872867,1450.8702069883807,0.0,0.0,1.0,-31.656653240241177
0.011958894526919664,-0.011625833071795407,0.205,280.27001452276824,0.0,0.0,-0.9627164949250122,1451.9046778591091,0.0,0.0,1.0,-28.922655566929677
0.018298210665342908,0.007480669347940219,0.205,280.06413620341203,0.0,0.0,-0.8075055576197157,1452.1218361360532,0.0,0.0,1.0,-27.88002209070906
-0.005562658272986657,0.010544363444436917,0.205,280.3840734175165,0.0,0.0,-0.9657318208006622,1456.4963494043218,0.0,0.0,1.0,-34.03345715581318
-0.01558427025706541,-0.011443751144430855,0.205,279.9887567299046,0.0,0.0,-0.836569264091873,1458.388305225221,0.0,0.0,1.0,-30.647233500211172
-0.012831159526903915,-0.0070340003734720435,0.205,280.3199877615145,0.0,0.0,-0.999074193361114,1453.482395856707,0.0,0.0,1.0,-31.773049953131924
0.0004292066432805726,-0.01638226078723043,0.205,280.12020441278366,0.0,0.0,-0.9711079613553675,1457.720018800382,0.0,0.0,1.0,-31.030594153390922
0.010546068455012091,0.008012297769771847,0.205,280.4825660315219,0.0,0.0,-0.9936087664524853,1454.3496915712476,0.0,0.0,1.0,-34.95972566128784
-0.012023640489325511,0.014609012644666833,0.205,280.00789326749754,0.0,0.0,-0.8620994010228835,1454.2553516748005,0.0,0.0,1.0,-29.508776321644635
0.006971734458881131,-0.008922245443263655,0.205,280.5546910229753,0.0,0.0,-0.9458448072825402,1453.5065180973802,0.0,0.0,1.0,-34.271308946783414
-0.013080359382070448,-0.015062953132918167,0.205,279.93718056305397,0.0,0.0,-0.794644519378293,1455.2673082459025,0.0,0.0,1.0,-30.43922848556465
-0.010849968492335603,0.007209009877683791,0.205,280.4915904112247,0.0,0.0,-0.9905383746191947,1451.8709288075042,0.0,0.0,1.0,-35.41350904485724
0.003913594140926598,0.008810918104939447,0.205,280.61999612090165,0.0,0.0,-0.865714918674834,1453.4496729342761,0.0,0.0,1.0,-38.026747193324084
0.0033030482926244284,0.00942371970838278,0.205,280.6036014621815,0.0,0.0,-0.8850572854182757,1453.4465963364794,0.0,0.0,1.0,-34.28816457053382
0.012501559541202368,-0.013738709085003839,0.205,280.04846451801353,0.0,0.0,-0.8817395454662513,1454.7061458850822,0.0,0.0,1.0,-28.746935510637798
-0.0011984396395097036,-0.010330778596201339,0.205,280.44083475084415,0.0,0.0,-0.9063045367237081,1453.8615973977812,0.0,0.0,1.0,-36.944077318477305
-0.012468123839851575,-0.009561152785751287,0.205,280.21129937392413,0.0,0.0,-0.9864867914409559,1456.6640891918032,0.0,0.0,1.0,-29.84741456151587
-0.0021700073479821273,-0.00890629511234685,0.205,280.5869430218447,0.0,0.0,-0.8366656553952596,1451.7132000037927,0.0,0.0,1.0,-36.79173604058027
0.012084670577330975,0.015551974007354237,0.205,279.99587502312727,0.0,0.0,-0.812566419287667,1453.0461684937363,0.0,0.0,1.0,-31.218784075680837
-0.01527347443740485,0.004419595544605133,0.205,280.3270826631295,0.0,0.0,-0.982788883430597,1453.712643548699,0.0,0.0,1.0,-28.89706722915406
0.005779215886309249,-0.00928576171010823,0.205,280.5713158053879,0.0,0.0,-0.9306298380451714,1455.6560569332992,0.0,0.0,1.0,-34.93726528884317
0.01461233042761245,0.012092025014773878,0.205,280.10228449368327,0.0,0.0,-0.859364590705272,1453.49309836649,0.0,0.0,1.0,-27.607605678278023
0.018697206349342535,0.0007060990696806195,0.205,280.1010616509862,0.0,0.0,-0.8742278741199586,1455.4988897359035,0.0,0.0,1.0,-30.474330786062154
-3.4472665367121275e-05,0.0179707512866522,0.205,279.9389399085858,0.0,0.0,-0.9124855845082323,1457.5570172526052,0.0,0.0,1.0,-30.424459051638316
0.013183249086670075,-0.002931470538123501,0.205,280.431221346741,0.0,0.0,-0.9964937706257203,1452.3007922016734,0.0,0.0,1.0,-32.59567621577332
-0.00014073729843156626,0.009281462169765269,0.205,280.57219122314,0.0,0.0,-0.8440155681988735,1451.5205239168781,0.0,0.0,1.0,-36.07984182359828
0.008395469678185056,-0.016708138214037133,0.205,280.07317655283885,0.0,0.0,-0.8748877396136178,1455.422701573058,0.0,0.0,1.0,-29.27588076881098
-0.006913120905923053,-0.012944059375489177,0.205,280.326387933012,0.0,0.0,-0.9988610786815948,1455.4393957867958,0.0,0.0,1.0,-31.87464364364396
0.017704503003339922,-0.004853505926073442,0.205,280.23853095263416,0.0,0.0,-0.8933372876335333,1456.875081190762,0.0,0.0,1.0,-30.68096665484628
-0.01097177766014908,0.007832250481885917,0.205,280.4056826524579,0.0,0.0,-0.9962569930988615,1455.2770678770898,0.0,0.0,1.0,-32.749241918365264
-0.0056943225635959285,-0.010819518245884108,0.205,280.4488936358326,0.0,0.0,-0.9741168383172619,1454.7770956988402,0.0,0.0,1.0,-33.97767643084232
0.01992519649432863,0.0004106626197583507,0.205,280.1731955808932,0.0,0.0,-0.7960987969231983,1453.4045513606507,0.0,0.0,1.0,-28.258924292752553
-0.017352204817323184,-0.0062280036258834815,0.205,280.1367568968243,0.0,0.0,-0.8892319873694554,1456.6154424641068,0.0,0.0,1.0,-29.11062507172604
-0.007199947067938557,-0.015832369912801,0.205,280.22147456640204,0.0,0.0,-0.9375699195050007,1455.1631164738255,0.0,0.0,1.0,-31.51232400775906
-0.005686354488790729,0.01282496099107079,0.205,280.38120361526006,0.0,0.0,-0.9996913988765421,1456.3734177473004,0.0,0.0,1.0,-32.69199599455267
0.01356143531346448,-0.01086511703684314,0.205,280.1267498513829,0.0,0.0,-0.9381853135224849,1456.5469516922715,0.0,0.0,1.0,-30.35950523960291
0.0071116569820122745,-0.009600048189049876,0.205,280.4971556174205,0.0,0.0,-0.9664797526780016,1454.1773049916114,0.0,0.0,1.0,-34.30066700950794
-0.0076408395256027575,-0.007019087640338956,0.205,280.6131495964532,0.0,0.0,-0.9051029924809341,1450.7064281344021,0.0,0.0,1.0,-35.16471068870229
-0.015796242426488614,0.0033485320179250664,0.205,280.228082779426,0.0,0.0,-0.9772457046939131,1457.6040830082816,0.0,0.0,1.0,-30.785222931896318
-0.013439293903590062,-0.0034647218138217787,0.205,280.51796934545644,0.0,0.0,-0.9991286160132713,1452.5694776569167,0.0,0.0,1.0,-32.945781952460834
-0.013441251448131375,0.007677057588781563,0.205,280.29670063235386,0.0,0.0,-0.990449441034067,1453.857686511486,0.0,0.0,1.0,-32.4528423668901
0.010246952524740765,-0.007625479249064758,0.205,280.43592660631083,0.0,0.0,-0.9862086277963336,1449.073421431109,0.0,0.0,1.0,-35.070424058816215
-0.014281463329946486,-0.002585360522838128,0.205,280.45595257369587,0.0,0.0,-0.9995607950463841,1457.0251915306703,0.0,0.0,1.0,-33.08292273270772
0.01872002911776028,0.004190898841424328,0.205,280.04938306990573,0.0,0.0,-0.84614749350497,1457.043034323511,0.0,0.0,1.0,-29.016094868529937
0.012886771049934473,0.0007111897806544845,0.205,280.56282347317716,0.0,0.0,-0.9885879633351958,1453.326943875058,0.0,0.0,1.0,-32.01215492670864
-0.017650366024966273,0.007421458361403058,0.205,280.1957013328863,0.0,0.0,-0.8484004443302552,1454.1337801671202,0.0,0.0,1.0,-30.60691023032713
0.0012719374438616385,-0.009854713774751276,0.205,280.5947007958887,0.0,0.0,-0.8823807112795714,1455.0535972745433,0.0,0.0,1.0,-37.04456558432848
-0.016222998112518327,-0.009834165662126627,0.205,280.15304058701383,0.0,0.0,-0.8591142206846222,1451.3615128319375,0.0,0.0,1.0,-28.73392869466823
-0.005619250652110895,0.01650296755918022,0.205,280.1581999441515,0.0,0.0,-0.9359385474965212,1456.2550992210633,0.0,0.0,1.0,-31.503362612210793
0.01925447595959223,0.0034500124961074456,0.205,280.15343618094386,0.0,0.0,-0.8216870489026287,1451.8782055829665,0.0,0.0,1.0,-27.42939141665126
0.009745053996280959,-0.010635826899564675,0.205,280.42532561909695,0.0,0.0,-0.9998059274725102,1452.2611852884022,0.0,0.0,1.0,-32.604568078929304
-0.014415388241794945,0.0023973380270175125,0.205,280.41008092141686,0.0,0.0,-0.9991653314450222,1454.7344733322825,0.0,0.0,1.0,-34.0458036536166
0.011890437585416498,-0.0016468020345412123,0.205,280.66410586339106,0.0,0.0,-0.9681099560478872,1456.6721401585555,0.0,0.0,1.0,-34.08923624552035
-0.013941071934371248,0.008009788513335465,0.205,280.21292436806675,0.0,0.0,-0.9788708085355639,1456.12485959498,0.0,0.0,1.0,-32.01791937204673
0.013776931717516669,0.004243603267158423,0.205,280.4866196277463,0.0,0.0,-0.9998264659679914,1455.3421497488398,0.0,0.0,1.0,-31.85537241779408
0.015732543694341822,0.00033164475547273973,0.205,280.4311783302907,0.0,0.0,-0.986040465520321,1452.5150361899439,0.0,0.0,1.0,-32.36406350837578
0.0030836071664199563,-0.012118805218979928,0.205,280.42717057871124,0.0,0.0,-0.9807504578456592,1455.6602533749244,0.0,0.0,1.0,-33.99302054415061
-0.008542918227930012,0.007079428688369214,0.205,280.4959221877751,0.0,0.0,-0.9370783395032124,1454.6805356407617,0.0,0.0,1.0,-37.02944147450702
-0.012630809146008608,-0.00045990806667208097,0.205,280.58193252981863,0.0,0.0,-0.9835976919700582,1457.404480694474,0.0,0.0,1.0,-32.419526581785725
-0.016675640284221586,-0.0060521156548848975,0.205,280.20817189768337,0.0,0.0,-0.9230083205605675,1455.2507204791427,0.0,0.0,1.0,-28.962866841284445
-0.008626519443433038,-0.004146141279810418,0.205,280.67662771576994,0.0,0.0,-0.8616163322493268,1458.1356614572858,0.0,0.0,1.0,-37.06883035035034
0.01969953642859423,0.002025490095239544,0.205,280.18749102257664,0.0,0.0,-0.8050481770707504,1456.103650262755,0.0,0.0,1.0,-26.666752310159833
0.0031930971917529683,0.018916148397849886,0.205,279.89126193920697,0.0,0.0,-0.846125681967622,1454.2062374519394,0.0,0.0,1.0,-30.356020941948525
-0.014641054868358965,-0.011452175708245997,0.205,280.0155691163645,0.0,0.0,-0.8810444540584677,1454.5862913738247,0.0,0.0,1.0,-32.576062302645845
-0.0180548709726296,0.0012531050132667128,0.205,280.15153148196964,0.0,0.0,-0.9063841186685329,1454.3453931243607,0.0,0.0,1.0,-29.43631567235308
-0.017051656913033078,0.0022732783118051413,0.205,280.2709576609459,0.0,0.0,-0.9448942170504715,1452.4370260392238,0.0,0.0,1.0,-30.73973372850538
-0.005519977396340448,-0.008752502478918794,0.205,280.63356036216675,0.0,0.0,-0.9037423660975059,1452.6118882358967,0.0,0.0,1.0,-35.99815814648758
-0.010454012294305235,-0.01322837615452528,0.205,280.15695348413095,0.0,0.0,-0.9569219042923945,1452.310534200093,0.0,0.0,1.0,-29.584031937755057
-0.008344219905219902,0.011422044640093415,0.205,280.3820857741111,0.0,0.0,-0.9999306858370904,1455.5140924787459,0.0,0.0,1.0,-33.58875702082435
-0.013852466496308107,0.01270277186287763,0.205,280.0427004249568,0.0,0.0,-0.8694206849732787,1456.6077462429998,0.0,0.0,1.0,-30.18170491597478
-0.01363034511873839,-0.01137018581929876,0.205,280.2344814647565,0.0,0.0,-0.9225571773450814,1454.3092417639198,0.0,0.0,1.0,-28.352937607627588
0.001592282439236819,0.01071564244155137,0.205,280.46882453592826,0.0,0.0,-0.9262053844650862,1451.0191861737692,0.0,0.0,1.0,-33.4762289925118
-0.014342815121468032,-0.0031561053235098983,0.205,280.4124898374175,0.0,0.0,-0.9987985690447647,1457.3256703064085,0.0,0.0,1.0,-30.86611758955387
-0.006965308879257556,-0.012473241525931331,0.205,280.35112934570844,0.0,0.0,-0.9999916878357482,1454.2591390064047,0.0,0.0,1.0,-33.510270011420054
0.007369704697959096,-0.0088811696518732,0.205,280.49525592709904,0.0,0.0,-0.9535992207977274,1453.513283093881,0.0,0.0,1.0,-35.17912729509946
0.009536179931362819,0.014814475161292875,0.205,280.1247740716613,0.0,0.0,-0.9282778331306357,1452.4753098788665,0.0,0.0,1.0,-30.499958084196734
0.012120440458118654,0.005488649189919573,0.205,280.5251705230453,0.0,0.0,-0.9943581533867893,1454.6182880174745,0.0,0.0,1.0,-36.54270836059786
-0.008100559813850062,0.016355443438541034,0.205,280.0939332988085,0.0,0.0,-0.8987790995917079,1455.0313788887397,0.0,0.0,1.0,-29.000966618783877
-0.006617936328002408,-0.014504853097393118,0.205,280.1471695834884,0.0,0.0,-0.9818756347921733,1452.516267389189,0.0,0.0,1.0,-34.00459189241292
-0.009859901356370493,0.0020339201962756757,0.205,280.7761794915862,0.0,0.0,-0.8894183109164882,1456.0916197826998,0.0,0.0,1.0,-36.763681075470146
0.004288238001072476,0.012222001900127687,0.205,280.46420351548636,0.0,0.0,-0.9893573534887774,1459.2383118894331,0.0,0.0,1.0,-31.6468136255928
0.009259110455363704,-0.012582811418250262,0.205,280.3394513840149,0.0,0.0,-0.98809444933888,1453.3909035572558,0.0,0.0,1.0,-29.936380008391158
0.0005662480650771021,-0.010776321535476389,0.205,280.5623160604155,0.0,0.0,-0.9243751613085316,1451.4195336775692,0.0,0.0,1.0,-36.36080405991693
0.0004606162460010801,-0.01011413494420169,0.205,280.5667985141071,0.0,0.0,-0.8924181766732073,1456.22083242867,0.0,0.0,1.0,-37.8110284132438
0.0035567355857372266,-0.018202781464511052,0.205,279.9850303469587,0.0,0.0,-0.8832804647521457,1454.3409363438814,0.0,0.0,1.0,-29.522350462835444
0.016559988443059604,0.004565815261583144,0.205,280.30549535281824,0.0,0.0,-0.9458099004622067,1456.9117035676904,0.0,0.0,1.0,-29.26830765752047
0.013198306148135809,0.007163782762528873,0.205,280.32053026983596,0.0,0.0,-0.9962796694845895,1452.5718696371862,0.0,0.0,1.0,-31.820744192077516
-0.0020878260884147613,0.016980576617664295,0.205,280.05024944012337,0.0,0.0,-0.9483498898898166,1457.7961820128048,0.0,0.0,1.0,-30.982790343395695
0.0013401626461965513,-0.008518908517132303,0.205,280.6165460786273,0.0,0.0,-0.7998942257273679,1456.459116626814,0.0,0.0,1.0,-34.63250833870864
0.01353862786854145,-0.014226110090892492,0.205,280.00693272880955,0.0,0.0,-0.8164430325076977,1454.7933186373753,0.0,0.0,1.0,-25.620760446927232
-0.014407622786392647,0.0029282704782867277,0.205,280.52250732415973,0.0,0.0,-0.9987074401958984,1455.92252228021,0.0,0.0,1.0,-32.24142662362233
-0.01228626708006468,0.01313444148251645,0.205,280.14756936184597,0.0,0.0,-0.9118081252775658,1452.7170139269879,0.0,0.0,1.0,-30.419139281054147
-0.017076822999033726,0.0078092767071042115,0.205,280.1230719714446,0.0,0.0,-0.8704106530228195,1454.591830499911,0.0,0.0,1.0,-30.13082602754045
-0.008574395469977233,0.004549566269903222,0.205,280.6291272525138,0.0,0.0,-0.8695135604139153,1457.2641456473216,0.0,0.0,1.0,-38.76744920848223
-0.01658148799899778,-0.0011058137058479556,0.205,280.43252319089345,0.0,0.0,-0.9645438597519169,1452.5716935698247,0.0,0.0,1.0,-30.363005106534054
0.00849211710257462,0.0014206675384087683,0.205,280.7004720285546,0.0,0.0,-0.7989293463738714,1455.6750451936323,0.0,0.0,1.0,-36.98795342390635
-0.005246349336672466,-0.013156373630631286,0.205,280.230840597689,0.0,0.0,-0.9999530725082619,1456.315209748204,0.0,0.0,1.0,-33.4535604421908
0.014400940061037095,0.0077310040645434275,0.205,280.30718104872005,0.0,0.0,-0.9722582455108792,1457.0330637426703,0.0,0.0,1.0,-31.353153559029
0.005848749689051141,0.007580729427493178,0.205,280.71980953304336,0.0,0.0,-0.8618263648313621,1455.7481153404854,0.0,0.0,1.0,-34.959498534734685
-0.001359630345007475,-0.012106729283059826,0.205,280.4079796977551,0.0,0.0,-0.9729877637974251,1458.8751813933625,0.0,0.0,1.0,-34.95925935106073
0.001398036389977762,0.012449291998556692,0.205,280.3699595716818,0.0,0.0,-0.9812454563513815,1453.2558433606755,0.0,0.0,1.0,-33.25429079502103
-1.7239323903751374e-05,-0.012034992641081946,0.205,280.46808553944254,0.0,0.0,-0.9689861200268653,1451.650102463004,0.0,0.0,1.0,-33.22166625425452
-0.01979041117958014,0.002842518628879864,0.205,280.0978726418941,0.0,0.0,-0.7914718105540194,1455.0072630983568,0.0,0.0,1.0,-28.367064895681587
0.007885885548684593,0.010938954041402753,0.205,280.35186648061773,0.0,0.0,-0.9963015429848592,1454.0624220644672,0.0,0.0,1.0,-35.34694076985177
0.0071047933286198205,0.013442308843626261,0.205,280.2273843164624,0.0,0.0,-0.9942420122356526,1455.899751667682,0.0,0.0,1.0,-30.909998667089372
-0.008645386248383163,-0.009095386436875817,0.205,280.44735453879724,0.0,0.0,-0.9817023608145496,1453.180344383358,0.0,0.0,1.0,-34.12042467731897
0.007419806508153847,0.018512259956842102,0.205,279.8996577253706,0.0,0.0,-0.7950616699492363,1454.1506489304284,0.0,0.0,1.0,-28.312514204031366
0.01578168574636442,0.011715370797398275,0.205,280.0963426891214,0.0,0.0,-0.8153406496502156,1453.875341687582,0.0,0.0,1.0,-29.015710101279808
-0.0018783568156426876,0.014199666562255681,0.205,280.2266495329805,0.0,0.0,-0.9999659767345594,1453.488239447347,0.0,0.0,1.0,-33.33582786767022
0.008513771463538758,-0.0035118494319122465,0.205,280.796577731549,0.0,0.0,-0.8394041054335621,1455.0847704818646,0.0,0.0,1.0,-37.36406322804937
-0.010440071001679154,-0.012636851437302692,0.205,280.16957226440593,0.0,0.0,-0.9710069389174938,1455.1312831430262,0.0,0.0,1.0,-30.3486182893052
-0.012222246318641475,-0.0002577749160158484,0.205,280.6387199873784,0.0,0.0,-0.974077555711422,1455.247604152615,0.0,0.0,1.0,-34.53171813776974
-0.009880530235578987,-0.013315502661750373,0.205,280.2028190679321,0.0,0.0,-0.9656543405094098,1452.375283237763,0.0,0.0,1.0,-30.704896729341794
7.189737721511859e-05,0.01629349310232954,0.205,280.20745724113084,0.0,0.0,-0.9735987571868501,1455.0683001498603,0.0,0.0,1.0,-31.378754038888868
-0.010888915787030311,-0.0016994169557999338,0.205,280.64013267068515,0.0,0.0,-0.9340797074087609,1454.6006993667388,0.0,0.0,1.0,-35.568446186971556
0.013463871410698809,0.007335931601551971,0.205,280.3503916720062,0.0,0.0,-0.9925898358918428,1455.636923528302,0.0,0.0,1.0,-31.393554674423534
-0.010138640082177835,0.0021082338271515458,0.205,280.7733616044251,0.0,0.0,-0.9041237884468827,1457.4167925026572,0.0,0.0,1.0,-35.97235630763547
0.012096987216787558,-0.01013516194222899,0.205,280.33833190002565,0.0,0.0,-0.9851715390038052,1451.677011173287,0.0,0.0,1.0,-30.485070211462915
-0.0008237053433446625,-0.017771785125221946,0.205,280.0558349164135,0.0,0.0,-0.9207445646002661,1455.1697147212624,0.0,0.0,1.0,-31.74579752105222
-0.0023617315522741515,-0.0196618635232742,0.205,280.0601646364074,0.0,0.0,-0.8050618131994378,1455.4742606071559,0.0,0.0,1.0,-27.85539909920638
-0.00872915888028438,0.017153920955473436,0.205,279.99346294938147,0.0,0.0,-0.8421420833103258,1454.1769351799837,0.0,0.0,1.0,-30.139867135234198
-0.007265178162259575,-0.010860462488834237,0.205,280.3818451948509,0.0,0.0,-0.9911452935719456,1455.2759128962932,0.0,0.0,1.0,-33.747535619163
-0.015465165767383219,0.00137752985563153,0.205,280.4249728154735,0.0,0.0,-0.9897013389753507,1457.2857788530664,0.0,0.0,1.0,-29.66164065946801
0.011524945787727326,0.008303430377637998,0.205,280.46733960012705,0.0,0.0,-0.9999869842023779,1457.5999766999835,0.0,0.0,1.0,-32.18714505510178
0.015869749144076743,0.00485807560916026,0.205,280.3084606072304,0.0,0.0,-0.9651888081537848,1457.2036442128758,0.0,0.0,1.0,-30.597730856327146
0.00488556902211961,0.01742661082000991,0.205,280.01814515515514,0.0,0.0,-0.9063748287428437,1453.85630536653,0.0,0.0,1.0,-29.46637677929558
0.016911320332748378,0.00021980345726426041,0.205,280.29337907890624,0.0,0.0,-0.9551800917743487,1454.2930841344983,0.0,0.0,1.0,-28.67000204760989
0.004403163606667389,-0.013391843758811616,0.205,280.3646567442278,0.0,0.0,-0.999852292079681,1458.8289875027865,0.0,0.0,1.0,-33.53540897178664
-0.01650687393951078,-0.0027837033493038643,0.205,280.28688959064965,0.0,0.0,-0.9608085356585756,1454.683159032827,0.0,0.0,1.0,-32.96626787269272
-0.007975390435265151,0.01619701696845947,0.205,280.0276144729409,0.0,0.0,-0.9085228867210772,1454.0414631995775,0.0,0.0,1.0,-30.940021270431405
0.01665180107645785,-0.005423440945784547,0.205,280.2565925221647,0.0,0.0,-0.9327059745980615,1455.149834336285,0.0,0.0,1.0,-30.653592200641835
0.00607819887591047,0.015999492847039255,0.205,280.1471137349604,0.0,0.0,-0.9481075043988352,1451.0826468789633,0.0,0.0,1.0,-30.935052356699746
0.010668900413506073,-0.0035077770671397947,0.205,280.6748063062364,0.0,0.0,-0.9423756144201364,1456.719929054811,0.0,0.0,1.0,-37.75841834821769
0.012407486442583628,0.015024382976909867,0.205,279.9984017612346,0.0,0.0,-0.8267403144502443,1452.1747690504417,0.0,0.0,1.0,-28.01889279126931
0.010086121946316766,-0.016555660862712016,0.205,280.0367484293686,0.0,0.0,-0.8332473693805089,1455.2513405844265,0.0,0.0,1.0,-30.829873845849868
-0.0021156868954869124,-0.019070540192221472,0.205,279.9741445020257,0.0,0.0,-0.8458897271346044,1455.745101508026,0.0,0.0,1.0,-28.988928403881378
-0.009790510348102962,8.524098612434272e-05,0.205,280.7373902415214,0.0,0.0,-0.8743077094543834,1451.2314514136592,0.0,0.0,1.0,-37.09820996637309
-0.01535592087685179,0.005463801360979746,0.205,280.2902755992888,0.0,0.0,-0.9734603673406741,1454.1232870867395,0.0,0.0,1.0,-31.116735464341936
-0.007154896311381132,-0.00811733147499677,0.205,280.5816693543984,0.0,0.0,-0.9256522838481243,1452.0342171821437,0.0,0.0,1.0,-36.04318831162842
0.011291390996016394,0.0022135496739073422,0.205,280.66161635943655,0.0,0.0,-0.9524140536376948,1452.1745199401598,0.0,0.0,1.0,-33.186463985625586
-0.017454687436746257,0.002064770600072768,0.205,280.2700935344157,0.0,0.0,-0.9300550717307903,1453.6404269369402,0.0,0.0,1.0,-31.477250568902186
-0.005435723390399879,0.015126573637663922,0.205,280.1859813999886,0.0,0.0,-0.978978420427981,1452.669065039437,0.0,0.0,1.0,-31.155194464946607
-0.018361869184761223,-0.0059229585924846125,0.205,280.1364932453258,0.0,0.0,-0.8392033338334098,1454.0186293843617,0.0,0.0,1.0,-29.594193884428122
0.0016867997652919926,-0.015057591008544991,0.205,280.2287500193296,0.0,0.0,-0.9948594602688856,1455.7372186503778,0.0,0.0,1.0,-31.807257497043228
-0.015925135275182394,-0.010566669366353353,0.205,280.0405014272497,0.0,0.0,-0.8505756754717304,1452.3838128184682,0.0,0.0,1.0,-28.30617335508515
0.007616928435023542,-0.011412209781581436,0.205,280.41564144311826,0.0,0.0,-0.9982286566864291,1456.3011145310174,0.0,0.0,1.0,-33.73826304584179
0.01713159883741016,-0.0002583839015845755,0.205,280.2855451444939,0.0,0.0,-0.9474388646604682,1453.4660691788483,0.0,0.0,1.0,-30.282023353600223
0.014056815489570511,0.007506315327172411,0.205,280.39026804852074,0.0,0.0,-0.98204246898282,1455.5981160129847,0.0,0.0,1.0,-32.513620886147315
0.0026422753687859388,0.018347373727232722,0.205,279.9959358820829,0.0,0.0,-0.883842153302332,1453.7393301208,0.0,0.0,1.0,-32.06055200825098
-0.0020295965044535235,0.018926910254024504,0.205,279.98543201444915,0.0,0.0,-0.8552393188230013,1457.3513052428302,0.0,0.0,1.0,-27.285805973783177
0.0114885037407181,0.0029748250400174242,0.205,280.6332142269705,0.0,0.0,-0.9641151581318858,1454.433610974726,0.0,0.0,1.0,-33.088060073137775
0.018314075945392697,-0.006317455841394367,0.205,280.08112421038174,0.0,0.0,-0.8340908894325252,1450.86170439991,0.0,0.0,1.0,-26.891614305463488
0.00877393674685342,0.015829850443532266,0.205,280.05540050117037,0.0,0.0,-0.9063606044710886,1457.3667430538592,0.0,0.0,1.0,-30.871394025702
0.009652078893018876,0.0151357486974115,0.205,280.0512792941734,0.0,0.0,-0.913394083134734,1454.7709261772638,0.0,0.0,1.0,-28.386041185970786
-0.011806346285393897,-0.0030153644459629788,0.205,280.6117281715,0.0,0.0,-0.9730528747136712,1455.1182525231964,0.0,0.0,1.0,-36.659125813189455
0.014727427619726079,-0.0010717609978188943,0.205,280.5004158421619,0.0,0.0,-0.9983144601071282,1454.8004255525223,0.0,0.0,1.0,-31.850903948124678
-0.011336242110107869,-0.0061082503232293426,0.205,280.50829924572025,0.0,0.0,-0.9880861001226413,1454.3062704220627,0.0,0.0,1.0,-33.96609442034634
-0.004692082422033789,-0.01033274166830401,0.205,280.50326237327147,0.0,0.0,-0.9467706018894209,1458.3351330527485,0.0,0.0,1.0,-34.703138891564706
0.0146152083668321,0.008900035454776467,0.205,280.30673105003564,0.0,0.0,-0.9482273710553991,1455.1001040865767,0.0,0.0,1.0,-32.04190288327012
0.019041498846868912,0.001083317852360329,0.205,280.1262823413168,0.0,0.0,-0.8530000142743953,1454.4877017579552,0.0,0.0,1.0,-29.077562439963042
-0.01744120216901809,0.0030419938147118342,0.205,280.2089124835934,0.0,0.0,-0.9245636686998742,1458.7275152609966,0.0,0.0,1.0,-29.12082105383327
0.0028113476829506206,-0.012607483082098619,0.205,280.4428759466507,0.0,0.0,-0.9887698716674442,1453.836790038029,0.0,0.0,1.0,-35.15916954274409
0.011665465020811564,-0.0010909318274530363,0.205,280.53657793287556,0.0,0.0,-0.9594212437548895,1453.2726068138672,0.0,0.0,1.0,-33.91857575539625
-0.01576100401039078,0.004928401774624248,0.205,280.2998860310089,0.0,0.0,-0.967610587404389,1455.1397054307965,0.0,0.0,1.0,-30.674139920201064
