x,y,z,T,u,v,w,p,nx,ny,nz,qn
-0.0017077878171667428,0.003037797845028425,0.205,303.0383821072772,0.0,0.0,1.2800721608303725,0.9176072189443314,0.0,0.0,1.0,21.90993607810857
0.005826016798530614,0.0009523929440530865,0.205,302.80655197332175,0.0,0.0,1.0735341954427577,-1.5128821995901665,0.0,0.0,1.0,25.85231595369555
-0.0021473090825312557,-0.004825917250593616,0.205,302.99048459403537,0.0,0.0,1.1357099587182817,-2.2203137429882123,0.0,0.0,1.0,25.008276349809645
0.003879568221795657,-0.001255137090843274,0.205,303.05405658668354,0.0,0.0,1.2383746542574159,-0.6941670477381771,0.0,0.0,1.0,23.562606230627765
-0.002797707135999587,0.0008087600937879472,0.205,303.10027386599063,0.0,0.0,1.3147316310716077,0.4521927187919552,0.0,0.0,1.0,21.498762410601827
0.0010326619091576875,-0.0031075302889067035,0.205,303.1731721277234,0.0,0.0,1.293449282446959,0.723741381011009,0.0,0.0,1.0,22.404688535872573
-0.003103123137213134,0.004688915764846603,0.205,302.73381355962505,0.0,0.0,1.102386116587844,0.9312062980093148,0.0,0.0,1.0,25.192238181305893
0.0006698674930545181,-0.004515125543974468,0.205,302.96896614147005,0.0,0.0,1.1997345062858769,-0.5079266468405335,0.0,0.0,1.0,22.783168148785695
-0.0035823169437548207,0.0004920743746462743,0.205,303.04990579975555,0.0,0.0,1.2713604644612835,0.9681530901912041,0.0,0.0,1.0,22.605500292412422
-0.0046547190579763675,0.0008290593151893182,0.205,302.888496183422,0.0,0.0,1.1858916826729982,-0.2707782544129472,0.0,0.0,1.0,24.110082820081786
-0.00515900232120353,-0.0027104150503471616,0.205,302.95051097111457,0.0,0.0,1.0814408460316984,0.14230863102170171,0.0,0.0,1.0,25.21519711602
-0.0011416020211851559,-0.003941696120282491,0.205,303.01035961608324,0.0,0.0,1.2364008106342284,0.13659936562616595,0.0,0.0,1.0,21.3400646219913
-0.0011242427433128083,-0.0012002742263949352,0.205,303.2912750855446,0.0,0.0,1.3712097441371698,-0.1379550287227151,0.0,0.0,1.0,18.639655365513487
0.0006739465075546953,0.005882590981375557,0.205,302.7997365834263,0.0,0.0,1.0716695321659102,-0.4061572314409143,0.0,0.0,1.0,26.647922132131843
-0.001797987125749119,0.0029903602814142114,0.205,303.0685467887584,0.0,0.0,1.279788330636635,1.882058269445381,0.0,0.0,1.0,23.702845632178217
0.0004987424899582802,-0.005561899159227284,0.205,302.8431264107233,0.0,0.0,1.1062493344314561,-1.1481234923279922,0.0,0.0,1.0,24.270584273794075
-0.0006807992100580723,0.00624334641578093,0.205,302.84611542098537,0.0,0.0,1.0327847667328605,1.1102771696498759,0.0,0.0,1.0,26.1198807911229
-0.0026401231483936883,0.00529512649382977,0.205,302.80272225016375,0.0,0.0,1.0721185322479994,0.2770348686532251,0.0,0.0,1.0,25.712675695865528
-0.0015483814783627656,-0.0016311069176665237,0.205,303.298717836032,0.0,0.0,1.3478168653578837,-1.1596815549003745,0.0,0.0,1.0,20.877469951539396
0.0025971150978514454,0.0054451196398768624,0.205,302.83216645921465,0.0,0.0,1.0598011938813683,-0.009583349784425679,0.0,0.0,1.0,25.138891114637993
-0.0024717996837029634,-5.091719435828191e-05,0.205,303.1244194626073,0.0,0.0,1.337532958314444,-0.8561996284882335,0.0,0.0,1.0,21.11777647509892
0.0014476798131067854,0.00018740101202519363,0.205,303.20046612667346,0.0,0.0,1.3770446019926565,-0.17939225299418526,0.0,0.0,1.0,19.271198583211973
0.004483161799119393,-0.0012764554956872125,0.205,302.94405828587406,0.0,0.0,1.1915888537970254,0.6299692033722503,0.0,0.0,1.0,22.51943933196324
-0.0024031380122366613,-0.0038145989559327767,0.205,302.98181184553243,0.0,0.0,1.20438379223957,-1.8707259701515293,0.0,0.0,1.0,21.3255707845846
0.004804552366013317,0.003900439356003517,0.205,302.8467157765156,0.0,0.0,1.042925506388242,-1.390085324279966,0.0,0.0,1.0,26.016318172813705
0.005265446912660463,0.0009888638890765131,0.205,302.87240337507285,0.0,0.0,1.1284945845933319,-0.654351749480528,0.0,0.0,1.0,25.624761284072065
-0.00453296025564515,0.0034157499261064177,0.205,302.80336391760363,0.0,0.0,1.0970249298731152,-0.4482080872632168,0.0,0.0,1.0,24.39669877474239
-0.0033797573900107114,-0.003633380288611463,0.205,302.9552219159091,0.0,0.0,1.1652827979623503,0.2240007473133734,0.0,0.0,1.0,22.876945751488915
0.0030426156307521647,0.0011623847230787475,0.205,303.1628237150548,0.0,0.0,1.2945302949050377,-0.09700311117974175,0.0,0.0,1.0,22.77177366799112
-0.002596094606614415,0.003573451314441408,0.205,302.925550843954,0.0,0.0,1.2118607198699167,-2.7745732275995136,0.0,0.0,1.0,22.96169131370648
-0.0052675018789678256,-0.002492371167526619,0.205,302.85906761401986,0.0,0.0,1.081469045866621,0.4977577039199579,0.0,0.0,1.0,25.059320856193402
-0.00449679746337501,0.0021205975471463097,0.205,302.8624671046586,0.0,0.0,1.164432497813186,-0.3640415834123588,0.0,0.0,1.0,24.997839866231065
0.0004820483082359436,0.004230178350308449,0.205,303.0164675841189,0.0,0.0,1.2245492183097175,-0.6372373153596949,0.0,0.0,1.0,23.245243868722742
-0.00048451410289936347,-0.003594214051373834,0.205,303.07963523611033,0.0,0.0,1.2706315719113022,1.4661847233066665,0.0,0.0,1.0,21.868140519496905
-0.004459491782132115,0.003910199068016604,0.205,302.7455068598437,0.0,0.0,1.070622971161982,-1.450651320978555,0.0,0.0,1.0,24.888200572064616
-0.0033510345219181594,-0.0004998876918313272,0.205,303.0910680956087,0.0,0.0,1.2863234076533934,-1.110530551765714,0.0,0.0,1.0,21.5306734140815
-0.0018900210482606403,0.0037122186561426886,0.205,302.9456798183554,0.0,0.0,1.231674268491219,0.6416151012408245,0.0,0.0,1.0,23.973057962175275
-0.002666061801822525,0.001936943375642161,0.205,303.09176920282124,0.0,0.0,1.2921611710638239,2.360271276921178,0.0,0.0,1.0,22.11102116410834
0.0040567777133573854,0.003263269530051267,0.205,302.97270474591494,0.0,0.0,1.1428606535294452,1.5751605321751838,0.0,0.0,1.0,24.611806347653474
-0.0013300459856536602,0.0017366719964560862,0.205,303.1082419549023,0.0,0.0,1.3504956897900209,0.25620923635212284,0.0,0.0,1.0,20.020251591811892
0.0046355474599498,-0.003624200405404621,0.205,302.7778412427094,0.0,0.0,1.075549322353272,-0.9704588710125986,0.0,0.0,1.0,23.982115052598978
0.0033232503624353966,0.00150461794833153,0.205,303.1447028914288,0.0,0.0,1.2691861420418817,0.7875180961299896,0.0,0.0,1.0,22.40244816785592
0.003587369965945543,0.005001019298208195,0.205,302.82609364634067,0.0,0.0,1.0466266330675955,-1.4236015860892033,0.0,0.0,1.0,25.290087629200766
0.0014367232282685859,-0.001588922949076597,0.205,303.15682083160965,0.0,0.0,1.3524260362166247,0.575821433778086,0.0,0.0,1.0,21.4882441090398
-0.005620774398281073,-0.00045731355829442153,0.205,302.85925539431963,0.0,0.0,1.1007146067586966,-0.3474289252909679,0.0,0.0,1.0,24.14133098783504
-0.0034855087066732785,-0.002915167656014111,0.205,303.01170878941,0.0,0.0,1.2014525709287005,1.5559204670460665,0.0,0.0,1.0,24.53569436458313
-0.002155573605505682,-0.00046091347523741384,0.205,303.2345614897978,0.0,0.0,1.3497697838524343,-0.4261003563423122,0.0,0.0,1.0,21.509980555379894
-0.004643309355435912,-0.0014601415150283317,0.205,302.9768534923685,0.0,0.0,1.1737293829639375,-0.4431748914334183,0.0,0.0,1.0,24.48892241696636
-0.0015562708062140697,-0.003973098075568386,0.205,303.00315773477814,0.0,0.0,1.2238071823891665,1.8255426434833883,0.0,0.0,1.0,21.969282151891015
-0.0021843352829594917,0.005450225776530255,0.205,302.8379012334214,0.0,0.0,1.0768567501990933,-0.12130276543804307,0.0,0.0,1.0,25.313754479833246
-0.0019504760810957638,0.002064742612712712,0.205,303.0733498512685,0.0,0.0,1.3186881791652545,-0.4262663232444236,0.0,0.0,1.0,21.562215430684155
0.0014150842316234822,-0.0005182099701571481,0.205,303.20245491658744,0.0,0.0,1.3756130286963373,0.35747586353375727,0.0,0.0,1.0,20.08721695633526
0.0013880363523410073,0.004820231892581486,0.205,302.92046819588643,0.0,0.0,1.1604220798596476,0.467789474052425,0.0,0.0,1.0,24.762793600962727
0.0007336300398521755,0.001837959072918754,0.205,303.29750645126234,0.0,0.0,1.3590754852543523,-0.7002785829460114,0.0,0.0,1.0,20.030310219321183
-0.004643408329883283,-0.0003204948861466636,0.205,302.97548783347344,0.0,0.0,1.1921731753786096,-0.23699698844695435,0.0,0.0,1.0,25.174232391079162
-0.003618712736830493,0.002420733145161567,0.205,302.9433359854591,0.0,0.0,1.216941896036257,1.1157973345723227,0.0,0.0,1.0,21.538224532973423
0.002920913714852878,-0.0037255796471673593,0.205,302.89234743821976,0.0,0.0,1.1853645796130496,-0.8368220448906606,0.0,0.0,1.0,25.378547525234417
0.005079409369656151,0.0010627793095078614,0.205,302.9718629965431,0.0,0.0,1.1444512953044292,1.256401165154408,0.0,0.0,1.0,25.404921521409317
-0.002838478830489271,-0.004241005214666717,0.205,302.9489082563832,0.0,0.0,1.1524525067649458,-1.889197398668729,0.0,0.0,1.0,25.405327130292502
0.0022031634522453134,0.004336779649935627,0.205,303.005711473865,0.0,0.0,1.1740083648899982,-0.16876964839411462,0.0,0.0,1.0,23.751181217364408
0.005120611502166633,-0.001707329762309076,0.205,302.8225767917139,0.0,0.0,1.124606311912559,-1.49006078157092,0.0,0.0,1.0,23.73910584167728
0.0024946949129613515,0.005253217715576761,0.205,302.86237322594747,0.0,0.0,1.08270504901639,0.5052533746946927,0.0,0.0,1.0,24.697131636917078
0.004657209093069148,0.002936967226604911,0.205,302.958017102801,0.0,0.0,1.1140234252710615,2.985742656969808,0.0,0.0,1.0,25.806953086987043
0.0022167696133040204,0.005144526249898349,0.205,302.8975552486833,0.0,0.0,1.104488867689485,0.39424733548135843,0.0,0.0,1.0,23.874518979075056
0.0012506554770009889,0.002377631177457569,0.205,303.170682039136,0.0,0.0,1.326851580785566,-0.3641374205309504,0.0,0.0,1.0,22.374645832934167
-0.0008322122266575444,-0.0064089167772008225,0.205,302.72498993043564,0.0,0.0,1.012260320071175,0.3541332314298969,0.0,0.0,1.0,27.09351951153128
-0.000504543290418582,0.004452231976816229,0.205,302.9111375277033,0.0,0.0,1.206663789899919,0.3479165321902839,0.0,0.0,1.0,22.764180831237525
-0.00014988508281821433,-0.00442638765822345,0.205,302.9101719759307,0.0,0.0,1.2108887188373334,-2.0560377731223416,0.0,0.0,1.0,22.673311208521277
-0.0017962687203056176,-0.0025530060368954936,0.205,303.18660218230093,0.0,0.0,1.3027098366849226,-1.9641520827862895,0.0,0.0,1.0,21.38912745612672
0.0006040694237189818,0.004241392465021016,0.205,303.02560167891903,0.0,0.0,1.2224576979088786,-1.257398116442901,0.0,0.0,1.0,23.78784170587741
-0.0013120634250433287,0.003396932157725339,0.205,303.05166659557136,0.0,0.0,1.2696270399070437,-0.27270176547957964,0.0,0.0,1.0,21.232577355508123
-0.0013852738969075203,0.0005043448218597819,0.205,303.16755998721095,0.0,0.0,1.3766103675753942,-1.4340752696516375,0.0,0.0,1.0,21.135594273857617
0.0042286978165284725,0.001285776306184344,0.205,303.0446851617273,0.0,0.0,1.211623956325518,0.9279853641052793,0.0,0.0,1.0,23.45537705753786
0.0017897790450737282,0.0004555372047035881,0.205,303.25813585200245,0.0,0.0,1.364110539140321,-1.1123137805811163,0.0,0.0,1.0,19.809156522577318
-0.0012507921403148575,-0.005489942324658781,0.205,302.86309995867873,0.0,0.0,1.1015934406548036,-2.05829321472745,0.0,0.0,1.0,24.76745477928748
-0.002757437351123691,0.003721519291242386,0.205,302.97642565001127,0.0,0.0,1.1940947006381177,0.5593701154402171,0.0,0.0,1.0,25.213511587538573
-0.0018702781851618556,-0.004899808475508338,0.205,302.9440612251238,0.0,0.0,1.1392599707591893,-2.295105439631658,0.0,0.0,1.0,26.954357053100654
0.004201719123173342,0.000893592339265224,0.205,302.96307469705374,0.0,0.0,1.2215513678505983,0.8270573436385973,0.0,0.0,1.0,23.091707321053725
0.004417716876698843,-0.0018654972248330463,0.205,302.9413652849654,0.0,0.0,1.1800490723393144,-0.9078714040492616,0.0,0.0,1.0,23.652827863801555
0.003967840709295012,-0.004461963510008268,0.205,302.74750896464974,0.0,0.0,1.066388851114347,-1.2829366773651376,0.0,0.0,1.0,25.297363686439624
-0.0028064421209199114,0.0040011027637015355,0.205,302.8403606236192,0.0,0.0,1.1719822538923184,-2.8234236910934465,0.0,0.0,1.0,24.03606102024568
-0.0006309263686633884,0.0011303213766174099,0.205,303.24819945754064,0.0,0.0,1.3817301159675592,-1.1350457798222775,0.0,0.0,1.0,19.078476298234047
-0.006197730714433461,0.0011432639245704446,0.205,302.7472989645892,0.0,0.0,1.030343597720267,-0.8596582200780772,0.0,0.0,1.0,25.424958984647553
-0.0014023166371078459,0.0006943897068497523,0.205,303.2107507474843,0.0,0.0,1.3738040428708924,0.7744254741890336,0.0,0.0,1.0,19.480565850283664
-0.004080978104265195,-1.4415403168292805e-05,0.205,303.01691968501143,0.0,0.0,1.23811450403457,-1.4020335594003097,0.0,0.0,1.0,23.29526587736902
0.002168240394509652,0.0040101214108339885,0.205,302.97943903504193,0.0,0.0,1.2002161327990828,-1.12053013439407,0.0,0.0,1.0,22.82668202879471
0.000740561503074571,0.0029227952488788253,0.205,303.19213781013605,0.0,0.0,1.3089166112471726,-0.8463475617785704,0.0,0.0,1.0,20.37636634569034
0.0003370966595841269,0.005761567405843106,0.205,302.84502991465496,0.0,0.0,1.0872568291956708,-2.403951245634638,0.0,0.0,1.0,24.887020281385308
0.005704037299871089,0.003086218765872448,0.205,302.75766195483493,0.0,0.0,1.0096679415078018,-0.8291011043297248,0.0,0.0,1.0,25.00771761430614
0.004739902302628031,-0.0007381239031222929,0.205,302.9084535871503,0.0,0.0,1.179910975694405,1.021400397758793,0.0,0.0,1.0,22.974503864065202
0.00015149649030908716,0.005947461167654512,0.205,302.76246884056627,0.0,0.0,1.0686794510915856,-2.2624903972071673,0.0,0.0,1.0,23.565073371986276
0.0023953052359496183,-0.000687901400112373,0.205,303.1356007803689,0.0,0.0,1.3365788788403354,0.6705050811769055,0.0,0.0,1.0,19.29643961034443
-0.006230900621078932,0.0001996132231482059,0.205,302.74375408171477,0.0,0.0,1.0379067139745162,-1.1262670099698462,0.0,0.0,1.0,25.493329302240426
-0.0019267311384603934,0.001563573138713079,0.205,303.13496683993645,0.0,0.0,1.337099370313589,-1.4411459711123313,0.0,0.0,1.0,20.12212173285725
0.0022084531245684653,-0.0022949452009087016,0.205,302.97134959934414,0.0,0.0,1.2989233031125085,2.570040298818116,0.0,0.0,1.0,20.312291670031467
0.0011867484275706291,-0.0032210075238312116,0.205,303.0584658489737,0.0,0.0,1.283465927906675,1.5323959052862124,0.0,0.0,1.0,20.88414669557563
0.004472507985450597,-0.0012713330477316365,0.205,302.9152086455779,0.0,0.0,1.1925773134256965,-0.2455448322572398,0.0,0.0,1.0,22.85241445638408
0.0040107942929535,0.003595082169387832,0.205,302.9218246039445,0.0,0.0,1.125724834362243,1.6090224931039148,0.0,0.0,1.0,25.33906004172342
0.003825236194996676,0.0006242936781425733,0.205,303.1493222085568,0.0,0.0,1.2532267695773174,0.6806744979751251,0.0,0.0,1.0,23.134246756959875
0.0022920302630168336,-0.005541675361752445,0.205,302.8033207096387,0.0,0.0,1.0636276191150251,1.2004468675526103,0.0,0.0,1.0,25.15184534250623
-0.0013928537567011751,0.002513388893368192,0.205,303.0435347646868,0.0,0.0,1.3168733803747816,-0.5552704012347214,0.0,0.0,1.0,20.234888148594482
-0.0064100797441211535,2.9761052286765306e-05,0.205,302.729984117449,0.0,0.0,1.0182314887388604,1.039202396022797,0.0,0.0,1.0,25.621568728992642
0.0026138649099127554,-0.003289490405614513,0.205,302.94370734025557,0.0,0.0,1.228908219118929,0.7312517747983364,0.0,0.0,1.0,23.16235593842095
-0.004314200805360386,-0.004739780318126686,0.205,302.803462189622,0.0,0.0,1.0183388371082287,0.9511918571418037,0.0,0.0,1.0,25.2330512666834
0.0033040134734700017,0.0014148173173961544,0.205,303.08090094317953,0.0,0.0,1.272827558005845,-0.47022706005450465,0.0,0.0,1.0,22.371707044761926
-0.0011960874776699645,-0.004028130211375834,0.205,302.9349129799817,0.0,0.0,1.22887671772614,0.7177175648353205,0.0,0.0,1.0,24.409877484939273
0.004828427841892309,-0.0007686765716151592,0.205,302.96344535322044,0.0,0.0,1.1718041534106811,-1.0209357733280449,0.0,0.0,1.0,23.34497950277912
0.0037095954479110776,-0.00247531533555524,0.205,302.9633192855342,0.0,0.0,1.2083900114333095,0.3444349620195995,0.0,0.0,1.0,23.046437647603703
0.00473113298473675,0.0034748263548198956,0.205,302.8895786667035,0.0,0.0,1.0770192029738537,-0.9280781726302316,0.0,0.0,1.0,25.088089991770143
-0.004967265958879764,-0.0015131547507471407,0.205,303.05941709143866,0.0,0.0,1.1441495838381464,-0.07680252915866985,0.0,0.0,1.0,24.55757615049172
-0.0012475901345713103,-0.0026687130908266987,0.205,303.1385642068905,0.0,0.0,1.3128487475503796,-0.7781690522447392,0.0,0.0,1.0,20.753403794342386
0.006063273441490988,0.0010128791473970637,0.205,302.7695967196668,0.0,0.0,1.0474261478655202,0.6024658448445622,0.0,0.0,1.0,25.939654564742117
0.00255019279009167,-0.0008178807803097736,0.205,303.1194814149335,0.0,0.0,1.3272835497411692,-1.271947151959152,0.0,0.0,1.0,20.59459755532689
-0.0003130433808748184,-0.004586819854829488,0.205,302.9791312794317,0.0,0.0,1.1969793741442702,1.0227424364015727,0.0,0.0,1.0,24.521450386753788
-0.0050377366323708,0.003665967042798628,0.205,302.72735794324166,0.0,0.0,1.038312665901251,-2.0083777994860137,0.0,0.0,1.0,25.05607116112564
-0.0022692163221926945,0.005256538936834081,0.205,302.77638683981144,0.0,0.0,1.0919749462742916,0.1801779879759074,0.0,0.0,1.0,25.26187628585454
0.003664318982950375,0.003696805180471584,0.205,303.012581167871,0.0,0.0,1.1429757496307735,1.0365282810612633,0.0,0.0,1.0,24.822737208265075
-0.00169405617880657,0.0030230804097281273,0.205,303.0752699688942,0.0,0.0,1.2813475400639718,0.5077848662111861,0.0,0.0,1.0,22.686727113889056
-0.0031544372148634863,0.00452549094892774,0.205,302.85262964204895,0.0,0.0,1.1129914073792122,-1.982359008584182,0.0,0.0,1.0,24.767278911958503
0.0024609235807743256,-0.001955141409384726,0.205,303.01824728212256,0.0,0.0,1.301436424716566,0.6786952190803992,0.0,0.0,1.0,22.20183451307619
-0.0029902096145436614,-0.004209136422281744,0.205,303.002640974426,0.0,0.0,1.1469014212269182,-0.1949230172990571,0.0,0.0,1.0,24.764502625994634
0.005624644398623949,0.0026062548435069935,0.205,302.81313254175444,0.0,0.0,1.0417560647646342,0.5528921873325254,0.0,0.0,1.0,25.45423366566102
-0.0005934945895731955,-0.003000663132289388,0.205,303.11537354481237,0.0,0.0,1.3063956836893165,-0.9047479163746341,0.0,0.0,1.0,21.952899935584217
-0.0011694903906904488,0.004423143776836415,0.205,302.9272437353681,0.0,0.0,1.1988504439009884,-0.5485962152958741,0.0,0.0,1.0,24.670456262064484
0.0009789215509832336,-0.005314633143090535,0.205,302.8466283726744,0.0,0.0,1.1239959577275118,0.1977189318011428,0.0,0.0,1.0,25.06696504212534
0.0007795408060418972,-0.005802359632139499,0.205,302.82486716356243,0.0,0.0,1.0786487334110935,1.5964837429475949,0.0,0.0,1.0,24.79845618775757
0.000496390819600573,-0.002169761270868744,0.205,303.12127841083304,0.0,0.0,1.3488340319365868,-2.082989146868967,0.0,0.0,1.0,19.439084228500334
-0.0006240520850327484,0.0005915402011583936,0.205,303.21681822619894,0.0,0.0,1.391602223781949,1.3334721947850459,0.0,0.0,1.0,18.689929947276067
-0.00516839570450511,0.0029970764308260398,0.205,302.8401094509824,0.0,0.0,1.0660163717192026,0.27117045661465283,0.0,0.0,1.0,23.917703653508003
-0.0002524473807442838,-4.379069843650338e-06,0.205,303.3272720874972,0.0,0.0,1.3991815362161155,-1.6480836226150661,0.0,0.0,1.0,19.45337495998324
0.0006138951277307239,-0.0005370143531290126,0.205,303.2725945472862,0.0,0.0,1.392403958170449,0.14496697429438662,0.0,0.0,1.0,19.115320904696805
-0.0015182588979623175,-0.0020165872808218057,0.205,303.21691288943236,0.0,0.0,1.3350176419481306,1.4117210462999703,0.0,0.0,1.0,23.06312819396523
-0.004047464574240524,-0.001855273446571095,0.205,303.0386567100664,0.0,0.0,1.2089783455711012,0.06790689586734709,0.0,0.0,1.0,23.582098242297608
0.0025082974696828916,0.00583161969509108,0.205,302.74251027679276,0.0,0.0,1.0252136441115616,1.0643760092074857,0.0,0.0,1.0,26.797592735654625
0.003919118256555993,0.0022197439110897333,0.205,303.02449016258237,0.0,0.0,1.2047448210493157,1.351796022584236,0.0,0.0,1.0,25.12836185064355
0.0022398572523934087,-0.002699918645787817,0.205,302.9704861131746,0.0,0.0,1.278555114841527,0.25192994333085267,0.0,0.0,1.0,21.552822907195623
-0.005241658223264684,0.0015352894590358057,0.205,302.8306234038148,0.0,0.0,1.118356164328697,1.0129211172978079,0.0,0.0,1.0,25.18342804796589
-0.005370836470188101,0.0014193312804706988,0.205,302.836920929787,0.0,0.0,1.1091413585810546,1.03245080674327,0.0,0.0,1.0,25.945261140561737
0.005307400019850162,-0.0028674203225294488,0.205,302.7445340659663,0.0,0.0,1.0598344098759989,1.0653655762500522,0.0,0.0,1.0,27.39411522494375
0.0003688930656939624,-0.0037249195793663406,0.205,302.9440802429099,0.0,0.0,1.2626275812379113,-0.6757834213051448,0.0,0.0,1.0,23.409433310640118
-0.0026975961441123917,-0.00406064313460867,0.205,302.95431712533195,0.0,0.0,1.1730624655063668,0.23214660945031645,0.0,0.0,1.0,23.112145507882513
0.0008728253838859732,0.004199036313885397,0.205,303.0544358719582,0.0,0.0,1.2220954691155985,-0.5264078171995502,0.0,0.0,1.0,23.013429905374643
0.002300923805022652,0.0009605775572261381,0.205,303.1865983870842,0.0,0.0,1.33651811232295,1.1042966126265326,0.0,0.0,1.0,20.773535330064103
0.0017567901471549497,-0.0011763759199158012,0.205,303.1085920617789,0.0,0.0,1.3535956488197183,-2.4867891346870667,0.0,0.0,1.0,20.79315874706547
0.0003151775004919023,-0.0021229385837789865,0.205,303.18722495414835,0.0,0.0,1.3522551210583824,0.13277468706599266,0.0,0.0,1.0,21.826685720909442
-0.006359294940378098,0.0009975881542789427,0.205,302.7158099401042,0.0,0.0,1.0151798777763903,0.18110948370840416,0.0,0.0,1.0,25.183914736118776
0.0015120781450225671,0.0026418210265311175,0.205,303.1396155742499,0.0,0.0,1.3072571367744195,1.643911132745066,0.0,0.0,1.0,22.119783856600613
-0.001587544881591702,-0.004608113039360525,0.205,302.9685577096426,0.0,0.0,1.173160829147669,1.4457736305573492,0.0,0.0,1.0,24.24093702685384
-0.0011323270637158564,-0.006211717484109184,0.205,302.7937336661632,0.0,0.0,1.02902916857893,1.9342799491878837,0.0,0.0,1.0,26.721799385082132
0.003533654693685414,0.000983380847611055,0.205,303.12642787371686,0.0,0.0,1.2678241905127299,-0.4920258670512583,0.0,0.0,1.0,21.70086604963855
-0.005917027297094463,0.0013228847565051496,0.205,302.76175977618755,0.0,0.0,1.0565438555019886,1.8675047194877088,0.0,0.0,1.0,27.074517529264305
-0.00048784667806519677,0.0012208274915248467,0.205,303.2207078561377,0.0,0.0,1.3811844849643657,0.11399257440475163,0.0,0.0,1.0,18.082347305663177
0.0013788701402384247,-0.004770532737494733,0.205,302.9400341361348,0.0,0.0,1.1649653902428347,0.0988033747865053,0.0,0.0,1.0,23.853530823696406
0.0007677956806442704,0.006002422423995981,0.205,302.75698100731245,0.0,0.0,1.0578101118784529,0.25688888468719795,0.0,0.0,1.0,25.466203217252463
-0.0016418905347114737,0.001565517729080487,0.205,303.14814343731473,0.0,0.0,1.3469483231432129,-2.0587936419243396,0.0,0.0,1.0,20.97012712913518
0.003572547587263672,0.0021299985574509623,0.205,303.1141925325264,0.0,0.0,1.2321604711589422,-1.38337432492661,0.0,0.0,1.0,24.247270628133787
-0.0009119804728475711,-0.006314061738015991,0.205,302.808621497747,0.0,0.0,1.021682794856478,0.5363118063462334,0.0,0.0,1.0,24.432365252839734
-0.0008923402224877164,-0.004821941560145645,0.205,303.0139387621297,0.0,0.0,1.1705092082399327,0.10597722342716796,0.0,0.0,1.0,24.0835788983817
0.0008024252458728662,0.0063339818770494286,0.205,302.8348755577537,0.0,0.0,1.0211165161090594,-0.8895705479012583,0.0,0.0,1.0,27.236137676854
-0.0016171608262473534,-0.001207460953467372,0.205,303.26252742767866,0.0,0.0,1.3575197846587497,-0.4028762068347171,0.0,0.0,1.0,21.185664079783983
0.004112376826809852,-0.0023211607008058184,0.205,302.8347281505134,0.0,0.0,1.186385973425639,-1.925596226870196,0.0,0.0,1.0,23.68890458440288
0.003891644431854302,-0.0008084801000459414,0.205,302.98409643901715,0.0,0.0,1.2460297895996202,0.2303133449721477,0.0,0.0,1.0,22.673864318554898
0.005135327582499118,-0.0005869112734307462,0.205,302.8598358165041,0.0,0.0,1.1463794793183775,-0.32361773243105924,0.0,0.0,1.0,24.506552335082002
4.121372090010614e-05,-0.00027799373059665027,0.205,303.2317547775781,0.0,0.0,1.398996800787213,-0.38219540545772923,0.0,0.0,1.0,18.760084675621673
0.005183191568756309,-4.563691493024004e-05,0.205,302.9148494333149,0.0,0.0,1.1450133354276615,1.773475650411639,0.0,0.0,1.0,24.941230736919643
-0.0036012494919679928,-0.005321294680991545,0.205,302.76154516353364,0.0,0.0,1.0165090560972887,0.06302295819580361,0.0,0.0,1.0,26.847789279328975
0.004123563485696973,0.003372122605135029,0.205,302.9564701947627,0.0,0.0,1.1314410857277928,-0.9916305754654356,0.0,0.0,1.0,26.08498256306324
-0.0026369298145007486,-0.0025114710825964665,0.205,303.15604166470433,0.0,0.0,1.2696249166517446,-0.37341096201903,0.0,0.0,1.0,22.25063986543666
-0.0017166614094055628,0.004531867071391324,0.205,302.86944170960095,0.0,0.0,1.1756132256289773,2.05608822044666,0.0,0.0,1.0,22.77837765461265
-0.0007042573390877311,0.0014395986180087506,0.205,303.1698824438142,0.0,0.0,1.372588434144148,-0.4374174152074391,0.0,0.0,1.0,19.61792338883807
-0.005159164538304757,-0.002071079645807917,0.205,302.8955670091486,0.0,0.0,1.108729824794534,2.92286045936162,0.0,0.0,1.0,24.7580730511675
0.0003446282976966062,8.095915274890105e-05,0.205,303.3813439114278,0.0,0.0,1.3984444639130091,-0.875599836466503,0.0,0.0,1.0,16.659563792384674
-0.004736098619838499,-0.003613882534413661,0.205,302.8403359924562,0.0,0.0,1.0678299875561714,0.7823097527840684,0.0,0.0,1.0,24.841489317457626
-0.005557827827663977,-0.0032877808933905327,0.205,302.7608117177102,0.0,0.0,1.0128586268815154,2.0851586770378057,0.0,0.0,1.0,25.095422851523196
0.001983729392929462,0.0007307777163245944,0.205,303.24187233399635,0.0,0.0,1.3536050526405936,0.8207965150919166,0.0,0.0,1.0,20.723648847611376
-0.004906175836876227,-0.0010970658589871168,0.205,302.862445617066,0.0,0.0,1.15940153835403,1.2623655413467425,0.0,0.0,1.0,24.072559685462625
-0.0015447183476526316,-0.006082694943328996,0.205,302.7345184725457,0.0,0.0,1.0332936078546515,-1.256416236459388,0.0,0.0,1.0,26.270202816710267
-0.003979033211364877,-0.0036813667697824784,0.205,302.89987119652164,0.0,0.0,1.1223661352108856,-0.0645784698451746,0.0,0.0,1.0,23.418689562993343
0.0028445209264139583,-0.004299483369235931,0.205,302.8020441988024,0.0,0.0,1.1476350013648646,-1.2881069822394264,0.0,0.0,1.0,24.87882889030127
-0.003766600711126071,-0.0036494886275993087,0.205,303.0392204141835,0.0,0.0,1.139260109681163,0.7085318268639057,0.0,0.0,1.0,24.732643504809907
0.00012185528449307812,-0.0006796868972992355,0.205,303.3505879016058,0.0,0.0,1.3944640773204717,1.4792744205853328,0.0,0.0,1.0,21.708565960595507
-0.0019807201316656316,-0.0025947479747458592,0.205,303.11550771259687,0.0,0.0,1.2940834071837162,-0.3656416308209825,0.0,0.0,1.0,21.287741436607394
0.0018998894153401168,0.001767853425428876,0.205,303.16487018752014,0.0,0.0,1.3315041283454734,-0.28721690081478196,0.0,0.0,1.0,21.66943627793197
-0.006345852429439732,0.0011621165216186085,0.205,302.6792987038929,0.0,0.0,1.0135518709926832,-0.907568302502336,0.0,0.0,1.0,26.730273788846073
-0.0033688458250138,0.00025105259468181224,0.205,303.1333536352906,0.0,0.0,1.2869554127103564,-0.2362017874457796,0.0,0.0,1.0,22.596146175881646
-0.0014078257074477156,-0.0016749361964258837,0.205,303.2841445508812,0.0,0.0,1.3504727651096156,0.8453395150686732,0.0,0.0,1.0,19.37813930095601
-0.00152890563384581,0.005789972063724955,0.205,302.7984276834541,0.0,0.0,1.0645361322643185,2.0057368120488706,0.0,0.0,1.0,24.478166930597723
-0.0017971375089489417,-0.002332384610192215,0.205,303.16676750665414,0.0,0.0,1.312932602297668,0.925152371944824,0.0,0.0,1.0,21.968315131739416
-0.0021680879435719675,-0.0013084557043681253,0.205,303.2195219986222,0.0,0.0,1.334621176706366,1.5270411843136449,0.0,0.0,1.0,20.483153437269593
-0.0032262777465565493,3.616162591450221e-05,0.205,303.0706229317862,0.0,0.0,1.2964057028271003,2.0599296137458385,0.0,0.0,1.0,23.586735683089376
0.002622275212449746,-0.0008587963122368249,0.205,303.13426716966666,0.0,0.0,1.3230381949411552,1.191429543702319,0.0,0.0,1.0,23.14079698709484
-0.0015840225670244576,-0.0015280027308048015,0.205,303.2865057701017,0.0,0.0,1.349917293607933,1.8972444097385033,0.0,0.0,1.0,21.914269547517293
-0.0001654684919355476,0.00556380759859164,0.205,302.8919743345986,0.0,0.0,1.1080406140559185,0.10448218489281022,0.0,0.0,1.0,23.975584795746624
-0.001620324639613837,-5.102463493944817e-06,0.205,303.1830142433274,0.0,0.0,1.372010273844318,-2.0316330130700986,0.0,0.0,1.0,20.77365804685314
0.002367246426887354,0.005749753700357235,0.205,302.8888476732074,0.0,0.0,1.0396810982167441,-2.676174449588513,0.0,0.0,1.0,26.47109390559324
-0.005166685252639254,-0.0032338648685831294,0.205,302.88304921942205,0.0,0.0,1.0530718538498194,-2.108436035898144,0.0,0.0,1.0,25.690355185441852
0.0006010968651012057,0.0049959074638585245,0.205,302.86364538454353,0.0,0.0,1.1589828940266684,-0.47133939612993037,0.0,0.0,1.0,25.536529140146598
-0.001966251291424244,-0.00023537330403813908,0.205,303.2833069097548,0.0,0.0,1.3590234864456978,1.4869974622582347,0.0,0.0,1.0,20.926129045923524
-0.006270716780361949,4.048603087567836e-05,0.205,302.76218055480666,0.0,0.0,1.033840302267305,-1.28498555891372,0.0,0.0,1.0,25.78958402085153
0.004194865268201424,-0.004267241459699918,0.205,302.71907316280084,0.0,0.0,1.0650256745310358,0.3714978105983628,0.0,0.0,1.0,26.473566039976397
-0.0009595770584055656,0.0020246228756441776,0.205,303.1815564322729,0.0,0.0,1.348190447081919,-1.6003643866705293,0.0,0.0,1.0,19.695789918333922
0.0015840697564175569,0.0021107390527154526,0.205,303.2273106950465,0.0,0.0,1.3292875445273977,0.5582318219874225,0.0,0.0,1.0,22.64571405105683
0.0020551145422714498,0.0031312158987884,0.205,303.1272022857848,0.0,0.0,1.262470166512472,-1.3926030421177604,0.0,0.0,1.0,21.46785867801217
0.003555971315906429,-0.0032233663309725645,0.205,302.8272352543162,0.0,0.0,1.1796972602429936,1.4874135168764668,0.0,0.0,1.0,22.477738057242888
0.004864344580726866,-0.002882623414886248,0.205,302.77575556715516,0.0,0.0,1.0992027777522655,0.28104376007240306,0.0,0.0,1.0,24.87319663866308
0.003936525066232264,-0.003576331299948718,0.205,302.80790171284565,0.0,0.0,1.1322378899788228,-1.5231081763441614,0.0,0.0,1.0,24.201450248265783
-0.0006791986794647429,0.004327581758788785,0.205,302.9812874240555,0.0,0.0,1.214793458507168,2.587487813871516,0.0,0.0,1.0,24.038362304133074
0.0015669408999545772,-0.004535134126754891,0.205,302.8911179571089,0.0,0.0,1.1798088075207727,0.549966724360682,0.0,0.0,1.0,24.342110127827535
0.0024050639013855992,-0.005718057029948073,0.205,302.7882660581524,0.0,0.0,1.0413015893409028,-2.453649309475593,0.0,0.0,1.0,25.09261880632694
0.0009581651854475851,0.005405371712980318,0.205,302.9910977932587,0.0,0.0,1.1156300430792918,0.4959922271946675,0.0,0.0,1.0,25.137345393755705
0.0022294971480851205,0.0036020887341953415,0.205,302.9933804812878,0.0,0.0,1.2262146789479575,-0.4920273163747433,0.0,0.0,1.0,23.972835391732442
0.003281160146699248,-0.004820804154405367,0.205,302.8067671971638,0.0,0.0,1.0810442326832461,0.12123087665064447,0.0,0.0,1.0,25.690260185207162
-0.001939582317998855,0.0012660389097346163,0.205,303.13076621485885,0.0,0.0,1.3448139677626525,1.5701107928717704,0.0,0.0,1.0,21.01166062725157
0.004170190559108972,0.004456703703939444,0.205,302.84343937367686,0.0,0.0,1.052183223600126,-1.3927603381135574,0.0,0.0,1.0,26.21029175565444
6.953189507813178e-05,0.005701241199403083,0.205,302.8379967820243,0.0,0.0,1.09439958448596,0.5352430510144662,0.0,0.0,1.0,25.340566914162142
-0.002176414440062843,0.0008246190613398469,0.205,303.14025703572656,0.0,0.0,1.3443064946222607,-0.680658019865262,0.0,0.0,1.0,22.400295741322733
-0.0030339769648105312,-0.002307481701996401,0.205,303.0804157682049,0.0,0.0,1.2578036380426632,-0.10898288827574228,0.0,0.0,1.0,22.018876703540307
-0.0003689988736053374,-0.0020556259079467405,0.205,303.27519873306125,0.0,0.0,1.35466546334374,-0.07588462704981265,0.0,0.0,1.0,19.64744672478383
-0.005873228372420753,-0.000754583252264276,0.205,302.7521322161342,0.0,0.0,1.0716239197272788,1.7551170463337564,0.0,0.0,1.0,24.958310035706035
0.004801789367026048,0.00286752599260127,0.205,302.87184619651697,0.0,0.0,1.105386530365018,0.17530127651937819,0.0,0.0,1.0,24.979957801795592
-0.002936737422399767,0.003124512747542671,0.205,302.9291833731537,0.0,0.0,1.2221572481863237,-1.1358897897355655,0.0,0.0,1.0,22.180742717845845
0.0034618957504860834,-0.0029163481555815685,0.205,302.94371831727807,0.0,0.0,1.2028886197937876,-0.07912210314810667,0.0,0.0,1.0,22.65745463012539
-0.002429887880130146,-0.0010901750155826566,0.205,303.2225700049726,0.0,0.0,1.3280501900746513,0.12483301278617409,0.0,0.0,1.0,21.235424160267495
0.005165697630844651,0.0022543099923926944,0.205,302.82418441202634,0.0,0.0,1.1010355271294407,-0.08070461613920892,0.0,0.0,1.0,24.575037723027275
0.001131901056494441,0.0031435430593645098,0.205,303.14809149321877,0.0,0.0,1.2893006947733823,-0.616450927698437,0.0,0.0,1.0,22.57470184899205
-0.003547492700096515,-0.0018158280761651224,0.205,303.0339253768611,0.0,0.0,1.2452577310741797,0.6800565685107117,0.0,0.0,1.0,22.524631278011267
0.005654318296284806,-0.0027282142007062013,0.205,302.67141564321213,0.0,0.0,1.0330359026975606,-0.13595187692120433,0.0,0.0,1.0,26.168028429958554
-1.3535055544107875e-05,-0.005589279951046744,0.205,302.8642496831531,0.0,0.0,1.105741343331648,0.21712452776107102,0.0,0.0,1.0,25.710079325909028
-0.004283149388299554,0.0011574161430072888,0.205,302.95623873354043,0.0,0.0,1.2102512448519052,0.03973575332238487,0.0,0.0,1.0,23.116718914163602
0.004773861826043186,0.003768595783352613,0.205,302.8960150700093,0.0,0.0,1.0544953457435586,-0.8222246162941997,0.0,0.0,1.0,26.875563176948813
0.0010296833173531065,-0.0015861056409682036,0.205,303.2097222755025,0.0,0.0,1.3624615892168463,0.8787547755034238,0.0,0.0,1.0,20.031458978587516
0.005762534849787387,0.002148681329725381,0.205,302.832710007234,0.0,0.0,1.0471209808739241,2.279256263729379,0.0,0.0,1.0,24.8479599953164
-0.0001115021288072389,-0.005212468976594844,0.205,302.9174060340888,0.0,0.0,1.142176762334495,-1.2968154720135308,0.0,0.0,1.0,24.05205486849927
-0.004671575367710155,0.003845389307194705,0.205,302.6639376076283,0.0,0.0,1.05788068657922,-0.4125697553535204,0.0,0.0,1.0,23.747503638327323
-0.0009120699740802214,-0.0005046357182588257,0.205,303.34252092084176,0.0,0.0,1.3878943005599174,-0.24368674165057233,0.0,0.0,1.0,20.690762227366168
-0.00611149830130994,0.0012774981708048034,0.205,302.7310918683567,0.0,0.0,1.03685842531381,0.38163695912407486,0.0,0.0,1.0,25.307252837443173
-0.004560406603528762,0.002191356619865111,0.205,302.84575238186846,0.0,0.0,1.1564611693111788,-0.6517298671023514,0.0,0.0,1.0,23.80902332563372
-0.0012245433700002457,0.0031975058526082217,0.205,303.0585984637566,0.0,0.0,1.284027003807201,0.5772854312152716,0.0,0.0,1.0,21.712569209571747
-0.004022459745758619,-0.004315379099963524,0.205,302.7935522040571,0.0,0.0,1.0739511043062586,-2.502106637039841,0.0,0.0,1.0,25.38442766223771
0.00011969929556803463,0.002085143198973723,0.205,303.22818873704773,0.0,0.0,1.354661592371983,-0.4274980109711168,0.0,0.0,1.0,19.398782127237457
0.0008573383583107218,-0.004040035267753654,0.205,302.92774292057777,0.0,0.0,1.2344016036414216,1.2240824616513808,0.0,0.0,1.0,22.044130420631475
-0.0009376510466788939,-0.0015240617565628622,0.205,303.35394073303263,0.0,0.0,1.3662016897861229,-1.4390913690445106,0.0,0.0,1.0,20.663892130272785
-0.00020043389693950525,0.0018863120666315187,0.205,303.2153211196742,0.0,0.0,1.3622385576742868,-0.7202114940741173,0.0,0.0,1.0,21.082982106534594
0.00014486777773856622,0.0028297902564339344,0.205,303.152145438104,0.0,0.0,1.3190599187347387,0.009375391160942513,0.0,0.0,1.0,20.42246260260713
-0.00137060770396648,-0.0001076526695684033,0.205,303.25945939174426,0.0,0.0,1.3795156048359338,3.3076304882374328,0.0,0.0,1.0,20.54901054228567
0.0019025212867028803,0.0003528419164081771,0.205,303.26244058330974,0.0,0.0,1.360787090491055,-0.14409395871701275,0.0,0.0,1.0,20.16333539248776
-0.0022223881539270318,-0.00338536599934869,0.205,303.07839417271157,0.0,0.0,1.2404689950154308,-0.3429259887094351,0.0,0.0,1.0,23.21340511090561
0.0030423490778394603,-0.0004609207120043887,0.205,303.1292709633668,0.0,0.0,1.3053303744261675,-1.2801599811425362,0.0,0.0,1.0,20.53700890335738
-1.910295091891944e-05,-0.006425418715268838,0.205,302.77343538623444,0.0,0.0,1.0164985056322855,-1.809299460391091,0.0,0.0,1.0,24.36359752425978
-0.0034589667282821828,0.00408940680938747,0.205,302.79639722758895,0.0,0.0,1.1286301357528148,0.2998992990010469,0.0,0.0,1.0,24.55723733592423
-0.004373811963658715,-5.3726884199532245e-06,0.205,303.0011187521337,0.0,0.0,1.2153346057889665,0.40848148452608557,0.0,0.0,1.0,24.63692732073596
0.004316450504903518,-0.0036257531056365705,0.205,302.8090223084491,0.0,0.0,1.1009328431719945,-0.5636976444460392,0.0,0.0,1.0,25.387130594496615
0.0006704034860163231,-0.006363951744991052,0.205,302.7571985102143,0.0,0.0,1.0194733518553256,-0.957281987790436,0.0,0.0,1.0,26.66676907115012
0.0015737980574429343,0.002927827741980984,0.205,303.157059551153,0.0,0.0,1.2903753809279974,-1.0690420992978804,0.0,0.0,1.0,21.85493340130962
-0.0057929400772418465,0.0005519536475689597,0.205,302.81757029239776,0.0,0.0,1.0823217337175457,-1.6023309469546407,0.0,0.0,1.0,24.188982472508272
0.0007280638409758318,0.005560828219833063,0.205,302.86873315884645,0.0,0.0,1.1038387842552986,1.2629314116755048,0.0,0.0,1.0,24.80996257253863
-0.00034661093109639683,-0.0057919652481143455,0.205,302.8996348610484,0.0,0.0,1.0840670705439013,-0.5890689037138218,0.0,0.0,1.0,26.155818392055618
-0.0015052070456070322,-0.0025210896808671424,0.205,303.16570039592204,0.0,0.0,1.3133923284206472,-0.1497530622841956,0.0,0.0,1.0,22.382154622092628
0.0024678584664448956,0.0031879623564241284,0.205,303.0771590553275,0.0,0.0,1.2418211375380337,-1.1568867539700343,0.0,0.0,1.0,23.740376848865694
-0.0027816103866178774,-0.004945845143158632,0.205,302.8900816786898,0.0,0.0,1.0971708835236746,0.935599323625398,0.0,0.0,1.0,23.995990938459816
-0.0020547676756872612,0.00028431424767724685,0.205,303.1103746989549,0.0,0.0,1.3552467747363641,-0.3463656247506875,0.0,0.0,1.0,20.446685954691034
-0.003190571106800017,0.0003810960589941653,0.205,303.03151591013153,0.0,0.0,1.2972112995485883,-0.5578756043048994,0.0,0.0,1.0,22.70370520639535
0.0018461072400935271,-0.00620349816902321,0.205,302.7746102228595,0.0,0.0,1.0111605504254362,1.3328024776087732,0.0,0.0,1.0,25.747328835406844
0.002218790954819847,-0.0026296924636306108,0.205,303.02203328006,0.0,0.0,1.2829487346631219,-0.2983251870543508,0.0,0.0,1.0,23.07694463266964
0.0009104161745559411,0.003819204540784286,0.205,303.0350028369578,0.0,0.0,1.2495812813904292,1.5334333172098513,0.0,0.0,1.0,23.66844287324428
0.002421443715334536,-0.002921277810834358,0.205,302.98337347861144,0.0,0.0,1.259033354719269,-0.2730743443770176,0.0,0.0,1.0,22.473801292112103
0.0027895856017682713,0.004308977844650269,0.205,303.0384211878042,0.0,0.0,1.1496902077886706,1.2342532711716372,0.0,0.0,1.0,24.08653042706763
-0.002285879483222242,-0.003523199683113103,0.205,303.01657915999465,0.0,0.0,1.2290450048379837,-1.8154501937249419,0.0,0.0,1.0,22.00046687043557
0.00425674274761215,-0.003290399156571707,0.205,302.8750666267482,0.0,0.0,1.12630418073227,1.164330501871624,0.0,0.0,1.0,24.585017218414123
-0.003574324702972205,-0.00012745745588479704,0.205,303.1501232558632,0.0,0.0,1.2740078207465617,0.41288685576914125,0.0,0.0,1.0,22.512364204930677
-0.0018371712427256786,0.002134041344394338,0.205,303.0007068053702,0.0,0.0,1.3200118982590963,-2.3049128514590316,0.0,0.0,1.0,23.774112323609856
-0.002874280077801604,-0.002553532427191827,0.205,303.0272644364396,0.0,0.0,1.2554568172962481,0.4361069347465308,0.0,0.0,1.0,23.958134880485648
-0.000556697526228865,-0.002389018143999598,0.205,303.22443965230457,0.0,0.0,1.3384562960889328,-0.36599716580562125,0.0,0.0,1.0,21.361463070498623
-0.0023448042243897336,0.0009183115989894702,0.205,303.16210629135827,0.0,0.0,1.335311545061959,-0.36274960133944856,0.0,0.0,1.0,21.1921002502402
-0.0045071532591474265,-0.0009181793476505902,0.205,303.017806887014,0.0,0.0,1.196791670413592,2.058404497689686,0.0,0.0,1.0,23.666076834482514
0.004849918634564893,0.004189015205988398,0.205,302.7880964607056,0.0,0.0,1.0184119826645068,-0.02121264584322758,0.0,0.0,1.0,27.214928875515255
0.0013224059987736931,-0.002937591521359917,0.205,303.0710905108123,0.0,0.0,1.2967080001587945,0.029822728690824987,0.0,0.0,1.0,22.928241384722487
-0.0008436900162575901,-0.00610769864997605,0.205,302.7893396424093,0.0,0.0,1.04541809449679,0.6364934600875471,0.0,0.0,1.0,26.511072866992897
-0.003944160114165124,0.0030636953429854395,0.205,302.8732185140022,0.0,0.0,1.1624003529476001,1.2032219644343771,0.0,0.0,1.0,24.87510654226336
-0.0003419454986851528,0.002638705306357586,0.205,303.14603856934093,0.0,0.0,1.3281768646517331,-0.9674163771788202,0.0,0.0,1.0,21.179351242394848
0.0030737489861984474,0.004719959902645327,0.205,302.9579150619068,0.0,0.0,1.1013966682612317,0.8835414007754139,0.0,0.0,1.0,24.535962257554115
-0.0015009519831228094,0.001163194722735853,0.205,303.057716150796,0.0,0.0,1.3621634734657706,-0.5956884036041701,0.0,0.0,1.0,20.22643238888635
-0.0010463408695436172,0.0041285232570365095,0.205,302.9766216392592,0.0,0.0,1.22443194509846,-0.23641340178056494,0.0,0.0,1.0,23.073280426672746
0.00023015487102455914,0.005938562181364288,0.205,302.8530649616656,0.0,0.0,1.0693531299134997,0.9732900636278576,0.0,0.0,1.0,25.60926064311503
-0.00012159775778257936,0.004489641199052619,0.205,302.9212573131571,0.0,0.0,1.205797269916802,-1.294532630795189,0.0,0.0,1.0,22.99317027851982
0.0047061754774538654,0.004097449844358886,0.205,302.8182821382891,0.0,0.0,1.0372587128629032,1.2039470340681702,0.0,0.0,1.0,26.450351829329062
-0.006114840683340105,-0.000849111130525726,0.205,302.76620691804715,0.0,0.0,1.0445633353116994,0.5933649557910394,0.0,0.0,1.0,24.996126229668143
0.0017007688600206065,-0.004033097505992497,0.205,302.9142476163368,0.0,0.0,1.215075732677734,-1.0147226860963807,0.0,0.0,1.0,23.383815564313988
-0.0008714430264986107,-0.001182315413598075,0.205,303.3095434597558,0.0,0.0,1.3767746432120305,-1.0127923245116828,0.0,0.0,1.0,18.82099919895297
-0.0019409683871384512,0.0018968838468441471,0.205,302.97977992193387,0.0,0.0,1.325424821418102,-2.547394673595394,0.0,0.0,1.0,21.22556852365444
0.003087733003322951,0.004926333986192155,0.205,302.8282447921808,0.0,0.0,1.0828560114068273,0.1720882194334694,0.0,0.0,1.0,23.773446317475837
0.00426085104508083,-0.0019254708958858643,0.205,302.93841192133624,0.0,0.0,1.1903660807107346,-1.9880143151964038,0.0,0.0,1.0,22.913965344363156
-0.001070886458993437,-0.00555386997207988,0.205,302.8422056191671,0.0,0.0,1.0990159468896894,2.6248123279385576,0.0,0.0,1.0,25.24642138884941
0.004732976192450691,0.0036036844102704537,0.205,302.8319324080686,0.0,0.0,1.068747395636505,0.9906576463339101,0.0,0.0,1.0,23.523386186560202
0.001035568738704523,-0.005795056241366236,0.205,302.79473057915084,0.0,0.0,1.0752648924397596,1.5082291826599385,0.0,0.0,1.0,24.287349040445108
-0.0026317687478200078,0.0010261303844135217,0.205,303.077110169157,0.0,0.0,1.3195345390888182,-0.260102632258571,0.0,0.0,1.0,22.03013267979676
-0.0046754546827138905,0.0031423342335599367,0.205,302.83022071967645,0.0,0.0,1.1013234692849057,2.4251730529285718,0.0,0.0,1.0,24.457853165839914
-0.00011926128600079356,-0.002390707549896315,0.205,303.19327711253777,0.0,0.0,1.3412542572124162,-0.9692080727802219,0.0,0.0,1.0,21.19475117378059
-0.0004900372830801944,0.003210613187933787,0.205,303.12695911541374,0.0,0.0,1.2951015444602603,1.5860875295894161,0.0,0.0,1.0,21.51705306978154
-0.0016211222525400004,3.933932201524565e-05,0.205,303.1816976631513,0.0,0.0,1.37196868104786,-0.9945140619515682,0.0,0.0,1.0,21.560100583158395
-0.00024155165971363223,-0.0035501355224725343,0.205,303.0652810836495,0.0,0.0,1.275226696506757,0.5380476037952079,0.0,0.0,1.0,22.99160966564371
0.005503971789128044,0.00024809444435304885,0.205,302.8486216921467,0.0,0.0,1.1136660143969281,0.3073421225725502,0.0,0.0,1.0,24.85617719026752
-0.0011242746568797123,-0.005096469862358018,0.205,302.9224842973344,0.0,0.0,1.141674592953582,2.5747142155810683,0.0,0.0,1.0,23.590908555563765
-0.006005008523236021,0.0008068814409506813,0.205,302.77494056799964,0.0,0.0,1.0569881113113828,2.171859007342939,0.0,0.0,1.0,25.309674219594047
0.0006214498098611423,-9.13456251864338e-05,0.205,303.284440555471,0.0,0.0,1.3953757506427873,-0.7780376613438472,0.0,0.0,1.0,17.96872601555155
-0.0027144957807831134,0.003233440421451429,0.205,303.0249679469289,0.0,0.0,1.227337944130423,-0.3140575204370269,0.0,0.0,1.0,23.224217317920257
-0.0006025498264692239,-0.006169990710046612,0.205,302.73076945353046,0.0,0.0,1.0417324834259893,-0.14101229011246133,0.0,0.0,1.0,24.67311744771116
-0.0036139386677054392,0.0023901490939873915,0.205,302.8401402898462,0.0,0.0,1.2186090081054348,-0.6347018032134354,0.0,0.0,1.0,21.661420606617575
0.0036885352610102236,-0.004201481404379576,0.205,302.8446908763601,0.0,0.0,1.1055847080808443,1.7364421150457292,0.0,0.0,1.0,24.166611689663707
0.000680785937492312,0.0013177807376032252,0.205,303.27114841535735,0.0,0.0,1.3763377981278477,-0.9371251396953075,0.0,0.0,1.0,20.334865298041233
0.0018511359490487054,0.004896023131004483,0.205,302.98906869692445,0.0,0.0,1.1402355025963389,-1.324130866189096,0.0,0.0,1.0,23.806276728065388
-0.0036407212826075454,-0.005275102383587858,0.205,302.75982618582486,0.0,0.0,1.0183060855014694,-1.0055303049999207,0.0,0.0,1.0,26.456310736990787
-0.0034786943074114882,-0.0011859534120782554,0.205,303.12063640922014,0.0,0.0,1.2673198153601393,1.3166832553735395,0.0,0.0,1.0,21.897278344597797
-0.002829607458221216,0.0023509638975659,0.205,302.96611445842984,0.0,0.0,1.267078051013394,-1.268704013827931,0.0,0.0,1.0,22.442456243068005
0.006110276132295842,-0.001338376495319455,0.205,302.7612680382365,0.0,0.0,1.0355814098739016,-0.7719686205993477,0.0,0.0,1.0,27.282033198583456
-0.004094202124924546,0.001433860471857911,0.205,302.9571555153506,0.0,0.0,1.218195228041109,-1.3140129689782791,0.0,0.0,1.0,21.802346620891747
-0.0016633241907399753,0.005133437623858073,0.205,302.8609771184226,0.0,0.0,1.1247572406925315,0.6872259691583407,0.0,0.0,1.0,25.315369044188483
0.006414637217387171,0.0003709679021687422,0.205,302.71658702350123,0.0,0.0,1.0165089428823395,0.5846537278062492,0.0,0.0,1.0,26.612118736325794
0.003922130039458503,0.001397888978816129,0.205,303.01832990434144,0.0,0.0,1.2318175617072253,-0.9977991351954179,0.0,0.0,1.0,22.14521635193297
0.002364351636617081,-0.004483083205113001,0.205,302.8973284302782,0.0,0.0,1.1556583073167768,2.1417079353998183,0.0,0.0,1.0,25.153532500795386
0.001647176457078124,0.000834772692185148,0.205,303.28193123658633,0.0,0.0,1.364118410595005,0.2397619251461428,0.0,0.0,1.0,22.36547538967618
0.0016355550965925195,-0.005291520204765729,0.205,302.76220571931213,0.0,0.0,1.1107994734539866,-0.5559256717453004,0.0,0.0,1.0,23.758446753536514
0.0009907724942070672,0.0058293634481824605,0.205,302.83759952051145,0.0,0.0,1.072523437017524,1.9216905708739995,0.0,0.0,1.0,27.017038621558847
6.303468282654568e-05,-0.00046357450168689116,0.205,303.25262856825583,0.0,0.0,1.3973579778402234,-0.42622390370838886,0.0,0.0,1.0,18.255393293586838
0.003361696323739296,-0.003436108926492139,0.205,302.8792286686795,0.0,0.0,1.1790356588010649,-1.5629570750817987,0.0,0.0,1.0,23.057374192310494
-0.0011977238949658312,-0.005149555116616177,0.205,302.9386987622385,0.0,0.0,1.1352416117221276,2.343998553568357,0.0,0.0,1.0,23.035476610779202
-0.004425383649067898,0.0006469862732495113,0.205,302.95891037133384,0.0,0.0,1.2073437697629759,-1.0826255751770786,0.0,0.0,1.0,23.019568705052755
0.0009294611695514921,-0.0029920686503018047,0.205,303.0779180577256,0.0,0.0,1.3020275014698053,-0.027841612841479454,0.0,0.0,1.0,21.558382639539776
0.003994648281473762,0.004371417788475075,0.205,302.88284794757107,0.0,0.0,1.0716034485765127,-0.032412480371649795,0.0,0.0,1.0,25.232818181325637
-0.004985160531488162,-0.0028666687537651885,0.205,302.8554026094436,0.0,0.0,1.0893950485668593,-0.7869309536304937,0.0,0.0,1.0,24.974828731940992
-0.004462750353775329,-0.003988016990945611,0.205,302.84244990681003,0.0,0.0,1.0648996879988073,-0.5323057224750548,0.0,0.0,1.0,24.310539483147675
0.003600388769195044,0.001423825878095818,0.205,303.0760305726857,0.0,0.0,1.2535246897566301,-2.265617395884955,0.0,0.0,1.0,22.119399581696893
0.00480210803213607,-0.002850582162499371,0.205,302.83959872499923,0.0,0.0,1.1062261215785305,1.7192799945383366,0.0,0.0,1.0,26.3627459007937
-0.005052053780200446,0.0011456509349160762,0.205,302.9251399477326,0.0,0.0,1.1452999988789714,0.7659150999819774,0.0,0.0,1.0,22.791393046235417
0.001898885188856455,-0.0005034833627381025,0.205,303.17781290040097,0.0,0.0,1.3596420057137522,1.394209806583713,0.0,0.0,1.0,22.239650633920157
0.004116660365065914,0.002030507071058047,0.205,303.019792133886,0.0,0.0,1.197591339454502,0.5563818462356102,0.0,0.0,1.0,23.182533962581292
-0.001869193495734256,-0.0004056044547440665,0.205,303.16109829543524,0.0,0.0,1.3616401200621684,0.9542909391232054,0.0,0.0,1.0,20.671369757007863
0.0014832184870890584,-0.003583375212385432,0.205,302.9567993806593,0.0,0.0,1.2530565402549871,0.3551999911989226,0.0,0.0,1.0,21.44579657644412
-0.0028648691153510424,-0.0025950507667609943,0.205,303.12732543797136,0.0,0.0,1.2539732379566348,-0.24907028153223654,0.0,0.0,1.0,21.472502166672243
0.004653007284703618,-0.003669720968706023,0.205,302.74050242330827,0.0,0.0,1.0711513302954292,0.7625991035497931,0.0,0.0,1.0,24.849233418404193
0.004916618324621547,0.00014909721353516874,0.205,302.91532451191256,0.0,0.0,1.169167863647704,0.6872373400057832,0.0,0.0,1.0,24.590058266417625
0.003119562320849985,0.004505320943511966,0.205,302.87531351323065,0.0,0.0,1.116585173979226,0.21343354646883875,0.0,0.0,1.0,23.164470757827377
-0.001442209146069127,0.004899425100246837,0.205,302.767410300345,0.0,0.0,1.1520800663816824,-0.4708343388928842,0.0,0.0,1.0,25.431635065808
0.001249002660895379,0.0004247729532407609,0.205,303.3017866039533,0.0,0.0,1.3810601417840513,0.45057213044596256,0.0,0.0,1.0,19.237367585144792
-0.001908109811560699,-0.00038424809779625385,0.205,303.23454803333584,0.0,0.0,1.360345009902056,2.488543887407272,0.0,0.0,1.0,20.431648203613435
-0.005197440236305167,-0.002643654359864189,0.205,302.9376351640797,0.0,0.0,1.0810787268288078,0.3067664016949265,0.0,0.0,1.0,24.806098874598202
0.005328871898201352,-0.0010723956379965456,0.205,302.8928845263203,0.0,0.0,1.1209145926996957,-0.055999696661411365,0.0,0.0,1.0,26.009817924514472
-0.002378081595782282,-0.004633200805716947,0.205,302.92576474219936,0.0,0.0,1.1427214352113026,0.504909402929497,0.0,0.0,1.0,23.64488966870667
-0.00567543927004539,0.002980341223442888,0.205,302.61014417524416,0.0,0.0,1.0182046856858191,0.2357184999511461,0.0,0.0,1.0,26.697401022150697
0.005703679406232795,0.0024942543886643915,0.205,302.84690328441894,0.0,0.0,1.0388866376358532,0.09120685988145567,0.0,0.0,1.0,25.310510521924876
-0.004462075495832439,0.0035491517996935527,0.205,302.8447929229895,0.0,0.0,1.0944209253957962,-1.1188977547648427,0.0,0.0,1.0,24.65066775109982
0.004669871094217383,-0.0043827609602698,0.205,302.6917568265669,0.0,0.0,1.0188821916144069,0.9398033367845454,0.0,0.0,1.0,25.56499650564838
-0.001161416662137642,-0.0002587387816188986,0.205,303.2622541042368,0.0,0.0,1.3844327273338772,-1.1195729843904636,0.0,0.0,1.0,18.97701647479984
0.0026680671704119056,-0.0029852521408489986,0.205,302.93016120031064,0.0,0.0,1.2438846576997475,-1.760280080443601,0.0,0.0,1.0,23.645062190900735
0.0010965209277122542,-0.0006040496761725501,0.205,303.24253875430816,0.0,0.0,1.3828553792348108,-0.3720133231381219,0.0,0.0,1.0,20.26942913434556
-0.005515206991804078,-0.0006163425665312633,0.205,302.89655653479446,0.0,0.0,1.1097054668758626,-0.2355067439039495,0.0,0.0,1.0,24.820317941149938
-0.004439831727553228,0.0005695518983664909,0.205,302.9310886570964,0.0,0.0,1.2070337500840573,0.16190887851116947,0.0,0.0,1.0,23.8626475243493
0.0032396313617172596,0.0037943038821364595,0.205,302.95172771576904,0.0,0.0,1.162858961065418,-0.13199277122769837,0.0,0.0,1.0,24.804945179133583
-0.0014378370303082737,-0.000520342066025647,0.205,303.29118278886943,0.0,0.0,1.3749287422833396,2.8368275986105176,0.0,0.0,1.0,19.391642499465107
-0.0015670230992688653,0.0028320978013694365,0.205,303.0503828605591,0.0,0.0,1.2957803118819977,-0.38680087058210555,0.0,0.0,1.0,20.900693275227603
-0.0018266894311765713,-0.005299039252706903,0.205,302.8947259304513,0.0,0.0,1.1041632920942832,1.6156438556662305,0.0,0.0,1.0,27.229596033316458
-0.004234613647049304,0.0044483896864933176,0.205,302.7796523616884,0.0,0.0,1.048038515688041,-1.8574510845732202,0.0,0.0,1.0,25.896169468343338
-0.0005297115682245741,-0.0032383082679856125,0.205,303.2089729428527,0.0,0.0,1.2930330375282626,0.4754124333876242,0.0,0.0,1.0,20.774967189008812
0.0035307067626412217,0.004529153533184581,0.205,302.8126966222607,0.0,0.0,1.0902025605763617,0.5354977105097961,0.0,0.0,1.0,25.546310332986337
0.003318877114340434,0.005515214727352313,0.205,302.7504149030837,0.0,0.0,1.0152087766355506,0.8806836768664834,0.0,0.0,1.0,26.614267381471095
-0.005783409350555491,0.0004114756858462068,0.205,302.88296425507235,0.0,0.0,1.0845116226255194,-2.0156844786365027,0.0,0.0,1.0,25.89557982342457
-0.005645934564073696,0.0024335615255324998,0.205,302.7825509084655,0.0,0.0,1.0473411490235636,-1.3061332268308727,0.0,0.0,1.0,26.534484546286134
0.0054027709860203065,0.0034396608873491154,0.205,302.8379355284562,0.0,0.0,1.0188388350486,0.6814625935782245,0.0,0.0,1.0,26.532510862855
-0.0034436189726880033,-8.698600130197996e-05,0.205,303.05030157501704,0.0,0.0,1.282687974061477,-0.2893599869031003,0.0,0.0,1.0,22.123198329861534
-0.003040147702772446,-0.0010788046922240865,0.205,303.1894800427182,0.0,0.0,1.2964421768509418,-3.1058615840493786,0.0,0.0,1.0,21.501470940177445
0.0007545377463786014,-0.0014198786462557107,0.205,303.1650247193676,0.0,0.0,1.3724165066679066,0.4515013675060351,0.0,0.0,1.0,20.072254487988538
0.001490464979767805,0.0037939213971197017,0.205,303.01462275149703,0.0,0.0,1.2384771018167768,-0.7065552855028613,0.0,0.0,1.0,23.84166117122781
-0.0007616192450218523,-0.00010193401913806342,0.205,303.2093517234796,0.0,0.0,1.3932176882622425,0.9139889764191275,0.0,0.0,1.0,19.838919774436178
-0.0064205192595582295,0.00035784930643280213,0.205,302.818496576807,0.0,0.0,1.0159271223898128,-0.8878552855101116,0.0,0.0,1.0,25.46616126526376
-0.0038643416179747806,0.0031512664104842852,0.205,302.8356452078697,0.0,0.0,1.1631154332864373,-0.5434200304330066,0.0,0.0,1.0,24.780202538612826
0.006137828636789373,0.00010551831017678945,0.205,302.77195847048506,0.0,0.0,1.0483580738357567,-1.8483968843588614,0.0,0.0,1.0,24.63958145879015
-0.00369611126202042,0.0013725366358235524,0.205,303.0051025980245,0.0,0.0,1.2483772363855596,0.9278027067821533,0.0,0.0,1.0,23.649761091761636
-0.0010442414445759642,0.00026805425261912006,0.205,303.2743887935966,0.0,0.0,1.3870937334921614,0.23089102708019055,0.0,0.0,1.0,18.682328129404546
-0.0031302626051783505,-0.004652072954304494,0.205,302.8881459712035,0.0,0.0,1.103951143642255,3.0490364363789557,0.0,0.0,1.0,24.02716723916258
0.0018721467888632678,0.0009324657840695779,0.205,303.2220443248692,0.0,0.0,1.3545403891795087,-0.7179065681702747,0.0,0.0,1.0,20.0202708323044
-0.005410200249416476,0.0008443264382104353,0.205,302.86393835710936,0.0,0.0,1.1170014976062252,0.0352449161440358,0.0,0.0,1.0,26.55267316654443
-0.0018856881860163928,-0.002122061354249827,0.205,303.1768115147762,0.0,0.0,1.3187700920565557,-0.7846246623508726,0.0,0.0,1.0,22.238713219341424
0.004729753291173537,-0.0029076948044523925,0.205,302.7818923747628,0.0,0.0,1.1094559158397241,-1.1154887213757962,0.0,0.0,1.0,25.015255874764115
-0.0020588122013490075,0.003917656221789507,0.205,302.9457805796204,0.0,0.0,1.211150996831984,-0.6767723752032148,0.0,0.0,1.0,25.029927749444845
-0.0014752593805199615,-0.004125734180056701,0.205,303.0522374775098,0.0,0.0,1.2147127903236197,3.635658440273419,0.0,0.0,1.0,22.00918415906402
0.006230417879420518,0.0014488357022783445,0.205,302.7996488668459,0.0,0.0,1.019756654770611,2.725400661939078,0.0,0.0,1.0,25.899465135079097
0.0018599390439431012,0.005270823013961555,0.205,303.00254226163497,0.0,0.0,1.1057349460205084,1.8790000103198525,0.0,0.0,1.0,24.939265733422474
-0.0011772539104575467,0.0038383997666246628,0.205,302.958217954111,0.0,0.0,1.243062037092589,0.5050364145648124,0.0,0.0,1.0,22.74062083005766
-0.0024590467830194096,-0.0040083857416498515,0.205,303.07890723869025,0.0,0.0,1.188073197496315,-0.4351430629552514,0.0,0.0,1.0,23.176166555313927
0.005714498288471357,-0.0027181710759448894,0.205,302.6530331644899,0.0,0.0,1.0274704742202336,-0.9202416808893374,0.0,0.0,1.0,26.854428866755068
-0.0016680453277085673,-0.0021152407968961172,0.205,303.19219123102437,0.0,0.0,1.3264727562898369,-2.3228556515406193,0.0,0.0,1.0,22.313775372540757
0.002968444043758747,0.0035275641889582193,0.205,303.05034108508323,0.0,0.0,1.1958986352501608,0.7910789214492365,0.0,0.0,1.0,25.094497615296877
0.004190928764755939,0.001824852920538342,0.205,302.99972221930653,0.0,0.0,1.1991967908725392,-0.15108075535956347,0.0,0.0,1.0,24.437448605854016
-0.0038019317846451147,-0.0002459126255158461,0.205,302.99013070108435,0.0,0.0,1.257936870488383,-1.2370450615263409,0.0,0.0,1.0,22.992591278590353
-0.0011926171388021922,-0.0022165158321757867,0.205,303.1544705382695,0.0,0.0,1.3353709030876961,0.3403430760859062,0.0,0.0,1.0,20.945131172725453
0.00018630775113007275,0.002428597377771784,0.205,303.16430913906527,0.0,0.0,1.339277852818332,0.23119205074933716,0.0,0.0,1.0,21.454195789896293
0.003880911192576642,-0.00015595513908437208,0.205,302.9756401904165,0.0,0.0,1.2526363244078358,0.14317668904407016,0.0,0.0,1.0,24.596762564626406
0.0020544515934907167,0.005313162856256276,0.205,302.9196354426596,0.0,0.0,1.0949221743356434,-1.4092505828863033,0.0,0.0,1.0,26.174396938284104
-0.00595068131467466,-0.0014186355860620178,0.205,302.7877868786148,0.0,0.0,1.050671637780552,0.6521601782155357,0.0,0.0,1.0,24.64373507410018
0.004821381200942572,0.0012690780531431354,0.205,302.94973410871586,0.0,0.0,1.163181871124413,0.6357771759801587,0.0,0.0,1.0,24.246735525046514
-0.0010587365767939499,-0.0016039291951023774,0.205,303.27777632503233,0.0,0.0,1.3612904405880042,-2.6138142408836305,0.0,0.0,1.0,20.56540469879432
0.0006772120752627279,0.004889044973983153,0.205,302.86871596024133,0.0,0.0,1.1676635069922423,-0.02280179283813816,0.0,0.0,1.0,23.31722248906395
0.002008901910254918,-0.0009621595479245498,0.205,303.13567596006203,0.0,0.0,1.3487636870478839,-1.315897462709068,0.0,0.0,1.0,21.394029027739304
-0.002159240283883121,0.0034114901911436184,0.205,302.92690646292743,0.0,0.0,1.241385205277756,1.1071592569371689,0.0,0.0,1.0,22.16818149114947
0.0002934488103980915,0.004287700933841483,0.205,303.0849715958321,0.0,0.0,1.221390226793074,-0.8113078759391448,0.0,0.0,1.0,24.339998522534145
0.005004205709668864,-0.003143413427067051,0.205,302.76923835831576,0.0,0.0,1.0728792400973506,2.1429843550090864,0.0,0.0,1.0,24.013989413547225
0.005225615103331166,-0.0024779500440197896,0.205,302.7613817372524,0.0,0.0,1.0860260810963371,0.738035191994189,0.0,0.0,1.0,25.97614320312081
-0.004738304364269784,0.00048595495216693214,0.205,302.9278554349257,0.0,0.0,1.1828542761388028,0.44653851809463857,0.0,0.0,1.0,25.300824946208895
-0.002210670800754924,0.002993906361882765,0.205,303.026543895999,0.0,0.0,1.2641235847510286,-0.24217289359224214,0.0,0.0,1.0,23.369422391891828
0.00018669849083851182,-0.00502818042307955,0.205,302.92668778087284,0.0,0.0,1.1590096076246525,0.9655825947951562,0.0,0.0,1.0,24.704426582069107
-0.002361282851994064,-0.00466857317208621,0.205,302.96160342272043,0.0,0.0,1.1404743302707716,-0.8920649795058051,0.0,0.0,1.0,24.693408747003282
-0.004186580264289417,0.002575442214038621,0.205,302.83711242985856,0.0,0.0,1.1694851715579695,-0.45876527037730874,0.0,0.0,1.0,26.13382211187899
0.0015779413734423157,-0.005359327752164243,0.205,302.7484365646458,0.0,0.0,1.1059913689894008,-1.5477584336974426,0.0,0.0,1.0,24.10793739439663
-0.005098553079378898,-0.00010722406367828463,0.205,302.9202175613473,0.0,0.0,1.152780731268009,0.4170721741689868,0.0,0.0,1.0,24.5017980507337
-0.00016734305895463816,-0.0042932011457935074,0.205,302.998702735804,0.0,0.0,1.2214904689009718,-0.3813598161742567,0.0,0.0,1.0,23.541713023984432
-0.001595456921577343,0.00603149811837447,0.205,302.7361211752549,0.0,0.0,1.0373713821268487,-2.2601125970010294,0.0,0.0,1.0,25.016996858926106
0.0018956661204744094,-0.0026415864908069767,0.205,303.07040866575886,0.0,0.0,1.2948809049327532,-1.3426067327516662,0.0,0.0,1.0,23.991063113825454
-0.00014984472363570935,-0.0038706846708943454,0.205,303.0233316088116,0.0,0.0,1.2533894053911843,-1.1530860987579257,0.0,0.0,1.0,22.483049611940952
0.004015762089600314,-0.0009922039981106394,0.205,302.9594888063251,0.0,0.0,1.2339045159273192,-3.786922796655114,0.0,0.0,1.0,22.77676987084799
-0.006343267393144957,0.0007164193029805269,0.205,302.73433774223736,0.0,0.0,1.0212305552303373,-2.144934128272605,0.0,0.0,1.0,26.889980827141066
-0.005025620943268013,-0.0008857093994139769,0.205,302.99402688231055,0.0,0.0,1.1524682217366777,1.9408422885845211,0.0,0.0,1.0,23.632842730913193
0.002350197232684723,0.005880091291186799,0.205,302.8108394348641,0.0,0.0,1.0269847976146182,-0.8050093762361668,0.0,0.0,1.0,26.413424264277495
-9.446595697877365e-05,-0.0018671050706669185,0.205,303.1654542267869,0.0,0.0,1.3632695609325307,0.39744399427439403,0.0,0.0,1.0,18.789246236844278
-0.003249344446275051,0.0045705815825160725,0.205,302.7863002319537,0.0,0.0,1.1038784306523943,1.003842872967519,0.0,0.0,1.0,24.60551129125667
-0.003964545490293202,0.0014829697432498469,0.205,302.99753143313956,0.0,0.0,1.2264803838959433,-0.04585749215270705,0.0,0.0,1.0,22.164339566998677
0.005116458419317819,0.0036299582695463353,0.205,302.8408854618266,0.0,0.0,1.033564176682834,1.2628438143962828,0.0,0.0,1.0,25.126579396420265
-0.003796083153321371,-0.0006122366583146777,0.205,302.9894707869542,0.0,0.0,1.2554283249034834,1.2654899602787542,0.0,0.0,1.0,22.443720200718328
0.003572644752365816,0.0011354780711927332,0.205,303.1169744729991,0.0,0.0,1.2622364746159904,-0.7298834373702254,0.0,0.0,1.0,21.96322002629566
-0.002982509688560333,-0.0044600578781921925,0.205,303.0232031065982,0.0,0.0,1.1277335299346412,-0.8797560316399857,0.0,0.0,1.0,24.8968190543413
0.0008935324854035399,0.005613982233228257,0.205,302.8524285184247,0.0,0.0,1.0961304697418388,-0.6660363222119343,0.0,0.0,1.0,24.465956952674038
-0.001976929715600358,0.0021189528838502147,0.205,303.1025439900248,0.0,0.0,1.315524999676319,-0.2604834898220038,0.0,0.0,1.0,21.137014940194206
-0.0005422974961753331,0.006065929328331817,0.205,302.7847003305691,0.0,0.0,1.0536301617473045,0.34144831389785274,0.0,0.0,1.0,26.07491152152738
-0.005453295829868474,0.0010050873961795403,0.205,302.8256499317572,0.0,0.0,1.1101420254809824,0.24837007455881743,0.0,0.0,1.0,25.12613471492891
-0.0015491960339154517,0.0018139813335053053,0.205,303.1106800070039,0.0,0.0,1.3416358383742044,-0.5915242923706887,0.0,0.0,1.0,21.183974959083358
-0.0005431517544928421,-0.005807828784264131,0.205,302.83119261413435,0.0,0.0,1.0808684831468303,1.8806357148505117,0.0,0.0,1.0,26.170917657890797
-0.004199216412789563,-0.0029767216727285255,0.205,302.9949608922319,0.0,0.0,1.1483798789178454,-1.9982122274227276,0.0,0.0,1.0,26.160439648129948
0.003287103451403924,-0.0026314375502388522,0.205,302.9080258058184,0.0,0.0,1.2282041580990943,1.140138711190359,0.0,0.0,1.0,22.91838041217111
0.001584136833567061,0.0018645100387528494,0.205,303.2461447489646,0.0,0.0,1.338761747234975,-1.9460947728433629,0.0,0.0,1.0,20.075241895951716
-0.004870910250725746,-0.0037852958195007166,0.205,302.7497948356137,0.0,0.0,1.0450775316204013,2.949137517041574,0.0,0.0,1.0,25.090272848710512
0.001133058071489832,0.0033957263397333902,0.205,303.19193649890957,0.0,0.0,1.2737950988541418,-0.8486994147374832,0.0,0.0,1.0,20.556422476262032
-0.0046472791146249005,-0.0027445628623842602,0.205,302.9763670615621,0.0,0.0,1.1246584705932547,-1.0814816229297004,0.0,0.0,1.0,24.859638915590722
-0.000636562967051005,0.0012659363787751812,0.205,303.1779924152918,0.0,0.0,1.3783061505350958,2.9941511570806933,0.0,0.0,1.0,20.95007752085793
-0.0017662824453203805,0.0031538786966407934,0.205,302.99380635599965,0.0,0.0,1.2714392326469461,0.6470326492024568,0.0,0.0,1.0,22.80765332442501
0.0018913455982420967,0.002709950468204112,0.205,303.1550205027561,0.0,0.0,1.291582167432609,-0.48161852476952505,0.0,0.0,1.0,22.64283494170272
0.004294730878456346,-0.0023486227882525738,0.205,302.8171172299504,0.0,0.0,1.1712948497720175,-0.40128263385980284,0.0,0.0,1.0,23.372030795169138
-0.00023289081885837987,-0.003678411197829859,0.205,303.1251389841318,0.0,0.0,1.2666000267077129,-1.357600024647489,0.0,0.0,1.0,21.106054277752126
0.00513016430036466,0.0005606828533941933,0.205,302.9432603242397,0.0,0.0,1.1471290063415776,-0.805937148749107,0.0,0.0,1.0,24.684777803230947
-0.0015246417845538494,-0.0037717923962397033,0.205,303.05857862952814,0.0,0.0,1.2390716787078142,2.255970014579774,0.0,0.0,1.0,21.892176818498598
-0.0005332298911555889,0.0006155596959345174,0.205,303.1721498313676,0.0,0.0,1.3924256956576595,1.007756729718202,0.0,0.0,1.0,18.24144065156788
-0.0020302706535894827,0.004887506429747698,0.205,302.9022519599357,0.0,0.0,1.1347264255376914,-0.9259550503225913,0.0,0.0,1.0,24.956461361571147
0.0009466309116811971,0.005584448827837696,0.205,302.8511779976056,0.0,0.0,1.0982124276765795,-0.5878165954913689,0.0,0.0,1.0,24.77977011688738
-0.003093583470315734,-0.004253270819149125,0.205,302.9986983670451,0.0,0.0,1.1378687620033099,0.25357289104098235,0.0,0.0,1.0,24.353281455699207
0.0006659019189898629,0.002238140970111912,0.205,303.1592660738101,0.0,0.0,1.3439556623254407,-0.053870672002253844,0.0,0.0,1.0,21.660419118281027
-0.0008423863597080584,-0.0008846671543236847,0.205,303.2736091032035,0.0,0.0,1.383635587971783,-1.0779150791539993,0.0,0.0,1.0,19.21822549737929
0.0003410515318101983,-0.004158392216326213,0.205,302.9909419950387,0.0,0.0,1.2311601458308168,0.6671513139079478,0.0,0.0,1.0,23.907505616284343
0.0007357568673157422,-0.0005016553487988971,0.205,303.23916086648524,0.0,0.0,1.3910245078827521,-2.0430873037917445,0.0,0.0,1.0,17.83047036595839
-0.0026275505880217357,-0.0019033689761117022,0.205,303.1322124489523,0.0,0.0,1.2953031450142063,1.3031437626457274,0.0,0.0,1.0,23.416397507463763
0.004551164239688272,0.004191188377199871,0.205,302.8776019637926,0.0,0.0,1.0430848977081069,0.07694974716886616,0.0,0.0,1.0,26.688232155501936
0.003407286503928359,0.002188155015072318,0.205,303.0990983815599,0.0,0.0,1.2404882942714823,0.12123873009590898,0.0,0.0,1.0,22.45908112271056
0.0017850949975767823,-0.005514553726705504,0.205,302.66858066242617,0.0,0.0,1.084692333859619,-2.090016699605164,0.0,0.0,1.0,27.1917774501292
-0.0012598436236756288,0.004004685597194129,0.205,302.9805356599218,0.0,0.0,1.2291690196787226,-0.3193108644694444,0.0,0.0,1.0,24.889161850220127
-0.003331307318118409,0.0014611177404130857,0.205,303.0591739156606,0.0,0.0,1.269890301452131,-1.204892595412186,0.0,0.0,1.0,24.417748531063246
0.0019130240646657419,-0.002818429769920398,0.205,303.0490291329768,0.0,0.0,1.285158239076433,-1.9490382920346874,0.0,0.0,1.0,21.971130817343354
0.005582666545273594,-0.0012692710755868352,0.205,302.80287292830303,0.0,0.0,1.0920046679031647,0.2574430820911748,0.0,0.0,1.0,24.485620674016126
-0.0022399714450122674,-0.001905970358308587,0.205,303.20187117065456,0.0,0.0,1.3131189029374155,0.8492249956706203,0.0,0.0,1.0,22.724840946669342
0.003050639559002879,-0.002607814263526689,0.205,303.02785385081773,0.0,0.0,1.2431743491647218,1.6405855988115905,0.0,0.0,1.0,21.539332799126182
-0.0054459347411260125,-0.00267863127238498,0.205,302.8077627851348,0.0,0.0,1.0559045262387663,1.5550701751717175,0.0,0.0,1.0,25.706282756838327
-7.406073736403946e-05,-0.002669989135821728,0.205,303.10267639064364,0.0,0.0,1.3276504142540693,-0.674571608663372,0.0,0.0,1.0,21.002240258586045
-0.001729623011798334,-0.002473523153863362,0.205,303.2350941936448,0.0,0.0,1.3087381670193294,0.27691755491036824,0.0,0.0,1.0,22.704225340198718
0.0004960938584508171,-0.005148889692415287,0.205,302.8552001170799,0.0,0.0,1.146008652064389,0.3911185745100294,0.0,0.0,1.0,24.533402217443456
0.0035041317757474096,-0.002005553211566173,0.205,303.0060216118578,0.0,0.0,1.2413796656845053,1.1653219344958832,0.0,0.0,1.0,23.117647247326925
-0.001468498028987906,-0.004420268016167377,0.205,303.00164954692053,0.0,0.0,1.191887950761436,-0.5231531518315528,0.0,0.0,1.0,24.56423018282961
0.0008484877430830304,0.002883700441739482,0.205,303.168635405073,0.0,0.0,1.3094449735543547,-0.730972225938877,0.0,0.0,1.0,21.205885910251283
0.0024400405887619993,-0.0040850631036380815,0.205,302.9034477295762,0.0,0.0,1.1832738434909722,-1.087695561725841,0.0,0.0,1.0,21.214949803768768
0.0021287394060265216,0.0027893310386730152,0.205,303.1770033469992,0.0,0.0,1.2785046980418924,0.8871559451142614,0.0,0.0,1.0,23.4133156899983
-0.000877832918034532,-0.0010132694271796285,0.205,303.350395655081,0.0,0.0,1.3804727308528026,0.03145556179489462,0.0,0.0,1.0,18.665165555128876
-0.0019801318252782502,0.006121548365430829,0.205,302.6959477887424,0.0,0.0,1.0155463661294162,1.2453386933713095,0.0,0.0,1.0,25.25942728287877
0.0012650258598411554,-0.002231619631369973,0.205,303.160321513165,0.0,0.0,1.3329974379636442,0.33543912472065035,0.0,0.0,1.0,20.9437206158541
0.001409008794352798,0.0042766537861741415,0.205,302.96895822490364,0.0,0.0,1.2048515965627762,1.0929165399070466,0.0,0.0,1.0,24.738317015650235
-0.0036929472810012286,-0.0004586430672715443,0.205,303.16509602628,0.0,0.0,1.2641452774168942,0.4376080937850318,0.0,0.0,1.0,22.187776910062013
0.00017855170514792233,0.0029871399143700894,0.205,303.0812067460955,0.0,0.0,1.310214185159306,1.0427952695289762,0.0,0.0,1.0,21.016577363695735
0.004052187632847853,0.004163407993215964,0.205,302.84346653728113,0.0,0.0,1.0832898335941823,0.013293235789561585,0.0,0.0,1.0,25.25750100090586
-0.0033888334235489216,-0.002129704523720027,0.205,303.0584619625668,0.0,0.0,1.2439816131757842,1.0333939431462134,0.0,0.0,1.0,22.77405950743992
0.0037707591133412086,-0.004566805741326137,0.205,302.7457856597932,0.0,0.0,1.0715337823881024,0.8140691715426256,0.0,0.0,1.0,24.72295138786308
-0.006212917169510841,0.0012742537188941774,0.205,302.74669125073194,0.0,0.0,1.0258787975120147,1.3771722569655032,0.0,0.0,1.0,26.32052500439104
0.0033381624204743897,-0.0001427477799846831,0.205,303.0787430318024,0.0,0.0,1.2892946437791195,0.12944010908202727,0.0,0.0,1.0,20.955281961135938
0.004436443618765356,-0.004143988854404995,0.205,302.7681570519618,0.0,0.0,1.0557145630826308,0.9547807337049041,0.0,0.0,1.0,24.65910357477061
-0.004139764582778887,-0.0023967575646109377,0.205,302.9969616105436,0.0,0.0,1.181086909660245,0.6946120300704628,0.0,0.0,1.0,24.319613280327317
0.0018747204682477996,-0.0036704358494541356,0.205,302.93028671316733,0.0,0.0,1.2350494848041937,0.7954971090478908,0.0,0.0,1.0,21.349632205092032
0.0054559111421434835,0.0008318893590146914,0.205,302.9173352022873,0.0,0.0,1.112736376996751,-0.18649885761114493,0.0,0.0,1.0,24.74949290544695
-0.00024259728208575216,-0.0010256389578116721,0.205,303.2427796832038,0.0,0.0,1.3876376631064367,-1.0524416057334647,0.0,0.0,1.0,20.458429632543968
0.003436687375803441,0.0018870057117524792,0.205,303.0480024250138,0.0,0.0,1.249985203599145,-0.33290291890915047,0.0,0.0,1.0,22.958998160211113
0.0019424598824753843,-0.00456153647645163,0.205,302.8225878017803,0.0,0.0,1.1656762432059922,0.05019787729431363,0.0,0.0,1.0,26.17123447509013
0.0025057398225498168,0.001302023246971037,0.205,303.10651483849637,0.0,0.0,1.319583913710215,-0.2768651542371975,0.0,0.0,1.0,21.05973404850157
-0.00026644871160057444,0.0032442891816604094,0.205,303.06339785153824,0.0,0.0,1.2946459108034196,1.5505509735301217,0.0,0.0,1.0,22.759737930479183
0.0008401709513618657,0.0036162425037587435,0.205,303.0568963193516,0.0,0.0,1.2647522142891157,-0.30961411691039115,0.0,0.0,1.0,22.20638693948549
-0.001338949261441593,-0.000442112456995985,0.205,303.23606116816893,0.0,0.0,1.3785069608411884,-1.1949279167930675,0.0,0.0,1.0,20.717572165186855
0.0010882163741238278,-0.0016196133847483426,0.205,303.13278724128935,0.0,0.0,1.3601577648398102,0.14260949084625374,0.0,0.0,1.0,19.08378050578686
-0.002396970683428436,-0.002427725253852738,0.205,303.1554106823888,0.0,0.0,1.2848187308857464,1.569682058992408,0.0,0.0,1.0,22.664196446152683
0.0008216251763290459,-0.004650827563906442,0.205,302.9458170596735,0.0,0.0,1.1863328749122681,0.8076244761138139,0.0,0.0,1.0,22.63223001573499
-0.001837818255025573,0.004985280697993706,0.205,302.85226515489353,0.0,0.0,1.132739493998934,0.009519559941942644,0.0,0.0,1.0,24.281510831745614
0.002924632799180219,0.002973574951214564,0.205,303.0751099649588,0.0,0.0,1.231279161717976,-0.11061162782711476,0.0,0.0,1.0,22.967462857463318
0.0047202640210025435,-0.0008550520416800233,0.205,302.87945324491596,0.0,0.0,1.1799063809779846,-1.0718662394632887,0.0,0.0,1.0,21.697476518562148
-0.0019243915890465296,-0.0007210979105581149,0.205,303.307135630552,0.0,0.0,1.356034033565058,0.19682503180751357,0.0,0.0,1.0,19.58893092793786
-0.000579594512215688,-0.0034226368306093462,0.205,303.0819031033799,0.0,0.0,1.2809577453700949,-0.33490360802825203,0.0,0.0,1.0,22.28478229599015
0.002515057998847473,-0.0031685204563217627,0.205,302.9397035784628,0.0,0.0,1.2407894391621317,-0.0405568270371305,0.0,0.0,1.0,22.83111969299528
-0.004791992669874251,-0.0022740275315036025,0.205,302.95154131981246,0.0,0.0,1.133604803025406,1.0896235347295082,0.0,0.0,1.0,24.998721975218157
-0.0036456721841498104,0.0026047723175142913,0.205,303.015948006313,0.0,0.0,1.20667448431754,1.6891562685174613,0.0,0.0,1.0,25.67957578865662
-0.0006025827207771522,0.004299322832230067,0.205,303.0076399781833,0.0,0.0,1.2179305844598134,1.1119410092865567,0.0,0.0,1.0,22.714378358453263
0.0034702603380952464,0.0040646171891273045,0.205,302.9221914414423,0.0,0.0,1.1297434935491872,-1.1847147242205656,0.0,0.0,1.0,25.571879022843838
-0.006169973837141715,-0.0016932502194050491,0.205,302.7493895780575,0.0,0.0,1.019593847808282,0.17785427195126194,0.0,0.0,1.0,25.42506964916574
-0.001915065131806686,0.0016564157459553362,0.205,303.1453154550848,0.0,0.0,1.3346354539900178,0.5408162280817237,0.0,0.0,1.0,19.936104770508994
-0.0017343750558199604,-0.0005904854672973294,0.205,303.25625473975435,0.0,0.0,1.3646514772247271,2.662337716483226,0.0,0.0,1.0,19.74450767253495
-0.003184890855590249,0.00012435224466473115,0.205,303.1379524887088,0.0,0.0,1.2987817493189313,0.8469500950508908,0.0,0.0,1.0,23.125783294723306
0.003316731066677954,0.0004564656346689227,0.205,303.0765102807933,0.0,0.0,1.288867358111361,-0.5015087708919522,0.0,0.0,1.0,21.713424665362613
-0.002205161242579272,0.0035497845415924114,0.205,303.0130096885767,0.0,0.0,1.2306519151195217,-0.5239850230470422,0.0,0.0,1.0,23.773177581635053
0.00045971456620152014,0.002200177846612498,0.205,303.2345977624571,0.0,0.0,1.3478744479814548,0.37919397778814284,0.0,0.0,1.0,21.594424108276677
-0.0006743996378915011,-0.0018288829153730224,0.205,303.2026534866931,0.0,0.0,1.3602346627303505,0.7529391677441697,0.0,0.0,1.0,19.831447125702255
-0.0012461991697630787,-0.003109180825824527,0.205,303.1039183159485,0.0,0.0,1.288764206494329,0.11466753534509444,0.0,0.0,1.0,21.869976106199154
-0.006146304130440772,0.00014886644610120908,0.205,302.8042050133714,0.0,0.0,1.0473374540296703,-0.5329649256380424,0.0,0.0,1.0,26.605510509388342
0.0033332658958537616,0.0008948629656202483,0.205,303.1237264441907,0.0,0.0,1.2822619639737525,-2.275966659014567,0.0,0.0,1.0,21.628770958786586
0.0010677457173011104,0.0011508218096384203,0.205,303.23629640669145,0.0,0.0,1.3736434633227448,1.1446708245230606,0.0,0.0,1.0,19.369268632087195
0.00484554121477567,-0.0025347102181527137,0.205,302.8397010386846,0.0,0.0,1.1177110607472744,1.0754449090210687,0.0,0.0,1.0,24.498056268064843
0.0011798449794786826,-0.0031716497301709145,0.205,303.02122351089133,0.0,0.0,1.2865861201674231,0.42419210288907655,0.0,0.0,1.0,20.928378330721795
0.0015938230386915576,0.00200503171516233,0.205,303.1579836164022,0.0,0.0,1.3331908407768311,0.13950304912241268,0.0,0.0,1.0,21.88562779409837
-0.0028285345315603775,0.005749151134197572,0.205,302.7003270528074,0.0,0.0,1.018555089555387,-1.0746147187135164,0.0,0.0,1.0,25.706825526476685
0.003031123484603233,-0.0038228629433845443,0.205,302.8536744056026,0.0,0.0,1.1727346082520078,-0.011038697865261586,0.0,0.0,1.0,23.224972030040316
0.0029729678904568528,0.0034107427976107557,0.205,303.0128768152576,0.0,0.0,1.2030540776364906,-0.4467166401402666,0.0,0.0,1.0,23.944593077206882
0.00082249337928929,-0.0014280089001874846,0.205,303.2347291214037,0.0,0.0,1.371097253222932,-1.5502859925350336,0.0,0.0,1.0,21.150988589621882
0.0028894437710988733,0.0013355025735315971,0.205,303.21472285355475,0.0,0.0,1.2990329809776795,1.0572652347499691,0.0,0.0,1.0,21.734265709205467
0.002610602912235961,-0.001529580903451644,0.205,303.0412901083722,0.0,0.0,1.3083104058461819,0.09512986494048647,0.0,0.0,1.0,20.687120374841196
0.0032976768244160053,0.0032842835613051675,0.205,303.0702742993335,0.0,0.0,1.1921983921015598,-0.07954038723207565,0.0,0.0,1.0,23.452193159688306
-0.0027168404325947433,0.0011797963645281914,0.205,303.0724163359963,0.0,0.0,1.3119462082978868,0.24424066314928505,0.0,0.0,1.0,20.797281157407006
-0.006303902538720508,0.00035434205548131925,0.205,302.7759273663338,0.0,0.0,1.029054390140187,-2.8074431361993923,0.0,0.0,1.0,26.44242805950621
-0.0013231367092504172,-0.005939970075376188,0.205,302.82579857362236,0.0,0.0,1.0541238953869934,-2.052323174971545,0.0,0.0,1.0,26.43096555914137
0.0014156319614153,-0.004208623672077118,0.205,302.9341019546587,0.0,0.0,1.2099623778502855,-3.061974047370947,0.0,0.0,1.0,23.308285989148647
-0.002055001479601667,0.0031188553033265685,0.205,303.0364372595749,0.0,0.0,1.2631941249814527,-0.547602565757772,0.0,0.0,1.0,22.441976167703395
-0.004574530488667931,0.0033779562026778026,0.205,302.78751435100475,0.0,0.0,1.095936440982557,-2.045902206086162,0.0,0.0,1.0,24.818394561612912
0.0014093646455500084,-0.0024314931646171227,0.205,303.0907704241912,0.0,0.0,1.3203076939277625,-1.3258327749740004,0.0,0.0,1.0,20.1912588463851
-0.004031292685284679,0.0037999307824310162,0.205,302.79617542222934,0.0,0.0,1.110660040506878,-1.194089306324318,0.0,0.0,1.0,24.986024875011513
0.003535843796212023,-0.0012831009218721154,0.205,303.0713100112912,0.0,0.0,1.261347815822694,1.6950302835851638,0.0,0.0,1.0,23.432952083046516
0.002033118376072664,0.003970174766792732,0.205,303.0598246408743,0.0,0.0,1.208320693856872,0.7407704363377321,0.0,0.0,1.0,24.390760445827976
0.001194847083394345,0.0011580274421498704,0.205,303.24021916243225,0.0,0.0,1.3705618255781538,1.1338515102907916,0.0,0.0,1.0,20.373928996050573
-0.000712953665837757,0.003520593249495291,0.205,303.0216526957183,0.0,0.0,1.2729709626326673,-0.44219222926701857,0.0,0.0,1.0,21.809303688944098
0.0027995467319382574,-0.004622585259511804,0.205,302.81191882958865,0.0,0.0,1.1239767120731181,-0.8509611811484049,0.0,0.0,1.0,24.87013660237329
0.00183104280389379,-0.00043347214728863524,0.205,303.20488610916954,0.0,0.0,1.3628143344941834,-0.7624730519684338,0.0,0.0,1.0,21.28211753079429
0.003752351583414513,0.0035402644890202067,0.205,302.93591501875653,0.0,0.0,1.1473034185164797,-1.6548387173406716,0.0,0.0,1.0,23.455807518562796
2.3509755478578287e-05,0.004918259660963976,0.205,302.95419558780884,0.0,0.0,1.169218028799504,-0.3360813727971614,0.0,0.0,1.0,25.152351350832404
-0.004421075246682327,0.004260214066166726,0.205,302.78933368440084,0.0,0.0,1.048258295297903,-0.005591123896011108,0.0,0.0,1.0,25.865213531512087
-0.00434311658864821,-0.002090066772451348,0.205,302.9409639129594,0.0,0.0,1.1779166888902726,-0.11364719759284277,0.0,0.0,1.0,25.099535843493204
0.005213438152988843,-0.0023554396258224073,0.205,302.8213607392185,0.0,0.0,1.0924437186910854,0.45690734080931217,0.0,0.0,1.0,24.133735939807544
0.0009015428601270954,0.006243873267817186,0.205,302.83509293730737,0.0,0.0,1.0296379556967696,-2.248449761161067,0.0,0.0,1.0,25.80944258050298
0.00037059815184962394,0.0050467566402154695,0.205,302.8510551020468,0.0,0.0,1.156391186965434,-1.1158483600223108,0.0,0.0,1.0,25.37344435073776
0.005415381464594632,0.0013100362448729237,0.205,302.94256296947407,0.0,0.0,1.1075105354458719,1.117866955249416,0.0,0.0,1.0,24.773509607080985
0.00042394581623820664,-0.0003358271342924679,0.205,303.2168716899411,0.0,0.0,1.396519959826779,-0.07020116412833864,0.0,0.0,1.0,17.166282061366484
-0.0032304475972023375,-0.0002363362954809077,0.205,303.1362774736492,0.0,0.0,1.2956356537202771,1.1053809879735415,0.0,0.0,1.0,22.136636239712633
0.001719208409264761,0.002475106239716323,0.205,303.26076183303644,0.0,0.0,1.3090054631374617,-1.7648675830187657,0.0,0.0,1.0,19.259009282600793
0.00025132822485833214,0.0055651203706059615,0.205,302.8085424997283,0.0,0.0,1.1075894914608178,-1.4996532257506334,0.0,0.0,1.0,25.484367425377364
0.0050675825825236215,0.0026521897723599387,0.205,302.85152879531245,0.0,0.0,1.0925645031049065,0.09156634233559996,0.0,0.0,1.0,23.83491507748054
0.002166459665077922,0.005544992762651067,0.205,302.88387478788184,0.0,0.0,1.0682771048044886,0.3592572313174259,0.0,0.0,1.0,25.494524640397348
-0.003846164658462513,0.004517883860576495,0.205,302.76671671357485,0.0,0.0,1.0703780571223156,0.16752753659618394,0.0,0.0,1.0,24.522617491397934
-0.004335632158698296,5.2314591142254885e-05,0.205,302.98693513419437,0.0,0.0,1.2183604703048414,-0.8308234242326683,0.0,0.0,1.0,22.01027442054298
-0.0023248552785298574,-0.0007154609569666275,0.205,303.2470069033017,0.0,0.0,1.3394330400109522,-0.37877321097990646,0.0,0.0,1.0,21.61125448405891
-0.005887718210527173,-0.0014249202019541293,0.205,302.8485062439509,0.0,0.0,1.0571262439937632,-0.47557723417245124,0.0,0.0,1.0,24.687729941637148
-0.006061001649632198,0.0020644919156468516,0.205,302.7221531761715,0.0,0.0,1.0190448077104806,-0.11702251274406167,0.0,0.0,1.0,25.782142772550312
-0.003956392440003171,-0.0011550030995743615,0.205,303.07734856163825,0.0,0.0,1.2350458211658413,-0.5282932027544995,0.0,0.0,1.0,23.559914027785936
-0.0002762528710514753,0.0029036686814334217,0.205,303.13359204216306,0.0,0.0,1.3144799865229724,0.1035834975470555,0.0,0.0,1.0,22.83975928734635
0.0011309874231679993,0.00618102694594866,0.205,302.7100837767425,0.0,0.0,1.032418924706562,1.3228848606446229,0.0,0.0,1.0,25.028589927598627
-0.0053558306076079585,-0.002362271204744903,0.205,302.82491547545396,0.0,0.0,1.0787361499148163,-0.2024311982063023,0.0,0.0,1.0,25.789972181093674
-0.006229869413102452,0.0018096615229907216,0.205,302.7308149628322,0.0,0.0,1.009444367067627,0.2535394942278924,0.0,0.0,1.0,26.19107009033508
-0.001996667646959702,0.004810984011743284,0.205,302.8008199017212,0.0,0.0,1.1426274701234005,0.3811033378956066,0.0,0.0,1.0,23.29203784225562
0.005364062993239577,0.003532832387261552,0.205,302.7492049919415,0.0,0.0,1.0167834866106322,-1.178288024635135,0.0,0.0,1.0,25.288071589597564
0.0018907748796039537,0.0034882126331151806,0.205,303.05397081912986,0.0,0.0,1.2465471985320566,-0.10662222472082682,0.0,0.0,1.0,23.707258975618018
-0.0014614546442433404,-0.0025508967910838963,0.205,303.2682742069167,0.0,0.0,1.3131882813245066,-1.2040436891088526,0.0,0.0,1.0,21.584750432210047
-0.000912387711878852,-0.004080003067820608,0.205,303.0062632193792,0.0,0.0,1.230512168006545,0.987115300269915,0.0,0.0,1.0,23.856300645946472
0.002315549459545428,-0.003007436605392089,0.205,303.01211772333426,0.0,0.0,1.258947869016159,-1.0197167253918915,0.0,0.0,1.0,23.559324748036005
-0.005781975769923184,0.002952961942995323,0.205,302.76191341224904,0.0,0.0,1.0088706468436597,-0.45945889658293715,0.0,0.0,1.0,26.6841879908861
0.0030403349575782975,-0.0017512123161501792,0.205,303.01377835960585,0.0,0.0,1.2785189276980635,1.0879808822123298,0.0,0.0,1.0,23.779815361709687
0.004095538578117213,-0.0012698468441700308,0.205,302.9479313189035,0.0,0.0,1.2221669820859942,0.5630959806284632,0.0,0.0,1.0,23.201883421057165
-0.005658199787558156,-0.0023445123847151733,0.205,302.8177770579249,0.0,0.0,1.0498839719212607,0.537123417070944,0.0,0.0,1.0,26.96688357341231
-0.00527029278913851,-0.001561393243621676,0.205,302.8990345013009,0.0,0.0,1.1149325606312892,1.8952607631971465,0.0,0.0,1.0,22.974089291862533
0.002114730339671002,0.0037251332464670567,0.205,303.07972653580106,0.0,0.0,1.222509230625297,0.5489277678558874,0.0,0.0,1.0,20.564517706701732
-0.0021194290901815995,0.0027252257772703813,0.205,302.9370464035828,0.0,0.0,1.282192534224301,-0.10727369663087553,0.0,0.0,1.0,21.981833683885338
0.0032785706947304374,-0.002002789528963263,0.205,303.08770902481234,0.0,0.0,1.2556595392036907,0.9772994125834937,0.0,0.0,1.0,21.21770612867091
0.00019490335865085458,0.0038351801900445956,0.205,303.0494656661026,0.0,0.0,1.2557858620804168,1.1710457573468342,0.0,0.0,1.0,22.387222417599276
0.003772063779336002,0.0044452082817118465,0.205,302.8586144027109,0.0,0.0,1.0812030425771604,1.4026757113728439,0.0,0.0,1.0,25.281517030015078
0.0029516212522228188,9.74355188484379e-05,0.205,303.1520138858887,0.0,0.0,1.312438088473246,0.9383482583615348,0.0,0.0,1.0,22.009579768900174
0.0017990317518385246,-0.0010158946512750042,0.205,303.1825287004249,0.0,0.0,1.3555862198655113,-0.6410932342480148,0.0,0.0,1.0,20.82068696795061
-0.0002468858469669464,0.002276965495621414,0.205,303.1657338713149,0.0,0.0,1.3459805494643005,0.502021904880038,0.0,0.0,1.0,21.508587693131272
0.0005618121045359117,0.005502707812672261,0.205,302.903675805489,0.0,0.0,1.1115142469757477,0.10726095827794853,0.0,0.0,1.0,23.927454736275262
0.005420840087081182,0.0035478712738315583,0.205,302.841324833006,0.0,0.0,1.0104428357134785,-1.0557929448118526,0.0,0.0,1.0,25.353476361631955
-0.002087537937398817,-0.005944993825397666,0.205,302.88818257868894,0.0,0.0,1.0305040915402526,0.8071101045548573,0.0,0.0,1.0,26.047100480592626
-0.0009146635657613574,0.0036390322570372695,0.205,303.0343749035633,0.0,0.0,1.2619937518831559,0.774434051092692,0.0,0.0,1.0,23.206252491888826
-0.002552895196693239,0.0017695201176698345,0.205,303.0962512595401,0.0,0.0,1.303620105694706,-0.24159478365556986,0.0,0.0,1.0,21.473912567020527
0.0008001115549777276,0.0016196650668035106,0.205,303.23100796021396,0.0,0.0,1.3655848794727876,-0.8993195321857846,0.0,0.0,1.0,21.39257922131399
-0.0034512254991929604,0.0034394614551629754,0.205,302.81134395219186,0.0,0.0,1.1732892130055699,0.9443174991492798,0.0,0.0,1.0,24.765586250598478
0.00020974302942813343,-0.0025712534122566237,0.205,303.1722383064192,0.0,0.0,1.3322729449790303,1.5470871485273852,0.0,0.0,1.0,21.584664792859108
0.00602225373993638,0.0015664060869700644,0.205,302.8733189586859,0.0,0.0,1.0391707650885966,1.1284750688919503,0.0,0.0,1.0,26.304306999684652
-0.00011440714295961476,-0.004725746273968017,0.205,302.9138110908514,0.0,0.0,1.1859643138823255,-0.33866659675415484,0.0,0.0,1.0,23.494389851364986
-0.004815518874595537,-0.0005731242936791755,0.205,302.9513383127346,0.0,0.0,1.175314172709292,-0.779322947013451,0.0,0.0,1.0,23.987381755981964
0.001940890423393641,-0.003680078861897956,0.205,302.9794773647621,0.0,0.0,1.2320678827548517,0.41336555791947843,0.0,0.0,1.0,23.627856498131575
0.004489571903731378,0.0023759773650157178,0.205,302.9885372864584,0.0,0.0,1.1546343376326025,0.513125989829065,0.0,0.0,1.0,24.467120955656927
0.002488255773028217,-0.0016042604759300872,0.205,303.0262550770158,0.0,0.0,1.3120231847319672,0.5967842942975988,0.0,0.0,1.0,21.165390854694724
0.0029080814388329963,0.005311434627107227,0.205,302.8176438330768,0.0,0.0,1.0573690027774407,1.7061540420052925,0.0,0.0,1.0,27.025608505845952
-0.0006718222705556145,0.000549423593518316,0.205,303.11486017995566,0.0,0.0,1.3914528415294374,0.5186230637756047,0.0,0.0,1.0,19.673097780308634
-0.0009752080338933809,0.005831818592416254,0.205,302.79839275196883,0.0,0.0,1.072540962083613,-1.9121011691888812,0.0,0.0,1.0,25.64083796588894
0.0013577693234458283,-0.000477293176713005,0.205,303.1499162887141,0.0,0.0,1.3776544643811601,0.4182433740068519,0.0,0.0,1.0,20.007033908963315
2.066886038025831e-06,-0.0011941306067297364,0.205,303.19964575974825,0.0,0.0,1.3843270624826083,1.080530118202636,0.0,0.0,1.0,19.404560894563154
-0.003615810448842844,-0.004548564600678216,0.205,302.8751773418269,0.0,0.0,1.0832066301593106,0.7443272343910212,0.0,0.0,1.0,24.412607124532382
0.005193035392717327,-0.0022378722269329908,0.205,302.85407600001895,0.0,0.0,1.0991641415810056,-1.1125019976724806,0.0,0.0,1.0,25.00766185908979
0.005087081380075008,0.0022242957038418726,0.205,302.9264592525181,0.0,0.0,1.1094502471392578,0.6495377338980785,0.0,0.0,1.0,23.640328139610894
0.002074554354971605,0.0025984493605383675,0.205,303.12373161032883,0.0,0.0,1.2903122376701557,-1.222253762183415,0.0,0.0,1.0,22.148610934904948
-0.0015081492621774686,-0.004802065940837668,0.205,302.9139604428837,0.0,0.0,1.158856815628378,-0.7104860627505434,0.0,0.0,1.0,23.374273375190427
-0.004084080790948506,0.0039028342087205803,0.205,302.70693301247627,0.0,0.0,1.0997349229759628,0.4184575954369801,0.0,0.0,1.0,25.063964357913136
0.006026198384805844,0.0009462644421822398,0.205,302.8191069596082,0.0,0.0,1.0525576647234123,-0.7261753284630553,0.0,0.0,1.0,24.32796005274807
0.00645124694515426,0.0003403179651529307,0.205,302.75633640097004,0.0,0.0,1.0125459640387018,-0.17729340403487084,0.0,0.0,1.0,25.615315848714015
-0.0018100404424837135,-0.004578105892418495,0.205,302.95086141733043,0.0,0.0,1.1688059414994312,-0.051791629974034054,0.0,0.0,1.0,23.617431531520214
0.0025416767018115356,-0.0030249859583833627,0.205,302.99501248361395,0.0,0.0,1.2477697696991141,-1.227130526740458,0.0,0.0,1.0,22.772197396406455
-0.005367169334013757,0.0030478897045009856,0.205,302.7827155157821,0.0,0.0,1.0447062265930065,1.23751357808637,0.0,0.0,1.0,25.23346384398198
-0.0037325552848084106,0.003362894644884337,0.205,302.87550747487614,0.0,0.0,1.1597007595449278,-0.4018531113808819,0.0,0.0,1.0,25.10098545478461
-0.0036137891611240707,-0.00032147853404906624,0.205,303.01333378874733,0.0,0.0,1.2705410137455746,1.8417160961596157,0.0,0.0,1.0,24.065393143416383
-0.002946130907866402,-0.002120605286964323,0.205,303.11532616317,0.0,0.0,1.2704117640844608,2.0792355753825986,0.0,0.0,1.0,22.19633644054651
0.0018273746642059217,0.005332928099377608,0.205,302.85089533128394,0.0,0.0,1.100918629983696,0.4992310978652769,0.0,0.0,1.0,24.768034203121623
0.003939775057316944,-0.0017394799853187406,0.205,302.94085250284064,0.0,0.0,1.220681776484493,-1.2699686033858677,0.0,0.0,1.0,23.203173675117174
0.004849635575539416,0.0029702641101301544,0.205,302.90165375481337,0.0,0.0,1.0958960932850152,-0.43594961379882397,0.0,0.0,1.0,23.88819487381606
0.0003213096561313474,0.0001698728657286204,0.205,303.34147938942147,0.0,0.0,1.3983646978247106,-2.109381306283158,0.0,0.0,1.0,18.664217939423246
-0.004801349138861942,0.0025565519238135172,0.205,302.86852768503246,0.0,0.0,1.1205377019808773,-1.1310221951576165,0.0,0.0,1.0,22.99881757304878
0.0006049766031777196,0.004135124973992136,0.205,303.02377703721635,0.0,0.0,1.2306376467605569,-2.0719791662831897,0.0,0.0,1.0,21.55106850794737
-0.0037592057293018466,0.0016107490916577084,0.205,302.93887559339015,0.0,0.0,1.237453868032563,-0.03521363036481058,0.0,0.0,1.0,20.73888917800936
-0.005682964869792742,-0.001605353712115511,0.205,302.85508121401335,0.0,0.0,1.0733230483192047,1.1414168652164407,0.0,0.0,1.0,26.82144671127659
-0.0009604637899370244,0.004076094502485876,0.205,303.0056535800691,0.0,0.0,1.2299764425704243,-0.3791987811106115,0.0,0.0,1.0,23.16685965886343
-0.0015154596954318564,-0.0029070676007850143,0.205,303.16752871222934,0.0,0.0,1.2932177869397259,-1.3581498484268644,0.0,0.0,1.0,23.450094066813687
-0.0031180622737313436,0.0012309604844520225,0.205,303.06247278126085,0.0,0.0,1.2885988430249833,-1.3578065936296484,0.0,0.0,1.0,22.278661107334123
-0.003926700934468873,4.0339398583463e-05,0.205,303.0300923975494,0.0,0.0,1.2495309779488755,1.6134146809578307,0.0,0.0,1.0,21.971898820052736
-0.0018441965168379546,0.00197472646341702,0.205,303.01191070052636,0.0,0.0,1.3260494138199423,0.05021762804210437,0.0,0.0,1.0,22.04576853786843
0.005023989019107771,0.0002771860435108831,0.205,302.9396604272809,0.0,0.0,1.159011026682736,1.1439433949107387,0.0,0.0,1.0,24.314863099796835
0.0025408397829426057,-0.0017800446197348066,0.205,303.02467919166247,0.0,0.0,1.3038483435993535,-1.0411573038794746,0.0,0.0,1.0,21.71294757172353
-0.002643190347472328,0.0004574603948646429,0.205,303.18925744239743,0.0,0.0,1.3270590304158805,0.2795510991353706,0.0,0.0,1.0,21.68921204694347
-0.003740585016063569,-0.004514465850328688,0.205,302.8834678759534,0.0,0.0,1.0777820044076623,-0.44031404167169624,0.0,0.0,1.0,25.151529654905495
0.005113470390612827,-0.0030167726324559115,0.205,302.7792552224931,0.0,0.0,1.0699845613541743,1.5501559069955575,0.0,0.0,1.0,25.45667935118485
0.004908740947226533,0.003912255835812211,0.205,302.7861514973581,0.0,0.0,1.033150751720065,-0.020530475454510807,0.0,0.0,1.0,26.199552016259815
-0.0045468064230990285,0.003262965759296807,0.205,302.7707119968492,0.0,0.0,1.1050240911977116,0.6673876404812565,0.0,0.0,1.0,25.45117034202517
-0.0005769199700008012,-0.003170348023717545,0.205,303.1485142166002,0.0,0.0,1.2966537125751418,0.6568691423267145,0.0,0.0,1.0,22.025940722305844
-0.003348464232001341,-0.0012981201459118488,0.205,303.13466832916055,0.0,0.0,1.2730228816152718,0.6841286283852387,0.0,0.0,1.0,22.776665055299446
0.002304271139208868,0.005125987829306648,0.205,302.8667050658029,0.0,0.0,1.1026534048834664,-1.206264222772846,0.0,0.0,1.0,25.039791343596526
-0.0008769360046849112,-0.004144835606534129,0.205,303.06222394663024,0.0,0.0,1.2261872805421747,-0.434528626129816,0.0,0.0,1.0,24.115890342181288
0.0005911958371874152,0.0007118703165797153,0.205,303.3328632736579,0.0,0.0,1.3903454556847437,0.6529612891327166,0.0,0.0,1.0,19.441780710523105
0.0047585845035710405,0.004361622271632727,0.205,302.8123387938518,0.0,0.0,1.0131327400175585,0.9451750393033852,0.0,0.0,1.0,26.23665442438936
-0.002246005359196997,-0.00021352058436100758,0.205,303.2171697446077,0.0,0.0,1.3475019454101433,0.5967798951586586,0.0,0.0,1.0,19.104083852292327
-0.004318890208391397,0.0004520824692958154,0.205,302.99701763801346,0.0,0.0,1.2178396535707465,-0.49723377821984915,0.0,0.0,1.0,23.800058389125347
-0.005262852716196259,0.00012022480445200717,0.205,302.8888013136177,0.0,0.0,1.1374051231825562,-3.708193448370522,0.0,0.0,1.0,25.439321309996863
-0.0026689950258121636,-0.0006780833340801181,0.205,303.2016690110161,0.0,0.0,1.32333136588018,-0.023911466467306457,0.0,0.0,1.0,21.265828182825135
0.0013298537250517083,-0.00471901566613751,0.205,302.93606429943395,0.0,0.0,1.1705978003824153,0.5621205087701435,0.0,0.0,1.0,25.27737996683796
0.0037333606909571585,0.0037979360569226294,0.205,302.9540379120734,0.0,0.0,1.1315551550414817,-1.1791228179846498,0.0,0.0,1.0,25.138343577155144
-7.500303051387336e-05,-0.003809407473913137,0.205,303.0092964568528,0.0,0.0,1.2579177872247362,2.6508723679426267,0.0,0.0,1.0,23.284761836270285
-0.000483917793847403,0.004706912506901742,0.205,302.8892589307507,0.0,0.0,1.1855690995801695,-1.0473962909654935,0.0,0.0,1.0,23.14349253494331
0.002051439505171631,-0.005783538877547509,0.205,302.80712624593855,0.0,0.0,1.0485916507088298,-0.9465702010905352,0.0,0.0,1.0,27.04040589851108
-0.002874710489017014,-0.003586855681792165,0.205,303.0250317818651,0.0,0.0,1.1970470665367152,-0.5488673813495263,0.0,0.0,1.0,24.362390016238788
-0.005740932423000619,-0.0006419135053929716,0.205,302.8529195074613,0.0,0.0,1.0867121788173997,-0.24010116949519858,0.0,0.0,1.0,24.431535756636272
-0.002904424547268378,0.0006510900807594216,0.205,303.18792171823094,0.0,0.0,1.3111220335030238,-0.41938398962255413,0.0,0.0,1.0,20.58093596966407
-0.00012311771603718997,-0.003307081086105893,0.205,303.00910943211846,0.0,0.0,1.291290545592207,-2.036331078320398,0.0,0.0,1.0,20.602124036492057
-0.002753574795330875,-6.490741542564209e-06,0.205,303.23161887656624,0.0,0.0,1.323342076755504,-2.7944643157471787,0.0,0.0,1.0,23.263097395254448
0.0006417092133958452,-0.0028666917133536424,0.205,303.139665441116,0.0,0.0,1.3133143557949798,0.42151233811155975,0.0,0.0,1.0,21.083622785063017
2.056580157298659e-05,0.0034925655275716166,0.205,303.0727091975322,0.0,0.0,1.2795686194732616,0.4311370348015964,0.0,0.0,1.0,22.195106691782144
0.0018784123123018457,0.002087439757010181,0.205,303.1992965893994,0.0,0.0,1.3204287602529607,-1.6273094162918809,0.0,0.0,1.0,22.58397395249148
-0.0028850203623543387,-0.0027882733233237393,0.205,303.09501631251356,0.0,0.0,1.2432602453842674,0.5297071218331556,0.0,0.0,1.0,23.373410375847016
0.002429080824728755,0.001288059923703141,0.205,303.2212118768307,0.0,0.0,1.32355996895229,-0.29439718310996793,0.0,0.0,1.0,20.222221277854377
0.00093699298305334,0.0033083447426433617,0.205,303.07567808401245,0.0,0.0,1.2830916552537384,-0.4112953446993221,0.0,0.0,1.0,23.616371769903402
0.002503262518553905,0.0017384088806661363,0.205,303.20862496792665,0.0,0.0,1.307040441894737,0.2726627998048235,0.0,0.0,1.0,22.885151051856518
-0.0013394664602462483,0.002663400436695758,0.205,303.1060888556055,0.0,0.0,1.3108526157998692,1.920782603501735,0.0,0.0,1.0,20.003147342622093
0.0017804989638342704,0.0006193185619130252,0.205,303.21950906003354,0.0,0.0,1.3626834802373218,-1.2150732289008965,0.0,0.0,1.0,21.304616510979315
0.0043636720412232825,0.004534923020847829,0.205,302.8274898934208,0.0,0.0,1.03133177148304,-0.9048693017858156,0.0,0.0,1.0,25.499792028118215
-0.0038237835214884387,-0.0017186759517385946,0.205,303.02799124874264,0.0,0.0,1.2296252673896566,0.8671733007327939,0.0,0.0,1.0,22.385550858624566
-0.0028026210060153184,0.003194160912997574,0.205,303.0052333909774,0.0,0.0,1.225187707218005,2.167858859760357,0.0,0.0,1.0,22.304443907268706
0.004260670800408998,-0.0039055727922260833,0.205,302.7542030085901,0.0,0.0,1.0863870398512965,0.4751672209404663,0.0,0.0,1.0,26.91659244143873
0.004099940296481014,0.0016233827934721762,0.205,303.0535513181355,0.0,0.0,1.212450574337921,-0.028470103304706798,0.0,0.0,1.0,24.54393949515927
0.00013361301669619535,0.006477065554576078,0.205,302.7167807338636,0.0,0.0,1.0104663526262658,0.8125839342947646,0.0,0.0,1.0,24.878461369586628
0.0053523277805213485,0.0027098515388252055,0.205,302.92890087721656,0.0,0.0,1.0633864761135163,0.8082020656489282,0.0,0.0,1.0,25.0662451308629
0.005668759561959043,0.002766203002716174,0.205,302.8168963336109,0.0,0.0,1.0297442104727703,1.0387269367143916,0.0,0.0,1.0,25.384096253908066
0.001712512687309535,-0.0014335556501387154,0.205,303.0977107726746,0.0,0.0,1.3485052755012195,0.2901006678960973,0.0,0.0,1.0,20.783677889670578
0.005538194524088146,0.00018340836454814441,0.205,302.8573585602194,0.0,0.0,1.1105306916386484,0.17010347915583882,0.0,0.0,1.0,23.73923575779008
-0.0010857251534631491,-0.00047931713021441953,0.205,303.30030703432084,0.0,0.0,1.3845088880526635,0.011500674767469318,0.0,0.0,1.0,20.204688878803214
0.003183247787614653,0.0003561468397236477,0.205,303.0877933557166,0.0,0.0,1.2978268120217047,0.34487691029911804,0.0,0.0,1.0,21.864907438064797
0.001072577335054515,-0.001172150129888384,0.205,303.187216924811,0.0,0.0,1.3730353927611743,-0.4193461640184351,0.0,0.0,1.0,19.206512882248372
-0.0015100525993852146,4.856761466287525e-05,0.205,303.2298889360935,0.0,0.0,1.3754945769246232,0.5192309258907756,0.0,0.0,1.0,19.819026448407435
0.000964195123502061,-0.0043614449043263386,0.205,302.93828843672367,0.0,0.0,1.2078080487906147,0.9476912064934702,0.0,0.0,1.0,24.91883713725779
-0.0010891065874521623,0.004873749939209861,0.205,302.90818138684523,0.0,0.0,1.1624278322922605,-2.120388719665225,0.0,0.0,1.0,23.811523881510514
-0.00492159543304473,-0.00027695613401797437,0.205,302.95209310153535,0.0,0.0,1.1682304478428693,-1.036542876065836,0.0,0.0,1.0,24.969337528252282
0.00549722038610842,-0.0008808804030654142,0.205,302.7811844343827,0.0,0.0,1.1079327669466004,1.3365429679170704,0.0,0.0,1.0,24.33879182937992
-0.0033377386684420255,0.00275189662965677,0.205,302.87368370318165,0.0,0.0,1.2191591601497556,-0.7763911264515101,0.0,0.0,1.0,22.402009156534923
-0.001816077993649594,0.004512328415995708,0.205,302.90337915097405,0.0,0.0,1.1740295960415579,-1.6193312027282374,0.0,0.0,1.0,24.115612542207025
0.001190103386023438,-0.0028102090209138884,0.205,303.08438723028763,0.0,0.0,1.3068005575806583,0.48939511313453943,0.0,0.0,1.0,22.110574395342102
7.355423655973828e-05,0.002337159720591804,0.205,303.1596134064765,0.0,0.0,1.3438089588611208,-0.7550241665130457,0.0,0.0,1.0,20.916560218793393
6.97848014006909e-06,0.00042420261382776205,0.205,303.3687475014448,0.0,0.0,1.3978059239495397,0.7340541229086718,0.0,0.0,1.0,18.368555189066583
-0.005602518346734777,-0.0006021516568778353,0.205,302.8198371983557,0.0,0.0,1.1011745323036581,0.5794573308938398,0.0,0.0,1.0,24.975492880113087
0.005389611355587939,0.0024178686115528566,0.205,302.8937049369259,0.0,0.0,1.0731384026954784,0.879023139184853,0.0,0.0,1.0,25.74541193028582
0.0040514922210465485,-0.0037511354845508457,0.205,302.8267933125991,0.0,0.0,1.112498053817985,1.462927196645923,0.0,0.0,1.0,25.48686317984615
0.002613379062566866,0.002572112735041568,0.205,303.1123623883191,0.0,0.0,1.267901091365541,-1.4126719383350892,0.0,0.0,1.0,22.01378817323017
-0.001174761466135725,-0.005068032961514957,0.205,302.9341471998283,0.0,0.0,1.1432333211254768,-0.6366085082896675,0.0,0.0,1.0,24.186854693450258
0.0012571342823352234,0.0038611808919925654,0.205,303.0663200770672,0.0,0.0,1.2396430062415398,-0.08999204319608994,0.0,0.0,1.0,24.727130003850576
0.001456945396411185,0.005314186626785739,0.205,302.80216282683546,0.0,0.0,1.1135942086164312,-0.4551246075516684,0.0,0.0,1.0,24.451115679967625
0.003547541016276691,0.003537487360342279,0.205,302.9740426323867,0.0,0.0,1.1609867083931933,-0.8126638328283425,0.0,0.0,1.0,24.637911678092777
-0.002253715622601971,0.0008144151817408854,0.205,303.0771054891984,0.0,0.0,1.3411295862347936,0.27018086198469526,0.0,0.0,1.0,20.62384788168633
-0.0014956269485894298,0.002575693844546449,0.205,303.0820941685432,0.0,0.0,1.3110124535967123,-0.25493010577967795,0.0,0.0,1.0,22.396444237115755
0.0023234744061539376,-0.0008155385307131376,0.205,303.08623408404765,0.0,0.0,1.3380063532986584,-1.5272214993349627,0.0,0.0,1.0,19.6828453336457
0.00183130801060886,-0.00020947030410981357,0.205,303.18821105342363,0.0,0.0,1.3642430639303071,-0.2336010070620126,0.0,0.0,1.0,19.645281783375598
0.002492963324319178,-4.576545400031859e-05,0.205,303.1698822166484,0.0,0.0,1.3365181024942396,0.4006206673346223,0.0,0.0,1.0,20.727490482821192
0.0014059230526349703,-0.0016114028492803757,0.205,303.1530449652967,0.0,0.0,1.3525798009746564,-1.0486167304669674,0.0,0.0,1.0,19.98787241545204
-0.0043013591840512485,-0.002811381575651482,0.205,303.0299275702069,0.0,0.0,1.1491805225400964,-0.31109912442131177,0.0,0.0,1.0,24.856733220324134
0.003758284010715285,0.004842358983821542,0.205,302.87499302117857,0.0,0.0,1.0493415593823807,-1.0193304051379382,0.0,0.0,1.0,25.066102901025726
-0.0013046351198261602,-0.0003216286555447473,0.205,303.2910513400827,0.0,0.0,1.3803879779761439,0.4051906313097279,0.0,0.0,1.0,20.907108508868838
-0.0018856457830194848,2.8026294538943923e-05,0.205,303.2245909270145,0.0,0.0,1.3626564123890266,-2.2763130562397778,0.0,0.0,1.0,18.9893066794452
0.004977673546775116,0.0032785052150075726,0.205,302.8663840238151,0.0,0.0,1.0675183237404677,1.2902565173299156,0.0,0.0,1.0,24.34930872750199
-0.0006464499904894264,0.0012271013255787293,0.205,303.2155249575215,0.0,0.0,1.3791706431857087,-0.4250533589752642,0.0,0.0,1.0,18.945152750529747
-0.005337067271991583,0.0024652576180943897,0.205,302.76771883329815,0.0,0.0,1.076095477496647,-1.5846655696021519,0.0,0.0,1.0,25.00406112130857
0.004610053128354196,-0.0023041493250309953,0.205,302.8588806822446,0.0,0.0,1.1477717832402385,0.140156044283057,0.0,0.0,1.0,23.293021930681068
0.0022209965274086678,0.0012197014190538783,0.205,303.1298846288676,0.0,0.0,1.3345452885686984,0.1285044619226861,0.0,0.0,1.0,20.506024155764095
0.003175406007214962,-0.0014351782104503744,0.205,303.0625302356782,0.0,0.0,1.280089189221647,-0.39510819199436864,0.0,0.0,1.0,20.9431241647796
0.006249459970314569,0.0013088325541869305,0.205,302.8321217285675,0.0,0.0,1.0210672459049945,0.3964489515902324,0.0,0.0,1.0,27.226606701272992
0.0031556539757404876,0.005634305442715567,0.205,302.78033291815706,0.0,0.0,1.0128180861655858,0.4819311732580998,0.0,0.0,1.0,25.959870457921582
0.00016856708422351136,0.004523101515313036,0.205,303.015729262446,0.0,0.0,1.2029155485336722,-0.8109754070507575,0.0,0.0,1.0,23.581265638106174
-0.0008767152001856265,0.002861931795071425,0.205,303.12642644768806,0.0,0.0,1.3101722982827728,-0.6943447055064572,0.0,0.0,1.0,21.58702765324194
0.004486864653004931,-0.0005420908834808543,0.205,302.93401152248265,0.0,0.0,1.2034734849492228,0.16549305054630384,0.0,0.0,1.0,24.904192831485005
-0.0025549831507989387,-0.00014250947939512286,0.205,303.14019629288,0.0,0.0,1.3333086447153373,-1.1002864443006566,0.0,0.0,1.0,22.054204744659035
0.00640330026661636,-0.0010178319715634812,0.205,302.667351880332,0.0,0.0,1.0098667627953217,0.03895729328818417,0.0,0.0,1.0,26.32405386457965
0.004983516553412461,-0.0021470500832389753,0.205,302.81267339993735,0.0,0.0,1.1218267712529868,0.919815812788843,0.0,0.0,1.0,25.83817591650253
0.0009884010239244406,0.0017197286019820365,0.205,303.2117474366173,0.0,0.0,1.3588958572754444,-0.9031389143411287,0.0,0.0,1.0,19.101980127582745
0.005656329641123934,0.000205261211944733,0.205,302.8745262915824,0.0,0.0,1.0986233511345238,0.9439661548119804,0.0,0.0,1.0,24.705157307372037
0.0028396550331356817,0.004642603464056675,0.205,302.91900227003225,0.0,0.0,1.1202820221530265,1.465713614130247,0.0,0.0,1.0,24.6236379948707
0.0010295147905678703,-0.0007658289980075002,0.205,303.1943220895849,0.0,0.0,1.3820337282074737,0.3653024000239922,0.0,0.0,1.0,18.911837371391034
0.004331217084969166,0.0011208278333418665,0.205,303.0459118663539,0.0,0.0,1.2072240462055848,-1.5831043142944958,0.0,0.0,1.0,24.17071862979041
-0.005515888124578024,0.0026305872908959425,0.205,302.6944652433046,0.0,0.0,1.0513644618659408,-1.909742979774487,0.0,0.0,1.0,26.37785385444416
0.003033597232826172,0.004127899380499442,0.205,302.93814889985987,0.0,0.0,1.1506542629570509,-1.2181744020635998,0.0,0.0,1.0,24.277648120440283
-0.002693874464568077,0.005670247068472784,0.205,302.7227839427615,0.0,0.0,1.033087262154749,-0.4518287197604504,0.0,0.0,1.0,26.38594774918861
-7.177658495558554e-05,-0.001217438819585362,0.205,303.23322313930504,0.0,0.0,1.3836870735247009,-1.1176059021480198,0.0,0.0,1.0,18.43755529746719
-0.002297945086038325,-0.002101110590757616,0.205,303.12234764167204,0.0,0.0,1.3031765929062884,-1.2569645436983694,0.0,0.0,1.0,21.084605039474724
0.0011266768631760268,-0.0015681051787557576,0.205,303.1769818624542,0.0,0.0,1.3609436152466072,-0.739074598014602,0.0,0.0,1.0,19.634417767434403
-0.00509341589262447,0.0022170021553816087,0.205,302.7609450427505,0.0,0.0,1.1091628624587522,0.06353559949779525,0.0,0.0,1.0,25.249983562136272
-0.006012872140379224,0.000418602844427336,0.205,302.7676168659267,0.0,0.0,1.0603737700177858,-2.2085011185428858,0.0,0.0,1.0,26.006931081153972
-0.0012111857003912576,0.00423526614405941,0.205,302.92458081097857,0.0,0.0,1.2128210690619619,0.15067395872082517,0.0,0.0,1.0,23.89201769924386
-0.00597632155533163,-0.0022880819966636864,0.205,302.8046155214352,0.0,0.0,1.0194520242553287,0.60559268524854,0.0,0.0,1.0,24.206709497615144
0.001850864843638415,-0.004479780033729026,0.205,302.95173235510913,0.0,0.0,1.175528046874784,-0.13105011723382376,0.0,0.0,1.0,23.477386691112436
0.004990952838273274,0.0019393357582242199,0.205,302.9334674646199,0.0,0.0,1.1287834964398287,1.0362772071682953,0.0,0.0,1.0,24.42225319913929
0.002888131133321125,-0.002758665221232569,0.205,302.97931310894063,0.0,0.0,1.2446135829043734,-1.1453641951168216,0.0,0.0,1.0,22.578524671959954
0.0048993856221284885,-0.003232389311083649,0.205,302.81437568182184,0.0,0.0,1.0770701136460892,0.9643976979763823,0.0,0.0,1.0,25.458045683988136
0.0024515488221312277,-0.005107316545453191,0.205,302.83513557588105,0.0,0.0,1.0980998740579668,-1.0091200305635004,0.0,0.0,1.0,25.833384898202663
0.0051742332511053694,0.002551223076444112,0.205,302.8773341661203,0.0,0.0,1.0875053723479435,-0.7511170916033325,0.0,0.0,1.0,24.720534045632828
0.0048354775140757094,0.0009265089611851497,0.205,303.0289513572786,0.0,0.0,1.168760976117513,-1.72333754270622,0.0,0.0,1.0,23.759110742327184
0.002202458152322587,-0.00022518802140661913,0.205,303.1788398568398,0.0,0.0,1.3493515799460243,-1.7809022743811151,0.0,0.0,1.0,21.683381305279475
-0.0035992426018343587,0.00027023705512696375,0.205,303.0157772492577,0.0,0.0,1.2718049948345356,-2.155529958110489,0.0,0.0,1.0,22.009936686866755
-0.0033080013399214296,-0.0029376230874058854,0.205,303.05106844408346,0.0,0.0,1.2112813922768104,-1.138213755524509,0.0,0.0,1.0,22.680511419956048
0.0040261912501236,0.0015906966532744022,0.205,303.109730009153,0.0,0.0,1.218910401800979,1.3947433000104856,0.0,0.0,1.0,23.840679068224265
0.0019363293216468809,-0.004304092363882821,0.205,302.9145650193931,0.0,0.0,1.1866121046087286,-0.8587515385448093,0.0,0.0,1.0,23.460608894642498
-0.001893068018375929,0.0018310592325728992,0.205,303.1413487678073,0.0,0.0,1.3295577637282776,0.7080350204778557,0.0,0.0,1.0,21.015984664854212
0.0004649401499944628,0.003256886365041577,0.205,303.0871304433365,0.0,0.0,1.2925022952536478,-1.2703310847226994,0.0,0.0,1.0,22.45514209421854
-0.004009289152407704,-0.0012490286855447216,0.205,303.10376426091375,0.0,0.0,1.229079155067196,-1.8573017314167013,0.0,0.0,1.0,22.173463372652087
-0.0026708408416336806,-0.001367766329367152,0.205,303.19517606711844,0.0,0.0,1.3097447560124031,-0.252924373750005,0.0,0.0,1.0,20.95161709926168
-0.00398672197046991,0.003302900770237233,0.205,302.81609873819133,0.0,0.0,1.1455944681638524,-0.9637365316358351,0.0,0.0,1.0,24.048143785176386
-0.003434434905512947,-0.0014110273122077447,0.205,303.0947252439067,0.0,0.0,1.2647219729064607,0.30159213983871974,0.0,0.0,1.0,22.572565462393303
0.0013637675612442352,-0.004480527655123396,0.205,302.88183218908944,0.0,0.0,1.189703880623225,-0.35640546874531404,0.0,0.0,1.0,22.339383574391658
0.0014149210639297627,-0.0016291812310057917,0.205,303.12616817712495,0.0,0.0,1.3517626248448842,-0.552274902333858,0.0,0.0,1.0,19.542699823110823
-0.0012573828158932807,0.002980118541288918,0.205,303.0261216970957,0.0,0.0,1.295914717487409,1.631389931883039,0.0,0.0,1.0,21.294037966683234
0.00018106640194535316,-0.0020649216634039194,0.205,303.2467420918979,0.0,0.0,1.3553082176498272,-0.5702698129820614,0.0,0.0,1.0,20.794015063614818
-0.0002877987766124171,-0.0003763580534465631,0.205,303.3261265638814,0.0,0.0,1.3972938145742997,1.3911554135780106,0.0,0.0,1.0,17.44086609956911
0.0007702320421882683,0.0004619490971996988,0.205,303.376173521896,0.0,0.0,1.3908777114728343,0.6733457997826544,0.0,0.0,1.0,17.835764030821977
-0.0023398607451829774,-0.004945389474128674,0.205,302.8833056779208,0.0,0.0,1.117461762371483,-0.9171442542206507,0.0,0.0,1.0,26.02212980528246
-0.001431568787164739,-0.005463080579493613,0.205,302.8644298104132,0.0,0.0,1.0998886014133231,-1.8009868413039776,0.0,0.0,1.0,25.64574707458747
-0.0009862809519082531,0.005385753770122849,0.205,302.88121589459263,0.0,0.0,1.1170379031043582,-0.6733180512619233,0.0,0.0,1.0,23.852967403871823
0.0013494629236373069,-0.005825902230770382,0.205,302.7215920101151,0.0,0.0,1.0654172429773858,-1.5445962089890544,0.0,0.0,1.0,25.00390064923086
-0.004502379456317625,-0.004611958534608743,0.205,302.8683112490737,0.0,0.0,1.0142467691097659,0.04936788959577625,0.0,0.0,1.0,25.616416051124368
-0.003977613077540951,-0.002280752049532773,0.205,302.9691803884994,0.0,0.0,1.1980167895213116,-0.16062648549574507,0.0,0.0,1.0,24.098054974267907
0.0021551525642576454,0.005420566903689017,0.205,302.9299496581835,0.0,0.0,1.0808565514593076,-0.9674068826109274,0.0,0.0,1.0,25.629358941255347
-0.0023842504178293667,0.001797748617167604,0.205,303.1367131064142,0.0,0.0,1.3105793746103895,-0.4631174674088746,0.0,0.0,1.0,23.21234898012902
-0.001945182917661615,-0.003597922773750866,0.205,303.1224110701989,0.0,0.0,1.2374294534533201,-1.6273004368357873,0.0,0.0,1.0,22.775750038163345
0.001284550909617143,-0.0019658973166258643,0.205,303.1888512437476,0.0,0.0,1.3433492438476102,1.778076408822938,0.0,0.0,1.0,17.891621068490547
-0.0031515427116460834,-0.0019735851177394687,0.205,303.1204598566386,0.0,0.0,1.26434056544158,1.417565855099291,0.0,0.0,1.0,22.94653978794892
0.003241631459405695,-0.004625073303664991,0.205,302.806450565513,0.0,0.0,1.0998453460550477,0.2095830189283741,0.0,0.0,1.0,25.00120762518659
-0.0030512808867418782,0.0046794734767917675,0.205,302.86242307860044,0.0,0.0,1.1060316905743248,0.4556594638790783,0.0,0.0,1.0,23.13710355811751
-0.0021428146740458073,0.00045029059449399884,0.205,303.09294473831244,0.0,0.0,1.3504036578315355,-0.6291627623012378,0.0,0.0,1.0,20.92045510384291
0.0024233186512750858,0.003625031119911991,0.205,303.002948627371,0.0,0.0,1.216407120325575,0.22815187673283976,0.0,0.0,1.0,23.54461967536873
-0.006125606349581289,-0.0012160110788045587,0.205,302.83072789143887,0.0,0.0,1.0366874235000745,-3.4319579963706373,0.0,0.0,1.0,24.513353187204597
-0.00356907062299528,-0.004059331112113482,0.205,302.8945570608391,0.0,0.0,1.123880842930144,2.005876415946479,0.0,0.0,1.0,23.74523533321334
-0.0031090441866230513,-0.00484802534852118,0.205,302.8595443611588,0.0,0.0,1.0885038114937442,-0.9570895131895321,0.0,0.0,1.0,24.619701056116426
-0.001815241022858893,-0.00032795318980496804,0.205,303.22912522307854,0.0,0.0,1.3641922114046052,0.6518953988229483,0.0,0.0,1.0,20.92929955728658
-0.004784625119432993,0.0043654104387699484,0.205,302.67585296896357,0.0,0.0,1.0106496172078787,-1.7112479272397727,0.0,0.0,1.0,25.554542875615386
0.0008053525368957107,-0.0016054168416339556,0.205,303.18512568260024,0.0,0.0,1.3659610464785823,-2.871764797760143,0.0,0.0,1.0,19.739908929930536
0.0026202645203057123,0.0028880254476581825,0.205,303.1567624470772,0.0,0.0,1.2515166107138949,-0.7810882333914043,0.0,0.0,1.0,21.293929862964315
0.003970303696157816,-0.0026804863238304387,0.205,302.8491657073016,0.0,0.0,1.1804850957912674,-0.5534489884033296,0.0,0.0,1.0,24.12962926700418
0.0028502836234353393,0.004065753958389196,0.205,302.9726031955097,0.0,0.0,1.1650087940899296,0.9684518612785392,0.0,0.0,1.0,24.890662643070126
-0.0010933706259192901,-0.003002190696369245,0.205,303.1889220048807,0.0,0.0,1.298312187966,0.15947098851811312,0.0,0.0,1.0,22.40105368294332
0.001808688998222891,0.0002894367684043925,0.205,303.2591166747721,0.0,0.0,1.3646674878552096,0.609850979607412,0.0,0.0,1.0,19.930922944670293
-0.0016594333987293632,-0.0020996815329228967,0.205,303.16083329402863,0.0,0.0,1.3273801611686893,1.2026703973164758,0.0,0.0,1.0,22.27260123039377
-0.0035917512003401557,-0.0046100095102243575,0.205,302.8674432547508,0.0,0.0,1.0797372222219073,-0.07607709733571774,0.0,0.0,1.0,25.335226383169964
0.006052324180584898,0.0005708828907409845,0.205,302.843074941952,0.0,0.0,1.0548106599709064,-0.18155652741849487,0.0,0.0,1.0,23.193173548398942
-0.004452220372038972,-0.0017538205064370769,0.205,302.9857553670725,0.0,0.0,1.1809409940322861,0.02366486416437474,0.0,0.0,1.0,23.87661442140359
0.00026614183430092854,-0.0017111405918158323,0.205,303.15299429445673,0.0,0.0,1.368241832181423,-1.9521146057094516,0.0,0.0,1.0,20.93843021781935
0.002996403130068081,0.00505514582531583,0.205,302.89770647029127,0.0,0.0,1.0763523495024434,0.20240161105153653,0.0,0.0,1.0,26.616571170763685
-0.005533897204211372,0.0023394053965034396,0.205,302.7567877851788,0.0,0.0,1.0624435837244044,-0.028424507548852944,0.0,0.0,1.0,24.566867034273653
-0.0016739464331433245,-0.0038070261484199207,0.205,303.0133243720902,0.0,0.0,1.2322014426666972,0.7249660326067809,0.0,0.0,1.0,23.55021326563341
0.0014640103392569808,0.006136696950294257,0.205,302.76552018610937,0.0,0.0,1.029605751123398,1.2444665819646106,0.0,0.0,1.0,27.637384289431687
0.0028566619859620715,-0.003128993846173682,0.205,302.9342061764414,0.0,0.0,1.2261648220870323,-1.4803733451946464,0.0,0.0,1.0,23.20281410652007
0.003044699502994801,0.0038100490365173423,0.205,303.02252119302176,0.0,0.0,1.1728735921024598,1.5461797916824702,0.0,0.0,1.0,23.173661644849652
0.0040046604294735385,-0.004076317439469486,0.205,302.84409179957885,0.0,0.0,1.0931076402945157,-2.3622626935673954,0.0,0.0,1.0,24.165347367558233
0.0022032896769935625,0.0038051973937640693,0.205,302.95848541796437,0.0,0.0,1.2134666083156256,0.08310479337071036,0.0,0.0,1.0,22.869484274519042
-0.0022146625347531142,0.004575440371168125,0.205,302.7957097042056,0.0,0.0,1.1542923097797995,0.08616026678262965,0.0,0.0,1.0,25.372149938866865
-0.00023160890922120745,0.006345040908272502,0.205,302.76267081851455,0.0,0.0,1.02509134720011,-0.7330109466131284,0.0,0.0,1.0,26.776927332907306
0.0015472883628662698,0.002370253353974175,0.205,303.1677003190498,0.0,0.0,1.3192179263370922,0.858421463383955,0.0,0.0,1.0,21.818388344113263
-0.004629857880245771,0.002305030716293549,0.205,302.8579827326374,0.0,0.0,1.1460846151770743,0.07534632962942885,0.0,0.0,1.0,23.08568251810292
0.0034761733663991466,0.0041580304517360375,0.205,302.9141044204091,0.0,0.0,1.1224753532660656,-0.6934927004264582,0.0,0.0,1.0,24.722727085718077
-0.004651355222620393,-0.0009281574182352143,0.205,302.94578780400553,0.0,0.0,1.1845922154549156,1.1347217692494325,0.0,0.0,1.0,23.8545509823498
-0.004678785209923676,-0.004424668267402815,0.205,302.7979342961893,0.0,0.0,1.014889560639532,0.8595063816902238,0.0,0.0,1.0,25.68741347654075
-0.003811088362482178,-0.0006231819448687915,0.205,303.09675523458606,0.0,0.0,1.2542426222272045,0.8960807290611975,0.0,0.0,1.0,21.946393620814668
0.0036297840078011157,-0.0017064799417419465,0.205,302.9983781915003,0.0,0.0,1.2433564908167658,0.2241998859952,0.0,0.0,1.0,23.105139050490557
-0.002018272177567063,-0.0046984425390287615,0.205,302.9469549373114,0.0,0.0,1.1514981501614052,0.8498896032043098,0.0,0.0,1.0,23.55223046083725
0.0017197065134979296,-0.005889745267909493,0.205,302.7984879778267,0.0,0.0,1.0486912608240897,-0.2975843725046932,0.0,0.0,1.0,24.066011200877544
-0.0026240755920607507,-0.002606152087623341,0.205,303.0517527474691,0.0,0.0,1.2657339635234885,-0.5366280242650929,0.0,0.0,1.0,23.536963524094887
0.0024386372891115073,0.0049611011092623985,0.205,302.86474771010745,0.0,0.0,1.1118362826256818,-0.9507578122983119,0.0,0.0,1.0,24.899160229209766
0.00029231322032656845,0.00350627422765861,0.205,303.0292044866744,0.0,0.0,1.2778719269461198,0.24777828433647123,0.0,0.0,1.0,22.86395414531976
0.0019033077046026552,0.0005471720287202859,0.205,303.2349798784387,0.0,0.0,1.3590191910684002,0.6249175358750784,0.0,0.0,1.0,19.633236500978285
-0.0010765031375592942,0.0020706226215303565,0.205,303.0703719144803,0.0,0.0,1.3440177978941736,0.515475855436185,0.0,0.0,1.0,20.649913169275994
0.006430743248252356,0.0003541123358519792,0.205,302.7601494023052,0.0,0.0,1.0147913327579434,0.5787930918013909,0.0,0.0,1.0,25.308697069229318
-0.00016996321287868712,0.004391551660953991,0.205,302.96470665920054,0.0,0.0,1.2136444162594997,0.9642669268028722,0.0,0.0,1.0,22.433298419438934
0.001987320710892096,0.00547337055651102,0.205,302.8683201359529,0.0,0.0,1.0819258523433672,0.6267261683146094,0.0,0.0,1.0,25.369872819157
-0.0031079848112627838,-0.003940962970929952,0.205,302.9721502170356,0.0,0.0,1.1601554384799324,-0.8805916944157538,0.0,0.0,1.0,25.509348683838418
0.005568397929852721,-0.0008021495377309742,0.205,302.8312245290027,0.0,0.0,1.1020713780399163,-1.2674751951218732,0.0,0.0,1.0,24.37410049446881
0.00015920464884836957,0.0029378009198800822,0.205,303.16088380281695,0.0,0.0,1.3130633211151446,0.930242822649157,0.0,0.0,1.0,21.82520966610451
-0.00379166757460256,-0.004431185367738463,0.205,302.82714226919296,0.0,0.0,1.0809909296104248,-0.8161208026526413,0.0,0.0,1.0,24.447274816337934
0.0005049232094510268,-0.006318398104658778,0.205,302.7928395693114,0.0,0.0,1.0262937448441445,1.3217121287570308,0.0,0.0,1.0,25.11942629129132
-0.0003993175260701699,-0.0012938381390784684,0.205,303.2816571918162,0.0,0.0,1.3800996290885146,-0.4540665717811085,0.0,0.0,1.0,19.991566728322532
-0.004175315633976573,0.00044292631042983365,0.205,303.04006906517105,0.0,0.0,1.2291254504525937,-0.8364939030398699,0.0,0.0,1.0,23.83636022020236
-0.003475133741582867,0.0030095633330482585,0.205,302.9332701642538,0.0,0.0,1.197005713461169,1.3570148504109956,0.0,0.0,1.0,24.68159701996298
-0.00037853306738693004,-0.0026076423013767095,0.205,303.17506600831985,0.0,0.0,1.3294940796044465,-0.8601860048244204,0.0,0.0,1.0,22.091774446159516
0.001683395970628788,-0.0012764694019345819,0.205,303.1114796888364,0.0,0.0,1.3536644457305078,0.5892342230904881,0.0,0.0,1.0,20.96198557575174
-0.0029479379978854113,-0.005234888784487978,0.205,302.86503168597665,0.0,0.0,1.0624652323575416,1.3235082720397242,0.0,0.0,1.0,25.822724341839553
0.005090678595793368,0.0022016371872922037,0.205,302.9287133108577,0.0,0.0,1.1100204239005134,0.03930185479938535,0.0,0.0,1.0,25.366316726487113
0.003421099526463711,0.000921738072814954,0.205,303.1240591473118,0.0,0.0,1.2762406464022047,-2.2504520040391873,0.0,0.0,1.0,21.963073229043665
-0.00273318650838855,-0.002135899825945626,0.205,303.20319356181295,0.0,0.0,1.2811266413430833,-2.1473311221565914,0.0,0.0,1.0,22.336617170173565
-0.005114577260076595,-0.003186369626870158,0.205,302.91731244077283,0.0,0.0,1.0605336987211516,-1.1055900210410097,0.0,0.0,1.0,24.202095535320286
-0.0013461457354970426,-0.0011182974705107123,0.205,303.242389895748,0.0,0.0,1.3675996577193275,0.402652271226444,0.0,0.0,1.0,21.153228513280602
0.0002528901418320821,0.0035140792889795922,0.205,303.05551771463263,0.0,0.0,1.2775598487559179,-0.033105420522924964,0.0,0.0,1.0,21.42307577532054
-0.0002670478070073561,0.00589086425118913,0.205,302.82869507517813,0.0,0.0,1.074209950820072,0.7689070713098937,0.0,0.0,1.0,24.836553854524414
-0.0037104577060262595,0.0011358841288801776,0.205,303.0271443354694,0.0,0.0,1.252896774276986,0.011659175722808258,0.0,0.0,1.0,23.892422782556498
-0.0036838075116609075,-0.004088321035342392,0.205,302.89722921635376,0.0,0.0,1.11429735915988,-0.725375875910511,0.0,0.0,1.0,24.812835218712227
0.000392610114558304,-0.002378988710315268,0.205,303.2375006615621,0.0,0.0,1.3404361441448585,-0.4028030495958659,0.0,0.0,1.0,20.46585524863029
-0.0014014414067453527,-0.0029074524745939757,0.205,303.2417641916959,0.0,0.0,1.2963381843316313,2.5625695956537027,0.0,0.0,1.0,21.89831131702436
-0.002375937174211529,-0.0022106685242397664,0.205,303.1117750066967,0.0,0.0,1.2952530951840198,-0.26989841097833034,0.0,0.0,1.0,23.591077078213672
-0.00022398975556559003,0.004022336846560823,0.205,303.0834686991555,0.0,0.0,1.242043630344378,0.9044860999894232,0.0,0.0,1.0,23.26166213468171
-0.0020184926571293277,-0.0016242000566611995,0.205,303.25621197443024,0.0,0.0,1.3317219919760983,1.6706169767436152,0.0,0.0,1.0,22.30979785019232
0.000905066123787895,-0.005176046192185435,0.205,302.8663177133972,0.0,0.0,1.13831867831562,-0.3649261668357263,0.0,0.0,1.0,24.22064683674335
0.004585379438531684,0.0033829787592729336,0.205,302.92813467280746,0.0,0.0,1.0947455254814582,-0.7822740559026543,0.0,0.0,1.0,23.92269443450553
-0.006184791668995329,-0.0010465156499065177,0.205,302.8063454241462,0.0,0.0,1.033634063898257,-1.3539414154163185,0.0,0.0,1.0,24.533247735270702
-0.002293194838800723,0.002628883316628574,0.205,303.04994263622007,0.0,0.0,1.2798375032980238,-0.4693279019891046,0.0,0.0,1.0,21.49835207517239
0.002475868416279829,0.003785243165137973,0.205,303.0487292295792,0.0,0.0,1.2031794196679628,0.010082306764025493,0.0,0.0,1.0,24.700472905059307
-0.0009581360203345188,-0.0024160019624604383,0.205,303.194903406983,0.0,0.0,1.3313089303630832,-0.034709738740309,0.0,0.0,1.0,21.934518774698432
-0.0005890616971346494,0.00020496722009004668,0.205,303.298038478913,0.0,0.0,1.3954374422675506,0.49778586301477534,0.0,0.0,1.0,19.185383804206865
0.0013788812224456955,0.0009350168501419555,0.205,303.30732473388855,0.0,0.0,1.370492307071339,-1.832252209102697,0.0,0.0,1.0,19.809535928631384
0.0005960844278135272,0.00068477825712482,0.205,303.3758892259269,0.0,0.0,1.3906889074390307,-0.23146173444768295,0.0,0.0,1.0,19.662468106255652
-0.0010327326258475844,-0.0008360983050436817,0.205,303.29852901554807,0.0,0.0,1.3808001557938825,-1.3831438020110882,0.0,0.0,1.0,21.019959851945476
-0.004449391240532598,0.004085379903282949,0.205,302.6621086463965,0.0,0.0,1.0589747077583633,-0.6659713473069065,0.0,0.0,1.0,25.965054265582822
-0.0025934917906953966,0.004009204290929167,0.205,302.8287769010886,0.0,0.0,1.1818338723638173,0.7881806882132228,0.0,0.0,1.0,23.530355287900576
-0.0020703241580993428,-0.001932106587094603,0.205,303.2264301145512,0.0,0.0,1.319150154508729,-1.638047626975319,0.0,0.0,1.0,22.566515050992212
-0.003386473575080395,0.0008134490098095873,0.205,303.0708434291735,0.0,0.0,1.2802114973804826,0.7632234981373655,0.0,0.0,1.0,22.70942334091011
0.0011277391985166595,0.0031111468545611263,0.205,303.1209515744314,0.0,0.0,1.2912991533748022,-1.9823386918207477,0.0,0.0,1.0,22.258444996920083
-0.001771739288555413,0.00150395273249883,0.205,303.10354775466175,0.0,0.0,1.3444612487657748,-0.59701412198849,0.0,0.0,1.0,22.554278003200718
-0.00552329316565487,-0.00011759833855259107,0.205,302.8601958991477,0.0,0.0,1.1121845790736873,-0.40962137091121903,0.0,0.0,1.0,24.269754672220596
-0.0015478610873391452,0.006237439911615949,0.205,302.7455565050943,0.0,0.0,1.0163647292682025,-0.8291716791917967,0.0,0.0,1.0,25.975399468442305
0.0022438217375363636,0.0009950955621350415,0.205,303.18707927283236,0.0,0.0,1.338382149503837,1.6190444064021678,0.0,0.0,1.0,21.567556984915477
0.0003446648922830385,0.002203969849153304,0.205,303.1263913937122,0.0,0.0,1.3486181179692012,-2.051307573857984,0.0,0.0,1.0,21.865951891993177
-0.0020602729925657056,0.004966182115634144,0.205,302.8195095169047,0.0,0.0,1.1266535719208268,-0.10079202638824546,0.0,0.0,1.0,23.69731375275263
0.00018383738984824175,-0.005580631578333181,0.205,302.8270677543357,0.0,0.0,1.1063050098460092,-0.5527450894257677,0.0,0.0,1.0,26.51868901407104
-0.002011125920617197,-0.0032169337925820533,0.205,303.1389035446971,0.0,0.0,1.2590702194868781,0.6168290796819388,0.0,0.0,1.0,22.28343736413531
0.002542039386252459,-0.000914314133794678,0.205,303.104614837754,0.0,0.0,1.3260751151258325,-0.8948805588839001,0.0,0.0,1.0,22.37273283787736
0.003989977252683422,-0.0038008165861008426,0.205,302.824423853071,0.0,0.0,1.1135686177788964,0.7202815149454239,0.0,0.0,1.0,25.170197552570983
-0.0053210042492146835,0.002051799479376236,0.205,302.8035363093523,0.0,0.0,1.0942747251823361,2.1254427521074692,0.0,0.0,1.0,24.30402029686551
-0.003062644927643032,-0.00024036979623623714,0.205,303.1815076245357,0.0,0.0,1.3056226159144009,1.7429727094997027,0.0,0.0,1.0,19.97054862211194
6.457860638860494e-05,-0.00028264105593672317,0.205,303.29015011661676,0.0,0.0,1.3989356296843505,1.5457274289120642,0.0,0.0,1.0,19.269580138137584
-0.004236093245551709,0.0002793443533597075,0.205,303.04588499981094,0.0,0.0,1.225508043337039,-0.07230775889266693,0.0,0.0,1.0,22.74286584715613
0.0005352149743640207,-0.0026654432401661933,0.205,303.10007591614425,0.0,0.0,1.3251794119628189,0.7815825655252459,0.0,0.0,1.0,21.72412372957359
-0.0002539535679110843,0.0009087696078030351,0.205,303.1610607489912,0.0,0.0,1.3899807421687467,0.8157607309701994,0.0,0.0,1.0,19.368819316332964
0.00404030903264483,-0.00027292822295461606,0.205,303.03270865475105,0.0,0.0,1.2404793929798088,-0.1397801150259511,0.0,0.0,1.0,23.733235770765635
-0.0034152027254554748,0.003497875980583041,0.205,302.9342282916564,0.0,0.0,1.171857052680367,0.5646535641734162,0.0,0.0,1.0,24.248250008667622
-0.0025195981945502436,0.0042366864904174305,0.205,302.92761657165494,0.0,0.0,1.1682387737018576,-1.0522688945870218,0.0,0.0,1.0,23.244296701093187
-0.0013037456578250746,-0.0047698827945771086,0.205,302.9714781139267,0.0,0.0,1.1668467333550687,0.3871984495263983,0.0,0.0,1.0,24.599943919292166
-0.0017522590611346045,7.052448117928043e-05,0.205,303.2852641973439,0.0,0.0,1.3674721561603247,-2.20813598291774,0.0,0.0,1.0,19.200456116360325
-0.0030358320372846337,-0.00040807994244495464,0.205,303.11265225463893,0.0,0.0,1.306142979585698,-0.5371870996043566,0.0,0.0,1.0,20.200848107765356
-0.004182798920841074,-0.00395952803879407,0.205,302.86109925280357,0.0,0.0,1.0884666663849796,-1.6760698953321735,0.0,0.0,1.0,23.56263105702637
-0.002841854301630373,0.0006638485207623392,0.205,303.1148735170442,0.0,0.0,1.3143919106261042,2.354127672188287,0.0,0.0,1.0,22.241447274116833
-0.005515970706463456,-0.0014201050810894093,0.205,302.9179101543752,0.0,0.0,1.0949921924470465,0.6913156152765711,0.0,0.0,1.0,25.672064395006572
0.0014647564901443914,-0.00459476644386659,0.205,302.9300224516297,0.0,0.0,1.1776773959814884,-1.0224694798668221,0.0,0.0,1.0,22.683833466216228
0.002691281194689233,0.004097640478124051,0.205,303.0268061297039,0.0,0.0,1.170633774041814,0.9112967588212023,0.0,0.0,1.0,22.507921756430385
0.0015189666718336758,-0.004391386912299484,0.205,302.9112888890202,0.0,0.0,1.192833225661705,2.1392147763810545,0.0,0.0,1.0,23.320361734715153
-4.4233413601973554e-05,-0.0037783910494826665,0.205,303.05176805954613,0.0,0.0,1.2601410228217969,-0.4681505267093529,0.0,0.0,1.0,23.215957238790445
-0.0018501616842728007,0.003755183787157443,0.205,302.9788944053748,0.0,0.0,1.2300918831242995,2.2092517127800306,0.0,0.0,1.0,21.85675976158433
0.0005062285777296065,0.00015080996415547926,0.205,303.2770892579517,0.0,0.0,1.3966727075413123,0.1711276360910145,0.0,0.0,1.0,19.370013203593967
0.003452718146458425,-0.003765966865900847,0.205,302.89311606756416,0.0,0.0,1.151904580194644,-2.3020120984601613,0.0,0.0,1.0,25.199352337187996
0.004805789309476612,0.00011328654489968916,0.205,302.9614409566347,0.0,0.0,1.179030226452351,-1.0764826656679214,0.0,0.0,1.0,24.41760858229421
-0.0026382571402484424,-0.004529517349547083,0.205,302.8789679995268,0.0,0.0,1.1395223538169426,0.06672815678670085,0.0,0.0,1.0,25.183962162982812
-0.0009367350709324732,0.003351206849966092,0.205,303.0563749692727,0.0,0.0,1.2804164274843957,1.49961762383057,0.0,0.0,1.0,22.549544127307428
0.0014348063997270937,0.006284774751299691,0.205,302.7130321913194,0.0,0.0,1.0141102042085945,0.9177056044583742,0.0,0.0,1.0,27.507520669203664
0.005378546743841647,-0.0011768219322469994,0.205,302.88138900828704,0.0,0.0,1.1140386430989744,-1.0162681050177986,0.0,0.0,1.0,23.77812668662668
0.00278612475163071,-0.005697737847303579,0.205,302.72361831422535,0.0,0.0,1.0258554229890937,1.9346399047843403,0.0,0.0,1.0,25.89672434034706
0.001001532853545519,-0.0014289990856620513,0.205,303.14793024855175,0.0,0.0,1.3677764752471582,0.1410851308388517,0.0,0.0,1.0,19.827464721278314
0.005146928430816721,0.00031027778339391216,0.205,302.8529033623308,0.0,0.0,1.1475421951191913,2.1673914674576227,0.0,0.0,1.0,24.874981462267215
-0.0019790340243883453,-0.0048851930430145974,0.205,302.9417662884026,0.0,0.0,1.1367784944357466,-1.108784310831803,0.0,0.0,1.0,23.943231145503624
8.743310498120833e-05,-0.004793169891528935,0.205,303.01886405214645,0.0,0.0,1.18017792062923,-0.8498039951202272,0.0,0.0,1.0,25.317124738073364
0.005129623626599739,-0.0014077212575519006,0.205,302.77495350528085,0.0,0.0,1.132162867783405,-1.263977129844958,0.0,0.0,1.0,23.783214064265877
0.0017670872820342474,-0.005076719765172258,0.205,302.80521045466946,0.0,0.0,1.126761446606519,0.5520263360282381,0.0,0.0,1.0,23.940430067215235
9.382862582609455e-06,-0.0030155665475486773,0.205,303.1285052979989,0.0,0.0,1.3088921861371547,0.5927328522433418,0.0,0.0,1.0,22.029685876746182
0.004669156931641028,-0.0036471435890818625,0.205,302.781354772219,0.0,0.0,1.071281623219426,1.6849249408227187,0.0,0.0,1.0,25.541051370698582
0.00020238378975155627,-0.0037640191529661523,0.205,303.0115732296856,0.0,0.0,1.2607868685198207,1.6581566246139228,0.0,0.0,1.0,23.205589161707064
-0.003168168052815575,-0.004852108203178947,0.205,302.8595010912689,0.0,0.0,1.0848405527731544,-1.2990442459600609,0.0,0.0,1.0,25.401667837413292
0.000646610536261413,0.0038167815940090034,0.205,302.9870289904744,0.0,0.0,1.2535632372898455,-1.0241787252300079,0.0,0.0,1.0,23.273482199132147
0.001440071177942533,-0.0001379598838363621,0.205,303.2324899825463,0.0,0.0,1.3774342638064485,1.0026862728221437,0.0,0.0,1.0,20.728040067568116
0.0045692731179996175,0.0006126007284994665,0.205,302.96858037421913,0.0,0.0,1.1959153533057318,-0.8419757427843906,0.0,0.0,1.0,23.69367348553543
-0.0018620789340695239,0.0038909671174746207,0.205,302.99379686981644,0.0,0.0,1.220136760910079,-0.37965350319718955,0.0,0.0,1.0,22.089157520089515
0.0018132199505826215,0.002318849844630023,0.205,303.16708396442226,0.0,0.0,1.3129792563582219,0.9873875017059955,0.0,0.0,1.0,22.599132450248394
0.005339545243470914,-0.0024422537286033197,0.205,302.7762353663731,0.0,0.0,1.0768650753542508,0.6308206188815099,0.0,0.0,1.0,25.46819768165405
-0.0024309369008149056,-0.001954968249897166,0.205,303.0286437830524,0.0,0.0,1.3028337722379701,0.7346001563961727,0.0,0.0,1.0,22.425164053442806
0.0051537310215886666,-0.0038331738846620433,0.205,302.69110634694385,0.0,0.0,1.0167827012016162,-0.9771649147086519,0.0,0.0,1.0,24.220437170223626
0.0017473004557922705,-0.0034988344180624346,0.205,302.9731017472361,0.0,0.0,1.2506964855574059,-0.9412249203661187,0.0,0.0,1.0,23.66422630393986
-0.0038551573605031973,-0.0001676689049399291,0.205,303.0175960223806,0.0,0.0,1.2544506126944457,-1.1137152106284245,0.0,0.0,1.0,22.26171271089893
0.001380435598828659,0.0005698169122389233,0.205,303.27707308443127,0.0,0.0,1.376028530692897,-0.0398621165978605,0.0,0.0,1.0,19.85862398721914
-0.0028654948417597046,-0.0013548156379981466,0.205,303.1424267277644,0.0,0.0,1.299846005671654,-2.1666359072551367,0.0,0.0,1.0,21.711615657197452
0.0001788464439720498,0.003647276290110741,0.205,303.13614585424807,0.0,0.0,1.2689364268689522,-0.6308505087689207,0.0,0.0,1.0,21.979648571598016
0.004779452870862108,0.0002904885806131431,0.205,302.9959660626432,0.0,0.0,1.1806737987714702,-0.18600211666301003,0.0,0.0,1.0,22.92929865881725
0.00346988413117066,-0.002946607240018676,0.205,302.9425738731826,0.0,0.0,1.2007618390470804,1.5284626571127597,0.0,0.0,1.0,23.562839640604455
-0.004079124598775244,-0.0008909837980342769,0.205,303.03461631111435,0.0,0.0,1.2309337937713756,-0.12653285446110016,0.0,0.0,1.0,23.432709380050053
-0.006253125118023606,-0.001737172131652256,0.205,302.79417306595633,0.0,0.0,1.009151745992148,0.7824917874332008,0.0,0.0,1.0,25.9335745215946
0.004977032120714455,-0.003590141252640363,0.205,302.685455240454,0.0,0.0,1.0485718200193348,0.37135923720543373,0.0,0.0,1.0,24.89671364898686
0.004623728563564806,-0.0011813827525761933,0.205,302.8913330365639,0.0,0.0,1.1820646600811366,0.050027328630417305,0.0,0.0,1.0,25.03840614020797
0.0004246381359530273,0.0009114005350663035,0.205,303.36780667652243,0.0,0.0,1.3886954982677788,-0.4465628492337909,0.0,0.0,1.0,20.10856597648377
-0.0015299916443560102,0.0055539810164688735,0.205,302.82171254328426,0.0,0.0,1.0883425664404573,1.8127543296399384,0.0,0.0,1.0,26.356877197133848
-0.0015197998016889078,0.004411505774483381,0.205,302.87588633346,0.0,0.0,1.1911961712922667,-0.34576384832884965,0.0,0.0,1.0,23.336438253104493
-0.00020537342136924683,0.005303516065125623,0.205,302.832111745497,0.0,0.0,1.1332893866122058,-0.6682004126974681,0.0,0.0,1.0,23.716036960228703
0.0021090001750790023,0.0007639453716922684,0.205,303.1839677886475,0.0,0.0,1.3480766358821854,0.6773193650017897,0.0,0.0,1.0,22.08761448863674
-0.005264865110806861,0.0021024160012750757,0.205,302.77991879436496,0.0,0.0,1.0977050530460144,-0.3869003840880234,0.0,0.0,1.0,23.4270616988558
0.0014678431876084552,-0.0019499478599782113,0.205,303.1049940736798,0.0,0.0,1.3390438916391352,0.4237346551066551,0.0,0.0,1.0,21.838427570481315
0.0003318162143188056,-0.004239518123109774,0.205,302.9816639194423,0.0,0.0,1.2249461365870609,1.1863470917657983,0.0,0.0,1.0,23.309128507923422
0.005780941034866213,-0.0016456057230952261,0.205,302.7440284080146,0.0,0.0,1.0621729736627044,-0.8809289395488923,0.0,0.0,1.0,25.854746152007202
-0.002063584741316326,0.005778716120765605,0.205,302.7344619252779,0.0,0.0,1.0486429264243375,0.18831050103372313,0.0,0.0,1.0,28.608569756367135
0.0026949583469662863,-0.0026198510757814864,0.205,303.0047569310983,0.0,0.0,1.261553748201801,0.08137350764749142,0.0,0.0,1.0,22.12914721669468
0.004750034997904934,0.0023521462281658394,0.205,302.89778292611976,0.0,0.0,1.1339553648159137,-0.33834621822652106,0.0,0.0,1.0,24.337725655238064
0.001164044221353285,0.006223294269572227,0.205,302.7739938067568,0.0,0.0,1.0271130284032057,4.053722065037924,0.0,0.0,1.0,24.205655575645892
-0.002006504886757479,0.00510933918229446,0.205,302.879857903786,0.0,0.0,1.115672311499049,-1.9174673567511806,0.0,0.0,1.0,23.518120485447007
0.006252187409984549,-0.001005415268767247,0.205,302.7716496528441,0.0,0.0,1.026968831821641,0.31352810425911365,0.0,0.0,1.0,24.470669869591063
0.002452628271754727,-0.0017177481987257224,0.205,303.10613462267673,0.0,0.0,1.310107899981889,-0.5748424110804592,0.0,0.0,1.0,22.018410907715808
-0.0023191085161356423,-0.0001412775181044848,0.205,303.1530646164382,0.0,0.0,1.3444877258828738,-0.1791240364348614,0.0,0.0,1.0,19.030507307622898
8.244041128872976e-05,-0.004389548978928748,0.205,302.99082524265117,0.0,0.0,1.2140081128432834,0.3695323123305856,0.0,0.0,1.0,23.51436968598049
-0.004121105355967787,0.0038675708116942117,0.205,302.7334173022392,0.0,0.0,1.0994687102819696,-0.29975147090292104,0.0,0.0,1.0,24.228248218898035
0.004190883218119513,-0.00400315350761508,0.205,302.77186764375926,0.0,0.0,1.0847647910754505,1.0192671958254702,0.0,0.0,1.0,24.018083332886764
-0.0018045698070308556,-0.0019495697893552144,0.205,303.1910115942342,0.0,0.0,1.3283927457408493,-2.3121874920261893,0.0,0.0,1.0,20.435780029087045
0.0002563488081154261,0.0015408322169778335,0.205,303.23947974134705,0.0,0.0,1.3738933887715672,0.27599142272122135,0.0,0.0,1.0,19.97252262921342
0.0038121331435359163,0.004056312270371069,0.205,302.9824951917611,0.0,0.0,1.1080165018132873,-0.895071350646521,0.0,0.0,1.0,24.043077813774183
-0.00016551201058123143,-0.00020592757688822467,0.205,303.3134566107431,0.0,0.0,1.3991078956412164,-0.07315114403799716,0.0,0.0,1.0,17.689879737275003
0.002460937778476852,-0.0006157314373999221,0.205,303.05870933401224,0.0,0.0,1.334401545344567,2.080870237855726,0.0,0.0,1.0,19.663035151446536
0.00380147191411401,-0.0011892492208735162,0.205,303.00248898620083,0.0,0.0,1.245409846771159,-1.902565682397847,0.0,0.0,1.0,24.284669331528544
-0.004322436740684133,-0.0012512956587677274,0.205,303.0242359475235,0.0,0.0,1.2050881830592544,0.39253456280008775,0.0,0.0,1.0,24.151653168715818
-0.005229273578554257,-0.0012036674033016326,0.205,302.9443911288369,0.0,0.0,1.1276738968576492,0.3545777548678864,0.0,0.0,1.0,25.51818245884992
0.00026932271642711393,-0.0034857670471027274,0.205,303.1609988301409,0.0,0.0,1.279337252541643,-1.060810784069183,0.0,0.0,1.0,23.074341708837046
0.002331367233123476,0.005934926061998722,0.205,302.7821882018799,0.0,0.0,1.0220401245135171,-3.5351774302117316,0.0,0.0,1.0,26.22898406210368
-0.00011686326375935054,-0.004368674800198761,0.205,303.0023581496094,0.0,0.0,1.215621499043518,-0.28978885702636353,0.0,0.0,1.0,25.049665826859872
0.004929557335806979,-0.002515419564509049,0.205,302.8056456147063,0.0,0.0,1.1112236254762144,-1.3722800152022543,0.0,0.0,1.0,22.093485534345973
-0.001275856647305976,-0.005233876869653377,0.205,302.9095921413818,0.0,0.0,1.1256333088226955,0.07894458059239286,0.0,0.0,1.0,24.414330562748244
-0.0021594472751244867,-0.0055075172837818495,0.205,302.86157919589203,0.0,0.0,1.072231136358205,-0.23396465224764076,0.0,0.0,1.0,25.165910532478577
-0.0013887411821506199,0.002427133151395145,0.205,303.1229083024725,0.0,0.0,1.3210640557784754,-1.6318519980866033,0.0,0.0,1.0,20.673150356272373
0.0014676268545324796,-0.003331819188634597,0.205,303.03860906201976,0.0,0.0,1.2696803794900648,-1.1039465875503618,0.0,0.0,1.0,22.768182870223107
0.0007993522067320764,0.0007453143105324005,0.205,303.3800678775659,0.0,0.0,1.38675466912115,1.3538469447903803,0.0,0.0,1.0,17.450582429041248
-0.0013435900784165256,-0.002677194397832358,0.205,303.1973926975546,0.0,0.0,1.3100454217363768,-1.2505065926102248,0.0,0.0,1.0,23.05458743873436
-0.004221173707707214,0.004527327573939721,0.205,302.70165041871365,0.0,0.0,1.042767383941272,0.8344383936776507,0.0,0.0,1.0,24.39892063322246
-0.005048007998958936,-0.0020114865082523103,0.205,302.8812615374075,0.0,0.0,1.12108010989237,0.5285537052962644,0.0,0.0,1.0,23.305349879690013
0.0024296420863630804,0.001115362674163374,0.205,303.1726834737917,0.0,0.0,1.3275264535303488,-1.218206137744946,0.0,0.0,1.0,23.05645910758073
0.0013978812116347229,-0.0016328935603679101,0.205,303.15056828129076,0.0,0.0,1.3521152229174689,0.1345508887203634,0.0,0.0,1.0,21.621672062427873
0.00011616405043117801,-0.00034207430521585616,0.205,303.26480597724,0.0,0.0,1.3983833765820157,-0.675755992565775,0.0,0.0,1.0,20.357841618505226
-0.002148912585598932,0.0006871054975925532,0.205,303.1954611767845,0.0,0.0,1.3475038251415745,-0.9573182172542892,0.0,0.0,1.0,19.84099681126932
-0.001120438740012165,-0.003287314950152953,0.205,303.1209811910552,0.0,0.0,1.28085029328514,1.4624347188591038,0.0,0.0,1.0,21.926532680907556
0.005900544135682947,0.0021027726014094363,0.205,302.79412055136316,0.0,0.0,1.034596263364289,-1.4234738982074457,0.0,0.0,1.0,25.70279283372821
0.002035677403630644,0.0003699986474560212,0.205,303.2670621009706,0.0,0.0,1.3554644075130924,-0.09334098381027967,0.0,0.0,1.0,18.71199169494274
-0.0025745384856427894,-0.002626000849198262,0.205,303.09407415653703,0.0,0.0,1.26716744540034,0.3365800721282875,0.0,0.0,1.0,21.910616245827832
0.0024497587235307785,0.002050283117905109,0.205,303.1156410927878,0.0,0.0,1.298346535288756,-0.04966961101571211,0.0,0.0,1.0,21.508938878170593
0.001070201990247905,9.403217737805168e-05,0.205,303.2625826543295,0.0,0.0,1.3871793944930968,0.48412508664834153,0.0,0.0,1.0,19.72311832394087
0.0015859296687715672,-0.0054388867630225214,0.205,302.8520374103828,0.0,0.0,1.0980830006497881,0.8636376822854105,0.0,0.0,1.0,24.22522881099495
0.001140605855976769,-0.0012127719071723315,0.205,303.21072814543703,0.0,0.0,1.3705304095113113,-0.057935773185333696,0.0,0.0,1.0,20.395735261021983
0.003193347296938464,0.0003494525548198723,0.205,303.09290928021744,0.0,0.0,1.2972623157679957,-1.16941853312996,0.0,0.0,1.0,21.340647106374234
0.005951898825641854,-0.0016675876763049958,0.205,302.738470057728,0.0,0.0,1.0437333880102337,-2.351118101896355,0.0,0.0,1.0,25.414642536869515
-0.0042020418267250175,0.0018543198289444518,0.205,302.92118778607846,0.0,0.0,1.1973558351400468,-1.513774384012591,0.0,0.0,1.0,22.509871711456682
0.0041040229813108856,0.003504695296651565,0.205,302.9432674102431,0.0,0.0,1.124693802969148,-0.4997769577177238,0.0,0.0,1.0,24.616216143955327
0.006391918475262788,-0.00019748301604777659,0.205,302.7208427647302,0.0,0.0,1.01994744217569,0.4366164651599215,0.0,0.0,1.0,25.64420242035099
-0.004552080050728794,-0.0023810570986289173,0.205,302.913699184866,0.0,0.0,1.1493130975531496,-0.5500857493286594,0.0,0.0,1.0,23.62336612850207
0.0024468819386750085,0.005860684078103946,0.205,302.8066199190673,0.0,0.0,1.0248999656432896,-0.8298826302075482,0.0,0.0,1.0,27.052466737981646
0.0010543795455825419,0.004788316259726392,0.205,302.9288649832078,0.0,0.0,1.1705790418828546,3.6536564114541354,0.0,0.0,1.0,24.222422307740096
-0.003464640815403132,0.0032343298447622074,0.205,302.88874809176554,0.0,0.0,1.1848829103046752,0.6682787646166994,0.0,0.0,1.0,24.3924515571153
0.004028510253212724,-0.004595218322354514,0.205,302.70112190061946,0.0,0.0,1.0513652157770546,0.8664148554685905,0.0,0.0,1.0,25.60777040127861
-0.0017358390303855102,0.0023743744225299354,0.205,303.1495578413377,0.0,0.0,1.3131132165446844,0.5617059722902844,0.0,0.0,1.0,20.77376134479068
0.0008748447887170893,0.004748839268255671,0.205,302.9822302070356,0.0,0.0,1.1771376624141137,-0.08268361200489528,0.0,0.0,1.0,22.4619942298155
0.0035663155365896907,0.0036611879298305296,0.205,303.00447584044593,0.0,0.0,1.1517318178940192,0.03936023714008434,0.0,0.0,1.0,25.488892406601355
0.0014597824900761404,0.0004274126427731403,0.205,303.2486903034599,0.0,0.0,1.375178224643236,-0.5411213894527757,0.0,0.0,1.0,22.485458251660393
0.0042495638527894584,0.003610270596165973,0.205,302.9306728659045,0.0,0.0,1.1070603549788696,0.15211747893605332,0.0,0.0,1.0,25.798516754869556
-0.005317152219527099,-0.0019181783107342556,0.205,302.8297633232449,0.0,0.0,1.0993801998658375,-0.04960553333861052,0.0,0.0,1.0,23.64804117951566
0.0036200094075931224,-0.0024834994906702654,0.205,302.9242733145984,0.0,0.0,1.2140328529444797,-0.9441119781992008,0.0,0.0,1.0,24.177130833543572
0.0005786141206455891,0.0018941230536956995,0.205,303.2192618650601,0.0,0.0,1.3590140392399266,-1.4054980064248346,0.0,0.0,1.0,21.34956670634606
0.0032508993774718197,-0.0043755127677746,0.205,302.82732169315256,0.0,0.0,1.1194203061352412,-0.19005525853142083,0.0,0.0,1.0,24.59417607424906
-1.4157084511099389e-05,0.006283111195362202,0.205,302.9030189296349,0.0,0.0,1.0324767647726079,2.272681644883603,0.0,0.0,1.0,25.830484893079053
0.0001083940853262543,-0.001038204563585727,0.205,303.2887999500905,0.0,0.0,1.3878616056546718,0.25476969599159865,0.0,0.0,1.0,19.455722026179853
0.006264059891427656,0.0015536729539658645,0.205,302.79838860841016,0.0,0.0,1.0132697150655274,-0.47549744024904694,0.0,0.0,1.0,24.25150693997332
7.561947680172252e-05,0.004614411113082219,0.205,302.91358715094566,0.0,0.0,1.1955051307558708,-0.46409925271311525,0.0,0.0,1.0,24.10998045193033
-0.0026708722854377827,0.0016565420510285217,0.205,303.0298264507734,0.0,0.0,1.3014462109929326,1.7228090152081648,0.0,0.0,1.0,22.547419359697948
-0.003028603071949328,0.005219961167284228,0.205,302.8115747005495,0.0,0.0,1.0595694565807723,0.6693124292776463,0.0,0.0,1.0,25.323409904012262
0.005493632968542685,0.0004281623540487375,0.205,302.8250658286104,0.0,0.0,1.1135936996128135,1.1857687530723537,0.0,0.0,1.0,24.04155949301333
-0.0046915983989970055,0.0022219109651456033,0.205,302.8873046702198,0.0,0.0,1.144288267741738,1.1021893899100514,0.0,0.0,1.0,23.399154613826315
0.0031668478868102927,-7.154601072392405e-05,0.205,303.1727381502681,0.0,0.0,1.2999647859721737,1.1037398701806618,0.0,0.0,1.0,22.056166892414844
0.005237569116008116,0.003021539075832162,0.205,302.85406191770693,0.0,0.0,1.058313985822736,-0.11134918748934414,0.0,0.0,1.0,26.322955568013185
0.004940122204006875,0.0005429583035475747,0.205,302.93589708020045,0.0,0.0,1.1646000864212773,1.6120535470848807,0.0,0.0,1.0,23.96057527879553
0.005003106057511584,-0.0018562000489080748,0.205,302.85738934220234,0.0,0.0,1.1305279809318178,0.5330019235208577,0.0,0.0,1.0,24.0174734968035
0.004735226710303762,0.0010773050404794477,0.205,302.9505635837631,0.0,0.0,1.1747218579697751,1.198038695183328,0.0,0.0,1.0,23.248621488119003
-0.0032342514388679446,-0.0036762127139410385,0.205,303.00068333353335,0.0,0.0,1.1711662713442919,0.12149389246037606,0.0,0.0,1.0,25.219952842266547
0.0021650492169189685,0.0035458295129714465,0.205,303.007690765395,0.0,0.0,1.2325258859353283,1.8810973127271085,0.0,0.0,1.0,22.028980015288866
-0.0035367909176844082,-0.004217639875205449,0.205,302.9624540438847,0.0,0.0,1.11418471089038,1.8893546251610034,0.0,0.0,1.0,24.61732257614904
0.0031742896264461734,-0.004766806945877164,0.205,302.77168750575873,0.0,0.0,1.0918140992933247,-0.3123174109039701,0.0,0.0,1.0,27.15886534915826
-0.000946859593809264,0.0010023775851834844,0.205,303.1611849913642,0.0,0.0,1.379400833191924,-1.7759465842123596,0.0,0.0,1.0,20.327526534878714
0.005164215262476461,-0.0026786114236098586,0.205,302.8221353633065,0.0,0.0,1.0824886550320445,0.10299002530458645,0.0,0.0,1.0,26.36867013704184
0.0009152904428047016,0.0019221719243927944,0.205,303.2962915007818,0.0,0.0,1.3529811775652212,-2.395567888068249,0.0,0.0,1.0,21.702661830837474
0.0028451370860607564,0.00538287436745948,0.205,302.86421269333863,0.0,0.0,1.0538026645750762,1.6062880952926395,0.0,0.0,1.0,26.045076282088363
0.0029755329649205774,0.0014296781542221994,0.205,303.1859710193272,0.0,0.0,1.29180139179401,0.05976598323169133,0.0,0.0,1.0,21.26947343096089
0.004187413668542093,0.004393143717757478,0.205,302.8943406605391,0.0,0.0,1.055896767309044,1.1438929779703786,0.0,0.0,1.0,25.06470926898702
0.003468668981516444,0.0033483276786748298,0.205,303.0001208416017,0.0,0.0,1.1778084179515296,2.1587553325033992,0.0,0.0,1.0,23.049783422346355
0.0052251643572500586,-0.0035317965287248597,0.205,302.7448647222674,0.0,0.0,1.0298395559578606,-1.2292948192223856,0.0,0.0,1.0,25.490296363862814
8.809523985529425e-05,-0.006328756451519598,0.205,302.8040684582061,0.0,0.0,1.0273204591463627,2.059946736001481,0.0,0.0,1.0,25.75305756598778
0.006180855538197048,0.0019101361623613893,0.205,302.77364853490593,0.0,0.0,1.0115124493837009,-0.3034446205873399,0.0,0.0,1.0,26.2909914544897
0.0002274566463908985,-0.000606549839956547,0.205,303.2269584804967,0.0,0.0,1.3950967620346946,-0.061526265000993494,0.0,0.0,1.0,19.001725280688184
-0.004270058464338609,-0.0018052207634847058,0.205,302.96837650079493,0.0,0.0,1.193738615846447,-1.1732789196822302,0.0,0.0,1.0,23.454994451335615
-0.005224145037028369,0.0012339724229328015,0.205,302.8348093608491,0.0,0.0,1.127491850368836,-0.7498959456140147,0.0,0.0,1.0,24.665414250202623
0.0029494690431514075,-0.0046752610132457535,0.205,302.7919050046949,0.0,0.0,1.1118545828974329,1.5477358816900892,0.0,0.0,1.0,24.544514490737193
-0.004153864675824483,0.000118016911489072,0.205,302.9739985997124,0.0,0.0,1.2324505351197943,1.142201921474671,0.0,0.0,1.0,22.778160048835456
0.0008349906406451248,-0.002793048447366936,0.205,303.12005582956743,0.0,0.0,1.314568594274151,-2.121816836891307,0.0,0.0,1.0,22.80609827661577
0.0037185057354524043,-0.00030546841672860614,0.205,303.0402975063904,0.0,0.0,1.2634707755042982,-0.9609575939662249,0.0,0.0,1.0,21.432024334403444
-0.0023711882505113918,-0.004187248965539942,0.205,303.04682468575413,0.0,0.0,1.178601993748599,1.579693601828665,0.0,0.0,1.0,24.191871305893418
-0.00038890071060397884,0.0028288740930850586,0.205,303.1158176682066,0.0,0.0,1.3178625256357912,-0.7809329084171808,0.0,0.0,1.0,22.35765441183102
0.001061630614110077,0.0032380573650256116,0.205,303.12280952300114,0.0,0.0,1.2850748624779973,-1.26420797489656,0.0,0.0,1.0,23.283783069486685
0.0013559152475768922,0.0011039033477382475,0.205,303.2796631539677,0.0,0.0,1.3676558282554445,0.031079603839107184,0.0,0.0,1.0,18.174565942911208
0.003329086796831017,0.004517024465377162,0.205,302.910406378602,0.0,0.0,1.103539650689043,0.278463411103445,0.0,0.0,1.0,25.305696636403503
-0.003118999047251309,0.004003911577343226,0.205,302.8773002830011,0.0,0.0,1.1550143457378517,-0.7951414549625331,0.0,0.0,1.0,25.921182605922237
-0.0027931227424477186,0.004559558511433887,0.205,302.86106710244354,0.0,0.0,1.1294982164525837,-0.3560708925308343,0.0,0.0,1.0,23.10162643070422
0.00022479217704575398,0.0025144617878591555,0.205,303.08423934220014,0.0,0.0,1.3350048989449812,0.5485868591689449,0.0,0.0,1.0,20.474619531545933
-0.005588666811718427,0.0008972020857836139,0.205,302.8187211214901,0.0,0.0,1.0986057350551102,1.5397554610105406,0.0,0.0,1.0,23.7647163875066
0.001645623638899239,-0.0026526818215794816,0.205,303.062017443924,0.0,0.0,1.3027062621073724,0.11551412673936932,0.0,0.0,1.0,19.453048998783494
-0.0015278214518311978,0.002715536550094211,0.205,303.06897052218136,0.0,0.0,1.3030517449828314,-0.8147507803248345,0.0,0.0,1.0,20.019032132451112
-0.005364870774206681,0.003084259771349454,0.205,302.7089872470124,0.0,0.0,1.042949013134925,0.7364226691422017,0.0,0.0,1.0,24.398805159652014
-0.001778434606520201,0.005088410783116365,0.205,302.8073425631604,0.0,0.0,1.125332653926098,1.9261331532600856,0.0,0.0,1.0,25.083881490580286
0.002960754248343295,0.005587048111568824,0.205,302.8022359795452,0.0,0.0,1.0280252697919618,1.1855405732104307,0.0,0.0,1.0,24.759703396911398
0.0023947429377275554,0.004233907319851433,0.205,303.01281430907005,0.0,0.0,1.1740158232529312,0.08830770823164029,0.0,0.0,1.0,23.37931646713506
0.00016639529601126927,0.003326524133286286,0.205,303.1695334260033,0.0,0.0,1.2899566011493524,2.339507494845444,0.0,0.0,1.0,22.92941920168908
-0.006066270097211658,-0.00161754206277987,0.205,302.7841849857312,0.0,0.0,1.0330216881501173,2.4710613624566835,0.0,0.0,1.0,24.288703559509067
0.0007339544133693771,-0.0064337294733196,0.205,302.8330060458075,0.0,0.0,1.0108072890805466,1.6235245367485152,0.0,0.0,1.0,25.852786072037887
-0.000920500550882454,0.0033356546568866214,0.205,303.0334042233277,0.0,0.0,1.2816754145568867,-2.533975645454484,0.0,0.0,1.0,21.494979428115148
0.003987576499791981,0.0004150743688383845,0.205,303.0164267398934,0.0,0.0,1.243489258423179,-1.6162743147553784,0.0,0.0,1.0,22.91807346283335
-0.0037962704912187155,-0.00044490348720492464,0.205,303.01289022698984,0.0,0.0,1.2570588256359647,2.329603098013742,0.0,0.0,1.0,23.03004325350144
0.0018354196602816519,0.005636783415813023,0.205,302.8714059116143,0.0,0.0,1.0709310334295694,1.177194512456515,0.0,0.0,1.0,24.884451403981256
-0.003962999914848396,-0.0032617152656678793,0.205,303.01605061301836,0.0,0.0,1.1497346377922402,-0.3645415641273787,0.0,0.0,1.0,23.73739951401954
-0.002323408151641546,-0.0017474896066528418,0.205,303.1969699172497,0.0,0.0,1.3150116228761117,-0.5777971961037661,0.0,0.0,1.0,21.441839395343244
0.0033243909115821253,0.0031432335720228185,0.205,302.9278553396399,0.0,0.0,1.198854245523305,-0.7987592732513488,0.0,0.0,1.0,24.481031162721248
0.0032036154419417527,-0.0027183747813954075,0.205,302.920369384785,0.0,0.0,1.2289111980933716,-1.410909799724589,0.0,0.0,1.0,23.564199313167205
0.006088768074782169,-0.0018596569776962184,0.205,302.7418743705459,0.0,0.0,1.0231635313780683,-1.032395980155113,0.0,0.0,1.0,25.587423207360814
0.0035656066310078205,-0.004169711232183076,0.205,302.84737766847553,0.0,0.0,1.1159535005357566,-1.4283470321012175,0.0,0.0,1.0,26.235139654823207
-0.0016013623755082777,0.004533856347253899,0.205,302.87284008033237,0.0,0.0,1.1789233060371231,-0.9349307767155766,0.0,0.0,1.0,22.579975408949092
0.0024435307610789158,-0.0026380547320679192,0.205,302.9610141031958,0.0,0.0,1.2727156869046774,-1.252600728825371,0.0,0.0,1.0,22.60035381627043
0.004783295607284,-0.0036683143813901835,0.205,302.76505978966725,0.0,0.0,1.060315266358747,-2.0317052234485424,0.0,0.0,1.0,24.705218209441504
0.0062712183854803935,0.001599918292888912,0.205,302.757787570666,0.0,0.0,1.011192144288263,0.05996745767342021,0.0,0.0,1.0,25.512697831496514
0.00311680454508864,-0.004037151630023528,0.205,302.88659116898657,0.0,0.0,1.1527236274973411,-1.5755686251959875,0.0,0.0,1.0,25.47748861910565
0.003446434275895545,0.0023996246135001343,0.205,303.109286669016,0.0,0.0,1.2290640972187994,0.8612018472272744,0.0,0.0,1.0,23.216534271597112
0.00124764851898889,0.002798893322496475,0.205,303.0925244380132,0.0,0.0,1.3060705187275654,1.0201837254070578,0.0,0.0,1.0,22.60436881637923
0.005140160443696809,-0.0011668241646388472,0.205,302.89202324131173,0.0,0.0,1.1367691219698204,1.258812606163956,0.0,0.0,1.0,24.4986167609468
-0.0016094654914368424,0.0032435738656635166,0.205,302.99073612518475,0.0,0.0,1.2710238363987778,1.104865846699838,0.0,0.0,1.0,22.995040281197653
-0.004111584007471648,-0.0016576043720905424,0.205,303.03994589360923,0.0,0.0,1.2105461724683895,-0.21285846911515022,0.0,0.0,1.0,24.46846633321747
0.002458144774000868,0.0053744063803804155,0.205,302.8871309388582,0.0,0.0,1.0728472329116567,0.3762253490340538,0.0,0.0,1.0,24.243524927824172
0.0058694629058779904,-0.0012529901281313816,0.205,302.7910196377182,0.0,0.0,1.063121073011601,0.04990817714879248,0.0,0.0,1.0,25.284357415050458
0.0006439177594958339,-0.001320909870764577,0.205,303.17375700096096,0.0,0.0,1.3767526512718593,-1.348033624989007,0.0,0.0,1.0,19.255570799822816
0.00020706512869363036,0.0023377968928179295,0.205,303.16959752915056,0.0,0.0,1.3434141714854746,-0.2162578624885957,0.0,0.0,1.0,21.00318983762067
0.0007275307806461459,0.0006386946253844053,0.205,303.36079828086963,0.0,0.0,1.389480250914553,-2.4374960240022197,0.0,0.0,1.0,18.863530826590356
0.0012288248007478846,0.006215108018692218,0.205,302.7288764465954,0.0,0.0,1.026643003143941,-0.13379766606459959,0.0,0.0,1.0,25.1030597717
0.005271897964637849,-0.0023268974506838926,0.205,302.75248728547626,0.0,0.0,1.0881661038572383,0.051484545248888715,0.0,0.0,1.0,24.838932132940418
0.0015904708510924407,-0.0011535234306619194,0.205,303.15051551403843,0.0,0.0,1.3596325343888174,-1.0538204008342233,0.0,0.0,1.0,19.812497068605055
-0.003845051603489394,0.0040766946834131955,0.205,302.78829723791694,0.0,0.0,1.1042773505964942,0.6350886461944688,0.0,0.0,1.0,25.941959136612137
0.003963455665451855,0.0016653892571415812,0.205,303.0772459599923,0.0,0.0,1.2212798923320476,0.5054309742980424,0.0,0.0,1.0,21.168929820364614
0.003955502007130029,0.002990067500127717,0.205,303.01918326846237,0.0,0.0,1.1656243121503436,-0.34834495169425467,0.0,0.0,1.0,24.566532041424594
0.0024827248106252297,-0.005215938589554333,0.205,302.81279020691227,0.0,0.0,1.0867159263057053,0.11917678260433838,0.0,0.0,1.0,23.627820408641146
0.0021388043390678504,-0.0023741261602504065,0.205,303.0518334451542,0.0,0.0,1.2982899433531003,0.25910737123146815,0.0,0.0,1.0,20.60579638845038
-0.006445326107254756,0.00047750333222905807,0.205,302.7179216542946,0.0,0.0,1.0122299235085952,-0.1553452006104929,0.0,0.0,1.0,26.589988241750916
-0.005181949369813668,-0.0037601207763507116,0.205,302.85974400767367,0.0,0.0,1.0191044846749975,0.4299953933421672,0.0,0.0,1.0,26.249982461041846
-0.001821789883738556,-0.001993120081440596,0.205,303.2452879251039,0.0,0.0,1.3261375562533646,0.5385965850804587,0.0,0.0,1.0,21.30749066340627
0.001323551362438073,0.004231962596838348,0.205,303.0096179756578,0.0,0.0,1.2104681437338147,-0.5608482625057996,0.0,0.0,1.0,24.401029058927968
0.002427769802475232,-0.0003354574013144429,0.205,303.17822556702123,0.0,0.0,1.338560479151515,0.01879654404578249,0.0,0.0,1.0,20.610844906560974
-0.0027576665950450156,-0.005095178166176517,0.205,302.8773687500367,0.0,0.0,1.0849714164144313,0.6557740654291502,0.0,0.0,1.0,24.149727223693247
-0.00041654699292420613,-0.003815256092300709,0.205,303.02438954250647,0.0,0.0,1.255942913067615,0.8898436903886898,0.0,0.0,1.0,22.709144645934426
0.0006922742677296644,0.0009998617371916472,0.205,303.30317777722706,0.0,0.0,1.3837740067015663,1.3859532354054158,0.0,0.0,1.0,18.061794581831304
-0.004041616946442329,0.0036509790794531476,0.205,302.83963057122514,0.0,0.0,1.1198611714578168,1.7414885626155454,0.0,0.0,1.0,24.381034108644208
0.0022578669095381673,0.002122161996016519,0.205,303.1737070980064,0.0,0.0,1.304065613053597,-0.9283929287646719,0.0,0.0,1.0,22.19450401528988
0.003781915003770014,-0.0028167012474624984,0.205,302.9541291576567,0.0,0.0,1.1869570002539933,1.0861546109738291,0.0,0.0,1.0,24.64272359305661
0.00354685155157646,0.0011784718914288812,0.205,303.11059971021945,0.0,0.0,1.2630202652026807,-0.9829855401968488,0.0,0.0,1.0,24.23109977922259
-0.003849629250797513,-0.004059424151566713,0.205,302.9905583734568,0.0,0.0,1.1052193598399993,0.4505136044040047,0.0,0.0,1.0,24.41614499648349
-0.00581389917694833,-0.0013353371155338043,0.205,302.85627539532373,0.0,0.0,1.0669962836348124,-0.06403219890521197,0.0,0.0,1.0,24.858385139974704
0.0027306895362503724,0.005402553431654596,0.205,302.79023173524575,0.0,0.0,1.057582286590602,-1.4323506873804228,0.0,0.0,1.0,25.135627550522653
-0.0011473765797886263,0.001549685149517054,0.205,303.1489228862708,0.0,0.0,1.3610466976904478,0.6380238964205017,0.0,0.0,1.0,20.42917232596001
0.002442631217227516,-0.0035235402704117983,0.205,302.99063370050675,0.0,0.0,1.2222052432482247,0.8268986141378992,0.0,0.0,1.0,22.302991640915042
0.004023536248505598,0.003762873736213649,0.205,302.8685454978426,0.0,0.0,1.113730477636751,0.9441158651712837,0.0,0.0,1.0,23.89528146240041
-0.0009033893484696323,-0.0006249846408600335,0.205,303.28671833258704,0.0,0.0,1.3866255407908477,-0.23814065227961606,0.0,0.0,1.0,19.522147550818165
0.001822457022686916,-0.0016369338458201755,0.205,303.13570592598586,0.0,0.0,1.338615828560569,0.2423780873049722,0.0,0.0,1.0,22.482156907353122
0.0008157703285989229,-0.00020757849762848902,0.205,303.1863889475035,0.0,0.0,1.3919348147319481,0.18615701508354557,0.0,0.0,1.0,18.418309602543857
0.0021510190163926794,0.0023365103514540702,0.205,303.0887574791676,0.0,0.0,1.2994712250310971,2.307866347683249,0.0,0.0,1.0,22.27088189984475
0.0018236336062842909,-0.003109614699636316,0.205,302.98313406216243,0.0,0.0,1.2721063292904597,-0.4759265346295458,0.0,0.0,1.0,21.911250729291993
-7.201414390339692e-05,0.005149235401981775,0.205,302.8898202099986,0.0,0.0,1.1481496278825625,0.0024071605545796203,0.0,0.0,1.0,22.443827099109704
0.003306216817728652,0.004373248902846298,0.205,302.93422922776716,0.0,0.0,1.11634498363099,0.4246476219322882,0.0,0.0,1.0,24.628546483478246
0.0018588820992698043,-0.004537071614054273,0.205,302.9403007332398,0.0,0.0,1.1705720367504364,-0.2149696573949206,0.0,0.0,1.0,24.50769563260118
-0.004085398365030955,0.004384189845293239,0.205,302.71428322686774,0.0,0.0,1.0640893979616364,2.187275007122274,0.0,0.0,1.0,24.452491635487018
0.0021763406233306633,-0.005927776653224628,0.205,302.7231919104453,0.0,0.0,1.0289637906745603,-0.3853327880629296,0.0,0.0,1.0,26.313398644913704
-0.0013142604036115696,-0.0016837808037380492,0.205,303.22813556076096,0.0,0.0,1.3526865935202073,-2.7191841803249917,0.0,0.0,1.0,20.922250516473365
0.004359395631459984,0.001697000667851356,0.205,303.01001588527544,0.0,0.0,1.1901670295709699,0.9363473243833844,0.0,0.0,1.0,22.543711756497284
0.001066208276779584,-0.0016330526147753505,0.205,303.1446513835078,0.0,0.0,1.3601945630592776,0.4233517715509586,0.0,0.0,1.0,22.044756709646588
0.0008362024638979989,-0.005430502515590788,0.205,302.7834513560306,0.0,0.0,1.1151507549434416,-1.7877807984932501,0.0,0.0,1.0,25.442471383974567
-0.0006500197342929856,-0.0014341293514433526,0.205,303.25997358132923,0.0,0.0,1.3734933138142493,0.5097361420903986,0.0,0.0,1.0,20.086623040403353
-0.0011256359403822498,-0.0012608756384145689,0.205,303.33031397896394,0.0,0.0,1.3696718634800722,0.6285981071858316,0.0,0.0,1.0,20.67460528255863
-0.006331048769903779,0.0008895217041067322,0.205,302.81722671779085,0.0,0.0,1.0201433856900786,2.0215990373473125,0.0,0.0,1.0,26.777099110601803
0.0010597346914034478,0.002534002740157366,0.205,303.2076983583059,0.0,0.0,1.3237071860882053,1.3450006384768851,0.0,0.0,1.0,22.88040376042983
-0.0025403407916725585,0.005718419635292916,0.205,302.7260703085447,0.0,0.0,1.0353431484069449,0.12324572920965772,0.0,0.0,1.0,25.101543525453348
-0.00294917866074669,0.004780988239678799,0.205,302.85300491820715,0.0,0.0,1.1029209369582755,1.1996919520725366,0.0,0.0,1.0,25.55020908905811
0.0018970670994934837,-0.00397938918418482,0.205,302.93029869390944,0.0,0.0,1.2125466055342564,-1.1308325027104524,0.0,0.0,1.0,22.7998476102641
-0.0011531347122418366,-0.0013461735793394026,0.205,303.19599853962256,0.0,0.0,1.366804147990978,0.5854965956979008,0.0,0.0,1.0,18.53285596893577
-0.0018374815270911483,0.0030881008174194055,0.205,303.02642793245195,0.0,0.0,1.2728790710190945,-1.154163047390894,0.0,0.0,1.0,22.958773613563572
-0.0007370497544029938,-0.005527845652279009,0.205,302.9190980982389,0.0,0.0,1.1069934676166158,0.01295619606565264,0.0,0.0,1.0,24.732551660756613
0.0009287828616706729,0.005735734042532827,0.205,302.85907283279187,0.0,0.0,1.0832266190414113,1.0255016435862272,0.0,0.0,1.0,23.562956408992882
-0.0010879340526216438,-0.002142682070004589,0.205,303.17974541985035,0.0,0.0,1.3408162181305758,-1.38729335422309,0.0,0.0,1.0,22.398933807525676
-0.00490751757598812,0.0021222798934294133,0.205,302.82812745747964,0.0,0.0,1.129527946743458,0.7294566425210119,0.0,0.0,1.0,24.134573119631202
-0.005877030485658987,-0.0023153369192963993,0.205,302.8331991715431,0.0,0.0,1.0287403449765526,0.7156304893084813,0.0,0.0,1.0,25.61630447829549
-0.004657729889182355,0.003729810829006481,0.205,302.70461335751685,0.0,0.0,1.0668061457949032,-0.551476091525336,0.0,0.0,1.0,24.41314841047498
0.005558953116187961,0.002523172152940285,0.205,302.8596468207887,0.0,0.0,1.052044320883399,0.4992456027940898,0.0,0.0,1.0,24.761849215717916
0.003038916150615294,0.004606053083159376,0.205,302.87355907442696,0.0,0.0,1.1128104726669459,-0.08048978430368788,0.0,0.0,1.0,24.428533918837847
0.0028030081698961293,0.0009699454297236834,0.205,303.18640066908574,0.0,0.0,1.3117125474527394,0.5127112903784162,0.0,0.0,1.0,21.433452244067766
0.0005400951317088053,-0.004582287722039104,0.205,302.9286855291427,0.0,0.0,1.1955912797356196,-1.226012651473835,0.0,0.0,1.0,23.36903979186541
0.0002714504212978907,0.00496626587555806,0.205,302.880397392438,0.0,0.0,1.164257216366461,-1.3247279478351677,0.0,0.0,1.0,23.852564921181234
-0.003750028581568599,-0.004539570787576897,0.205,302.8797255973057,0.0,0.0,1.0751283569713048,-1.3603786499779056,0.0,0.0,1.0,25.637796051216732
0.003825152148295643,-0.005034083584083019,0.205,302.71404063092217,0.0,0.0,1.0280905502038313,-0.05040408374598993,0.0,0.0,1.0,24.623253441178576
0.0018828366202514408,0.005622290436478075,0.205,302.8600096913606,0.0,0.0,1.0708142253617876,-0.6066083691487903,0.0,0.0,1.0,24.136130023835463
-0.0025822233431160376,0.001721004814322973,0.205,303.05703634374765,0.0,0.0,1.3037979543415186,-1.691783019009012,0.0,0.0,1.0,20.970540620586167
-0.0015260191877460394,-0.004351970819949487,0.205,302.98866895729765,0.0,0.0,1.195779907355604,-2.068043093591968,0.0,0.0,1.0,23.19217464082689
0.002594834258926074,-0.0005549700236390691,0.205,303.09874345821964,0.0,0.0,1.3285483124868582,-3.122474137309884,0.0,0.0,1.0,21.906560828259845
0.005506477827745947,-0.0004478400428186631,0.205,302.7812376980817,0.0,0.0,1.1121732731397478,0.1703420744210165,0.0,0.0,1.0,23.468834570658885
-0.004379440428538536,-0.0021124165974394883,0.205,303.02400887985215,0.0,0.0,1.1741878829071457,-0.6486645268547482,0.0,0.0,1.0,24.619430481839263
-0.003870553610003369,-0.002743482705821047,0.205,302.9807953187655,0.0,0.0,1.184489418539536,-0.0714186101625775,0.0,0.0,1.0,22.72508960491741
0.0029368608158758863,0.0001719487246509414,0.205,303.1759925770436,0.0,0.0,1.3130757491995444,0.28194995183612803,0.0,0.0,1.0,21.54821686399298
-0.0027842528066987066,-0.003783825103337803,0.205,303.01812271884796,0.0,0.0,1.188479913000177,0.42160054268332753,0.0,0.0,1.0,24.47620775518382
-0.0032811021133300425,0.0007510141083197942,0.205,303.07015128847587,0.0,0.0,1.2877318729530893,0.5372838267908041,0.0,0.0,1.0,23.667136529418602
-0.0018116045191446392,0.002436329694986328,0.205,303.0720465690828,0.0,0.0,1.3077134840812115,0.3266648836110553,0.0,0.0,1.0,21.234708932780407
-0.0020950821545579275,-0.004625775474145785,0.205,303.0017374268411,0.0,0.0,1.1547640382352724,-2.1844263189458357,0.0,0.0,1.0,24.219981983349737
-0.0014533647675651744,0.00464511546757865,0.205,302.90357275737944,0.0,0.0,1.1737563127243276,-0.3882456877064537,0.0,0.0,1.0,24.606212765299805
-0.001246293577489937,0.005120602889254979,0.205,302.9120378106761,0.0,0.0,1.1368492880433114,0.5081106986669872,0.0,0.0,1.0,25.97978726948504
0.0007356763726701028,-0.0033565622624916274,0.205,303.0669487109127,0.0,0.0,1.2832360493461397,-0.6797477001858918,0.0,0.0,1.0,20.813200540386337
0.004451571386687415,-0.002988359537885842,0.205,302.8702904909763,0.0,0.0,1.1280992270536732,0.4131897395181458,0.0,0.0,1.0,23.343220733433398
-0.005485665313444049,-0.003232259777093591,0.205,302.76814036951083,0.0,0.0,1.0230875150866268,1.7650800512441653,0.0,0.0,1.0,24.600468484170918
0.0034889754187270236,-0.003068912518111833,0.205,302.9189166806128,0.0,0.0,1.1928365549191098,1.24423147115045,0.0,0.0,1.0,22.74772512725248
0.0010740597376445507,-0.005869075063544767,0.205,302.828892984983,0.0,0.0,1.0668620647397615,-1.4233915502545376,0.0,0.0,1.0,25.214451203665604
-0.0009699506082581621,-0.0008440123293892256,0.205,303.2866151886545,0.0,0.0,1.381963590719657,-0.7845318615609335,0.0,0.0,1.0,19.018102275731614
-0.005190878695604487,0.00021430519564180387,0.205,302.89277706376333,0.0,0.0,1.1438991714778415,-2.6654871390787354,0.0,0.0,1.0,22.679196274133368
0.0025871683569673957,0.0032216850428156214,0.205,303.1278097760351,0.0,0.0,1.2342560601929045,1.0452371917292596,0.0,0.0,1.0,22.67961625878584
0.0024054939561374694,0.0008084893592533442,0.205,303.1976932904921,0.0,0.0,1.3343558748285482,0.3941057808520796,0.0,0.0,1.0,20.934545438723067
0.0049766834641103395,-0.003952184992541979,0.205,302.67216928235064,0.0,0.0,1.0244379677899493,0.9659447004543298,0.0,0.0,1.0,26.24625891511047
0.0018690938458734891,-0.0008267187975950462,0.205,303.19004939024006,0.0,0.0,1.3564919570998595,1.9771882930809606,0.0,0.0,1.0,21.33631420932182
0.0026058337067499052,0.00021783692713446532,0.205,303.1718383832879,0.0,0.0,1.3305099530420577,-1.3126413900489398,0.0,0.0,1.0,22.736923841593182
0.0052365043637362125,0.0021693394765565535,0.205,302.8408295047051,0.0,0.0,1.097811798121777,2.6160955779591304,0.0,0.0,1.0,25.89544969187865
-3.2743174172480076e-05,0.00638135186793288,0.205,302.7990567358585,0.0,0.0,1.0214740422604551,-0.11961367332625031,0.0,0.0,1.0,24.73584790430236
-0.0010615498298153264,-0.006000456771828561,0.205,302.80584408138765,0.0,0.0,1.0532505987903966,1.644081372548336,0.0,0.0,1.0,24.15439547844194
0.0012415840187024348,0.0012491240660847003,0.205,303.27458988743473,0.0,0.0,1.3672063805661223,-1.254306418010183,0.0,0.0,1.0,18.915813140199663
-0.0024099188057374126,-0.00586859355095237,0.205,302.84274198690036,0.0,0.0,1.0256664158910997,-0.6018973192287248,0.0,0.0,1.0,25.53253388631382
-0.0024403912181517424,-0.0051475411610368465,0.205,302.9773512427747,0.0,0.0,1.0949023611040696,-0.23366207669285255,0.0,0.0,1.0,26.51676647008139
0.0013092692380648186,0.0033412757306272205,0.205,303.09270739125105,0.0,0.0,1.273200773904098,1.4053183727806406,0.0,0.0,1.0,21.8268705648067
0.002402181501547312,0.002613463797145426,0.205,303.11511553336817,0.0,0.0,1.2757991373694466,-0.6413943068400005,0.0,0.0,1.0,22.63105399178078
-7.576736562430913e-05,0.004118799842885604,0.205,303.01384463557304,0.0,0.0,1.2352009944625262,1.4524022850341751,0.0,0.0,1.0,23.38454832366743
-0.004343984104610065,-0.002665459258121541,0.205,302.97028651939894,0.0,0.0,1.1530685434524328,-2.758629675399201,0.0,0.0,1.0,24.002613685924516
0.001058825650678564,0.0010934629477667086,0.205,303.29469516519606,0.0,0.0,1.375146360519379,-1.1707349043968591,0.0,0.0,1.0,19.116742875496136
0.0014074182417280758,-0.006144558491372525,0.205,302.7455694093407,0.0,0.0,1.0301888140292785,-0.9583776725978919,0.0,0.0,1.0,25.664481491687063
0.0031741175813785804,-0.00404366296039232,0.205,302.8945251199247,0.0,0.0,1.1489939558171083,-0.01718143069303263,0.0,0.0,1.0,24.004981092026654
-0.00018935243347381847,-0.004934611301333524,0.205,303.0083867859534,0.0,0.0,1.1674382202837414,-0.6382395502306244,0.0,0.0,1.0,26.223944883626093
-0.00499407524002264,-0.0031102598911602647,0.205,302.81518452118627,0.0,0.0,1.0756261035038626,0.8256689956673252,0.0,0.0,1.0,25.507806794280476
-0.002728959790604522,-0.001206085420357044,0.205,303.18231326723236,0.0,0.0,1.3107193019548065,-2.745014520580651,0.0,0.0,1.0,22.040621414825157
-0.003686525164175273,-7.550880695769851e-05,0.205,303.11225610799784,0.0,0.0,1.2664953394067786,0.40601392442773804,0.0,0.0,1.0,21.231982574143856
-6.571931693418464e-05,-0.0005812078076012447,0.205,303.3017302329371,0.0,0.0,1.395961481358853,-0.5745393924439465,0.0,0.0,1.0,18.53422672064582
-0.00016495548374413104,-0.004728623100634979,0.205,302.8925148916342,0.0,0.0,1.1855883434248276,-0.9501003625767183,0.0,0.0,1.0,24.621033922264495
0.004817240775596004,0.0011088249190974713,0.205,302.97414243381803,0.0,0.0,1.166993785361221,0.6693579783432339,0.0,0.0,1.0,23.101274758904196
-0.005482956819301615,-0.003188430973853751,0.205,302.7983500176653,0.0,0.0,1.0258359854683519,-1.1393791164519147,0.0,0.0,1.0,25.59982647899677
0.00450100041997611,-0.003149657846723635,0.205,302.78150415002835,0.0,0.0,1.115242567869165,0.9861503953147823,0.0,0.0,1.0,24.66635430658318
0.0005202876181074227,-0.001402817278436601,0.205,303.191008679342,0.0,0.0,1.3759437715944265,0.2119949923989318,0.0,0.0,1.0,18.33616651202338
0.001213333287449594,0.003653869702129979,0.205,303.11687523785537,0.0,0.0,1.2550766503724105,-1.5333710396393898,0.0,0.0,1.0,21.44396247378342
-0.002654228123907223,0.000861094738371562,0.205,303.04451506265576,0.0,0.0,1.321382152050115,-0.09664862088905958,0.0,0.0,1.0,21.13034685055109
-0.003648510131711718,0.0011210364644284232,0.205,303.07153608621803,0.0,0.0,1.2574423565564765,1.357485725625949,0.0,0.0,1.0,22.40113476389414
-0.0018442936490444988,0.0018295714582577983,0.205,303.0519366500073,0.0,0.0,1.3313701719419313,-1.8933703032749272,0.0,0.0,1.0,20.07543118611533
-0.0012218330116311388,0.0013580112103917506,0.205,303.1727566410888,0.0,0.0,1.3648481825441094,-1.11608909426308,0.0,0.0,1.0,18.397002195283214
-0.001408765656087675,-0.00011703881465371268,0.205,303.2424414033133,0.0,0.0,1.378403557557881,1.3004837921368935,0.0,0.0,1.0,19.24489106813933
0.004242353466774826,0.0015662264766180187,0.205,303.0793986648998,0.0,0.0,1.2032467058981884,-0.07303947714827791,0.0,0.0,1.0,24.13618653525669
-0.006287754125345127,0.0004465895260058544,0.205,302.7703366492366,0.0,0.0,1.0301988136545697,0.972048643835372,0.0,0.0,1.0,24.96721203752318
0.0043881432947409085,0.002585727620639556,0.205,302.9426066050211,0.0,0.0,1.153367324421493,-0.8620943254897826,0.0,0.0,1.0,23.968133152014406
0.0008280390616958307,-0.00012275925766828746,0.205,303.259896775209,0.0,0.0,1.3920197387803757,0.3713055286473446,0.0,0.0,1.0,18.055992519940094
0.004675554313763967,0.001936157467468566,0.205,302.96651310086077,0.0,0.0,1.1563693311929313,0.04525436832701843,0.0,0.0,1.0,24.075108170705633
