x,y,z,T,u,v,w,p,nx,ny,nz,qn
-0.004528532932401255,0.002971141018395338,0.205,298.6283768584174,0.0,0.0,0.48120592964045106,0.33497304612544077,0.0,0.0,1.0,24.343080060006578
0.0007988699428910025,0.0004991652097046065,0.205,299.1674429203253,0.0,0.0,0.5957197578687461,0.054791307323037074,0.0,0.0,1.0,18.600479967350257
-0.0024398788517245753,-0.0044933278167426415,0.205,298.9014233293051,0.0,0.0,0.4935215761306567,1.1661765350293951,0.0,0.0,1.0,24.94539135176038
0.0045590628029049595,0.00018012373798005705,0.205,298.80142398908055,0.0,0.0,0.5142407423285199,1.1567472761475943,0.0,0.0,1.0,22.541787963565202
0.0057149420247832,0.00038174305416764366,0.205,298.71290854995976,0.0,0.0,0.467890767622485,0.8261373573486049,0.0,0.0,1.0,24.179404218910445
-0.002542603927525588,-0.0015972972363442858,0.205,299.1037016818317,0.0,0.0,0.5612701377273448,-0.5438780972025036,0.0,0.0,1.0,21.699411284735643
-0.006040860292607358,0.000242778803947723,0.205,298.6044578386021,0.0,0.0,0.4536045879795617,1.945626538817362,0.0,0.0,1.0,27.034380516126866
0.00506640700291242,0.002788835982252682,0.205,298.63164869913265,0.0,0.0,0.46544434898547055,0.6103892037436155,0.0,0.0,1.0,25.800996379127117
-0.0013830852673229357,-0.003645608085202895,0.205,298.9366598965091,0.0,0.0,0.5363765620175317,0.7072658496222978,0.0,0.0,1.0,23.064199693826215
0.0019802304639186937,0.0036989103743480085,0.205,298.8826747509027,0.0,0.0,0.526871421205963,-1.665281095022808,0.0,0.0,1.0,24.385335852953503
-0.0002644740647948032,-0.002528594198360809,0.205,299.0537010888106,0.0,0.0,0.5717685438281394,1.0734789481678817,0.0,0.0,1.0,21.252356252250056
0.005195967050224181,-0.0011664872957447528,0.205,298.6939362035611,0.0,0.0,0.4849658283254834,-0.5411449297831841,0.0,0.0,1.0,22.915351829810987
-0.0028136693722834016,0.005716045017345005,0.205,298.56626305003476,0.0,0.0,0.4382772762512939,-0.543465045360022,0.0,0.0,1.0,26.973319123990464
-0.0010631742288134077,-0.0007590356540096714,0.205,299.11799312605325,0.0,0.0,0.5920334784989951,0.7602705325092903,0.0,0.0,1.0,19.255399003147794
0.0018618181978453997,-0.00026605093644566986,0.205,299.0729780699495,0.0,0.0,0.5840781063200575,0.7620768242795309,0.0,0.0,1.0,20.995346624534537
0.0019405007645969293,-0.005650752137095524,0.205,298.59822194280525,0.0,0.0,0.45685744835322584,-1.1572771254999623,0.0,0.0,1.0,25.152433853968876
-0.002349982525040612,-0.0036559737546180667,0.205,298.9263293325131,0.0,0.0,0.5218079040683795,-0.8042092645010277,0.0,0.0,1.0,22.230260686793557
-0.00509140565744544,-0.001779619270835446,0.205,298.83322561493344,0.0,0.0,0.4821518611376613,-0.8792929093197176,0.0,0.0,1.0,25.778192787859478
-6.779303529799075e-05,-0.006493420792697716,0.205,298.69019791475625,0.0,0.0,0.4323055797461369,-0.6514358852568275,0.0,0.0,1.0,25.164211088993042
0.0059633272231699765,-0.0004198648838866438,0.205,298.6795550201033,0.0,0.0,0.4567012062303738,-3.4442929712816768,0.0,0.0,1.0,25.396965848388625
-0.001887845759639014,0.00026055119470619543,0.205,299.09294804874764,0.0,0.0,0.5836734190460474,0.07142078173097528,0.0,0.0,1.0,20.399556141396985
0.0011021194569791385,0.005175723140330148,0.205,298.73490265244976,0.0,0.0,0.48633808844894627,1.205064098073121,0.0,0.0,1.0,22.383124215595174
-0.0025707482502370376,-0.004054222507447682,0.205,298.85383087629924,0.0,0.0,0.5055438725127549,-1.4140046205738506,0.0,0.0,1.0,23.74186805739357
0.001980703371155597,0.0003713046708812947,0.205,299.09622169901616,0.0,0.0,0.5818456531367587,-1.0338731409864788,0.0,0.0,1.0,19.6372383564173
0.0033413257031957686,0.0014357059122954955,0.205,298.92961347866674,0.0,0.0,0.5442657814352162,-0.5364689471473275,0.0,0.0,1.0,23.94748241924273
0.0026088181869761986,0.004287987062833239,0.205,298.82235706384256,0.0,0.0,0.4972016949160564,-0.41545650965679015,0.0,0.0,1.0,23.23473168084284
-0.0039725471739719305,-0.002465260453297322,0.205,298.86224264456496,0.0,0.0,0.5101711401112229,-0.43452922330500016,0.0,0.0,1.0,23.95060208236105
-0.000423369288205464,0.006192417211643415,0.205,298.6303983482455,0.0,0.0,0.4461022263522145,1.1629596531149606,0.0,0.0,1.0,25.12290777920433
-0.004203487099961261,0.0027389359268816804,0.205,298.6724835222101,0.0,0.0,0.4972857829324129,1.0046116001430725,0.0,0.0,1.0,22.843723306066384
0.0027081687102610452,0.0038802653676959183,0.205,298.8964584532977,0.0,0.0,0.5080954458740573,0.8991477099992788,0.0,0.0,1.0,23.964692389781636
-0.002594217410590165,-0.0005226615925064613,0.205,299.0404036039226,0.0,0.0,0.5695349412552174,0.43754049003790024,0.0,0.0,1.0,23.26569422103103
0.0017685644712219246,0.005215098531543317,0.205,298.7900022892449,0.0,0.0,0.47740135616671886,0.578555454146978,0.0,0.0,1.0,24.515558890569977
-0.004333784688323455,-0.004727790426344806,0.205,298.69210469674823,0.0,0.0,0.4362196813438119,0.05103067325039153,0.0,0.0,1.0,26.614023770430126
-0.0053986488198562305,0.0011803610101138215,0.205,298.65113474417626,0.0,0.0,0.4765811776188313,-0.8869234141765574,0.0,0.0,1.0,25.870592301836176
-0.00470185433694544,-0.00018957161899010484,0.205,298.8547059780833,0.0,0.0,0.5090598921291695,-0.22920815951027657,0.0,0.0,1.0,24.613485293821462
0.003857396993496939,-0.000622480818278649,0.205,298.8858496821932,0.0,0.0,0.5361236987379396,-0.861959924601614,0.0,0.0,1.0,23.005267913700614
-0.0019906089171455926,-0.0017837342960155885,0.205,299.09222609647986,0.0,0.0,0.5689521400926619,2.8374503378490306,0.0,0.0,1.0,20.351226395058948
-0.005455913783652724,-0.0008022049754207942,0.205,298.7172108432609,0.0,0.0,0.47707317428081414,0.0342881163699798,0.0,0.0,1.0,25.381474093092162
-0.0028007022855233133,0.0013571211010909925,0.205,298.9243451237569,0.0,0.0,0.5585429081025958,0.18276274106213033,0.0,0.0,1.0,21.865323857472543
0.0019346624972021533,0.0011483258934152861,0.205,299.1186065598982,0.0,0.0,0.5776207773034684,-0.4128387272258795,0.0,0.0,1.0,21.152035076572492
0.004365060051599329,-0.0018343637034657387,0.205,298.79788037444155,0.0,0.0,0.5079862577748174,1.0227446621066307,0.0,0.0,1.0,24.05957871427731
0.00031760905413766446,-0.004436476267391939,0.205,298.77813874017636,0.0,0.0,0.5182936970779987,0.5042283858421016,0.0,0.0,1.0,22.805351565906964
0.001796319549067838,-0.0007103742133114658,0.205,299.0031834436405,0.0,0.0,0.5832485803966465,-1.165866816489322,0.0,0.0,1.0,21.291002275217984
0.0020321220244993053,-0.00492039918238245,0.205,298.7542403768628,0.0,0.0,0.4850387319836081,-1.896019640275888,0.0,0.0,1.0,24.92979616971143
-0.0003586018156694625,0.006473811812334572,0.205,298.6378280030344,0.0,0.0,0.4327977801019612,1.9217643533379343,0.0,0.0,1.0,26.21393712835061
0.004474033581890639,0.0010668805595589713,0.205,298.84084174899374,0.0,0.0,0.5129196050836166,-0.6372060849346671,0.0,0.0,1.0,24.10331909554282
-0.002850807543859234,-0.00048451537921266456,0.205,299.06753073606563,0.0,0.0,0.5639453243852206,-1.1908724029860565,0.0,0.0,1.0,22.12600814181994
-0.0037946909899374453,-0.0020248346266910104,0.205,298.8898665378154,0.0,0.0,0.523338218854482,-0.13401110568032268,0.0,0.0,1.0,23.847032310147764
-0.005660925309276244,-0.002773479078335732,0.205,298.6389635101889,0.0,0.0,0.4415025334218147,2.244267872624578,0.0,0.0,1.0,26.07519937296148
0.00011312703696269749,-0.0021971489715210154,0.205,299.04099183907937,0.0,0.0,0.5785513840113125,1.736217846275549,0.0,0.0,1.0,20.15973382488617
-0.0013425829481611394,0.0029483666875603823,0.205,298.8670668549694,0.0,0.0,0.555257241422535,-2.538332685012806,0.0,0.0,1.0,22.105648056875335
0.000442741947885906,0.002142284278916351,0.205,299.0295164874296,0.0,0.0,0.5787823910493158,0.9354811789568964,0.0,0.0,1.0,19.922749144239553
-0.00032267071922224437,-0.006294051943249284,0.205,298.68350193231936,0.0,0.0,0.44157473688254634,0.6816787732142318,0.0,0.0,1.0,26.658314906751926
0.0028282680963178574,-0.005221441112810598,0.205,298.651187802459,0.0,0.0,0.45851125102264123,-1.2041138081937806,0.0,0.0,1.0,23.893457645234236
0.005267185262234772,-0.002607156387911748,0.205,298.6961818969586,0.0,0.0,0.46126496340478407,0.11435571584353575,0.0,0.0,1.0,24.392727494714034
-0.0022709548177042094,0.0017670972479513613,0.205,298.88410185096063,0.0,0.0,0.5642812567546127,-0.7801880569965555,0.0,0.0,1.0,22.46955005903151
0.0019457638173714582,0.003453717860828546,0.205,298.85470483985193,0.0,0.0,0.5343475982233236,0.3134526258233327,0.0,0.0,1.0,22.683842493883063
0.002774066462522958,-0.0008302019547535937,0.205,299.0473335329279,0.0,0.0,0.563851850217158,-0.529827040658761,0.0,0.0,1.0,22.394618232501553
-0.004674861774222373,-0.004225272195637193,0.205,298.7228233637875,0.0,0.0,0.4416200125579146,0.5082674520921053,0.0,0.0,1.0,26.07369612346595
0.003893221567409345,-0.0002888158904727784,0.205,298.843353802495,0.0,0.0,0.5362286571246118,0.5027991278378611,0.0,0.0,1.0,22.000105422494237
-0.003076736538869362,-0.0035285981938686112,0.205,298.951769944536,0.0,0.0,0.5099420934393099,-1.3354561822129125,0.0,0.0,1.0,22.893840811474842
0.0012991726540592962,0.005747667839330164,0.205,298.75720612858754,0.0,0.0,0.46056665655725626,-1.1422159221647468,0.0,0.0,1.0,25.104738551002168
-0.001621893580591053,-0.0008249344114971318,0.205,299.09153797796483,0.0,0.0,0.5850465277098396,0.6876465346019973,0.0,0.0,1.0,20.699337480937587
0.0035756182945508004,-0.004163331538769007,0.205,298.6349373626393,0.0,0.0,0.4781953486295848,0.8607335083262283,0.0,0.0,1.0,25.47548931011191
0.004163412677604668,-0.0020704955171021136,0.205,298.78618561883223,0.0,0.0,0.5110993230728309,-0.3245290980832618,0.0,0.0,1.0,24.962203028901982
0.001421293268846946,-0.005261173254563923,0.205,298.7357581865319,0.0,0.0,0.47980323228881355,0.9450240206772909,0.0,0.0,1.0,25.45596639585075
-0.0058184907302893775,0.0024387047804217115,0.205,298.57454858279993,0.0,0.0,0.44126059403444085,-0.17029381056108733,0.0,0.0,1.0,25.590963192748628
0.002400764440630436,0.0049082961435825655,0.205,298.8310080282549,0.0,0.0,0.4792072992669682,0.2272155370022994,0.0,0.0,1.0,25.364816982690215
-0.002905668309570904,0.005761839413590106,0.205,298.5465218888491,0.0,0.0,0.43429868691414625,2.526711786419541,0.0,0.0,1.0,28.073453050058756
0.004064098630259513,0.004862378230411382,0.205,298.7357056098887,0.0,0.0,0.43990638314346076,-0.5501899688835811,0.0,0.0,1.0,25.520359564950418
-0.005232900796109587,-0.0022011203429844715,0.205,298.714788218732,0.0,0.0,0.47010336074716697,1.5474336779936346,0.0,0.0,1.0,24.886244045675088
-0.0027790376168727845,0.00021353598380304182,0.205,298.9386847732464,0.0,0.0,0.5663796632259929,-0.6591073482118639,0.0,0.0,1.0,20.112709771174003
0.004943299729793226,-0.003619938665301038,0.205,298.62677212439286,0.0,0.0,0.4498430953521276,1.2566768952914735,0.0,0.0,1.0,26.531319014777367
0.005382295998704373,0.0030020943944939686,0.205,298.696631796363,0.0,0.0,0.44816588003882246,-0.8784409747413671,0.0,0.0,1.0,25.334726300997044
0.005149377822276717,-0.002797578251571255,0.205,298.57692512905663,0.0,0.0,0.4620204740481458,0.8987111595442516,0.0,0.0,1.0,23.974455713105986
-0.0015330332344523241,-0.003446788465416314,0.205,298.9811646081052,0.0,0.0,0.540250501763212,-1.021862355775595,0.0,0.0,1.0,22.796183533134325
0.0036820821942023995,0.004209901904580385,0.205,298.78200977258274,0.0,0.0,0.47373280148920643,-1.69578294252505,0.0,0.0,1.0,23.612349642963082
0.0018986080723028668,-0.0009694527003041849,0.205,299.07648503464674,0.0,0.0,0.5797981868365737,-1.7174854966512505,0.0,0.0,1.0,21.485474333503497
-0.003988721071443552,0.0036739426686583344,0.205,298.63110074522,0.0,0.0,0.4809271854651835,0.004049655601078948,0.0,0.0,1.0,25.006700343964894
-0.0032434213082559063,0.0035092674274028886,0.205,298.7360877023808,0.0,0.0,0.506364579442841,1.0351507533332482,0.0,0.0,1.0,23.79084765524456
0.004789141343041886,0.0025451078478277746,0.205,298.76816159793077,0.0,0.0,0.48090526684399637,-0.89163078162648,0.0,0.0,1.0,24.400294320960736
0.006044579730070541,-0.0007884093222274805,0.205,298.64845296935357,0.0,0.0,0.45129364103264974,1.6612334281912944,0.0,0.0,1.0,25.53753367429015
-0.0036250163217240164,0.0006787640628268363,0.205,298.87510723136006,0.0,0.0,0.5427625499901397,0.8920275322913277,0.0,0.0,1.0,22.787461005420603
0.0008856365441995497,0.005161935338852848,0.205,298.78001804239244,0.0,0.0,0.4885481334281606,0.6374758079714337,0.0,0.0,1.0,25.72599907977134
-0.0009345027994668255,-0.004925169235303352,0.205,298.73663788546975,0.0,0.0,0.4974427390808093,0.29979563891983196,0.0,0.0,1.0,23.745699814104608
-0.0009917387872890844,-0.0034450578276445064,0.205,298.97386003008694,0.0,0.0,0.545763070089813,0.2989764473205373,0.0,0.0,1.0,22.76203691315847
-0.0010409096368574134,0.003057688169516792,0.205,298.9347381489667,0.0,0.0,0.5555101781738763,1.2073766615453718,0.0,0.0,1.0,21.930527906251093
-0.002833490304704194,0.0048236720143705475,0.205,298.68643864934154,0.0,0.0,0.47367345735603494,-1.2384399796438117,0.0,0.0,1.0,24.45067998022579
-0.0005743932171958507,0.0035567570069501824,0.205,298.86639337488583,0.0,0.0,0.5452481118164553,-0.7155950000452699,0.0,0.0,1.0,22.442403213709035
0.0013406318737238657,0.0063573212641040485,0.205,298.56615055522497,0.0,0.0,0.43214042284934095,-0.49674813406477014,0.0,0.0,1.0,27.214762753456007
-0.0016531916255802166,0.003814431367900197,0.205,298.75440717883987,0.0,0.0,0.5281361653057676,-1.4391067206820662,0.0,0.0,1.0,23.836594585738922
0.005029373217923205,-0.002642912823510276,0.205,298.68366575409163,0.0,0.0,0.46990655150651484,0.9535218465695168,0.0,0.0,1.0,25.232328659120473
-0.0049276102149814465,-0.003193178325987459,0.205,298.70250238990957,0.0,0.0,0.4615045077471732,-0.3581465344597462,0.0,0.0,1.0,25.53310229766842
-0.0025008334600992396,9.980902004882101e-05,0.205,299.02562537286605,0.0,0.0,0.5725974097184404,-1.7787408994535123,0.0,0.0,1.0,20.462399850796228
-0.0009098180740274905,0.0016042616914308354,0.205,299.0121995372377,0.0,0.0,0.5846590696503332,0.5737610502717113,0.0,0.0,1.0,20.731240889232957
-0.002321630344129236,-0.0059569073995684365,0.205,298.68573075688715,0.0,0.0,0.437199442852856,-0.5357350859673063,0.0,0.0,1.0,24.23340731359858
-0.002423126206596227,-0.0032426977626670607,0.205,298.9488690066819,0.0,0.0,0.531681384891166,-1.71867754852726,0.0,0.0,1.0,21.330778289392974
0.003448650931549688,0.002917512013958993,0.205,298.88440234649346,0.0,0.0,0.5158556266353272,0.6264594682708847,0.0,0.0,1.0,24.840534766726712
-0.004955714064964775,-1.1305930737443345e-05,0.205,298.7198959556204,0.0,0.0,0.49965911933577195,1.4944947092498913,0.0,0.0,1.0,24.864158112939197
0.003579479904415177,0.0003437136422381201,0.205,298.92524532975517,0.0,0.0,0.5454470146289332,1.9158866359660163,0.0,0.0,1.0,22.37715306371045
-6.678894608127957e-05,0.0018427309674451232,0.205,299.08509159839474,0.0,0.0,0.5846646668197598,2.0871083684452474,0.0,0.0,1.0,20.400331221206695
0.0037840975531091654,-0.003846550191128032,0.205,298.70505463343903,0.0,0.0,0.48205223533563996,0.7709254917553675,0.0,0.0,1.0,25.51724409176074
0.0035352695901413,0.0007929455138299056,0.205,299.0217987365285,0.0,0.0,0.5446614503194741,0.29940678381336067,0.0,0.0,1.0,21.741147678587666
0.00196534256613878,0.0003382957290795169,0.205,299.1195810591757,0.0,0.0,0.5822027331017187,0.06108225515936353,0.0,0.0,1.0,18.80985850584631
0.0024846624029875126,-0.005948951204537607,0.205,298.51080638242075,0.0,0.0,0.4345940674515577,-1.3743639408446302,0.0,0.0,1.0,25.89174639883757
-0.00024008760617181293,0.0027269612822692297,0.205,299.0045493408391,0.0,0.0,0.5675100008206543,-1.6397002140850994,0.0,0.0,1.0,22.515430166605487
0.004274396027710266,-0.004722917518764994,0.205,298.5601807660239,0.0,0.0,0.4383283553238752,0.4794137931991994,0.0,0.0,1.0,25.21321868972835
-0.00035539555384357636,0.0023420921560107603,0.205,298.940876149468,0.0,0.0,0.575316101604994,2.483991243631669,0.0,0.0,1.0,21.600261565656712
0.0004307078464323038,-0.0023928407696434642,0.205,298.9750288800612,0.0,0.0,0.5740662386752143,-2.9340565037440482,0.0,0.0,1.0,19.88146784629274
-0.0019279384741895116,0.0023547329651364382,0.205,298.9528986077179,0.0,0.0,0.5602688893030795,0.5178937684668756,0.0,0.0,1.0,22.108846755569125
-0.0012379617484299741,0.006367302524111218,0.205,298.62082618496197,0.0,0.0,0.4326607908588403,-0.8995010136467244,0.0,0.0,1.0,25.179995592101868
0.0010697649543078911,-0.005822593320228352,0.205,298.59629699227924,0.0,0.0,0.4593330429136292,0.10889458785147735,0.0,0.0,1.0,25.04481061077383
-0.0049917005370288875,0.0008900685734287219,0.205,298.7127304791864,0.0,0.0,0.49520040979422175,-0.9496090526079439,0.0,0.0,1.0,24.615169758466948
-0.0023374574374275836,-0.00012449845077292472,0.205,299.07909588786947,0.0,0.0,0.5758700880604609,-0.39920884475491686,0.0,0.0,1.0,20.11440843218564
-0.0037721093870568254,-0.004179872269891486,0.205,298.78347328142013,0.0,0.0,0.472126060846248,1.3921962792596005,0.0,0.0,1.0,25.122032636557307
0.005013195962795703,0.0005716349782503597,0.205,298.80964846409825,0.0,0.0,0.4961703087543259,1.1917234388692453,0.0,0.0,1.0,24.162770509351493
-0.001271192927323717,0.0018887393617273132,0.205,299.00751436948536,0.0,0.0,0.5771099167444681,-0.5980474114209989,0.0,0.0,1.0,21.85779552100878
0.005094592396452007,-0.0031011599515919997,0.205,298.63555999160565,0.0,0.0,0.4573316875102491,-0.16090489374333883,0.0,0.0,1.0,26.671442407904834
6.810839490034115e-05,0.0014148231044294986,0.205,299.07135313458235,0.0,0.0,0.5907089890083513,1.082603311672279,0.0,0.0,1.0,20.619319597532716
0.0030309552118745245,0.0043424784439131505,0.205,298.8544409746967,0.0,0.0,0.48617987774184745,0.4526205612463139,0.0,0.0,1.0,24.934321901029428
0.005567700821944573,-0.0021371032708157487,0.205,298.6487208694743,0.0,0.0,0.45735287925990675,-0.5251438978385046,0.0,0.0,1.0,24.01147007521284
0.0040961163838204185,-0.003382775789944157,0.205,298.639097149789,0.0,0.0,0.4854954682492284,-0.27882914066023257,0.0,0.0,1.0,25.654367454279225
0.00144694580699062,-0.001712778824321803,0.205,298.9513390194214,0.0,0.0,0.5777649060831976,0.37182952995523455,0.0,0.0,1.0,21.0970432748222
0.004065500561392956,-0.0007489120255862809,0.205,298.82373633416,0.0,0.0,0.528901787571037,1.5123745560701414,0.0,0.0,1.0,22.77922821908589
-0.004557757148993673,-0.0006094922191647351,0.205,298.8166824891169,0.0,0.0,0.5129609766896494,0.47088389193941327,0.0,0.0,1.0,23.094921005560913
-0.0039219554429418034,0.0027867420975269323,0.205,298.70740274572245,0.0,0.0,0.5051459778492501,-0.9194743698055825,0.0,0.0,1.0,23.869021021116243
0.001170446800399662,0.00018963983450118692,0.205,299.1415444986423,0.0,0.0,0.5933727516054182,-0.0908589678025912,0.0,0.0,1.0,19.120750786897467
0.004176221920502835,-0.001097462247624391,0.205,298.8518040495195,0.0,0.0,0.5227650679303039,-1.7159040315283718,0.0,0.0,1.0,22.702738053853732
-0.0030384382126979804,0.005492242989387561,0.205,298.6595912354169,0.0,0.0,0.4427964961836351,-1.0661582713624556,0.0,0.0,1.0,27.833941490407934
0.0007221137077860531,-0.00225032704459085,0.205,298.9941396480062,0.0,0.0,0.5754259380268469,-0.2933189840985355,0.0,0.0,1.0,20.90207106624201
-0.0015449154842799042,0.0008260088481409841,0.205,299.0131392019502,0.0,0.0,0.5860867601878147,0.22684931343072484,0.0,0.0,1.0,19.916925494339832
-0.002878149810834552,-0.002662459644319821,0.205,298.97238790805557,0.0,0.0,0.5357046583441497,0.7651972271009252,0.0,0.0,1.0,24.551284283886368
-0.0008704492114084785,0.000554784159886033,0.205,299.13077762058157,0.0,0.0,0.5949074298416149,-2.0824301475394456,0.0,0.0,1.0,20.348799219259462
-0.005493771134685168,0.002969297700380964,0.205,298.6409685509082,0.0,0.0,0.4443078312197487,-0.38291299447207094,0.0,0.0,1.0,26.39791496595504
-0.005529279226453732,-0.0008283575823030257,0.205,298.6798181390709,0.0,0.0,0.47381677670687455,1.0179206779982695,0.0,0.0,1.0,26.12985812018004
-0.0035350962959733337,-0.0005047138989776577,0.205,298.9879238304911,0.0,0.0,0.5461653730258094,-0.13585055658518783,0.0,0.0,1.0,23.26353264591577
0.0036816595332851464,-0.0011037483206917467,0.205,298.8654064038311,0.0,0.0,0.5380892964199187,1.3923130922552778,0.0,0.0,1.0,22.926175318439782
-0.0010392969924986465,0.0056217187442390805,0.205,298.62987320372076,0.0,0.0,0.4683591805600803,-1.9685641141249375,0.0,0.0,1.0,26.635441884644163
-0.0025707908400581705,-0.003336851145766654,0.205,298.9768722674718,0.0,0.0,0.5263178675510836,1.4411312763633914,0.0,0.0,1.0,24.719230649467768
0.0036367586437221714,0.002790423384361564,0.205,298.9603869843994,0.0,0.0,0.5134778555488053,0.5182758187387578,0.0,0.0,1.0,24.33293410530362
-0.0016566271650573533,0.005701071885382169,0.205,298.66033024093406,0.0,0.0,0.45857191107572415,-0.49529791621360336,0.0,0.0,1.0,25.7043741392644
-0.00563412786475853,-0.002477409953628361,0.205,298.68100955238623,0.0,0.0,0.4485484236899631,0.22790484594597396,0.0,0.0,1.0,26.80144474053818
0.0056821188239301506,-0.0026780385571380516,0.205,298.59490288387934,0.0,0.0,0.4425632797079673,-0.8857144885075151,0.0,0.0,1.0,24.426660561903184
0.006090249473587019,-0.0021209563628455178,0.205,298.6178412220666,0.0,0.0,0.4344956716138619,0.1843413525419219,0.0,0.0,1.0,26.65035073423919
0.0019448795505911374,0.0033065470271559237,0.205,298.9341701409355,0.0,0.0,0.5383165211501622,0.407551089478603,0.0,0.0,1.0,21.89913220385548
-0.004986617685660908,0.0031634798309222102,0.205,298.62113051996533,0.0,0.0,0.4599928829832789,-0.7471925727703423,0.0,0.0,1.0,26.613393514661293
0.0016830016843320274,0.0005059018052047756,0.205,299.13841421734685,0.0,0.0,0.5860033226035739,0.5050642772339204,0.0,0.0,1.0,20.00269580575979
0.00622975040899651,-0.00045730495439078505,0.205,298.65740170480706,0.0,0.0,0.4442294458275447,2.2871990904017485,0.0,0.0,1.0,26.195315537034517
-0.00039635922400569186,0.0036044080610320973,0.205,298.9758408001386,0.0,0.0,0.5445734890620483,0.4529067699327797,0.0,0.0,1.0,23.619170855615348
-0.0021000479103248392,-0.0019825449535749023,0.205,298.99985025442794,0.0,0.0,0.5640320593186054,-0.45790111648957205,0.0,0.0,1.0,23.34884426133011
0.002602256241721926,0.002570797612804717,0.205,298.9543253595671,0.0,0.0,0.5436453229648462,1.64045130992937,0.0,0.0,1.0,21.719373403292504
0.003193556242503679,0.0027715712598912526,0.205,298.8930338461637,0.0,0.0,0.5257780305522599,-0.3567543648388743,0.0,0.0,1.0,22.192138369554673
-0.00525054590077214,-0.0029099768885379705,0.205,298.6498026386732,0.0,0.0,0.4555638453963524,2.195990462444603,0.0,0.0,1.0,24.10725134346703
0.002569769104188689,-0.003925831005556193,0.205,298.7729830654729,0.0,0.0,0.5095574455643156,0.20906579771164344,0.0,0.0,1.0,22.724702713573866
-0.002503513615727129,0.005791954136009361,0.205,298.59388914403155,0.0,0.0,0.4412143794855193,0.6476248098952001,0.0,0.0,1.0,26.58549826802205
3.0863405103813775e-05,-0.0028217664665889405,0.205,298.9943194709048,0.0,0.0,0.5655798080407778,-2.1408709562800396,0.0,0.0,1.0,20.592102037535547
0.0027445691350735757,-0.0044381193914396514,0.205,298.62221048488374,0.0,0.0,0.4893216823296855,0.20964284217681972,0.0,0.0,1.0,23.432104160732955
0.003549859545880672,-0.004193903819703563,0.205,298.6014628435501,0.0,0.0,0.4779189097237191,0.2494764188642053,0.0,0.0,1.0,26.207947427252353
0.006016841729680022,0.0016368354026667976,0.205,298.7027355554591,0.0,0.0,0.4447502247891576,-0.2702346954093134,0.0,0.0,1.0,23.77263673664853
0.001967164996842188,0.0026950031899222325,0.205,298.96693114614646,0.0,0.0,0.5526797139324767,-1.481152930283995,0.0,0.0,1.0,22.428343221531527
-0.0007830231107697327,0.00038636647354290727,0.205,299.06432143518987,0.0,0.0,0.5962944733251075,0.7157387903121162,0.0,0.0,1.0,19.4135251669845
0.0028303546880073466,0.00038738976958479793,0.205,298.9674719241785,0.0,0.0,0.5647686710153681,-1.0882690329578613,0.0,0.0,1.0,21.817603251448098
0.00036782743591028827,-0.001527535160442543,0.205,299.07838228406104,0.0,0.0,0.5886861026157837,-1.9922672474393874,0.0,0.0,1.0,19.143892355684464
-0.006009019498025688,0.002330583293811431,0.205,298.60955150699533,0.0,0.0,0.4346834191792657,0.4387365772207072,0.0,0.0,1.0,25.118458239404845
0.003576750351083758,-7.875935952433307e-05,0.205,298.9534183044785,0.0,0.0,0.5459740642146197,0.3952921955890664,0.0,0.0,1.0,22.559119054917282
-0.0009970499595530937,0.004941778596050919,0.205,298.75734290209164,0.0,0.0,0.49633930222621464,-2.731799925947616,0.0,0.0,1.0,24.825322547863962
0.003347140059560447,0.0019780516826558505,0.205,298.9417244077767,0.0,0.0,0.5367238714748276,0.41743451324660863,0.0,0.0,1.0,23.03238747484659
0.0037116365416722634,0.003697191784669615,0.205,298.79720015127987,0.0,0.0,0.4884881331165684,2.2464353022527996,0.0,0.0,1.0,23.58025859708612
0.006237537490151832,-0.0009990768320697406,0.205,298.6202816155484,0.0,0.0,0.4408707016977204,-0.3139460148849989,0.0,0.0,1.0,25.71765722325277
-0.004833170271784778,0.0021417597976415245,0.205,298.68545661476713,0.0,0.0,0.4865544497032479,1.9321988350171715,0.0,0.0,1.0,24.112774330089238
-0.0017153795191577705,0.003491348142117398,0.205,298.8464270739044,0.0,0.0,0.536660230810291,0.6841111661427527,0.0,0.0,1.0,22.499804214505136
0.0013146779617152409,-0.0004420662001823935,0.205,299.1417063639536,0.0,0.0,0.5910725799029929,-1.2135512112498412,0.0,0.0,1.0,19.226461165176914
0.004601316707068427,-0.003632419904253097,0.205,298.6065448779602,0.0,0.0,0.46192866585704484,-1.1806797698785898,0.0,0.0,1.0,25.40004077485619
0.001790470719253679,0.004588609114456174,0.205,298.8039627651306,0.0,0.0,0.5008165545586659,0.44973090671017296,0.0,0.0,1.0,25.77618606447155
-0.0053892180198794205,0.001459493286398192,0.205,298.69552858910976,0.0,0.0,0.4741439638661705,0.02662106184026684,0.0,0.0,1.0,23.771766760792122
-0.0006229218133768667,-0.001481520284742812,0.205,299.15369195921625,0.0,0.0,0.5881891395523436,0.25147354801773086,0.0,0.0,1.0,20.674986453338473
-0.0016852514799371762,-0.004627829190560589,0.205,298.8464212686843,0.0,0.0,0.5008330350947039,0.33250896859453205,0.0,0.0,1.0,22.416758221545518
0.0019852013414856174,0.001349991738066196,0.205,299.03125342680863,0.0,0.0,0.5746821959585099,0.5643134198992945,0.0,0.0,1.0,20.85694248429963
0.0009991998150071688,-0.00171909386428871,0.205,298.9826052587342,0.0,0.0,0.5823019360553684,-0.549790249224035,0.0,0.0,1.0,20.421746669158694
0.004551402399584662,0.00044069265898785226,0.205,298.8751755661048,0.0,0.0,0.5138808265287034,-2.6626558852322257,0.0,0.0,1.0,24.16447710044184
-0.0030397205081686587,0.00035926440786993453,0.205,298.91031478325056,0.0,0.0,0.5598319051297338,-0.17513372165856603,0.0,0.0,1.0,21.448821576480974
0.0042970713154393035,-0.0016661457554739854,0.205,298.79934104477576,0.0,0.0,0.5125846974407218,0.04898912207379192,0.0,0.0,1.0,23.419494519295966
0.0046138636896672,-0.0010755132182123286,0.205,298.78698395580386,0.0,0.0,0.5078855565218539,-0.7705714586634864,0.0,0.0,1.0,24.112158641796515
0.0020175419046812694,0.0055506761505343515,0.205,298.71506451651686,0.0,0.0,0.4599680144544845,-0.0631768932623274,0.0,0.0,1.0,24.570669210393643
0.005732284932976103,-0.00028482947613278387,0.205,298.7158609816045,0.0,0.0,0.4673784637098888,-0.07873410892346308,0.0,0.0,1.0,25.454430462982593
0.0046569252390458804,-0.0009200577831382238,0.205,298.7971584149704,0.0,0.0,0.5075386193101344,-3.6365558306606562,0.0,0.0,1.0,24.32999434915829
0.002051009063844852,0.0027319877690877726,0.205,299.0113821376534,0.0,0.0,0.5505113970142231,0.7717437288780861,0.0,0.0,1.0,22.91312351843832
0.005647749718636669,-0.0027924603097611743,0.205,298.63938774832246,0.0,0.0,0.44166679610414994,-0.28476138371573323,0.0,0.0,1.0,25.615263449833346
-0.00032662916868705607,0.004461653878979833,0.205,298.8272672361236,0.0,0.0,0.5173921432635654,1.296542182993084,0.0,0.0,1.0,23.420743235080607
0.005104284776030995,0.001865570534996532,0.205,298.8224387894272,0.0,0.0,0.48044131498410864,1.0659663913769435,0.0,0.0,1.0,25.72041000503857
1.5412812151455917e-05,0.005836946165577476,0.205,298.66967036210445,0.0,0.0,0.4630602320277915,1.188891072902636,0.0,0.0,1.0,23.213436667363705
0.003226339331384257,0.001426147458690574,0.205,299.07440108150615,0.0,0.0,0.5474033451967316,0.30704026314142635,0.0,0.0,1.0,24.2983092512781
0.00377251930865239,-0.0050003371263522,0.205,298.58362387976956,0.0,0.0,0.4434090163426766,-0.06716790757053645,0.0,0.0,1.0,24.450372273108833
-0.0036368330728971817,-0.0034765416935264876,0.205,298.8659415757583,0.0,0.0,0.49673606684387606,1.0551684368722587,0.0,0.0,1.0,24.105828228163777
-0.0027414214607826,-0.0034041990442888683,0.205,298.9432816354736,0.0,0.0,0.5209610442479105,-0.8953857721566091,0.0,0.0,1.0,22.026904305103262
0.0043975907835527555,0.0016886549558091794,0.205,298.80250902939656,0.0,0.0,0.5088765740445323,0.6305535531685807,0.0,0.0,1.0,24.09765971476376
0.004034423526847876,0.001994690146427008,0.205,298.9216346222413,0.0,0.0,0.5164422162669516,-0.375885493518782,0.0,0.0,1.0,22.972706640139364
-0.0004039356307185993,-0.0010177920066415222,0.205,299.10623952725234,0.0,0.0,0.5943026310599994,2.143900714064596,0.0,0.0,1.0,20.235347733136184
0.0005660927075277912,-0.004892310821788,0.205,298.83654130661915,0.0,0.0,0.5008396742016672,-0.15970092412476086,0.0,0.0,1.0,24.669326490927585
-0.0018653280975013955,0.0012864168252741898,0.205,298.8994514046499,0.0,0.0,0.5773153301958891,-0.2914122224495787,0.0,0.0,1.0,20.09516129074903
0.003236710513234807,-0.0009757447614913168,0.205,298.89725441531874,0.0,0.0,0.5514868938019237,0.536556331866871,0.0,0.0,1.0,20.979855755011897
-0.0036783259540506957,-0.0012397386073539993,0.205,298.9248105741336,0.0,0.0,0.536918752397398,-0.02650064582475967,0.0,0.0,1.0,23.573681972307504
0.0015447493752513933,-0.0014316289425294032,0.205,299.0616925673356,0.0,0.0,0.5802576710143222,-1.2692867649081743,0.0,0.0,1.0,19.293015797192936
0.0017212015066736307,0.004769211020951451,0.205,298.8268775743014,0.0,0.0,0.49520578457150766,0.4151830286010587,0.0,0.0,1.0,24.93930993500537
0.0009229118677846876,0.004339676392287257,0.205,298.89565028168306,0.0,0.0,0.5186807662229158,0.11641998671097793,0.0,0.0,1.0,23.60269632071372
-0.0018381486885993802,0.0060262900763816945,0.205,298.624606425565,0.0,0.0,0.44166660201486985,0.08625879857479227,0.0,0.0,1.0,23.375500298119633
-0.003421313291400435,0.00013099991160549665,0.205,298.9381101071542,0.0,0.0,0.5503013331738783,-1.2461481900812152,0.0,0.0,1.0,23.00075440060297
-0.0038669498622994026,-0.0008122432014934244,0.205,298.9444038705587,0.0,0.0,0.5347490243710413,1.23820184971156,0.0,0.0,1.0,22.258576614001296
0.003704753795275611,0.003428095373435798,0.205,298.84283692942404,0.0,0.0,0.49610003494528854,0.5076819263361354,0.0,0.0,1.0,23.67673019699063
0.004938826083823141,-0.004156206410548446,0.205,298.5669763540023,0.0,0.0,0.4342066274849204,-0.12213940477849693,0.0,0.0,1.0,25.451824241285955
0.0036424219362089774,-0.0007869674366589789,0.205,298.92327981468,0.0,0.0,0.5416234122421835,1.0617039442815739,0.0,0.0,1.0,22.22542627970887
-0.0012538627016054843,0.002420532623790054,0.205,298.95184815895647,0.0,0.0,0.5677687519442658,0.8701479273584174,0.0,0.0,1.0,22.657278026629953
-0.0049132510396584115,0.00020097903952216142,0.205,298.7741647641894,0.0,0.0,0.5011299634596553,-0.3052329958102188,0.0,0.0,1.0,22.61599346741254
0.0026667967204452394,-0.003199142789570247,0.205,298.8389343824404,0.0,0.0,0.5278857859738932,-0.015895302969453164,0.0,0.0,1.0,22.84588442538194
-0.0008901078660643809,0.0046207747653945865,0.205,298.78631394676427,0.0,0.0,0.5090580200139103,-0.1781426772252985,0.0,0.0,1.0,24.12902999051058
0.002709964935974754,-0.001735102831942528,0.205,298.8740590918486,0.0,0.0,0.5558280824493892,1.6222778951028318,0.0,0.0,1.0,23.361690564173482
-0.003993795453827541,0.005083432932010602,0.205,298.5513898229477,0.0,0.0,0.43373173464627884,-1.1543672162961789,0.0,0.0,1.0,27.287132060194686
0.006172963413892057,-0.00015826640238739853,0.205,298.61426701613857,0.0,0.0,0.4476006706482024,-2.7319880638523073,0.0,0.0,1.0,26.85135804457297
-0.0038203103448115625,-0.003486714327331638,0.205,298.8176797668704,0.0,0.0,0.4911667636088943,0.5034229075193951,0.0,0.0,1.0,25.637056493575802
0.0019122269527083742,0.00024411198329814382,0.205,299.05472788136484,0.0,0.0,0.5833133823247629,-0.1325274971361062,0.0,0.0,1.0,20.059708864113617
-0.005891669608444632,-0.001873330408289291,0.205,298.7065845291037,0.0,0.0,0.44725664252115443,2.201279449232081,0.0,0.0,1.0,27.45113066579104
-0.0006980739777525016,-0.004668997608374392,0.205,298.86940178388403,0.0,0.0,0.5085002126740623,0.7136467373674019,0.0,0.0,1.0,24.300315957889612
0.006088810227781226,0.0002163591311065538,0.205,298.65530410110887,0.0,0.0,0.45143854113859105,-2.658347147522259,0.0,0.0,1.0,27.599170429978393
0.0004264522190406718,0.0010791434974932272,0.205,299.14424128464174,0.0,0.0,0.5936394739556163,1.0897942699763477,0.0,0.0,1.0,19.944132156196492
-0.005766150135526285,-0.0020435460350773154,0.205,298.6789198048334,0.0,0.0,0.45028239961229655,-0.7019255982097479,0.0,0.0,1.0,24.16273718714566
0.0057185862333553,0.0017824784585057335,0.205,298.710056740861,0.0,0.0,0.45616072549746367,-0.17228926237244932,0.0,0.0,1.0,24.91981184501764
0.0036861563526868553,0.004058666926822235,0.205,298.8189239577001,0.0,0.0,0.4784176175509957,-0.4432523142279963,0.0,0.0,1.0,24.821354302997918
0.005770521727500297,-0.0020834860033548436,0.205,298.5886104512591,0.0,0.0,0.44946439622607676,0.876124295124778,0.0,0.0,1.0,25.576961072970835
-0.0019117509692469403,-0.005518594715920455,0.205,298.74515400392573,0.0,0.0,0.46290940550087456,0.29524807875513365,0.0,0.0,1.0,24.719193793869362
-0.006278153672017483,5.50093573281833e-05,0.205,298.5577456107492,0.0,0.0,0.44271537638235775,0.003061210286155471,0.0,0.0,1.0,27.0609316211476
-0.0058222134779089664,0.0009744745442501418,0.205,298.6748059005094,0.0,0.0,0.46009277224822587,-0.8786864651995883,0.0,0.0,1.0,25.29680013253989
-0.0027291691076980996,-0.004781527230289325,0.205,298.78544430324274,0.0,0.0,0.47745399822722384,-2.5748121579775227,0.0,0.0,1.0,24.805942307204123
-0.0035305928570686794,-0.001026592506106525,0.205,298.96320014934906,0.0,0.0,0.543092360028152,-0.6130822730334701,0.0,0.0,1.0,22.00107764412183
0.0027018723236092814,0.004819109987333642,0.205,298.81274633049554,0.0,0.0,0.4766377164912422,-0.9159423329199682,0.0,0.0,1.0,25.31785862397544
-0.00030738882689356677,-0.0024278846907299255,0.205,299.0715118710784,0.0,0.0,0.5737416027353225,0.557501172842098,0.0,0.0,1.0,21.864460832525484
-0.003858484564615625,-0.004345377882763973,0.205,298.7196218691097,0.0,0.0,0.4642058682079553,-2.979434922542478,0.0,0.0,1.0,24.096480964925927
0.0017073424986410433,-0.005618921743652891,0.205,298.6172070466977,0.0,0.0,0.46146798893524965,-2.248039615343792,0.0,0.0,1.0,25.160259715713252
0.0035817400917126626,0.002360091900975692,0.205,298.8854148111826,0.0,0.0,0.5237348590183267,0.9462422062082683,0.0,0.0,1.0,22.813396643140262
0.00376847954086863,-0.003863379351211344,0.205,298.7082342330925,0.0,0.0,0.4820068412180191,-1.0125354272592366,0.0,0.0,1.0,24.90550017513886
-6.963781333082876e-05,-0.0015907459528555947,0.205,299.0675539889851,0.0,0.0,0.5883960622323529,-0.23963980107268068,0.0,0.0,1.0,20.69729866554791
0.000832795797759629,-0.001849413788817768,0.205,299.01675604798396,0.0,0.0,0.5816213772673675,0.9079377448330087,0.0,0.0,1.0,20.824343451093206
0.0063355431320399344,-0.0007191587103211943,0.205,298.5957167813221,0.0,0.0,0.4380259939704999,-0.7725510172941931,0.0,0.0,1.0,26.223696182106497
2.123391080135283e-05,-0.00024872201454942253,0.205,299.1593443020703,0.0,0.0,0.5996567369388597,1.128603791104622,0.0,0.0,1.0,17.779232104588328
-0.0006726156892404307,0.005767737686599267,0.205,298.6798337475209,0.0,0.0,0.4644007072889931,0.15963437088163715,0.0,0.0,1.0,24.858509401739656
0.0007529391641391353,0.00514788851626782,0.205,298.7704373430351,0.0,0.0,0.4899468981165201,-0.9904882735168914,0.0,0.0,1.0,23.352259352936578
0.005201019118935321,0.0010348044290518648,0.205,298.7601576525067,0.0,0.0,0.48588064990363855,-2.126402917328176,0.0,0.0,1.0,24.95566899191679
-0.004970815921518055,-0.0015014580943318056,0.205,298.8025107967052,0.0,0.0,0.49034974851762203,-0.0856352778185062,0.0,0.0,1.0,24.405843166647177
0.002078881821555868,0.0028553684211919564,0.205,299.0578692556935,0.0,0.0,0.5472759928009739,-0.6429939422710127,0.0,0.0,1.0,23.508783084437034
9.319990946919411e-05,-0.0009025311791296437,0.205,299.15155047723516,0.0,0.0,0.5960140813454371,-0.36554233392238106,0.0,0.0,1.0,19.783110503381753
0.001640788379267468,0.006171337790541783,0.205,298.6212493227093,0.0,0.0,0.4375669315800275,-0.30994174826608833,0.0,0.0,1.0,25.542802457674252
0.005493177119926351,-0.0023700746813704646,0.205,298.597154211136,0.0,0.0,0.456492882504148,0.8553472019687073,0.0,0.0,1.0,27.12324622682019
-0.0018823954110710167,0.0009540481435738197,0.205,299.0132585247478,0.0,0.0,0.5801823827373583,0.6250104837671311,0.0,0.0,1.0,21.259521080576132
-0.0022488531639688987,0.004418452765972774,0.205,298.80084525622993,0.0,0.0,0.4995782497437313,-1.9174676092181588,0.0,0.0,1.0,23.926240183501662
0.0008607947020734472,-0.0037919069866997014,0.205,298.77252858797385,0.0,0.0,0.5367099884987226,2.028039130253544,0.0,0.0,1.0,23.059193653024707
-0.001837951129937223,0.0036487175596793247,0.205,298.7696184946691,0.0,0.0,0.5304756094430564,0.7757293229309987,0.0,0.0,1.0,23.388559672604156
0.004621634435504528,-0.0005242096900221011,0.205,298.84586111327025,0.0,0.0,0.5110472002381953,-0.9789635637232723,0.0,0.0,1.0,23.625724805836196
0.00016158937388039319,0.002922705955620907,0.205,298.9830858176879,0.0,0.0,0.5631001282211229,0.5721416310652824,0.0,0.0,1.0,20.94277521435625
-0.0027128853990741695,-0.004733384598846102,0.205,298.7390090115498,0.0,0.0,0.47955465533431174,-0.2542367318720587,0.0,0.0,1.0,24.667771756513645
-0.0031652633009912057,0.004677976141264251,0.205,298.6326330131233,0.0,0.0,0.4713512773165781,-2.04320280367502,0.0,0.0,1.0,23.821066805118566
0.0032612478123122614,-0.0008959135610465119,0.205,298.9216350804196,0.0,0.0,0.5514464641652108,1.073271611765977,0.0,0.0,1.0,22.53239081178652
-0.0013488637040529408,-0.005516699530079811,0.205,298.7342810956497,0.0,0.0,0.4700067741528667,-1.1359477098156923,0.0,0.0,1.0,25.08553523531317
-0.0026450781824264415,-0.00443915421692947,0.205,298.796644282561,0.0,0.0,0.49135776886924687,0.9066168987254315,0.0,0.0,1.0,25.606639375804864
-0.0025075489663388983,0.0012425451703154964,0.205,299.0016444643132,0.0,0.0,0.5661204045818146,-3.6240105209576425,0.0,0.0,1.0,21.103919535016832
0.00289124229902519,0.0052121012229041225,0.205,298.7710339635652,0.0,0.0,0.4575099456785225,1.190629371111909,0.0,0.0,1.0,24.950868973921565
0.0006891175869084009,-0.0016004244147916854,0.205,299.01269475986516,0.0,0.0,0.5862281152090968,1.1390849722966805,0.0,0.0,1.0,20.886325731003698
-0.0028794123061986914,0.002820652893873394,0.205,298.7753727468411,0.0,0.0,0.5322341463407837,0.7996290010098243,0.0,0.0,1.0,23.58819387640839
-0.006031023416625296,-0.0016425205276440764,0.205,298.6411732764033,0.0,0.0,0.444031483427585,0.48608157213090664,0.0,0.0,1.0,25.66425758191039
-0.0006005750513345907,0.0010829308343453285,0.205,299.0432893391055,0.0,0.0,0.5928029495005916,0.6217131009011289,0.0,0.0,1.0,19.511211245290575
-0.001803188062988146,-0.0007975371031958814,0.205,299.14728561627226,0.0,0.0,0.5825832799699056,-0.6509988147580067,0.0,0.0,1.0,19.57150055488656
0.0005767496463617051,0.0017637783526395247,0.205,299.1323446534484,0.0,0.0,0.584478614526622,-1.6710817568809202,0.0,0.0,1.0,21.407331831730254
-0.00550797902147569,-0.0019786814529696314,0.205,298.7457030497307,0.0,0.0,0.462362192204674,0.4558895738278754,0.0,0.0,1.0,25.09013426131359
-0.003097691948553209,0.0023624966160693166,0.205,298.846960218634,0.0,0.0,0.5364811143504019,0.15747377107014945,0.0,0.0,1.0,23.06079351050872
0.0037029708194035497,-0.0015996004354331896,0.205,298.82652780241096,0.0,0.0,0.5321405717692428,0.4849103539437082,0.0,0.0,1.0,23.558112567068346
0.004900189208953381,-0.0030251615658269783,0.205,298.6336507391909,0.0,0.0,0.4665247609751684,-2.672227866696415,0.0,0.0,1.0,24.313872215489216
-0.0030400821174617065,0.0026720113991750864,0.205,298.7801916142753,0.0,0.0,0.5317007338747911,-0.737331609249416,0.0,0.0,1.0,22.89899959911155
0.003111682173852855,-0.0009351476325653184,0.205,298.9914745593353,0.0,0.0,0.5550075109327991,-0.8157322250679563,0.0,0.0,1.0,24.17173220389546
-4.549530936868447e-05,-0.0021210862418452915,0.205,299.1334376908372,0.0,0.0,0.5799818244227276,0.4195120519257105,0.0,0.0,1.0,19.66820476776669
0.0005290622313516363,-0.0011834144855499826,0.205,299.10466712603187,0.0,0.0,0.5921492667744488,-1.1514812562976524,0.0,0.0,1.0,19.25066254242998
-0.006202990013293603,-0.0012155707628219404,0.205,298.62549634842475,0.0,0.0,0.4406825459896245,0.15963196927236037,0.0,0.0,1.0,25.89868889036382
-0.0011451446998330334,0.004526320442132579,0.205,298.8498120920784,0.0,0.0,0.5104042557764482,0.5384671393020052,0.0,0.0,1.0,23.496030480374863
-0.005352920616477143,-0.0010196926084433202,0.205,298.7508433813596,0.0,0.0,0.4798281706370959,-1.0614899254660617,0.0,0.0,1.0,24.075727528755923
0.0012364668961417397,0.004375320898733054,0.205,298.9395663488989,0.0,0.0,0.5148091540536267,-0.6726770478212032,0.0,0.0,1.0,24.534270098959823
0.0010001106712105054,-0.005197986921560478,0.205,298.7630518123163,0.0,0.0,0.48627441878803046,-0.34044133853991243,0.0,0.0,1.0,25.410254756960487
-0.001159929632526063,0.0054973138833149995,0.205,298.6377259469827,0.0,0.0,0.4726405636679449,-1.6042222789211689,0.0,0.0,1.0,25.343415424362313
-0.005192307237277839,-0.002817091236894353,0.205,298.79041715030075,0.0,0.0,0.4599086083421701,0.5755967547727666,0.0,0.0,1.0,24.532739015211792
-0.004578911292448378,-0.002161242559855006,0.205,298.81405747189103,0.0,0.0,0.495478856416768,-1.0844679825005843,0.0,0.0,1.0,23.76883317845768
0.0011997911074929052,0.005637352568116048,0.205,298.7197599327492,0.0,0.0,0.4663114708844399,1.2423506641747686,0.0,0.0,1.0,25.319997074004238
-0.0022056225555611977,-0.004730060757938025,0.205,298.7825251747539,0.0,0.0,0.4892881572456842,-1.7921614052210126,0.0,0.0,1.0,24.871112652708312
-0.0006504300130591763,0.0006059371836091429,0.205,299.1090983238278,0.0,0.0,0.5961661595418538,-0.05756053589413123,0.0,0.0,1.0,18.496156418327043
-0.000766918899449328,-0.004692745211480316,0.205,298.8775816786449,0.0,0.0,0.5072401914178716,-1.6697003084549837,0.0,0.0,1.0,23.413449343644306
-0.004801053008435635,0.004219159343516403,0.205,298.61897836629674,0.0,0.0,0.4372875971279258,-1.4619979254662037,0.0,0.0,1.0,26.097828175285123
0.004766657481303888,0.002400117280259878,0.205,298.7779118651142,0.0,0.0,0.4844925829704766,-0.8625328027423482,0.0,0.0,1.0,22.87188484456441
-0.00487865771580188,0.0023420759362055457,0.205,298.6656289315099,0.0,0.0,0.4813931682945223,0.7971006534989867,0.0,0.0,1.0,25.316642647710477
-0.00444483400580938,0.00012995653170968895,0.205,298.88811593807475,0.0,0.0,0.5183319883441473,-0.009387545828234154,0.0,0.0,1.0,22.817840822743467
-0.006009608954639338,-0.0019085334420773372,0.205,298.63293837996235,0.0,0.0,0.44142812332369086,-0.5287979543230642,0.0,0.0,1.0,25.429393416047738
-0.0025241521034087616,-0.0025569485354760627,0.205,298.96583431657416,0.0,0.0,0.5455331310134541,0.18186292449449978,0.0,0.0,1.0,23.110766309865
0.002140341146656548,-0.003031531741077164,0.205,298.82339777907396,0.0,0.0,0.5420840150926698,0.0028674190764845404,0.0,0.0,1.0,21.15401118212839
0.0016206632917319047,0.0029319517623363146,0.205,299.0367572913389,0.0,0.0,0.5523159210201781,0.14238044882519577,0.0,0.0,1.0,22.650632354252394
-0.00030127847744686333,-0.002057754865532105,0.205,299.0787294994227,0.0,0.0,0.5807259704419852,-0.10850914421260145,0.0,0.0,1.0,21.483568517837245
0.0027661411650451873,0.0021985429013323668,0.205,299.00843925267344,0.0,0.0,0.5472348414031731,1.0881693652303681,0.0,0.0,1.0,22.8745353580684
-0.005508533149404887,-0.0034221592869368546,0.205,298.6883528150276,0.0,0.0,0.4327362786847214,-0.9573932352702205,0.0,0.0,1.0,25.35331984647118
-0.0035768081285361556,-0.0014698402322987224,0.205,298.98103441861997,0.0,0.0,0.537368466606142,1.3921788881832515,0.0,0.0,1.0,21.704485185478376
-0.0005220940891456314,-0.0005868842923088374,0.205,299.16534693313474,0.0,0.0,0.596969215101715,-1.1308425750912219,0.0,0.0,1.0,19.95815597487423
-0.004555206246444374,-0.0012376182244971158,0.205,298.7985624072336,0.0,0.0,0.508520662428976,0.5721378096580756,0.0,0.0,1.0,24.237780101746186
0.0013454392453839709,-0.0035695286001936966,0.205,298.8707192218679,0.0,0.0,0.5389700354062916,-0.60271381627231,0.0,0.0,1.0,23.085146969594852
0.0027963538528688985,-0.0024529237410926517,0.205,298.896756078928,0.0,0.0,0.5418236132407879,0.6000371549369957,0.0,0.0,1.0,23.813445294630263
-0.0014406153734202066,-0.001516453421326891,0.205,299.11854071179397,0.0,0.0,0.58051486580168,-1.3702825309711788,0.0,0.0,1.0,21.88090080141912
0.003754833810310151,0.00257402689130878,0.205,298.8696947437635,0.0,0.0,0.5146051656962081,-1.397594106225424,0.0,0.0,1.0,23.323476449918054
0.0060291296381712245,-0.0022282043798606084,0.205,298.5767521267635,0.0,0.0,0.43553281516154857,-1.017147389404674,0.0,0.0,1.0,25.415923118864768
0.004923647667264945,-0.001813817058898469,0.205,298.6917086728814,0.0,0.0,0.488153253986357,0.22280196321171694,0.0,0.0,1.0,24.259129395192847
-0.0033102063874223277,0.0048213678152922495,0.205,298.62898571286746,0.0,0.0,0.46255291138577165,0.024654294734027273,0.0,0.0,1.0,25.25992412881766
-0.0063833329826464965,-0.0003956296281021978,0.205,298.6409343310091,0.0,0.0,0.4370906630763526,-1.030363333464055,0.0,0.0,1.0,26.158862127092668
-0.000569127293146807,0.0016102289853979165,0.205,299.00012998632064,0.0,0.0,0.5867435512516839,0.5957083302551661,0.0,0.0,1.0,20.87259391519896
0.005407726065614372,-0.002885701847782482,0.205,298.5985086050159,0.0,0.0,0.4497267894963966,0.8989295243837442,0.0,0.0,1.0,26.09789053479624
0.003468657424155793,-0.005287710390923432,0.205,298.57231428360416,0.0,0.0,0.4405432686210143,-0.735683695842529,0.0,0.0,1.0,25.152637868055525
0.0034984754235388984,0.002005335209855386,0.205,298.98145519858974,0.0,0.0,0.5321802523742712,-1.2261620968959617,0.0,0.0,1.0,22.683921083514914
0.003321314532351098,-0.005172748199018797,0.205,298.5768649628996,0.0,0.0,0.44889978788812795,0.9256189382903206,0.0,0.0,1.0,24.853296928241
-0.0016901261033512227,0.002291195438554232,0.205,298.9630989178595,0.0,0.0,0.5649937649164,-1.9688939447910507,0.0,0.0,1.0,20.231980506269068
0.003861678607715678,-0.00014496744501986495,0.205,298.9672513161375,0.0,0.0,0.5374496759791716,-1.1205661147425905,0.0,0.0,1.0,23.947958166861042
-0.004424688062562579,-0.00425370520848016,0.205,298.6416065065806,0.0,0.0,0.4493426754403554,1.505893797224697,0.0,0.0,1.0,25.38348990733422
0.005645603359994399,-0.002283212838627969,0.205,298.6202957281255,0.0,0.0,0.45156980244888095,-3.0370431630446695,0.0,0.0,1.0,24.756996599123404
0.0022387385782607575,-0.0009217573324364381,0.205,299.05740994113336,0.0,0.0,0.5742730466631387,-0.6971882709652061,0.0,0.0,1.0,19.74955780695163
0.0017354219693719046,-0.0015900467830651907,0.205,298.9916345269488,0.0,0.0,0.5756160770715784,2.1871547923621444,0.0,0.0,1.0,20.92551258832033
-0.0002448807992295425,-0.004714786434672914,0.205,298.7946946486127,0.0,0.0,0.5084911180983136,-0.06013531721215329,0.0,0.0,1.0,25.853598596137623
-0.0028431724051169263,-0.005484864903994538,0.205,298.6389182926158,0.0,0.0,0.4474607689821601,0.4588578929361382,0.0,0.0,1.0,24.922194396528674
-0.005834774585371486,-0.0006344753814906897,0.205,298.7054687143123,0.0,0.0,0.4616211946100136,1.8492701211418894,0.0,0.0,1.0,26.653392870711777
-0.0029024751451164365,0.0007305644480412746,0.205,298.9979180849333,0.0,0.0,0.5615072988669556,1.133488601471815,0.0,0.0,1.0,20.657716596990177
-0.0008738384432103978,-0.004338803100032569,0.205,298.77349875064095,0.0,0.0,0.5190565948812002,0.10070854688909571,0.0,0.0,1.0,24.41851374806952
0.001003438151532712,0.001903722741709595,0.205,299.0855477194236,0.0,0.0,0.579433080030299,-1.6219330819988353,0.0,0.0,1.0,22.501431016481682
-0.0029369645004175982,-0.004593525718076809,0.205,298.74601775121977,0.0,0.0,0.47970242547702435,0.4175555603861952,0.0,0.0,1.0,24.924893569488223
-0.0002550329809494689,0.005244221434672426,0.205,298.83737947821,0.0,0.0,0.48801948962805636,-1.0296972822667891,0.0,0.0,1.0,23.958792253418945
0.0043369823206786794,-0.0036339641997326696,0.205,298.648913719613,0.0,0.0,0.4709193417951893,-0.4088955503387778,0.0,0.0,1.0,25.362920640978523
0.0031064312119874894,0.0009074018023827799,0.205,299.0684842401198,0.0,0.0,0.5553467584768488,2.0998507783284657,0.0,0.0,1.0,20.868410747473884
0.00434556460178798,0.003239009011458184,0.205,298.82564972305175,0.0,0.0,0.48105273904207235,-0.13607009831781763,0.0,0.0,1.0,24.234345341536496
-0.003110753383300493,0.003341984898874612,0.205,298.7294879939857,0.0,0.0,0.5141305725314816,-1.5112554147657056,0.0,0.0,1.0,23.27663089081934
0.0020916715988852047,-0.0023805718358052307,0.205,298.9555693038127,0.0,0.0,0.5570946119325471,-1.304194820599457,0.0,0.0,1.0,21.058882016655417
-4.882860971293454e-05,0.006182754290862829,0.205,298.6306946532892,0.0,0.0,0.44722742009068767,-1.6343951254474247,0.0,0.0,1.0,25.013878165089544
0.0030226887809454346,0.0001478316518747917,0.205,299.02306405168264,0.0,0.0,0.5606896318301571,-0.5435838202672347,0.0,0.0,1.0,21.67337621253569
-0.003557751431352267,-0.0004100490242241563,0.205,298.9516637869636,0.0,0.0,0.5458682499397003,-0.9598130633794011,0.0,0.0,1.0,22.084629215202327
0.006221816636940866,-0.0008136265982528522,0.205,298.60534511969047,0.0,0.0,0.44288690422214366,-0.5131296653745738,0.0,0.0,1.0,24.946044968181447
0.00254699309582102,0.0032214243624374608,0.205,298.9307600987854,0.0,0.0,0.5297890602620007,-1.6627535469426984,0.0,0.0,1.0,22.91929523935515
-5.610193096584985e-05,-0.0029827088293164225,0.205,299.02693869061216,0.0,0.0,0.5617456810447892,0.4210818197081109,0.0,0.0,1.0,22.004961901871575
-0.0003719621454631358,0.0042104431617328904,0.205,298.8474327651395,0.0,0.0,0.5258341128192594,0.14547446892717147,0.0,0.0,1.0,22.980331207937652
-0.00598195287568758,-0.0007510513314746015,0.205,298.67626174364165,0.0,0.0,0.4543774733148149,-4.052737291593333,0.0,0.0,1.0,25.967838301226035
0.005156689779174202,-0.00017834175046558135,0.205,298.7362832916479,0.0,0.0,0.49166419807579065,0.8788060775551682,0.0,0.0,1.0,24.893319472500057
-0.0008507141996209399,-0.004949794964615175,0.205,298.7808793330126,0.0,0.0,0.49707990288769904,0.45312392227685205,0.0,0.0,1.0,23.5872292609269
0.002479387492364655,0.00407534406935536,0.205,298.89038796014637,0.0,0.0,0.5066721513280946,-1.3222859293154186,0.0,0.0,1.0,23.100107841591885
-0.004240654713218398,-0.0035508786050358065,0.205,298.7766005311672,0.0,0.0,0.476376818917466,-0.6979842409775382,0.0,0.0,1.0,25.0644493938398
0.0023286074074052717,0.003814849122419499,0.205,298.96744671583485,0.0,0.0,0.5175394178114006,-1.1099616930021134,0.0,0.0,1.0,24.125425969040936
-0.003650852495351876,-0.0013279409377718822,0.205,298.9058502511362,0.0,0.0,0.5368188551838163,-0.6071135411136513,0.0,0.0,1.0,22.188887937993947
0.00593477164401215,-0.0007600858460970987,0.205,298.64690598927416,0.0,0.0,0.45646623469158865,-0.5532799214850308,0.0,0.0,1.0,25.312867779601692
-0.003126468375796304,-0.0026385931995676253,0.205,298.990120390152,0.0,0.0,0.5302944896322602,1.0841367880588322,0.0,0.0,1.0,24.462562111849053
-0.0011720714501800664,0.003833615922405211,0.205,298.8184030195995,0.0,0.0,0.5329346347222502,-1.8442317915446353,0.0,0.0,1.0,22.37931895783444
0.002568800728454087,0.0005064275174407006,0.205,299.10582835447025,0.0,0.0,0.57014662823171,1.6582804326430196,0.0,0.0,1.0,21.377820385839474
0.0035112034090087935,-0.0011492705378762032,0.205,298.83444832570103,0.0,0.0,0.5425710408320499,0.9530615410679774,0.0,0.0,1.0,23.208761521003666
-0.0012075990455652963,0.003197234619873435,0.205,298.8725560476993,0.0,0.0,0.5504702696850188,-1.867173265365229,0.0,0.0,1.0,21.083044745308488
-0.0021604461632293956,-0.002034994062662454,0.205,299.0951424792685,0.0,0.0,0.5621172528337971,-0.4962038702858128,0.0,0.0,1.0,21.716725629152865
0.0027619319077906383,-0.004874764828844054,0.205,298.6606532823379,0.0,0.0,0.4733087318505437,0.572394145509294,0.0,0.0,1.0,23.77490273512291
-0.005145597179783189,-0.0015769755758032816,0.205,298.7462070879812,0.0,0.0,0.48263466744675054,1.8769457942952166,0.0,0.0,1.0,25.761006206393336
-0.004164435127729987,-0.004488683398290954,0.205,298.7152492454963,0.0,0.0,0.4500307012038876,-0.12213965532939634,0.0,0.0,1.0,24.551740400203606
0.004286723803906347,9.591741132345726e-06,0.205,298.8539177212064,0.0,0.0,0.523824655916565,0.6351237359102788,0.0,0.0,1.0,22.31759282696414
-0.0035900017162866305,-0.003154946803898736,0.205,298.91530758196376,0.0,0.0,0.5063370693554997,1.3315260095785122,0.0,0.0,1.0,25.171607603413502
0.004930055887269729,0.003486789806508406,0.205,298.7521223762749,0.0,0.0,0.4539386109364343,-0.004917369879768621,0.0,0.0,1.0,24.558557676406018
-0.00041732123147866036,-0.004107066900886597,0.205,298.89909218807713,0.0,0.0,0.5290875969957977,-0.16242714497449284,0.0,0.0,1.0,22.195795475415544
0.0022493677412521776,-0.0016183068796647776,0.205,298.8980987508555,0.0,0.0,0.5667500985043485,-1.7467310587345168,0.0,0.0,1.0,19.632356919231317
-0.0010779057904374595,-0.00048086470124119885,0.205,299.16625124878067,0.0,0.0,0.5934300727169601,0.24715610685086176,0.0,0.0,1.0,20.004032357609915
0.003469418840662867,-0.001322472130150792,0.205,298.90440917649477,0.0,0.0,0.5420258662858196,-0.9468168576490934,0.0,0.0,1.0,21.10534815002712
-0.006116436802813542,-0.0014997888536376668,0.205,298.5518050928225,0.0,0.0,0.44179846139719975,-1.0118751405479263,0.0,0.0,1.0,24.28523877063639
-0.0039521512777210815,-0.0007247878448630525,0.205,298.95898167830524,0.0,0.0,0.5326394882227768,0.4825999301052859,0.0,0.0,1.0,23.135693356443642
-0.00116333160503859,-0.004157640784912452,0.205,298.9173948998852,0.0,0.0,0.522788425991034,1.4852577862114857,0.0,0.0,1.0,22.65370405895301
0.002969709237824341,-0.001816706748850617,0.205,298.8801391056219,0.0,0.0,0.5487035095993903,0.4731744281944573,0.0,0.0,1.0,21.255851778219306
-0.0010292333161303678,-0.005070304597719157,0.205,298.8558775641703,0.0,0.0,0.49110739302623196,-1.004972496130923,0.0,0.0,1.0,24.05516945785221
-0.0047235727213014445,0.0003381123079563774,0.205,298.7058213706101,0.0,0.0,0.5079557679220964,-0.5082929854593079,0.0,0.0,1.0,22.950709209974654
0.0013474028268120873,-0.0026314825719520197,0.205,298.9842316660309,0.0,0.0,0.5623973055596495,-1.8729505625214826,0.0,0.0,1.0,21.97532324099648
-0.0026680644597648065,0.003856035719307187,0.205,298.79694218825614,0.0,0.0,0.5096678276669169,-0.9849424891802184,0.0,0.0,1.0,21.407059148479675
0.0035593199261201598,0.0037882541029548456,0.205,298.86804995007816,0.0,0.0,0.49013248708957735,0.5214906802757205,0.0,0.0,1.0,22.645593401477292
0.003509794157215955,0.0002994459824351291,0.205,298.9289963991754,0.0,0.0,0.5475432551897451,1.8815516694893923,0.0,0.0,1.0,22.36264726336318
-0.00013404268624943186,-0.003658229758977096,0.205,298.9369474362861,0.0,0.0,0.5435658071438688,0.3522282035947117,0.0,0.0,1.0,23.387544591301086
-0.0053002418539410505,0.0017650015390210175,0.205,298.6982265212573,0.0,0.0,0.4740135545477217,-0.3250362736902403,0.0,0.0,1.0,24.73176757582627
0.0016859507937119096,0.0012461171862391898,0.205,299.1679790623224,0.0,0.0,0.5804292624716151,0.15241391936495235,0.0,0.0,1.0,21.552754977377646
-0.001401432893742919,0.003967590752039375,0.205,298.9332864999883,0.0,0.0,0.5264668010014218,0.3615778068177706,0.0,0.0,1.0,22.454193203631597
-0.0019556589774604696,-0.004047816026518601,0.205,298.923915706972,0.0,0.0,0.5166222843551544,0.6435649269578358,0.0,0.0,1.0,23.891987516725443
0.006189093801925158,-0.0015281796654816483,0.205,298.56970646205053,0.0,0.0,0.4380868571172665,-1.315889647615548,0.0,0.0,1.0,24.811302652061244
-8.511338444276074e-05,0.0011683318027490691,0.205,299.0549521846138,0.0,0.0,0.5935236020872482,1.1939955351843603,0.0,0.0,1.0,18.32025150926111
-0.0022316937188616324,0.006049947353360814,0.205,298.6113944315587,0.0,0.0,0.4345231737154598,-0.2899065853745727,0.0,0.0,1.0,27.83276016238257
0.005550018109510802,0.002480806906169661,0.205,298.7088207107436,0.0,0.0,0.45205954887047234,3.2038917551726267,0.0,0.0,1.0,26.148352616527205
-0.002897329135125492,-0.0014860332546345195,0.205,298.96316360164326,0.0,0.0,0.5548223255905703,0.03232968082530711,0.0,0.0,1.0,21.130132336724863
0.004444320332609539,0.003918323010515163,0.205,298.7662711869907,0.0,0.0,0.459110951911583,2.435903145862518,0.0,0.0,1.0,24.260968512646013
0.0056651333594914055,0.000565148594350543,0.205,298.69494734249935,0.0,0.0,0.46939529794003176,-0.2389647556641773,0.0,0.0,1.0,23.94587723338411
-0.003621849107266617,0.0008857700104847162,0.205,298.9151957049524,0.0,0.0,0.5415602182097974,0.8680011774479387,0.0,0.0,1.0,23.081312307484243
-0.004947657439594246,0.0016545918623564818,0.205,298.783237606728,0.0,0.0,0.48937024045530575,-1.0992072676413254,0.0,0.0,1.0,24.22470658409514
-0.005324964399718508,-0.000471493941363655,0.205,298.7262214200664,0.0,0.0,0.48412288278930293,-1.0502675331980815,0.0,0.0,1.0,23.88300062303357
-0.0001314385575662011,0.0044029446741978276,0.205,298.9007451303671,0.0,0.0,0.5197853760896989,1.611581842856795,0.0,0.0,1.0,22.07304611110905
0.003863058102575494,0.004290662335281337,0.205,298.7486042618596,0.0,0.0,0.4658765855686886,1.2035108884067534,0.0,0.0,1.0,26.100367036903727
-0.0061320704500239884,-0.0006739123715277465,0.205,298.6957098638798,0.0,0.0,0.44788196048725487,-0.7518532436930531,0.0,0.0,1.0,24.03239352035515
-0.0013681972811533114,-0.004882577671408067,0.205,298.7868457361044,0.0,0.0,0.49519176558442424,0.8832713172346678,0.0,0.0,1.0,26.60840097363777
0.0037233280928096694,0.001750989058903943,0.205,298.9065426993827,0.0,0.0,0.5295344366440345,-0.3550162707952035,0.0,0.0,1.0,24.61746324454844
0.002286382411675294,-0.005729091116842539,0.205,298.6561350912661,0.0,0.0,0.44790632539055997,0.005508996966337389,0.0,0.0,1.0,26.89163295055411
-0.0015207902888983507,-0.00395495883260429,0.205,298.8372672336079,0.0,0.0,0.5254858742419933,0.22304806317737197,0.0,0.0,1.0,23.272689319540138
-0.0012878297509437715,0.0014210542409784088,0.205,299.01040371913183,0.0,0.0,0.5834768100692486,-0.8121541824954189,0.0,0.0,1.0,19.64067171923453
-0.0021466142871585494,0.0034513420470660174,0.205,298.7306543575275,0.0,0.0,0.5311543788379641,1.098269922612628,0.0,0.0,1.0,22.140146176570195
-0.004510672634463004,-0.003833391141341022,0.205,298.6944107138319,0.0,0.0,0.4593556722012373,-1.6125632993443904,0.0,0.0,1.0,25.011758395927192
0.0002345358510832787,0.005224069903850585,0.205,298.7719388229886,0.0,0.0,0.48887245582456346,1.6891379286063042,0.0,0.0,1.0,22.97190008432429
-0.0033684713835626435,-0.0025521757687103834,0.205,298.91708727598217,0.0,0.0,0.5258577228837868,-0.058776942724952735,0.0,0.0,1.0,22.048768607055038
0.0006386330122105443,0.00516030371046523,0.205,298.71415886911575,0.0,0.0,0.49006697709399116,-2.234318016758129,0.0,0.0,1.0,25.03736708392067
-0.006345640458660596,0.0009972768730259066,0.205,298.5586460842028,0.0,0.0,0.43573546626140175,0.6415075983549664,0.0,0.0,1.0,25.012446794820143
-0.002231846403381712,-0.0031048558711098528,0.205,298.9129178596262,0.0,0.0,0.5386930515568035,2.463863952508653,0.0,0.0,1.0,24.312422837268993
0.002726537634180106,-0.003252840358918736,0.205,298.79366750153406,0.0,0.0,0.525247460619167,0.7529583387785942,0.0,0.0,1.0,23.62115959851095
-0.002015617730446965,0.001017501068364468,0.205,299.06069240427496,0.0,0.0,0.5774676947515213,-0.9678495614511275,0.0,0.0,1.0,21.37395457482452
-0.004283944355364233,-0.0022044622393123836,0.205,298.81390992265335,0.0,0.0,0.5048962001008803,2.390649169197739,0.0,0.0,1.0,23.307702515678304
-0.003972391915039006,0.0026488560958313023,0.205,298.7372715802858,0.0,0.0,0.5065141881854931,1.165031089156302,0.0,0.0,1.0,24.149190317186527
-0.0038646619730656603,-0.004162504899289941,0.205,298.76862353126637,0.0,0.0,0.4699736463497039,-0.6213511133067928,0.0,0.0,1.0,26.549515215934562
0.004020748590134511,0.0010024604145308928,0.205,298.9095542449321,0.0,0.0,0.5285770097070454,1.5410247436532911,0.0,0.0,1.0,23.63862914059333
-0.001098824169239417,-0.0006148664572455529,0.205,299.15590384495215,0.0,0.0,0.5925710845669311,1.1417464577977308,0.0,0.0,1.0,20.723734331690803
-0.004255285734032961,-0.0038321295487364323,0.205,298.7485468216802,0.0,0.0,0.46794285964610444,1.9617769489933405,0.0,0.0,1.0,24.02144023325057
0.004198718050298367,-0.003366269688517592,0.205,298.6569689953553,0.0,0.0,0.4826462830476852,-2.4035658229684658,0.0,0.0,1.0,25.46876444340016
-0.0006443461242365638,-0.006334940438720486,0.205,298.68866373918314,0.0,0.0,0.43844099986176305,-1.1992320260306122,0.0,0.0,1.0,28.02141459309419
-0.0009325925793978664,-0.0023555636037723114,0.205,299.06784336155,0.0,0.0,0.5719566488129239,1.0442532261575523,0.0,0.0,1.0,20.14652198182587
3.186612769663991e-05,0.0006352061868296101,0.205,299.09870483228485,0.0,0.0,0.5979706876399141,-0.05820934685607353,0.0,0.0,1.0,18.136428979031347
0.00303140063299657,0.0011340316174489886,0.205,298.9750386200475,0.0,0.0,0.5553381531257704,0.21480557650822402,0.0,0.0,1.0,21.812612551898596
-0.0038915479627208726,-0.0030148633050789356,0.205,298.8687029844666,0.0,0.0,0.5009236432774721,1.3473499144396015,0.0,0.0,1.0,22.99922706663028
0.0007159421927862433,0.003828191996789551,0.205,298.93301493062233,0.0,0.0,0.5365187211409197,-0.5045533408600833,0.0,0.0,1.0,23.489001180605836
-0.006162364081600368,-0.00012491314394118307,0.205,298.6199405457245,0.0,0.0,0.4481330173620068,0.64009422422461,0.0,0.0,1.0,25.13802295012244
-0.0018673729271847016,0.0022873376512985944,0.205,298.9453362228584,0.0,0.0,0.5624839574449391,1.8271476683050007,0.0,0.0,1.0,21.8156280996625
0.003425785480443309,-0.0029971808108174187,0.205,298.72515820732553,0.0,0.0,0.5146258828281408,3.14032409579839,0.0,0.0,1.0,22.0717299358965
0.0046361892841477416,-0.00011949291340486989,0.205,298.8511923658926,0.0,0.0,0.511538542580714,-2.7493474471158597,0.0,0.0,1.0,23.919559733527198
0.0027981233891114883,-0.0014977654329040408,0.205,298.92498526179446,0.0,0.0,0.5569704868707446,-0.0635849789837629,0.0,0.0,1.0,21.949451791594566
-0.005532120302682993,0.0025463079113164774,0.205,298.5675588883476,0.0,0.0,0.4515616624517679,1.827605007345389,0.0,0.0,1.0,26.69660426567039
0.00011843230193079354,-0.0038749798367220065,0.205,298.9359004510972,0.0,0.0,0.5370680670231341,0.5982025794873493,0.0,0.0,1.0,23.651559507214795
-0.0018410184282336654,0.0020166334703954837,0.205,299.01503560969394,0.0,0.0,0.5676657099911968,0.04494203933061839,0.0,0.0,1.0,20.076947517056162
-0.004094995640967268,-0.0008578436126625531,0.205,298.8962018063879,0.0,0.0,0.527259680864702,-0.1760676361210954,0.0,0.0,1.0,22.748817913728434
-0.000692523387961217,0.0048904540265609165,0.205,298.78244511399197,0.0,0.0,0.5002922805488131,0.5575675342154437,0.0,0.0,1.0,23.688994639931966
-0.0007611012445161357,0.0024578936841766113,0.205,298.97290611115085,0.0,0.0,0.571118404532366,1.1497389629653922,0.0,0.0,1.0,23.21213754963388
0.0005891663798215228,-0.000550962218045324,0.205,299.0795926359273,0.0,0.0,0.596812349492876,2.685797489690453,0.0,0.0,1.0,18.548865362711847
-0.001656847162276274,0.0036296532122286826,0.205,298.83316670638055,0.0,0.0,0.5335327817788171,-0.4516593511737986,0.0,0.0,1.0,23.328215394734258
0.005300248323069842,0.003732036676115269,0.205,298.731218089735,0.0,0.0,0.4328661883900029,0.8696065308363289,0.0,0.0,1.0,25.571403256726438
-0.0037763699063656318,-0.000577215055495775,0.205,298.9549029031681,0.0,0.0,0.5388010907798962,0.998266245729578,0.0,0.0,1.0,23.332036849128443
0.003962185192695543,-0.003660351774888736,0.205,298.7419120947163,0.0,0.0,0.48212249482232483,1.993676275768723,0.0,0.0,1.0,24.05926501410214
0.0027413737350686037,0.0034080598780423126,0.205,298.9289751995355,0.0,0.0,0.5208587016750597,-0.9718507235755541,0.0,0.0,1.0,21.966118508567167
-0.0011499533489232896,-0.002454724389447429,0.205,299.0043534522591,0.0,0.0,0.5681111969856669,-0.9837233745418367,0.0,0.0,1.0,22.25414373598012
0.004227345518585255,0.0008153872119490638,0.205,298.93414766584453,0.0,0.0,0.5231977954921809,-1.305950560140287,0.0,0.0,1.0,24.81242133086733
-0.001864696602292755,0.0003994946273026563,0.205,299.06939509762844,0.0,0.0,0.583652746343278,-1.9063694146054226,0.0,0.0,1.0,20.511926622162054
-0.004046906291688063,0.003023216183168452,0.205,298.68733016097633,0.0,0.0,0.49594410922009524,0.05691958095107459,0.0,0.0,1.0,21.99897365635817
0.003421499144276408,0.003632929706588381,0.205,298.85586578291486,0.0,0.0,0.49831816301052867,-1.8327564317351492,0.0,0.0,1.0,25.000771935535283
0.0035355575085040743,-0.0025431757430363976,0.205,298.8091392991399,0.0,0.0,0.5214958880623752,-1.4602428443013042,0.0,0.0,1.0,22.508828568211648
-0.004098700358378502,-0.0010013781951362316,0.205,298.8770163811229,0.0,0.0,0.526086861074946,-0.6162411783012259,0.0,0.0,1.0,24.032260562864572
0.0032718033412019007,0.005200950649733916,0.205,298.6470074875275,0.0,0.0,0.4490284488064241,0.6412683040377359,0.0,0.0,1.0,25.112990476417707
0.0039596428476295475,-0.0012914090481659965,0.205,298.82373482455364,0.0,0.0,0.5278850376541915,0.610710109293228,0.0,0.0,1.0,22.02592228292549
-0.00445543151456089,-0.0025033280497842167,0.205,298.7842426073853,0.0,0.0,0.4936201768782117,-1.0908093392758917,0.0,0.0,1.0,24.654836461182732
-0.0007382535933298796,0.0012690230279160187,0.205,299.12290555974687,0.0,0.0,0.5900543624815319,-1.589083547411923,0.0,0.0,1.0,20.99944057976139
0.0029916067323381783,-0.003588178607253125,0.205,298.7548330723435,0.0,0.0,0.510303506869734,1.4098907192894015,0.0,0.0,1.0,24.006514622582017
0.006000061655287389,-0.00187957031663417,0.205,298.6723937770492,0.0,0.0,0.44227840470309865,3.0439890079327045,0.0,0.0,1.0,26.046409350429897
0.0009782762234366352,-0.0059994072736577276,0.205,298.66720079499834,0.0,0.0,0.4520868990004641,-2.1965465010293412,0.0,0.0,1.0,23.651138041432944
0.005631073253287835,0.0017341454954618329,0.205,298.7095951423982,0.0,0.0,0.4605944608781136,-2.6876910466779065,0.0,0.0,1.0,25.932432026094155
0.003490286926240979,0.0020537255029955876,0.205,298.9058921561471,0.0,0.0,0.531628859510619,-2.752352896522924,0.0,0.0,1.0,23.308155398301853
-0.0038499173584926414,0.002340433247493168,0.205,298.74144933060495,0.0,0.0,0.5162692841445666,-1.023934104897132,0.0,0.0,1.0,23.69512987087244
0.0015754743344418888,0.004976844562079554,0.205,298.81918404003363,0.0,0.0,0.4892385181538136,0.14192559298889734,0.0,0.0,1.0,24.315293589923257
0.0012919745050317135,0.004659571059189878,0.205,298.85325153707447,0.0,0.0,0.5042386383215987,-0.0033476795556431345,0.0,0.0,1.0,24.58771313346214
0.0021964319537289205,0.004301531043243731,0.205,298.8944077641571,0.0,0.0,0.5044461070433176,-0.2647495934974573,0.0,0.0,1.0,24.596259472539696
0.00037009460068407075,0.004081678469198147,0.205,298.98640597239773,0.0,0.0,0.530056761276717,1.4743745304238791,0.0,0.0,1.0,21.16529053813547
-0.0018398849062834046,-0.0014649174833702655,0.205,299.1801046100319,0.0,0.0,0.5756527849202551,0.9425540081980928,0.0,0.0,1.0,21.000378598939935
-0.004552761316687628,-0.0013855495916493242,0.205,298.8340036312969,0.0,0.0,0.5070945839290252,0.04259495645467696,0.0,0.0,1.0,24.409262763696816
-0.0010845675014557923,0.0041811904473016024,0.205,298.85463854870653,0.0,0.0,0.5227123868656652,0.7413163542450357,0.0,0.0,1.0,24.268651126575836
0.0020869534089183977,0.003677591505722472,0.205,298.8728783486506,0.0,0.0,0.5257794301251981,-0.248870356863652,0.0,0.0,1.0,23.448020341118873
-0.0016565876121193727,0.002215943536683465,0.205,298.9673960281479,0.0,0.0,0.5668483584447188,-1.8409808838369544,0.0,0.0,1.0,21.68963282912377
-0.004206221367489645,0.0037125279537388815,0.205,298.6676972178719,0.0,0.0,0.4729883729560766,1.032131687876609,0.0,0.0,1.0,25.796035512664695
-0.001667111236667533,-0.005406737279449534,0.205,298.69281856032075,0.0,0.0,0.4709309995292338,-0.09190784602685817,0.0,0.0,1.0,26.100372136783765
-0.0016151418030383648,-0.0017789560448228923,0.205,299.0957662405849,0.0,0.0,0.574641027191284,0.02875278951061208,0.0,0.0,1.0,21.155882301484723
0.0016614791912674314,0.002092013784776786,0.205,299.0557018952117,0.0,0.0,0.5689818546649511,2.26441838730639,0.0,0.0,1.0,19.98333845911982
-0.002813684746549335,0.005013041252279545,0.205,298.68538089079493,0.0,0.0,0.4669685294369192,1.3065509559316433,0.0,0.0,1.0,25.224673563229505
-0.0014350722266726925,-0.003508059421494987,0.205,298.93324802225203,0.0,0.0,0.5397106668438916,1.123810344362499,0.0,0.0,1.0,23.553560746899226
0.0020048092052922174,0.0048720129768008375,0.205,298.79118412958996,0.0,0.0,0.4872907587879534,0.09112101424149495,0.0,0.0,1.0,25.1098096860482
0.004604166700156793,-0.00020459853500340308,0.205,298.8557449824059,0.0,0.0,0.5125872465603968,-0.3716402020257318,0.0,0.0,1.0,23.42654699132758
-0.0026652230452877484,0.0019329325190094817,0.205,298.9093318675374,0.0,0.0,0.5538641956855532,0.5623003516226652,0.0,0.0,1.0,20.703891363446424
-0.0007298112143382362,0.005351859356067135,0.205,298.6842489176881,0.0,0.0,0.48182256745932794,-1.138386261201105,0.0,0.0,1.0,24.816128160580963
-0.004298355698271312,0.0032988223116162388,0.205,298.7260994270656,0.0,0.0,0.4811182151812211,-0.40975080224610205,0.0,0.0,1.0,25.076634328922534
0.0036426470291062883,-0.00186546465853187,0.205,298.81997776803144,0.0,0.0,0.5302475772093506,0.7949267852966989,0.0,0.0,1.0,21.629224850249148
-0.0042633313441480455,0.0015430566219797432,0.205,298.7951200816383,0.0,0.0,0.5152604775471488,-2.0159728954298153,0.0,0.0,1.0,24.078287314768183
0.006285988662766314,0.0015008614026032,0.205,298.64683883028033,0.0,0.0,0.43382794173697875,-1.000836293635014,0.0,0.0,1.0,27.73149491033692
0.001672568232190145,-0.0013257320462702698,0.205,298.967968741588,0.0,0.0,0.5797538527731376,1.4929552268763773,0.0,0.0,1.0,20.37301035124033
-0.002415835953286785,-0.003636016310053686,0.205,298.9281471211568,0.0,0.0,0.5211461197070394,-0.5728804686151916,0.0,0.0,1.0,24.302120260530323
-0.0028613633457297894,0.005252683964796773,0.205,298.58287906968144,0.0,0.0,0.456546817490639,0.23240741386745753,0.0,0.0,1.0,25.239793024840512
0.00411143830870155,0.001303918852616312,0.205,298.86364260151123,0.0,0.0,0.5229269071997772,-0.49736626365750897,0.0,0.0,1.0,24.540337076982237
-0.0019911958501432703,-0.0050602305644306175,0.205,298.75674036239513,0.0,0.0,0.48030011186265953,-0.11123035800168597,0.0,0.0,1.0,23.442063723110945
0.005847241919763485,-0.0027579550098980775,0.205,298.5189569954975,0.0,0.0,0.43371336065835764,1.8986532835573684,0.0,0.0,1.0,26.588905666226548
-0.0015096175037368153,0.004345132953905055,0.205,298.8475905115398,0.0,0.0,0.512904296628052,1.3959755939947402,0.0,0.0,1.0,23.040802629340725
-0.005543103199351648,-0.0005436462691007709,0.205,298.66226326467637,0.0,0.0,0.4747279605511471,0.037814042994887914,0.0,0.0,1.0,24.366026740417624
0.005110921359335825,0.0028170710044667473,0.205,298.6795837577464,0.0,0.0,0.4631090004470506,-0.69218586658768,0.0,0.0,1.0,24.786941024000054
0.002098716416054433,9.383138880370122e-07,0.205,299.0723529262874,0.0,0.0,0.5803896145608868,1.9046551844270678,0.0,0.0,1.0,21.184580023623315
0.005915141820684495,-0.001242811849871924,0.205,298.6457358932277,0.0,0.0,0.4536709878715859,-1.049233505294812,0.0,0.0,1.0,26.11132976731669
0.005862780280022008,-0.002635135877559238,0.205,298.56719601676014,0.0,0.0,0.4355296583432684,-1.5741064386463073,0.0,0.0,1.0,26.914912056076925
0.0037959890573874095,0.0010556360239737839,0.205,298.9736296964426,0.0,0.0,0.5351029870462215,0.9968182847237447,0.0,0.0,1.0,22.816863019387192
0.0047310841896478755,0.003456375462667537,0.205,298.8148927279715,0.0,0.0,0.46206950998094193,-0.6627053898522861,0.0,0.0,1.0,24.662014026231947
-0.002733325227655038,0.0018139632873356432,0.205,298.8151878476549,0.0,0.0,0.5541800924329788,1.7573972126122632,0.0,0.0,1.0,21.3443778971498
-0.004724404023835265,-0.0033849914126075843,0.205,298.8338961685305,0.0,0.0,0.4641755058769945,-2.9105001845309486,0.0,0.0,1.0,24.029683640463414
-0.003900371077430326,-0.0018968614421294053,0.205,298.9104802593348,0.0,0.0,0.5221130481100902,0.6849710082849415,0.0,0.0,1.0,22.347407578547134
0.0049739224892510646,0.0013093449634299715,0.205,298.8233447725581,0.0,0.0,0.4923174836631006,0.5079613972994684,0.0,0.0,1.0,24.883729000285896
0.004251816755510247,0.0020232919926398037,0.205,298.90621114325705,0.0,0.0,0.5089495423209489,0.9818597808563964,0.0,0.0,1.0,22.523313067317773
0.004018323037727583,-0.002389505478053658,0.205,298.75454499727334,0.0,0.0,0.5101788845589124,0.2002998950267615,0.0,0.0,1.0,25.777114348695367
0.0028003215744640078,0.004706954661280197,0.205,298.7629372876559,0.0,0.0,0.47866086221017334,-0.9172516238040771,0.0,0.0,1.0,23.54272907488001
-0.004732779522254581,-0.003980534527647319,0.205,298.7543655334183,0.0,0.0,0.4471703892888043,-1.2844269313030012,0.0,0.0,1.0,25.76440312916065
0.0044692159471012415,-0.001812690456002507,0.205,298.7588962526517,0.0,0.0,0.5047097471412082,1.129361376736462,0.0,0.0,1.0,23.446461911557048
0.001148448540865911,-0.0019462267658339075,0.205,299.0076498239083,0.0,0.0,0.5774311270302271,1.5046830572872238,0.0,0.0,1.0,20.84825814500792
-0.003600706541760001,-0.0047435340009692436,0.205,298.74277777570364,0.0,0.0,0.4577350688266023,0.282817255616219,0.0,0.0,1.0,25.40644817725327
0.003672506166393658,-0.0034425077438690363,0.205,298.7013416413792,0.0,0.0,0.4966381574236367,-0.5479024545673374,0.0,0.0,1.0,24.350451997322185
-0.0027609362208777686,0.003271483953429997,0.205,298.8141679348802,0.0,0.0,0.5240243970624204,-1.4199617576755967,0.0,0.0,1.0,23.45480312750121
0.0024658137838592894,0.00475603359516708,0.205,298.7098761384635,0.0,0.0,0.4836508953848435,1.489706911481746,0.0,0.0,1.0,25.649203696683305
-0.0021067981695812583,0.0032535879379946555,0.205,298.8599179679822,0.0,0.0,0.537088202948191,1.5272925771391213,0.0,0.0,1.0,21.44582930874367
-0.002842059764492342,-0.0044828006138242105,0.205,298.825781676196,0.0,0.0,0.48568256020267603,0.13030309027445172,0.0,0.0,1.0,23.13949046800601
9.628285762073126e-05,0.005145967148483211,0.205,298.7239151910207,0.0,0.0,0.49217843494057445,-1.432642914566629,0.0,0.0,1.0,24.304081597494363
-0.003799695857885015,0.0033857263469994773,0.205,298.736421924867,0.0,0.0,0.49445882486198234,-1.0361082392390195,0.0,0.0,1.0,21.434005305362007
0.005378029853164563,0.0036386175875336036,0.205,298.6602553733755,0.0,0.0,0.4323296314507658,-1.222482112248125,0.0,0.0,1.0,26.811618313877865
-0.00014559133618887915,0.0042424138411157235,0.205,298.8846796210555,0.0,0.0,0.5252305331516799,0.1882887328652936,0.0,0.0,1.0,23.212768795187536
-0.003308581660500198,0.003523004168675492,0.205,298.703917246163,0.0,0.0,0.5043263017595194,0.8349164547572062,0.0,0.0,1.0,23.904633327568355
-0.005409983653935046,0.0024302157645687892,0.205,298.59967559404515,0.0,0.0,0.45884928850571,-0.5975835461897082,0.0,0.0,1.0,22.33618906551115
0.004708648243830865,-0.0016754747905836855,0.205,298.74561390818445,0.0,0.0,0.4980321342122293,-0.46329723451201005,0.0,0.0,1.0,24.08957992579886
0.0007239683989464141,-0.0018159542800551087,0.205,299.06038132096074,0.0,0.0,0.5828631639433837,-0.8619254646359454,0.0,0.0,1.0,19.49959042021809
0.003177867404417234,0.005433232347098872,0.205,298.7051436739813,0.0,0.0,0.44195501194938774,-0.789030294001737,0.0,0.0,1.0,26.66815971404254
0.003291657180388858,-0.0054156432099542835,0.205,298.60084444647913,0.0,0.0,0.4398890433801816,0.5621200375856248,0.0,0.0,1.0,26.43224541090025
0.000933865944300452,-0.0011344389305102402,0.205,299.04705690715434,0.0,0.0,0.5900384971862912,0.5760061505767514,0.0,0.0,1.0,19.495151839315344
0.0014581879026610467,-0.006147177634214405,0.205,298.7093458008376,0.0,0.0,0.44083631774628756,-1.1861410803873824,0.0,0.0,1.0,25.374891365173095
0.004173268374187432,0.0010923171526828121,0.205,298.8428039015312,0.0,0.0,0.5229064563220971,-0.700199576158415,0.0,0.0,1.0,23.449979129405495
0.005463225541529983,-0.0016702166946742857,0.205,298.72196214291364,0.0,0.0,0.4685405650563359,-0.19061350124877866,0.0,0.0,1.0,24.77782986945321
0.0015898154964391978,-0.004734967990984803,0.205,298.7560475715845,0.0,0.0,0.4981529364432047,-3.6995496511829487,0.0,0.0,1.0,25.229737351017828
0.0018035630713162238,-0.0010738959348131642,0.205,298.98879096253665,0.0,0.0,0.5803833515689044,0.3616587206658018,0.0,0.0,1.0,21.525824748086205
0.0035784508592717843,-0.0012249758155180792,0.205,298.8757343114268,0.0,0.0,0.5399500505260507,-0.503822073066584,0.0,0.0,1.0,23.264956310133854
-0.004974815950082663,0.002839784059006853,0.205,298.5628951780413,0.0,0.0,0.467864458594819,-0.13169430728299744,0.0,0.0,1.0,24.083373781001477
-0.0029259578112480105,-0.0030161550534529343,0.205,298.9283346050354,0.0,0.0,0.5266537078546769,-0.1006980407422217,0.0,0.0,1.0,21.29414912685376
0.003141487485239169,0.004597047737905202,0.205,298.77889475079274,0.0,0.0,0.47480373981139234,-2.0066342088578724,0.0,0.0,1.0,25.21450823086803
0.004114478452998797,0.0027825721481567326,0.205,298.81390614305104,0.0,0.0,0.49922285883302026,0.036077071872414955,0.0,0.0,1.0,23.267580199139978
-0.004665710090904698,-0.003000143365368771,0.205,298.8448070914681,0.0,0.0,0.4756942699134856,-2.668251782629373,0.0,0.0,1.0,24.349370489424835
-0.003592041336287701,0.00305216628244179,0.205,298.7664833368713,0.0,0.0,0.5087668791288349,-0.23498493149332936,0.0,0.0,1.0,24.078528232834163
-0.004550872790265896,-0.001353017575104296,0.205,298.79964072000547,0.0,0.0,0.5075088351137206,-0.9534693945006429,0.0,0.0,1.0,23.868841750947674
-0.0028044197288143004,-0.003815880607705447,0.205,298.7932334860508,0.0,0.0,0.5079586702203361,0.11839184474665519,0.0,0.0,1.0,22.717830410071063
0.006126946191683972,0.0003285526763383016,0.205,298.6083640215523,0.0,0.0,0.44943559097293306,0.5772573820178186,0.0,0.0,1.0,25.417127176575676
0.0035096133774404135,1.6787907308083814e-05,0.205,298.9698507613214,0.0,0.0,0.5479074076752538,0.2662502109823866,0.0,0.0,1.0,21.870301805098652
0.0023643710539749674,-2.7258389718397824e-05,0.205,299.0384973918406,0.0,0.0,0.5754026431290697,-1.993974238717504,0.0,0.0,1.0,19.600928598072354
-1.2033737395258947e-05,0.00039623730789812287,0.205,299.1944155939861,0.0,0.0,0.599173449374059,1.8248149178865725,0.0,0.0,1.0,18.982803056670704
-0.0053584766429660875,-0.0027007159964577716,0.205,298.7662604486858,0.0,0.0,0.4556744947308524,1.1419131605277928,0.0,0.0,1.0,25.445004905157685
0.0005268458338183905,-0.005223323970464421,0.205,298.71201519599646,0.0,0.0,0.48804349464197294,0.31571642729617994,0.0,0.0,1.0,25.26140549156745
0.003370073630367664,0.003935867050386342,0.205,298.77227931919805,0.0,0.0,0.49079385024201627,-1.9529629853561872,0.0,0.0,1.0,25.316303404269632
-0.001033502657376955,-0.0005084552641570217,0.205,299.1961782668213,0.0,0.0,0.5937281762352012,-1.6087130277033554,0.0,0.0,1.0,18.847743455831345
-0.0017679973129742432,-0.004628103292380955,0.205,298.82877251079594,0.0,0.0,0.49971375113933103,-1.0935980377653298,0.0,0.0,1.0,24.446144553773316
0.0008461637812580011,-0.0033951668065851873,0.205,298.87331891752297,0.0,0.0,0.5482068359918748,-0.6478633447731911,0.0,0.0,1.0,21.443374613103696
0.0027036838591436444,-0.004953908525006153,0.205,298.70864466281864,0.0,0.0,0.4715475694631104,0.8779550847596492,0.0,0.0,1.0,25.327951780848032
0.006141092455830742,-0.0007713342696611707,0.205,298.6159449265731,0.0,0.0,0.4469269910223412,0.612017272517002,0.0,0.0,1.0,24.086461801147607
0.005369054391064842,-0.002575153909019446,0.205,298.6528661692038,0.0,0.0,0.45776570606099243,-0.4997201638030564,0.0,0.0,1.0,25.20402547132048
0.00011671201547241478,-0.004969466701681312,0.205,298.7930091765545,0.0,0.0,0.49907703408016013,0.11707475011901321,0.0,0.0,1.0,23.147200383346433
-0.00565174464359036,0.0011496259098089958,0.205,298.66624702155826,0.0,0.0,0.466140905789894,-0.05542227812665172,0.0,0.0,1.0,24.043062036462086
0.0010989422462796975,-0.004440976283214059,0.205,298.8282373200766,0.0,0.0,0.5138007325246472,-0.2468050594215585,0.0,0.0,1.0,23.33819071474004
0.0017894298562591271,-0.004902193707470827,0.205,298.6996159112674,0.0,0.0,0.4893062410630386,-0.984074101478638,0.0,0.0,1.0,25.053844692995117
0.0005084095940421674,0.005365609928024999,0.205,298.7983579944557,0.0,0.0,0.4823104554680419,0.9170039643384962,0.0,0.0,1.0,25.097373341456663
0.005834692387664928,0.00029321232740781483,0.205,298.68657523689154,0.0,0.0,0.4628333133642286,0.9045000397691837,0.0,0.0,1.0,25.701697489908984
-0.0003558281694339558,-0.004172187614307795,0.205,298.8855885582966,0.0,0.0,0.5271456842532183,-1.8714878130863033,0.0,0.0,1.0,20.099395678322562
-0.0057235891892453246,0.0002940251756713456,0.205,298.69823502082994,0.0,0.0,0.4677391486995254,1.2632698034130254,0.0,0.0,1.0,25.619267470973327
0.0049143322269432875,0.0009355297068501274,0.205,298.7462325447013,0.0,0.0,0.49784873581262507,0.39318317899072835,0.0,0.0,1.0,23.780726439526486
0.0026857659002170638,-0.0005780458740573952,0.205,298.95892054205416,0.0,0.0,0.5672896244276894,-0.05954023584405012,0.0,0.0,1.0,20.93697862325343
0.0011114467523100277,-0.004901709547379884,0.205,298.78310367019697,0.0,0.0,0.4969330563510156,-1.243926246254384,0.0,0.0,1.0,23.937456381789755
0.00048384589794561256,-0.003423547467256802,0.205,298.8464119546856,0.0,0.0,0.5493664293111761,-0.30324306987629585,0.0,0.0,1.0,21.697445920479876
0.004582803036398803,-0.0009017627101433393,0.205,298.80482970890216,0.0,0.0,0.5103405085286401,0.8199339427200936,0.0,0.0,1.0,22.541871816974087
-0.0032903324637080364,-0.0026727888817980115,0.205,298.92625045733473,0.0,0.0,0.5254244266935746,0.08455449524909199,0.0,0.0,1.0,23.302023739768455
-0.0055842600342501025,0.0026010091827071563,0.205,298.6650950589814,0.0,0.0,0.44828920133846395,0.4258519573589703,0.0,0.0,1.0,25.81150436094534
-0.004517638247625368,-0.0020430149865142636,0.205,298.8197680140002,0.0,0.0,0.4995669935637859,-0.7305233656146761,0.0,0.0,1.0,25.351755845628112
0.0028982103375539124,0.00017486445485147403,0.205,299.0257926117161,0.0,0.0,0.5636654384112356,-0.20441465121531302,0.0,0.0,1.0,20.630141431462135
-0.004674740694966973,0.0014167436707711646,0.205,298.7247378106238,0.0,0.0,0.5023736389384548,-1.3793682453369662,0.0,0.0,1.0,23.209191725884274
-0.0006548278504158686,0.002634042394001294,0.205,299.03979349646403,0.0,0.0,0.5680332226761015,-0.7165666588919707,0.0,0.0,1.0,20.794183087138002
0.003629555406541468,0.0035369078504791022,0.205,298.87142705204366,0.0,0.0,0.49530073647791817,-0.3319156081181514,0.0,0.0,1.0,23.39236147741015
-0.0004765785538674373,-0.0014384728107586049,0.205,299.1927989160076,0.0,0.0,0.5894377438752163,-1.375272191517016,0.0,0.0,1.0,19.8288673365848
-0.00028830334285801255,0.004417119451072016,0.205,298.8590324870939,0.0,0.0,0.5190359581847445,-0.41556148871212695,0.0,0.0,1.0,23.750942528982968
0.004385061454075765,0.0008335900206745644,0.205,298.91955817655236,0.0,0.0,0.517742770378758,-2.0430435695722315,0.0,0.0,1.0,22.022556810191883
0.0012681504410501658,0.0006708526007243102,0.205,299.1005654616032,0.0,0.0,0.5904808784576664,-0.1833739547970685,0.0,0.0,1.0,19.36448085830401
0.0063346667796941305,0.0002931802049343908,0.205,298.607499057233,0.0,0.0,0.4397006056481823,0.45743474496235387,0.0,0.0,1.0,27.466027961788345
0.0021350216030620044,0.0021830303978152086,0.205,299.07034515432247,0.0,0.0,0.5600153448403252,1.0393866505990812,0.0,0.0,1.0,21.307577720177893
0.00423857334872703,0.003353061340860066,0.205,298.78425829410753,0.0,0.0,0.4816936541956063,-0.6247776945186585,0.0,0.0,1.0,24.183593158228717
0.0003665403753739533,-0.002838789490093836,0.205,298.99827228700207,0.0,0.0,0.5646370391888218,1.0755930214925853,0.0,0.0,1.0,21.361346139033895
0.002460311040471363,-0.004228645652269234,0.205,298.74228297913123,0.0,0.0,0.502085202706528,-1.3530302798751033,0.0,0.0,1.0,25.401300420329186
0.005527980764431644,-0.0021162803220233927,0.205,298.60109806499617,0.0,0.0,0.45937032003652384,0.3737208546628791,0.0,0.0,1.0,26.045316921664792
-0.0029401183462958525,-0.004770131990321718,0.205,298.7811835404376,0.0,0.0,0.47328244927169305,-1.134527545697047,0.0,0.0,1.0,25.02836172261929
0.0047684914852121575,0.0005968124364925123,0.205,298.76254066072175,0.0,0.0,0.5053521956016415,1.2613461022693098,0.0,0.0,1.0,24.203536361041216
0.002775934444378912,0.0004753519728485959,0.205,298.9913753967867,0.0,0.0,0.5657093600036679,-1.3011331077438897,0.0,0.0,1.0,20.848996737008623
0.0017378707880507669,-0.004966703734588066,0.205,298.763799586025,0.0,0.0,0.48755089834285614,-1.8970507402022727,0.0,0.0,1.0,23.51915413921575
-0.003727985936452368,-0.0024164700512560133,0.205,298.91168057160326,0.0,0.0,0.5184741551750187,-0.5558702932640204,0.0,0.0,1.0,22.151536906998043
0.0036063375161437343,0.0045570433656202695,0.205,298.7527774710651,0.0,0.0,0.46419783677283727,0.24986128996963405,0.0,0.0,1.0,26.50455288844531
-0.003780043872701041,0.004850967847071285,0.205,298.54387356082583,0.0,0.0,0.4487776008332894,2.5522377144696757,0.0,0.0,1.0,23.293177078487336
0.00386290636358575,0.002272630338942055,0.205,298.9343641500252,0.0,0.0,0.5171025718038889,-0.46851029221360846,0.0,0.0,1.0,24.650626996029462
-0.0022482392406190104,0.0016887885890293677,0.205,298.91720876037647,0.0,0.0,0.5658128038615098,-0.48855646614395415,0.0,0.0,1.0,21.099834769123206
-0.001448939749299405,-0.0015148397294356697,0.205,299.05230592032717,0.0,0.0,0.5804337984868589,-0.6623898560525503,0.0,0.0,1.0,20.694227362742062
-0.004460231453143385,-0.003406386164826945,0.205,298.80529103563924,0.0,0.0,0.4729041543309606,-0.7067534954247255,0.0,0.0,1.0,24.24853791042434
0.0014350837314034495,0.003920812059833526,0.205,298.9480648367975,0.0,0.0,0.5275465176645086,-0.41247946177319433,0.0,0.0,1.0,23.943861173776373
-0.0029402482058733396,-0.000913783170727736,0.205,299.011291478587,0.0,0.0,0.5593795808162467,0.6670468232927392,0.0,0.0,1.0,21.815541672709603
-0.002514856329592733,0.0058541859968052196,0.205,298.62708160329225,0.0,0.0,0.4382542248655919,2.5320410532741606,0.0,0.0,1.0,25.92657920428927
0.002230856347374718,-0.005180397697138308,0.205,298.6377422584541,0.0,0.0,0.47169268547452986,-0.4284502015645435,0.0,0.0,1.0,24.75144453760261
0.0014970373874410262,-0.0013520478187587922,0.205,299.01321063075517,0.0,0.0,0.5818112502048153,-1.3500837346507328,0.0,0.0,1.0,21.403615585742966
0.002222259267553821,-0.0059643286749368795,0.205,298.5452432973751,0.0,0.0,0.4385734861438002,-0.08991496858526458,0.0,0.0,1.0,26.064867271436906
-0.0033946202348783205,-0.005469294067169527,0.205,298.6591074463256,0.0,0.0,0.4350740282110023,-0.35452591980636866,0.0,0.0,1.0,25.481714686752913
0.0026906274110201577,-0.0029643771313354866,0.205,298.8530448165501,0.0,0.0,0.5331065298485436,-0.7676085244901204,0.0,0.0,1.0,21.818247242995895
0.0019276565219533825,0.004505945664541615,0.205,298.7974426581784,0.0,0.0,0.5017555435914995,0.680550199312757,0.0,0.0,1.0,22.767553439285816
0.002870015214586561,-0.005312056355365962,0.205,298.60589029362774,0.0,0.0,0.45396990762341605,0.746505049262686,0.0,0.0,1.0,25.410172546265205
-0.0036592159718167867,-0.0022533044529647606,0.205,298.9397128301093,0.0,0.0,0.5234657460137724,0.9072650418912998,0.0,0.0,1.0,23.184152910890102
-0.0038315415478533507,0.0006550997405206944,0.205,298.9821130839341,0.0,0.0,0.5367484030894301,-1.8588208192317683,0.0,0.0,1.0,23.46820872041489
-0.0010021857917144768,-0.0001275910580136446,0.205,299.134245664177,0.0,0.0,0.5951111212947794,-1.3063837998710155,0.0,0.0,1.0,20.46219858759924
0.00336408393778707,-0.0025379187602741736,0.205,298.8406526246508,0.0,0.0,0.5262604641994678,0.14249589167401813,0.0,0.0,1.0,23.375626851709168
-0.004780866795154968,-0.0023964220443180202,0.205,298.8207555580626,0.0,0.0,0.4840382404238025,1.6440374560165263,0.0,0.0,1.0,24.43231702324181
-0.0006298112473825131,0.00016638404326665003,0.205,299.16903243251716,0.0,0.0,0.5978762280897861,-2.049689865188792,0.0,0.0,1.0,18.413159228263964
-0.005291843592493267,0.0034455757238330627,0.205,298.5979415796929,0.0,0.0,0.44098218547047696,-2.3598382832948417,0.0,0.0,1.0,26.724800349414124
0.006206312729356708,0.00010745799145870058,0.205,298.6156361702597,0.0,0.0,0.4460847981672605,-0.1991841751178349,0.0,0.0,1.0,26.08575802404408
0.004492183713178051,0.002546510164912593,0.205,298.74413508928046,0.0,0.0,0.49150503838917653,0.377729217730362,0.0,0.0,1.0,25.407494925399597
0.0001046727623186029,-0.0018635910625583374,0.205,299.0417404068843,0.0,0.0,0.5843057841663231,-0.3498011056938207,0.0,0.0,1.0,20.251761936798378
0.0021146524736770592,0.0040042843893225355,0.205,298.8812449208315,0.0,0.0,0.515460088975273,0.9056097588573846,0.0,0.0,1.0,26.79883139044582
0.0011699565913754748,0.004493697446603823,0.205,298.8435479660983,0.0,0.0,0.5113291855754499,0.22538474583597978,0.0,0.0,1.0,23.79213982508878
-0.004082523457863179,-0.0011976918233501574,0.205,298.87655070767346,0.0,0.0,0.5249065757936772,0.8327108154087798,0.0,0.0,1.0,21.660887164508267
0.0040572687993126405,-0.0003510436798274755,0.205,298.8875725730818,0.0,0.0,0.5308972720617521,-1.7341393874653934,0.0,0.0,1.0,21.1670491233611
0.005082795484306972,0.0017782224836935614,0.205,298.73991953980754,0.0,0.0,0.48250816548557895,-0.9007579572553,0.0,0.0,1.0,24.544585092054092
0.00011398963941700904,-0.005106280635014188,0.205,298.80173535327106,0.0,0.0,0.493737911658273,-0.42866706462127246,0.0,0.0,1.0,23.906149486983843
-0.00042613833266606934,-0.005157717109067278,0.205,298.80310666664684,0.0,0.0,0.49104428429196567,0.20856670309659536,0.0,0.0,1.0,25.06868272392696
-0.004594457819559366,0.002313236891750252,0.205,298.7441264605222,0.0,0.0,0.4922949840685507,0.3135933530520231,0.0,0.0,1.0,24.333479166886214
-0.003288090080657455,-0.004635357693952397,0.205,298.80840139791275,0.0,0.0,0.46983574392251815,0.3424064204043786,0.0,0.0,1.0,24.639526184948217
0.0013613829437643663,-0.0008425019919007865,0.205,299.0375293043167,0.0,0.0,0.5882749973905569,1.5676518691696146,0.0,0.0,1.0,19.371154315838165
-0.0015391387141729079,-0.002028721411214832,0.205,299.05481266234375,0.0,0.0,0.5716817337044128,0.6640604106151791,0.0,0.0,1.0,20.28096632310695
0.0013357239163331784,-0.005261517527733709,0.205,298.7106817154577,0.0,0.0,0.48069650047363954,-1.6260677375943744,0.0,0.0,1.0,24.78171924929056
0.0009307634805967122,0.005143239715761427,0.205,298.8074275862435,0.0,0.0,0.48897545095045947,0.5291270445106278,0.0,0.0,1.0,24.428567353531225
0.0003445298214967768,-0.005783257284631469,0.205,298.6471469167453,0.0,0.0,0.4649908067848191,0.17871564390331265,0.0,0.0,1.0,26.796152383203143
-0.0017582895102905998,-0.004490652964581235,0.205,298.83886148669137,0.0,0.0,0.5047182776186138,0.8945202313587469,0.0,0.0,1.0,24.03918483378652
0.004075031634482799,-0.0008003483143885925,0.205,298.85678829502024,0.0,0.0,0.5282803108177654,-1.199346459832458,0.0,0.0,1.0,24.51082251988378
-0.005680281521221734,0.0014356193875528723,0.205,298.7138774517762,0.0,0.0,0.46208129577480994,-0.8777551640541569,0.0,0.0,1.0,25.72924149858111
0.0017380428759270886,0.006043060717230807,0.205,298.72679788868584,0.0,0.0,0.4422562273601794,0.6264640613105509,0.0,0.0,1.0,25.757162112180033
0.0042729338108544795,0.0035760978994098815,0.205,298.73603745668436,0.0,0.0,0.47463245664500836,-0.23242937918323317,0.0,0.0,1.0,24.641793216435065
0.0024960199746123617,-0.0005686465279541816,0.205,299.02812628600833,0.0,0.0,0.5713963178903697,1.4635542997767599,0.0,0.0,1.0,21.832948404234003
-0.0046751380975756165,-0.0015849535695886792,0.205,298.83437983201935,0.0,0.0,0.5003976406659557,-1.672316897407891,0.0,0.0,1.0,24.490225829991438
0.0003938268284984637,-0.006444841536399901,0.205,298.6882468889571,0.0,0.0,0.43411202252512593,1.955497725148962,0.0,0.0,1.0,26.43179600470695
0.006244654831345688,0.0016168685679129216,0.205,298.65476521824684,0.0,0.0,0.434418613342786,-0.19915891654398513,0.0,0.0,1.0,26.180883792681744
-0.0025275955178076376,-0.002889475576410759,0.205,298.9063261904011,0.0,0.0,0.5382289249772555,0.8114930950519661,0.0,0.0,1.0,23.589433641536
0.0055623687643104,-0.000976652536327017,0.205,298.7185105452603,0.0,0.0,0.47138405550385515,-0.27995871569419273,0.0,0.0,1.0,25.25270059310743
-0.0018578756034462304,0.004158185758058289,0.205,298.8201819371256,0.0,0.0,0.514535414492126,-2.1970921332937445,0.0,0.0,1.0,24.45841016885091
-0.0019584013667338827,4.194468555594275e-05,0.205,299.0270318120244,0.0,0.0,0.5827981024312933,-2.137281624813562,0.0,0.0,1.0,20.626761166079312
-0.0029797789893024748,0.0027693065328730396,0.205,298.82282367051477,0.0,0.0,0.5310418393939258,1.4890192363381347,0.0,0.0,1.0,23.189985152009477
-0.0035959716183434636,0.0009356722885893079,0.205,298.8920101506908,0.0,0.0,0.5419431915854463,-0.04799920246731048,0.0,0.0,1.0,21.502353168078656
-0.00569408582562601,-0.0019802486672940082,0.205,298.6744634470483,0.0,0.0,0.45439208907069834,0.5441508705022061,0.0,0.0,1.0,24.90406560100682
-0.0060679465803181645,-0.0013968360428871292,0.205,298.7408198573279,0.0,0.0,0.44516936170062416,-1.369632416346459,0.0,0.0,1.0,26.200285863394278
0.0002802224071043286,0.00045997658177652096,0.205,299.2383944869508,0.0,0.0,0.5985202151090268,-1.4654738176395665,0.0,0.0,1.0,18.263596736075158
-0.0037881993828982013,-3.419791427590528e-05,0.205,298.90993033969824,0.0,0.0,0.539767637037909,2.2629483138593605,0.0,0.0,1.0,23.382864171674456
-0.001550219268248704,0.005501607839663435,0.205,298.6246365640779,0.0,0.0,0.46840888978556405,-2.1315111719079627,0.0,0.0,1.0,25.334692095293665
0.0018695726806063474,0.0012055635159918417,0.205,299.0783416020194,0.0,0.0,0.5780952017630222,3.4550561027224913,0.0,0.0,1.0,21.745189919441767
-0.0037516933841280397,0.004927671838839764,0.205,298.58953923959575,0.0,0.0,0.4467403071936595,1.7016626281469809,0.0,0.0,1.0,25.863039420383277
0.00263895742412227,-0.0028051220420429288,0.205,298.83587380779926,0.0,0.0,0.5378507268754391,0.06350332015068887,0.0,0.0,1.0,21.271823526953302
0.004581471286617733,0.0011012631670332324,0.205,298.83595457950383,0.0,0.0,0.5088285930660376,0.48372924971199854,0.0,0.0,1.0,23.476604602879917
0.005182965846470619,0.0012108228668538691,0.205,298.79542559959543,0.0,0.0,0.4850796627047522,0.04071784996665724,0.0,0.0,1.0,24.07299983006162
-0.004080113875738999,-0.003717701499833345,0.205,298.74454200775926,0.0,0.0,0.4768500515094622,1.5977816883619687,0.0,0.0,1.0,25.864973483060812
-0.0005164468872194219,-0.0029497487539563495,0.205,299.0065344489538,0.0,0.0,0.561467912613469,-1.4184920419401212,0.0,0.0,1.0,20.980590118754684
-0.005812663753316817,-0.0025246189541443835,0.205,298.74102883160634,0.0,0.0,0.43990206189881864,-0.24917999682591194,0.0,0.0,1.0,26.78850133057139
-0.004631787177885716,0.003210003252736561,0.205,298.701672589541,0.0,0.0,0.4719059820758099,0.24100726623395538,0.0,0.0,1.0,25.129983189596295
-0.00018942821397030063,0.004884099126308227,0.205,298.82090680576147,0.0,0.0,0.5022572499921204,-1.4299220848591168,0.0,0.0,1.0,25.533091710103513
-0.0011936749169702732,0.005688412252076842,0.205,298.67349157243115,0.0,0.0,0.4641574238224921,0.007497766300333953,0.0,0.0,1.0,24.444284291990957
-0.00556505023795861,-0.0029959930509240694,0.205,298.7479385038676,0.0,0.0,0.4407164073402973,-3.360697087192138,0.0,0.0,1.0,26.19470268030589
-0.0021375529266712723,-0.001398242511139774,0.205,299.15311147623135,0.0,0.0,0.5715176556868548,0.6791272838218306,0.0,0.0,1.0,22.453070628468407
0.004636701135626891,-0.0018046045312041328,0.205,298.77597092081044,0.0,0.0,0.49889710216505406,0.05415625058449779,0.0,0.0,1.0,24.03462685029718
0.006414202310257316,0.0006910270514159728,0.205,298.61854469808395,0.0,0.0,0.43438257979127093,-0.25771380043788333,0.0,0.0,1.0,26.665496294666866
-0.00095308603062502,0.0018485547737407597,0.205,299.0313705541994,0.0,0.0,0.5807242604343362,-1.06320989066557,0.0,0.0,1.0,19.267946853131402
0.0022115257109394794,-0.004871969557902694,0.205,298.66972361181155,0.0,0.0,0.483932671218015,0.6474788062537155,0.0,0.0,1.0,24.982516635747317
-0.004473471829346115,0.003137650606824305,0.205,298.67363212552,0.0,0.0,0.4792005320803667,0.5302448212080484,0.0,0.0,1.0,23.827799918213223
0.00398109164520786,0.004667069210686651,0.205,298.7714346026566,0.0,0.0,0.4494993859926894,0.7240796929884612,0.0,0.0,1.0,25.964132167451726
0.004686292388539941,-0.002223510990402832,0.205,298.68371648459146,0.0,0.0,0.49057402480096296,-0.8970992813014628,0.0,0.0,1.0,23.95502682619059
0.0056505058089746235,-0.00232363112749221,0.205,298.60454118930716,0.0,0.0,0.4506514142264628,-0.06110185865358096,0.0,0.0,1.0,26.130621383553887
0.0005992254643575817,-0.005478738582799539,0.205,298.80509387010045,0.0,0.0,0.47720712359461925,0.8510487242044297,0.0,0.0,1.0,24.635008486078494
-0.0030934157519313223,-0.003642708409114031,0.205,298.82912473373597,0.0,0.0,0.5063497534355007,0.7526467658849342,0.0,0.0,1.0,24.995405173772532
-0.0017561930433788815,-0.0024246516562083267,0.205,299.0841484859013,0.0,0.0,0.5614866302006515,-0.3930977236828193,0.0,0.0,1.0,20.84406314436734
-0.004058272682536307,-0.0006897495618027978,0.205,298.8736029402192,0.0,0.0,0.5294703915275264,-2.4065726528031393,0.0,0.0,1.0,23.269853103104534
-0.003936007234129244,-0.002271269444079812,0.205,298.90843741992643,0.0,0.0,0.5148931930246553,1.1259321692706752,0.0,0.0,1.0,23.43540267342228
-0.00400742985737915,0.0017620478870502632,0.205,298.81782635006067,0.0,0.0,0.5207238841620794,1.085830218480192,0.0,0.0,1.0,25.15891988568843
0.0011179752996972542,0.004465113349464448,0.205,298.82355696448803,0.0,0.0,0.512794884544284,-0.17355340550137227,0.0,0.0,1.0,21.82092792471817
0.004381575617772083,0.003111109876005014,0.205,298.73272626617216,0.0,0.0,0.4829688783752855,-0.0642490934303899,0.0,0.0,1.0,25.261577538723582
0.0008003330951210999,-0.0018484788037733213,0.205,299.0190474998473,0.0,0.0,0.5818611376722992,-1.2058133379240457,0.0,0.0,1.0,20.364333865438027
-0.0023711036251154306,0.003157292262381249,0.205,298.8188721415196,0.0,0.0,0.5348380155481542,-0.2961342301013972,0.0,0.0,1.0,23.259989706683715
0.004535780020719274,-1.8422248794901463e-05,0.205,298.8138002657099,0.0,0.0,0.5151953865309151,0.0355400285585424,0.0,0.0,1.0,25.32109505913274
-0.00022872223538217813,-0.005850451475324656,0.205,298.6967717574625,0.0,0.0,0.4622588083106147,-0.1970606117579678,0.0,0.0,1.0,22.844433128175297
0.004366608684993097,-0.0035395300096229846,0.205,298.66016094503794,0.0,0.0,0.47252692838211696,-2.085922190660706,0.0,0.0,1.0,24.43098164085261
0.0006351110623367201,-0.0039048508540487606,0.205,298.91234241732474,0.0,0.0,0.5345974238312564,-1.7545330669773855,0.0,0.0,1.0,22.376114472816305
-0.005420596980601929,0.0003898978962791805,0.205,298.8284162636212,0.0,0.0,0.4804381787759529,-0.20638772884248338,0.0,0.0,1.0,24.453265277354305
0.0014406998196615532,-0.003072101360467361,0.205,298.8933961178742,0.0,0.0,0.5511439746266039,-0.32031253821215017,0.0,0.0,1.0,22.221454313042372
-0.002516449857355587,-0.0057867049879999416,0.205,298.62823292279654,0.0,0.0,0.4411986131697891,-1.2279696829918494,0.0,0.0,1.0,25.974959733990158
-0.0006556145197838377,0.00021216058893895777,0.205,299.10028318916943,0.0,0.0,0.597636824257722,-2.381574669509043,0.0,0.0,1.0,17.504686792314054
-0.0016242825795107448,0.001752111344367103,0.205,299.0051495616958,0.0,0.0,0.5749130847104643,-0.5229142865639189,0.0,0.0,1.0,20.242432240965744
-0.0020873486142357948,0.003222765097843029,0.205,298.79012143140477,0.0,0.0,0.5382073005774226,-0.6038233156139711,0.0,0.0,1.0,23.23138602609294
0.0030380822942738537,0.004684631243078192,0.205,298.7826749898224,0.0,0.0,0.47413659078165854,0.42978890899853844,0.0,0.0,1.0,23.184965732689832
0.001160140540469176,0.003888001804854531,0.205,298.94543417105956,0.0,0.0,0.5313809810868667,1.1917578010351546,0.0,0.0,1.0,24.07247379976657
-0.002612049894281803,0.002942111082867255,0.205,298.78719914105613,0.0,0.0,0.5352820246632043,1.3890272577000817,0.0,0.0,1.0,24.095129429075037
-0.003147186789970973,0.004292268206375889,0.205,298.6971002287039,0.0,0.0,0.4850830383559447,-1.3477889800993235,0.0,0.0,1.0,23.954690331875675
-0.0014583714360221032,0.003659193773487853,0.205,298.84395389238955,0.0,0.0,0.5351321934114072,-0.1613445398968745,0.0,0.0,1.0,21.178596788360224
0.0008590449621881608,0.006333803677656905,0.205,298.6698575487645,0.0,0.0,0.437273930855551,-0.3186069076082821,0.0,0.0,1.0,25.720176779557946
0.00162852751242531,-0.004098982550091374,0.205,298.760301663623,0.0,0.0,0.5195868127747327,-1.3160715670514125,0.0,0.0,1.0,24.979821580578395
-0.005616486367703626,0.0026592606662608595,0.205,298.57580943873,0.0,0.0,0.4457557117379231,-1.1998891933923972,0.0,0.0,1.0,24.944000519239125
0.0021257696211560958,-0.005122546641765459,0.205,298.65937673986167,0.0,0.0,0.4757339166389001,0.955635273725641,0.0,0.0,1.0,24.79724658714163
0.004820285120785316,-0.0018714647744488954,0.205,298.8340971448279,0.0,0.0,0.491222490808891,3.2655098830851053,0.0,0.0,1.0,24.371726133167574
0.005146959251197372,-0.000742004501965213,0.205,298.7178610819012,0.0,0.0,0.4900469923045838,0.10747073208149574,0.0,0.0,1.0,25.338221292615682
-0.001972133363101905,0.005265393832733781,0.205,298.643908771033,0.0,0.0,0.47245740958848004,3.2850595127420252,0.0,0.0,1.0,25.312995164163723
-0.0011823443826935282,-0.0014314490962989838,0.205,299.10034376540693,0.0,0.0,0.5844639253769525,-1.507898622475018,0.0,0.0,1.0,20.159117619424066
-0.0016199829363173657,-0.0021233320749333767,0.205,299.1015732662747,0.0,0.0,0.568998993327747,1.469449991266292,0.0,0.0,1.0,22.123687272366958
0.0017418572899441796,-0.0024603913878183162,0.205,298.89450958701974,0.0,0.0,0.560978827857885,0.9061501570071906,0.0,0.0,1.0,20.314327391519264
-0.00361635504428594,-0.004904850520180034,0.205,298.68723560186487,0.0,0.0,0.4513808983352591,1.725999814178856,0.0,0.0,1.0,26.37249663599947
-0.00233861813445813,0.0026016132158056568,0.205,298.8456322761147,0.0,0.0,0.5482294410747759,2.1004409785382125,0.0,0.0,1.0,23.113755803336627
0.00430097644301199,0.00411971516046583,0.205,298.7926478657351,0.0,0.0,0.457718877331955,1.274476036336199,0.0,0.0,1.0,24.90927139012354
0.0030334305041562863,-0.0026711975859587426,0.205,298.7829732507844,0.0,0.0,0.531877978639432,1.6721433597884212,0.0,0.0,1.0,23.337282011620452
0.00334213188184641,-0.001849111944169135,0.205,298.87740813057644,0.0,0.0,0.538821353708254,-0.7094796733006291,0.0,0.0,1.0,23.137209454490446
0.004144544066253614,0.004222269172152456,0.205,298.76329521839034,0.0,0.0,0.4594939082099068,-2.1179487529535894,0.0,0.0,1.0,26.096274599918573
-0.005563303622827302,-0.0031750849503982847,0.205,298.6777898208763,0.0,0.0,0.43660621045576165,-1.5810670190394291,0.0,0.0,1.0,25.851143241158482
0.0037101628515029484,-0.00192384781882307,0.205,298.8643193074727,0.0,0.0,0.5274112245742316,1.4260333996516625,0.0,0.0,1.0,24.28021207972059
0.004561398626546407,0.003374479749697306,0.205,298.7878008927896,0.0,0.0,0.47023627091990394,0.37733281926810436,0.0,0.0,1.0,26.607040839632834
-0.0023708717260315774,0.0039325937167889995,0.205,298.74287422786796,0.0,0.0,0.5131889965172324,0.27135389723800823,0.0,0.0,1.0,24.058167503723052
0.002250499124855802,-0.005471468292325321,0.205,298.65641186559105,0.0,0.0,0.45950569447606854,2.1396658924705814,0.0,0.0,1.0,25.697802958615558
-0.0030291932395668836,-0.0001682157541343172,0.205,298.992095596467,0.0,0.0,0.5605028736028542,-1.027355047761375,0.0,0.0,1.0,21.11360374371966
0.005546434334958172,-0.000882047430663573,0.205,298.5921040364085,0.0,0.0,0.4727362182840299,0.18875581520758813,0.0,0.0,1.0,24.09175693740913
0.004050954580170159,0.0010505222726294064,0.205,298.86643458681624,0.0,0.0,0.5272243691474622,-0.01948762964538898,0.0,0.0,1.0,23.527606331020152
0.0034607554267350625,-0.0017203292243975965,0.205,298.77583679299875,0.0,0.0,0.5374385999544768,-2.1837160508873144,0.0,0.0,1.0,21.730886197251746
-0.0004609689808576403,-0.0029370190878112283,0.205,299.0172444793535,0.0,0.0,0.561995329277564,-2.476266751586384,0.0,0.0,1.0,20.59592511768194
0.004675349163247636,-0.001413354918165487,0.205,298.7886365976857,0.0,0.0,0.5023888032094481,-0.28434007626950925,0.0,0.0,1.0,24.15885550893088
0.005810874100598763,0.0028836649586555223,0.205,298.6189563995763,0.0,0.0,0.4326355115636338,-1.7910524936883006,0.0,0.0,1.0,26.284774575547505
-0.003694987066050551,-0.0035529841769829694,0.205,298.86883445749925,0.0,0.0,0.49300462048750376,-1.4516058418578535,0.0,0.0,1.0,24.712227527657266
0.002563947444747136,0.003926681241524839,0.205,298.8781677676638,0.0,0.0,0.5096480297115259,-0.7928310979565373,0.0,0.0,1.0,22.486032177018462
0.0030493814228670707,-0.0038889118738359824,0.205,298.72173313391136,0.0,0.0,0.500190427436485,0.41899817815831125,0.0,0.0,1.0,23.224993625417017
-0.005626197568820303,0.0018807851099992572,0.205,298.5852516719316,0.0,0.0,0.45878226952002626,-0.19729467257402236,0.0,0.0,1.0,25.88661632784959
0.001024685503869352,0.001700074348293115,0.205,299.0894423376432,0.0,0.0,0.5823591409152719,0.9072971428552845,0.0,0.0,1.0,21.385339345748235
-0.005348036878549891,-0.00366299042852629,0.205,298.67190911214055,0.0,0.0,0.43287273549374994,-1.7725835744703473,0.0,0.0,1.0,26.282809516886932
0.0023522589764472203,-0.0024848186056458223,0.205,298.8472688477655,0.0,0.0,0.5503621511775578,-0.6875821641274872,0.0,0.0,1.0,21.057435861423116
0.00018484836465461913,0.004272186056042033,0.205,298.9262137743165,0.0,0.0,0.5241805069205605,0.7142504685618486,0.0,0.0,1.0,24.6579436235317
-0.0007772839290874602,-0.0006399597611487047,0.205,299.18516773053545,0.0,0.0,0.5951426932523747,-2.1136995444692492,0.0,0.0,1.0,19.650776797539383
0.002780995838547392,-0.0004587902845295156,0.205,299.0187549080761,0.0,0.0,0.5656573881268508,-1.1481737967496919,0.0,0.0,1.0,20.94836388890625
0.0034197658308108905,0.005289028661017924,0.205,298.74182049915413,0.0,0.0,0.44176641488479856,-1.222970284935198,0.0,0.0,1.0,25.855665726475817
-0.0016063198385586853,-0.002013847494015823,0.205,299.07463906951585,0.0,0.0,0.571054881280986,0.6088051676033505,0.0,0.0,1.0,21.351836817185085
-0.002560593263839512,0.004158059507322774,0.205,298.6947670611527,0.0,0.0,0.5024290934025724,1.7769242463765214,0.0,0.0,1.0,24.295499590237505
0.0005708197761482205,0.005028865644831579,0.205,298.80147822689656,0.0,0.0,0.4955643487564119,1.0670904568334092,0.0,0.0,1.0,25.347943047936365
-0.0012375539328174552,0.0005613458161924409,0.205,299.09731928753587,0.0,0.0,0.5914130484855341,0.7415030346012206,0.0,0.0,1.0,19.332535774753776
0.0057737013776077255,-0.0023602206737742123,0.205,298.63548380406155,0.0,0.0,0.4446567051160471,-1.0603000060062853,0.0,0.0,1.0,25.982745423725696
-0.003625987403891639,-0.0036221281893201456,0.205,298.8176441479068,0.0,0.0,0.49303954644538484,0.18901791693358994,0.0,0.0,1.0,23.77832810026435
0.00031945932186248194,-0.004536333482207194,0.205,298.9228281233305,0.0,0.0,0.5147774730114284,-1.1760085496512025,0.0,0.0,1.0,23.754763186447384
0.0029739734076146343,-0.0023073564428184317,0.205,298.9226264345604,0.0,0.0,0.5404983498340789,0.2904044424587278,0.0,0.0,1.0,22.072788115295104
9.224761339608187e-05,0.0031960066663672005,0.205,298.89971287011355,0.0,0.0,0.5563612738359828,-1.5974586789882375,0.0,0.0,1.0,21.45256347635717
0.000435212689925751,-0.004108542209700628,0.205,298.8571515394225,0.0,0.0,0.5289793947344354,-0.8688456058725949,0.0,0.0,1.0,24.037180521357993
1.3749706155485184e-05,-0.0056023110344392895,0.205,298.7421557717578,0.0,0.0,0.4733299035941859,-1.8016693374228856,0.0,0.0,1.0,25.1885384825081
0.0008034830768490548,-0.0025821887037102372,0.205,299.0326066128011,0.0,0.0,0.5682546078674806,-0.7040187521725858,0.0,0.0,1.0,21.074823232649106
0.0027785679693169826,-0.00042562676960041255,0.205,298.9443022643326,0.0,0.0,0.565833295309854,-0.5873884091000418,0.0,0.0,1.0,22.95372031754015
-0.0007472779179189722,-0.006096583777812811,0.205,298.70016153309143,0.0,0.0,0.4491341595226062,-1.1544918701329692,0.0,0.0,1.0,24.98214195386388
0.004779871555035508,0.002761807555088105,0.205,298.753037150412,0.0,0.0,0.47682655466109086,-0.4207276741487852,0.0,0.0,1.0,25.257777512445106
0.003658657034762114,-0.002901192015441596,0.205,298.7418464490674,0.0,0.0,0.5103896008093095,-0.400966452241527,0.0,0.0,1.0,21.777063099794937
0.001562235025266348,-0.005485145884381296,0.205,298.62616557262476,0.0,0.0,0.4689579033145018,-0.41239486938904224,0.0,0.0,1.0,25.93439236059476
0.0016792116692940443,0.00018916702835037753,0.205,299.118038902766,0.0,0.0,0.5870079656211115,-0.2404405726842671,0.0,0.0,1.0,20.153365246864162
0.0020009778988674715,0.0027120852425649915,0.205,298.98394048942293,0.0,0.0,0.5517654110264895,0.44378153170110357,0.0,0.0,1.0,23.138065975555012
0.004484817057058428,7.847212212121049e-05,0.205,298.8622044769463,0.0,0.0,0.5169737946571381,-0.9871780820997338,0.0,0.0,1.0,24.309558797092073
0.0008232454964371454,0.003967984786132574,0.205,298.8582591270437,0.0,0.0,0.5315387793715783,-0.5282353461668844,0.0,0.0,1.0,22.259268220887474
0.001068783521454957,0.002213501953004974,0.205,299.14571032258397,0.0,0.0,0.5735218269084524,0.2786770682742729,0.0,0.0,1.0,20.979247696065435
0.00035789354940818195,0.005059163119536892,0.205,298.7359318907251,0.0,0.0,0.4951464937202857,0.19216860679885484,0.0,0.0,1.0,24.51347454719463
0.00016830355731050243,-0.005343778138650547,0.205,298.6637589325075,0.0,0.0,0.4840969256919615,-1.3313685643872324,0.0,0.0,1.0,24.794949469700047
0.0028233789794008283,0.005522166589064006,0.205,298.72066002238057,0.0,0.0,0.4463279600199099,1.0198907532483437,0.0,0.0,1.0,24.432879366052468
0.0011229450986061922,0.0062079487333569815,0.205,298.6343345162372,0.0,0.0,0.4412699986729512,0.4758345587016258,0.0,0.0,1.0,25.740847196403003
-0.003968333720841263,0.0033964253078912518,0.205,298.671868072174,0.0,0.0,0.48911389518337656,0.780929504501466,0.0,0.0,1.0,24.524838958402277
-0.0010662669462381427,-0.005078078403646494,0.205,298.7633158948925,0.0,0.0,0.4905026708581171,1.1881508643829806,0.0,0.0,1.0,24.36981021296465
-0.0030094578295402443,-9.266039195975471e-06,0.205,299.1190505843969,0.0,0.0,0.5611039487848628,-1.3359083102818285,0.0,0.0,1.0,19.934799079513894
-0.0003966933910320356,-0.004150180901830858,0.205,298.86789368863856,0.0,0.0,0.5277473731492915,-1.4923231385410887,0.0,0.0,1.0,24.225178952306642
0.0032562019056762547,-0.0005607057298808125,0.205,298.9692579003499,0.0,0.0,0.5535504847835178,-2.204512831019437,0.0,0.0,1.0,21.105279046514628
-0.000183899697342363,0.0015036472639046268,0.205,299.01967787004577,0.0,0.0,0.5894445473138681,-0.368552135071796,0.0,0.0,1.0,20.7350299342452
-0.0016610527652681575,-0.004981765675996166,0.205,298.7676353927302,0.0,0.0,0.48798018476215,0.6413087089975896,0.0,0.0,1.0,24.448501699066014
-0.0002746256334911809,0.006297212305730104,0.205,298.61245816255047,0.0,0.0,0.44153269295776565,-1.2351407116214428,0.0,0.0,1.0,26.346950480742727
-0.00402867618675292,-0.004450118707830064,0.205,298.7436501292203,0.0,0.0,0.45557301970102304,0.8753439912992529,0.0,0.0,1.0,27.053095240417385
-0.005387214734574874,-0.0034184142579236675,0.205,298.6340931175917,0.0,0.0,0.43783167941776746,1.597773079804611,0.0,0.0,1.0,25.498023455904836
-0.005492217964731069,-0.002550452301905663,0.205,298.7243961799023,0.0,0.0,0.45315437900186323,2.3744920189233936,0.0,0.0,1.0,24.97402559146487
0.0005674599688719662,0.004562242834590753,0.205,298.79833991126185,0.0,0.0,0.5129944532514853,-1.801620570755548,0.0,0.0,1.0,23.279679126552193
0.005075344894922216,0.0037705235279143334,0.205,298.7379108605324,0.0,0.0,0.44060195152647086,0.9321615615182014,0.0,0.0,1.0,24.16535512745937
-0.005019786313972751,8.742931613232779e-05,0.205,298.7633652423697,0.0,0.0,0.4971507856756588,0.8524952574160355,0.0,0.0,1.0,24.699129770248735
-0.00321437942493126,-0.005497203368902038,0.205,298.66189134975974,0.0,0.0,0.43842272573512336,1.881648385185212,0.0,0.0,1.0,25.18752531100305
-0.0027566078849901423,0.005233877261999577,0.205,298.6195918081852,0.0,0.0,0.4595413612295451,0.8448107987281526,0.0,0.0,1.0,24.660093025479405
-0.003980561679657697,-0.00018505720524022805,0.205,298.9646354848409,0.0,0.0,0.5336930659464254,1.6493117145766076,0.0,0.0,1.0,22.688544388320093
-7.183533512336929e-05,-0.001986340256737562,0.205,299.08876877878686,0.0,0.0,0.58231459205171,-0.34693832984473155,0.0,0.0,1.0,20.78733670658256
-0.004574910043115059,0.00033936762971255557,0.205,298.7894944425461,0.0,0.0,0.5133507427256759,0.12274644814334887,0.0,0.0,1.0,24.97378977275091
0.001263746410038285,-0.0024329024341254077,0.205,298.88551137666417,0.0,0.0,0.5674189453800417,-0.4542772993413592,0.0,0.0,1.0,20.31504033367095
-0.0032613567671389426,-0.0029337530330524313,0.205,298.8961731389951,0.0,0.0,0.5204132715848381,0.01868674873932172,0.0,0.0,1.0,22.702593277487498
-0.005040441200633141,-0.002877758024005572,0.205,298.78160727254095,0.0,0.0,0.46452170512591257,-0.07594025191140559,0.0,0.0,1.0,23.940800053348845
0.002237704135977856,-0.005602064160375909,0.205,298.6432027771762,0.0,0.0,0.4542153241265,-1.2733184203008745,0.0,0.0,1.0,25.257893836321138
0.004455168413399716,0.0013332264709671247,0.205,298.91413613953654,0.0,0.0,0.5110795515823697,0.8721085030408109,0.0,0.0,1.0,24.289350727140828
-0.0015326803422652214,-0.000844613941849829,0.205,299.14766104110714,0.0,0.0,0.5861150686474206,0.4564383168058214,0.0,0.0,1.0,19.723172851279006
-5.9430119039169545e-05,0.0013483278514401969,0.205,299.0931211033516,0.0,0.0,0.5915240939138027,0.2971566366265337,0.0,0.0,1.0,19.38957536275634
0.003068585255052404,0.0027434538672213293,0.205,298.86502365731894,0.0,0.0,0.5294805813572927,-0.4372564619584594,0.0,0.0,1.0,22.916918898819088
-0.004038840114145058,0.001517613300565054,0.205,298.8202377094298,0.0,0.0,0.5228826307358494,1.2475235554447566,0.0,0.0,1.0,22.952510082259614
0.003451273498364212,0.00289144233457526,0.205,298.8573900398289,0.0,0.0,0.516378081632816,1.7010533317107641,0.0,0.0,1.0,23.893847922255713
0.004088100799223064,-0.00181370167586149,0.205,298.76194868270994,0.0,0.0,0.5174351216179615,-0.30471862122919946,0.0,0.0,1.0,24.283308632651075
0.005283036424625298,0.0008660168210842959,0.205,298.67944823090215,0.0,0.0,0.4838035423541708,0.9251892114738312,0.0,0.0,1.0,24.24079581698011
0.0038923186526992285,-0.001587832786154946,0.205,298.85178812697916,0.0,0.0,0.5266026601061613,1.0912474831445742,0.0,0.0,1.0,22.196473620635846
0.0055015048742210835,0.00019827788477509654,0.205,298.6845755097774,0.0,0.0,0.47747510972298823,-0.9057417317027466,0.0,0.0,1.0,23.881646867981765
-0.005878629893500096,0.0020813035819670753,0.205,298.57386140611686,0.0,0.0,0.44471798436331617,0.3553001045486953,0.0,0.0,1.0,25.561941545976506
-0.006272630868900091,-0.0008924872486611092,0.205,298.63449557769434,0.0,0.0,0.43997147755743576,-0.2332825695104581,0.0,0.0,1.0,25.46796787863067
0.0016014265947179862,0.0016623222239319925,0.205,299.0874070098492,0.0,0.0,0.576503628712905,0.9617751116904125,0.0,0.0,1.0,18.454190491488646
-0.0022322443847625924,0.0042131476983304885,0.205,298.77817417806415,0.0,0.0,0.5067588952729031,1.7368185917525358,0.0,0.0,1.0,25.133037821273195
-0.005091905118501059,0.0018168400652473185,0.205,298.6880836254325,0.0,0.0,0.4816171550494921,1.1323175573224955,0.0,0.0,1.0,26.259934578758884
0.0030838453711661017,0.0011816574828381339,0.205,298.98254140336115,0.0,0.0,0.5535942404183526,0.22291618180853998,0.0,0.0,1.0,21.75355966932737
-0.0023524184582201374,0.001367914606175082,0.205,298.94481988088444,0.0,0.0,0.5678762511092914,1.5516660704994116,0.0,0.0,1.0,20.49302944683282
0.0024864544460209575,0.004691866524598091,0.205,298.8750098071673,0.0,0.0,0.48559289026519614,0.2501766602676031,0.0,0.0,1.0,23.407275210209136
0.004272077473842378,-0.0021526761496298615,0.205,298.73222154530987,0.0,0.0,0.5061701212309535,1.041307980308728,0.0,0.0,1.0,23.993342693668673
-5.5892065233727186e-05,-0.0009096210725770434,0.205,299.1073171794396,0.0,0.0,0.5959805775178874,-3.4849560950040432,0.0,0.0,1.0,19.643905349537842
0.005100679645211808,-0.001974614589963209,0.205,298.7483910514675,0.0,0.0,0.47897286748764,0.9237638396809886,0.0,0.0,1.0,25.91006333855154
0.0009555009637724699,-0.0036726565407592896,0.205,298.87468268999066,0.0,0.0,0.5395692419230212,-0.4890370305378515,0.0,0.0,1.0,23.156393192821724
-0.0030800216814698828,-0.0017809483350553577,0.205,298.9854930791271,0.0,0.0,0.5465397651465149,0.2658774907042805,0.0,0.0,1.0,21.018757683771167
0.0005951930313254729,0.0006784286355928523,0.205,299.19808344179717,0.0,0.0,0.5960542401516271,-0.1963953673611131,0.0,0.0,1.0,18.371269622792095
-0.003566017862153036,-0.0014513248712630545,0.205,298.9532960210491,0.0,0.0,0.5378904475696189,-3.4973583778544577,0.0,0.0,1.0,21.128259070541496
-0.0020085401256017725,-0.0022307646398290275,0.205,299.1024241460638,0.0,0.0,0.5612931900891865,2.1462326059379673,0.0,0.0,1.0,22.708764294690642
0.0058692456705938,-0.002607742508072867,0.205,298.64029749032244,0.0,0.0,0.43578594963589823,0.166663072922117,0.0,0.0,1.0,25.207125192455074
3.49136646245235e-05,-0.005489629225852978,0.205,298.7273758208455,0.0,0.0,0.47812284258371024,1.3608164639207285,0.0,0.0,1.0,25.327133431682036
-0.003632777766803488,-4.302299436612436e-05,0.205,298.9758154610894,0.0,0.0,0.5443730118953355,0.2697771559317345,0.0,0.0,1.0,23.980070282485705
-0.003779660867141383,0.0016121889605941644,0.205,298.80907329565315,0.0,0.0,0.5297090100746722,1.0527967867563202,0.0,0.0,1.0,23.200391087004675
-0.002614169254632258,-0.002750862171348433,0.205,299.05875839137235,0.0,0.0,0.5395702966386366,0.8557979505900295,0.0,0.0,1.0,21.68176930204072
0.003908217539175739,-0.0011919936919932046,0.205,298.8076960621721,0.0,0.0,0.5304605366394681,1.6641568796765227,0.0,0.0,1.0,22.6030549513451
-0.0015108135738688955,-0.005050590889965129,0.205,298.8396338890002,0.0,0.0,0.48715475715164436,0.09174459754327953,0.0,0.0,1.0,24.998821185525273
-0.002089154091086931,-0.0015374632298402863,0.205,299.10462080612047,0.0,0.0,0.5706716560613926,1.4360397711938173,0.0,0.0,1.0,20.153568286484532
0.004360710305434989,-0.0009600599570117627,0.205,298.7677577401592,0.0,0.0,0.5176883579021592,3.4229140182246174,0.0,0.0,1.0,24.31159559400285
0.0035582627869741664,0.0028005976791188087,0.205,298.9604606372992,0.0,0.0,0.5154658350839503,0.28859158209641617,0.0,0.0,1.0,22.52408711167127
0.0002205673314373213,0.0006184767290217698,0.205,299.1757889953572,0.0,0.0,0.5978438264749186,-0.11522923142941695,0.0,0.0,1.0,18.23010343029926
0.0007363665427920174,0.004394334528169651,0.205,298.90131094418695,0.0,0.0,0.5180221522681893,0.23450433203920112,0.0,0.0,1.0,24.041786598401828
0.004160071877738628,-0.0039054212241494642,0.205,298.6719503259386,0.0,0.0,0.46883884351104266,1.808385428769126,0.0,0.0,1.0,24.792059616918564
-0.0034625995235866474,-0.0024301892404564873,0.205,298.9787898175002,0.0,0.0,0.5257188541669814,1.012232481492651,0.0,0.0,1.0,23.94177142540556
0.0059021559486939065,0.0023445788928935915,0.205,298.66058827300293,0.0,0.0,0.4392517555678008,1.4311050915596246,0.0,0.0,1.0,24.81240116886225
-0.003911639242132949,0.0014782139127116998,0.205,298.8373733553593,0.0,0.0,0.5273340845051295,-0.736431509859248,0.0,0.0,1.0,24.06093748610628
-0.00013335647913485652,-0.003992754801499134,0.205,298.95539741897653,0.0,0.0,0.5333727464303221,-0.48877980181121183,0.0,0.0,1.0,22.77436547211207
-0.002405490610928078,0.0014012196884418753,0.205,299.00758144644124,0.0,0.0,0.5664571496708233,-0.26984015096589753,0.0,0.0,1.0,21.515799805934485
0.003972539421337026,-0.002156336649990868,0.205,298.79872498533246,0.0,0.0,0.5157546065191222,0.2073553837883406,0.0,0.0,1.0,21.833696307170094
-0.004396529110676461,-0.0037928153076861614,0.205,298.778390270726,0.0,0.0,0.46441711082540116,-1.0510061770996408,0.0,0.0,1.0,24.201157547880925
-5.2109533983535895e-05,0.0006310974271298762,0.205,299.23390314961176,0.0,0.0,0.597987386387066,-0.16163474446744985,0.0,0.0,1.0,19.189328839004045
0.0011731623385020623,0.0061070201398792864,0.205,298.65026317085494,0.0,0.0,0.4455454319020894,-0.5361201864649728,0.0,0.0,1.0,26.076927966472528
0.00495880522412417,-0.003893040461518728,0.205,298.54669095640116,0.0,0.0,0.4414750559513364,-0.9047690804455397,0.0,0.0,1.0,25.655906085254454
-0.004547943284179424,-7.629155353902591e-05,0.205,298.7738863510958,0.0,0.0,0.514741328027593,0.6127547812288724,0.0,0.0,1.0,23.707639711304488
-0.005036747404942363,0.00043200919033263937,0.205,298.77212991135934,0.0,0.0,0.4957962464870298,-2.477239726216133,0.0,0.0,1.0,24.70144732418893
-0.00025204721793780055,-0.004465689936186068,0.205,298.8437359629101,0.0,0.0,0.5174200928633538,-0.6849006808220686,0.0,0.0,1.0,24.755556652757537
-0.0025428026634934093,-0.005648394349005046,0.205,298.61656288077785,0.0,0.0,0.4466907680077471,1.2938683052791429,0.0,0.0,1.0,25.43961197933666
-0.001900186687933329,0.000279050311204295,0.205,299.073582110676,0.0,0.0,0.5834312408121842,2.0672671040174984,0.0,0.0,1.0,19.21633095381982
-0.0006631766026447111,0.003169291390044954,0.205,298.9463907858453,0.0,0.0,0.5553025369538666,0.49995518448062093,0.0,0.0,1.0,19.187532804940854
0.004785565060529322,0.00039470216891323136,0.205,298.78628861998504,0.0,0.0,0.5054973192491321,-0.7718289954025829,0.0,0.0,1.0,22.623310724641073
0.0011187260149693838,-0.004418771006194626,0.205,298.83739969907975,0.0,0.0,0.5143989105896157,-0.8214145310469035,0.0,0.0,1.0,23.052370078300225
0.005392950158279966,0.0016817805330860685,0.205,298.7438074789745,0.0,0.0,0.47131318024921726,-0.040807523469869766,0.0,0.0,1.0,26.12828673433308
0.005038734537155381,-0.0009772606046981381,0.205,298.7136866045766,0.0,0.0,0.4927444634947534,-0.021778297619092484,0.0,0.0,1.0,24.018771244758927
-0.005963326550874714,-0.0010073638643408411,0.205,298.64493194749446,0.0,0.0,0.45350904315913393,2.6003833869138737,0.0,0.0,1.0,25.963960387182894
-0.004107232987777061,-0.0005282402384697994,0.205,298.8644027916515,0.0,0.0,0.5286676810680061,0.4261931427113561,0.0,0.0,1.0,22.77737878631789
-0.0013445725624230893,0.0022476214196834126,0.205,298.9920300700566,0.0,0.0,0.5701281298476588,1.5152737277984178,0.0,0.0,1.0,21.24319674170399
0.001869790603834758,0.0041995750492622086,0.205,298.8543253933347,0.0,0.0,0.5130082304504854,0.7771121388407598,0.0,0.0,1.0,25.49422547796933
-0.003084878628214211,0.002924499590168646,0.205,298.8466731709355,0.0,0.0,0.5250338359080138,2.166721682802537,0.0,0.0,1.0,21.72342347866681
0.0020741044335516423,-0.002681694065188053,0.205,298.932414123353,0.0,0.0,0.5512247255538548,-1.9413807773181826,0.0,0.0,1.0,22.033947582613703
0.00040020931394652525,-0.004278166510462865,0.205,298.8734870724601,0.0,0.0,0.5234829367129049,-1.583935304703984,0.0,0.0,1.0,22.622487841115014
-0.005405589871809442,-0.003022958742956841,0.205,298.69138582174014,0.0,0.0,0.446734505582554,-1.458904163274135,0.0,0.0,1.0,26.822807135979346
0.00492356721099288,-0.0010561319058825338,0.205,298.71698530786256,0.0,0.0,0.49656542821287997,0.2747108315264978,0.0,0.0,1.0,24.8226213907217
0.0008136943797015071,7.17406976783403e-05,0.205,299.152070611787,0.0,0.0,0.5967352860608465,-0.360502102683023,0.0,0.0,1.0,19.802383764382352
0.0009484443643813068,0.0010943874396088361,0.205,299.16232587752796,0.0,0.0,0.5903096876345961,0.5596745702306823,0.0,0.0,1.0,20.519254825463193
0.0031382179039228277,-0.004248704546414461,0.205,298.6277707865312,0.0,0.0,0.48673481281542763,0.9860065342053246,0.0,0.0,1.0,24.589470136988275
0.00011623572211970267,0.006004791973257473,0.205,298.60932866182725,0.0,0.0,0.45543119037543445,3.679152286653485,0.0,0.0,1.0,25.108119427614653
-0.004402300363942567,-0.004471441274596417,0.205,298.7126542151551,0.0,0.0,0.44288294254461036,0.9897706536476252,0.0,0.0,1.0,25.4716892296369
-0.003002758893907408,-0.0041211944924100736,0.205,298.8934551560092,0.0,0.0,0.4940718569884897,0.2967170603572389,0.0,0.0,1.0,25.236944227719892
0.0037171275818246433,0.00465920863989244,0.205,298.7561326399291,0.0,0.0,0.45751001647523726,-1.1860059409203796,0.0,0.0,1.0,24.586862195291978
0.0013213445899514459,0.004500265639778314,0.205,298.82028459852415,0.0,0.0,0.5096258214476188,1.6083205169932662,0.0,0.0,1.0,24.32431146039351
0.005358187584424807,-0.0007845699563108362,0.205,298.7689870130976,0.0,0.0,0.4812427280059422,-0.3759555472560094,0.0,0.0,1.0,24.490395246190705
-0.0016040418176921404,0.002240357159115788,0.205,298.99161972244116,0.0,0.0,0.5671057139856044,-0.5427544604062639,0.0,0.0,1.0,20.733465608309004
-0.005331971229878893,0.0006331661122830831,0.205,298.779781289379,0.0,0.0,0.48314750243886206,0.3967664225730537,0.0,0.0,1.0,24.536951598222046
-0.003531209444894314,0.0051197227750219235,0.205,298.60074673894115,0.0,0.0,0.4455112967081718,-1.3908374903367995,0.0,0.0,1.0,26.371365430279702
-0.002106197756024579,-0.005292172010622702,0.205,298.7566116102806,0.0,0.0,0.4692803689609966,0.5071361487392403,0.0,0.0,1.0,24.157215823461897
-0.0024436940963738093,-0.004768669793754411,0.205,298.7751168135483,0.0,0.0,0.4836056078148979,0.0011221591732048601,0.0,0.0,1.0,23.9542202187197
-0.0035957583530811335,0.003237683457283309,0.205,298.7663551212744,0.0,0.0,0.5041169659767033,-2.4647281607811182,0.0,0.0,1.0,22.894608793171642
0.001833155154141392,0.00013826308905107954,0.205,299.0855222233819,0.0,0.0,0.5847527041372685,-0.6795591972123624,0.0,0.0,1.0,21.00150118444192
0.0033519776246374038,-0.0021437897943364357,0.205,298.8806464812028,0.0,0.0,0.5338816241169629,0.08699051021251657,0.0,0.0,1.0,21.171143170439674
0.005440360955121594,-0.0028120195695191348,0.205,298.64057951146117,0.0,0.0,0.44997680488651126,-0.5990868567994881,0.0,0.0,1.0,25.038858391669816
-8.16587027200934e-05,-0.005805368506958516,0.205,298.7230327793121,0.0,0.0,0.4644398212957984,-1.0060167145157632,0.0,0.0,1.0,25.41271269392348
0.0030704596666419966,-0.0015900841644240938,0.205,298.9302273236638,0.0,0.0,0.5493611740298724,2.518072348430999,0.0,0.0,1.0,21.181813825026154
-0.003521712324830961,-5.3452240355678004e-05,0.205,298.9356036098905,0.0,0.0,0.5475553362234088,-0.1503851404980311,0.0,0.0,1.0,22.955258596261345
-0.0014465857273751783,-0.005024639713973313,0.205,298.832850210577,0.0,0.0,0.48889677340548454,1.0183906675222112,0.0,0.0,1.0,23.341746750068953
0.0001747667626784996,0.0018243912238276442,0.205,299.0735545323284,0.0,0.0,0.5848411286155709,0.11577388599336283,0.0,0.0,1.0,20.01545221235989
-0.004605270807143439,-0.0014107092463250001,0.205,298.843870919489,0.0,0.0,0.504947631326366,1.9152276215531139,0.0,0.0,1.0,23.084522353780763
0.0010655890065293162,-0.0017525601994444464,0.205,298.9704057509412,0.0,0.0,0.5812266139566458,1.5544811283543778,0.0,0.0,1.0,21.024290499969922
-0.0015465315274224552,0.0024916797655753216,0.205,298.9089009481063,0.0,0.0,0.5629696035089937,0.8418009657705919,0.0,0.0,1.0,22.848840352434184
0.004285028134717443,0.001193792972906542,0.205,298.86033174859665,0.0,0.0,0.5182803153876901,0.0032271238347593724,0.0,0.0,1.0,25.24261257419565
0.000783337321789892,-0.0029434401711202324,0.205,299.0172878830729,0.0,0.0,0.560204732848113,-2.190262546771093,0.0,0.0,1.0,21.96835355100348
-0.0011737259389467199,0.005589573317309529,0.205,298.6729933993368,0.0,0.0,0.46859985758862865,1.4442208752356587,0.0,0.0,1.0,26.483372062095555
-0.0057571973213457455,0.0024994034408597557,0.205,298.5973372469652,0.0,0.0,0.44281355939310457,1.3673640977770705,0.0,0.0,1.0,25.62038279713227
0.0021958225015728536,0.004449681009744309,0.205,298.81162670836375,0.0,0.0,0.4994182253751374,-0.5685067114504696,0.0,0.0,1.0,27.16442034684825
-0.0008301429287651214,0.00328933784246106,0.205,298.92031303155403,0.0,0.0,0.5511622847034333,-2.9844745841422453,0.0,0.0,1.0,23.86397584629372
-0.0018603939606539205,0.001978450285705802,0.205,298.9561081883491,0.0,0.0,0.5679987931768579,2.0995113761624506,0.0,0.0,1.0,22.06897399845669
0.0020714474895251827,0.0026295729347982377,0.205,299.0012017250786,0.0,0.0,0.5523859231509729,-2.2250535550037323,0.0,0.0,1.0,23.37480769337878
-0.0015137825983570043,0.004567296090547937,0.205,298.81865143647127,0.0,0.0,0.5051301520773721,0.7917602757894132,0.0,0.0,1.0,23.512391300733277
-0.0011264803010273554,0.003524062368413208,0.205,298.95871052315783,0.0,0.0,0.5424167596029523,-2.018112142346584,0.0,0.0,1.0,24.484564658190614
-0.00023966836663326168,0.005204960224849921,0.205,298.78325898736233,0.0,0.0,0.48963259332174613,-1.6804203188295463,0.0,0.0,1.0,23.678842890621386
-0.00152399538194021,0.002423815962956166,0.205,298.9010028003681,0.0,0.0,0.5646191283888401,1.216405398820531,0.0,0.0,1.0,21.441640566820865
0.0025131683877001295,0.0024917081076652713,0.205,298.96134444179506,0.0,0.0,0.5470762770674702,0.2053390167615504,0.0,0.0,1.0,23.172567127648005
-0.00061227341544963,-0.006338656769326083,0.205,298.59191399257713,0.0,0.0,0.43841527478269643,-0.16916651168249686,0.0,0.0,1.0,26.07492120209888
0.0004005156210773445,0.0019509313605419094,0.205,299.0527109674722,0.0,0.0,0.5822472446598561,-1.2418361117142103,0.0,0.0,1.0,21.853993780238945
-0.0060542370770684945,0.0006933792303181268,0.205,298.6716660143238,0.0,0.0,0.45138478048249114,-1.7225313505772117,0.0,0.0,1.0,24.798032299984147
0.005643637506108085,-0.002802644599415149,0.205,298.61140880588323,0.0,0.0,0.441626820663553,-2.9397686407541266,0.0,0.0,1.0,24.388380932236252
-0.006117801605643325,0.0011438243003139604,0.205,298.66909556170486,0.0,0.0,0.44530327043253887,0.598575880186107,0.0,0.0,1.0,24.07628389251075
-0.003823570742964594,0.0027445914225880516,0.205,298.770197453769,0.0,0.0,0.5090243741097581,-1.481408477887468,0.0,0.0,1.0,25.09203014792119
0.002712274954055259,0.0014743889497207813,0.205,298.99824707162736,0.0,0.0,0.5591752684344077,0.25874946850621977,0.0,0.0,1.0,21.888237908672515
-0.003081514696716417,-0.0019671264876926875,0.205,298.9314057217448,0.0,0.0,0.5437070147406434,0.9020046612560346,0.0,0.0,1.0,22.037280405348145
-0.0018737563169109197,-0.0012067173811819937,0.205,299.1739438385194,0.0,0.0,0.5780176499753318,0.13386811963982603,0.0,0.0,1.0,21.62102966198039
0.003218095483198338,-0.0033818427121259436,0.205,298.787358331476,0.0,0.0,0.5104274275834052,-2.0418192380296287,0.0,0.0,1.0,23.545076661089926
-0.0014638257085567942,-5.0703216673930865e-05,0.205,299.0885801851245,0.0,0.0,0.5900985589736193,1.0350990455867064,0.0,0.0,1.0,18.365959452483704
0.002780006271511263,-0.004486624207619445,0.205,298.6914039870278,0.0,0.0,0.4868955291698503,-0.36138382803607016,0.0,0.0,1.0,24.739434901333123
0.0027164613534873287,0.0019530679970636278,0.205,299.0074200420289,0.0,0.0,0.5524340080580656,-0.770554655052257,0.0,0.0,1.0,21.508266103064155
-0.005546680620845014,-0.001816298429808173,0.205,298.6960926699799,0.0,0.0,0.463081508869915,0.7814712019528133,0.0,0.0,1.0,23.89672536363718
0.0015687957759310373,0.006063120646254693,0.205,298.6462375944374,0.0,0.0,0.4434572492783943,-2.188337114054686,0.0,0.0,1.0,26.07455334892158
0.004324089360968227,-0.0007684738625501581,0.205,298.8922765974174,0.0,0.0,0.5202366882418646,0.46769147653025017,0.0,0.0,1.0,22.996433280639064
-0.0003939245931960726,0.005319723447638843,0.205,298.74391388544933,0.0,0.0,0.4845964257619844,0.47157688778951895,0.0,0.0,1.0,25.311544156946926
0.0008488826456418379,0.002910835345291136,0.205,298.9891996660389,0.0,0.0,0.5605466741386945,0.9459407048576577,0.0,0.0,1.0,21.992964443175982
-0.005225277646478825,0.0004508332241119421,0.205,298.72059881801613,0.0,0.0,0.4882515194925911,-1.2154112798414236,0.0,0.0,1.0,24.418866214086457
-0.0033385739690340232,0.004696210963165212,0.205,298.66737636250434,0.0,0.0,0.46638323017007693,-0.5024473715658316,0.0,0.0,1.0,24.774707488672576
-0.0024864601089355487,0.0005878811213611614,0.205,298.99878430768433,0.0,0.0,0.571501591349343,-0.01065849500915633,0.0,0.0,1.0,20.057106449606714
-0.0022441300919525354,0.004904884845467457,0.205,298.6565279801559,0.0,0.0,0.48213431550597036,0.30672660097929294,0.0,0.0,1.0,24.443461394077882
0.0012918077314283067,-0.006195195313988133,0.205,298.6298716018529,0.0,0.0,0.44032453750861095,-0.9070452333692651,0.0,0.0,1.0,26.070610026539946
0.0007358078981287701,0.00046522399116725674,0.205,299.2041325669733,0.0,0.0,0.5963155203781,-0.06671536813832322,0.0,0.0,1.0,18.120770501378956
-0.004258916988217969,-0.004587957249930984,0.205,298.7045811697047,0.0,0.0,0.44358929988916385,-0.5585040687920334,0.0,0.0,1.0,26.538560247058584
0.0004868531880590026,0.003954136593336685,0.205,298.9150271714344,0.0,0.0,0.5337204192395023,-2.603757610297126,0.0,0.0,1.0,22.34900000947114
-0.0006457753931193062,0.001085027961950764,0.205,299.01130519619727,0.0,0.0,0.5925317571223088,-0.16489580788891525,0.0,0.0,1.0,19.257807430851273
-0.006033367559034737,-0.000964664224270646,0.205,298.65972034473316,0.0,0.0,0.45063383984420236,0.7040617525877925,0.0,0.0,1.0,25.902090164141057
0.00033481002900111255,0.005013243421963086,0.205,298.7675405748342,0.0,0.0,0.497000355017661,0.9740518476798524,0.0,0.0,1.0,25.21487708161851
0.0035360838060991247,-0.002283288324615187,0.205,298.81655496401066,0.0,0.0,0.52642141486543,-0.4288168549920856,0.0,0.0,1.0,22.114609518013808
-0.00177438285612616,0.00241171538048622,0.205,298.96630829837653,0.0,0.0,0.5614798706739633,1.0068014362945914,0.0,0.0,1.0,20.900937844784337
0.004459967520700662,0.004030218479094668,0.205,298.7119683337016,0.0,0.0,0.4551915802200411,1.019394509086994,0.0,0.0,1.0,25.814057179527534
-0.0032038841680956634,-0.005086196446256206,0.205,298.7169118343925,0.0,0.0,0.45519045033913497,-0.036933306905912774,0.0,0.0,1.0,23.80051864981126
-0.0006163299402553356,0.0027773389489410103,0.205,298.97215778346254,0.0,0.0,0.5650455765549175,-0.6340625672312824,0.0,0.0,1.0,22.60850620538837
0.0015288742962962824,-0.001985001119218782,0.205,298.9689269577959,0.0,0.0,0.5725410758402785,-0.6522615269144164,0.0,0.0,1.0,19.980425674335894
-0.0015543661677188518,0.0035980505853419336,0.205,298.76876686173756,0.0,0.0,0.5357460437835404,0.13079335150985943,0.0,0.0,1.0,22.280460508285532
-2.991408836877262e-05,-0.006186763564329706,0.205,298.60096151964245,0.0,0.0,0.44704480356847326,0.2478950320525214,0.0,0.0,1.0,26.23992721839246
-0.005282491421603385,0.0019024258654257976,0.205,298.7132097990197,0.0,0.0,0.47280138895820534,0.5673874689913546,0.0,0.0,1.0,23.181675723745332
0.0035002859870534014,0.005274127590923065,0.205,298.6584526594824,0.0,0.0,0.4402517717414871,-2.058054624207694,0.0,0.0,1.0,26.943817134046668
-0.004814233447286898,0.0029115638769802105,0.205,298.68639961663405,0.0,0.0,0.4723027053683103,-0.0873275192199887,0.0,0.0,1.0,26.277141998782902
0.002483694861365155,0.005820775822668924,0.205,298.70663805895873,0.0,0.0,0.44032090460819623,2.6857679846507714,0.0,0.0,1.0,25.18626054527798
0.003278455658329127,0.00040443311504018646,0.205,298.9794542424999,0.0,0.0,0.5535723282747215,-0.05219453617452063,0.0,0.0,1.0,21.88592950908913
-0.0038201069642582186,-0.004380899204587594,0.205,298.7965493789914,0.0,0.0,0.4641474868833358,2.32225738101639,0.0,0.0,1.0,25.416307048174822
0.003603515711687449,-0.004979234580516075,0.205,298.58398179350604,0.0,0.0,0.4489391105194786,-1.0440372411226697,0.0,0.0,1.0,26.97964566624693
0.0030146625552599465,0.005106554965090605,0.205,298.78539972187457,0.0,0.0,0.4588827525240099,-0.1232265831858792,0.0,0.0,1.0,25.500941901953144
-0.005086287678566422,-0.003303302159974895,0.205,298.7202215635333,0.0,0.0,0.4527250420486114,-0.9605020577677292,0.0,0.0,1.0,24.865698268261134
0.0017046981934402306,0.004987300015686158,0.205,298.81430502580713,0.0,0.0,0.4872005404399762,-0.39793328879915735,0.0,0.0,1.0,24.477311505339276
-0.0014368809444438564,0.0019836672982124323,0.205,298.9373917105981,0.0,0.0,0.5736980754591561,2.158456179001536,0.0,0.0,1.0,20.613729669009082
-0.0027435406505405273,-0.0010555406237844221,0.205,298.95579760291065,0.0,0.0,0.5628021048586915,1.1209221506906242,0.0,0.0,1.0,20.79964894962666
0.0028654510157889346,-0.00298813005133114,0.205,298.8469048436659,0.0,0.0,0.5287019422857154,-1.3269995295859245,0.0,0.0,1.0,22.27448655845975
-0.0024753066963414897,-0.005470381266286265,0.205,298.71762844580763,0.0,0.0,0.4555028596211871,0.04290398154110379,0.0,0.0,1.0,25.98758394241568
-0.00392563525611587,-0.003459919722719248,0.205,298.84894372553975,0.0,0.0,0.4887344706430654,0.9618919165312877,0.0,0.0,1.0,24.254445722163613
0.0004533702617719564,-0.002140048108435007,0.205,299.0276444799129,0.0,0.0,0.5787826095048129,1.590001672033383,0.0,0.0,1.0,20.40604867618668
-0.0011852555208002626,-0.006322094723997528,0.205,298.58840535872395,0.0,0.0,0.435311918536602,-0.7007359127884494,0.0,0.0,1.0,28.086054108743845
-0.0041653433356074404,0.000960279314932274,0.205,298.88969999665824,0.0,0.0,0.5242337684353667,-0.8152631930873863,0.0,0.0,1.0,21.299842284976325
-0.0018149892359283775,-0.001178426180831402,0.205,299.07900975588797,0.0,0.0,0.5792144859394134,0.2826776217667539,0.0,0.0,1.0,22.27188245249531
0.005840662480452013,-0.0012184827199835286,0.205,298.7162593775062,0.0,0.0,0.4572327259392993,1.6563372371949527,0.0,0.0,1.0,24.959182436393135
-0.0021185947620114697,0.0033066013907248103,0.205,298.8360131307173,0.0,0.0,0.5355075196397032,0.0009695104845921186,0.0,0.0,1.0,22.46520426060455
0.0026906761723246133,0.0007213977164408191,0.205,299.0123687568359,0.0,0.0,0.5664145887852942,0.9630870326642575,0.0,0.0,1.0,21.169883824513008
-0.0022717097793542263,-0.0011303397812345306,0.205,299.1093744555076,0.0,0.0,0.5718739535556315,-0.6599465099811284,0.0,0.0,1.0,19.597401007391674
-0.003017773743258628,4.432284292186851e-05,0.205,299.0612011335135,0.0,0.0,0.5608918224671445,0.2383114695207298,0.0,0.0,1.0,22.20506652199742
0.0012845776593124047,-0.0012151350873224715,0.205,299.0626273681988,0.0,0.0,0.5858386424181401,0.5697172143703256,0.0,0.0,1.0,20.051362323515832
0.0024513651262711225,0.0036257499621804774,0.205,298.8266138175726,0.0,0.0,0.5207594614454966,1.4171358964174285,0.0,0.0,1.0,23.088038642723784
0.001281836698247562,0.0048657473378387935,0.205,298.8177154021088,0.0,0.0,0.49671395505183774,0.40380724296393045,0.0,0.0,1.0,24.16345587957307
0.0008047707451046727,-0.002086360522451822,0.205,298.977613505226,0.0,0.0,0.5778771385460942,1.3329181481125731,0.0,0.0,1.0,21.153453661615554
0.0012508220922562109,0.003988390902999919,0.205,298.98822595053633,0.0,0.0,0.5273902244917861,-1.2975353594677779,0.0,0.0,1.0,22.648187990428763
0.0013593698545377201,0.006185428160158303,0.205,298.7051996180418,0.0,0.0,0.4401041214764876,1.1801468431679971,0.0,0.0,1.0,27.446516758847427
0.002632862821780188,-0.0008543388752593994,0.205,298.9634628366118,0.0,0.0,0.5668188457676078,0.8833714971646233,0.0,0.0,1.0,21.732026423695864
-0.00450896856487123,0.0010451727388689346,0.205,298.80981927357357,0.0,0.0,0.5118720408609597,0.9669286382058295,0.0,0.0,1.0,23.121330120039552
0.004240574373221168,0.0024855809544272497,0.205,298.803006327776,0.0,0.0,0.5012070496927906,-0.6696597967525165,0.0,0.0,1.0,23.803831564185003
0.005946637480847703,2.1200578287983736e-05,0.205,298.58480282366935,0.0,0.0,0.4581285755310496,0.24303964661259608,0.0,0.0,1.0,22.280643978212062
0.0059422503645038946,0.0024277694277953497,0.205,298.72516378277635,0.0,0.0,0.4359522202914254,0.5050663697689988,0.0,0.0,1.0,25.841149074965003
0.001616066014319023,-0.0005867354715733095,0.205,299.0450183313518,0.0,0.0,0.5865744203444182,1.1164063503507828,0.0,0.0,1.0,19.66923186391048
0.0020908345748369265,-0.0028504950240090753,0.205,298.9057191404624,0.0,0.0,0.5471875335386122,-0.33966158613627534,0.0,0.0,1.0,21.903890372252647
-0.006284861905825464,-0.001093254690097429,0.205,298.575545256073,0.0,0.0,0.4378806656091821,1.6851277511572154,0.0,0.0,1.0,26.496131604107656
-0.002449081165176963,-0.0025032465804506756,0.205,299.01606554513614,0.0,0.0,0.5481220770378338,-0.6514856377659796,0.0,0.0,1.0,21.51763167080138
0.0014562234320523628,-0.004700161881659253,0.205,298.73670200055875,0.0,0.0,0.5010069094190291,-0.3371461010942481,0.0,0.0,1.0,24.626628275988445
0.0005733194595725856,0.0018617386543521213,0.205,299.06671521557024,0.0,0.0,0.5829784283596271,-0.18501044577670406,0.0,0.0,1.0,19.033674510858926
-0.002816014111411599,0.003379507547034748,0.205,298.7955811591898,0.0,0.0,0.5199903648474639,0.23845105254439664,0.0,0.0,1.0,22.79916176053239
0.004972682064930593,0.0020417861339494013,0.205,298.81121928639766,0.0,0.0,0.48289477334475267,-0.9907628161573743,0.0,0.0,1.0,25.702268624351667
0.002321146417930253,0.004851904688484457,0.205,298.77414544014897,0.0,0.0,0.48277064564768646,0.0759982278674773,0.0,0.0,1.0,27.21590618811434
-0.0017115224791246734,0.003986721733601246,0.205,298.7542208510253,0.0,0.0,0.5220647398430799,-1.1649626084469065,0.0,0.0,1.0,22.159040928918213
-0.001362909842711778,-0.0033675079747858164,0.205,298.9721992339696,0.0,0.0,0.5443781851222088,-1.7793503450924661,0.0,0.0,1.0,23.269258048362275
0.0017584964225849295,-0.004646101934175736,0.205,298.7818583736731,0.0,0.0,0.4991959588145437,0.5292452311345961,0.0,0.0,1.0,24.228386315832168
-0.005548867920043455,0.0013133531211114158,0.205,298.7083490242988,0.0,0.0,0.46900601989151897,-0.13067396048402374,0.0,0.0,1.0,25.122614047386353
-0.0007534501025511229,0.003159932706898507,0.205,299.0097508649372,0.0,0.0,0.5550245371918958,0.4612565988460864,0.0,0.0,1.0,21.38497770108686
-0.0028516507118483653,-0.00041847770293782893,0.205,299.04924774994714,0.0,0.0,0.5641699296596022,0.5226190771144503,0.0,0.0,1.0,22.82458276371597
0.004682805464901953,-0.0005296472559628967,0.205,298.8107088505685,0.0,0.0,0.5088031058968572,-1.6413906206366882,0.0,0.0,1.0,24.704597129319374
-0.0018592648443482456,0.0018138214550498326,0.205,298.9290546469576,0.0,0.0,0.5705952354242851,-0.009220754874040367,0.0,0.0,1.0,22.66151436223004
0.00042451491307887176,-0.00014127017639486771,0.205,299.117512778549,0.0,0.0,0.5989598324457154,-1.6426346148396018,0.0,0.0,1.0,20.248384488520706
0.0009697500237763244,0.006291032502239791,0.205,298.65518592077336,0.0,0.0,0.43855133274308916,0.2408442175111523,0.0,0.0,1.0,25.39354195617149
0.00528630071173582,-0.00048408007433887405,0.205,298.7106263404631,0.0,0.0,0.48565748970250044,-0.7064717828057773,0.0,0.0,1.0,24.362753235767332
-0.002323420243204503,-0.002638560544244418,0.205,298.95332382923215,0.0,0.0,0.5477362087862112,-0.7323011377397975,0.0,0.0,1.0,21.964171802855184
-0.0010958451750757612,-0.00044617282175316556,0.205,299.144180661767,0.0,0.0,0.5933994538812167,0.10071521322119588,0.0,0.0,1.0,18.663346048911492
-0.002890735790216769,0.0007415584628963027,0.205,299.033292726846,0.0,0.0,0.561718881863472,-1.306586932561305,0.0,0.0,1.0,21.089348031993154
0.004878482133475409,0.003526482092010127,0.205,298.72156532953863,0.0,0.0,0.45480444691453764,0.12536847981145935,0.0,0.0,1.0,24.698814650190997
-0.0020881887217467586,-0.004809414972457599,0.205,298.8185529279085,0.0,0.0,0.48831239380157854,1.5233992648432726,0.0,0.0,1.0,24.89639053239917
-0.0012305934093595327,-0.0018287466959974728,0.205,299.02438996233826,0.0,0.0,0.5784738764347492,-3.2545065376747337,0.0,0.0,1.0,22.895361919052043
-0.0034336441858673124,-0.0050585033052885755,0.205,298.69700946536005,0.0,0.0,0.4504579865548123,-0.3075416509011306,0.0,0.0,1.0,26.12013495358662
0.002105637607169025,-0.0007814652647538886,0.205,299.0841142577588,0.0,0.0,0.5776929183682876,1.0356792942344182,0.0,0.0,1.0,20.54117793865195
-0.004928024453877273,0.0020249681264459954,0.205,298.6771003084619,0.0,0.0,0.48486118819164625,-0.864841045788053,0.0,0.0,1.0,24.284089681487174
0.005522973371047678,0.0008624806338685686,0.205,298.7679479574733,0.0,0.0,0.4738627852070165,0.325183397235059,0.0,0.0,1.0,24.889546842868
0.0034374917224298984,0.001997392041162332,0.205,298.9510217873306,0.0,0.0,0.5339834526555868,1.0756841397732282,0.0,0.0,1.0,22.94247734441237
0.0011469178756504364,-0.006299017034613946,0.205,298.65381962413005,0.0,0.0,0.4367517681799318,2.1098903405823743,0.0,0.0,1.0,24.684113634369726
0.0030920714083688262,0.005375945233662951,0.205,298.66031035917587,0.0,0.0,0.4463435205137664,-0.1399432175553887,0.0,0.0,1.0,26.149312567656246
-0.003220929573189051,0.0034744538050053165,0.205,298.72488897356527,0.0,0.0,0.5078787345168582,0.843329613413939,0.0,0.0,1.0,24.12948766634882
-0.001815872187108448,9.763930354293431e-05,0.205,299.13015844848894,0.0,0.0,0.5850642491157512,-0.22936144068945777,0.0,0.0,1.0,21.213269186385258
-0.0011018210944678658,0.003061845818952979,0.205,298.8998274598005,0.0,0.0,0.5548785985150497,-1.3054757786799536,0.0,0.0,1.0,21.787618822589497
0.006146524420402151,-0.0020819308753077994,0.205,298.5940123409781,0.0,0.0,0.43251303298957633,-1.143791296631155,0.0,0.0,1.0,26.761643417798084
-0.000621364931084844,-0.00458094509794578,0.205,298.8998979964909,0.0,0.0,0.5120753905838569,0.1315059059797415,0.0,0.0,1.0,23.92523572874979
0.004527729895217821,-0.004006221627898602,0.205,298.569200879536,0.0,0.0,0.45360757446023003,0.958955233331425,0.0,0.0,1.0,24.837646751756644
-0.005782821746617654,0.002217667897007878,0.205,298.584316790961,0.0,0.0,0.44673299928931653,-0.2694158747565371,0.0,0.0,1.0,24.574284259175453
-0.0034602197724313017,0.003240451288753528,0.205,298.73057104571717,0.0,0.0,0.5077717957917907,-2.239079056434019,0.0,0.0,1.0,24.647985287713666
0.005240809721008092,0.0004615154323525921,0.205,298.84265351453195,0.0,0.0,0.48758661705767475,-1.3868481284502077,0.0,0.0,1.0,23.419286024392722
0.0005434902822480169,0.0047056545452301,0.205,298.81880257029854,0.0,0.0,0.507908561909239,1.1730089933047507,0.0,0.0,1.0,24.784696020955217
0.0031786937966231097,-0.005577598216808638,0.205,298.5695943706805,0.0,0.0,0.4359170745596322,-2.293682624126817,0.0,0.0,1.0,26.59295200351345
0.005839901323509063,-0.0014625715562644618,0.205,298.6505048357623,0.0,0.0,0.4547743779210536,-1.7080141223098673,0.0,0.0,1.0,26.57585332305443
0.00562450955403767,-0.0032359337449720535,0.205,298.56240104952775,0.0,0.0,0.4325425920076233,-0.28064405916768137,0.0,0.0,1.0,25.769127569278496
0.006031328852167814,-0.0020336777331455983,0.205,298.6476151844685,0.0,0.0,0.4385692462422816,-0.1488746621468412,0.0,0.0,1.0,25.226783736513575
-0.0010157206263469954,0.004428394108071637,0.205,298.8678507306982,0.0,0.0,0.5149262963920164,0.8494493713174422,0.0,0.0,1.0,22.5760083619367
0.004982773428670885,0.000691887727824028,0.205,298.7503286891322,0.0,0.0,0.4967599296652167,-3.0528911557196796,0.0,0.0,1.0,24.136026763804615
-0.0012069214107114517,-0.004877154736993264,0.205,298.7299558855573,0.0,0.0,0.49700581925552934,-1.968530834484505,0.0,0.0,1.0,24.06622763935388
0.0010910642757780609,0.004262555840749575,0.205,298.9514454223089,0.0,0.0,0.5199558120854632,-0.167011906179257,0.0,0.0,1.0,22.08247343922301
0.004334144507246306,-0.0008337250031662939,0.205,298.851161302067,0.0,0.0,0.5194841433588819,-0.5866305694693122,0.0,0.0,1.0,22.811395069659994
0.001875985207093363,-0.005794067086713443,0.205,298.6555307276743,0.0,0.0,0.45155217641631684,1.1912802979708108,0.0,0.0,1.0,26.443341453048912
-0.00037311816193509226,-0.0004338654516076206,0.205,299.2995314042148,0.0,0.0,0.5983397644694523,-1.0581819146593734,0.0,0.0,1.0,18.17333584250598
-0.0036316843497556086,0.001955629943640387,0.205,298.8159287078318,0.0,0.0,0.5292004024825989,-0.5223094553630718,0.0,0.0,1.0,23.522362397798044
-0.0002221300828886323,-0.0014124398101858077,0.205,299.129658446393,0.0,0.0,0.5905420513793008,-0.17342591238736357,0.0,0.0,1.0,19.452015877835922
0.00605789937581341,-0.0019517328915769027,0.205,298.60191396085236,0.0,0.0,0.43858956176979447,0.5631565231698018,0.0,0.0,1.0,26.87214814088397
-0.004184220602557769,-0.00477326884568062,0.205,298.63784721273913,0.0,0.0,0.43940585232002327,-0.32633968223778614,0.0,0.0,1.0,25.781625757852797
-0.0005156725656704541,0.0009149356404817952,0.205,299.00621156937234,0.0,0.0,0.5947370390255738,-2.4345765119228213,0.0,0.0,1.0,19.026061530502368
-0.000140257404626293,0.0020518739036051404,0.205,299.0836279157156,0.0,0.0,0.581129497431876,2.679400710795579,0.0,0.0,1.0,19.676980139154555
-0.0019840125555161,0.0058766932357857396,0.205,298.6324652145416,0.0,0.0,0.44630504986932445,1.9703263050880078,0.0,0.0,1.0,24.47365643879352
0.0014645554860545779,0.002487481389778383,0.205,299.04665966612254,0.0,0.0,0.5640656503966459,0.23365702490568033,0.0,0.0,1.0,20.629342294376507
0.0004253790837266687,-0.0006352616875447601,0.205,299.09002653593376,0.0,0.0,0.5971211266102736,0.8000598606675902,0.0,0.0,1.0,16.95524376369971
0.0010877500965509753,-0.004442193740975007,0.205,298.7987826675263,0.0,0.0,0.513854174443073,1.5660136903807158,0.0,0.0,1.0,24.79733221805499
0.0008685064769342841,-0.0003072853945240471,0.205,299.02886572650476,0.0,0.0,0.595896977322862,2.357370077587261,0.0,0.0,1.0,18.401521840137118
-0.0019335176270208676,-0.005862061497997739,0.205,298.68234084315384,0.0,0.0,0.4477080127087702,3.117739140468428,0.0,0.0,1.0,24.723401877702496
0.0049389087341930185,-0.0023345356172185705,0.205,298.7404540822293,0.0,0.0,0.4792540576608304,-1.0603391357704655,0.0,0.0,1.0,24.112902358453255
-0.001517251838614791,-0.004811693410597456,0.205,298.78351776045156,0.0,0.0,0.4961875642503834,-1.1117020948522676,0.0,0.0,1.0,24.049270543346147
0.0024634516607032735,-0.002354681437054812,0.205,298.84888983566526,0.0,0.0,0.5507421640671019,-0.2743017819229847,0.0,0.0,1.0,22.124538390893782
0.00012483229993458735,-0.002553878852565422,0.205,299.03232008272636,0.0,0.0,0.5714609823140736,-1.1479721420042903,0.0,0.0,1.0,21.583356806572844
0.002279627128902313,0.002835855397916384,0.205,299.00345791006487,0.0,0.0,0.5442134715386182,-1.0070270268886554,0.0,0.0,1.0,21.107130492167894
-0.00031027659147945304,-0.005243612507748451,0.205,298.72409262239495,0.0,0.0,0.48792362030367786,1.3133479662208936,0.0,0.0,1.0,23.516069177349642
0.005589900258719278,-0.0032725037650991897,0.205,298.4970703306714,0.0,0.0,0.4331097786293892,-0.6057450080532923,0.0,0.0,1.0,27.311193791912544
0.004548519904759796,0.004126674744146562,0.205,298.6310249774002,0.0,0.0,0.4491656161648935,0.5989091208711107,0.0,0.0,1.0,24.473746502987282
-0.0012431080929824897,-0.003795960787005166,0.205,298.94288594518923,0.0,0.0,0.5333935234737783,-1.6529848630424626,0.0,0.0,1.0,23.553227160793085
-0.0013882804182543884,0.0034440514159488483,0.205,298.84508027062856,0.0,0.0,0.542013828970097,-0.809742685512944,0.0,0.0,1.0,21.493285986690893
-0.0005194942058523412,0.000472679409393284,0.205,299.16441139535067,0.0,0.0,0.5975496421746951,0.3579417105600275,0.0,0.0,1.0,18.657485418449358
-0.0050569654902367185,0.0018946480780259551,0.205,298.8584357385807,0.0,0.0,0.48187040633162587,-0.7200554316364477,0.0,0.0,1.0,24.228883861646214
0.0022899572329631427,-0.004066719730651085,0.205,298.71086533707995,0.0,0.0,0.5104699308571864,0.6136123024353944,0.0,0.0,1.0,23.61504364166793
0.0013841459686358755,-0.004503796424038279,0.205,298.7832514084217,0.0,0.0,0.5088388036881608,-0.6202786737382611,0.0,0.0,1.0,24.100781300937424
-0.005089314173684116,0.0018138859456164871,0.205,298.7749983102754,0.0,0.0,0.4817599288497108,-0.3179744185071827,0.0,0.0,1.0,24.970293359858523
-0.0028155094989022016,0.0016139522570610204,0.205,298.9417279598296,0.0,0.0,0.5551092676829662,0.38772897783164917,0.0,0.0,1.0,23.07590666922848
0.005675359504123261,-0.001230248889643445,0.205,298.74127282853834,0.0,0.0,0.4643853955658422,-1.9260159230761913,0.0,0.0,1.0,24.5606680934823
-0.0006724215342118563,-0.00352551225097671,0.205,298.9467472277351,0.0,0.0,0.545645136175006,-0.4996100810430473,0.0,0.0,1.0,22.003462886850016
-0.0006523074770372247,-0.0013517717663311991,0.205,299.1171662191665,0.0,0.0,0.58962808531166,0.22477294307130607,0.0,0.0,1.0,19.39317338012186
-0.0025013675869596354,-0.002609954233625954,0.205,299.0038114086532,0.0,0.0,0.5448945311419712,0.985644598094396,0.0,0.0,1.0,23.63815392158712
0.0036350668836755257,-0.004652496468465064,0.205,298.6697338855476,0.0,0.0,0.4600482844657289,-1.166584147405293,0.0,0.0,1.0,26.324068697868487
-0.005898988289648662,-0.002162408427210517,0.205,298.63440535656537,0.0,0.0,0.4425037391656964,0.21654219079334727,0.0,0.0,1.0,25.58390551217223
-0.0030510115706781707,0.000439917717208659,0.205,298.9985843837726,0.0,0.0,0.5592894632663427,-0.5149058115406148,0.0,0.0,1.0,21.541458732470495
0.0023090562041152333,0.0002835781620529717,0.205,299.12618823280064,0.0,0.0,0.5761506920715885,-0.8325238328673181,0.0,0.0,1.0,21.58922607641389
-0.00036242814180055186,0.006399580596201338,0.205,298.59492763129225,0.0,0.0,0.436400138416421,0.616139085690926,0.0,0.0,1.0,25.005262246931842
6.880106696681436e-05,0.0029887041790326915,0.205,298.97686928563917,0.0,0.0,0.5615930291154554,0.22583927750172395,0.0,0.0,1.0,22.335466894284863
0.0007652887144669136,-0.004363231068199189,0.205,298.8068879508959,0.0,0.0,0.5189205965453719,0.6026781341383556,0.0,0.0,1.0,23.322683284042014
-0.004529180993861035,-0.004400143933243545,0.205,298.71644541984006,0.0,0.0,0.4409854191750143,-0.5087082380263299,0.0,0.0,1.0,26.627168447512197
-0.006007199313812801,-0.0012470229352307344,0.205,298.6299792744538,0.0,0.0,0.44945803275661117,-0.41575825716380455,0.0,0.0,1.0,26.47527346569673
-0.0034297757834807047,0.002088455151273457,0.205,298.8207102831488,0.0,0.0,0.5327180118213496,1.6406073978884375,0.0,0.0,1.0,23.15955193281172
-0.006137810191952837,-0.0002917826699680487,0.205,298.68129420548587,0.0,0.0,0.44901604068372053,-0.10103113754463874,0.0,0.0,1.0,25.983936801560297
-0.0019380167682093547,0.0028684939874181062,0.205,298.89582663809756,0.0,0.0,0.5492482110636326,-2.1356567054096933,0.0,0.0,1.0,21.07510823600673
0.002545467718392659,-0.003154289144412317,0.205,298.8108401362931,0.0,0.0,0.53151379224906,1.5512540626330387,0.0,0.0,1.0,23.240128824934832
0.0036795015542704216,-0.0021575371051354973,0.205,298.77750549511967,0.0,0.0,0.5245431211029035,0.6622860313639858,0.0,0.0,1.0,23.575079045033274
0.0008043167243637656,0.003947777036310655,0.205,298.8451189594887,0.0,0.0,0.5322944914201958,1.168228099607291,0.0,0.0,1.0,21.785497478237318
-0.0034400654598676435,-0.0013724343121265011,0.205,298.94173845764925,0.0,0.0,0.5422982581441113,2.1335787429044024,0.0,0.0,1.0,23.531510624588098
-0.0036592346228460203,0.0038004365502123734,0.205,298.74338450548555,0.0,0.0,0.48699163103491416,-0.003964623027608459,0.0,0.0,1.0,26.008379670643745
0.004172722064103206,0.0025549157637747484,0.205,298.8851497590892,0.0,0.0,0.5020672106956253,-0.043424548108994716,0.0,0.0,1.0,23.4221852177634
0.0032952973777009686,0.0025113886312103473,0.205,298.9804435492387,0.0,0.0,0.5285979069258551,-1.3795321589104237,0.0,0.0,1.0,24.214529746684857
0.00020448318523117102,0.003377571161067913,0.205,298.94628668687886,0.0,0.0,0.5514004865566472,-1.586900025765975,0.0,0.0,1.0,20.70662426365356
0.0015634851555607243,0.0025043654372896504,0.205,299.0159644735722,0.0,0.0,0.5624948433817051,-0.5364865793862762,0.0,0.0,1.0,20.384731310704584
-0.005228370003639125,0.0020173206002470647,0.205,298.6481880481978,0.0,0.0,0.47325568731978884,1.4981098701076634,0.0,0.0,1.0,25.713985962688938
-0.0053295299471938585,0.001321980931955068,0.205,298.7106322953301,0.0,0.0,0.4780680004229675,-0.5188140491416767,0.0,0.0,1.0,24.442483332594062
-0.004020112787519576,-0.002949384809246219,0.205,298.9172334338164,0.0,0.0,0.49849138101484636,0.7392498252166051,0.0,0.0,1.0,24.34155894649356
0.00019245213081887558,-0.0019519918326158763,0.205,298.9801483825762,0.0,0.0,0.5827546020831759,0.656655366740874,0.0,0.0,1.0,21.54765067133629
0.00019354265376508834,0.0061735217416137595,0.205,298.7067013781053,0.0,0.0,0.44752737584215324,0.53745712570707,0.0,0.0,1.0,24.676205647074266
0.0032248714789152207,0.0010091477495013704,0.205,299.0145350201602,0.0,0.0,0.5515280186051653,-0.8234427628255246,0.0,0.0,1.0,21.550788527473674
-0.005417809217101284,-0.0015662901381470649,0.205,298.7635566882443,0.0,0.0,0.47172072763510514,1.1451980698085877,0.0,0.0,1.0,24.067947451997945
-0.0014891095087096995,-0.0015784953870681302,0.205,299.1276186491632,0.0,0.0,0.5791039370821671,1.0972876607956987,0.0,0.0,1.0,20.098590387622227
-0.005236478356979368,-0.0015813914750472955,0.205,298.71934446117365,0.0,0.0,0.47895184883128217,1.3988131012490232,0.0,0.0,1.0,24.853771870472524
-0.006175621338962476,-0.0012734374552003337,0.205,298.6474440614231,0.0,0.0,0.4414203854549028,1.6826509287446791,0.0,0.0,1.0,24.87972020867179
0.0023660104178307444,0.0016433777482152342,0.205,299.10339148227786,0.0,0.0,0.5642041027232323,-2.3590329013569638,0.0,0.0,1.0,21.120420836149265
0.000863735577667992,-0.006353646178249012,0.205,298.6015234869947,0.0,0.0,0.4362909199125838,0.2744895600524161,0.0,0.0,1.0,26.818081619105804
0.005331276791248028,0.0030774041799449888,0.205,298.6833441388949,0.0,0.0,0.44850295276157454,-1.9203275759812062,0.0,0.0,1.0,26.26094115855514
0.005270024968677761,-0.0028180204420321267,0.205,298.5327995520718,0.0,0.0,0.45678941390792194,0.42752282418181375,0.0,0.0,1.0,26.588577920021457
-0.0018291631604529378,-0.0033651926077358186,0.205,298.91779389067517,0.0,0.0,0.5384975221836671,-0.6921738864062312,0.0,0.0,1.0,23.77085504186557
0.0013986632035778315,-0.004036086446135915,0.205,298.88137373072686,0.0,0.0,0.5243360687749569,1.005261675205848,0.0,0.0,1.0,22.990756573578327
-0.0036703453587259975,0.004662550352276293,0.205,298.65841616216653,0.0,0.0,0.45870846967753026,-0.6879141162291939,0.0,0.0,1.0,24.52417566233973
0.00624655893572064,0.0013427954167812817,0.205,298.6235444094415,0.0,0.0,0.4373966409137553,0.226511500826861,0.0,0.0,1.0,26.890825316541715
-0.003621082091709428,-0.0030670455055741186,0.205,298.8410677509851,0.0,0.0,0.5075949690533198,0.29690862168131815,0.0,0.0,1.0,24.637504643827555
0.0027649290841867597,0.0034150844951880187,0.205,298.8430420048551,0.0,0.0,0.5201607351887895,0.6130316650721608,0.0,0.0,1.0,23.92997468333553
-0.0025618679071096845,-0.0023130507655352607,0.205,298.98167652224646,0.0,0.0,0.5495330756505366,-0.27468863033259716,0.0,0.0,1.0,22.379824767333837
0.0025110018476284706,0.0014446391185513087,0.205,299.0396902830792,0.0,0.0,0.5638214102045861,-2.3441593508239054,0.0,0.0,1.0,22.092625480725978
-0.0016191023067079534,-0.0016474444128627783,0.205,299.1535591433568,0.0,0.0,0.5764714411366472,-0.9976897226345569,0.0,0.0,1.0,21.12484073985424
-0.005685795398892573,0.0017693654863217112,0.205,298.6501265856124,0.0,0.0,0.45776280671028424,2.569832411290878,0.0,0.0,1.0,25.94070860065918
0.001404727734467248,0.004443765330291625,0.205,298.8951972441138,0.0,0.0,0.5107112735478322,-1.2676253466394878,0.0,0.0,1.0,23.95323303085341
-0.00012331258544018365,0.002862288069470117,0.205,298.9094128627235,0.0,0.0,0.5645762685375071,1.7356839476859436,0.0,0.0,1.0,21.060150778202253
0.00496038978653286,-0.0012539564532280893,0.205,298.78035482132714,0.0,0.0,0.49338665919328295,-2.1879754894751247,0.0,0.0,1.0,23.52296560818624
0.0008472631355243606,-0.0038672769215610777,0.205,298.92864440870727,0.0,0.0,0.5345082675803313,-1.0289251835196231,0.0,0.0,1.0,24.07265150903171
-0.0012875987975538485,-0.0041548648161906405,0.205,298.8952591670474,0.0,0.0,0.5216810795097362,-1.0284180557801144,0.0,0.0,1.0,23.416972121543232
0.00028363308561884257,0.003393662662383253,0.205,298.96207657851,0.0,0.0,0.5508055289791477,0.6105312814512404,0.0,0.0,1.0,23.67551220046034
0.002915410257601529,-0.0006167216207974664,0.205,298.946473970202,0.0,0.0,0.5618262802737898,0.7410488946323889,0.0,0.0,1.0,21.12905338718116
-0.0023342203192070663,0.0007417781396095806,0.205,298.97403221044266,0.0,0.0,0.5737011719434636,-1.0657598374768886,0.0,0.0,1.0,22.014707198899604
-0.003648415439518604,9.91654764541158e-05,0.205,298.906440640433,0.0,0.0,0.5438852882070894,-1.332147894349606,0.0,0.0,1.0,22.46492433390043
0.0003889337813448911,0.005612325141033767,0.205,298.713276714666,0.0,0.0,0.4723202768894361,0.1636488067264841,0.0,0.0,1.0,25.747632108333782
-0.004859474589465116,-0.00043207162666387283,0.205,298.79343189805746,0.0,0.0,0.5026037010246934,-0.5400874146114338,0.0,0.0,1.0,24.497779426299477
0.001821964917041521,0.001426316512555579,0.205,299.0684505806543,0.0,0.0,0.5763944925985043,2.104904387739829,0.0,0.0,1.0,21.84714510847936
0.0031672385760457685,0.0009163790887531996,0.205,298.94839845970046,0.0,0.0,0.5537368021242223,0.4491290138524166,0.0,0.0,1.0,23.671495188488905
-0.0032614079461315113,-0.004236875985606157,0.205,298.8573672704411,0.0,0.0,0.48408302361222777,2.1093412385253973,0.0,0.0,1.0,24.761835704222268
-0.0007618754966436425,-0.0019045574143325794,0.205,299.17689233164344,0.0,0.0,0.5812230273441077,2.0642943947313253,0.0,0.0,1.0,21.943598442913164
0.004868069388433615,-0.0037682197868829,0.205,298.60526304832933,0.0,0.0,0.44848528688207884,1.1630571811451595,0.0,0.0,1.0,24.922407447546632
-0.005604936892008398,-0.0008794336316592397,0.205,298.711750309494,0.0,0.0,0.4702544594847313,0.39516247970325336,0.0,0.0,1.0,25.577669411114847
0.0025157778186904968,-0.00010188285386742125,0.205,299.00005775730574,0.0,0.0,0.5722842049549394,2.3357434058603865,0.0,0.0,1.0,21.092373505375498
-0.0014178700935940124,0.006025399903328456,0.205,298.64002863236357,0.0,0.0,0.44689728134689705,-0.7013202634803214,0.0,0.0,1.0,23.693346017201804
0.0019460776626441894,-0.005388734724965248,0.205,298.6472912493547,0.0,0.0,0.4678165899392585,-0.2589128151872676,0.0,0.0,1.0,26.420592353923873
0.005887996754200924,0.00045888118643271536,0.205,298.71115986064666,0.0,0.0,0.459973366664223,1.6651811803707535,0.0,0.0,1.0,27.063667088373496
-0.005064657981418047,0.0037693898415287782,0.205,298.64294976486036,0.0,0.0,0.44104484879690137,0.40649531647856135,0.0,0.0,1.0,26.01062112221472
-0.004588244385817398,-0.000739555178516879,0.205,298.82152720795574,0.0,0.0,0.5111853724772792,1.671634361295918,0.0,0.0,1.0,24.221748241296776
0.0026521999500058566,0.005319008625878546,0.205,298.7142337102218,0.0,0.0,0.4582693274554706,-0.24077292360167793,0.0,0.0,1.0,24.166613728627343
0.0014075185769888143,-0.0012795729768251966,0.205,299.03949336033696,0.0,0.0,0.5837307915773249,-0.8824848546348156,0.0,0.0,1.0,20.18135198259515
-0.0008384446139108578,-0.006253999257604891,0.205,298.63869779828764,0.0,0.0,0.4412098976027276,-0.7435728465137085,0.0,0.0,1.0,25.374216770212975
0.0018043501098890427,0.004116410085764963,0.205,298.82340238474643,0.0,0.0,0.5166571882202822,-0.2780113988187962,0.0,0.0,1.0,23.734735425748813
0.00032692566351136027,-0.004316033697655464,0.205,298.83818346025873,0.0,0.0,0.5224118284845616,-0.7000880669377685,0.0,0.0,1.0,22.8422517535224
0.003583531896923732,0.003316812541506575,0.205,298.83649616112734,0.0,0.0,0.5024413395348463,-1.8349229785284957,0.0,0.0,1.0,22.474994847847093
-0.003595433977530224,-0.001745981901277823,0.205,298.84782571322256,0.0,0.0,0.5333103897968895,-1.3265989293550564,0.0,0.0,1.0,23.799762176744764
0.000788085023265146,-0.0025670580383808177,0.205,298.9644946591621,0.0,0.0,0.5686771046582191,-0.7550729258785368,0.0,0.0,1.0,20.131698174947765
0.005613641698711385,-0.00035380523653125195,0.205,298.7102116545178,0.0,0.0,0.4723636291013035,-0.6612432381163892,0.0,0.0,1.0,24.75464445146199
-0.0051838003669796425,0.000891079440549744,0.205,298.755541014296,0.0,0.0,0.4876378328485011,-1.9863418332999319,0.0,0.0,1.0,25.25904701397573
0.004363456825820458,0.0029497728726387137,0.205,298.87573422141816,0.0,0.0,0.48734806558214616,1.2922951523241162,0.0,0.0,1.0,24.833564781006313
-0.0010969343060234394,0.005469953994625835,0.205,298.75974806344755,0.0,0.0,0.4743362388194988,1.3025076250905099,0.0,0.0,1.0,24.45680663583369
-0.002781726011024102,5.322042786290818e-05,0.205,298.99361367594724,0.0,0.0,0.5664940323541673,1.348521698664917,0.0,0.0,1.0,21.558058929166183
-0.0015368870466356535,-0.001960165527498215,0.205,299.07850882967637,0.0,0.0,0.572846231891392,0.753721927282337,0.0,0.0,1.0,20.816091369152634
-0.0030678687043196873,-0.0034774858735345474,0.205,298.8815300526373,0.0,0.0,0.5115534027395048,-0.49231957985260166,0.0,0.0,1.0,24.77345351486748
0.0041334004924972285,-0.004051364266934602,0.205,298.66063096862746,0.0,0.0,0.4652438366137145,0.38798620991087845,0.0,0.0,1.0,25.871617450585102
0.003448279446601965,-0.0022405541193788302,0.205,298.8799090481865,0.0,0.0,0.5296072796175324,0.31097112693854345,0.0,0.0,1.0,23.390792534588673
-0.0020308074493020733,-0.003669209331073916,0.205,298.9685104839672,0.0,0.0,0.5269344673748637,-1.801795591706945,0.0,0.0,1.0,23.97788946994416
-0.0016298584508595098,-0.0005223856506785887,0.205,299.08039039029296,0.0,0.0,0.5866892314522029,1.3022917301731474,0.0,0.0,1.0,20.51856646251122
0.002027296929877121,-0.003690670329830591,0.205,298.8178847704632,0.0,0.0,0.5263674205601462,-1.008568647572402,0.0,0.0,1.0,22.38005019743951
-0.003956087821905283,-0.002830450695652708,0.205,298.83787296121415,0.0,0.0,0.5031445169750114,1.872828383526128,0.0,0.0,1.0,24.589083103646367
-0.0036585832607888193,-0.005339210938459382,0.205,298.63092984464345,0.0,0.0,0.4333511073758774,-2.135017706628327,0.0,0.0,1.0,22.999627194682198
0.001528081447092514,0.0035444461202718018,0.205,298.89750259746177,0.0,0.0,0.5375907290670631,-0.09957446191907596,0.0,0.0,1.0,23.16973198644905
0.0019002427065898798,0.0005824973181727281,0.205,299.0869038460613,0.0,0.0,0.5823166438164198,-0.9911549018734849,0.0,0.0,1.0,20.306183395732532
0.002636076409428638,-0.002516067395312779,0.205,298.84157004353636,0.0,0.0,0.5440504814170909,1.0619060490597505,0.0,0.0,1.0,21.766145144102886
-0.0018097679713381454,-0.005226658308544279,0.205,298.70587681027285,0.0,0.0,0.4763717287272042,0.34846591205521266,0.0,0.0,1.0,24.4925896156329
0.0006280395183131943,0.0008217655356133805,0.205,299.139602642761,0.0,0.0,0.5948880660739891,1.1333396973948076,0.0,0.0,1.0,20.161908894750738
-0.0028913249855324254,0.0018273163042068566,0.205,298.85635292044867,0.0,0.0,0.5503967944241828,-1.5165551164614923,0.0,0.0,1.0,22.681094253620763
-0.004319891575960908,0.002042353746733679,0.205,298.7250820801229,0.0,0.0,0.506372633899856,0.594068734428465,0.0,0.0,1.0,25.485269586106835
-0.00031268354800086063,0.003649047235312208,0.205,298.8816820488944,0.0,0.0,0.5435149815737812,0.7220402433632397,0.0,0.0,1.0,22.58145904406736
0.0026899140710261054,-0.005640116534506991,0.205,298.5532597328894,0.0,0.0,0.444124642810772,1.0492263556679675,0.0,0.0,1.0,25.07174392866046
0.0018172589234929893,-0.005767713709683274,0.205,298.62510982120585,0.0,0.0,0.4535360351920062,0.3817530240864658,0.0,0.0,1.0,25.121726747815988
0.004315115602781925,0.002411620732223182,0.205,298.9014251370148,0.0,0.0,0.5001369487292063,-2.372161015459526,0.0,0.0,1.0,23.11525498963083
0.0014492942465466154,-0.0006047311560929468,0.205,299.03995179855735,0.0,0.0,0.588697018475692,0.6629622659801915,0.0,0.0,1.0,19.835699181221937
-0.0013345743722940498,0.0026248370462259264,0.205,298.89833121572593,0.0,0.0,0.5626807516985974,-0.9455982440358015,0.0,0.0,1.0,21.9775558970561
-0.004298852744703664,0.002800717152586291,0.205,298.7196975839735,0.0,0.0,0.49282078634087634,0.32186048177096854,0.0,0.0,1.0,25.35325631170111
0.00444556692131146,-0.0026695946780102273,0.205,298.68177472278956,0.0,0.0,0.49063405426273665,-0.7163423602424716,0.0,0.0,1.0,23.265506998980637
-0.002873885214938898,0.004117239376993736,0.205,298.76078666613216,0.0,0.0,0.4971314901295206,0.9006675513436846,0.0,0.0,1.0,23.25354644704775
0.0030836315399772173,0.00031705400164205584,0.205,299.0076716614838,0.0,0.0,0.5588536461185105,-0.7799856713603179,0.0,0.0,1.0,21.496748568638704
0.006471326932934767,0.0003396266200647603,0.205,298.6708921132639,0.0,0.0,0.4329693878260992,0.7705799187965525,0.0,0.0,1.0,26.428587727899792
-0.0008746990440703571,-0.001181025431618794,0.205,299.15762891055743,0.0,0.0,0.5900347180948247,-1.3567645847865264,0.0,0.0,1.0,20.563679348241465
0.002696139366194753,-0.004076595923736923,0.205,298.78148525471397,0.0,0.0,0.502266988329689,-0.2670757811410371,0.0,0.0,1.0,23.198738990043267
-0.0013681067767929175,-0.0021811444425226265,0.205,299.0989932741303,0.0,0.0,0.5710828028386787,-0.8917430637019208,0.0,0.0,1.0,21.816975125944687
-0.001967418542036924,0.005709278548331665,0.205,298.61432021373776,0.0,0.0,0.4539255086282449,-0.7135108196369307,0.0,0.0,1.0,23.362467371711574
0.004251192932392955,-0.004714447074964068,0.205,298.6318665744545,0.0,0.0,0.439379895871497,0.41371872642910984,0.0,0.0,1.0,26.787190159860295
-8.307534269376197e-06,-0.005109595045771383,0.205,298.8092570443274,0.0,0.0,0.49365690137024726,-0.29469384622874745,0.0,0.0,1.0,23.980487984732022
0.004162851835547781,-0.002860130732322639,0.205,298.744267341475,0.0,0.0,0.495973564802311,1.2454290275528286,0.0,0.0,1.0,23.602234458357497
0.0009983502166131296,-0.0005822177685269929,0.205,299.0302695389185,0.0,0.0,0.5936876449643488,0.5942685222663037,0.0,0.0,1.0,18.160626971047645
0.0021987481090095257,0.002824643221458207,0.205,299.0238468090926,0.0,0.0,0.5459189030669189,0.858167939311805,0.0,0.0,1.0,21.428934877632845
0.001375750239747086,0.004899689144195665,0.205,298.81733595563935,0.0,0.0,0.4944634278771317,1.800394882054492,0.0,0.0,1.0,24.49281708941277
-0.0031647088855074313,0.005359005587385682,0.205,298.54119920114874,0.0,0.0,0.44530898906376276,0.4841333260663804,0.0,0.0,1.0,26.946266662256146
-0.0010965334275539228,0.0061517205180133755,0.205,298.5834067369577,0.0,0.0,0.4441265441224927,0.7303956960355635,0.0,0.0,1.0,26.285263528505087
-0.0051667355907166965,-0.0014795508762972427,0.205,298.77675447958615,0.0,0.0,0.4829418590437107,-0.5275261083006683,0.0,0.0,1.0,26.47095554590954
0.005422663037174973,0.001347302964508819,0.205,298.79998342516757,0.0,0.0,0.47396482712938315,1.659972728598082,0.0,0.0,1.0,25.043718508888816
0.001989830935353948,0.004501986938982185,0.205,298.80899052226846,0.0,0.0,0.5009478512697076,0.0024865510492299426,0.0,0.0,1.0,24.473631029311168
0.00017169170229212609,0.0005734329799907213,0.205,299.19970722992485,0.0,0.0,0.5981915258158945,0.27018668053153005,0.0,0.0,1.0,18.29542879556741
-0.0027048261184316872,0.0013877367280171846,0.205,298.9650388710023,0.0,0.0,0.5603496525962437,0.2533848667559611,0.0,0.0,1.0,20.70776091028036
-0.002100482584705009,-0.004879706493182963,0.205,298.7915146550949,0.0,0.0,0.4854869071271811,-0.993649066083497,0.0,0.0,1.0,23.579669977601192
-0.003441321711331669,-0.0004463431956587289,0.205,298.9716680738467,0.0,0.0,0.5490158991251871,-2.398025063120773,0.0,0.0,1.0,22.972843362684312
-0.0042003484154909294,0.0006026053690898523,0.205,298.7961737903027,0.0,0.0,0.5252826150710432,1.1598063898967277,0.0,0.0,1.0,24.607414701059554
-0.003946029835271213,-0.004334760904275704,0.205,298.68422807016486,0.0,0.0,0.46194884205616094,0.16030044110714162,0.0,0.0,1.0,25.651287524190664
0.0018523542920918965,0.0004892039170827042,0.205,299.06963586386576,0.0,0.0,0.5835082395321599,-1.9129144459299796,0.0,0.0,1.0,20.393834081925284
-0.0013126503002487487,0.0021054770137399997,0.205,298.9291844194778,0.0,0.0,0.5730466201218039,-1.2360895096910636,0.0,0.0,1.0,22.153038412623637
-0.0018910467443439595,0.0010808206653510099,0.205,299.0404687807219,0.0,0.0,0.5789558471074007,-0.5486761266210861,0.0,0.0,1.0,20.313982572822912
0.005443314959698676,0.003054745711531297,0.205,298.7220606944396,0.0,0.0,0.44444854648552173,1.4664845755688591,0.0,0.0,1.0,23.879546346554378
-0.004438950734875808,0.0015059543721677067,0.205,298.83999970831445,0.0,0.0,0.509727922745312,0.5965048049744405,0.0,0.0,1.0,23.916013448464543
-0.004479188983172234,0.000506473889226509,0.205,298.82405897251334,0.0,0.0,0.5161902952104501,-1.4554400679859059,0.0,0.0,1.0,23.195358431163946
-0.001788603480207823,0.003370231551234245,0.205,298.80095154949856,0.0,0.0,0.5389468393460596,0.4152868158474305,0.0,0.0,1.0,22.80538446143476
-0.0012229065776488163,-0.005463162015972201,0.205,298.79890456503057,0.0,0.0,0.4735002893111173,0.4121089451159072,0.0,0.0,1.0,25.53002659098589
0.003665894532486345,0.004083219011510142,0.205,298.76790176118584,0.0,0.0,0.4782219179333962,-1.0089010987986102,0.0,0.0,1.0,24.698178613978058
0.0045541750684494195,-0.0017573776309607705,0.205,298.754313374666,0.0,0.0,0.502495991889538,1.8150773320921014,0.0,0.0,1.0,25.030760611758208
0.0036856678517676843,0.0016803438064580338,0.205,298.9004076783961,0.0,0.0,0.5315979218382652,-0.5361123067405229,0.0,0.0,1.0,22.85605269760089
0.002958037639220149,0.003249224288591365,0.205,298.8817055550211,0.0,0.0,0.5201614807804735,2.2946024653720793,0.0,0.0,1.0,21.357216044618028
0.002889657220299613,-0.0030515629606726745,0.205,298.8342917634855,0.0,0.0,0.5266389701257358,-1.3605657283164192,0.0,0.0,1.0,23.803733125252673
0.005062606322095552,0.003126773266779841,0.205,298.6911293969837,0.0,0.0,0.45796184875725165,-0.8763774320594933,0.0,0.0,1.0,25.939283184603553
-0.0005661521873113117,0.000807377207948887,0.205,299.0633943937845,0.0,0.0,0.5953310333167894,0.10489033313708741,0.0,0.0,1.0,20.933839231872923
0.005523251057000532,0.000561334616437443,0.205,298.7296768675365,0.0,0.0,0.4754959062093845,0.10006082198207412,0.0,0.0,1.0,23.2041276072916
0.0058408625968893865,-0.0015543975954067516,0.205,298.6143053135033,0.0,0.0,0.4536772901925977,0.8060374820827668,0.0,0.0,1.0,25.84983186701962
-0.005786938676643296,-0.0020594335633661825,0.205,298.6652464078421,0.0,0.0,0.4491221251836064,0.5291730703364186,0.0,0.0,1.0,26.121587202996015
0.0047809747425296735,0.0019481134811261086,0.205,298.7983716948232,0.0,0.0,0.4915497348059601,-0.6996900241406238,0.0,0.0,1.0,24.930622305547914
0.0025664844504166653,-0.004205350869875277,0.205,298.78592506952714,0.0,0.0,0.5007750012666318,-1.2701407425834141,0.0,0.0,1.0,24.580193883300705
-0.004385633129115675,0.00025714974642938453,0.205,298.834419816147,0.0,0.0,0.5201911056855218,-1.1461646654678077,0.0,0.0,1.0,21.957684549730022
-0.0037495039118024508,-0.0010961063926604245,0.205,298.96312446288374,0.0,0.0,0.5361505887209975,-0.4153371571111789,0.0,0.0,1.0,23.00009386401126
-0.0037039717102741255,-0.002400432096636004,0.205,298.87854819670713,0.0,0.0,0.5194779601703471,-1.03704278835537,0.0,0.0,1.0,23.698150254357845
-0.002000150343618862,0.0011586754997723778,0.205,298.9943415641087,0.0,0.0,0.5764397506825994,-1.602315142654973,0.0,0.0,1.0,20.818891361086152
-0.0027520803668898974,0.003074620155386142,0.205,298.7687065998557,0.0,0.0,0.5291465766630301,-0.3421571421733232,0.0,0.0,1.0,23.391934143584532
-0.0035682604975385696,-0.0042001416416046,0.205,298.8374945123473,0.0,0.0,0.4772147076449144,0.8442894552265474,0.0,0.0,1.0,24.289853400134533
-0.0006691602905423402,-0.0023680514231769092,0.205,299.0855706263101,0.0,0.0,0.5734654008610001,0.32407048281407347,0.0,0.0,1.0,22.13806236926789
-0.0003804717485631961,-0.0031564179149206686,0.205,298.92587444941,0.0,0.0,0.556828715624322,0.9753041270675693,0.0,0.0,1.0,20.97304680171302
0.0021678733946682745,-0.0045138969292030295,0.205,298.67687281468034,0.0,0.0,0.49765849001848106,-0.0016360809330098623,0.0,0.0,1.0,22.918963815291242
-0.001452801014194702,0.006145253726319083,0.205,298.55125964933717,0.0,0.0,0.44098531673783886,-0.9105713156300614,0.0,0.0,1.0,25.73367459332557
