x,y,z,T,u,v,w,p,nx,ny,nz,qn
0.01241897284208873,0.007117237964220543,-0.205,287.68644671350495,0.0,0.0,-0.5999861701393436,-3.76382782518894,0.0,0.0,-1.0,-23.652620388482017
-0.007326410734327765,-0.013884666408996575,-0.205,287.69936004607473,0.0,0.0,-0.5928743329524409,2.360994916794221,0.0,0.0,-1.0,-23.030638739307943
-0.007496785675430959,0.005223230408845801,-0.205,287.904931444352,0.0,0.0,-0.5112810200666694,-0.40436211017103124,0.0,0.0,-1.0,-28.757865718306807
-0.01672773578433229,-0.007632532474691784,-0.205,287.5766606205805,0.0,0.0,-0.5419267129025045,0.1677616489240855,0.0,0.0,-1.0,-23.385694030457117
0.009622280161447274,-0.006114733150159783,-0.205,287.8127343092879,0.0,0.0,-0.572451174539469,-0.4208697903418,0.0,0.0,-1.0,-27.656209598428884
-0.01280517395880782,-0.00625646535992747,-0.205,287.7239043916255,0.0,0.0,-0.5999999881150112,-2.7800957715876344,0.0,0.0,-1.0,-27.6385091590864
-0.007269185430988274,-0.005683535934294298,-0.205,288.0392203332938,0.0,0.0,-0.5143896479157984,-0.8030899754823583,0.0,0.0,-1.0,-29.73077768138415
0.01337540547609063,-0.012876872529900127,-0.205,287.35435588111096,0.0,0.0,-0.5367700553648573,-0.750354622915397,0.0,0.0,-1.0,-21.673902164166098
-0.01349159741315137,0.0031283665081144277,-0.205,287.6755413966696,0.0,0.0,-0.5994557905339316,0.25060508455552266,0.0,0.0,-1.0,-25.308028212376627
-0.010531099750519702,-0.010140272244591178,-0.205,287.64978117220363,0.0,0.0,-0.5995367258724502,-0.025933814331833473,0.0,0.0,-1.0,-23.888336014789946
-0.001305823802574687,0.01535432518594344,-0.205,287.6180258667856,0.0,0.0,-0.5954355554181664,1.8926038484029641,0.0,0.0,-1.0,-26.85555179798673
-0.0032501245172213283,-0.0182111135316688,-0.205,287.4814005617016,0.0,0.0,-0.538736358642423,1.2219246131022534,0.0,0.0,-1.0,-22.788025073756657
0.008750690709983916,0.009797815484852576,-0.205,287.8508979951836,0.0,0.0,-0.5957935612656443,0.09438476975311223,0.0,0.0,-1.0,-26.113236655945354
-0.006270221790690071,0.018846465230413757,-0.205,287.4236705022649,0.0,0.0,-0.4931153260772723,-1.3527997800997822,0.0,0.0,-1.0,-22.320733159038923
-0.00983862807550323,-0.0016284155303562167,-0.205,287.89368889766826,0.0,0.0,-0.537907171100276,-0.5243994364573077,0.0,0.0,-1.0,-28.92345088956478
-0.007491131263714204,-0.009513985077284765,-0.205,287.88567577139037,0.0,0.0,-0.5844473133383611,-0.25596789944976783,0.0,0.0,-1.0,-26.86297829608328
0.015605171733137031,-0.010969046810405817,-0.205,287.3920045209832,0.0,0.0,-0.521007738510304,-0.6138823964015815,0.0,0.0,-1.0,-21.453279368862155
-0.00763216299299842,0.01799889776361777,-0.205,287.42330088994646,0.0,0.0,-0.5046674265270891,0.6158416599506772,0.0,0.0,-1.0,-22.001952619795006
0.010193513456346429,0.008419249197039451,-0.205,287.79414622434757,0.0,0.0,-0.5964058565410709,-1.6170602372754481,0.0,0.0,-1.0,-25.660308135174823
-0.005519372620641474,0.008977441412874732,-0.205,287.77326137206427,0.0,0.0,-0.5532502921376267,0.24667180080218865,0.0,0.0,-1.0,-29.087760914678267
0.010372991074033267,0.0016637160833148144,-0.205,287.8127956980785,0.0,0.0,-0.5524194158066332,-0.5742849612919371,0.0,0.0,-1.0,-28.771570691765195
0.01454066808441996,0.0026831073515949993,-0.205,287.6506012441448,0.0,0.0,-0.5990245113849787,-0.3930872710680145,0.0,0.0,-1.0,-25.556130961467666
-0.013805600553484919,-0.012067911769903064,-0.205,287.6196331990061,0.0,0.0,-0.5433276781822781,-0.04165110490824368,0.0,0.0,-1.0,-22.382667402122106
-0.005239779356682299,-0.015474012912742556,-0.205,287.62349175951186,0.0,0.0,-0.5852178481906181,-0.00882165158276228,0.0,0.0,-1.0,-22.502244989095782
0.00447384925310194,-0.007963943532551835,-0.205,287.86308635262736,0.0,0.0,-0.5111970367607533,-0.6852679034132801,0.0,0.0,-1.0,-30.046549554118492
-0.002008740130643126,-0.018179338230909073,-0.205,287.543471576393,0.0,0.0,-0.5446120056665867,-0.0716413643652759,0.0,0.0,-1.0,-22.37039290798718
-0.006354900294809129,-0.006431247238652402,-0.205,288.0931642325226,0.0,0.0,-0.5079316442871239,0.36305489903688115,0.0,0.0,-1.0,-28.66473697238698
0.0194745804734641,-0.004136309693561557,-0.205,287.39289710520757,0.0,0.0,-0.49132321241540045,1.5075846179848045,0.0,0.0,-1.0,-21.984979226417174
0.004840506271834537,0.015444453173728903,-0.205,287.67019053435075,0.0,0.0,-0.587290693507098,1.1538712995078766,0.0,0.0,-1.0,-24.681252611902607
0.009718175056022241,0.017264131118951233,-0.205,287.5241093045227,0.0,0.0,-0.49503810582261865,2.5504740721698216,0.0,0.0,-1.0,-22.026992654114753
0.017972382933693475,0.008752361256496713,-0.205,287.54252579769087,0.0,0.0,-0.48817990809760836,0.6507985377157911,0.0,0.0,-1.0,-22.71892991111406
-0.010666069035132482,-0.009049228950453916,-0.205,287.67473455211524,0.0,0.0,-0.5997663791910286,0.18743230977735742,0.0,0.0,-1.0,-27.613533998908224
0.004948757894926858,0.01703693282456832,-0.205,287.4782014968891,0.0,0.0,-0.5586394464612711,1.7295135232237913,0.0,0.0,-1.0,-22.291097609805146
0.011511541499808426,0.008475342409781476,-0.205,287.7937317148167,0.0,0.0,-0.5999931281041654,-1.3669153587757004,0.0,0.0,-1.0,-26.286933176014486
0.011399443211035379,-0.005008297213596525,-0.205,287.6904470194272,0.0,0.0,-0.5890184818638353,0.11373408887950225,0.0,0.0,-1.0,-29.232095671220677
0.004657610495412148,-0.019399028395806792,-0.205,287.44937991721645,0.0,0.0,-0.48973008142909485,-1.4020734213242332,0.0,0.0,-1.0,-21.714651906735252
-0.017748119550429355,0.0054558397473685695,-0.205,287.4242582946084,0.0,0.0,-0.5367332718151313,-0.3757010493016822,0.0,0.0,-1.0,-23.64620097426648
-0.01562385339330195,0.0011913220122476633,-0.205,287.6698958429717,0.0,0.0,-0.5931648419897826,-1.546159749725025,0.0,0.0,-1.0,-27.503289582772204
-0.008590462786816086,-0.0014803896672104342,-0.205,287.89133614889505,0.0,0.0,-0.4961121252148579,1.4082550539283976,0.0,0.0,-1.0,-29.147642024127638
0.006914759646967545,-0.005897317326752673,-0.205,287.861957284783,0.0,0.0,-0.5095750121075429,0.9247875278738098,0.0,0.0,-1.0,-28.84376551152928
0.014543760326122368,-0.011387229977629022,-0.205,287.4284942596693,0.0,0.0,-0.5395278462837336,1.5661636140817008,0.0,0.0,-1.0,-24.397055333940205
0.002062938527160969,0.008761856001693139,-0.205,288.01923151753766,0.0,0.0,-0.5065157836743153,-2.0833839787154322,0.0,0.0,-1.0,-28.605722107788665
0.008538650867787455,-0.0038066048159252157,-0.205,287.8593172117517,0.0,0.0,-0.5184781579923828,0.9495296853016673,0.0,0.0,-1.0,-29.723051251822252
0.00483265208240024,0.0189330111059877,-0.205,287.46069506551055,0.0,0.0,-0.5050322334905176,-1.8276437948346713,0.0,0.0,-1.0,-23.0460065526518
-0.012302732207094321,0.010518442337564146,-0.205,287.58554275053643,0.0,0.0,-0.5872772133376798,1.8138090956806014,0.0,0.0,-1.0,-24.74964079684576
-0.0011708510564515104,-0.01253665981176859,-0.205,287.77988934537086,0.0,0.0,-0.5906623710440564,1.6479269594547905,0.0,0.0,-1.0,-26.29078666427473
-0.006162226193796733,0.014113120499679778,-0.205,287.55207760282724,0.0,0.0,-0.5955137225948385,0.9215521308803197,0.0,0.0,-1.0,-26.814928979489007
0.01386636050773159,0.013841162956737544,-0.205,287.4361981723591,0.0,0.0,-0.5031509979178993,-0.6341001394373945,0.0,0.0,-1.0,-21.15688980247887
0.009454110661145309,-0.011586094190053445,-0.205,287.54215433721316,0.0,0.0,-0.5983187825780989,0.3027458317396815,0.0,0.0,-1.0,-25.982410086789336
0.0024883806513056068,-0.011062877615244616,-0.205,287.81259385625316,0.0,0.0,-0.571248688971786,0.32523128638770304,0.0,0.0,-1.0,-29.133007108098482
0.006801969816723972,0.010648191116438114,-0.205,287.797054432215,0.0,0.0,-0.5911520699439508,-0.3720227256776775,0.0,0.0,-1.0,-29.241688673542473
-0.005246463143753861,0.009143467549959235,-0.205,287.8598240431651,0.0,0.0,-0.5533344383585065,-2.4878738097684345,0.0,0.0,-1.0,-28.80178047501994
-0.009129107232050224,-0.0010372199118538826,-0.205,287.9769222670211,0.0,0.0,-0.5130381610264668,-1.3014701374805493,0.0,0.0,-1.0,-29.434997078725797
0.009734965132139188,0.009456438976788863,-0.205,287.7174869870598,0.0,0.0,-0.5984391133368714,0.41910885084223704,0.0,0.0,-1.0,-26.96191175005581
-0.005090092553352934,0.012567063292526607,-0.205,287.7252646396599,0.0,0.0,-0.5983785335237888,-0.8166183949710406,0.0,0.0,-1.0,-26.167144843847876
0.014185933404445511,0.0007786942583709083,-0.205,287.67128227806603,0.0,0.0,-0.5999938094522294,-1.9033777217962276,0.0,0.0,-1.0,-25.911527257923815
0.010529519390509823,-0.00964981493879433,-0.205,287.6412691335522,0.0,0.0,-0.5999964163055322,0.8364168009529263,0.0,0.0,-1.0,-26.645013202144778
-0.008413156025982743,-0.0035906362851935098,-0.205,287.9854849899193,0.0,0.0,-0.5116411382879997,-1.7276138710514342,0.0,0.0,-1.0,-28.30339305414946
0.014241902784323624,-0.013635781288277296,-0.205,287.34783783767097,0.0,0.0,-0.4985667257628175,2.389176223723742,0.0,0.0,-1.0,-23.08464402891475
0.01484559060074893,0.00975080200647879,-0.205,287.59994936349915,0.0,0.0,-0.5581558952052038,0.11746937150458636,0.0,0.0,-1.0,-23.655601927110887
-0.012118811534033087,0.015679826302874227,-0.205,287.39625661459803,0.0,0.0,-0.4948194922812436,0.11086283845597206,0.0,0.0,-1.0,-22.241862745313643
0.014710853210804514,-0.007974059203959919,-0.205,287.5013676558056,0.0,0.0,-0.5790768709063147,-1.198841313734819,0.0,0.0,-1.0,-25.375077157751054
0.016190623236328666,0.010519397178118985,-0.205,287.6300993269226,0.0,0.0,-0.5131853183454149,0.16461749085577665,0.0,0.0,-1.0,-23.241144038907578
0.0026051487110240862,-0.013517929341503454,-0.205,287.740537634257,0.0,0.0,-0.599207235890179,-1.6731493170731955,0.0,0.0,-1.0,-24.150612850777584
0.0003520069449296921,-0.017015996134245728,-0.205,287.5682688224716,0.0,0.0,-0.5739682851989517,0.8650606202491634,0.0,0.0,-1.0,-23.077256556750548
0.003046682544261038,-0.008537964625936869,-0.205,287.871823064819,0.0,0.0,-0.5087759162263628,-1.5118906779902088,0.0,0.0,-1.0,-29.466037630654508
-0.006435175845513787,0.010691167403283741,-0.205,287.7171011466476,0.0,0.0,-0.5893500490544593,0.12552624963012635,0.0,0.0,-1.0,-27.457562859594653
0.004752396784459006,-0.01858343680873131,-0.205,287.35567544226603,0.0,0.0,-0.5174698285193038,0.5675559020531038,0.0,0.0,-1.0,-22.924866784894853
0.01563654836493496,0.004101921687008498,-0.205,287.6435948005933,0.0,0.0,-0.5875468905680262,1.3444429376084077,0.0,0.0,-1.0,-24.11988541457703
0.01095674855010425,0.006650249788098622,-0.205,287.9034805010109,0.0,0.0,-0.593031590606739,-1.4897112246188189,0.0,0.0,-1.0,-27.71636526334252
-0.0012144073192798203,-0.016964863761646787,-0.205,287.53658925824794,0.0,0.0,-0.5741814405006292,0.7079946391104378,0.0,0.0,-1.0,-23.057600407624864
-0.0003983741672872783,0.011816090531711431,-0.205,287.79065118025227,0.0,0.0,-0.580007513221941,1.2175721875466847,0.0,0.0,-1.0,-27.619892422444547
0.00315398596381925,-0.013057464962813082,-0.205,287.69322935718935,0.0,0.0,-0.5977347304322969,0.06681664267444522,0.0,0.0,-1.0,-26.957830220348644
0.006183674381589819,0.011714034759230016,-0.205,287.7664186922937,0.0,0.0,-0.596579204586667,-0.03209481774621349,0.0,0.0,-1.0,-24.722055287199787
-0.008296005003580988,-0.004649425920689001,-0.205,288.03956512911265,0.0,0.0,-0.5237558504118097,-0.09176815533499272,0.0,0.0,-1.0,-27.49060802313214
0.013551487810812531,0.009588818899263964,-0.205,287.6886638368518,0.0,0.0,-0.5812454109835656,1.6516752984753815,0.0,0.0,-1.0,-24.799255157910725
-0.0006712436785491375,0.010865969739286154,-0.205,287.8600602068997,0.0,0.0,-0.5616122395611783,-0.5100803679062441,0.0,0.0,-1.0,-28.55909630557579
0.004544167268977975,-0.01738485127485249,-0.205,287.4561827963765,0.0,0.0,-0.553065348703817,0.4520048459276772,0.0,0.0,-1.0,-24.156074492533804
0.0020194924685878178,-0.01321330884727463,-0.205,287.67530084296055,0.0,0.0,-0.5973525421203664,-0.047940956995445504,0.0,0.0,-1.0,-27.699209291976356
0.010650972083166343,0.0042614472340186385,-0.205,287.8295190951165,0.0,0.0,-0.5738078395055408,-0.8145139835944738,0.0,0.0,-1.0,-27.836680950228516
-0.015213582480103665,0.010540504152453334,-0.205,287.39190235057646,0.0,0.0,-0.5384653851636657,-0.41558404387453096,0.0,0.0,-1.0,-21.735557467829242
-0.017361900984315982,-0.008987071205603214,-0.205,287.50172402650594,0.0,0.0,-0.5046740303717752,-0.036645337034954754,0.0,0.0,-1.0,-22.33213360934018
0.003016514505628532,-0.008935201946253638,-0.205,287.87778864765824,0.0,0.0,-0.5211804817081888,-2.3070384703612974,0.0,0.0,-1.0,-28.96189843493839
-0.012590967939501603,-0.011231103295437738,-0.205,287.653489596848,0.0,0.0,-0.5766665372687051,-1.9836337523117138,0.0,0.0,-1.0,-22.818545419185522
-0.00430350115130155,0.01655810723541579,-0.205,287.4921922269417,0.0,0.0,-0.5722765607651051,1.4560435728614565,0.0,0.0,-1.0,-25.235162411112732
-0.012929500801662828,-0.010591926865610796,-0.205,287.6743816688244,0.0,0.0,-0.5793950593975946,-0.003688240499229357,0.0,0.0,-1.0,-25.229238908756276
-0.00022740103432615847,-0.013799249248647446,-0.205,287.75875579940845,0.0,0.0,-0.5993162265641998,1.0556000141634423,0.0,0.0,-1.0,-26.50538037009477
0.006082881098769949,0.009134237111251017,-0.205,287.89937630823647,0.0,0.0,-0.5635867254214795,0.20010952050923908,0.0,0.0,-1.0,-28.145758251584493
0.0017319330639040834,0.012955439910897645,-0.205,287.8078378706931,0.0,0.0,-0.5952803377296711,-1.4717804043687523,0.0,0.0,-1.0,-28.52590450450062
0.010402442085595109,-0.009097646403605206,-0.205,287.656799241767,0.0,0.0,-0.5993710039451126,-0.9164622043292948,0.0,0.0,-1.0,-27.033938680229774
0.011969412374984154,0.009563045920493497,-0.205,287.7802555170583,0.0,0.0,-0.5961108390022957,0.03923527751558711,0.0,0.0,-1.0,-28.0598917618676
-0.018179177422763607,0.0009300907058682928,-0.205,287.56916264811923,0.0,0.0,-0.5469725373740811,-1.154879235609951,0.0,0.0,-1.0,-23.672241134848765
0.012188302286667311,0.013056507956502603,-0.205,287.64804147369125,0.0,0.0,-0.5557420248133113,1.4381029138485777,0.0,0.0,-1.0,-21.692395816873862
-0.010140247189194455,-0.01187090317062852,-0.205,287.7816183727794,0.0,0.0,-0.5937022827728379,0.536390634426823,0.0,0.0,-1.0,-26.12520887587002
0.0005915809881029294,0.018947837417681083,-0.205,287.50766621206367,0.0,0.0,-0.5248102709823528,-1.518163571657907,0.0,0.0,-1.0,-25.074592657888697
0.009165076098005098,-0.0025618959604915155,-0.205,287.79960744540773,0.0,0.0,-0.5239604244589273,0.9293632471427915,0.0,0.0,-1.0,-30.101322915965724
-0.0016870436289896016,0.013014909829514176,-0.205,287.6715738897887,0.0,0.0,-0.5956958033722757,0.85698566157945,0.0,0.0,-1.0,-27.071672043283442
0.01461242354045864,0.007508243762865519,-0.205,287.62872277307304,0.0,0.0,-0.583894105803544,0.21653430793553982,0.0,0.0,-1.0,-25.198082068817424
-0.006757937741691785,0.015771724408575025,-0.205,287.4118611447934,0.0,0.0,-0.5712908415237291,-0.8142085633444398,0.0,0.0,-1.0,-24.64557024117851
0.0073750829610882635,0.008715023961956263,-0.205,287.94176407416444,0.0,0.0,-0.5727598582391459,0.6298334678971681,0.0,0.0,-1.0,-28.517722187400995
0.005841976733656455,0.014671170086848189,-0.205,287.6422729921387,0.0,0.0,-0.5919359672475603,-0.1873101054517295,0.0,0.0,-1.0,-23.84294926447618
-0.0076091818464029464,-0.014065578141849826,-0.205,287.6899242749832,0.0,0.0,-0.5897034378840625,0.8396490007808862,0.0,0.0,-1.0,-24.362386809161553
0.014198965980442612,0.0027045547131294627,-0.205,287.74636131879464,0.0,0.0,-0.5998584311281553,-2.225904327237662,0.0,0.0,-1.0,-27.017528109070653
0.012127662501223473,-0.012768530317927369,-0.205,287.5192225543818,0.0,0.0,-0.5616856776587785,-0.41394299376419585,0.0,0.0,-1.0,-24.854237353418654
-0.008499962577241005,0.008830694517168454,-0.205,287.7218908831268,0.0,0.0,-0.5865186204858059,-0.9709779920122583,0.0,0.0,-1.0,-27.328465017205367
0.007742010439838529,0.017039380138824976,-0.205,287.5308215905458,0.0,0.0,-0.5323223176256064,0.20633587742509832,0.0,0.0,-1.0,-22.957161322199653
-0.009011663491333465,0.00019657985963868253,-0.205,287.8671872378832,0.0,0.0,-0.5069559930883003,-2.3756779916857584,0.0,0.0,-1.0,-27.755440902974087
-0.003815529905548283,0.016640096507703102,-0.205,287.46737769803894,0.0,0.0,-0.5729758388638517,1.7199749524653225,0.0,0.0,-1.0,-24.23714851396777
0.007706636030407822,-0.009025823126088213,-0.205,287.6702964830313,0.0,0.0,-0.5807507773768752,0.7193585122677713,0.0,0.0,-1.0,-27.290401652992166
0.003076509985376312,0.01974480189317142,-0.205,287.4714031394491,0.0,0.0,-0.4884606844681022,-0.36490463742638374,0.0,0.0,-1.0,-22.552795138284484
-0.004322239310767234,0.013293775903581268,-0.205,287.6964592204621,0.0,0.0,-0.5997503638666858,0.5494278870580989,0.0,0.0,-1.0,-26.492510089650278
-0.010800153831404598,0.015549324517904695,-0.205,287.44468158656906,0.0,0.0,-0.5256055523529717,-1.7392314493081835,0.0,0.0,-1.0,-23.21995147679062
-0.005740766473099638,-0.013677652361101866,-0.205,287.76986386759836,0.0,0.0,-0.5988443354598141,-0.3588358731935953,0.0,0.0,-1.0,-28.40661419935988
-0.006522302274437045,0.017780876569603796,-0.205,287.4788970226763,0.0,0.0,-0.5253744658287447,1.0783239308246915,0.0,0.0,-1.0,-22.917050370502846
0.003834451486730035,0.011981569389045706,-0.205,287.7561889759291,0.0,0.0,-0.590537747503197,1.2307530451264763,0.0,0.0,-1.0,-26.526666186873637
0.007119020211213783,0.016761044086248657,-0.205,287.5219479333719,0.0,0.0,-0.5467767458133277,2.0477901424404394,0.0,0.0,-1.0,-24.40063949560275
-0.018344934240303586,-0.003160721377695448,-0.205,287.50777822019955,0.0,0.0,-0.5353346929247221,-0.8532663106902836,0.0,0.0,-1.0,-23.265500377124024
0.01643047082715431,-0.0002063470506215952,-0.205,287.547514787808,0.0,0.0,-0.5838462368634805,-0.034546314281608786,0.0,0.0,-1.0,-25.776004485841145
0.012109795238681685,0.011003505326832386,-0.205,287.6254617833864,0.0,0.0,-0.5848587776144821,0.4430074012380874,0.0,0.0,-1.0,-23.921996738450705
0.010085538234199236,0.0036917611539710395,-0.205,287.9861542716437,0.0,0.0,-0.5581903802931062,1.0663437833664349,0.0,0.0,-1.0,-29.76515849554537
-0.0009368176261441975,0.00898924899453493,-0.205,287.9612813694168,0.0,0.0,-0.5078113994161313,1.768428913981183,0.0,0.0,-1.0,-31.955192559259988
0.002304437498818935,-0.016187954712239657,-0.205,287.57622860248875,0.0,0.0,-0.5850178598022548,1.8968491040967823,0.0,0.0,-1.0,-23.79951176563268
0.00936786274283699,-0.006432372987751899,-0.205,287.78793422723083,0.0,0.0,-0.5717278599017759,-0.2606524211543939,0.0,0.0,-1.0,-26.97867964201637
0.01807810665675819,-0.005582906798913797,-0.205,287.5431558344188,0.0,0.0,-0.5259728317360661,-0.5761813902548654,0.0,0.0,-1.0,-24.080796060196505
0.007856538993798696,-0.016986157662316127,-0.205,287.4885854680205,0.0,0.0,-0.532342109803727,0.40532546351232546,0.0,0.0,-1.0,-22.234984691802747
0.0010424900091963315,0.01658274254042399,-0.205,287.6994864162434,0.0,0.0,-0.5810112976935395,0.5775179589541565,0.0,0.0,-1.0,-25.081067818114363
0.005778429331107579,-0.013869019342621552,-0.205,287.61102538440036,0.0,0.0,-0.5979636047401838,0.8493736015654233,0.0,0.0,-1.0,-25.413828800316704
0.005612345844900632,-0.016790223633736074,-0.205,287.50930239365954,0.0,0.0,-0.5595285699834309,0.38606182607243555,0.0,0.0,-1.0,-22.91483236531045
-0.009224115433388332,0.017468802485963865,-0.205,287.3261278014856,0.0,0.0,-0.4971734456696891,2.0532387392782883,0.0,0.0,-1.0,-24.924104216483332
-0.00562925387885945,-0.010091493032711818,-0.205,287.85708305982365,0.0,0.0,-0.5753592860856174,-1.376307387711958,0.0,0.0,-1.0,-29.48624738846076
0.008863865341223957,1.8051608157547004e-05,-0.205,287.9585003444521,0.0,0.0,-0.5015516102014994,2.315063067640414,0.0,0.0,-1.0,-29.53646867026247
0.01291683319243691,-0.014571453178998273,-0.205,287.39516067361717,0.0,0.0,-0.5074478291339343,-1.499323432743304,0.0,0.0,-1.0,-21.46845958756804
0.014644867344195928,0.00897853679321151,-0.205,287.66815148157065,0.0,0.0,-0.5709047846493057,0.9844474307598534,0.0,0.0,-1.0,-22.924276120239448
0.005480071864486434,-0.011080166400176734,-0.205,287.77188083805225,0.0,0.0,-0.5878942490976503,-0.6636078300999135,0.0,0.0,-1.0,-26.38028112249382
-0.009321032506732529,-0.013773117575965808,-0.205,287.655950765522,0.0,0.0,-0.5807660244723887,1.4809840560196332,0.0,0.0,-1.0,-26.873592973525973
-0.004946816215150531,0.01309059595144661,-0.205,287.73050039537753,0.0,0.0,-0.5997777637330267,0.08228290101769252,0.0,0.0,-1.0,-26.446739120625157
0.0055682255829322454,-0.018474463652210445,-0.205,287.3803803074863,0.0,0.0,-0.5136143506026012,-0.10435246949580579,0.0,0.0,-1.0,-21.768060385121256
0.004507747443701153,-0.013913456111171844,-0.205,287.66907288885324,0.0,0.0,-0.5995216101358081,0.07591379335090861,0.0,0.0,-1.0,-25.918222491063283
0.016671355934273976,0.010659855567001698,-0.205,287.49035422789166,0.0,0.0,-0.49591940899396725,-1.3035075858713099,0.0,0.0,-1.0,-21.673586092707154
0.0014212857679974844,0.01923924464658723,-0.205,287.48696745761083,0.0,0.0,-0.5137406361558141,0.6373786269883158,0.0,0.0,-1.0,-21.87838296813134
0.010272619374091848,0.011467526304217959,-0.205,287.69924095973965,0.0,0.0,-0.5955446688352521,1.7798804898706102,0.0,0.0,-1.0,-26.134702371320245
0.003046383194301404,-0.009868178647293523,-0.205,287.8046602681633,0.0,0.0,-0.5477918092676357,1.3355050193618796,0.0,0.0,-1.0,-28.728277373889707
-0.00808684965121227,0.015932029129998138,-0.205,287.51065512997246,0.0,0.0,-0.5556050033738055,0.493157220122834,0.0,0.0,-1.0,-24.127305887095858
-0.0033582106334414906,-0.014110813018580281,-0.205,287.75600892445505,0.0,0.0,-0.599779476226981,1.1109115270184686,0.0,0.0,-1.0,-28.36029778746528
-0.0052797594068401945,0.013305962824567814,-0.205,287.61797900676606,0.0,0.0,-0.5999855806629775,0.5533363681332862,0.0,0.0,-1.0,-26.83908869565481
-0.006791606274891006,0.017321429742911,-0.205,287.40231674488706,0.0,0.0,-0.5356280249667736,0.7879331008797439,0.0,0.0,-1.0,-22.114490476636828
-0.013434122064735099,0.004356326706560806,-0.205,287.62158568510495,0.0,0.0,-0.5999450845327423,-1.6206051656902358,0.0,0.0,-1.0,-26.638373036409554
-0.002034906894270096,-0.015790836417911847,-0.205,287.6298134254513,0.0,0.0,-0.5905196534755245,0.28994560190844615,0.0,0.0,-1.0,-25.65801521231254
-0.018748676813558515,0.002600132606205797,-0.205,287.4440212661147,0.0,0.0,-0.5257324455195518,-0.10183545988149793,0.0,0.0,-1.0,-22.66175427949155
0.011323652768469805,0.0020649406807040026,-0.205,287.8496238412113,0.0,0.0,-0.5745296766087254,1.1448789618942932,0.0,0.0,-1.0,-27.934886106263853
0.006889875132733109,-0.012131139492059795,-0.205,287.62684539488174,0.0,0.0,-0.5996969401262198,-1.320918788268483,0.0,0.0,-1.0,-27.066347699358182
-0.0065320486106662575,0.0143352611352576,-0.205,287.58950370917086,0.0,0.0,-0.5923305332307031,0.5310295240292134,0.0,0.0,-1.0,-26.531328681976355
-0.012635223181549833,0.00031939296760817126,-0.205,287.8808814442143,0.0,0.0,-0.5911954247434211,-1.3547129050337008,0.0,0.0,-1.0,-28.09588411825372
-0.013123290902890666,-0.013684562612328088,-0.205,287.5690820763653,0.0,0.0,-0.524711231507923,1.2206122170421332,0.0,0.0,-1.0,-22.142311179704528
0.014416946683920125,0.0020607979746667827,-0.205,287.71153695146637,0.0,0.0,-0.5996664933822213,-0.34198753522682895,0.0,0.0,-1.0,-27.637768586507057
0.011931664392205152,0.015581301123474322,-0.205,287.57036509306346,0.0,0.0,-0.5019566925217783,-1.803620874188642,0.0,0.0,-1.0,-23.59808507077484
0.003539866999117478,-0.01232788834121787,-0.205,287.6442457561867,0.0,0.0,-0.5931190517004409,0.3050127124201673,0.0,0.0,-1.0,-27.99033046086072
-0.006055902337922196,-0.011072710535308517,-0.205,287.87481470087414,0.0,0.0,-0.5909899583851086,-1.7245862245554506,0.0,0.0,-1.0,-25.40689839186968
0.01487189406036542,0.0037431518262751825,-0.205,287.6194469833482,0.0,0.0,-0.5959996708314245,0.16960549779912795,0.0,0.0,-1.0,-24.94485106799
-0.008161396468282739,-0.015336888130346364,-0.205,287.5189670095018,0.0,0.0,-0.5668975320267572,1.8758368874829316,0.0,0.0,-1.0,-25.487984007648986
0.015226906874194637,0.005929433553756534,-0.205,287.64988452215243,0.0,0.0,-0.5851672987321224,1.0981988992407397,0.0,0.0,-1.0,-23.770423853275386
-0.015513458606814494,-0.011779118008613434,-0.205,287.45596068606073,0.0,0.0,-0.5072263961931328,-0.7573432176137506,0.0,0.0,-1.0,-21.884763154050944
0.01688083689370136,0.00261511177249474,-0.205,287.5454991907791,0.0,0.0,-0.572778994119224,0.17995512131438815,0.0,0.0,-1.0,-22.755690200423015
0.0038620955598553976,-0.017260356617180596,-0.205,287.60097677558963,0.0,0.0,-0.5599080554158716,-0.928278562126419,0.0,0.0,-1.0,-22.435730355118803
0.008025877358726874,-0.003526097329243303,-0.205,287.8634287532936,0.0,0.0,-0.49795210416686564,-1.2937527815357004,0.0,0.0,-1.0,-27.478418745595043
-0.014706221784525485,0.0032304304819491206,-0.205,287.63866337123704,0.0,0.0,-0.5977907772952579,1.635836891975742,0.0,0.0,-1.0,-24.87275825302992
0.010075553805844576,0.012025198749204682,-0.205,287.6579599652364,0.0,0.0,-0.5929798691520692,-0.4396886316633506,0.0,0.0,-1.0,-26.350061400514996
-0.0003490897176074573,-0.013288692587126165,-0.205,287.7504553541974,0.0,0.0,-0.5968937989229354,0.7227208229845038,0.0,0.0,-1.0,-26.82927863716264
-0.002252243974245776,-0.008418036672251656,-0.205,288.0071640493968,0.0,0.0,-0.496000802136118,0.21622488164970874,0.0,0.0,-1.0,-31.237607588829416
0.004923686982951195,-0.01392202707902347,-0.205,287.66356085566173,0.0,0.0,-0.5990927876980463,-1.6446242825894606,0.0,0.0,-1.0,-24.887992459576513
0.013399911361047203,0.003722552617845082,-0.205,287.7890867894055,0.0,0.0,-0.599601617317217,-0.8781489122403469,0.0,0.0,-1.0,-27.362327286747938
0.01784441828636779,0.005120376591219508,-0.205,287.5463931612385,0.0,0.0,-0.5368282688935734,-0.6832737229015414,0.0,0.0,-1.0,-23.285513402355818
-0.007599522644815321,0.00664338838614376,-0.205,287.8194034218553,0.0,0.0,-0.5413829995461531,0.4648972764687297,0.0,0.0,-1.0,-27.60798726859361
0.00032104364965996696,-0.017373534529194712,-0.205,287.56211698981633,0.0,0.0,-0.5668278069648366,-0.04070395776498536,0.0,0.0,-1.0,-22.580432916004515
0.0028602168202583097,0.01840622440293568,-0.205,287.5197885304734,0.0,0.0,-0.53498166083726,-0.9669441667441043,0.0,0.0,-1.0,-20.81861327702556
0.00042309021526471896,0.0166890006090547,-0.205,287.5792245643865,0.0,0.0,-0.5797237110826886,-0.3387392146622694,0.0,0.0,-1.0,-23.781721977012936
0.008358129583407021,-0.012297010624195278,-0.205,287.53464158919604,0.0,0.0,-0.5987014609418574,-0.4140533574084931,0.0,0.0,-1.0,-25.26761455841739
0.01654663892967215,0.0061375765946175805,-0.205,287.46908847502647,0.0,0.0,-0.5608104246257415,0.34746186432036386,0.0,0.0,-1.0,-24.789466590188987
-0.018509470005058832,-0.0037357178825218914,-0.205,287.42431569027644,0.0,0.0,-0.5271676914029058,1.2961796896531543,0.0,0.0,-1.0,-22.6763499164212
-0.013582662790298386,-0.0065784430532318805,-0.205,287.6584383588665,0.0,0.0,-0.5975948027398795,0.6829459943933781,0.0,0.0,-1.0,-27.85314077015144
-0.015534715120773618,0.0030919319003986927,-0.205,287.6019469469798,0.0,0.0,-0.5914269016403307,-2.046296550768059,0.0,0.0,-1.0,-24.969044037956195
-0.007109835789205794,-0.008354785796337205,-0.205,287.88556184761063,0.0,0.0,-0.563502062012628,0.7522555041724474,0.0,0.0,-1.0,-28.16073693573761
0.007149290511162249,0.01628650125988221,-0.205,287.5710612650279,0.0,0.0,-0.5575552005449762,1.3069534370469698,0.0,0.0,-1.0,-23.84761260655299
-0.01276021115206874,0.005426371409340433,-0.205,287.64823990635676,0.0,0.0,-0.5994998359491063,1.2741762362456903,0.0,0.0,-1.0,-26.828921344397152
-0.004980838413653393,-0.008850519915499261,-0.205,287.8737142040784,0.0,0.0,-0.5431155726024695,-2.3753165056950842,0.0,0.0,-1.0,-28.877691167613076
-0.017961443964444233,-0.004627183278465391,-0.205,287.5602707564579,0.0,0.0,-0.5373143482078628,2.2898626628777903,0.0,0.0,-1.0,-21.948177950474328
-0.015313601727535972,0.007990374204927805,-0.205,287.5367723737236,0.0,0.0,-0.5689901427924148,0.7395945850883909,0.0,0.0,-1.0,-23.429768485931053
-0.01760335310457206,-0.0003030149069297433,-0.205,287.5834322760868,0.0,0.0,-0.56177997671983,-0.39903353608888464,0.0,0.0,-1.0,-23.055312583673945
0.010261513206926316,0.010360193196503917,-0.205,287.8425335415723,0.0,0.0,-0.599626137470075,0.026790623510051723,0.0,0.0,-1.0,-27.362164918095054
-0.01342065764414279,-0.006584821103380668,-0.205,287.7132222018012,0.0,0.0,-0.5983416875518409,-0.7936507941816822,0.0,0.0,-1.0,-24.843775554904685
0.009461058416518568,-0.015275258023581446,-0.205,287.4022533226031,0.0,0.0,-0.5530915967767157,-0.1070872474633701,0.0,0.0,-1.0,-23.735849073597187
0.008542855049619453,-0.008767418289756856,-0.205,287.7433142959858,0.0,0.0,-0.5863065594698167,0.08407523776750898,0.0,0.0,-1.0,-27.853250813427106
-0.0001653651218697505,0.012143638791291116,-0.205,287.77637679467887,0.0,0.0,-0.584959631742187,-0.0635199500726599,0.0,0.0,-1.0,-27.67575102386257
0.01192351871600495,0.005756369265643092,-0.205,287.874007842928,0.0,0.0,-0.5965404127693639,1.2971994471798065,0.0,0.0,-1.0,-27.497628612997406
-0.017305264766381955,0.002766918056896988,-0.205,287.42943498191266,0.0,0.0,-0.5636002894540332,1.3324728064662343,0.0,0.0,-1.0,-23.95234633832853
-0.015292360317861768,-0.00142929324331076,-0.205,287.585705590031,0.0,0.0,-0.5958262401520928,-0.9525836544356114,0.0,0.0,-1.0,-25.270596837322856
-0.013685485470976677,-0.009504476819138786,-0.205,287.6485152051577,0.0,0.0,-0.5802544349294148,-0.8078778025638206,0.0,0.0,-1.0,-25.13378876536809
0.0017295053340536193,0.010673017961288476,-0.205,287.93109026399935,0.0,0.0,-0.5598940638664409,-1.2241676725279225,0.0,0.0,-1.0,-29.241395757567773
-0.011745903718745601,0.00579544028725682,-0.205,287.7283656113141,0.0,0.0,-0.595495115830674,-0.4206076728898368,0.0,0.0,-1.0,-27.513566782442748
-0.0111114290346249,0.012157952094177932,-0.205,287.5111243841429,0.0,0.0,-0.583266536338415,-0.7971740229591481,0.0,0.0,-1.0,-24.937184395041083
-0.006287354327015711,-0.010421491722642581,-0.205,287.8151941278252,0.0,0.0,-0.58533510121505,-0.4309157885408779,0.0,0.0,-1.0,-27.69628374553384
-0.013440925893280633,0.006623832103608527,-0.205,287.58778094960513,0.0,0.0,-0.5981694666549714,-1.223578708520981,0.0,0.0,-1.0,-25.672360317336928
-0.013277505627979323,0.006852644706674419,-0.205,287.60802089681454,0.0,0.0,-0.5983768992580774,-0.39673850925452275,0.0,0.0,-1.0,-26.188365529152232
0.00456735687535902,0.01748295799399969,-0.205,287.5849321309974,0.0,0.0,-0.5504870398064948,0.4007533799228694,0.0,0.0,-1.0,-23.86516155381069
-0.009470010626255455,0.0018191451509492055,-0.205,287.8766211950796,0.0,0.0,-0.5279780563066286,1.648890283796258,0.0,0.0,-1.0,-28.762487641288413
-0.016561817259687427,0.010579548590004121,-0.205,287.44139444598153,0.0,0.0,-0.500951879186147,-2.8343764794720054,0.0,0.0,-1.0,-22.33932561007228
0.0058161686246744095,0.013413794603025228,-0.205,287.77070701432126,0.0,0.0,-0.5995342766784961,-0.5759168738105926,0.0,0.0,-1.0,-25.484893172115378
0.011314277968776957,-0.013779939524832049,-0.205,287.5236264695955,0.0,0.0,-0.556512937354717,-0.7527378900107728,0.0,0.0,-1.0,-24.530476833673028
0.013881831572094966,0.006980551725471178,-0.205,287.73463094223916,0.0,0.0,-0.594369153919445,1.3224872389430702,0.0,0.0,-1.0,-26.333479033377152
-0.013758698654283289,0.005909048459352466,-0.205,287.615725271041,0.0,0.0,-0.5982215042625055,-4.353032221755291,0.0,0.0,-1.0,-25.57890253820515
0.012045171836180188,0.012542263734464295,-0.205,287.58318392028826,0.0,0.0,-0.5665514865665937,-1.5232760173691249,0.0,0.0,-1.0,-26.729590968943267
0.0027333131337653476,-0.014163268963695566,-0.205,287.6441308671214,0.0,0.0,-0.599896542149009,1.3620550716032487,0.0,0.0,-1.0,-24.554981489406913
0.013241818183390451,-0.009454937277544076,-0.205,287.5804145212884,0.0,0.0,-0.5861407763633185,0.14722197022485556,0.0,0.0,-1.0,-23.539489304469985
0.0016884805085983238,0.010727905323640758,-0.205,287.8782834868126,0.0,0.0,-0.5610000009318823,-0.896166874493224,0.0,0.0,-1.0,-29.44541015537206
-0.001171554016338298,-0.015953722754852705,-0.205,287.6111588720106,0.0,0.0,-0.5896465653688484,0.7391499342327099,0.0,0.0,-1.0,-25.414924488869364
-0.013427383638368418,0.0035068083851004005,-0.205,287.6425222927381,0.0,0.0,-0.5995297880317157,0.9189261688905148,0.0,0.0,-1.0,-27.3198414888972
0.008897730836986275,-0.009717650113249857,-0.205,287.77529139081184,0.0,0.0,-0.5960843121216415,-0.20159040525153551,0.0,0.0,-1.0,-27.06041487880529
0.0164577327118674,0.003690291394185787,-0.205,287.63610886012185,0.0,0.0,-0.5767692537195122,-1.1887056897903,0.0,0.0,-1.0,-21.818417954894386
0.0024872883068272904,0.010213637978109572,-0.205,287.8618375707884,0.0,0.0,-0.5525862666861053,-1.3440450370842838,0.0,0.0,-1.0,-27.397840895803466
0.018851215214401047,-0.00511995236377047,-0.205,287.40825406435346,0.0,0.0,-0.5052445665154836,-1.2184620200358,0.0,0.0,-1.0,-21.775184924752715
-0.005813444763378055,-0.01736709870318823,-0.205,287.51156395672484,0.0,0.0,-0.5439441504492148,-0.6876270628227817,0.0,0.0,-1.0,-24.02893137274975
-0.010487839198471923,0.001434961225968533,-0.205,287.8305304253246,0.0,0.0,-0.5544304658047016,0.42198989965953215,0.0,0.0,-1.0,-27.92025280190691
-0.011277613808366166,0.01634511815646236,-0.205,287.3366445989736,0.0,0.0,-0.49326628332591194,0.6376626935039024,0.0,0.0,-1.0,-21.028351357695236
-0.005911951377484935,0.009498618266786765,-0.205,287.802655860146,0.0,0.0,-0.5681857104129402,2.724807004970435,0.0,0.0,-1.0,-27.030758640919657
0.014887663607012257,0.006689215264167764,-0.205,287.6324336323389,0.0,0.0,-0.5854391910363593,1.173239118825069,0.0,0.0,-1.0,-24.16822785681411
-0.014777441221475856,-0.00970416680908013,-0.205,287.5891251265112,0.0,0.0,-0.5601004821999149,-1.97610203020602,0.0,0.0,-1.0,-23.10700577190469
-0.01737607222044063,-0.0021164724604674128,-0.205,287.5845770370042,0.0,0.0,-0.564056169590312,1.4226377855379702,0.0,0.0,-1.0,-25.11965585376829
-0.008039375195884779,-0.007416638394230137,-0.205,287.9923499153698,0.0,0.0,-0.5627729187180932,-0.7517186367264025,0.0,0.0,-1.0,-30.09479707810597
0.00810903122897939,-0.014689914119476025,-0.205,287.45557470845046,0.0,0.0,-0.5782875120280236,1.1817353640366222,0.0,0.0,-1.0,-24.943860975324412
0.0009101102437947041,-0.017473193525228317,-0.205,287.5382080666577,0.0,0.0,-0.5642241869191073,1.1702487418737184,0.0,0.0,-1.0,-23.177772142486397
0.016921882798720828,0.009044300773371464,-0.205,287.438400925437,0.0,0.0,-0.5172777182025566,-0.9460132204101886,0.0,0.0,-1.0,-23.329234615458
-0.005617310102275327,-0.01868131076179447,-0.205,287.4512483910267,0.0,0.0,-0.5061944823894667,1.5666290081503382,0.0,0.0,-1.0,-21.716796574142244
0.01225778882666189,0.00426953146161695,-0.205,287.83441155269065,0.0,0.0,-0.5945271326072293,-1.528205208529926,0.0,0.0,-1.0,-25.63978557895139
-0.008683175581208931,0.014614623615332112,-0.205,287.50606873909487,0.0,0.0,-0.574344470569798,-1.5772555159515758,0.0,0.0,-1.0,-24.449985524602305
-0.012454759156914205,0.010467730894173678,-0.205,287.49459345040515,0.0,0.0,-0.5861606526267237,0.9439824624800547,0.0,0.0,-1.0,-25.0859253246197
0.008696937480375524,0.009381692913162305,-0.205,287.78630554603444,0.0,0.0,-0.5927928784070072,0.8561091578693439,0.0,0.0,-1.0,-27.706591058334418
-0.015119103793840594,-0.004235735755732108,-0.205,287.7197631237479,0.0,0.0,-0.5928528613792797,0.07027352774992307,0.0,0.0,-1.0,-24.217954508051008
0.001054613873877015,0.01718655008245827,-0.205,287.6009793915326,0.0,0.0,-0.5700882732553304,-0.731065596813861,0.0,0.0,-1.0,-24.64176648583688
0.004177601369991222,-0.014460892959925975,-0.205,287.58423903462113,0.0,0.0,-0.597815961069954,0.06774666358486732,0.0,0.0,-1.0,-24.419833616004084
0.017409800937878472,0.005542712354238477,-0.205,287.6070220504253,0.0,0.0,-0.5451361568271373,-0.3755623931411959,0.0,0.0,-1.0,-22.107766320239204
0.017756240717648572,-0.0016990259093592954,-0.205,287.5328223154705,0.0,0.0,-0.556328032509843,0.19045040211487296,0.0,0.0,-1.0,-24.11170143367958
-0.012414328874505545,-0.005843540293024602,-0.205,287.8122514031721,0.0,0.0,-0.5990499052390396,0.7568108563850194,0.0,0.0,-1.0,-28.4302891092805
-0.010915975429314882,-0.005983542633185975,-0.205,287.8643973594373,0.0,0.0,-0.5889846003060165,0.7172881337210989,0.0,0.0,-1.0,-26.372651504151754
0.010940869717021377,-0.006128465498520437,-0.205,287.6967369118428,0.0,0.0,-0.5900810734812248,-1.7617159717131667,0.0,0.0,-1.0,-26.691308444986486
-0.008120156413516232,-0.0069401304216535455,-0.205,287.9955243444364,0.0,0.0,-0.556794556983049,0.21697213007201152,0.0,0.0,-1.0,-30.206996677364835
-0.01632856800727931,-0.0030397820441273662,-0.205,287.6024317586207,0.0,0.0,-0.581113471274077,-1.5631204877713096,0.0,0.0,-1.0,-25.937116874689643
0.017426909913474817,-0.009251821739610375,-0.205,287.39063907778865,0.0,0.0,-0.49807033386666977,-0.46715623953406565,0.0,0.0,-1.0,-22.836303505102425
0.017973048532438418,-0.008255898191211024,-0.205,287.3535089425669,0.0,0.0,-0.496276580817322,0.004952007770011139,0.0,0.0,-1.0,-22.295132871180158
-0.01650961069040385,-0.010065061389731607,-0.205,287.5549034840771,0.0,0.0,-0.512224419589931,1.8412046867329797,0.0,0.0,-1.0,-22.22989600191437
-0.00789364913333507,0.01096796133609436,-0.205,287.72657200845157,0.0,0.0,-0.5981575869114204,0.6367108255793097,0.0,0.0,-1.0,-26.892402046599397
0.0010627056977467219,-0.01296335299729775,-0.205,287.7893549913022,0.0,0.0,-0.5947554065746434,-0.1475249586377998,0.0,0.0,-1.0,-25.963968323207784
0.01925281278893652,-0.0011258234892178231,-0.205,287.4137060214862,0.0,0.0,-0.5139448018356804,-0.5509378922971551,0.0,0.0,-1.0,-21.471979792176143
0.0076084808555617525,0.010505429260115924,-0.205,287.8168525833149,0.0,0.0,-0.5944507235574662,2.2098676724187687,0.0,0.0,-1.0,-28.342945655334006
-0.01559294684559892,0.004764291835574586,-0.205,287.57854595073815,0.0,0.0,-0.5856750828713887,-2.270098283018731,0.0,0.0,-1.0,-24.90850570831178
-0.013361426445830875,-0.009778006312547396,-0.205,287.61435327297573,0.0,0.0,-0.5819372011519194,-0.9446916372161206,0.0,0.0,-1.0,-25.052897370056783
-0.001313992575318586,-0.012090241030942143,-0.205,287.7861061605605,0.0,0.0,-0.5851968854145623,0.3422519452474075,0.0,0.0,-1.0,-28.667126982968064
-0.013077162569095914,0.0049506233813915515,-0.205,287.6947856011913,0.0,0.0,-0.5997578528707579,1.6660861331196068,0.0,0.0,-1.0,-27.817040404983473
0.012343071197690009,-0.013137386101550554,-0.205,287.4659798708665,0.0,0.0,-0.5516098297157308,-0.2129630436925091,0.0,0.0,-1.0,-22.550062056562577
0.011199251470755869,0.012215259686525889,-0.205,287.7855278143399,0.0,0.0,-0.58170073172081,1.5672488092725392,0.0,0.0,-1.0,-24.90136041760722
-0.003535381956742541,0.016666875450723356,-0.205,287.5013550981426,0.0,0.0,-0.5736273801035339,-0.645051450586119,0.0,0.0,-1.0,-24.286623365403074
-0.008831114311070387,-0.002973961133307761,-0.205,287.9359052217751,0.0,0.0,-0.5174668087110175,0.8492257344669084,0.0,0.0,-1.0,-30.602654440863407
-0.0033016160071999206,-0.011164573932992168,-0.205,287.8670281728652,0.0,0.0,-0.5769273433743008,-0.5841499656828077,0.0,0.0,-1.0,-25.64235660353595
0.010435755276488956,0.015582225051671573,-0.205,287.5957257883938,0.0,0.0,-0.5311593873715504,-0.06336225532219804,0.0,0.0,-1.0,-23.60874646965093
-0.012149451468598998,0.01248784682349761,-0.205,287.5019551867018,0.0,0.0,-0.5658371120113707,-0.1470943231575091,0.0,0.0,-1.0,-23.93655971563648
-0.0015053974846011018,0.016499426251441508,-0.205,287.6182478861488,0.0,0.0,-0.5817665468681757,-0.997766090203941,0.0,0.0,-1.0,-22.786039523090167
0.007042194217827211,-0.01179834809594534,-0.205,287.6352644971741,0.0,0.0,-0.5991180769005463,2.0194035068074014,0.0,0.0,-1.0,-26.092310085872114
0.018823102034295946,0.005527907164729022,-0.205,287.47837093878104,0.0,0.0,-0.5022118293881188,2.2843378229188964,0.0,0.0,-1.0,-20.421086977831628
-0.015856669652830835,0.00040345376710827996,-0.205,287.56877541268125,0.0,0.0,-0.5911838232422544,-0.6494730105831469,0.0,0.0,-1.0,-24.620636967257255
0.01365796094045051,0.00947625347301495,-0.205,287.66143500447726,0.0,0.0,-0.580883014948616,-0.49882024935728664,0.0,0.0,-1.0,-24.955799430458455
0.00785182423264526,0.00685240008149045,-0.205,287.9972625017569,0.0,0.0,-0.5502575940305793,-0.23921711075221802,0.0,0.0,-1.0,-28.661692022503146
0.01112581163293965,-0.010638411474175708,-0.205,287.57296209624434,0.0,0.0,-0.5955626810508001,0.5023726272923731,0.0,0.0,-1.0,-24.69629904343092
-0.015284787938861524,0.0035285195498231197,-0.205,287.5119511052936,0.0,0.0,-0.5929944838406871,-0.8713939576724976,0.0,0.0,-1.0,-23.319111983316382
-0.009503867863301468,-0.00333792706516021,-0.205,287.90318475292355,0.0,0.0,-0.5407911241920338,0.43546746661705077,0.0,0.0,-1.0,-27.375498037009194
0.0054906004791118795,-0.015975632806885343,-0.205,287.5603961230708,0.0,0.0,-0.5762975091634758,0.8970077960632955,0.0,0.0,-1.0,-23.42345599710867
0.008650056349889287,-0.015460064398042922,-0.205,287.4857876294599,0.0,0.0,-0.5592454862660055,1.9460038119501024,0.0,0.0,-1.0,-23.52379602116122
-0.007635307722404485,-0.013900970034161431,-0.205,287.7322451092235,0.0,0.0,-0.591205141836073,-0.2705456848851833,0.0,0.0,-1.0,-23.379817002886206
-0.00143073138241157,-0.013899693255351488,-0.205,287.70629787254785,0.0,0.0,-0.5997398658201116,0.9661315902786651,0.0,0.0,-1.0,-27.659416074533816
-0.007976105198061627,0.018276691309445363,-0.205,287.1963182952539,0.0,0.0,-0.4900788924246922,0.15054429935902144,0.0,0.0,-1.0,-21.101921485845892
-0.007507320160581853,0.016170888100657706,-0.205,287.5090200083414,0.0,0.0,-0.5565416461057695,-0.1055121707055068,0.0,0.0,-1.0,-24.339393979987722
0.001134440839692965,0.011300881298897315,-0.205,287.8356330336843,0.0,0.0,-0.5716109980719603,-0.7684926619107025,0.0,0.0,-1.0,-27.762854694421584
-0.007141510427982987,0.011293570476332464,-0.205,287.5784656878054,0.0,0.0,-0.5973246638050879,-0.5406342490029238,0.0,0.0,-1.0,-25.306812912152953
-0.0059320199829853894,0.01595845436577329,-0.205,287.4154076561876,0.0,0.0,-0.5738615593986334,2.0932997946979155,0.0,0.0,-1.0,-23.344176909634292
-0.01292723290996794,0.007151750462425536,-0.205,287.6207383311773,0.0,0.0,-0.5990694325368232,-2.3884384871783317,0.0,0.0,-1.0,-25.541752474382285
-0.008476209479841474,-0.005613771991122697,-0.205,288.0882811428509,0.0,0.0,-0.5434161402898849,0.004135873816747939,0.0,0.0,-1.0,-29.614900743695525
-0.011998681768742898,0.005527204519821423,-0.205,287.63259541726285,0.0,0.0,-0.5963333188558041,-0.8904933840891397,0.0,0.0,-1.0,-27.46079338125683
-0.008019401431457764,-0.010676392213515191,-0.205,287.80154308111133,0.0,0.0,-0.5972680281570231,1.8309842558676503,0.0,0.0,-1.0,-25.592407251044534
0.006031104127077917,-0.01733470782198369,-0.205,287.4473501549357,0.0,0.0,-0.5428449573538728,-0.96174430240333,0.0,0.0,-1.0,-20.753536306601546
0.013142153223504026,-0.0024145613102600203,-0.205,287.76848352679,0.0,0.0,-0.5973247522839269,-0.9521431552246633,0.0,0.0,-1.0,-26.68930896524212
-0.0018672354811905291,-0.013097642941908197,-0.205,287.82842158447716,0.0,0.0,-0.5964698289348632,-0.9827982248830887,0.0,0.0,-1.0,-25.976559483508385
0.002875462053946087,0.015960726444121106,-0.205,287.70937658599826,0.0,0.0,-0.5868609155489638,0.19234096080371663,0.0,0.0,-1.0,-24.941128472494505
-0.010265082272471322,-0.006342720598226379,-0.205,288.0143094459151,0.0,0.0,-0.5838215375416727,0.13629275496126922,0.0,0.0,-1.0,-28.341417538029393
-0.007289621274431542,0.015581894689951312,-0.205,287.46962580865846,0.0,0.0,-0.5704126884924194,-1.9614285389851047,0.0,0.0,-1.0,-24.056446639259637
-0.011269702348605803,-0.015803231947543437,-0.205,287.59627289056857,0.0,0.0,-0.5096438802094053,-1.6328235155533977,0.0,0.0,-1.0,-23.035192568876628
-0.005606756025680419,0.009141508395398535,-0.205,287.87612994327685,0.0,0.0,-0.5578073729798938,-2.219526748966398,0.0,0.0,-1.0,-29.050420504634065
-0.005135844218102268,0.013753781779730545,-0.205,287.6235447803733,0.0,0.0,-0.5993684455410204,-2.1547182474799507,0.0,0.0,-1.0,-27.462839196521376
-0.01639660708281563,0.007931342146783088,-0.205,287.44466623661174,0.0,0.0,-0.5466720078487347,-0.6780464129470906,0.0,0.0,-1.0,-23.34641853752161
0.0059782409655463435,0.01589352613389755,-0.205,287.586980252838,0.0,0.0,-0.574695415790079,1.6135553874113686,0.0,0.0,-1.0,-22.024583154111205
0.016001470702780993,-0.006925049749807731,-0.205,287.53134547764273,0.0,0.0,-0.5655598591814338,1.0272562457678605,0.0,0.0,-1.0,-23.63838406604002
-0.006356942924974855,-0.011630709116942422,-0.205,287.79956565556313,0.0,0.0,-0.5966374989994672,-1.1784361922380178,0.0,0.0,-1.0,-27.264543559541792
0.016635518401248748,-0.0010005618924095723,-0.205,287.53638289372157,0.0,0.0,-0.5801983925059673,0.6675535829190348,0.0,0.0,-1.0,-23.467094004420098
0.004251071817054711,0.01302427131585122,-0.205,287.74135863065266,0.0,0.0,-0.5989752492341025,-1.1547552186836825,0.0,0.0,-1.0,-25.427239843033547
0.0035607339726340397,-0.01815918395660189,-0.205,287.40762616485284,0.0,0.0,-0.5385594646264504,0.09315535529306444,0.0,0.0,-1.0,-23.866944596006704
0.012500639067939209,0.0021265084385026123,-0.205,287.8073984246013,0.0,0.0,-0.5916375416964144,-2.189872774739209,0.0,0.0,-1.0,-26.537599024534796
-0.012450359095827777,3.395593960779863e-05,-0.205,287.68202071161556,0.0,0.0,-0.5890097763530291,2.027602852874323,0.0,0.0,-1.0,-28.932727274279344
-0.008325527199425508,-0.015072331177240769,-0.205,287.6067455779471,0.0,0.0,-0.5700883574510529,-1.9994850254347225,0.0,0.0,-1.0,-24.17449618518538
-0.005836644220988032,-0.016002159446854604,-0.205,287.7145382787423,0.0,0.0,-0.5737095822756786,-0.4967138951442782,0.0,0.0,-1.0,-22.988936798120598
0.016323827848181583,0.008834329848067564,-0.205,287.47587523413955,0.0,0.0,-0.5369298057470101,0.5393082340011459,0.0,0.0,-1.0,-20.96162757033308
-0.0019292273601276674,-0.012678245258930318,-0.205,287.8924323032729,0.0,0.0,-0.5931010793832241,0.41856453564700696,0.0,0.0,-1.0,-28.719327290335816
-0.01244624883956938,0.015256372406135024,-0.205,287.32601080468123,0.0,0.0,-0.4996001758687389,-0.4723556857259992,0.0,0.0,-1.0,-23.02540663144344
-0.006951392448792739,-0.016104767478894475,-0.205,287.6859544061222,0.0,0.0,-0.5632461161418229,-0.88595704312764,0.0,0.0,-1.0,-24.61721891200351
-0.011675742976276937,0.011020192216085349,-0.205,287.5265785292731,0.0,0.0,-0.588941905488153,-1.5784079752791549,0.0,0.0,-1.0,-25.247691612842047
-0.002046185040802369,-0.017822031272559248,-0.205,287.5934538749996,0.0,0.0,-0.5538150576556045,-1.1152006048355458,0.0,0.0,-1.0,-25.49117212872371
-0.0016391107276635837,-0.015648223612838203,-0.205,287.68377065838416,0.0,0.0,-0.5925281386230327,-0.7690956535282589,0.0,0.0,-1.0,-24.64181967887055
0.0160754284584317,-3.8407824972833224e-05,-0.205,287.56400208825374,0.0,0.0,-0.5886914054578062,-2.0370143753321117,0.0,0.0,-1.0,-25.4797182942782
0.013854644338573346,-0.005411346206504304,-0.205,287.6765555480967,0.0,0.0,-0.5986789144065018,-0.6171721533818472,0.0,0.0,-1.0,-25.449395026809324
0.005973607439551058,0.008311800518224886,-0.205,287.8877942121892,0.0,0.0,-0.5453145280225307,-0.5961745637649754,0.0,0.0,-1.0,-28.339753252700383
-0.006729048124075252,0.01019775692115978,-0.205,287.7980369110055,0.0,0.0,-0.5859849276743758,0.6716559924934832,0.0,0.0,-1.0,-26.16528455050893
0.0061373363146492955,-0.014267826577745007,-0.205,287.5565343298389,0.0,0.0,-0.5944240526226763,-0.5498540070155186,0.0,0.0,-1.0,-26.961267126044095
0.005115347333433888,-0.01630678107476581,-0.205,287.50737304022465,0.0,0.0,-0.5726232796712167,1.458854780959078,0.0,0.0,-1.0,-24.497364830332277
0.018245377431727244,-0.00724451828076321,-0.205,287.4799295714774,0.0,0.0,-0.5017379196604406,3.1232758459815044,0.0,0.0,-1.0,-22.825570593577886
9.990058682398244e-05,-0.01717989311441794,-0.205,287.54283586642157,0.0,0.0,-0.5708628663722752,0.5758033106331257,0.0,0.0,-1.0,-26.19026411121208
-0.006727823687974981,-0.018650589136078734,-0.205,287.4795576531448,0.0,0.0,-0.49445170537525224,-0.5432563996814321,0.0,0.0,-1.0,-22.238158890758104
0.0028471571734440012,-0.012677590978446687,-0.205,287.76484065732865,0.0,0.0,-0.5946411294776786,1.8856310088458001,0.0,0.0,-1.0,-27.884378626042682
-0.018035864580795778,-0.003609944750605993,-0.205,287.5161769616752,0.0,0.0,-0.5417346328313846,-0.3390406729861573,0.0,0.0,-1.0,-22.02989648569094
-0.008659631382871758,0.010697166178230025,-0.205,287.59887635716643,0.0,0.0,-0.599194958909581,1.700466872408763,0.0,0.0,-1.0,-26.105892823335658
0.001217598194100955,0.010576917421840666,-0.205,287.8716796671674,0.0,0.0,-0.5559403589184189,-0.08093815109715376,0.0,0.0,-1.0,-27.946323016354256
0.016209230332140688,-0.004482872686568414,-0.205,287.45801934498223,0.0,0.0,-0.5776257561687835,-0.3964413897574117,0.0,0.0,-1.0,-23.115359084521703
-0.017478305770496295,-0.005426255331825963,-0.205,287.55048655598705,0.0,0.0,-0.5443028066943469,1.8291969084409898,0.0,0.0,-1.0,-23.79175047137764
-0.008226950925693885,0.006925236865945306,-0.205,287.8390442772636,0.0,0.0,-0.5585160989206553,-0.9803175031737794,0.0,0.0,-1.0,-28.04851422450346
-0.011045710077282314,0.013285072768333513,-0.205,287.52245099659984,0.0,0.0,-0.568901961212559,-1.0733401663605613,0.0,0.0,-1.0,-23.983466075646657
-0.010979741691862692,0.015343959418730494,-0.205,287.3512599826356,0.0,0.0,-0.5276369030657088,2.7123572040117594,0.0,0.0,-1.0,-21.52885560770516
-0.012899963607950832,-0.0030802674670194997,-0.205,287.7940577120088,0.0,0.0,-0.5966915454469526,-0.18389157776123183,0.0,0.0,-1.0,-28.172208303068906
-0.00892743255392506,-0.009504592266052783,-0.205,287.81141212593593,0.0,0.0,-0.5950298092366212,-0.3197568802286499,0.0,0.0,-1.0,-25.12534146176043
0.01786137735198323,-0.0019335880394292517,-0.205,287.5133960707051,0.0,0.0,-0.5531460536852489,0.02559926446890709,0.0,0.0,-1.0,-23.10000270050731
0.00799922237440527,0.007254589272396978,-0.205,287.98914928055467,0.0,0.0,-0.5595826539314723,-1.2040932214574864,0.0,0.0,-1.0,-29.140623860939726
0.006862231127638469,-0.011560102770054648,-0.205,287.67287177553504,0.0,0.0,-0.5977923714652487,-2.320046577983048,0.0,0.0,-1.0,-26.7660578144332
-0.00784880702769788,0.018089924366582386,-0.205,287.3362404191175,0.0,0.0,-0.4984887943140589,-0.6276875044645744,0.0,0.0,-1.0,-24.70213446444366
0.0001495104093527086,0.013419644014734571,-0.205,287.66262767255637,0.0,0.0,-0.5976648531871189,0.8697928856300287,0.0,0.0,-1.0,-26.528003012709764
-0.01390373422130784,-0.007716398656893018,-0.205,287.6968125302785,0.0,0.0,-0.5907445689562948,-0.718087002425852,0.0,0.0,-1.0,-25.740887162544947
0.004654292252176097,0.012109117961242295,-0.205,287.785263621308,0.0,0.0,-0.5944641467098092,-1.4144782323306118,0.0,0.0,-1.0,-27.310642609309706
-0.0024055433520290825,-0.011956243372615435,-0.205,287.7774712733209,0.0,0.0,-0.585680502929384,0.3255368846496284,0.0,0.0,-1.0,-27.264715928523003
0.007067517759532063,0.008476187352207652,-0.205,287.9921997872235,0.0,0.0,-0.5649473222809145,1.0646551022427237,0.0,0.0,-1.0,-27.274145735108885
-0.0006414473447439431,-0.018650981631281337,-0.205,287.469327397737,0.0,0.0,-0.5339413190870154,-0.861636547305774,0.0,0.0,-1.0,-23.212611285840836
0.011972192558033818,-0.011848590072502918,-0.205,287.588385681585,0.0,0.0,-0.577164084111884,-0.15533243576965913,0.0,0.0,-1.0,-25.415006903396588
-0.00809651680104097,-0.006020771951978062,-0.205,287.9493649191903,0.0,0.0,-0.5412654417098389,2.5863814599382513,0.0,0.0,-1.0,-30.93114283059825
0.016094456321730382,-0.005977741258744735,-0.205,287.5194671528985,0.0,0.0,-0.5710904213584367,-0.1334863844045999,0.0,0.0,-1.0,-25.054671620527294
0.0008224910615578197,-0.018142007559716372,-0.205,287.51837776099154,0.0,0.0,-0.5481016726102524,-1.205657422389156,0.0,0.0,-1.0,-22.974379365159958
0.009471676493120265,-0.0036546661936549024,-0.205,287.8481903755536,0.0,0.0,-0.5430180884496598,0.6150225414039172,0.0,0.0,-1.0,-27.338457657988027
0.008707284586954857,-0.01636145182548721,-0.205,287.45462519917874,0.0,0.0,-0.5377151965380566,1.679210703044897,0.0,0.0,-1.0,-23.842658081487254
-0.0015337884298563039,0.01919532204823875,-0.205,287.4800289078166,0.0,0.0,-0.5149398638380611,-1.9640308876211046,0.0,0.0,-1.0,-24.841490164478127
-0.005240210578466918,0.012544318983851206,-0.205,287.6687108134083,0.0,0.0,-0.5985433726784474,-0.39697004593527707,0.0,0.0,-1.0,-27.94533090086342
-0.013298401593669316,-0.006550557968841166,-0.205,287.69525298143026,0.0,0.0,-0.5988810687805433,0.30885336297123045,0.0,0.0,-1.0,-25.64655917261579
-0.0008741845261748461,-0.008742096769053595,-0.205,287.91557600760905,0.0,0.0,-0.4986726066831384,0.0803284912932585,0.0,0.0,-1.0,-29.997844878585376
-0.005862783637782559,0.01004831481944596,-0.205,287.67502431217355,0.0,0.0,-0.5767692945180735,1.8278243804666867,0.0,0.0,-1.0,-26.225209594883655
-0.0019111218812366427,-0.018727284749597704,-0.205,287.5387501447896,0.0,0.0,-0.5289844570275662,0.07878218596317452,0.0,0.0,-1.0,-21.22157278526092
0.01227061983978612,0.010634132692656421,-0.205,287.61919464855526,0.0,0.0,-0.5865963180799381,-1.3963040043004888,0.0,0.0,-1.0,-23.142119472270473
-0.011578136556191424,-0.012308641047192547,-0.205,287.6418253597172,0.0,0.0,-0.5761974209990656,-1.5033198053170098,0.0,0.0,-1.0,-25.234923484308464
0.009864703515426326,0.012527723341221236,-0.205,287.73859312903784,0.0,0.0,-0.5902454172670514,-1.7300805884973005,0.0,0.0,-1.0,-24.872254438752893
0.0038137242152125844,0.009670013473751841,-0.205,287.8348027649716,0.0,0.0,-0.5495650448106536,-1.575807006340219,0.0,0.0,-1.0,-28.476973877517526
0.008917398641685254,0.014563267658708969,-0.205,287.59360006655436,0.0,0.0,-0.5728873265491494,0.7660559670350978,0.0,0.0,-1.0,-23.960035534737155
-0.012150409816006482,-0.00011587183305456227,-0.205,287.8460627248266,0.0,0.0,-0.5850480566655147,0.5607652310083947,0.0,0.0,-1.0,-26.497582105396596
0.01529054911270901,-0.005801794111573648,-0.205,287.61213379856616,0.0,0.0,-0.5849736140255057,-0.5549776937661005,0.0,0.0,-1.0,-23.95665252931441
-0.004626330039322229,0.007750710786353508,-0.205,287.88741594812046,0.0,0.0,-0.507404064315933,-0.04416202521187228,0.0,0.0,-1.0,-30.150779360335022
0.007571230883834164,-0.018306076660317364,-0.205,287.4042428182181,0.0,0.0,-0.4950925630400594,0.2403923793613727,0.0,0.0,-1.0,-22.7753898213493
-0.0036075816668902617,0.01870643901725424,-0.205,287.4053252722057,0.0,0.0,-0.5217753064905118,0.7098035845512678,0.0,0.0,-1.0,-22.842600973578197
0.01247911958050945,-0.013166415744334388,-0.205,287.3837360922551,0.0,0.0,-0.5486311390273543,-0.1861722480077356,0.0,0.0,-1.0,-23.995314922346886
0.005409213783925699,-0.016412097499911696,-0.205,287.4788038971524,0.0,0.0,-0.5688331537590029,-0.3191921056939677,0.0,0.0,-1.0,-24.424014414932866
-0.012737533718381839,-0.002741538304243153,-0.205,287.74843700730594,0.0,0.0,-0.5949426166891122,-0.5915005149139286,0.0,0.0,-1.0,-25.99967969979538
-0.008344652798371899,-0.00756722228162596,-0.205,287.93998397586864,0.0,0.0,-0.5697587785812861,-1.0487611883396815,0.0,0.0,-1.0,-28.368612904468016
0.006338500250268712,-0.006447053004227227,-0.205,287.85563036595767,0.0,0.0,-0.5079226099059247,-0.44312935706485906,0.0,0.0,-1.0,-30.83144471730088
-0.0029902400049479894,-0.009512425837866477,-0.205,287.9628152804619,0.0,0.0,-0.537874327791827,0.7310235249798728,0.0,0.0,-1.0,-28.586777312597597
-0.007467109853016678,-0.015714177440468814,-0.205,287.6590706921408,0.0,0.0,-0.5663683627486351,1.2186682754722056,0.0,0.0,-1.0,-26.116577684989682
-0.00692414397274947,0.007343850480698309,-0.205,287.83423700484616,0.0,0.0,-0.5413670075963226,-0.2792528857848017,0.0,0.0,-1.0,-31.538507086098228
0.00844970253758598,-0.0018268196075887486,-0.205,287.8924591630433,0.0,0.0,-0.4933846116924698,0.039219747136150264,0.0,0.0,-1.0,-28.917333603229444
-0.007801639459174606,-0.00982342968250263,-0.205,287.84075948503573,0.0,0.0,-0.5901294130087801,0.9576281442075758,0.0,0.0,-1.0,-27.44174387835588
0.005736660104842768,-0.010239197898510204,-0.205,287.7763263236842,0.0,0.0,-0.5785641267980388,-1.1220283913237303,0.0,0.0,-1.0,-29.293563755625385
0.001789407104021561,-0.008393572347005124,-0.205,287.8704640607539,0.0,0.0,-0.4909847403991067,1.0902290698955155,0.0,0.0,-1.0,-28.927635708639954
-0.002234062734235613,0.013379554722094083,-0.205,287.69441986007877,0.0,0.0,-0.5984066731525642,0.5639901077767082,0.0,0.0,-1.0,-27.360937422984215
0.006205425921488313,-0.016740331552271562,-0.205,287.5320423584935,0.0,0.0,-0.5559347309713497,0.22189539673417108,0.0,0.0,-1.0,-21.15819962538762
0.007552101306843741,0.007043941782529355,-0.205,287.9612895996477,0.0,0.0,-0.5477788549468487,-1.347470928095006,0.0,0.0,-1.0,-28.897613608941413
0.011798715140022167,-0.0029306170910928142,-0.205,287.7696673415681,0.0,0.0,-0.5851371891391707,0.8936852850275631,0.0,0.0,-1.0,-25.98153549012949
-0.005048868253388679,0.014180423444989671,-0.205,287.6353139029993,0.0,0.0,-0.5978149297788027,0.7621698886815501,0.0,0.0,-1.0,-24.8457646234845
0.015683300113600942,0.0018909675628530837,-0.205,287.5961289670421,0.0,0.0,-0.591879650234882,1.2067674251253446,0.0,0.0,-1.0,-24.995884498069387
0.011658918709326976,-0.013636823068394645,-0.205,287.44970869324226,0.0,0.0,-0.5537580573044005,1.1614176465585517,0.0,0.0,-1.0,-23.10603918416927
-0.00025171148506481454,-0.017843888120375757,-0.205,287.5493276314518,0.0,0.0,-0.556125192433129,0.36072560610751075,0.0,0.0,-1.0,-23.28389231037577
0.016159493424955713,-0.010531382284646772,-0.205,287.3578267785864,0.0,0.0,-0.5138553226545516,-0.6895197385767328,0.0,0.0,-1.0,-22.918455001401288
-0.007980326872151326,-0.013950945638215658,-0.205,287.70647799864554,0.0,0.0,-0.5887323650759287,-0.03654633957815741,0.0,0.0,-1.0,-25.632226243502316
-0.008310283626922859,-0.012094090615828609,-0.205,287.7388821274237,0.0,0.0,-0.59938976351612,-0.553946472821952,0.0,0.0,-1.0,-23.10987741870736
-0.00878642169772223,-0.0075622541500357824,-0.205,287.91176993327497,0.0,0.0,-0.5760357573899504,-0.25817455939145856,0.0,0.0,-1.0,-26.61570100196499
0.011972230285947115,0.0033758942015879316,-0.205,287.85014369864575,0.0,0.0,-0.5888711341296712,-1.2142519093972248,0.0,0.0,-1.0,-29.511593662081502
-0.00891318177870149,0.012510280398371163,-0.205,287.58789631256116,0.0,0.0,-0.595813302347313,0.4263093478928115,0.0,0.0,-1.0,-24.5452658096119
-0.017227225153799132,-0.005275728262203613,-0.205,287.63275896141823,0.0,0.0,-0.5518454233232489,-1.022696933391907,0.0,0.0,-1.0,-22.564168871072557
0.0014275703148441184,0.01603636999862236,-0.205,287.6852320252953,0.0,0.0,-0.5883881799495843,-0.32768953966445896,0.0,0.0,-1.0,-24.747281285453
-0.0037115451714306853,-0.01348923763630527,-0.205,287.6780377740952,0.0,0.0,-0.5997715394877307,-1.5306635060673055,0.0,0.0,-1.0,-26.433040241457487
0.010881495389770235,-0.015129364852105531,-0.205,287.45616629138016,0.0,0.0,-0.5347145580447437,1.3587858240827935,0.0,0.0,-1.0,-22.73647016667689
-0.006415697755240404,0.013843439783744794,-0.205,287.5944068064261,0.0,0.0,-0.5965529353968145,0.46634967834292534,0.0,0.0,-1.0,-27.173159910184356
-0.003856769582566015,-0.012270727073075931,-0.205,287.75477217621903,0.0,0.0,-0.5934673942734306,-0.08741166081074703,0.0,0.0,-1.0,-26.001525826757412
-0.016389956911647106,-0.003217395502838988,-0.205,287.5984133485538,0.0,0.0,-0.5795840941967126,1.346045581011243,0.0,0.0,-1.0,-24.372642368957862
0.006334400364653993,0.008474715291121909,-0.205,287.88853757236,0.0,0.0,-0.5543029333300659,-0.19394736058018877,0.0,0.0,-1.0,-28.09785801802263
0.010551870384109017,-0.012500785309772883,-0.205,287.5304143427037,0.0,0.0,-0.5849081016105445,1.795854469608069,0.0,0.0,-1.0,-24.541742032995234
0.017456271448725153,0.00021439959710145806,-0.205,287.5851210633995,0.0,0.0,-0.5650848157857186,0.5798623578421278,0.0,0.0,-1.0,-24.283684803551242
-0.013487625227782987,0.011190049136629673,-0.205,287.4284044616693,0.0,0.0,-0.5635969854037113,-0.2744816316021324,0.0,0.0,-1.0,-24.338696682582558
-0.006757622053451515,0.013553440874672106,-0.205,287.6446634123723,0.0,0.0,-0.5972836302999466,-1.3381184648186037,0.0,0.0,-1.0,-23.694373872509956
0.0018414683367031133,0.010078526271956774,-0.205,287.8665217423266,0.0,0.0,-0.5455771855793382,-1.1511004007267045,0.0,0.0,-1.0,-30.42988739923337
-0.0034161307596849173,0.018839608414216207,-0.205,287.5409663903998,0.0,0.0,-0.5186259724726142,-1.845289233205379,0.0,0.0,-1.0,-20.64916033054707
-0.019369777239740312,-0.0028917584158771213,-0.205,287.35606570002136,0.0,0.0,-0.5034314159693144,0.20133190403666124,0.0,0.0,-1.0,-21.248831313502755
0.008376014820926526,0.010285102229385732,-0.205,287.8951776957945,0.0,0.0,-0.5967026123292813,0.6112496174353163,0.0,0.0,-1.0,-27.638313673669114
0.0002148129565925005,0.012989301241715186,-0.205,287.83311552802013,0.0,0.0,-0.5946215734135539,0.7641540367418738,0.0,0.0,-1.0,-26.57642044537832
0.009073680864460412,0.012359017835918884,-0.205,287.75838126516317,0.0,0.0,-0.596025438461686,-0.43057776379260226,0.0,0.0,-1.0,-25.656247975389345
-0.0156474137260239,-0.004340596462719951,-0.205,287.695335427925,0.0,0.0,-0.5865840855360576,-0.9130165453758468,0.0,0.0,-1.0,-25.671816283244567
-0.013335405734376554,-0.012371352969109807,-0.205,287.47463694326467,0.0,0.0,-0.5473141526054827,1.068205821711389,0.0,0.0,-1.0,-22.14864039688884
0.006987480369165036,-0.006708273960858134,-0.205,287.85483582009675,0.0,0.0,-0.5293231062861855,-0.7556460785957925,0.0,0.0,-1.0,-29.203406436051253
0.010774809374194807,0.010987127136679072,-0.205,287.7739752336503,0.0,0.0,-0.5955994160596918,-0.7647721124450599,0.0,0.0,-1.0,-24.148582708117647
-0.018972917770933805,-0.002445805100556623,-0.205,287.4567797008988,0.0,0.0,-0.5191869819883617,-0.2500518134620135,0.0,0.0,-1.0,-23.083023315916886
0.016249044563806093,-0.0006530836249123556,-0.205,287.56645330656846,0.0,0.0,-0.5862600934958059,1.2314994971394027,0.0,0.0,-1.0,-23.86883745462398
-0.012001724637837365,-0.0057271477038995655,-0.205,287.8699585594501,0.0,0.0,-0.5969255601306253,-1.9234956054322139,0.0,0.0,-1.0,-26.90789800143364
-0.010050752237855145,0.005111887237699646,-0.205,287.7858103486415,0.0,0.0,-0.5699856962490002,-1.5030310800930609,0.0,0.0,-1.0,-28.725781398050646
-0.013423589146490954,-0.002129722426227064,-0.205,287.78501741564196,0.0,0.0,-0.5985284040784973,-0.2559464583459357,0.0,0.0,-1.0,-28.839839011586065
0.01427928315063501,0.0025082960151464996,-0.205,287.5474704337506,0.0,0.0,-0.5997914284130089,-0.806163307317141,0.0,0.0,-1.0,-25.065257068315898
-0.0019768398117023054,-0.011216703045129627,-0.205,287.8196442333807,0.0,0.0,-0.5722336000303753,-0.35058651167727806,0.0,0.0,-1.0,-28.821683302319713
-0.011775769579208416,0.009440732058998737,-0.205,287.6519269369235,0.0,0.0,-0.5975888305672337,1.3590450269774725,0.0,0.0,-1.0,-25.6229594918392
-0.010250783576073879,0.015467056245401952,-0.205,287.4375033156639,0.0,0.0,-0.5370907934043969,0.7581859677837084,0.0,0.0,-1.0,-25.00118980794421
0.011882290905136168,0.006558504913847855,-0.205,287.80852748060937,0.0,0.0,-0.5984406458869608,-2.8773480441921535,0.0,0.0,-1.0,-24.887547801128093
-0.003681524372501483,0.008131470459869245,-0.205,287.89795833967054,0.0,0.0,-0.5038111992096284,0.9951224863862497,0.0,0.0,-1.0,-29.2054948246916
-0.007712516040923131,-0.010306645812204654,-0.205,287.81074037745884,0.0,0.0,-0.5935637954163533,-0.7994791994322458,0.0,0.0,-1.0,-26.252571961395137
0.010271746736432488,-0.012343384826998184,-0.205,287.64257903635706,0.0,0.0,-0.5889035989244508,-0.055073596040209005,0.0,0.0,-1.0,-23.90998359867574
-0.0038339610078075813,0.012293732689325085,-0.205,287.6949218022445,0.0,0.0,-0.5936091856797443,1.2372528799592857,0.0,0.0,-1.0,-27.566642400472915
-0.01746202809382407,-0.004027790678645673,-0.205,287.55958668051267,0.0,0.0,-0.5542790164022632,1.6745075951898707,0.0,0.0,-1.0,-24.8412486998206
-0.019369422091511213,-0.0024534129098307935,-0.205,287.4784972685246,0.0,0.0,-0.5056009414272091,-2.42023055259217,0.0,0.0,-1.0,-22.417714927902523
-0.01781055972655298,0.0013745539647589987,-0.205,287.513650453209,0.0,0.0,-0.5556882710281619,1.4017087223651215,0.0,0.0,-1.0,-24.066959576666722
-0.013638175968092449,-0.0020065813578213467,-0.205,287.68302773328793,0.0,0.0,-0.5992662232929473,-0.9458051522991654,0.0,0.0,-1.0,-27.174368753565837
-0.016445192063265477,0.01060140422637091,-0.205,287.3400139721293,0.0,0.0,-0.5040928133009616,0.05222346198718299,0.0,0.0,-1.0,-22.25462817789281
-0.01561176849616672,-0.0010547545202040862,-0.205,287.65371772472366,0.0,0.0,-0.5933736748396315,-1.957363218561975,0.0,0.0,-1.0,-25.924618860453837
-0.011202662122945246,-0.003782379467874082,-0.205,287.86147090100184,0.0,0.0,-0.5800265523135933,0.6259670362174975,0.0,0.0,-1.0,-26.96997258712957
-0.01565113830417117,0.010895166828352256,-0.205,287.4109911900634,0.0,0.0,-0.5211609692156463,-0.3350600293929282,0.0,0.0,-1.0,-22.298198472889087
-0.00951022028100144,0.016527496997851367,-0.205,287.43602068641104,0.0,0.0,-0.5212127213095327,1.1204417971151728,0.0,0.0,-1.0,-22.622106306408394
0.011445535949361344,-0.005602247453154005,-0.205,287.7987245022763,0.0,0.0,-0.5922936000859523,1.2601974539043692,0.0,0.0,-1.0,-28.30818635781702
0.0051681122708894,0.011146272753208017,-0.205,287.8710604180176,0.0,0.0,-0.5869116044110683,-0.2335190589684951,0.0,0.0,-1.0,-29.005292410558077
0.014210087923354832,-0.012463398456899573,-0.205,287.41118380514223,0.0,0.0,-0.5265783000560629,-1.0176383362070298,0.0,0.0,-1.0,-21.868285719847783
-0.015222094285114764,-0.012657816520751012,-0.205,287.53164044199775,0.0,0.0,-0.49557173876881283,0.4560067541244613,0.0,0.0,-1.0,-24.091823230873405
0.008932306760147295,-0.00956201592936977,-0.205,287.7486879886973,0.0,0.0,-0.5953944686868986,-1.0960534813755531,0.0,0.0,-1.0,-27.011517452746922
-0.01078146543883818,-0.012828177641775568,-0.205,287.6399999925782,0.0,0.0,-0.5786686446864735,-0.8028033070210427,0.0,0.0,-1.0,-23.281595750796463
-0.01265677764221833,-0.007164902806000221,-0.205,287.6122964097212,0.0,0.0,-0.5997065416577366,-1.9043712673810493,0.0,0.0,-1.0,-27.811101434453562
-0.017420500850886148,-0.008199298494526712,-0.205,287.46819907103304,0.0,0.0,-0.5150373807530916,0.05372552716590725,0.0,0.0,-1.0,-22.785042443022768
-0.011861713594252102,0.015837335606203064,-0.205,287.4024000244589,0.0,0.0,-0.49596231649992006,-1.988162280864785,0.0,0.0,-1.0,-21.41739455866329
-0.0029345543293838594,-0.015887454871586677,-0.205,287.6330054079108,0.0,0.0,-0.5876691060443429,-0.6313635421462332,0.0,0.0,-1.0,-24.29300177183052
0.015669401525497555,-0.0019953851166212232,-0.205,287.5396006346835,0.0,0.0,-0.5918896018009099,-0.730103558945941,0.0,0.0,-1.0,-25.00984370900519
-0.011834538887239678,0.00011001334219318306,-0.205,287.7896902825243,0.0,0.0,-0.5802087430754269,0.39982593754159546,0.0,0.0,-1.0,-28.158613158994903
-0.007503188321457608,0.016658975752079884,-0.205,287.482213478952,0.0,0.0,-0.5451387862246592,-1.3336821973314612,0.0,0.0,-1.0,-23.543832423046496
-0.0093362803461426,0.006773044614798121,-0.205,287.79316140979444,0.0,0.0,-0.5749724607255328,0.9572457554083796,0.0,0.0,-1.0,-28.463995448784456
-0.011541679066060816,-0.013535130643714019,-0.205,287.55058523541214,0.0,0.0,-0.5575230507797995,2.6539433020625127,0.0,0.0,-1.0,-23.872848371852065
-0.015389354132775314,0.011495568431538462,-0.205,287.28714189577494,0.0,0.0,-0.5165510425099821,1.1703526588070345,0.0,0.0,-1.0,-21.869211311447405
-0.004573738640564539,-0.017846153667453984,-0.205,287.5437985131765,0.0,0.0,-0.5409065962755178,0.40221918306856996,0.0,0.0,-1.0,-24.234727101090392
-0.007373196720468607,-0.01489319456476945,-0.205,287.6330774234557,0.0,0.0,-0.5809643423061917,-0.5568642804920895,0.0,0.0,-1.0,-25.13404240513782
0.007556249025924061,-0.004889662605982541,-0.205,287.91782371564693,0.0,0.0,-0.5064759328638123,2.9087371473319696,0.0,0.0,-1.0,-29.29375762413658
-0.013710707363280176,0.0010600893255612767,-0.205,287.61689229230853,0.0,0.0,-0.5991571241622278,1.1663882768553295,0.0,0.0,-1.0,-25.93332762641277
0.003521515091832718,0.01826491171195974,-0.205,287.5384794730918,0.0,0.0,-0.535746964884262,-2.3266130672707197,0.0,0.0,-1.0,-22.532004399085206
-0.00710681362817171,0.015163514677063554,-0.205,287.56008173388096,0.0,0.0,-0.5788526955356587,2.0047306149641466,0.0,0.0,-1.0,-24.885829228454742
-0.009367844970644421,-0.012741234583623083,-0.205,287.65894958212596,0.0,0.0,-0.59169463758578,-0.23643389517542723,0.0,0.0,-1.0,-23.102423658785387
-0.009360823335664303,-0.014749194989801368,-0.205,287.5870778426799,0.0,0.0,-0.5648373035756303,-1.6490859176420356,0.0,0.0,-1.0,-23.15294031213181
-0.017988813764491074,-0.00023867317641882468,-0.205,287.6604661184976,0.0,0.0,-0.5525219825139281,-1.350001268060212,0.0,0.0,-1.0,-24.51185394264667
-0.0036460100501493533,-0.012402350203644757,-0.205,287.80228600332356,0.0,0.0,-0.5940616421495982,-0.3164407073037324,0.0,0.0,-1.0,-27.743779144523955
0.011638625236846308,-0.014969223128916746,-0.205,287.4641847279611,0.0,0.0,-0.5246714185029019,-0.2924771450412303,0.0,0.0,-1.0,-22.94014796226886
-0.010211905844176859,-0.012047516987802607,-0.205,287.7081625011644,0.0,0.0,-0.5919181484634507,-1.7328691310969426,0.0,0.0,-1.0,-26.094203698003334
0.01567471196283423,0.000804056768511311,-0.205,287.63355701695406,0.0,0.0,-0.5929109863178514,0.2670543328488386,0.0,0.0,-1.0,-25.254416674370056
0.005825349376397975,-0.007627066718103513,-0.205,287.87229580336594,0.0,0.0,-0.5265350550057193,1.5488460679238527,0.0,0.0,-1.0,-30.660969407469207
0.01892941175868262,-0.00034100840300877095,-0.205,287.48872990464383,0.0,0.0,-0.5255937179105327,1.361009026088492,0.0,0.0,-1.0,-21.950234262673238
0.0051672471930306885,-0.009501358457155872,-0.205,287.81814418814747,0.0,0.0,-0.559971437522566,-3.1243973011314528,0.0,0.0,-1.0,-28.459775820246705
-0.00295958488849844,-0.00808392877685527,-0.205,288.0060339894252,0.0,0.0,-0.4920005516000615,1.9241877016320565,0.0,0.0,-1.0,-29.585591709517566
-0.006974672748276639,-0.006354132334934919,-0.205,287.9880740649823,0.0,0.0,-0.5213258190217135,-2.8423585930500614,0.0,0.0,-1.0,-29.310910794318186
-0.010541852464216902,-0.007039926620122032,-0.205,287.7391587711849,0.0,0.0,-0.5915968210189078,-1.4215552170704047,0.0,0.0,-1.0,-27.65121043475107
0.004686821267884643,0.01811289357013865,-0.205,287.5352598191831,0.0,0.0,-0.5325133081004353,2.079827180679254,0.0,0.0,-1.0,-21.900351904294347
0.01679663767374671,-0.007235833475769849,-0.205,287.36690128811324,0.0,0.0,-0.5446412757455847,-0.8237411833561888,0.0,0.0,-1.0,-22.895046147164663
-0.013349183185765117,-0.01245157642737666,-0.205,287.6089506905432,0.0,0.0,-0.5455689269651379,-0.23035921746515384,0.0,0.0,-1.0,-24.3972037018983
-0.006208020448146113,-0.018079791515108492,-0.205,287.47930955897885,0.0,0.0,-0.519649790974108,1.1897928708937588,0.0,0.0,-1.0,-22.4874961413821
0.01708553426314465,0.0020384619029521927,-0.205,287.6300748989843,0.0,0.0,-0.5703329675397942,0.39226746643239124,0.0,0.0,-1.0,-22.979919923249867
0.007640546302247808,0.012775391481344368,-0.205,287.73821841589205,0.0,0.0,-0.5986279542685263,-2.274592446005944,0.0,0.0,-1.0,-25.91244589612885
-0.00988859609401309,0.00339891105347745,-0.205,287.87701602363256,0.0,0.0,-0.5511625067617479,-2.1766273742435107,0.0,0.0,-1.0,-29.87286524338226
0.010712076388733926,-0.006270293104927209,-0.205,287.7090473303096,0.0,0.0,-0.588539407607398,-1.319914225543793,0.0,0.0,-1.0,-28.056146504450837
-0.017026962645020138,0.00909685385482909,-0.205,287.49498643692675,0.0,0.0,-0.5132953398257701,-0.4893537857635326,0.0,0.0,-1.0,-22.80401438063134
-0.008334757655505277,0.014002012306780857,-0.205,287.5473060060266,0.0,0.0,-0.5858090547497123,-2.523830305258804,0.0,0.0,-1.0,-25.223622627475702
0.004461231779940311,0.013105670257081046,-0.205,287.80987064896493,0.0,0.0,-0.5994410992050638,0.016772664591957448,0.0,0.0,-1.0,-25.91488503007394
-0.003471177066262324,0.014272204526906654,-0.205,287.5825756014464,0.0,0.0,-0.5993481993411098,0.6729487233749587,0.0,0.0,-1.0,-26.30556803053422
-0.006107879137818362,-0.014738826509076729,-0.205,287.6271641101105,0.0,0.0,-0.5901430769923566,0.3870219116927306,0.0,0.0,-1.0,-25.243022088802324
0.014415714683973506,-0.011231725528006876,-0.205,287.42326665402055,0.0,0.0,-0.5450303236499252,0.6812926126631321,0.0,0.0,-1.0,-23.877429780420595
-0.007945167529188557,-0.015788361890066605,-0.205,287.6357254181045,0.0,0.0,-0.5601962460583976,-0.5217309276085776,0.0,0.0,-1.0,-22.908687428459448
-0.01506044146868684,-0.010704987502015468,-0.205,287.4543099974062,0.0,0.0,-0.539354273119777,0.9932872970088731,0.0,0.0,-1.0,-22.757699968698134
0.011882344658822293,0.011106128026587633,-0.205,287.69075588743254,0.0,0.0,-0.5862272291127,-1.993018155406029,0.0,0.0,-1.0,-24.133951943183163
0.006539149838836883,0.006238029924989909,-0.205,287.94769732231606,0.0,0.0,-0.5077904048510017,-0.19826536453953697,0.0,0.0,-1.0,-29.625007760134743
0.001414652499500347,-0.014581070760242593,-0.205,287.6261358809896,0.0,0.0,-0.5994582909105527,-1.1291543829864528,0.0,0.0,-1.0,-24.43530995893416
0.0011380630686324477,0.018794397737427377,-0.205,287.48901023831456,0.0,0.0,-0.5288516438617197,-1.3283549505114833,0.0,0.0,-1.0,-24.01259929365785
-0.008146065395939634,0.0029712537348403584,-0.205,287.95896819619,0.0,0.0,-0.4943752975318646,0.9845891455150193,0.0,0.0,-1.0,-28.70766849228756
0.00713290663337438,-0.00931673051764957,-0.205,287.71666406802336,0.0,0.0,-0.5785127715567719,2.3675473912902034,0.0,0.0,-1.0,-27.442148222179284
0.00975106735519366,-0.010493857315241087,-0.205,287.69126390358275,0.0,0.0,-0.5999809336947758,0.7249119723067623,0.0,0.0,-1.0,-25.164162303208307
0.007220615887093081,0.0049256910966980925,-0.205,288.112457728052,0.0,0.0,-0.49699673231574637,-1.5833219731091714,0.0,0.0,-1.0,-29.743235566730192
0.017173894288511977,0.004185954626326078,-0.205,287.57709377012105,0.0,0.0,-0.5601523092487738,0.006624932794370599,0.0,0.0,-1.0,-23.74866951802961
-0.017688296312949565,0.0030262436243414085,-0.205,287.5830317165757,0.0,0.0,-0.5536598129888376,-0.6544554935017097,0.0,0.0,-1.0,-23.55090085550537
-0.010190769035906289,-0.0076869585016521285,-0.205,287.79293634350825,0.0,0.0,-0.5925147816699128,0.5281168397146829,0.0,0.0,-1.0,-25.17310438980374
0.0033426487639465004,0.019615246479001675,-0.205,287.45054109808603,0.0,0.0,-0.49174459201659954,0.9494324079228913,0.0,0.0,-1.0,-20.439615241928816
0.0011640114670105465,-0.009092029441398844,-0.205,287.92458451096115,0.0,0.0,-0.5122943521651294,0.07064264816936731,0.0,0.0,-1.0,-31.740418603488568
0.009563278740068161,0.0005592633542504839,-0.205,287.9853188656668,0.0,0.0,-0.5259777935552215,-1.016323072877144,0.0,0.0,-1.0,-30.969574997070428
-0.011478626067214613,-0.0018686114211246036,-0.205,287.7828020946843,0.0,0.0,-0.5767003156131506,0.09068816830432401,0.0,0.0,-1.0,-29.874465737326872
0.008876835573374209,-0.01371739205765965,-0.205,287.4894295719736,0.0,0.0,-0.5851897907192375,1.7700007813136993,0.0,0.0,-1.0,-23.666432283127946
0.015487929405195458,0.01135658466474494,-0.205,287.5011982803435,0.0,0.0,-0.516666952841514,-0.46326828035569156,0.0,0.0,-1.0,-22.09540273095738
0.017368957572160733,0.008472903372750343,-0.205,287.5421778356235,0.0,0.0,-0.5125829067751206,1.0539941641721413,0.0,0.0,-1.0,-21.218314785373682
-0.011791134510628475,0.001168146033224849,-0.205,287.78840176431146,0.0,0.0,-0.5804344019863273,-0.22644134571455077,0.0,0.0,-1.0,-27.023332173958945
0.008704584425287206,0.00583663218923537,-0.205,287.8822752674315,0.0,0.0,-0.551774405232763,-0.9089997111737637,0.0,0.0,-1.0,-28.375927398460693
0.015557505845594448,-0.0027100269719759823,-0.205,287.5811660331389,0.0,0.0,-0.5919332140398794,-0.5076431582714682,0.0,0.0,-1.0,-24.68402853003836
-0.0020857680499571834,-0.01610234601344589,-0.205,287.62214520235995,0.0,0.0,-0.5866033426174899,-0.9233512678267564,0.0,0.0,-1.0,-24.164441779580542
-0.013918682287859266,0.008709107119795398,-0.205,287.56940490013255,0.0,0.0,-0.584037104674075,0.054705405192060734,0.0,0.0,-1.0,-24.430759331126023
0.012059016915463712,0.015167750527647909,-0.205,287.46679987657797,0.0,0.0,-0.5107849593962348,1.5378366639593688,0.0,0.0,-1.0,-19.85667765683366
-0.011160303651531815,0.001926044558372432,-0.205,287.7601461912409,0.0,0.0,-0.570971473267757,-1.4140659023409943,0.0,0.0,-1.0,-26.872480513339408
-0.019328724051983708,-0.002483349790375676,-0.205,287.46532415076683,0.0,0.0,-0.5069059298001322,-0.8031938111655461,0.0,0.0,-1.0,-21.651995722992975
0.006756310436512345,0.007395070737150328,-0.205,287.9784530199763,0.0,0.0,-0.5391851130372002,0.2758071646305236,0.0,0.0,-1.0,-27.442604936391806
0.007607510596668563,0.013836793900739922,-0.205,287.73402973636274,0.0,0.0,-0.5919494914697229,0.009790070033994087,0.0,0.0,-1.0,-23.556149163263623
0.016353277459502113,-0.01007804893430419,-0.205,287.4071116622426,0.0,0.0,-0.5165366396773379,-1.1763958276044337,0.0,0.0,-1.0,-22.531247509125464
-0.004315649813866447,0.011181360502303759,-0.205,287.7698528288098,0.0,0.0,-0.5825949734885925,0.48948866170600025,0.0,0.0,-1.0,-26.886675208604085
-0.016995327170257802,-0.006725501041322158,-0.205,287.53005693804624,0.0,0.0,-0.5449488197458365,-0.14996926360000773,0.0,0.0,-1.0,-22.78026095832723
0.013241499103506669,0.002325480438222096,-0.205,287.74845942890715,0.0,0.0,-0.5977962311155788,0.5415399881537601,0.0,0.0,-1.0,-25.309870709039895
0.006646134724719797,-0.014719767498829636,-0.205,287.5589617819059,0.0,0.0,-0.5877411515476463,0.2975058563560119,0.0,0.0,-1.0,-24.403165870518805
0.0010199088799179212,0.01613788688376367,-0.205,287.513952076832,0.0,0.0,-0.58748884242934,0.33359533516018725,0.0,0.0,-1.0,-23.25628406519943
-0.010993046934761556,-0.009125335400924892,-0.205,287.66979685415373,0.0,0.0,-0.5999953501720499,-0.08677144854429085,0.0,0.0,-1.0,-23.83619893542629
-0.009874223146099093,-0.011532514937196028,-0.205,287.7775512544145,0.0,0.0,-0.597050998755268,-0.15454258764725634,0.0,0.0,-1.0,-27.02845947446143
0.007155255514991219,0.01086598158478163,-0.205,287.85290402064913,0.0,0.0,-0.5947843507408815,-0.030842866124388066,0.0,0.0,-1.0,-26.60511635547173
-0.015089727590228636,0.0042017378149629735,-0.205,287.68362448563124,0.0,0.0,-0.5932168696889311,-0.8217432959578477,0.0,0.0,-1.0,-23.845397017405748
-0.003104242141991373,-0.01466283276328752,-0.205,287.7353014981783,0.0,0.0,-0.5981525730880514,0.2932708103154006,0.0,0.0,-1.0,-24.898948496368348
-0.010492643513744735,0.012574939266457799,-0.205,287.64089965492997,0.0,0.0,-0.5846388681244021,0.055126045026433285,0.0,0.0,-1.0,-24.14668510183616
0.0049029511423106485,0.009764269464993106,-0.205,287.9719951596452,0.0,0.0,-0.5625069860506632,0.2116347953784724,0.0,0.0,-1.0,-28.519722431583897
-0.01480479036779086,0.004537583758367237,-0.205,287.6217404755903,0.0,0.0,-0.5948277563334065,-0.3418245565069057,0.0,0.0,-1.0,-24.72659837513881
-0.015669093174356538,-0.003010623252069818,-0.205,287.6643124194213,0.0,0.0,-0.5901267075710657,2.766087249456438,0.0,0.0,-1.0,-25.69833330868802
-0.0016065293090970641,0.0097500991301314,-0.205,287.82983661955814,0.0,0.0,-0.5352397532546321,-1.603962246262335,0.0,0.0,-1.0,-30.704570431758732
-0.01583621581033562,0.0030473940256998634,-0.205,287.5749746363742,0.0,0.0,-0.5880470809943305,0.5896771831427423,0.0,0.0,-1.0,-23.67514030611369
-0.004678859608096642,0.00987457470284947,-0.205,287.76680277924396,0.0,0.0,-0.5625266646391404,-2.653425692006883,0.0,0.0,-1.0,-28.229273128110346
0.009498183661594209,-0.010245397197059757,-0.205,287.5727056080911,0.0,0.0,-0.599735489437947,-1.7341150003487986,0.0,0.0,-1.0,-27.656200311489098
0.005140034610415669,-0.013721767056822584,-0.205,287.6155691998001,0.0,0.0,-0.5994491856462109,-1.125175562969987,0.0,0.0,-1.0,-26.706614372749947
-0.005436649282672826,-0.01522554340056652,-0.205,287.627021968734,0.0,0.0,-0.5875280155677781,-1.3853187139889276,0.0,0.0,-1.0,-22.624205856286164
-0.006615980525909038,0.007977442341641439,-0.205,287.7606503562799,0.0,0.0,-0.5487514934219482,-0.24308408284326147,0.0,0.0,-1.0,-28.428488625620417
0.01603721602431314,0.0025522281779989118,-0.205,287.6668358068857,0.0,0.0,-0.5865741809016446,-1.3559519635556112,0.0,0.0,-1.0,-25.7622233986916
-0.008908048762945021,0.015311710520221707,-0.205,287.48185162142505,0.0,0.0,-0.5592688867800539,1.5225614546230106,0.0,0.0,-1.0,-21.860334798780894
-0.0031232590744737065,0.013992566214777232,-0.205,287.64906585814987,0.0,0.0,-0.599974373989309,-0.415257544179105,0.0,0.0,-1.0,-27.08811949208605
0.014420607372908857,-0.008209221730085281,-0.205,287.5829815384892,0.0,0.0,-0.5813620471588731,-1.7898666032577888,0.0,0.0,-1.0,-24.847353007592353
-0.015285246720457321,-0.005923381768553464,-0.205,287.640622645439,0.0,0.0,-0.5844175102479012,-0.2024816374989091,0.0,0.0,-1.0,-23.498353369839606
0.006220347211026927,0.012478723904552248,-0.205,287.7492223301046,0.0,0.0,-0.599680459516347,1.3923339657002036,0.0,0.0,-1.0,-26.009751040648254
-0.005799680586420555,0.0095051618981687,-0.205,287.75467614870263,0.0,0.0,-0.5670677661281937,0.6909549093012851,0.0,0.0,-1.0,-27.273604143791395
-0.003070034430299661,0.009859893708500884,-0.205,287.859005443897,0.0,0.0,-0.54776759475398,2.0538835838185183,0.0,0.0,-1.0,-29.50513994151131
-0.0068474600414897835,0.016274482761474654,-0.205,287.53652499243714,0.0,0.0,-0.5606237564412346,-0.9544592709618029,0.0,0.0,-1.0,-22.981491869579095
0.012726530401467708,-0.0007236911542574206,-0.205,287.807231867089,0.0,0.0,-0.5923348072115793,1.0524851076560338,0.0,0.0,-1.0,-27.324688116659438
-0.0018088771278144955,0.01672258873423878,-0.205,287.66208537956015,0.0,0.0,-0.577583400501471,-0.09638023523933345,0.0,0.0,-1.0,-25.198137976643068
0.01577280301798553,-0.006802114320937297,-0.205,287.5377154944846,0.0,0.0,-0.5709257145424684,-1.4464292318953533,0.0,0.0,-1.0,-23.903235679815356
-0.008194956703118537,-0.013519025390721168,-0.205,287.73347770951335,0.0,0.0,-0.5917530293070825,-0.09820813194298388,0.0,0.0,-1.0,-24.524404062511984
0.012466920622915252,-0.0009888574066742066,-0.205,287.712219752344,0.0,0.0,-0.5896792314180085,0.307271913950715,0.0,0.0,-1.0,-27.177578110390048
-0.005454274835492622,0.01157407491442401,-0.205,287.6448340941544,0.0,0.0,-0.5928142933170283,0.25060495518639136,0.0,0.0,-1.0,-27.72778055423243
0.013013080964950258,-0.007232476793757146,-0.205,287.53471923999865,0.0,0.0,-0.59861918237413,-0.6947489657150282,0.0,0.0,-1.0,-25.93386648758299
0.007761906315824357,0.003967341197705618,-0.205,288.0426563686392,0.0,0.0,-0.49611079271078423,0.0077570891238668525,0.0,0.0,-1.0,-29.284548355408994
-0.012764413020607792,-0.01021736766817814,-0.205,287.6878923255477,0.0,0.0,-0.5850333232938347,0.0963267398349406,0.0,0.0,-1.0,-25.03971019707517
-0.013422354724201554,0.000983864400853747,-0.205,287.69184187028014,0.0,0.0,-0.597873296943341,-0.41298139411292295,0.0,0.0,-1.0,-26.04335418402887
-0.006563836508460362,0.01743287589494332,-0.205,287.5010365237246,0.0,0.0,-0.5349663694272629,0.6489209138289547,0.0,0.0,-1.0,-23.077577722233748
-0.013159997378589229,0.012926653851314807,-0.205,287.44555954343684,0.0,0.0,-0.5402289617119472,-0.35885208325579876,0.0,0.0,-1.0,-22.192426332576318
-0.006854771361331635,0.013610988782621942,-0.205,287.53878365432587,0.0,0.0,-0.5966763163939413,1.796589554401385,0.0,0.0,-1.0,-26.398433029906364
-0.008695697310499843,-0.009502249544718148,-0.205,287.7586474366276,0.0,0.0,-0.5936354745354501,-1.8333781392760078,0.0,0.0,-1.0,-26.50755304080781
0.008804219908780785,-0.010315540276613884,-0.205,287.6779395737192,0.0,0.0,-0.598393124389909,-0.6856018568196988,0.0,0.0,-1.0,-25.90541244871022
-0.010338186264060786,-0.004565080442478478,-0.205,287.9120485697854,0.0,0.0,-0.5704922808543472,-2.030294413814451,0.0,0.0,-1.0,-25.18193136244564
0.008696578330430286,-0.015896557529553077,-0.205,287.50744197534755,0.0,0.0,-0.5491772525400399,0.8059840087479901,0.0,0.0,-1.0,-23.065541819665324
0.013362274171892589,-0.01390707642160247,-0.205,287.35359465607354,0.0,0.0,-0.5139280833807925,-0.5594544108016046,0.0,0.0,-1.0,-21.652287994942256
-2.270034069330711e-06,0.014371103527640825,-0.205,287.6590209832907,0.0,0.0,-0.5999502294956925,1.1516652233751286,0.0,0.0,-1.0,-26.32245195256938
-0.004696977103902631,0.010223021123968614,-0.205,287.73774604483503,0.0,0.0,-0.5694662194341442,-0.986056767820793,0.0,0.0,-1.0,-28.819471808883534
0.008681502508675663,-0.006123876768980599,-0.205,287.80955491068244,0.0,0.0,-0.5553828569026218,-0.7199640931587589,0.0,0.0,-1.0,-25.96415835818309
-0.007021232617774947,-0.018262687164459893,-0.205,287.5688223591954,0.0,0.0,-0.5041026453889317,-0.6641334717615535,0.0,0.0,-1.0,-22.978383931069526
-0.006643261115262286,-0.01772553018263851,-0.205,287.57853129981646,0.0,0.0,-0.525687344792708,0.25137801317194286,0.0,0.0,-1.0,-21.656233026711387
0.00252683616373639,0.010659268073624129,-0.205,287.8738331591828,0.0,0.0,-0.5631486193100234,1.684572384107432,0.0,0.0,-1.0,-26.94696766175545
0.004788868849713292,0.014132521967781343,-0.205,287.73377260359837,0.0,0.0,-0.5984682261691396,-1.7448843254116844,0.0,0.0,-1.0,-25.21326105955691
0.011418379231512031,-0.016219266124678024,-0.205,287.3089057850836,0.0,0.0,-0.49413090585717545,-1.8197879101304293,0.0,0.0,-1.0,-21.37814146908681
0.01029397798323172,0.012301908745659484,-0.205,287.75736868948565,0.0,0.0,-0.5891185699009317,-1.3956541346859281,0.0,0.0,-1.0,-23.287303551397827
-0.014511631002940022,-0.008495532437271474,-0.205,287.65845887701636,0.0,0.0,-0.5776639747546037,0.4712819584446151,0.0,0.0,-1.0,-23.204488773754235
0.0028459262604862475,-0.013875569590932264,-0.205,287.6019192167803,0.0,0.0,-0.5999751443317795,-1.8595559610451005,0.0,0.0,-1.0,-24.514876111351786
-0.00849959225557396,0.015428690679994523,-0.205,287.47481727657447,0.0,0.0,-0.5615742399851528,0.33504944764114203,0.0,0.0,-1.0,-22.573135061349532
0.011127309246746181,-0.002297040368928089,-0.205,287.85753354755616,0.0,0.0,-0.5716943435861109,0.381438865979366,0.0,0.0,-1.0,-27.99728829667369
-0.010145198641490981,0.013845410107184316,-0.205,287.5369562828231,0.0,0.0,-0.5711737231501101,-0.17754823685143645,0.0,0.0,-1.0,-25.39829073983698
-0.006590552783878728,-0.017190632730670133,-0.205,287.4982330554434,0.0,0.0,-0.5412529079409247,-1.783739321020936,0.0,0.0,-1.0,-22.11871451312717
0.017121987539238222,0.00735156967494854,-0.205,287.554938837907,0.0,0.0,-0.5347916856715782,0.47463730205560495,0.0,0.0,-1.0,-24.02881943131118
-0.012329984802988315,0.008811615101256828,-0.205,287.6121499762409,0.0,0.0,-0.5972207693547581,-1.6174563487264653,0.0,0.0,-1.0,-24.720860453305196
0.002210294740763226,0.01304823573100869,-0.205,287.7740213142535,0.0,0.0,-0.5964977723940708,0.9705649299400486,0.0,0.0,-1.0,-27.059881682554074
0.01633341784511276,0.00858113994437704,-0.205,287.5946870927369,0.0,0.0,-0.5401265595511358,0.10786698381521471,0.0,0.0,-1.0,-23.410953992825174
-0.014463711544676973,-0.011837820600866005,-0.205,287.589568810533,0.0,0.0,-0.5330868804759165,-1.8469274773260342,0.0,0.0,-1.0,-23.45030334764452
0.0027586619388652186,0.014606601748529104,-0.205,287.74355350041327,0.0,0.0,-0.5987171951680835,0.20278524967050257,0.0,0.0,-1.0,-24.50261042517523
0.01084197806353314,-0.010310901063857592,-0.205,287.597356917123,0.0,0.0,-0.5982793700462906,0.9835055745602685,0.0,0.0,-1.0,-24.03891921920451
-7.41842734838783e-05,0.012929031172208325,-0.205,287.74944561090905,0.0,0.0,-0.5940802638038944,0.8334344909447192,0.0,0.0,-1.0,-26.943454912422855
-0.01337385800972803,-0.0008035473244460645,-0.205,287.75066845019603,0.0,0.0,-0.5975364543406159,-1.3045548718997475,0.0,0.0,-1.0,-25.730519261299797
0.0037061744595339504,0.01648534729426916,-0.205,287.650864319805,0.0,0.0,-0.5762258607472389,-0.6877004216648106,0.0,0.0,-1.0,-23.41065154869321
0.0004842862178775229,-0.018049159418990955,-0.205,287.5125149389731,0.0,0.0,-0.5508508434298729,0.6720639881323277,0.0,0.0,-1.0,-21.368399254569805
-0.01340994771945679,0.009773583784130263,-0.205,287.544843717055,0.0,0.0,-0.5813599385619869,2.1481201351412023,0.0,0.0,-1.0,-24.95481847287668
0.01682973260555675,-0.007072759847353975,-0.205,287.4484492699827,0.0,0.0,-0.5455530052722326,2.071137229863342,0.0,0.0,-1.0,-22.885011553980007
-0.008761921036627743,0.00641977301571604,-0.205,287.7950585923232,0.0,0.0,-0.5610485268955214,-0.5744278014510573,0.0,0.0,-1.0,-27.73562146965962
-0.0033495981911196536,0.010432324180789336,-0.205,287.8908727731835,0.0,0.0,-0.5631979032108472,1.4806213525646177,0.0,0.0,-1.0,-28.262225610517074
0.01161229906345673,0.01282949092675069,-0.205,287.6378516753333,0.0,0.0,-0.5683406985259767,-1.0183872032027508,0.0,0.0,-1.0,-23.038429541248217
0.016573006333209236,0.003406048648894728,-0.205,287.6134200690779,0.0,0.0,-0.5758186396335642,-0.12933508448813286,0.0,0.0,-1.0,-24.307169977646872
0.01186649501583873,-0.009668448951002983,-0.205,287.6201762072458,0.0,0.0,-0.5962112614214342,-0.8868856825797402,0.0,0.0,-1.0,-25.89901674224068
0.0031654511153077947,0.00925528930098453,-0.205,288.04079768517533,0.0,0.0,-0.5322430763023461,0.19405402038471706,0.0,0.0,-1.0,-29.738559116280697
-0.013960220377119399,-0.012434175695674446,-0.205,287.4776160420848,0.0,0.0,-0.5329549865255596,-0.6896235023633376,0.0,0.0,-1.0,-23.151043035011327
0.0009228940933428701,0.01692940299620638,-0.205,287.6828397261178,0.0,0.0,-0.5751775916147599,-1.7601394767742922,0.0,0.0,-1.0,-24.221431913725027
0.01838984781521856,0.0024844133276966805,-0.205,287.6942773219298,0.0,0.0,-0.5370510868309869,1.8305383393570567,0.0,0.0,-1.0,-22.958203233854825
0.003625413610100359,-0.008393306779646732,-0.205,287.85349412185195,0.0,0.0,-0.511484588576478,-0.022670086124873062,0.0,0.0,-1.0,-30.546147331035144
-0.011811237947699312,-0.0005295380244597874,-0.205,287.7778303074593,0.0,0.0,-0.5800124279897382,0.8924517685367784,0.0,0.0,-1.0,-26.770032638120483
0.00744956088380664,0.016460487469688943,-0.205,287.50268195250055,0.0,0.0,-0.5505379361344673,1.572397624994846,0.0,0.0,-1.0,-23.64434114533972
-0.01048455517807339,-0.00968926984883787,-0.205,287.8402553466787,0.0,0.0,-0.5999976831971544,1.6955080355880583,0.0,0.0,-1.0,-25.77976548760057
0.00419615502964217,-0.01731061653011287,-0.205,287.48666676693097,0.0,0.0,-0.556944358971763,-1.368357192252665,0.0,0.0,-1.0,-23.72829207121847
-0.011378714317050039,-0.0023044985261772627,-0.205,287.83638069351474,0.0,0.0,-0.5763433342410479,-1.6234659000101248,0.0,0.0,-1.0,-27.658176738281636
0.013779043355408862,0.014304003171833852,-0.205,287.4802592271386,0.0,0.0,-0.4931521352891768,0.06267148319965454,0.0,0.0,-1.0,-21.349347125220206
-0.008930582253879566,-0.011205028672171397,-0.205,287.7639150630145,0.0,0.0,-0.5999790497380452,-1.939856976374537,0.0,0.0,-1.0,-26.06142100346551
-0.004379496291145459,0.011245815117457408,-0.205,287.76824044216244,0.0,0.0,-0.583849970370649,-1.6875634220590432,0.0,0.0,-1.0,-28.364539732527646
-0.0008362367982465742,-0.015479852751990274,-0.205,287.5961557048838,0.0,0.0,-0.5946769621123923,1.1187225211405116,0.0,0.0,-1.0,-24.38296759840674
0.012364343734737717,0.00602789638409299,-0.205,287.88408015986954,0.0,0.0,-0.5991700163653124,-0.15852412710337557,0.0,0.0,-1.0,-25.70284955420334
-0.011477338042033762,0.012189067251812695,-0.205,287.43303083443607,0.0,0.0,-0.5789216117599905,1.749147249548514,0.0,0.0,-1.0,-24.63894397456991
0.009392088833684066,-0.0014189253291789384,-0.205,287.9090035233491,0.0,0.0,-0.5233895454749857,-0.7184034894133007,0.0,0.0,-1.0,-30.28983064773993
0.017956310899535723,0.003096494546444405,-0.205,287.52321798164235,0.0,0.0,-0.5464780168256778,1.2296538772514845,0.0,0.0,-1.0,-22.414869644877655
0.002130142867781041,0.01776379601695609,-0.205,287.5786551056043,0.0,0.0,-0.5550103753634538,-0.11133573815139057,0.0,0.0,-1.0,-23.09539231746362
0.007988701064529572,-0.016717911824406066,-0.205,287.4207681425908,0.0,0.0,-0.5378766983695088,-1.2404357946676876,0.0,0.0,-1.0,-23.38975249971954
0.0006961620863944947,-0.01345825239282852,-0.205,287.70926947155425,0.0,0.0,-0.5979682826984304,-1.1555545193363939,0.0,0.0,-1.0,-29.513283483653282
0.01803954878016871,-0.0009331151945775837,-0.205,287.5884058737319,0.0,0.0,-0.550643717119463,1.2635533694924626,0.0,0.0,-1.0,-22.202647737856292
0.008539709141053673,0.0062116586321222115,-0.205,287.9370391513988,0.0,0.0,-0.5537900879544995,1.8223600298544127,0.0,0.0,-1.0,-28.59650523494698
0.005837959504643993,-0.010225025604634575,-0.205,287.8017622639356,0.0,0.0,-0.579199614323664,0.40132363379764135,0.0,0.0,-1.0,-27.341173143748353
-0.015320526505456612,-0.0020843270578222097,-0.205,287.6585031657232,0.0,0.0,-0.5950178223030324,0.6272513961583704,0.0,0.0,-1.0,-23.7382279595085
0.0008496748881929906,-0.013362813717496489,-0.205,287.7076344351616,0.0,0.0,-0.5974889447015813,1.816434851009545,0.0,0.0,-1.0,-26.134997988493442
-0.009836478026228068,0.011366391499741035,-0.205,287.53904194931107,0.0,0.0,-0.597926490621728,-0.6120175764975456,0.0,0.0,-1.0,-25.188112355220213
0.001758119259470687,-0.01742264917946066,-0.205,287.5289897706404,0.0,0.0,-0.5639094503409859,-0.9143248896773774,0.0,0.0,-1.0,-22.918565498077285
-0.014667651894385878,-0.006653553564089446,-0.205,287.62653480004406,0.0,0.0,-0.5883074756491038,0.6454848879759374,0.0,0.0,-1.0,-26.50707883371474
-0.0182345448731077,-0.0021215078466695503,-0.205,287.52666493569063,0.0,0.0,-0.5427439189002287,0.9089615386284788,0.0,0.0,-1.0,-24.893179086151243
-0.011920626937547649,0.00916497969040833,-0.205,287.50597844156266,0.0,0.0,-0.5979004646912011,0.2301156280247001,0.0,0.0,-1.0,-24.351346118404397
-0.013840604720956808,0.011252523299855632,-0.205,287.4046747189477,0.0,0.0,-0.5563206297816582,-1.7103465419120603,0.0,0.0,-1.0,-23.806902370973017
-0.007554673164266335,-0.006880830646331414,-0.205,288.00677368056216,0.0,0.0,-0.5448458607447214,0.46805335321304936,0.0,0.0,-1.0,-28.377952444383727
-0.017184398881338565,0.008245914141142134,-0.205,287.439976785471,0.0,0.0,-0.5214730587444032,1.325774025483383,0.0,0.0,-1.0,-23.094269257391407
0.008919078723581804,0.005321267822613702,-0.205,287.95469889416273,0.0,0.0,-0.5493283113638281,0.5021643461727848,0.0,0.0,-1.0,-26.611950908484534
0.01334420137784154,0.010317042735008997,-0.205,287.68525500238417,0.0,0.0,-0.5767514235888385,-0.8914651525137184,0.0,0.0,-1.0,-23.527203768417753
0.014052841415160897,0.0019804410223815045,-0.205,287.62845233207383,0.0,0.0,-0.5999884677047836,0.6426088845939126,0.0,0.0,-1.0,-24.357946003523153
-0.002497615468658074,0.01268102376714539,-0.205,287.75339356390623,0.0,0.0,-0.5940389653146982,1.4167656578449115,0.0,0.0,-1.0,-26.847038531685044
0.016000207591817202,-0.005546371830265613,-0.205,287.5413886536483,0.0,0.0,-0.5755486034998326,0.0026379195949167134,0.0,0.0,-1.0,-23.630505814288355
0.008963548022936679,-0.01356028756803723,-0.205,287.56484120121667,0.0,0.0,-0.5863570966222448,-0.8911329817393034,0.0,0.0,-1.0,-24.39946315916386
-0.01839165667739381,0.00011236545645748486,-0.205,287.4982901052628,0.0,0.0,-0.5417793108972851,-2.191838824125718,0.0,0.0,-1.0,-22.524452868733224
0.013941600566003695,0.012471420307283885,-0.205,287.50177737070067,0.0,0.0,-0.5326254269990207,-1.002924088547878,0.0,0.0,-1.0,-23.01424628701799
0.019376886934981123,-0.0011327708316869849,-0.205,287.54838808967395,0.0,0.0,-0.5096451558240648,-0.37828612842657033,0.0,0.0,-1.0,-22.8623111801337
-0.012178338072713232,-0.006946866130788183,-0.205,287.7771007482278,0.0,0.0,-0.5998210622524562,-0.9440109821454071,0.0,0.0,-1.0,-25.83729802024595
0.01768369259762857,0.00721760407470823,-0.205,287.50759014214606,0.0,0.0,-0.5201774482837566,1.271523147495088,0.0,0.0,-1.0,-22.881673612880192
-0.007528217259190938,-0.00862595108488593,-0.205,287.893083922348,0.0,0.0,-0.5733766159120571,3.952176218465395,0.0,0.0,-1.0,-28.021850886899106
-0.015813744217548234,0.0018687782830114268,-0.205,287.60218883612026,0.0,0.0,-0.5904927472547051,-0.7952383583322794,0.0,0.0,-1.0,-24.623219136011457
0.013040994498477076,0.011563326465308221,-0.205,287.5934971100079,0.0,0.0,-0.565699452825013,-0.44987319594663455,0.0,0.0,-1.0,-23.87289232989347
-0.009873041115274782,0.009875532875392437,-0.205,287.6492384297428,0.0,0.0,-0.5997230996531825,0.8072188627003376,0.0,0.0,-1.0,-25.93315343477478
0.00822992337040939,-0.0123421436671409,-0.205,287.5476068436108,0.0,0.0,-0.598840918612003,-2.002385054435425,0.0,0.0,-1.0,-25.765295750123542
-0.008257939121489755,0.009433818975914669,-0.205,287.7014383477081,0.0,0.0,-0.590048555852521,-0.5245755293616952,0.0,0.0,-1.0,-27.960064252181535
-0.008916880664627569,-0.0017395464005037352,-0.205,287.8752649318187,0.0,0.0,-0.509468041637206,1.3929694331323228,0.0,0.0,-1.0,-29.59833070983293
-0.00807398073274965,-0.014186328670813084,-0.205,287.7229987453595,0.0,0.0,-0.5854163750183893,0.01185192084344667,0.0,0.0,-1.0,-25.94770250863572
0.01007053072465068,-0.0007326232446409035,-0.205,287.8868680239129,0.0,0.0,-0.541473733647281,0.306096229365821,0.0,0.0,-1.0,-30.201344627328684
-0.01490448291333406,-0.003078861849995697,-0.205,287.65075975783566,0.0,0.0,-0.5968124783848585,0.03717925539073273,0.0,0.0,-1.0,-23.949903755043593
-0.014378891114090991,-0.007205453007953994,-0.205,287.6816112508199,0.0,0.0,-0.5885948106071295,0.5659235404497057,0.0,0.0,-1.0,-25.75241192354164
-0.004312757955589788,0.014904626377040806,-0.205,287.5686384458017,0.0,0.0,-0.5945605120261023,-1.9314938396330394,0.0,0.0,-1.0,-25.1349843092556
-0.007834092574393232,-0.005420549013018068,-0.205,287.9161314225807,0.0,0.0,-0.5242864077773581,-0.6886739083347188,0.0,0.0,-1.0,-28.450854687824865
-0.001634110728976918,-0.016316698882336556,-0.205,287.57858863113904,0.0,0.0,-0.5843376792015235,2.0780965759099814,0.0,0.0,-1.0,-24.531531650193934
0.009279268522192834,0.0006290835376678023,-0.205,287.9623992152738,0.0,0.0,-0.5168680741687954,-0.2407005142821375,0.0,0.0,-1.0,-29.88715421712834
0.005672792640353328,0.01790632457810281,-0.205,287.6323374132961,0.0,0.0,-0.5302555034414042,0.22893990751412766,0.0,0.0,-1.0,-22.622319551079112
0.0011803338580901402,-0.013643052576808801,-0.205,287.7671148002287,0.0,0.0,-0.5989509845078052,-0.635005065720092,0.0,0.0,-1.0,-26.564331085100918
-0.014710517981454164,0.0009172645246857844,-0.205,287.58862238117405,0.0,0.0,-0.5991882335708402,0.3285563695425543,0.0,0.0,-1.0,-25.297797016505985
-0.01638639806206895,-0.005103678339096919,-0.205,287.61527963619744,0.0,0.0,-0.5712076328428003,0.5169945781832112,0.0,0.0,-1.0,-25.323137292357913
-0.007306181748886602,0.012909187166399766,-0.205,287.52456169220335,0.0,0.0,-0.598845292338685,0.9154109872796528,0.0,0.0,-1.0,-25.620394630059046
0.012722164684203193,-0.009043383813165306,-0.205,287.5107967220994,0.0,0.0,-0.5937338386841793,1.774219948418667,0.0,0.0,-1.0,-24.75134862929342
-0.0090105038623809,-0.007893619430750268,-0.205,287.8210718882614,0.0,0.0,-0.5824991137992995,-0.4105353633285647,0.0,0.0,-1.0,-28.05710887883785
-0.014122007744089405,-0.0041685605839980235,-0.205,287.73876480012876,0.0,0.0,-0.5992362533685162,0.9829694357754741,0.0,0.0,-1.0,-25.46748753158363
0.005297400148683957,0.014592979425343168,-0.205,287.6849801931531,0.0,0.0,-0.5944855883487131,0.02394467313312731,0.0,0.0,-1.0,-24.777693271941736
0.0006319439072351505,0.013112214156073873,-0.205,287.80967499448457,0.0,0.0,-0.595723571274553,-1.9256173703215376,0.0,0.0,-1.0,-28.76625896355365
0.013488211501949511,-0.012315686735589275,-0.205,287.39361575968843,0.0,0.0,-0.5452965110201672,0.4287409610691278,0.0,0.0,-1.0,-20.335922369748637
-0.00921981952558521,0.000802520553819546,-0.205,287.8841363575429,0.0,0.0,-0.5153194426650791,1.9284794633870925,0.0,0.0,-1.0,-30.821003332355893
0.01176783446031155,0.00042842062060217105,-0.205,287.7950842731023,0.0,0.0,-0.5792228345417025,-0.6861878935671648,0.0,0.0,-1.0,-28.895377885891136
0.015523378864604026,0.0019872948107451625,-0.205,287.6056573496664,0.0,0.0,-0.5933479500982269,1.2666563551294738,0.0,0.0,-1.0,-24.279802942946233
-0.016657505734651645,0.009038859328136764,-0.205,287.41468882260205,0.0,0.0,-0.5249762300800386,-0.5226217583548519,0.0,0.0,-1.0,-23.090022222620497
-0.008076221559099813,-0.010082490527189597,-0.205,287.8288290839082,0.0,0.0,-0.5939815769063372,-2.2505970887328375,0.0,0.0,-1.0,-27.35935510684478
0.005875763938226205,0.01209951322368523,-0.205,287.86083299882233,0.0,0.0,-0.5978322133504375,0.2591620512921127,0.0,0.0,-1.0,-25.025234806140528
-0.0023311295603157213,-0.011432818970867379,-0.205,287.76522061806014,0.0,0.0,-0.5773769561220892,0.7659287984412358,0.0,0.0,-1.0,-29.442427207465112
0.0031238300984406395,-0.01094778647694303,-0.205,287.7404506108225,0.0,0.0,-0.5721397678667406,0.7969926734683321,0.0,0.0,-1.0,-29.88641826903357
0.015197689579948976,-0.009405422854244137,-0.205,287.56466265940605,0.0,0.0,-0.5554640428038269,0.0032084567135822676,0.0,0.0,-1.0,-23.34475490792338
-0.013207441548807024,-0.005078046240508473,-0.205,287.73144352542613,0.0,0.0,-0.5999660778423999,0.41189357867532456,0.0,0.0,-1.0,-26.601606443491416
-0.007139743849925308,0.007837566746286015,-0.205,287.69739695054426,0.0,0.0,-0.5548398161064954,-0.27126092267279134,0.0,0.0,-1.0,-29.025019975318667
0.017677494671326774,-0.0021129799880893947,-0.205,287.5662482183296,0.0,0.0,-0.5571522656569164,-1.7064032152297264,0.0,0.0,-1.0,-23.193309234263374
0.004456350969692023,-0.008898425025164065,-0.205,287.80650515040503,0.0,0.0,-0.5373093307875381,0.3370221980953125,0.0,0.0,-1.0,-29.511678942511608
-0.010458280287183729,-0.0053760496211801385,-0.205,287.8193514968941,0.0,0.0,-0.5789450897611547,-1.0522208612820627,0.0,0.0,-1.0,-27.998954564286993
-0.019318926563679163,-0.0001516533085793121,-0.205,287.4564009036105,0.0,0.0,-0.5127850058103959,0.4565429416925799,0.0,0.0,-1.0,-21.44517925173582
0.012881769057513143,0.013930227527631955,-0.205,287.50013030431984,0.0,0.0,-0.524286565972076,-1.0010232082909594,0.0,0.0,-1.0,-21.650000071916175
-0.015604825952412067,0.009229343952386226,-0.205,287.4373079066263,0.0,0.0,-0.5489158048112962,3.0071346415225477,0.0,0.0,-1.0,-22.58277689012537
-0.012364126427584684,-0.00946164508679546,-0.205,287.6864556873734,0.0,0.0,-0.5940958250698865,2.2750182054728416,0.0,0.0,-1.0,-26.46818754097407
-0.0032958630539857044,-0.010753776469870864,-0.205,287.859404952904,0.0,0.0,-0.5694070700120443,-1.3778620427335537,0.0,0.0,-1.0,-29.057911050814624
0.012600954974212354,0.011516455310250716,-0.205,287.6504220618697,0.0,0.0,-0.5729973033485882,-0.15947907365183137,0.0,0.0,-1.0,-25.07764576023853
0.010509930230066291,-0.001729243372958256,-0.205,287.83635637490045,0.0,0.0,-0.5560495923056389,0.834121660110827,0.0,0.0,-1.0,-28.095814407527577
-0.009124499522862825,-0.0001611562963139178,-0.205,288.00598829800145,0.0,0.0,-0.5108977781477362,-1.2436695808245561,0.0,0.0,-1.0,-28.890263503466205
0.013407903148148295,0.011172374395387357,-0.205,287.5685629861524,0.0,0.0,-0.5651929679827189,0.8713000468503217,0.0,0.0,-1.0,-24.603923065326757
0.007734484203470496,0.014187218949344863,-0.205,287.6417374880455,0.0,0.0,-0.5876384207147578,-0.10686258718834604,0.0,0.0,-1.0,-25.518678540640824
-0.013789166452267645,0.012231010226554973,-0.205,287.4379273509232,0.0,0.0,-0.5406493089418433,-0.20505833450735475,0.0,0.0,-1.0,-23.715987587995553
0.01228655615131134,-0.014453108573777075,-0.205,287.35514399105983,0.0,0.0,-0.5244043037823574,1.719470388392489,0.0,0.0,-1.0,-22.038839937518112
-0.01327825690038481,-0.008637663498505716,-0.205,287.68829636046615,0.0,0.0,-0.5914153472011408,-0.26032805881084187,0.0,0.0,-1.0,-25.07011760455643
0.010294079233421558,-0.00941334786455455,-0.205,287.700427734215,0.0,0.0,-0.5996928745195772,1.4919260881995953,0.0,0.0,-1.0,-25.029040897865908
0.006090385089665549,-0.014400873436832254,-0.205,287.554583847532,0.0,0.0,-0.5934829303617266,-1.2334730568765606,0.0,0.0,-1.0,-25.3219718957242
0.01885141126666722,-0.005549124978250567,-0.205,287.46247602270836,0.0,0.0,-0.5010005203720642,-0.8219037317981688,0.0,0.0,-1.0,-22.265653513113584
0.009387089501908629,0.012698400675837834,-0.205,287.707211811178,0.0,0.0,-0.591937654928639,1.5534050456051465,0.0,0.0,-1.0,-25.38904384203655
0.011742154107626038,-0.013096981936699175,-0.205,287.3646136541106,0.0,0.0,-0.5621420029297145,-1.8808349783943283,0.0,0.0,-1.0,-22.615512883381356
0.01012176005255342,0.013914374334732981,-0.205,287.7023520106793,0.0,0.0,-0.5703393632342996,-0.6084137237667687,0.0,0.0,-1.0,-22.592959576040325
0.0017518594765817605,0.010333827666140145,-0.205,287.9357375595324,0.0,0.0,-0.5517999619056724,0.8882624733932368,0.0,0.0,-1.0,-27.748471301397444
-0.0007867623207965567,0.016716632441228417,-0.205,287.57189248636286,0.0,0.0,-0.579041621525714,0.040913601121861536,0.0,0.0,-1.0,-24.834758374731987
-0.008792970779180346,-0.010621426205518585,-0.205,287.755263989481,0.0,0.0,-0.5992781713696954,1.9778548973372103,0.0,0.0,-1.0,-27.619638410305647
0.00968293684778164,-0.00859348012616574,-0.205,287.65724357964393,0.0,0.0,-0.594232334427765,-0.49960657911614054,0.0,0.0,-1.0,-24.985785364185183
0.01729764725741049,-0.001978998958897793,-0.205,287.543836690766,0.0,0.0,-0.5661027063359252,-0.2712135876610677,0.0,0.0,-1.0,-22.736271300907728
-0.016559893626371395,0.007818834981464698,-0.205,287.6158873135775,0.0,0.0,-0.5439802944590557,-2.260855461358017,0.0,0.0,-1.0,-21.17026893030219
0.008173416274314211,0.003688992975847887,-0.205,288.03771130683737,0.0,0.0,-0.5052977045325322,1.2043058615964022,0.0,0.0,-1.0,-29.557422807711987
0.018377021696235164,0.0015583179887782806,-0.205,287.47397762258186,0.0,0.0,-0.5403374985193171,-2.36369919292082,0.0,0.0,-1.0,-21.599210042617617
0.0020893111253875605,-0.013158076596523181,-0.205,287.8050418666862,0.0,0.0,-0.5970833019374395,-0.2668599348337789,0.0,0.0,-1.0,-25.98463865624095
0.009446438860638626,0.007072727838918067,-0.205,287.80523463035047,0.0,0.0,-0.5796432431022172,0.3212377144013523,0.0,0.0,-1.0,-27.1268354253461
0.004915084434066316,-0.016573396731714294,-0.205,287.42735492096415,0.0,0.0,-0.568702708409161,-0.33349644713749715,0.0,0.0,-1.0,-23.934213967228036
0.011800998258284191,0.0034349490103326736,-0.205,287.7756661936092,0.0,0.0,-0.5869731713883871,-0.7574663216113976,0.0,0.0,-1.0,-27.95889440766923
-0.013034504682554338,0.00035747330397322856,-0.205,287.73385212524596,0.0,0.0,-0.5950265877582233,1.4724160594754723,0.0,0.0,-1.0,-25.304755981503828
0.004422003717353086,0.01409687337248334,-0.205,287.77579697534406,0.0,0.0,-0.5990676189329003,0.4595438649725214,0.0,0.0,-1.0,-26.735792415180505
0.00507631536272396,-0.016828712810411036,-0.205,287.51621033265997,0.0,0.0,-0.5624216082737898,0.6340933990134724,0.0,0.0,-1.0,-24.12357307079372
-0.007945862438289417,-0.003930259379262801,-0.205,288.00462300106534,0.0,0.0,-0.5015830201998485,0.27706648745064755,0.0,0.0,-1.0,-29.3924342649709
-0.001240403943002821,0.00885159278300078,-0.205,287.97440118195027,0.0,0.0,-0.5042453194381163,0.28512580225800505,0.0,0.0,-1.0,-31.391156668765404
0.017470609940696987,0.005372146944517311,-0.205,287.5618188743262,0.0,0.0,-0.5449423401190723,1.1367111132095666,0.0,0.0,-1.0,-22.80740707431934
-0.01394823554938591,0.007474886312140298,-0.205,287.5496135761573,0.0,0.0,-0.5915829751716195,-0.12425508407698027,0.0,0.0,-1.0,-23.82716254492873
-0.015957806242853693,-0.006674814128971415,-0.205,287.58898705700557,0.0,0.0,-0.5684822920772575,-1.3580810024147674,0.0,0.0,-1.0,-23.804938557746596
-0.004050743335468895,0.008495442354499819,-0.205,287.7942671490264,0.0,0.0,-0.5205610406445109,0.9716721172070775,0.0,0.0,-1.0,-30.126274342924884
0.012564482143321749,-0.004059706653073612,-0.205,287.66738313338726,0.0,0.0,-0.5962875252750727,-1.8201250649289715,0.0,0.0,-1.0,-26.93260887992965
0.006266583496951307,-0.017756309497357778,-0.205,287.3711220612336,0.0,0.0,-0.528825215849169,-1.6074941592765,0.0,0.0,-1.0,-20.77817395051852
-0.004151457250148936,0.007485846198321407,-0.205,287.7817966966266,0.0,0.0,-0.49012684578619936,-0.22786736400545715,0.0,0.0,-1.0,-29.110200562468496
0.015526434046258825,0.0052511352383255066,-0.205,287.64547756351226,0.0,0.0,-0.5844532659120314,0.08683500572729379,0.0,0.0,-1.0,-24.60773998922168
-0.010984581093241857,0.005551041193389938,-0.205,287.72631815918487,0.0,0.0,-0.587195291214366,-0.13019606199995776,0.0,0.0,-1.0,-27.898563811628225
0.01009416907552266,0.004539106005641294,-0.205,287.9352539259473,0.0,0.0,-0.5656348824222779,0.634549792920362,0.0,0.0,-1.0,-27.800918461647292
-0.011609101692987027,-0.00986311044902615,-0.205,287.75527201048817,0.0,0.0,-0.5967190975291364,0.5510476246498613,0.0,0.0,-1.0,-25.15039763379259
-0.013279369343355697,-0.0070620669077363545,-0.205,287.71280792138873,0.0,0.0,-0.5978797820252365,-1.6176854263509426,0.0,0.0,-1.0,-26.612569123251557
-0.015728563129825773,0.0026335495634075136,-0.205,287.615804091535,0.0,0.0,-0.5902212091198569,0.7593868174687207,0.0,0.0,-1.0,-23.937650470385165
-0.007278871925643677,0.01597856415294752,-0.205,287.5054864777366,0.0,0.0,-0.5628562026447504,-0.3020562462062883,0.0,0.0,-1.0,-23.029065447535924
0.0020147231180359733,-0.01359758753953241,-0.205,287.6482443602682,0.0,0.0,-0.5991381001672053,2.7591598166206746,0.0,0.0,-1.0,-24.726931303968122
-0.009377151074980846,-0.011960452410561722,-0.205,287.75097484604504,0.0,0.0,-0.5969492976569541,-0.30049114305972613,0.0,0.0,-1.0,-26.56245866669795
0.0033210313050489127,-0.01814865805390302,-0.205,287.52613492345296,0.0,0.0,-0.5401369604979058,-1.4319538566959038,0.0,0.0,-1.0,-22.389891263376146
-0.0038245935855054504,0.01647696088388834,-0.205,287.5728811399395,0.0,0.0,-0.5758977986287231,-1.1929588032006928,0.0,0.0,-1.0,-23.44281237416564
0.012801454501790278,0.012729009026983287,-0.205,287.5362036598304,0.0,0.0,-0.550923623395069,0.2679621414218617,0.0,0.0,-1.0,-23.615297899366322
-0.00474292221835372,0.008533671057475926,-0.205,287.85606268209204,0.0,0.0,-0.5316808115871134,0.30728417606043773,0.0,0.0,-1.0,-30.246186349467138
-0.006290019429361788,0.01700572193884746,-0.205,287.4755967134357,0.0,0.0,-0.5488667453781194,-0.3354368911561346,0.0,0.0,-1.0,-23.282420880512607
0.0026796163925675905,-0.014282997395685613,-0.205,287.6320344890017,0.0,0.0,-0.5997297781014242,-0.8150743035493415,0.0,0.0,-1.0,-26.1053398665219
-0.0050580131215627305,-0.0071233621536193475,-0.205,288.0122654018783,0.0,0.0,-0.49683847345272203,0.1446214130549732,0.0,0.0,-1.0,-28.489597452986732
0.0007828054598201627,-0.009203982379067359,-0.205,287.86947551388937,0.0,0.0,-0.5147261379662259,-1.144218941038162,0.0,0.0,-1.0,-29.445396121289424
-0.009644375452296674,-0.001536023265939667,-0.205,287.8739113609812,0.0,0.0,-0.5317657589222651,0.3162906229135631,0.0,0.0,-1.0,-29.166058291556872
-0.0180559395442204,0.001140973622889061,-0.205,287.46127827078845,0.0,0.0,-0.5499088125477029,-0.30991460824372496,0.0,0.0,-1.0,-23.202622198709495
0.016228988384062015,0.005922367609662223,-0.205,287.4432752340291,0.0,0.0,-0.5689295261197868,-0.0601562204083763,0.0,0.0,-1.0,-23.67589864174858
0.019153797080772087,0.003260131219599917,-0.205,287.4862723973557,0.0,0.0,-0.5089680825928576,-1.6000906686682181,0.0,0.0,-1.0,-22.961418444290896
-0.016683150983536957,-0.008911569203824295,-0.205,287.59616766575016,0.0,0.0,-0.5261764525968533,-0.43018978171640415,0.0,0.0,-1.0,-22.89842168168564
-0.01195380915176474,0.005510999139281508,-0.205,287.7132804750787,0.0,0.0,-0.5959902864383231,0.06401816683903516,0.0,0.0,-1.0,-26.749275573407484
-0.017358495694547373,-0.008502447945818536,-0.205,287.4907975544188,0.0,0.0,-0.5124596908467881,-0.2716225827824669,0.0,0.0,-1.0,-21.743353053682963
0.002364395483682719,-0.010608900510528693,-0.205,287.77717604638605,0.0,0.0,-0.5612117192384771,1.4452529348817091,0.0,0.0,-1.0,-27.391132096912294
-0.0060821468532368935,0.012674287208934555,-0.205,287.661179025623,0.0,0.0,-0.5998750245624647,-0.2692541235832551,0.0,0.0,-1.0,-26.48067663524701
-0.00506389371104208,-0.012632379263085825,-0.205,287.8296518038047,0.0,0.0,-0.5986080650175845,-0.2329987256542705,0.0,0.0,-1.0,-25.682162960075175
-0.01544142421540996,0.00820403403906686,-0.205,287.4644167847128,0.0,0.0,-0.564473861387612,-0.5154187603591586,0.0,0.0,-1.0,-24.708989403665925
-0.016386889656707794,-0.009602794446564616,-0.205,287.6245732677421,0.0,0.0,-0.5236497450806432,-0.07153674264808504,0.0,0.0,-1.0,-23.63918493133591
0.012638804338429089,0.006410598439076431,-0.205,287.74924304000274,0.0,0.0,-0.5999791581111068,1.550696404693066,0.0,0.0,-1.0,-26.338639012658046
0.005981946355299559,0.010401931089928497,-0.205,287.91190594773093,0.0,0.0,-0.5828097614729556,-0.05174365846996662,0.0,0.0,-1.0,-27.83603495024908
-0.012754980102189239,0.002415129714725221,-0.205,287.74535978020504,0.0,0.0,-0.5945404319626503,0.10095353853895576,0.0,0.0,-1.0,-26.2338805303264
-0.0027512880526906792,0.01430913915413262,-0.205,287.6392928494605,0.0,0.0,-0.5996497987319744,0.09734347857617331,0.0,0.0,-1.0,-26.020991253759007
-0.009506048700666752,0.008288444016249705,-0.205,287.74113615190987,0.0,0.0,-0.5908952131801979,-1.9663536895490672,0.0,0.0,-1.0,-28.10213818839211
0.007831067894895157,0.004549347038096401,-0.205,287.90285488907404,0.0,0.0,-0.5084709279656783,0.2421829576042497,0.0,0.0,-1.0,-31.971676194317048
-0.013828989920354789,0.011270519583786913,-0.205,287.45238667696174,0.0,0.0,-0.5562633124889016,0.8039295335021195,0.0,0.0,-1.0,-23.344005082194847
0.005021846138503655,0.010638776461399982,-0.205,287.79678288549457,0.0,0.0,-0.5790348045074348,0.5374476546405541,0.0,0.0,-1.0,-26.90331618599971
-0.0005538510179260573,0.009258581084143494,-0.205,287.90472410862367,0.0,0.0,-0.5160114116647958,-0.5093909598353299,0.0,0.0,-1.0,-27.674344443699475
-0.011489965798361977,-0.005664749743358292,-0.205,287.8851139761396,0.0,0.0,-0.5929678946188679,-0.35072130041878996,0.0,0.0,-1.0,-27.170247167340193
0.013853527646854432,0.005045294002370848,-0.205,287.7826447332423,0.0,0.0,-0.5991730186426523,-1.1392507646713692,0.0,0.0,-1.0,-24.42004782522555
0.004163205134363013,-0.017722681092364117,-0.205,287.4555347790375,0.0,0.0,-0.546914938802062,-1.2611548241959145,0.0,0.0,-1.0,-22.920922071509914
-0.004001906053253157,-0.01633064739591051,-0.205,287.5974210003015,0.0,0.0,-0.5776930691865473,-1.5134539644826337,0.0,0.0,-1.0,-24.614379670984796
-0.00307058042167681,0.01506998260682183,-0.205,287.6105474706959,0.0,0.0,-0.5956696287868226,-0.17274490662955322,0.0,0.0,-1.0,-25.514977666707562
0.0010508006399335093,0.01841680520113169,-0.205,287.52805036958887,0.0,0.0,-0.5402297453509157,0.8998937352334214,0.0,0.0,-1.0,-24.456658902434317
-0.0192552993461359,0.004707960335729193,-0.205,287.4314895707255,0.0,0.0,-0.4946202716107504,-2.373591424714091,0.0,0.0,-1.0,-23.02739462874971
-0.014062120061147857,0.004539571613304371,-0.205,287.5536464583041,0.0,0.0,-0.5990585709237539,-2.411622284320977,0.0,0.0,-1.0,-24.424136731940518
-0.019472242436827315,-0.003338103145167266,-0.205,287.44310468876375,0.0,0.0,-0.49710933317489914,1.0499091983702762,0.0,0.0,-1.0,-22.50704541387735
0.0007532216292095464,-0.015061617190919255,-0.205,287.59783373426757,0.0,0.0,-0.597659691261465,-0.7742521063400484,0.0,0.0,-1.0,-27.05439533897531
0.009131028282636098,0.009101743449066679,-0.205,287.9168191847351,0.0,0.0,-0.5937466084013795,0.012429500509040216,0.0,0.0,-1.0,-26.6398940968039
-0.01945560900175325,-0.0015210946386085041,-0.205,287.40884857044375,0.0,0.0,-0.5059301080912649,1.0870456316672288,0.0,0.0,-1.0,-22.01521445243781
0.01550133704039419,0.0012520661866590765,-0.205,287.6514356471767,0.0,0.0,-0.5942487882679242,-2.1031819530175846,0.0,0.0,-1.0,-25.689520435596346
0.007038535341089699,-0.005971798806492558,-0.205,287.71582177541774,0.0,0.0,-0.5144999141512699,0.8952369086028557,0.0,0.0,-1.0,-29.11498173098828
0.0049183345174328395,-0.0167726119043985,-0.205,287.5046412275709,0.0,0.0,-0.5646201958018694,1.7156162549037612,0.0,0.0,-1.0,-24.61641196331376
-0.007218842067272207,0.011183355863593876,-0.205,287.67581146703236,0.0,0.0,-0.5970069556881046,-1.9577408074731868,0.0,0.0,-1.0,-24.726573344606425
-0.010592431174706289,-0.015036900239752767,-0.205,287.5304016743393,0.0,0.0,-0.5417469750942784,-0.9227186690412572,0.0,0.0,-1.0,-20.667595330781133
0.0035323355800485467,-0.008285453434559989,-0.205,287.9449719060571,0.0,0.0,-0.5067140780580347,-2.2276135703163114,0.0,0.0,-1.0,-30.360330219048016
-0.012417749174561272,-0.004768942340335408,-0.205,287.73015018730695,0.0,0.0,-0.5969502071432999,-0.07715398565353034,0.0,0.0,-1.0,-26.743016457744694
-0.015947062669967177,0.010229266081897039,-0.205,287.47754004058737,0.0,0.0,-0.52516707397937,-0.8776760966483862,0.0,0.0,-1.0,-23.714165252513556
-0.013062230138678039,-0.005744585145844369,-0.205,287.7292301636748,0.0,0.0,-0.5999986933843585,1.1252196970190245,0.0,0.0,-1.0,-25.426871665163084
0.007149569911742466,-0.004913744964565656,-0.205,287.81379324406606,0.0,0.0,-0.4945378810395531,0.9762507684730473,0.0,0.0,-1.0,-29.36198944803005
0.01601784629560637,-0.006407517301009324,-0.205,287.47682852476794,0.0,0.0,-0.5694193678574094,0.8598690390016248,0.0,0.0,-1.0,-24.336292447436854
-0.01841037332976807,-0.005562527175712166,-0.205,287.5318577810719,0.0,0.0,-0.5157583531649358,-0.7307186608670857,0.0,0.0,-1.0,-22.759424493139612
-0.001325335588048102,0.017919163470445067,-0.205,287.4570265532244,0.0,0.0,-0.5530861196435848,-0.11185309034085297,0.0,0.0,-1.0,-24.04138022489476
-0.008876088239159223,0.014043719505411445,-0.205,287.57838461822155,0.0,0.0,-0.5810417898467443,0.20987553798949096,0.0,0.0,-1.0,-24.55192031224878
-0.01739284059195859,0.006041447055449738,-0.205,287.38698863025763,0.0,0.0,-0.5412093813396287,-0.33355460287352967,0.0,0.0,-1.0,-22.640220274965962
-0.013257752205144614,0.014328525987269037,-0.205,287.44017569896687,0.0,0.0,-0.5057100972957783,-1.0567540949014682,0.0,0.0,-1.0,-23.199702405455625
-0.0003075167722519503,-0.016105176970513353,-0.205,287.65715385199,0.0,0.0,-0.5882834101237887,0.49515181129251246,0.0,0.0,-1.0,-25.158485445032102
0.010621418834469142,-0.0007347376248265146,-0.205,287.8822771432474,0.0,0.0,-0.5559411053519872,-0.4532224199575964,0.0,0.0,-1.0,-28.039643906190573
-0.012182996045927232,0.011959357013614941,-0.205,287.4003419079471,0.0,0.0,-0.5729755401092914,-1.2718105965457116,0.0,0.0,-1.0,-23.663845109929795
-0.012599781127080304,-0.014828374220137152,-0.205,287.45629870162776,0.0,0.0,-0.5079357889798399,-1.7513368867327186,0.0,0.0,-1.0,-22.15168822683713
0.008095689918973048,0.013570800047037052,-0.205,287.5767396033305,0.0,0.0,-0.5918246860225683,0.8444751995037909,0.0,0.0,-1.0,-26.566567135582872
-0.014302297525027173,-0.009250632858341564,-0.205,287.6568952317108,0.0,0.0,-0.5737126875527105,0.7219945498994368,0.0,0.0,-1.0,-25.139503827491396
-0.010643987744150516,0.0071007992989788726,-0.205,287.7194258686712,0.0,0.0,-0.5928171882435006,0.3705504902424529,0.0,0.0,-1.0,-28.218225254196877
-0.010138782407240164,0.015109031211688053,-0.205,287.42988665871536,0.0,0.0,-0.5471712404390395,1.0441347428188155,0.0,0.0,-1.0,-24.322041729474325
0.015185145838299557,-0.007180617315416883,-0.205,287.55522423547455,0.0,0.0,-0.5779796725809445,-0.5332601194491645,0.0,0.0,-1.0,-24.240874551053224
-0.009046761689167881,-0.0004144870449544112,-0.205,287.8705009001004,0.0,0.0,-0.5084583049981045,-0.5005906253806942,0.0,0.0,-1.0,-30.479231232506063
0.011840693646628873,0.007521576890912809,-0.205,287.7152923862398,0.0,0.0,-0.5998322868729801,0.5355746051828891,0.0,0.0,-1.0,-27.861341510882966
0.014774679877886714,-0.009839530758728947,-0.205,287.4440652015664,0.0,0.0,-0.5583985963175616,-1.4423750641435358,0.0,0.0,-1.0,-22.563690836396443
0.008791834149203835,0.01659702369794698,-0.205,287.54854586726333,0.0,0.0,-0.5303042244601881,0.07497308424272296,0.0,0.0,-1.0,-21.689933211099145
-0.005547422355003998,-0.013234548619641833,-0.205,287.7367935142835,0.0,0.0,-0.5999659536978678,0.3080942692910544,0.0,0.0,-1.0,-26.4434860974205
0.006546619098533425,-0.017003352784735234,-0.205,287.53459986658805,0.0,0.0,-0.5465114085458728,-3.4140584425383,0.0,0.0,-1.0,-24.965229630259046
-0.003960877210656386,0.016564403044261614,-0.205,287.5441695236056,0.0,0.0,-0.5737470166000805,2.2405593818261087,0.0,0.0,-1.0,-23.420224428848567
-0.010742069821237054,-0.006074521586020412,-0.205,287.88331918036005,0.0,0.0,-0.5876284548789243,0.8964462155288104,0.0,0.0,-1.0,-28.01487483097941
0.012052690397457896,-0.01118852465057064,-0.205,287.47058239401264,0.0,0.0,-0.5836440622995035,2.1859987341566502,0.0,0.0,-1.0,-23.793808991882326
0.01508757326286467,-0.010284092019790825,-0.205,287.47748134892754,0.0,0.0,-0.5454535033857499,0.9992338773383929,0.0,0.0,-1.0,-25.24070470031505
-0.008798829688566911,-0.01092147551644527,-0.205,287.75921288725425,0.0,0.0,-0.5998280591439186,-0.3894585563876838,0.0,0.0,-1.0,-26.043430537923353
-0.013749325422489756,-0.0036425097043898936,-0.205,287.6227358328705,0.0,0.0,-0.5999976412959624,0.46635275776394625,0.0,0.0,-1.0,-27.08899050849161
-0.01532126984702037,0.008737538197993066,-0.205,287.51039145316616,0.0,0.0,-0.5610553039104117,-0.5340028569665903,0.0,0.0,-1.0,-24.696255625652682
0.002706840585085515,0.011717863642680855,-0.205,287.8466317309089,0.0,0.0,-0.583221467391198,2.292975047164022,0.0,0.0,-1.0,-28.16080610410779
-0.01747946214333968,0.007250139544253386,-0.205,287.4897794795515,0.0,0.0,-0.5258812228608452,1.952398813969424,0.0,0.0,-1.0,-24.84194797606755
0.014550014181058895,-0.0016925658626674482,-0.205,287.6319399319532,0.0,0.0,-0.5994620951759586,-0.4807098587507771,0.0,0.0,-1.0,-26.864950664812174
0.012649216508649834,0.006968178271256289,-0.205,287.7619350965082,0.0,0.0,-0.5998754931437243,-2.438319453120132,0.0,0.0,-1.0,-24.93810199679689
-0.006519955323218748,0.008673049921319554,-0.205,287.7274074401266,0.0,0.0,-0.5607799881848089,-1.3442671143031097,0.0,0.0,-1.0,-27.473622632661233
-0.010846123989565332,0.0033423987173041483,-0.205,287.7646573473826,0.0,0.0,-0.5714492433010453,0.2012324112790431,0.0,0.0,-1.0,-28.28375815298925
0.010930254619234782,-0.008040091740464035,-0.205,287.61197644495894,0.0,0.0,-0.5984254745134534,-0.20860423217891172,0.0,0.0,-1.0,-27.70938599141508
0.013860403853060616,-0.006220915614733724,-0.205,287.6000370726442,0.0,0.0,-0.5969857775999613,0.03398732239040178,0.0,0.0,-1.0,-25.253686492762977
0.010891286073902771,0.007027861532912133,-0.205,287.7972467548919,0.0,0.0,-0.5943694117860256,0.8710959013685953,0.0,0.0,-1.0,-26.31168022422923
-0.013154367855802781,0.006258723151608277,-0.205,287.62945614939304,0.0,0.0,-0.5996581319893194,0.7258489758897819,0.0,0.0,-1.0,-24.893860735441294
-0.012640603083429658,-0.010828411032502318,-0.205,287.6671948336454,0.0,0.0,-0.5805425321124134,-0.47256990356373685,0.0,0.0,-1.0,-25.16931051299458
-0.0025446516479588023,-0.019458310058620514,-0.205,287.51862453014496,0.0,0.0,-0.5019943118493232,0.0055840705570693915,0.0,0.0,-1.0,-21.674609036243286
-0.008710447459747606,0.004012606822904298,-0.205,287.8419463529515,0.0,0.0,-0.5263144598744618,0.2951237161054253,0.0,0.0,-1.0,-31.052214355671396
-6.0766638259750845e-05,0.010950308747757502,-0.205,287.89623883285617,0.0,0.0,-0.5630546832143578,0.0199583252385849,0.0,0.0,-1.0,-29.95000793567884
-0.0027865661217095802,0.014283858127012161,-0.205,287.62660488489234,0.0,0.0,-0.5996881748342489,0.46494186349948907,0.0,0.0,-1.0,-26.66359348580864
0.013070560482845021,0.005695471630978068,-0.205,287.7077880342117,0.0,0.0,-0.5999998061687332,-1.1970029802784752,0.0,0.0,-1.0,-25.842840839346902
-0.011193844053986426,0.01391785737799946,-0.205,287.4362712867574,0.0,0.0,-0.5557545213664117,-1.2726290250240535,0.0,0.0,-1.0,-20.772108463487235
-7.309095757193295e-05,0.018873396533766764,-0.205,287.45561336101326,0.0,0.0,-0.5274552410343194,0.29850867840678813,0.0,0.0,-1.0,-23.784786906941477
0.007488205191206404,0.012406663864157284,-0.205,287.7005175096561,0.0,0.0,-0.5998023645267724,-2.1735914984998455,0.0,0.0,-1.0,-26.82658750300126
0.007361858495715302,-0.01812765500399274,-0.205,287.327881809229,0.0,0.0,-0.5041161187305655,-0.0636189926579117,0.0,0.0,-1.0,-22.168144527842927
-0.00854756615704487,0.01247151065602998,-0.205,287.6641785540394,0.0,0.0,-0.5974343202185398,1.5919599891860148,0.0,0.0,-1.0,-25.843409697933215
0.01857779378366827,0.004358627194179541,-0.205,287.5292810842662,0.0,0.0,-0.5207580858520874,1.0725640413576485,0.0,0.0,-1.0,-23.979449841960253
0.014757367158455884,0.01141002591333318,-0.205,287.6399762823671,0.0,0.0,-0.53418343800883,0.34088959982890615,0.0,0.0,-1.0,-23.465150913891236
0.0030256053399276943,-0.01344113223088333,-0.205,287.67758118182456,0.0,0.0,-0.5992422259883255,0.017530904034980758,0.0,0.0,-1.0,-27.103209539271493
-0.0036092981130013153,0.00906420540058819,-0.205,287.81936035027496,0.0,0.0,-0.5314747184120282,0.35091123480593167,0.0,0.0,-1.0,-28.846578404196304
0.00047062010687578615,-0.01757267516083979,-0.205,287.5938814378127,0.0,0.0,-0.5623921519158132,0.28364541429660145,0.0,0.0,-1.0,-22.54132150117042
-0.008995851741746885,0.01329816381048713,-0.205,287.52745274567275,0.0,0.0,-0.5889423256647827,-0.5485947590346213,0.0,0.0,-1.0,-26.921454196957555
0.002529821983644386,-0.019112986093419958,-0.205,287.4261708657825,0.0,0.0,-0.5141503231069529,-0.51346428212685,0.0,0.0,-1.0,-21.522269160206115
0.013459163490967214,0.005291922017561825,-0.205,287.7659328766455,0.0,0.0,-0.5998472764051784,-0.35165576979028457,0.0,0.0,-1.0,-25.69703035440073
-0.006460708628799343,-0.006264432715605478,-0.205,288.0554335773006,0.0,0.0,-0.5064327216814011,1.935383996719613,0.0,0.0,-1.0,-28.792135053260235
-0.006880954838265452,-0.008645899305871556,-0.205,287.8184664473389,0.0,0.0,-0.5652464873251352,-0.16999747049739994,0.0,0.0,-1.0,-28.09330691737284
-0.0077158251428753955,-0.014439233680965152,-0.205,287.57669149514584,0.0,0.0,-0.5847265931418996,-0.09339086449350004,0.0,0.0,-1.0,-24.89606176117762
-0.011883288607803319,-0.007519499170835106,-0.205,287.75809960640566,0.0,0.0,-0.5998807630059299,-4.500101267873182,0.0,0.0,-1.0,-25.424848257080715
-0.014176331620791741,0.010525831330186813,-0.205,287.533852861067,0.0,0.0,-0.5606139319568785,0.16356903976549508,0.0,0.0,-1.0,-24.372019997793295
0.013275045208559162,-0.007454194864829275,-0.205,287.62781352410383,0.0,0.0,-0.5967758924055575,-1.6894931796117876,0.0,0.0,-1.0,-25.793566917645457
-0.015920056133768273,0.008206318983857982,-0.205,287.4883669232559,0.0,0.0,-0.5545245788738914,-1.1269884668858774,0.0,0.0,-1.0,-22.288104628365986
0.009977145912740931,0.005807052939280472,-0.205,287.90762335240305,0.0,0.0,-0.5751518690372106,2.1238364733230752,0.0,0.0,-1.0,-27.221404493762837
0.008575890858538649,-0.0002586967646367153,-0.205,288.00861423981786,0.0,0.0,-0.490892357334,2.94351123145262,0.0,0.0,-1.0,-28.838497000298116
-0.011384279439793287,-0.009838719221512983,-0.205,287.6935315335427,0.0,0.0,-0.5978461682108248,1.5369797954725388,0.0,0.0,-1.0,-24.47003886620944
-0.002716735286442504,-0.01308579528113918,-0.205,287.7620640543571,0.0,0.0,-0.5973410494955126,-0.4813852653995014,0.0,0.0,-1.0,-27.300505614962578
0.013021944849868346,-0.012322801627841235,-0.205,287.5663963232637,0.0,0.0,-0.5540863424015281,-1.866894486876003,0.0,0.0,-1.0,-24.128050033894468
-0.008337163678196948,-0.015464071434922799,-0.205,287.5909271586125,0.0,0.0,-0.5626325708823607,1.6600166747128489,0.0,0.0,-1.0,-23.771922216052037
-0.019290316465132584,0.002485119946995647,-0.205,287.4140034380221,0.0,0.0,-0.5082471999362658,-1.6517907961710616,0.0,0.0,-1.0,-22.346908553262292
0.012708333929323487,0.008715227030775667,-0.205,287.6469820945668,0.0,0.0,-0.5954364605936436,0.10026673618145863,0.0,0.0,-1.0,-24.05221741920686
-0.015863089510809114,0.0033141182248871575,-0.205,287.63147879732156,0.0,0.0,-0.5870219152213734,2.206527509837131,0.0,0.0,-1.0,-25.741610508098418
-0.008297790477855444,0.01404726907405396,-0.205,287.42483254999013,0.0,0.0,-0.5855290978468414,-0.15441179349012715,0.0,0.0,-1.0,-23.950536441703598
-0.0003710929971224015,-0.013434068391798889,-0.205,287.74213204365896,0.0,0.0,-0.5977690371283391,-0.08845625324338986,0.0,0.0,-1.0,-26.609439491915975
-0.00871951123644859,-0.007596067725464739,-0.205,287.8592150691765,0.0,0.0,-0.5755199159916644,-1.1954007626801013,0.0,0.0,-1.0,-28.06506850192444
-0.01282665206581897,-0.004293184363987386,-0.205,287.7535052175166,0.0,0.0,-0.5982214901321243,1.1770267282910856,0.0,0.0,-1.0,-26.016328336466557
-0.0022712047885439937,-0.01434576678131357,-0.205,287.7305684877359,0.0,0.0,-0.5997444027511183,2.009390257268815,0.0,0.0,-1.0,-26.826191049658057
0.004751139302054985,-0.014940141651478589,-0.205,287.6399541584856,0.0,0.0,-0.5930856061765964,-1.4573237892446649,0.0,0.0,-1.0,-25.60150211119594
-0.0010841126174148657,0.01640259596140434,-0.205,287.5852588218637,0.0,0.0,-0.5837481030789267,-0.6677085749906718,0.0,0.0,-1.0,-24.902655202289964
-0.012769255849394773,0.006505259414770705,-0.205,287.6314970265501,0.0,0.0,-0.5999778356609307,-0.4292113505173026,0.0,0.0,-1.0,-26.43981011547051
0.019882655775084836,0.001055701822409916,-0.205,287.45089555903763,0.0,0.0,-0.4912593833873774,1.8074784749262318,0.0,0.0,-1.0,-22.552487974061613
0.006980690356328136,-0.010864285003547877,-0.205,287.763627073951,0.0,0.0,-0.5939397814303558,-0.28990899597314923,0.0,0.0,-1.0,-27.1914451953605
-0.01398044790345307,0.009789107773972346,-0.205,287.52661030883763,0.0,0.0,-0.5730719841645435,0.23582764181565896,0.0,0.0,-1.0,-23.26668280315615
0.011824142462199113,-0.01169701964449068,-0.205,287.6037608092735,0.0,0.0,-0.5807416315708044,-1.0198255095386175,0.0,0.0,-1.0,-23.371659460091468
0.004349601317042373,-0.016018433133247356,-0.205,287.58768263507443,0.0,0.0,-0.5812833774091353,1.162514718669953,0.0,0.0,-1.0,-22.676936128769068
0.0113755629874405,-0.00929961999619262,-0.205,287.6538322164476,0.0,0.0,-0.5993337981782767,2.0695921559853594,0.0,0.0,-1.0,-26.881296763727267
0.0070897834979774255,0.015856733185691342,-0.205,287.680538629313,0.0,0.0,-0.5669752858748499,0.3051651586903906,0.0,0.0,-1.0,-25.346739532708636
-0.0076756952582609905,0.00907447415393695,-0.205,287.77756917248735,0.0,0.0,-0.5810251647893975,-0.4640365308643848,0.0,0.0,-1.0,-27.6983301772206
-0.013307516709582416,-0.007551640111414135,-0.205,287.69399467824036,0.0,0.0,-0.59625223268158,-0.5166852689286752,0.0,0.0,-1.0,-27.096640409178335
0.012905631839956742,-0.006838679890083902,-0.205,287.58741134204314,0.0,0.0,-0.5995709339194203,-0.5501420206642698,0.0,0.0,-1.0,-26.217970979954515
0.004114990288735891,0.008544766178756097,-0.205,287.95641174994455,0.0,0.0,-0.5229156827347954,1.5110140673822836,0.0,0.0,-1.0,-29.445666048825114
-0.0075944122183246405,0.012253516475849354,-0.205,287.61668791453354,0.0,0.0,-0.5999063808990153,0.6840195374070724,0.0,0.0,-1.0,-27.088637960070074
-0.009066986372047777,-0.001039324248997641,-0.205,288.01831507333526,0.0,0.0,-0.5109129708966716,0.5323748238015723,0.0,0.0,-1.0,-28.93383057343313
-0.0071529399478296035,-0.008590387939346017,-0.205,287.94974657180984,0.0,0.0,-0.5679850754957391,1.9557869061343627,0.0,0.0,-1.0,-26.76693843400626
0.01112360169511543,-0.006144444192122851,-0.205,287.6812288130877,0.0,0.0,-0.5919290090808232,-0.4582479962642677,0.0,0.0,-1.0,-25.74962545217575
0.002012066541120004,0.01743771448713308,-0.205,287.5257929455708,0.0,0.0,-0.5629675161281656,-0.878806340380179,0.0,0.0,-1.0,-23.7882908488377
0.017423718632695477,0.00970766271619909,-0.205,287.6840305152601,0.0,0.0,-0.4899151789452082,-0.4638624879662214,0.0,0.0,-1.0,-23.35786688349647
-0.0023282697297122737,-0.014850100342421615,-0.205,287.6872352846834,0.0,0.0,-0.5979273438785238,-1.4744895922824843,0.0,0.0,-1.0,-25.38323226714108
-0.008904496809505847,0.015728086991216167,-0.205,287.3954207590534,0.0,0.0,-0.5503806715439838,0.08084992738426486,0.0,0.0,-1.0,-24.11485741227827
-0.01267417109092104,-0.00039467672499880605,-0.205,287.7877192489876,0.0,0.0,-0.5916385362082431,1.1730811480541155,0.0,0.0,-1.0,-27.298198102664408
-0.010894882672805587,0.001340019951268359,-0.205,287.8205362983382,0.0,0.0,-0.5636458412886273,-1.5858160970910424,0.0,0.0,-1.0,-27.07517125057725
0.01690139863815024,-0.010329832909424524,-0.205,287.39869620905296,0.0,0.0,-0.49516232812571803,0.20105447491921336,0.0,0.0,-1.0,-22.714585506882827
-0.005488649793118962,0.009421848545316695,-0.205,287.8383323484698,0.0,0.0,-0.5620057841644454,0.45881040116375543,0.0,0.0,-1.0,-29.31916153673962
0.01270908267172406,-0.011202727093581654,-0.205,287.4415062141467,0.0,0.0,-0.5754123551395636,-1.5568380810277613,0.0,0.0,-1.0,-23.381055858490587
-0.015755147143076013,-0.00402342853819,-0.205,287.66596123226265,0.0,0.0,-0.5862791211004278,-0.30232982512954826,0.0,0.0,-1.0,-23.69420702278338
-0.011420500742490179,-0.016304670722492802,-0.205,287.4824722517917,0.0,0.0,-0.4914179386933567,-0.4371196364301955,0.0,0.0,-1.0,-21.881682124251476
0.014896070801462491,0.008583118368340404,-0.205,287.53797007697364,0.0,0.0,-0.5706285640964572,-0.17928032487819018,0.0,0.0,-1.0,-22.073638957799183
0.0031725714817749076,-0.007982879451752165,-0.205,287.85905635878714,0.0,0.0,-0.49129262800616547,0.5928333578036079,0.0,0.0,-1.0,-28.07257678922815
-0.012433640403680165,0.012087167303441795,-0.205,287.5517502296423,0.0,0.0,-0.5675860785831407,1.5929191204317923,0.0,0.0,-1.0,-22.30428347550092
0.006395098557666574,-0.007317967992346521,-0.205,287.8133287804062,0.0,0.0,-0.530315811884349,1.5933873881863894,0.0,0.0,-1.0,-29.304913552136938
0.01748018909675294,0.0011390455239988575,-0.205,287.59304359919395,0.0,0.0,-0.5637736277875506,-0.12048546552529674,0.0,0.0,-1.0,-25.91251535094994
-0.019659788859077817,0.0005143569031546153,-0.205,287.40735318428045,0.0,0.0,-0.500437162185037,-0.5010467922083878,0.0,0.0,-1.0,-23.2560443624602
-0.011383757382537397,0.008620624375040999,-0.205,287.5094281620669,0.0,0.0,-0.5999970398932354,-1.6175111318950794,0.0,0.0,-1.0,-26.33740644525223
-0.018928480598066275,-0.002332119659192969,-0.205,287.50315864963494,0.0,0.0,-0.5211066084628809,0.005664851414047517,0.0,0.0,-1.0,-22.79628620956335
-0.010713854543768962,-0.016182017993676252,-0.205,287.4450507038256,0.0,0.0,-0.5097376373968071,-0.3349610687481723,0.0,0.0,-1.0,-21.86751267544123
0.005559867411470574,0.016145732964602862,-0.205,287.5454666029657,0.0,0.0,-0.5728940357726294,0.6462669841067041,0.0,0.0,-1.0,-24.362696916863698
0.011687575384702912,0.0015943201343380155,-0.205,287.9148004828445,0.0,0.0,-0.5795604462863613,2.52875746163013,0.0,0.0,-1.0,-29.448807234975675
-0.013019356638046998,-0.0018320924056576336,-0.205,287.7212871285929,0.0,0.0,-0.5958760738133003,-0.09353132000549698,0.0,0.0,-1.0,-26.285843508052487
0.00041077516622580563,-0.015451614621572322,-0.205,287.61571257488015,0.0,0.0,-0.5950554722454882,0.18509831838028165,0.0,0.0,-1.0,-24.64282292366105
-0.01704814276622042,-0.001778466447112223,-0.205,287.5429551039903,0.0,0.0,-0.5716436567850995,-1.206490293327813,0.0,0.0,-1.0,-22.811965494226055
-0.005064647420783282,-0.017057481398769676,-0.205,287.598118637728,0.0,0.0,-0.5573891833500672,1.2978086265334345,0.0,0.0,-1.0,-23.89295011075177
0.016230895122211767,0.011264423957971486,-0.205,287.56644647388566,0.0,0.0,-0.49709226481777086,0.521728971881771,0.0,0.0,-1.0,-22.75594102640943
-0.014994196488524299,0.000845317971260985,-0.205,287.66524196770786,0.0,0.0,-0.5979983603807193,2.322042889597539,0.0,0.0,-1.0,-25.38654398008075
0.0003532789013776852,-0.014212980075582,-0.205,287.712972911825,0.0,0.0,-0.599996386797098,-1.0465116868927873,0.0,0.0,-1.0,-25.39522931339774
-0.011524755972488516,-0.0019712185948495436,-0.205,287.87241739319785,0.0,0.0,-0.5777967257911871,0.5776194825134232,0.0,0.0,-1.0,-28.098699850837747
-0.007688504518543718,0.015936396001617857,-0.205,287.43725131276864,0.0,0.0,-0.5597456085316851,0.888980388889742,0.0,0.0,-1.0,-22.75857212213627
-0.018841151917284447,0.006202570926085841,-0.205,287.3548863320636,0.0,0.0,-0.49411474278376444,-0.23809431883368795,0.0,0.0,-1.0,-20.479309512261413
-0.01821407888328721,0.007794226132516802,-0.205,287.3862714283686,0.0,0.0,-0.49502907384594635,-0.27328636370916565,0.0,0.0,-1.0,-22.308102778894945
-0.01454068849352934,0.00779254589947577,-0.205,287.5299594633552,0.0,0.0,-0.5828637938295972,0.7900124813233901,0.0,0.0,-1.0,-23.87016840719814
-0.008684738458717482,0.001045420183398276,-0.205,287.97252750916164,0.0,0.0,-0.4972485796815028,0.8339368566473472,0.0,0.0,-1.0,-28.28904860243555
-0.012240656943098428,-0.007266566962279741,-0.205,287.75545892196567,0.0,0.0,-0.5999992416324699,0.08427800384817762,0.0,0.0,-1.0,-24.398906468460897
0.01826505534312896,0.0006461176765426719,-0.205,287.50856362832263,0.0,0.0,-0.5449815663635522,-1.0070729602718045,0.0,0.0,-1.0,-21.67455175234673
-0.008840806946766597,0.00027353806756658057,-0.205,288.0516947536911,0.0,0.0,-0.500861460160615,1.8816302004993974,0.0,0.0,-1.0,-29.576687306840878
0.006086392663795704,-0.012600820041735492,-0.205,287.64943525863595,0.0,0.0,-0.5997771519404772,0.9706459148373108,0.0,0.0,-1.0,-24.948953678029042
0.001589401856652323,-0.015636198544143047,-0.205,287.6501059068772,0.0,0.0,-0.5926990053069107,0.7683238653410817,0.0,0.0,-1.0,-26.628655488911313
0.014587178559575566,0.002759441420743967,-0.205,287.7122254636915,0.0,0.0,-0.5987950146355406,1.3940826955824532,0.0,0.0,-1.0,-24.508208872623115
-0.002701098231164456,-0.019209755394383212,-0.205,287.4606653305911,0.0,0.0,-0.5100384343722456,-0.730405726695179,0.0,0.0,-1.0,-21.648772501349313
0.010899154545948076,-0.004910800432592284,-0.205,287.79676626066595,0.0,0.0,-0.5821165233399254,-1.3123071498203749,0.0,0.0,-1.0,-28.872648902546654
0.007818718270275301,-0.01613481832216304,-0.205,287.4389941914439,0.0,0.0,-0.5540569362478857,0.5627158146581197,0.0,0.0,-1.0,-23.739856804775087
-0.017920642245943114,-0.0021345415815198924,-0.205,287.56852631929786,0.0,0.0,-0.5510659570521104,-0.43437798132325817,0.0,0.0,-1.0,-24.8495456763286
-0.017425889059626377,-0.005283826260332635,-0.205,287.560526027915,0.0,0.0,-0.5468008162812327,2.426052247620291,0.0,0.0,-1.0,-25.446822479949006
-0.013803036398141358,-0.014067330443730633,-0.205,287.6134523895371,0.0,0.0,-0.4988984336458737,-2.1653769299440198,0.0,0.0,-1.0,-21.939717054001235
0.006240153927649717,-0.008154190216326258,-0.205,287.7180357177132,0.0,0.0,-0.5461884563059026,-1.0255594629136524,0.0,0.0,-1.0,-26.957764488424942
0.0020412266641796502,-0.012176330684464873,-0.205,287.7372645225506,0.0,0.0,-0.587700663310025,-2.4183503520527516,0.0,0.0,-1.0,-26.021351607734662
-0.00840273800129281,-0.008253458383194849,-0.205,287.8741577113227,0.0,0.0,-0.5792656703168952,0.5431710183247842,0.0,0.0,-1.0,-27.397438032224883
0.0015772861333890164,-0.016416897290272237,-0.205,287.60582306810244,0.0,0.0,-0.5829344760062906,-0.11643856047951812,0.0,0.0,-1.0,-23.547517784860688
-0.006940828065576886,0.016762525970084152,-0.205,287.51565656093334,0.0,0.0,-0.548576947138408,2.0748342071312376,0.0,0.0,-1.0,-23.284622206214113
0.01622048389262092,-0.005377530829914143,-0.205,287.40930951426,0.0,0.0,-0.5726548282525469,1.10647074535283,0.0,0.0,-1.0,-23.242629232907653
-0.011037372830125286,0.002063635897876134,-0.205,287.86227572051973,0.0,0.0,-0.5690212265061857,-0.11800761887584496,0.0,0.0,-1.0,-27.443713256153952
0.008374052762073009,0.015376867955149217,-0.205,287.6152812638079,0.0,0.0,-0.563951695211408,-0.4598127344993158,0.0,0.0,-1.0,-20.68911029282652
-0.0014723479602418126,0.011734102824751808,-0.205,287.8088285459181,0.0,0.0,-0.5800620056707863,0.32175105430492895,0.0,0.0,-1.0,-27.596649277041912
-0.014048480724146205,0.013866626968620078,-0.205,287.36323245097054,0.0,0.0,-0.4977404482758713,-0.8610741569207926,0.0,0.0,-1.0,-20.729674529399546
0.008189288761547004,-0.01609923404782898,-0.205,287.4372994414929,0.0,0.0,-0.5506768397102195,-0.353730079629887,0.0,0.0,-1.0,-25.032429163396408
-0.010205029166449553,0.015830939071627213,-0.205,287.4707655353882,0.0,0.0,-0.5286562226221178,-0.3869642331645201,0.0,0.0,-1.0,-23.26153076836071
0.006058265159198136,-0.017853827715435647,-0.205,287.3867308190168,0.0,0.0,-0.5280766541402983,-0.5661244252596547,0.0,0.0,-1.0,-22.537375489017094
-0.0020834176830102596,0.01529474392177562,-0.205,287.55337281444,0.0,0.0,-0.595226685839452,-2.314092739228202,0.0,0.0,-1.0,-25.794404032002337
-0.010189779684351757,-0.005827718735368882,-0.205,287.863735396067,0.0,0.0,-0.5785957042513592,-0.21741946117516242,0.0,0.0,-1.0,-28.228989778306243
-0.01031027431246725,-0.006696423862305784,-0.205,287.86724221048377,0.0,0.0,-0.587017170605469,0.6254337605938959,0.0,0.0,-1.0,-27.98204162880033
-0.012876921535610524,0.012329393107646284,-0.205,287.38197962694824,0.0,0.0,-0.5565610133775681,-0.15945693354700205,0.0,0.0,-1.0,-23.8700519512562
-0.005799645238873802,-0.008780575634763263,-0.205,287.87183003427,0.0,0.0,-0.5528625178068507,1.7085983190448488,0.0,0.0,-1.0,-28.90810002332713
0.017477906406719517,0.0031409181207770628,-0.205,287.5034167841363,0.0,0.0,-0.5582411476329316,-0.6403189950994582,0.0,0.0,-1.0,-23.344393646227495
-0.008292885559050993,0.004401255832063739,-0.205,287.86288452425606,0.0,0.0,-0.5197940509346912,-0.06634977393977075,0.0,0.0,-1.0,-30.896631968708974
-0.00842796546506208,0.00551313206579039,-0.205,287.7290209378773,0.0,0.0,-0.5407347678520193,-0.6049460389961561,0.0,0.0,-1.0,-28.566488860802377
0.008004681171867804,0.013021352398876487,-0.205,287.68112812430616,0.0,0.0,-0.5963648776441168,-1.7202980457075192,0.0,0.0,-1.0,-24.235072293948868
-0.005616226133218366,0.01255687259096902,-0.205,287.71362254453635,0.0,0.0,-0.599170567068215,-0.02616376494011817,0.0,0.0,-1.0,-26.601960855896365
0.011588479038011057,0.006153211633360078,-0.205,287.7952858760489,0.0,0.0,-0.5956727247108526,-2.64957483793765,0.0,0.0,-1.0,-28.495060190347935
0.017657159251294356,0.006107651113163521,-0.205,287.48672299028567,0.0,0.0,-0.5332917660556696,1.8645260429128827,0.0,0.0,-1.0,-24.09962787814938
-0.0007563594771438828,0.014077745454329696,-0.205,287.74576784889683,0.0,0.0,-0.599921645844095,-1.7981501877471477,0.0,0.0,-1.0,-25.58479082118659
0.015984291928426538,0.0012077893423515338,-0.205,287.62797014992043,0.0,0.0,-0.5892495209469781,-0.40024024322441726,0.0,0.0,-1.0,-25.168279391955082
0.0034234687461131693,0.012966111180755566,-0.205,287.8206659940241,0.0,0.0,-0.5976080616442113,0.7619972612142727,0.0,0.0,-1.0,-25.36257330273667
-0.011955249424389462,0.012012659359395113,-0.205,287.4467800945389,0.0,0.0,-0.575298966440697,-0.12294858860427878,0.0,0.0,-1.0,-25.235423165890797
0.013122139476280988,-0.006952765940401162,-0.205,287.6505061515225,0.0,0.0,-0.5987770796583679,1.5805602926407625,0.0,0.0,-1.0,-25.467576103257137
-0.0038735890141020912,-0.01323355293488853,-0.205,287.75188197595827,0.0,0.0,-0.5992782378109295,0.1412709940840892,0.0,0.0,-1.0,-25.031548636727006
0.008197596733560228,-0.006301879703645401,-0.205,287.81999276892765,0.0,0.0,-0.5481170260894982,0.056022777529805695,0.0,0.0,-1.0,-30.566209207847972
0.008642167235199488,0.0016171383186158357,-0.205,287.9414981089859,0.0,0.0,-0.49891243367573873,0.9129664654997096,0.0,0.0,-1.0,-30.437467349215797
0.018144336685130467,0.007591362392392956,-0.205,287.44557272854627,0.0,0.0,-0.5003681054577891,-0.9265805207430414,0.0,0.0,-1.0,-22.548747466326038
0.016722620681933226,0.0057121046283267075,-0.205,287.54775730457965,0.0,0.0,-0.5602776688690754,1.4639619974074354,0.0,0.0,-1.0,-22.894902773625258
-0.009080601580146234,-0.004814543588555224,-0.205,287.93067574159636,0.0,0.0,-0.5464601661313139,-0.11139443626884363,0.0,0.0,-1.0,-28.849808849506992
0.003900421625959797,-0.011665865658334204,-0.205,287.6978533246966,0.0,0.0,-0.5871043901957343,-1.7979412978444307,0.0,0.0,-1.0,-28.133722682193234
-0.016147684283906776,0.005465144468422518,-0.205,287.47881516216404,0.0,0.0,-0.5734428496796515,-0.8665492983185729,0.0,0.0,-1.0,-24.6432630815712
-0.010286676017725678,0.00194622923117722,-0.205,287.8206188679538,0.0,0.0,-0.5514899676245124,0.09838959826376906,0.0,0.0,-1.0,-28.607488190657893
-0.0019373103540904397,0.01578860382251002,-0.205,287.56709624411417,0.0,0.0,-0.5906822518506343,0.5576891033486918,0.0,0.0,-1.0,-25.43424055533858
-0.007195605412990665,0.008518817352133008,-0.205,287.8311272845183,0.0,0.0,-0.5674108633382726,1.0634449788256073,0.0,0.0,-1.0,-26.850234995240278
0.015518181994982743,0.003854855250960933,-0.205,287.63312365837146,0.0,0.0,-0.589727915343498,1.763124428757517,0.0,0.0,-1.0,-25.10985485378655
-0.0077061549250429864,-0.0040490283308161415,-0.205,287.9629369376791,0.0,0.0,-0.4956629838546465,2.3291048666279814,0.0,0.0,-1.0,-29.621677892491707
-0.013090000721889485,-0.0025195804505153585,-0.205,287.8065677511327,0.0,0.0,-0.5971294373902852,-0.3252252006964415,0.0,0.0,-1.0,-25.11328555538704
0.017463344184516092,0.0064444358291847435,-0.205,287.49524863509987,0.0,0.0,-0.5353566779610104,-0.6882208439004377,0.0,0.0,-1.0,-22.6672355258225
-0.00040186907084983816,-0.016368387506646848,-0.205,287.6306527723227,0.0,0.0,-0.5847001182341826,0.06047712373222976,0.0,0.0,-1.0,-25.691812384608326
0.009950576275256952,0.0009155838580633142,-0.205,287.8614538781095,0.0,0.0,-0.5384902497756286,-1.3705502164484757,0.0,0.0,-1.0,-27.98015830287141
-0.002858758244349238,0.015364473436218603,-0.205,287.6919747246153,0.0,0.0,-0.5935544552414074,-0.25360299249826007,0.0,0.0,-1.0,-22.047213275726918
0.0014775520001128139,0.019018100728589175,-0.205,287.4346797725514,0.0,0.0,-0.5209820357915513,0.23901291643285372,0.0,0.0,-1.0,-21.669181491795676
-0.006048665726094313,0.018698280383565025,-0.205,287.38337201362157,0.0,0.0,-0.5009598954043247,0.551217566782487,0.0,0.0,-1.0,-21.24360925710093
-0.0047448343476293176,-0.016904186223429946,-0.205,287.6285780101515,0.0,0.0,-0.5628763575819389,0.7588898938647243,0.0,0.0,-1.0,-21.990284831100176
-0.011936358667779881,0.013027009122679145,-0.205,287.46436755849965,0.0,0.0,-0.5603397749078709,1.107245051769709,0.0,0.0,-1.0,-22.846390429100083
-0.008968037357952098,-0.011334777252246303,-0.205,287.82548253984913,0.0,0.0,-0.5998595023951989,-1.4201307215540309,0.0,0.0,-1.0,-24.5413562956695
0.004542736069125291,-0.010121328264432372,-0.205,287.88784811277066,0.0,0.0,-0.5661997445340505,1.827870332736468,0.0,0.0,-1.0,-27.50002917445768
-0.0023155655066288104,-0.019324064158766162,-0.205,287.40750944746867,0.0,0.0,-0.5078030110982849,0.237355933416048,0.0,0.0,-1.0,-21.14029989737176
-0.002586124658131875,-0.015825919793877503,-0.205,287.61611792275454,0.0,0.0,-0.5891772805763961,1.0730597611291979,0.0,0.0,-1.0,-22.52278255567664
-0.011974432532747102,-0.003684288587024977,-0.205,287.789851902217,0.0,0.0,-0.589941865454457,0.21754345454120239,0.0,0.0,-1.0,-24.982716138565152
-0.0017453787791435556,0.009298408749523191,-0.205,287.8714890251791,0.0,0.0,-0.5221635599731661,2.197782230599848,0.0,0.0,-1.0,-28.523457533509
0.011893122502075871,0.015356802658408773,-0.205,287.5418867623669,0.0,0.0,-0.5091657979101252,0.8861393431581771,0.0,0.0,-1.0,-22.985982648695362
0.0045182156686667885,0.01624481189065328,-0.205,287.5613219520613,0.0,0.0,-0.5768571126708096,-1.2159862888381905,0.0,0.0,-1.0,-23.033607820534364
-0.009973490277503024,-0.012735884005432038,-0.205,287.68044534968516,0.0,0.0,-0.5874074717577307,0.4850788603394861,0.0,0.0,-1.0,-23.142546691342943
-0.007373111787797565,-0.010294272297917373,-0.205,287.83685186949486,0.0,0.0,-0.5914459275663227,0.4349503645879153,0.0,0.0,-1.0,-27.846447348325725
-0.01815227681236746,-0.005267558979914083,-0.205,287.4380080979874,0.0,0.0,-0.5265871260351987,0.1135774597408544,0.0,0.0,-1.0,-22.87809884545521
0.0025058687263397506,0.014287551044486606,-0.205,287.6197815989704,0.0,0.0,-0.5997782297919589,1.088334342049029,0.0,0.0,-1.0,-23.313218621140102
-0.006577965877713977,-0.013545682520501678,-0.205,287.7404769046818,0.0,0.0,-0.5977823118156167,-0.23316856904366928,0.0,0.0,-1.0,-26.333055525471533
0.00338513131106419,0.016553856511720064,-0.205,287.57609351226404,0.0,0.0,-0.5762328374938807,-1.4327944489361113,0.0,0.0,-1.0,-25.269186174850805
-0.0009187236090978138,0.011573159411916776,-0.205,287.8826245304246,0.0,0.0,-0.5763404160051357,0.0959033886853227,0.0,0.0,-1.0,-27.586894576855872
0.004810878474716865,0.011729454606112553,-0.205,287.9254041978747,0.0,0.0,-0.5916109001290332,-0.600369993756594,0.0,0.0,-1.0,-27.447948398456713
0.002462489010867894,0.017085709273929557,-0.205,287.61180626550623,0.0,0.0,-0.5692078853685607,-0.7530843871348273,0.0,0.0,-1.0,-23.253689779878354
-0.009687152559359596,-0.008811663056427986,-0.205,287.79856066595266,0.0,0.0,-0.5954750754666157,-1.0150995563435348,0.0,0.0,-1.0,-27.011805528043215
-0.018125554317975093,-0.007676069139804117,-0.205,287.5573285708208,0.0,0.0,-0.49979534149880495,0.4710191294197011,0.0,0.0,-1.0,-22.824311772113692
-0.018329723034061596,-0.0014887013487306189,-0.205,287.4426419184427,0.0,0.0,-0.541833321119607,0.2662734562741843,0.0,0.0,-1.0,-21.378329364211645
-0.015481190362026644,0.012411374434603847,-0.205,287.4055696082896,0.0,0.0,-0.49387709466060276,0.7520564672641457,0.0,0.0,-1.0,-24.02676256219666
0.008824838502113456,-0.008879527564207793,-0.205,287.6449002037476,0.0,0.0,-0.5898308910509591,1.5946875438702617,0.0,0.0,-1.0,-25.37840412430259
0.009412710798235286,0.014146877307337703,-0.205,287.5236211911201,0.0,0.0,-0.5744823592072618,0.26257026624260876,0.0,0.0,-1.0,-23.391484095896157
0.013824167059260418,-0.008953983948078276,-0.205,287.56748797162476,0.0,0.0,-0.5832657269219793,-1.0839071900374297,0.0,0.0,-1.0,-23.519066171587994
0.009802270051574006,-0.016105648748039207,-0.205,287.40881896103366,0.0,0.0,-0.5280644901714532,-0.2043881373479529,0.0,0.0,-1.0,-25.19904864834962
-0.008029314858992578,-0.004654489734302736,-0.205,287.9426219885986,0.0,0.0,-0.5162043590325675,0.6871973486466493,0.0,0.0,-1.0,-29.8838805373073
-0.01618497343774211,-0.005734171902657034,-0.205,287.6047757490732,0.0,0.0,-0.5710505002750348,0.965901375372342,0.0,0.0,-1.0,-25.236092787234565
-0.014307294458989605,0.00986227233213655,-0.205,287.47132914209374,0.0,0.0,-0.5668153991916419,-0.858091560687825,0.0,0.0,-1.0,-22.451577361783013
0.0022982850059640662,0.014035937533049481,-0.205,287.623531108906,0.0,0.0,-0.5999974997795208,0.34023028939075417,0.0,0.0,-1.0,-25.8312250006547
-0.0031962297351261406,0.01757896870705903,-0.205,287.54980125466096,0.0,0.0,-0.555598589623452,-0.07623276994607538,0.0,0.0,-1.0,-23.7307120790506
0.009750276827597493,-0.006281818856951941,-0.205,287.7924214112553,0.0,0.0,-0.5761447083267274,0.4670495107281232,0.0,0.0,-1.0,-28.433282336665233
-0.016701919627404378,0.01043547197992536,-0.205,287.41976930559235,0.0,0.0,-0.49942463601870923,1.0730592085493238,0.0,0.0,-1.0,-22.83952277402526
-0.0007100957108367993,0.010464639726977894,-0.205,287.83927360194247,0.0,0.0,-0.5519899571660177,-0.17642115308440057,0.0,0.0,-1.0,-27.605704434602732
-0.006926042373851273,-0.01213986633761819,-0.205,287.7168544539554,0.0,0.0,-0.5997464097460055,0.44174259927661996,0.0,0.0,-1.0,-26.108135031833402
0.002227841562368049,-0.016718401940354764,-0.205,287.55590941963214,0.0,0.0,-0.5767729254882256,0.25209202963190686,0.0,0.0,-1.0,-23.679773691290904
-0.01036038368045442,0.002624019375324396,-0.205,287.87182814375706,0.0,0.0,-0.5569312093912256,2.5697577842327664,0.0,0.0,-1.0,-29.460524282810248
0.011472611757665244,0.0022535955310281353,-0.205,287.77498095637367,0.0,0.0,-0.5777921302700673,-1.1227886222418477,0.0,0.0,-1.0,-25.40957048834571
-0.01727147724823738,-0.002456845782350627,-0.205,287.5926320004566,0.0,0.0,-0.5653508702733475,0.15286037956254636,0.0,0.0,-1.0,-23.812271752516967
-0.00638855584089049,-0.014785801285841841,-0.205,287.5730418996392,0.0,0.0,-0.5882981742941028,-0.20918801449063953,0.0,0.0,-1.0,-23.920155382325355
0.003537870079719716,0.012225083880687323,-0.205,287.76319479101204,0.0,0.0,-0.5921255331574129,-0.017605843447122294,0.0,0.0,-1.0,-25.914821842046656
-0.012705571533880815,-0.0064329709823896545,-0.205,287.8329016393035,0.0,0.0,-0.5999997432191929,-0.26375122251921407,0.0,0.0,-1.0,-26.124147597516192
-0.004889590988871015,0.009503828085065155,-0.205,287.7998208450916,0.0,0.0,-0.556940055343082,1.990701826827471,0.0,0.0,-1.0,-29.515053002747287
-0.014399481321998586,-0.003159305300963997,-0.205,287.7583365110009,0.0,0.0,-0.599178571232583,-0.16514279780994304,0.0,0.0,-1.0,-23.50945802297111
0.007280864140236057,-0.007163035210792014,-0.205,287.8141120650671,0.0,0.0,-0.544713391163271,0.1517186368559345,0.0,0.0,-1.0,-29.181737781641168
-0.0063590333060385635,0.012177384042664932,-0.205,287.6657552586372,0.0,0.0,-0.5991095530721197,-2.4048005356840547,0.0,0.0,-1.0,-26.957162889597647
0.008454372568378516,-0.017176095324115317,-0.205,287.3776323722738,0.0,0.0,-0.5187180630428523,-0.7212015912124192,0.0,0.0,-1.0,-22.599510795220795
0.005706531255062439,0.017719408493339507,-0.205,287.50748119327386,0.0,0.0,-0.5353226248803818,0.6399655855306826,0.0,0.0,-1.0,-23.040647340060485
-0.01617665396066291,-0.0005753293510982759,-0.205,287.63655071589335,0.0,0.0,-0.5872689761314305,0.2766478142017797,0.0,0.0,-1.0,-25.632494769116434
0.0008784264673223881,0.009924661732690736,-0.205,287.9357096236655,0.0,0.0,-0.5376450631681078,-1.6457348678680845,0.0,0.0,-1.0,-28.27183361148073
0.009333350563456369,0.002080104018248082,-0.205,287.9383771340316,0.0,0.0,-0.5254289669922508,-0.8971705512665001,0.0,0.0,-1.0,-29.344683419293567
-0.004523908379181919,0.009265244340030492,-0.205,287.83199147839025,0.0,0.0,-0.5473382057931163,0.831096710757245,0.0,0.0,-1.0,-28.80482200095196
0.017587821057912244,0.006834802921119481,-0.205,287.4722070717177,0.0,0.0,-0.5275919131695188,2.079618257625497,0.0,0.0,-1.0,-22.857862259953123
0.009102340528504,0.0054501894098454,-0.205,287.9449691998367,0.0,0.0,-0.5550191310455889,-1.2368307686019686,0.0,0.0,-1.0,-28.510409641683214
0.010740835076120423,0.0016028154844423075,-0.205,287.90702820915163,0.0,0.0,-0.5609953784062081,-0.027970370345427396,0.0,0.0,-1.0,-29.137636869859893
-0.004079426337189921,0.00838811296305506,-0.205,287.88058313368333,0.0,0.0,-0.5177701414036082,0.6724932925940775,0.0,0.0,-1.0,-29.15513082359079
0.00025620667846850217,0.017040590887318588,-0.205,287.53373618496744,0.0,0.0,-0.5735364097394192,0.5695934483544906,0.0,0.0,-1.0,-25.037451521213104
0.010122827561161675,-0.0167224115102516,-0.205,287.47857717966986,0.0,0.0,-0.5047589969124683,-0.7627920459531703,0.0,0.0,-1.0,-23.960458308614747
-0.0005028705572435694,0.00900143268210954,-0.205,287.9489963195174,0.0,0.0,-0.5070150136337571,-0.7013600973702886,0.0,0.0,-1.0,-29.911972122506853
0.01580284897376824,-0.004205947652899248,-0.205,287.54932691322614,0.0,0.0,-0.5849918065814753,-2.265067422768324,0.0,0.0,-1.0,-23.973883426896414
-0.004540820404564488,0.016172238040792593,-0.205,287.5443044218046,0.0,0.0,-0.5779743128634451,0.2527077040063869,0.0,0.0,-1.0,-23.498815051425076
0.009124108712603354,-0.014453441603364913,-0.205,287.45739456507715,0.0,0.0,-0.572581843587363,-0.876626558546091,0.0,0.0,-1.0,-26.38188345025657
0.004564650170650614,-0.012468392845068345,-0.205,287.712646320191,0.0,0.0,-0.5967917115016507,0.9777540987967489,0.0,0.0,-1.0,-26.206427647687317
0.009406762774515284,0.014516597598011542,-0.205,287.7046586213054,0.0,0.0,-0.5684738805042618,-0.79698856269141,0.0,0.0,-1.0,-25.183323533898793
-0.015119480789470004,0.005219866461766829,-0.205,287.48644913870623,0.0,0.0,-0.5896643829810508,-1.8200848709717068,0.0,0.0,-1.0,-26.064273102028405
0.01193065053651518,0.0029679284062441324,-0.205,287.82525884145633,0.0,0.0,-0.5870199629901692,1.769737112390441,0.0,0.0,-1.0,-27.512595585033097
0.008935435235964906,-0.0027650135782590715,-0.205,287.8802015524178,0.0,0.0,-0.5186355042823874,0.5906585626487533,0.0,0.0,-1.0,-28.88805597367421
-0.014103584320870579,-0.005418138429057297,-0.205,287.6288011207233,0.0,0.0,-0.597498756746744,0.6469954226694974,0.0,0.0,-1.0,-24.85803085175493
0.010447468266613733,-0.01237658300155592,-0.205,287.5086188875969,0.0,0.0,-0.5871410832357383,1.421349214984512,0.0,0.0,-1.0,-25.623420395563045
0.016614758496621782,-0.000225748122076777,-0.205,287.586388820806,0.0,0.0,-0.5809982384581844,-1.2533990685939354,0.0,0.0,-1.0,-24.477587036198294
-0.01613705170749044,0.01030735474220347,-0.205,287.4415768265913,0.0,0.0,-0.5185867350525097,0.9621688438746957,0.0,0.0,-1.0,-21.291455913882487
-0.01834903048005312,-0.002030272573159371,-0.205,287.47689435214056,0.0,0.0,-0.5398230857145656,0.39275707175819374,0.0,0.0,-1.0,-23.286318470480094
0.005074016998342076,-0.013510143904876579,-0.205,287.6638290888728,0.0,0.0,-0.5998881464143575,0.7842164768049928,0.0,0.0,-1.0,-25.8188370412745
-0.0002975366411793453,-0.013590688861295446,-0.205,287.74733914462996,0.0,0.0,-0.5985393803944447,-1.3606086797740695,0.0,0.0,-1.0,-27.12523770610833
-0.006433155291789411,0.0177875109556425,-0.205,287.35675279370673,0.0,0.0,-0.5261451184755672,-0.4010476853042903,0.0,0.0,-1.0,-25.2620565175115
0.011486119257975654,0.006083875134022139,-0.205,287.81634561695967,0.0,0.0,-0.5946794065783587,-0.39254503687752906,0.0,0.0,-1.0,-26.087995833522978
0.012444710101340113,0.008799893857058124,-0.205,287.69096538626957,0.0,0.0,-0.5966626321758833,1.354638442937731,0.0,0.0,-1.0,-25.76757412046229
0.0011722458264492926,-0.013911560517100628,-0.205,287.67999715725745,0.0,0.0,-0.5997162952568701,0.20345004337864572,0.0,0.0,-1.0,-25.67162679846517
0.01271346377128412,0.00017525272834280402,-0.205,287.73174208846837,0.0,0.0,-0.5920005575352653,-1.7551799721648296,0.0,0.0,-1.0,-27.82056513801971
-0.005830555240117673,0.014344595913874849,-0.205,287.5006384600339,0.0,0.0,-0.5948301040003562,0.657514631528115,0.0,0.0,-1.0,-26.864227844454277
-0.011204543569714565,-0.0005591584334515044,-0.205,287.8727837234236,0.0,0.0,-0.5688128288266676,0.5096820770251356,0.0,0.0,-1.0,-28.652776737904418
0.0052533726328926385,0.01262562790553204,-0.205,287.6544353614002,0.0,0.0,-0.5988778257709363,-0.10798838798144272,0.0,0.0,-1.0,-27.617143195378556
0.017232118187868527,-0.00977247087611792,-0.205,287.45040370539164,0.0,0.0,-0.4950819862657529,0.15115720667136967,0.0,0.0,-1.0,-22.612924485998047
-0.009925301195390932,0.0010181704706662845,-0.205,287.80501792106884,0.0,0.0,-0.5380496103313177,-0.24260202479837328,0.0,0.0,-1.0,-27.70122477371246
-0.009104294553765694,0.014051249471572167,-0.205,287.5042461363696,0.0,0.0,-0.578909919823341,1.243442249829146,0.0,0.0,-1.0,-24.116684654006164
-0.005718397664854653,-0.007788273487246296,-0.205,287.9472592211368,0.0,0.0,-0.5285710471386931,0.5256417257179201,0.0,0.0,-1.0,-29.3251453117809
-0.01673096029476734,-0.006149781873445337,-0.205,287.5971746506656,0.0,0.0,-0.5566183370318029,-1.5245229620344096,0.0,0.0,-1.0,-23.374109021628563
-0.013782784522644706,-0.0034111905468631487,-0.205,287.69233199054537,0.0,0.0,-0.5999910481708214,1.2549173658835107,0.0,0.0,-1.0,-27.413803526675913
0.015675085931673792,0.012309311433025065,-0.205,287.5812329468526,0.0,0.0,-0.49049337098586665,0.9766236283087101,0.0,0.0,-1.0,-23.18650624368966
0.014227835981709902,0.004100619215339978,-0.205,287.7275435006517,0.0,0.0,-0.5989472564973808,-2.642564591892472,0.0,0.0,-1.0,-25.187370613884443
0.0065052039312234215,-0.016284780803755037,-0.205,287.5136393671435,0.0,0.0,-0.5633565958093308,1.5831166209535903,0.0,0.0,-1.0,-24.372608932789696
0.016885262278830325,-0.002447157273607366,-0.205,287.5215214106827,0.0,0.0,-0.5731721069933634,0.0724790583510182,0.0,0.0,-1.0,-24.628815920613775
0.0059377924684171045,-0.018346698151703714,-0.205,287.34573783734123,0.0,0.0,-0.5140152947362949,-1.2372238669132618,0.0,0.0,-1.0,-21.995553596168754
-0.01155522777671449,0.0016120308316582128,-0.205,287.76768322325205,0.0,0.0,-0.5773607455699097,-0.5876764264749044,0.0,0.0,-1.0,-29.35387744556954
0.01245027993055606,-0.009681439701918967,-0.205,287.60377220479035,0.0,0.0,-0.5921441600766905,-0.7716903523718439,0.0,0.0,-1.0,-25.42256365914685
0.013470092001389588,0.01468704650430852,-0.205,287.59097138618114,0.0,0.0,-0.49056566605794094,-1.4616061612423257,0.0,0.0,-1.0,-22.49549321203588
0.014254643503328984,0.013657756056234609,-0.205,287.53695817307835,0.0,0.0,-0.49765926869302535,3.2236277958727553,0.0,0.0,-1.0,-21.986574560079884
0.003992092339933577,-0.017295330944167176,-0.205,287.35989121014904,0.0,0.0,-0.5584268773943633,-1.6838961995260944,0.0,0.0,-1.0,-23.53665145875563
-0.0030276426451469407,-0.019575279560304436,-0.205,287.4701712719281,0.0,0.0,-0.4951666455308073,0.4262805914377367,0.0,0.0,-1.0,-22.23456081470688
0.01669198336916528,-0.002681907448142286,-0.205,287.5736406618854,0.0,0.0,-0.5760594775743748,-0.5427848820369463,0.0,0.0,-1.0,-22.839382518431332
-0.008374531166803163,0.013350353882903546,-0.205,287.52008547569886,0.0,0.0,-0.5922665017247577,0.749905377954633,0.0,0.0,-1.0,-25.139141015577287
0.009846432646413076,-0.007379743018899164,-0.205,287.7209149680106,0.0,0.0,-0.5871619316504192,-0.4386334427156033,0.0,0.0,-1.0,-28.206143653505777
0.001941504649442734,-0.018202166163825563,-0.205,287.5131167876399,0.0,0.0,-0.5441879193814558,1.0461926228950569,0.0,0.0,-1.0,-23.450805782076273
0.008843579781772996,0.0022309585190867197,-0.205,287.9313638138041,0.0,0.0,-0.5107139767435852,2.796178578052563,0.0,0.0,-1.0,-30.46051451904458
0.007558094400370418,-0.00662679511935369,-0.205,287.7986545734685,0.0,0.0,-0.5401894148368734,-2.1195409862088277,0.0,0.0,-1.0,-28.636839691497542
-0.014457697937628819,0.004668813299419058,-0.205,287.58658901792444,0.0,0.0,-0.5969831958782513,1.847313310678813,0.0,0.0,-1.0,-25.313896920425595
-0.013737324552475417,-0.009522015147608191,-0.205,287.6673868273787,0.0,0.0,-0.5793840752277347,-0.8792823037732619,0.0,0.0,-1.0,-24.457593004602238
0.004452885314272813,-0.018314096510161103,-0.205,287.45274537143575,0.0,0.0,-0.5282650124828895,0.514276913458906,0.0,0.0,-1.0,-22.675623154563638
0.011394795806701809,-0.007544426824007193,-0.205,287.6534985762831,0.0,0.0,-0.5988426294250345,0.2486940607901304,0.0,0.0,-1.0,-27.748888983908884
-0.010384988462683329,0.011019634474592152,-0.205,287.5898922413654,0.0,0.0,-0.5972998232582292,-0.4010783595196441,0.0,0.0,-1.0,-25.06487640976278
0.009272728634817682,0.006606929774378213,-0.205,287.8656297028548,0.0,0.0,-0.5721591291579122,-0.678099181992147,0.0,0.0,-1.0,-26.225012677791966
-0.017624865617530926,0.003661300767454772,-0.205,287.59843660373775,0.0,0.0,-0.5522488845224546,1.0059897207064958,0.0,0.0,-1.0,-25.133579858988814
-0.011130343366440774,0.006027494535990134,-0.205,287.7818732838054,0.0,0.0,-0.5913949584598261,1.045584042873352,0.0,0.0,-1.0,-28.228798998506285
-0.0078814814768633,-0.003811790684833723,-0.205,288.0005471782312,0.0,0.0,-0.4975256036685202,-0.7218937612961924,0.0,0.0,-1.0,-29.758226120759623
-0.016650542503674735,0.007244612835941513,-0.205,287.48047556090114,0.0,0.0,-0.5481630048794619,-1.6760399419004923,0.0,0.0,-1.0,-21.890846326465358
-0.009044002566917658,0.00646207229612537,-0.205,287.74796867143215,0.0,0.0,-0.5666559468686949,-2.045556403203375,0.0,0.0,-1.0,-28.866604242532823
-0.010968114996392452,0.015590499405731378,-0.205,287.3496183583862,0.0,0.0,-0.5214177642356417,-0.03669192847822431,0.0,0.0,-1.0,-21.796669892896944
0.013150528327619669,-0.010450537723982991,-0.205,287.5510922060142,0.0,0.0,-0.5779795620086077,-0.22347711860981367,0.0,0.0,-1.0,-24.64485080856929
0.005112523788796393,-0.008576004017757769,-0.205,287.8717179339338,0.0,0.0,-0.5382491549489435,1.2600957912285602,0.0,0.0,-1.0,-29.23486019980946
-0.013478936202586778,-0.003883424799334441,-0.205,287.7590897478234,0.0,0.0,-0.5998315635054784,-0.85610412385924,0.0,0.0,-1.0,-24.86438412360562
-0.015638569672980437,0.0006826172279497883,-0.205,287.5667388181537,0.0,0.0,-0.5933156744008987,-1.0482484078208023,0.0,0.0,-1.0,-27.577970701176742
-0.009455427374271817,0.01172277963757119,-0.205,287.5952916426818,0.0,0.0,-0.5977688989627813,-0.512995829795923,0.0,0.0,-1.0,-25.605216253734817
0.01584780792714433,-0.005440003093794077,-0.205,287.5337666731466,0.0,0.0,-0.5786968104445335,-0.38724384327013983,0.0,0.0,-1.0,-23.58682370228316
0.012622987311028474,0.012976928561062459,-0.205,287.54962071059936,0.0,0.0,-0.5496045448982178,0.2406023260398883,0.0,0.0,-1.0,-22.728526476600166
0.0015185861535328003,0.019761999862422146,-0.205,287.4220223814319,0.0,0.0,-0.4947048801859737,-1.8612650876809735,0.0,0.0,-1.0,-22.851919064961255
-0.011815259650792855,-0.006263355813679138,-0.205,287.76505147675755,0.0,0.0,-0.5973883149763645,-0.5903680671003799,0.0,0.0,-1.0,-27.035287690061427
-0.014080857469643899,-0.0137721993128922,-0.205,287.5286373164823,0.0,0.0,-0.4993394204560506,-1.6394202341150086,0.0,0.0,-1.0,-22.002473789074212
-0.01159940909601698,0.0022627360422581362,-0.205,287.78552662341804,0.0,0.0,-0.5799290903513461,-0.6397327651052068,0.0,0.0,-1.0,-25.955939682522
-0.0067609673001007104,-0.006559241963900025,-0.205,287.9985384759444,0.0,0.0,-0.5208280850187271,-2.061510271342038,0.0,0.0,-1.0,-28.32336003220256
0.011975842577841159,0.014535063526602532,-0.205,287.50499100693844,0.0,0.0,-0.5287160029516216,-0.12631809438255243,0.0,0.0,-1.0,-24.116523962148158
-0.004350207663481229,0.007834353841937374,-0.205,287.92743697576833,0.0,0.0,-0.5050735978181593,0.3596267430495289,0.0,0.0,-1.0,-30.605075523077353
0.010775215751608402,-0.010654740761773328,-0.205,287.5230325813648,0.0,0.0,-0.5972297418829983,-0.3761950081158925,0.0,0.0,-1.0,-26.38810523743814
0.0046221980382489284,-0.01826905651690008,-0.205,287.4469055457278,0.0,0.0,-0.5283570255890819,0.2338315212205415,0.0,0.0,-1.0,-21.325318450934898
-0.018919890083710537,-0.0011299669051942887,-0.205,287.47793124606056,0.0,0.0,-0.524920999645443,0.18385739360332887,0.0,0.0,-1.0,-21.665611669571938
0.002055850126816833,-0.012203565846294766,-0.205,287.79044456373464,0.0,0.0,-0.5880761097822388,0.5220948716731063,0.0,0.0,-1.0,-27.509098796090985
0.0065452699652690585,-0.01633851011335563,-0.205,287.4327971409571,0.0,0.0,-0.5618978829007324,-1.8399232119672928,0.0,0.0,-1.0,-21.920019376890295
0.011153386807120386,-0.01232913738418576,-0.205,287.5539660928908,0.0,0.0,-0.5808508361758182,1.252489030349066,0.0,0.0,-1.0,-24.973212419098637
-0.004644940023939109,0.007297251879889732,-0.205,287.9106070760428,0.0,0.0,-0.49358382514546323,-0.7497684099547915,0.0,0.0,-1.0,-31.35070869504775
-0.01288679970591413,-0.013376083985721234,-0.205,287.54892920659626,0.0,0.0,-0.5365538060174999,-1.086464942887577,0.0,0.0,-1.0,-23.763381860581
-0.010169954241060125,0.011017062073428702,-0.205,287.6396970951592,0.0,0.0,-0.5981242975896777,-0.43463459827159684,0.0,0.0,-1.0,-23.890654258117287
-0.007467010533075107,0.014970147058129435,-0.205,287.55005905360713,0.0,0.0,-0.5791439385053393,1.0108517482478476,0.0,0.0,-1.0,-24.738999238036413
-0.006729647453028373,-0.01607198161105274,-0.205,287.62304484589356,0.0,0.0,-0.5658116104808539,0.24973842578825498,0.0,0.0,-1.0,-23.819980973943295
0.012190326003424101,0.004369590348914905,-0.205,287.8047813176668,0.0,0.0,-0.5942631135128892,-0.053127935330507185,0.0,0.0,-1.0,-26.069541699489175
-0.012814392192975423,-0.0006967191710424685,-0.205,287.73425373694505,0.0,0.0,-0.5931891457727961,-1.842567293046068,0.0,0.0,-1.0,-28.375904025455903
0.008192391192582535,0.011567658802265096,-0.205,287.7356640623281,0.0,0.0,-0.5999808280836472,0.41323166899830455,0.0,0.0,-1.0,-24.513792686122173
0.015249824271893067,0.012221757518368159,-0.205,287.41334042214106,0.0,0.0,-0.5049265008362651,0.07813522433481396,0.0,0.0,-1.0,-21.02557197004156
0.01485103788795678,-0.007275451500634698,-0.205,287.45147664414003,0.0,0.0,-0.5822441892669991,-0.3779790246865817,0.0,0.0,-1.0,-25.822577573289305
-0.010907043010099166,-0.011697734613757569,-0.205,287.6509763562502,0.0,0.0,-0.5896810842074361,-0.9916568961734835,0.0,0.0,-1.0,-25.044240848226593
-0.00341800371934783,-0.017063915438130964,-0.205,287.536000016343,0.0,0.0,-0.5662658406843012,1.1910779540323386,0.0,0.0,-1.0,-25.537316097495747
-0.008570464322445962,-0.0121686587426759,-0.205,287.7234743892299,0.0,0.0,-0.5986365605965448,0.7746379200273158,0.0,0.0,-1.0,-25.42409383002563
0.003928525203191135,0.008456285525934379,-0.205,288.0094128700314,0.0,0.0,-0.5176624829497997,-0.22529841966204311,0.0,0.0,-1.0,-29.192694358727923
0.019150936361515897,-0.0024114629265902733,-0.205,287.4491572795141,0.0,0.0,-0.5133812391213964,-0.14206027600586654,0.0,0.0,-1.0,-21.742619944862092
-0.0030388862399360244,-0.010074237946152288,-0.205,287.960015236384,0.0,0.0,-0.552851346877416,0.5455786207819928,0.0,0.0,-1.0,-29.58452255997936
-0.01768139816168213,0.0056146940643958575,-0.205,287.4286045426893,0.0,0.0,-0.5372102520841254,0.32150240674194236,0.0,0.0,-1.0,-24.70725837055646
0.002743142292885271,0.01036288677933861,-0.205,287.832976006403,0.0,0.0,-0.5577083935580786,1.2332683795837307,0.0,0.0,-1.0,-28.891926737170024
-0.0018856996022685454,0.018750961792584196,-0.205,287.4917528950733,0.0,0.0,-0.5283311335124,1.327510245783326,0.0,0.0,-1.0,-23.430523809388806
0.009356614524986567,0.00169373749847484,-0.205,287.91676630481476,0.0,0.0,-0.5237120700722397,-0.6188584052461291,0.0,0.0,-1.0,-29.906129683048768
0.008894102685676227,0.008872960845081096,-0.205,287.8530476314235,0.0,0.0,-0.5903445158769975,1.5576889087618415,0.0,0.0,-1.0,-28.29104956649792
0.0003696953121665781,0.00873300838735126,-0.205,288.01020331609845,0.0,0.0,-0.49700183059227954,0.5793540281173116,0.0,0.0,-1.0,-30.793282050575645
-0.007932401559220611,-0.01289352077345253,-0.205,287.66861489148573,0.0,0.0,-0.5973226590612984,-0.21907142856833278,0.0,0.0,-1.0,-25.642117105560782
-0.0015174818115435557,-0.013132240564499308,-0.205,287.7106913195651,0.0,0.0,-0.5963971387828902,0.7518752418450959,0.0,0.0,-1.0,-27.392540609267282
-0.00847285633749037,-0.016099390365083465,-0.205,287.61119270162754,0.0,0.0,-0.5472433862109702,-0.22866621477455126,0.0,0.0,-1.0,-23.41753876240948
-0.008976190412397514,0.009425030839052904,-0.205,287.72764979785813,0.0,0.0,-0.5948282154218615,-1.2239673746718165,0.0,0.0,-1.0,-25.629239822971048
0.013095647746701033,0.010247321559621879,-0.205,287.67156966738924,0.0,0.0,-0.5808033304438276,0.6836914662100192,0.0,0.0,-1.0,-25.163239559067623
-0.01384538680198918,0.011885877418882777,-0.205,287.48359020659524,0.0,0.0,-0.5457724986630507,-0.7945425626088304,0.0,0.0,-1.0,-22.554278666116847
-0.010635332774471174,0.00811471615524142,-0.205,287.6351541653543,0.0,0.0,-0.5974169347456213,-0.47286593373577546,0.0,0.0,-1.0,-26.623055208537476
-0.01155789632430197,-0.0074077118177955665,-0.205,287.775363808945,0.0,0.0,-0.5990754576928081,0.3342981162444271,0.0,0.0,-1.0,-28.71057613637207
0.003089541426708619,0.015416954405907062,-0.205,287.6440767638349,0.0,0.0,-0.5926320906737585,1.3550724839036599,0.0,0.0,-1.0,-25.227551018310717
-0.011637761079930163,0.015808055590308543,-0.205,287.3487936464243,0.0,0.0,-0.5017795322106073,1.3432921456162132,0.0,0.0,-1.0,-22.52763294698883
-0.004093962093731398,-0.015357064934354625,-0.205,287.7306655780882,0.0,0.0,-0.5908348305637322,0.6914478287655401,0.0,0.0,-1.0,-24.253963544269904
0.01138273709632146,0.011116500956750782,-0.205,287.6937997574243,0.0,0.0,-0.5906432891666912,0.06299161313135755,0.0,0.0,-1.0,-26.074940538584606
0.012105482260426093,0.0027658851635031464,-0.205,287.73992778234344,0.0,0.0,-0.5886034481365348,1.1548591373834938,0.0,0.0,-1.0,-27.158791368399985
0.006896498037976327,0.01152473622738241,-0.205,287.76662664377363,0.0,0.0,-0.5977215440114059,1.3481387409417527,0.0,0.0,-1.0,-26.79340879082786
0.008523868337294245,0.0016733880793284646,-0.205,287.92867421678494,0.0,0.0,-0.4949631043194286,0.18707274392065273,0.0,0.0,-1.0,-31.07713576734629
-0.011420280591521061,-0.0027069218032656924,-0.205,287.8968360052368,0.0,0.0,-0.5785639754085989,-0.45835155335903294,0.0,0.0,-1.0,-25.964330432338752
-0.008223181906462455,-0.017777424480606912,-0.205,287.48019009029326,0.0,0.0,-0.5033324879571347,0.5981246913488896,0.0,0.0,-1.0,-21.194778278132503
-0.011846812926840672,-0.009991130621507163,-0.205,287.7159258592155,0.0,0.0,-0.5947195065611078,1.6656019587059352,0.0,0.0,-1.0,-24.715837623348644
0.008034418297700597,0.010513363901609438,-0.205,287.6802840183764,0.0,0.0,-0.5964823428620111,-0.951919460855682,0.0,0.0,-1.0,-26.199942770188837
0.006454041898330502,0.014787561966859123,-0.205,287.69324094154274,0.0,0.0,-0.5879464626887158,0.2533561592768268,0.0,0.0,-1.0,-24.240242478796254
0.012962569706117137,0.007624373530289089,-0.205,287.7518912744559,0.0,0.0,-0.5978896076129964,-0.34024157465360855,0.0,0.0,-1.0,-25.553744817987624
0.003754665974358002,-0.014912363460694453,-0.205,287.60774675084974,0.0,0.0,-0.5956837606993154,0.356767842733605,0.0,0.0,-1.0,-25.258342447797737
-0.010446651165996888,-0.0012801975168421835,-0.205,287.8550042547646,0.0,0.0,-0.5529070136357495,-1.4208567196448723,0.0,0.0,-1.0,-27.854891311135766
0.003988124188153808,-0.00802860464687938,-0.205,287.8768899875988,0.0,0.0,-0.5051981541593301,0.5888514970979327,0.0,0.0,-1.0,-29.68847183100353
0.0011485072181737863,0.013739293474974486,-0.205,287.77267778277707,0.0,0.0,-0.599273193718896,-0.8398407852438379,0.0,0.0,-1.0,-26.252836244117436
-0.013458927867796037,0.008616460987821659,-0.205,287.63226042357735,0.0,0.0,-0.5898339177224036,1.0869125136828484,0.0,0.0,-1.0,-24.058382878470905
-0.010032445375915052,-0.007805655862716162,-0.205,287.9049978468639,0.0,0.0,-0.5919658269234491,0.12226058632121987,0.0,0.0,-1.0,-27.056520291360798
0.013712752755270553,-0.007820082175676014,-0.205,287.55489687536385,0.0,0.0,-0.5919950506268753,-0.2412286310317243,0.0,0.0,-1.0,-24.52909036324726
-0.00523072301189674,-0.007667911237113413,-0.205,287.96063173043996,0.0,0.0,-0.5162464217367722,-0.015332742536944477,0.0,0.0,-1.0,-29.105149796979664
0.011539471717976837,-0.0051955811900995345,-0.205,287.7997215202221,0.0,0.0,-0.591368567704817,-2.9509073795218344,0.0,0.0,-1.0,-26.642343894563716
0.005522130924764421,0.018299569623220876,-0.205,287.54430078496637,0.0,0.0,-0.5196931514040387,0.019535477583248865,0.0,0.0,-1.0,-22.967222259798767
-0.0078645235261689,-0.016696317464971782,-0.205,287.60311977238047,0.0,0.0,-0.5399710041320624,-1.801880824827752,0.0,0.0,-1.0,-24.73296015133792
-0.004156557166597845,-0.013182892154679621,-0.205,287.68525125735465,0.0,0.0,-0.5993802343194222,0.018337092716113303,0.0,0.0,-1.0,-26.87653430582556
0.011796999888801604,0.007326222927106483,-0.205,287.7998683448816,0.0,0.0,-0.5995522981100513,-0.203554119463998,0.0,0.0,-1.0,-25.416852693558738
0.011744989351580932,-0.004330133332167769,-0.205,287.7418259783143,0.0,0.0,-0.5898172988937447,-0.15000197334765383,0.0,0.0,-1.0,-26.89628118159087
-0.01276675796930685,0.008402559434911512,-0.205,287.6140656807573,0.0,0.0,-0.596373472604355,1.0129148579889264,0.0,0.0,-1.0,-24.788621103994842
-0.005416530027809109,0.01430541492074154,-0.205,287.5804612564244,0.0,0.0,-0.5962833057934073,0.12976985770457386,0.0,0.0,-1.0,-24.669797800672285
-0.01438104251757549,0.012992821308795822,-0.205,287.34224981928827,0.0,0.0,-0.5106527047204423,-0.7967887548569577,0.0,0.0,-1.0,-21.43828797526741
-0.008023302734081009,-0.01224872451466239,-0.205,287.7376957536735,0.0,0.0,-0.5994770321718701,0.5645123634879002,0.0,0.0,-1.0,-26.247694492493636
-0.0043490700866649305,-0.012752292372145781,-0.205,287.8306484741991,0.0,0.0,-0.5979538707320512,1.198059705459742,0.0,0.0,-1.0,-24.50976474078475
-0.005258847738821152,0.012558501538065798,-0.205,287.6685471304405,0.0,0.0,-0.5986321354886857,-1.462989881393079,0.0,0.0,-1.0,-25.75530105774865
0.009562512262591551,0.007760939773020786,-0.205,287.875343397473,0.0,0.0,-0.5873014845760555,0.11328535211984386,0.0,0.0,-1.0,-26.89395186248565
-0.017030057209014078,-0.003997931256953951,-0.205,287.5529568737843,0.0,0.0,-0.5643088399454652,-2.2609565191720473,0.0,0.0,-1.0,-21.8228967650019
0.012085044311838863,0.010350251477512744,-0.205,287.6772267321087,0.0,0.0,-0.5906317031878039,-2.056290277895218,0.0,0.0,-1.0,-23.016563747450988
-0.002111581000845908,-0.0164634082473893,-0.205,287.5854759386081,0.0,0.0,-0.5812865684542888,-0.5707750913447236,0.0,0.0,-1.0,-23.054773104216874
0.00750528503212047,-0.016188601805084833,-0.205,287.457642955793,0.0,0.0,-0.556171384435887,0.6737798770545165,0.0,0.0,-1.0,-24.406863997698103
-0.008799949160826841,-0.017213200885760366,-0.205,287.51636486050757,0.0,0.0,-0.512348739600381,-1.6232481377908032,0.0,0.0,-1.0,-21.575048236170357
0.013997177768784301,-0.0033572727087442856,-0.205,287.600784332687,0.0,0.0,-0.5999294600203429,-1.9233894026928577,0.0,0.0,-1.0,-25.089160231957464
0.008150322788062107,0.0029428423135499783,-0.205,288.0030239333363,0.0,0.0,-0.4941597257534948,0.8407313557440987,0.0,0.0,-1.0,-28.736173181331214
0.014266312745585956,0.009608981924607251,-0.205,287.66788908071686,0.0,0.0,-0.5704556672141248,-1.390015783847695,0.0,0.0,-1.0,-24.017727489696167
-0.008784552971994078,-0.001927464717848363,-0.205,287.94198193234746,0.0,0.0,-0.506233785950714,1.6450944609618792,0.0,0.0,-1.0,-30.990950392426218
0.00038539023657062577,-0.013290489803776903,-0.205,287.7401418595718,0.0,0.0,-0.5969119491063423,-2.3105885393432257,0.0,0.0,-1.0,-28.38234034498536
0.009063277519510629,0.0036758314403022266,-0.205,287.9207321895746,0.0,0.0,-0.5322031888669426,0.5170825137208847,0.0,0.0,-1.0,-28.610505643110464
-0.009879634242752264,-0.0004192156513716736,-0.205,287.90789385813844,0.0,0.0,-0.5354458652123613,-0.10682253320662799,0.0,0.0,-1.0,-29.219923732181982
0.012008021305868439,0.009595939621165183,-0.205,287.7329585927083,0.0,0.0,-0.5957337667107894,-1.921598790241591,0.0,0.0,-1.0,-26.088844045672577
0.01546260968222166,-0.0021804069817639173,-0.205,287.61588201804636,0.0,0.0,-0.5936715960513814,1.8520721100077797,0.0,0.0,-1.0,-26.532067506129493
0.019382237271969152,0.002713510263452878,-0.205,287.55446449435453,0.0,0.0,-0.5039082063921965,0.8092127914433448,0.0,0.0,-1.0,-22.7945107290769
-0.012021635269486994,-0.0013390281250778167,-0.205,287.8247128633044,0.0,0.0,-0.584254480824539,1.768406527766883,0.0,0.0,-1.0,-29.11389925528764
0.012864945224698105,-0.008219166605429139,-0.205,287.5320568470189,0.0,0.0,-0.5964945337204146,0.9261972342895483,0.0,0.0,-1.0,-25.12980151209183
-0.014735592298987958,-0.002890475586315037,-0.205,287.66878873188,0.0,0.0,-0.5980066755575968,0.5320410269638828,0.0,0.0,-1.0,-25.76719724703778
0.010314889632281098,0.0088366606395675,-0.205,287.7966651877113,0.0,0.0,-0.5984878412068417,1.432932787820546,0.0,0.0,-1.0,-25.12197488990538
0.0011793550127023379,-0.012006325804471588,-0.205,287.78732310712604,0.0,0.0,-0.5837851109892063,-0.2329473608740396,0.0,0.0,-1.0,-28.217311138797033
-0.0007668252501055871,-0.019251639392535356,-0.205,287.5417032308115,0.0,0.0,-0.5145860166482067,-1.3859606899790187,0.0,0.0,-1.0,-23.2214335317786
-0.016695054299800775,-0.007993725361038552,-0.205,287.5507889071844,0.0,0.0,-0.538411375233292,1.6228354217492684,0.0,0.0,-1.0,-22.332359820616567
-0.010103711956452401,0.007224213215774123,-0.205,287.6857831857783,0.0,0.0,-0.5886441883954016,-0.15254338247281837,0.0,0.0,-1.0,-25.623744415853384
0.01694148120038214,-0.006126954860738875,-0.205,287.4615272749759,0.0,0.0,-0.5518860253962445,-1.4512310430363629,0.0,0.0,-1.0,-22.886951561184592
0.0026635933942906827,-0.017537401189301544,-0.205,287.48372483914255,0.0,0.0,-0.5587009413678143,-1.6681597749093129,0.0,0.0,-1.0,-25.02826927839255
0.009780817652030378,-0.01156730631236644,-0.205,287.69053460944633,0.0,0.0,-0.5972623902328111,-1.4012094943406288,0.0,0.0,-1.0,-24.238773506564748
-0.0011951520000217084,-0.009617109841468172,-0.205,287.8751745466069,0.0,0.0,-0.5294690793780696,0.4675865483412563,0.0,0.0,-1.0,-30.071044558081542
-0.01646418127491832,0.008035057697203746,-0.205,287.4193709937056,0.0,0.0,-0.5437790078172262,1.6763999335688975,0.0,0.0,-1.0,-24.802745799060563
0.005345140601641925,0.008499177711643553,-0.205,288.0353401620262,0.0,0.0,-0.5398590200302257,-0.06889172800220768,0.0,0.0,-1.0,-28.79219673420503
0.01055244841390378,0.01661115830115168,-0.205,287.5795845461088,0.0,0.0,-0.4999573740319447,-1.4670362603063118,0.0,0.0,-1.0,-22.224068029324172
0.009741394067576714,-0.0017025920737466854,-0.205,287.9222271645632,0.0,0.0,-0.5354618249210372,-1.3631197152822643,0.0,0.0,-1.0,-29.33606162438325
0.004799021513839853,-0.01611451781846351,-0.205,287.53473698136355,0.0,0.0,-0.5776915190523061,1.7142272825173328,0.0,0.0,-1.0,-24.887613948199036
-0.015126462983626554,-0.011192042575818443,-0.205,287.61726719347035,0.0,0.0,-0.5292250088048246,1.156275468431175,0.0,0.0,-1.0,-21.927878444562957
0.01755677967739797,-0.004780132704870911,-0.205,287.3984132376586,0.0,0.0,-0.5471620797283633,-0.9135405006825235,0.0,0.0,-1.0,-23.434866429301028
-0.015229148452042067,-0.008916764480796206,-0.205,287.60211312154564,0.0,0.0,-0.5608270567176166,1.2628468524179384,0.0,0.0,-1.0,-24.34554924546196
-0.00855975774411328,0.017280831934487564,-0.205,287.3541300452678,0.0,0.0,-0.5139817259999949,-2.428734750188462,0.0,0.0,-1.0,-21.85180057229465
-0.0014750386025086221,0.010649649683203425,-0.205,287.7846976373262,0.0,0.0,-0.5584599687687264,0.25540670057185855,0.0,0.0,-1.0,-29.636064166392387
-0.00957370066004904,0.0014219499362291815,-0.205,287.8914244352794,0.0,0.0,-0.5290859685840258,0.8043477227090229,0.0,0.0,-1.0,-28.80026203103331
-0.0025797150969145404,0.013849417942147889,-0.205,287.74434314588143,0.0,0.0,-0.5999105313323057,-3.08507889187424,0.0,0.0,-1.0,-24.735611543909616
-0.0067196140415735454,-0.013386947817288967,-0.205,287.7751679373779,0.0,0.0,-0.5981976484933916,0.20479821929119968,0.0,0.0,-1.0,-25.625788066785223
0.003919879041170231,0.018584816265013192,-0.205,287.45320949047783,0.0,0.0,-0.5236353088564372,0.6291500277765363,0.0,0.0,-1.0,-22.957965812984654
1.2652876628426298e-05,-0.010337366360321058,-0.205,287.9076702234001,0.0,0.0,-0.5480490112529706,-0.3803191221068291,0.0,0.0,-1.0,-27.925378107384084
-0.01776506958395687,-0.004518021415894705,-0.205,287.51438074353933,0.0,0.0,-0.5434931287944705,-0.591976454446004,0.0,0.0,-1.0,-23.200819229932353
-0.014874855840024381,0.007490372110773496,-0.205,287.5925488870424,0.0,0.0,-0.5803822767693958,1.6265121069000352,0.0,0.0,-1.0,-22.964321866581642
0.003744119559661611,0.014882535373414349,-0.205,287.7396448482219,0.0,0.0,-0.5959215076835988,1.2552873068482382,0.0,0.0,-1.0,-25.136355481606493
0.010520136753483914,-0.006267580734071753,-0.205,287.72875427978414,0.0,0.0,-0.5863665418730647,-0.9484598640173582,0.0,0.0,-1.0,-27.820525220892034
-0.01779169567468626,0.008325326229512507,-0.205,287.4178836449191,0.0,0.0,-0.5012923119351453,2.291447194379824,0.0,0.0,-1.0,-22.246437861688424
-0.003027703600151066,0.008282239864664606,-0.205,287.8623893740759,0.0,0.0,-0.49987833322287517,1.2175574016922912,0.0,0.0,-1.0,-29.669092636270673
-0.010920285123287545,0.01167983884647255,-0.205,287.6185578468881,0.0,0.0,-0.5897288822954673,-0.5017286574371296,0.0,0.0,-1.0,-27.3127740774529
-0.01467031321143442,-0.0030128372097459185,-0.205,287.7295627525282,0.0,0.0,-0.5982089098357463,0.6779960354393063,0.0,0.0,-1.0,-22.99793756229097
-0.015612901109811934,0.01217015636859214,-0.205,287.32373855946446,0.0,0.0,-0.49562601678786783,1.7756343270634534,0.0,0.0,-1.0,-21.54748820408501
0.00726667429762519,-0.007987967244868239,-0.205,287.78400076472553,0.0,0.0,-0.5595778297976061,1.087810214731212,0.0,0.0,-1.0,-28.058021061178597
0.006041102083715929,0.007288187735658421,-0.205,287.9851896626698,0.0,0.0,-0.5223452245698536,-2.040797933275546,0.0,0.0,-1.0,-29.59278682772551
-0.01736453957149343,-0.0011135597199421028,-0.205,287.6157624970103,0.0,0.0,-0.5663228200524469,0.9212728454817443,0.0,0.0,-1.0,-23.201253062449762
0.009947425486547996,0.008162767864831702,-0.205,287.7959474050923,0.0,0.0,-0.5935173052420185,-0.6935548304879845,0.0,0.0,-1.0,-27.0825067653351
-0.004547337987254152,-0.018045963344114672,-0.205,287.55018167222505,0.0,0.0,-0.5354871729716844,0.21803120539112034,0.0,0.0,-1.0,-22.13025236610272
-0.002779826889805132,-0.018182629487067396,-0.205,287.52877845070054,0.0,0.0,-0.5417259631077322,1.3621907331532679,0.0,0.0,-1.0,-23.886637111437583
0.0014438969152444484,0.013477537490922929,-0.205,287.8253407418502,0.0,0.0,-0.5983592235663711,-1.3948098046224007,0.0,0.0,-1.0,-25.80005078535294
-0.01625082728427764,0.006405665522396538,-0.205,287.49913121182976,0.0,0.0,-0.5648634556450672,-2.121485302063515,0.0,0.0,-1.0,-23.764508439835044
0.011314157100405033,-0.005586358000261134,-0.205,287.69768448808605,0.0,0.0,-0.5909630667728522,-0.6535079680189487,0.0,0.0,-1.0,-26.944899898843385
0.002759541002436784,0.01839106581063926,-0.205,287.5431704335229,0.0,0.0,-0.5358752796374479,0.7507367565400412,0.0,0.0,-1.0,-24.252164434960726
-0.007480363736786578,0.014022852244941639,-0.205,287.61557519406256,0.0,0.0,-0.5908361436927383,3.2867732677765944,0.0,0.0,-1.0,-24.089694471957444
0.009810003351840875,-0.015847312604428225,-0.205,287.3843382012302,0.0,0.0,-0.5346595511463076,0.3305333171737729,0.0,0.0,-1.0,-21.640101734075248
-0.005513160007818287,0.013768060144841313,-0.205,287.52970484296895,0.0,0.0,-0.5988550135033667,-0.6805521176608459,0.0,0.0,-1.0,-25.923551750093388
0.003424442034926535,0.008373938903123006,-0.205,288.01533331857433,0.0,0.0,-0.508134706087484,-0.7283931374805256,0.0,0.0,-1.0,-31.510489904763723
0.00744084051176214,-0.015377013407483634,-0.205,287.46645191631075,0.0,0.0,-0.572769324270534,-2.273527618129736,0.0,0.0,-1.0,-23.25212965763009
0.016873901113841384,-0.003366491243668421,-0.205,287.49836783139364,0.0,0.0,-0.5703382189837046,-0.49029302721995044,0.0,0.0,-1.0,-25.540452493695394
-0.01223124480638902,0.014221247582897159,-0.205,287.34374613451615,0.0,0.0,-0.5310481002283961,0.33837328394668625,0.0,0.0,-1.0,-24.635723922662464
0.009214298231102662,-0.0012418386657482771,-0.205,287.9623132424739,0.0,0.0,-0.516768493756003,-0.6963166250087731,0.0,0.0,-1.0,-29.440157718366475
0.0034255342318200693,0.01668585545615875,-0.205,287.6338095815279,0.0,0.0,-0.573700412773968,-0.6016690169530764,0.0,0.0,-1.0,-24.23751284151202
-0.01752241529391627,0.0050408659329304615,-0.205,287.36403435295074,0.0,0.0,-0.5461610988092983,0.8857741137848429,0.0,0.0,-1.0,-21.506357949467798
-0.011317299452991519,-0.002491292687629288,-0.205,287.8750445950636,0.0,0.0,-0.5759570408707964,0.5665879952330114,0.0,0.0,-1.0,-27.15966949587111
0.006369621070027977,0.012736777815602387,-0.205,287.70291083067065,0.0,0.0,-0.5999997065900756,1.2520125458767193,0.0,0.0,-1.0,-27.54985208548721
-0.0009057822071779319,0.00935897481178992,-0.205,287.8581732955071,0.0,0.0,-0.5202636835748163,-0.03347680371890782,0.0,0.0,-1.0,-26.18125961604968
-0.015375363516178643,0.009471217255348243,-0.205,287.4503068571753,0.0,0.0,-0.5507799604421002,0.33305472274238157,0.0,0.0,-1.0,-21.80529027454351
-0.013318374413673126,-0.0020379647661903128,-0.205,287.77974176861164,0.0,0.0,-0.5979532890560558,2.1971091805363687,0.0,0.0,-1.0,-26.675960081818204
-0.0019783109678833495,-0.012915866322852212,-0.205,287.7933530933242,0.0,0.0,-0.595246684477016,1.9507172587813664,0.0,0.0,-1.0,-28.42760807518179
0.003154001032878394,-0.01113251676616376,-0.205,287.7569701616743,0.0,0.0,-0.5756383830871669,0.7610628470828765,0.0,0.0,-1.0,-27.90032158857643
0.0168619184437728,0.004507621893610138,-0.205,287.63523443143754,0.0,0.0,-0.5651623662256082,0.40818908973743534,0.0,0.0,-1.0,-23.138157717878908
0.0009276139119530001,-0.019420913502335106,-0.205,287.4167693169577,0.0,0.0,-0.5084827746098507,0.3042615866905941,0.0,0.0,-1.0,-23.84757688947572
-0.013758110573612075,-0.009970497043353461,-0.205,287.65172792162326,0.0,0.0,-0.5745025335045236,1.550138327654748,0.0,0.0,-1.0,-23.76190217733446
-0.0007836706541130656,-0.01662546732494417,-0.205,287.5003421211273,0.0,0.0,-0.5805518208657091,-0.3886446276006421,0.0,0.0,-1.0,-25.20432995805019
0.01539986755721952,0.003353938102391067,-0.205,287.64219896350045,0.0,0.0,-0.5922534614429077,0.30838672631124137,0.0,0.0,-1.0,-23.34865940280264
0.015984253037440166,-0.003116168425517449,-0.205,287.5360907571922,0.0,0.0,-0.5859440657589462,1.1261258494017992,0.0,0.0,-1.0,-23.894394917929127
-0.007432045080608858,0.004208978998144145,-0.205,287.9075065161587,0.0,0.0,-0.4893991676129649,0.07834018664168822,0.0,0.0,-1.0,-28.88685989938457
-0.011421271928012627,-0.010344556491063878,-0.205,287.6631029121408,0.0,0.0,-0.5954368773668931,0.3283979348747203,0.0,0.0,-1.0,-25.27648103128223
-0.004543365693251207,-0.017146607909909906,-0.205,287.54544914598904,0.0,0.0,-0.5587055032976387,0.6648916568972942,0.0,0.0,-1.0,-23.656504984887366
-0.011157389140311573,0.006983276343851576,-0.205,287.699124110611,0.0,0.0,-0.5959871516186321,-0.5222352456524127,0.0,0.0,-1.0,-26.586460391039775
0.009424294897370133,0.003635214346700502,-0.205,287.9718242954903,0.0,0.0,-0.5415850276934678,-1.0566902319416525,0.0,0.0,-1.0,-28.084443702328784
-0.008141891070710615,0.008124044190111382,-0.205,287.7466143879541,0.0,0.0,-0.5743689460348474,0.25077874812510065,0.0,0.0,-1.0,-28.12903391694307
-0.006916451023561795,-0.016805596175355726,-0.205,287.5527829032843,0.0,0.0,-0.5477677138220004,-0.4590069067922664,0.0,0.0,-1.0,-23.79893539959951
0.014739398691998331,0.009250114298025944,-0.205,287.73271622261876,0.0,0.0,-0.5662937921835209,-1.0193686666081492,0.0,0.0,-1.0,-24.155498161445074
0.002517182202808686,-0.015925666893319125,-0.205,287.5244782656389,0.0,0.0,-0.5880902001326695,-0.3069518998252922,0.0,0.0,-1.0,-23.608225448227415
0.00011576703183544391,-0.01016152161104679,-0.205,287.85061804890046,0.0,0.0,-0.5432925034284058,-1.0673688494823337,0.0,0.0,-1.0,-28.819205773240977
-0.004297496948674894,-0.016403428483171684,-0.205,287.5887728295448,0.0,0.0,-0.5751318167926472,0.465889804396342,0.0,0.0,-1.0,-24.64129805124764
-0.01957713424215629,0.0038852273324693843,-0.205,287.38824002828295,0.0,0.0,-0.4893967959824533,0.21596884512009487,0.0,0.0,-1.0,-23.296050799930125
-0.013281353160201933,-0.008895133897104458,-0.205,287.67937559371876,0.0,0.0,-0.5897854944320241,-0.706740573971857,0.0,0.0,-1.0,-23.912789795078854
-0.009074384094213314,0.003972306683887896,-0.205,287.83167024883954,0.0,0.0,-0.5359544489281525,0.6156119516208695,0.0,0.0,-1.0,-28.818925945228965
-0.008047652937604656,-0.008059490894620528,-0.205,287.8640648634453,0.0,0.0,-0.5722317151283005,-1.050437549880677,0.0,0.0,-1.0,-27.93047197440391
0.006067359582542727,-0.009693491801883003,-0.205,287.8934838535615,0.0,0.0,-0.5731231082904048,2.279609484739097,0.0,0.0,-1.0,-29.854485441929693
0.010978422067587115,-0.007592840882923669,-0.205,287.68094619631125,0.0,0.0,-0.5972407823086936,-0.1562082916555134,0.0,0.0,-1.0,-25.961164731020386
-0.006169902197280545,0.011717455299759271,-0.205,287.6371911318328,0.0,0.0,-0.5965560157545288,-1.432985045932701,0.0,0.0,-1.0,-27.648599378027562
-0.016825330353201308,-0.00322063832698377,-0.205,287.58296704620363,0.0,0.0,-0.5718367420961206,0.6666041386108189,0.0,0.0,-1.0,-24.826638715730386
0.0018399818974060515,-0.008423157647716159,-0.205,287.9877334065412,0.0,0.0,-0.4925023304596475,-1.4643607430269385,0.0,0.0,-1.0,-32.180563837835805
-0.004213745049251128,-0.008546022588156463,-0.205,287.97166248746765,0.0,0.0,-0.5243449305777239,-0.8674283769300097,0.0,0.0,-1.0,-29.500438786476824
0.016081720952048677,0.00842978546867146,-0.205,287.56491173943834,0.0,0.0,-0.5481936416951043,-0.9910339540770131,0.0,0.0,-1.0,-24.434999312312254
-0.008117648217414458,-0.006609053551423107,-0.205,287.9631907131912,0.0,0.0,-0.5514559991057065,0.7375717034317915,0.0,0.0,-1.0,-29.48252337152299
0.002552939673785795,0.01010617944972323,-0.205,287.8961133917425,0.0,0.0,-0.5503147123546752,-1.615827256286151,0.0,0.0,-1.0,-29.202432095282322
0.0023228194734835157,0.013603099809489682,-0.205,287.70507259008855,0.0,0.0,-0.5993127810105234,0.7996872493108381,0.0,0.0,-1.0,-23.833794505016222
0.011547714080993088,-0.004606242458642392,-0.205,287.75033877451887,0.0,0.0,-0.588790046303422,-2.0109639101249766,0.0,0.0,-1.0,-25.733516265565758
0.010017322107763103,0.01643121361515085,-0.205,287.5127279589434,0.0,0.0,-0.5153641841078832,-1.2461485559793293,0.0,0.0,-1.0,-22.408290621951284
-0.003284040015350812,-0.012312910258378664,-0.205,287.8125397567743,0.0,0.0,-0.5922964924938815,0.35792811057785695,0.0,0.0,-1.0,-27.610863686362304
-0.0036081533300277514,0.008273988684839258,-0.205,287.8952102938437,0.0,0.0,-0.5074064442500655,0.17592395036268954,0.0,0.0,-1.0,-29.81120512512526
-0.007934698667833463,-0.006721395214740869,-0.205,287.96040075797464,0.0,0.0,-0.5496693604804349,-0.6521539837780751,0.0,0.0,-1.0,-29.976619230049646
-0.0008453983012889122,-0.009103878977803874,-0.205,287.8829773503327,0.0,0.0,-0.5114923380788433,-1.6274987884335919,0.0,0.0,-1.0,-28.178666963174415
-0.010875859577905283,0.003474786054116584,-0.205,287.8570146293451,0.0,0.0,-0.5727724619813486,1.6789852021451594,0.0,0.0,-1.0,-29.136598592411147
0.019730386354839882,0.0031356360075841284,-0.205,287.4050858634267,0.0,0.0,-0.4886570531610246,1.6271158579515517,0.0,0.0,-1.0,-22.69458890203273
0.009899464793377388,0.0071011464565015146,-0.205,287.87322673936393,0.0,0.0,-0.585501110015745,-0.9585586040553004,0.0,0.0,-1.0,-28.037817502561936
0.009170942343288625,0.016201822058495553,-0.205,287.55287360480924,0.0,0.0,-0.535272252384365,0.23719587054643285,0.0,0.0,-1.0,-21.87231736944999
0.01784048656238746,-0.004122952792473719,-0.205,287.50471096324577,0.0,0.0,-0.5440424385838034,-1.4028575969081014,0.0,0.0,-1.0,-23.423910517511846
0.008675491856413066,-0.016035366794149675,-0.205,287.50471088852606,0.0,0.0,-0.5461968414475289,0.4141090905711496,0.0,0.0,-1.0,-23.951131513909537
-0.008532969060979155,0.010165345703209663,-0.205,287.68580866928176,0.0,0.0,-0.5967540594877225,0.5369762125269577,0.0,0.0,-1.0,-26.025561532027158
-0.01592667867771804,-0.0025463781598520116,-0.205,287.65453376037095,0.0,0.0,-0.5880191080215055,-1.3654138454749973,0.0,0.0,-1.0,-23.87086548502723
0.008984169010100301,0.015889768878025262,-0.205,287.58694521691626,0.0,0.0,-0.5456004903076536,-0.7938084727137084,0.0,0.0,-1.0,-22.578256992864578
-0.011087845953240515,0.008582071050923781,-0.205,287.61065311925597,0.0,0.0,-0.5998222498896911,1.6872797308161718,0.0,0.0,-1.0,-26.486524979036933
-0.005331478365874879,0.01812058224870241,-0.205,287.41507620393037,0.0,0.0,-0.5269810242339025,-1.423965890076197,0.0,0.0,-1.0,-22.159711249948376
-0.018166511918255312,0.0009740458472422877,-0.205,287.5328410496187,0.0,0.0,-0.547249817068238,-0.9795567261923591,0.0,0.0,-1.0,-23.699069863937794
-0.005342105047633987,-0.01572786903882004,-0.205,287.6618972585855,0.0,0.0,-0.5810934425684583,0.6742939652504821,0.0,0.0,-1.0,-24.277412556882727
-0.010807020304291154,0.0007046819692297707,-0.205,287.9423333500066,0.0,0.0,-0.5603067343470343,-0.9499335095333571,0.0,0.0,-1.0,-26.647191463711035
-0.001632666748109696,-0.008953489811123571,-0.205,288.00822126250665,0.0,0.0,-0.5100334848364894,0.5464244427661998,0.0,0.0,-1.0,-32.020976508420866
0.014623287648570477,-0.0019248755576111616,-0.205,287.611933586624,0.0,0.0,-0.5991535397817819,1.5346642688857561,0.0,0.0,-1.0,-25.2009332197974
-0.015454064321847504,0.007816893693259424,-0.205,287.4741156797663,0.0,0.0,-0.5680462678881149,1.1836529037977859,0.0,0.0,-1.0,-24.78465229521659
-0.007630837612540778,0.015463001497946072,-0.205,287.46599088430486,0.0,0.0,-0.5695925218700242,2.393466281987923,0.0,0.0,-1.0,-24.38377827621852
-0.012332358589311122,0.014995812342220062,-0.205,287.31672117030735,0.0,0.0,-0.509451532964539,-0.13946463652242289,0.0,0.0,-1.0,-22.21547137885543
0.0038858732667541,-0.019312836014336112,-0.205,287.5103618149952,0.0,0.0,-0.49920649221302504,-0.44549990054995936,0.0,0.0,-1.0,-23.195657889828553
-0.007737523561002952,0.004878994957808478,-0.205,287.8193958779532,0.0,0.0,-0.5116411371622464,-1.2134271199796858,0.0,0.0,-1.0,-29.038054823108848
0.0066863372578027346,0.015892161831559722,-0.205,287.59571803316555,0.0,0.0,-0.569631501428152,-0.22737317352155395,0.0,0.0,-1.0,-24.40930891101575
0.009153990821239261,-0.011785837914518848,-0.205,287.5870891077307,0.0,0.0,-0.5984620961869797,-0.8440193916656236,0.0,0.0,-1.0,-26.055139348006254
0.007899670917652563,0.011962073341166418,-0.205,287.7875434133328,0.0,0.0,-0.5999754054319546,-1.2021899150190323,0.0,0.0,-1.0,-24.42831223119721
-0.00028031940948455364,0.01545883635774492,-0.205,287.61119071768144,0.0,0.0,-0.595020149333111,-1.444184929119175,0.0,0.0,-1.0,-25.101275657522187
-0.0055129108407082,-0.014483091076161027,-0.205,287.66611910532254,0.0,0.0,-0.5947243006499408,-0.9907945603588628,0.0,0.0,-1.0,-22.60906014965421
-0.0106732022414335,-0.01542980971105339,-0.205,287.4776013081839,0.0,0.0,-0.5309265160343463,0.20718927030027315,0.0,0.0,-1.0,-22.808277944714693
-0.018953651405520813,-0.0012802991509410372,-0.205,287.5010816079133,0.0,0.0,-0.5235342387223795,-1.4620651053013363,0.0,0.0,-1.0,-22.84962364721716
-0.01359775792803534,-0.001040398047424256,-0.205,287.75839270371984,0.0,0.0,-0.5987268864423532,3.204473428952478,0.0,0.0,-1.0,-26.781957417507606
0.005094215257400247,-0.009032854938138069,-0.205,287.8266946904592,0.0,0.0,-0.548920174407416,0.8912934132617062,0.0,0.0,-1.0,-29.425965687197085
0.013113164644688638,-0.00123321794158912,-0.205,287.6729286999083,0.0,0.0,-0.5960492503907646,0.3060922813351919,0.0,0.0,-1.0,-26.69348102230504
0.007783876332857655,0.015112153335095017,-0.205,287.5872922633347,0.0,0.0,-0.5743548175022289,0.49057963478797967,0.0,0.0,-1.0,-24.035879911042855
0.013414312286498637,0.003673901434614045,-0.205,287.7439759951312,0.0,0.0,-0.5996038133105278,-0.1435332481268048,0.0,0.0,-1.0,-24.795819919479225
-0.01285708321141511,0.003229959039529694,-0.205,287.67692748443557,0.0,0.0,-0.596651018749116,0.9910086829657392,0.0,0.0,-1.0,-27.102909365975297
0.0156519650605764,-0.0070985745644045984,-0.205,287.4977874669674,0.0,0.0,-0.5707382785960909,0.5544087103605095,0.0,0.0,-1.0,-25.13366111049202
0.004481913266513995,-0.010815439833146756,-0.205,287.643744329668,0.0,0.0,-0.5780597585560018,-0.10280810301860284,0.0,0.0,-1.0,-28.320598771334822
-0.007283198349070364,-0.01349971495182802,-0.205,287.7420158803979,0.0,0.0,-0.5959749219325534,1.0834371887639132,0.0,0.0,-1.0,-25.24080461538521
-0.008897867766821997,-0.01350384511061426,-0.205,287.7001200369668,0.0,0.0,-0.5874669626428864,-1.1592634988915378,0.0,0.0,-1.0,-24.105520989841065
0.00908089038650409,-0.003700420321203451,-0.205,287.8500947643159,0.0,0.0,-0.5329768625827646,-0.5209573954229714,0.0,0.0,-1.0,-29.77952299183547
-0.006199334009370394,0.017649785635538734,-0.205,287.4154469359091,0.0,0.0,-0.5325913723448404,-0.23595137329979196,0.0,0.0,-1.0,-23.072376059681197
-0.014545563335735028,-0.0006553988345689704,-0.205,287.6518392244552,0.0,0.0,-0.5996732009943055,-0.2854045197619106,0.0,0.0,-1.0,-26.305564425774865
0.018072701111618437,0.002694146943125372,-0.205,287.52163847527163,0.0,0.0,-0.5450927419802069,0.6339219355893185,0.0,0.0,-1.0,-24.458562873288237
0.0019226970516750925,-0.010750764379748012,-0.205,287.7352107909107,0.0,0.0,-0.56239932270013,-0.7753886371330453,0.0,0.0,-1.0,-29.37787362059226
0.005116218797468988,0.01918133381653925,-0.205,287.48763992146064,0.0,0.0,-0.49350405831392674,0.7838890030231678,0.0,0.0,-1.0,-21.405589264627817
-0.00816495656083286,-0.009837791319112181,-0.205,287.8163966203244,0.0,0.0,-0.5927136847417745,-1.345645972119077,0.0,0.0,-1.0,-26.304467366783996
0.006778816682738922,-0.01490628742042189,-0.205,287.47051328952926,0.0,0.0,-0.584671874630171,1.0405742797159971,0.0,0.0,-1.0,-25.322093419110903
0.014511028951128702,-0.006007405729217558,-0.205,287.566360723175,0.0,0.0,-0.5928119924255176,-0.4692327749370663,0.0,0.0,-1.0,-24.778492203587003
-0.002014046393838381,-0.016712475248983154,-0.205,287.5545167309853,0.0,0.0,-0.5773515209429552,0.6083856515920326,0.0,0.0,-1.0,-24.613082413824326
0.0037030341555575916,0.00969461343593385,-0.205,287.9119765970107,0.0,0.0,-0.5491160591239491,-0.023653576657646207,0.0,0.0,-1.0,-28.23168631004132
0.004825930521632249,0.007535494906563527,-0.205,287.9921348204009,0.0,0.0,-0.5046158235457253,-0.4638027675269618,0.0,0.0,-1.0,-30.12926043829368
0.017216772727249596,-0.00158436674173174,-0.205,287.5706439993533,0.0,0.0,-0.5686478731873486,1.366161569880532,0.0,0.0,-1.0,-25.283050262064336
-0.014838822614177112,-0.00975799067575372,-0.205,287.59355643124076,0.0,0.0,-0.5581965858859285,-0.3938604230181085,0.0,0.0,-1.0,-23.18322656464118
-0.014810543937289568,0.011107058743961847,-0.205,287.45998692858313,0.0,0.0,-0.5383375642719948,0.3822168920840039,0.0,0.0,-1.0,-23.329316055535173
0.015371207205369086,-0.0018670593878071468,-0.205,287.5508404979894,0.0,0.0,-0.594830884286654,-0.6198529112783214,0.0,0.0,-1.0,-24.819900900866912
-0.018154351753016582,0.0013673345211557167,-0.205,287.52609817379204,0.0,0.0,-0.546896956408272,0.12469387819881325,0.0,0.0,-1.0,-22.705881817050418
0.010781641043554684,-0.015114458525415037,-0.205,287.3938418186599,0.0,0.0,-0.5367895241378771,-0.17926096729686894,0.0,0.0,-1.0,-23.239652276451533
-0.014168717824623974,-0.010690349912764614,-0.205,287.622166441749,0.0,0.0,-0.5584463668396475,-0.41835114109933724,0.0,0.0,-1.0,-22.802421493985538
-0.0005349250634326891,-0.01325524878295683,-0.205,287.7884786583382,0.0,0.0,-0.5967144068030831,-0.21408881634672958,0.0,0.0,-1.0,-25.341440471645548
0.0021457256065711247,0.012535612585089636,-0.205,287.7143759002412,0.0,0.0,-0.592034466287387,-0.2850213012254417,0.0,0.0,-1.0,-25.5544347233095
-0.015842800971776247,-0.006064274995986248,-0.205,287.5716655705206,0.0,0.0,-0.5750077190084023,-0.00412901780441824,0.0,0.0,-1.0,-23.486043280692467
-0.012226829495010333,0.013465469552569113,-0.205,287.5314306299129,0.0,0.0,-0.5473650040311996,-0.23876567138885713,0.0,0.0,-1.0,-25.01472234971346
-0.013289984024278487,-0.006486624378202598,-0.205,287.62073712653245,0.0,0.0,-0.5990158946037053,-1.7327842426045776,0.0,0.0,-1.0,-26.146964290639698
0.0032365571870035304,0.019548362843932104,-0.205,287.44283673161664,0.0,0.0,-0.4949231543557327,0.6281419736599706,0.0,0.0,-1.0,-21.29010780901359
0.008636471213748314,0.004052289196216386,-0.205,288.04562026388675,0.0,0.0,-0.5247134298321209,0.7383177186262867,0.0,0.0,-1.0,-29.1938581706204
-0.0047486034139826725,0.01844924265269438,-0.205,287.4926896371949,0.0,0.0,-0.5217938788601746,-1.8255043773301904,0.0,0.0,-1.0,-22.483003492920915
-0.0010826311159280178,0.018285100323429483,-0.205,287.47559205240384,0.0,0.0,-0.5438652598294952,-1.2081595212286513,0.0,0.0,-1.0,-24.704396497384085
-0.006968480946692975,0.015165986680148095,-0.205,287.49594597803167,0.0,0.0,-0.5797906772314433,-1.9985806042967862,0.0,0.0,-1.0,-26.128890144877992
0.016108801447592816,0.0013732651139345912,-0.205,287.63346594361303,0.0,0.0,-0.5875259978760271,-0.13334329205843584,0.0,0.0,-1.0,-25.209889661100693
-0.017689761285564574,-0.006075587454143447,-0.205,287.54471528159587,0.0,0.0,-0.5326772620536687,0.7994546387415025,0.0,0.0,-1.0,-23.206334576755804
-0.016729242076405238,-0.0053827860108034194,-0.205,287.60275504515596,0.0,0.0,-0.5625067746250106,0.05493806147459923,0.0,0.0,-1.0,-23.286675061594558
-0.008962446371456283,-0.012849617100584023,-0.205,287.7439385432238,0.0,0.0,-0.5931912333208555,1.5615060500557025,0.0,0.0,-1.0,-23.123052151417287
-0.008223308423085647,-0.017050861617612437,-0.205,287.57467149047136,0.0,0.0,-0.5256644033700208,0.25486683174840025,0.0,0.0,-1.0,-24.668365645086528
-0.01540344884503954,-0.0052198446264358845,-0.205,287.60341611034795,0.0,0.0,-0.5862369710307803,0.728883815629111,0.0,0.0,-1.0,-25.14245431382693
0.013752801400721316,-0.001779786884874369,-0.205,287.6835936844538,0.0,0.0,-0.5995034645967501,0.7288023560512268,0.0,0.0,-1.0,-25.47198372927115
0.005105106626464857,0.007699410938745108,-0.205,288.0820754126896,0.0,0.0,-0.5147573789896575,-0.49083828623496134,0.0,0.0,-1.0,-29.23070846157185
0.007336590938769936,-0.010909495741175924,-0.205,287.62341249821213,0.0,0.0,-0.595871079737329,-0.4678212800343892,0.0,0.0,-1.0,-26.42295440750956
0.016549640547861375,-0.009378161427772687,-0.205,287.5185696569526,0.0,0.0,-0.5227181840372143,-1.2387171980590157,0.0,0.0,-1.0,-21.44410717541174
0.009601978669014572,0.015890983737028613,-0.205,287.5317960149902,0.0,0.0,-0.5367652893818059,0.2896902623468747,0.0,0.0,-1.0,-22.53597290315725
-0.01413391721154687,-0.010312180271446326,-0.205,287.4975146840042,0.0,0.0,-0.5642444087165944,-1.0004825733066876,0.0,0.0,-1.0,-23.443960292275978
-0.005069534026658125,0.014522582806168381,-0.205,287.5861717975472,0.0,0.0,-0.5956514786555179,0.48905867012337234,0.0,0.0,-1.0,-25.04649531044014
0.013197252091425912,-0.0013088109453483399,-0.205,287.74193061007185,0.0,0.0,-0.5966873349574258,2.265680760781282,0.0,0.0,-1.0,-26.056898378146318
-4.406299218583506e-05,-0.013197767658583826,-0.205,287.79592172059046,0.0,0.0,-0.5962431856035021,-0.41897318766439573,0.0,0.0,-1.0,-25.835565350589274
-0.012586879183069504,0.009206946261677612,-0.205,287.5042620757834,0.0,0.0,-0.5938628846676302,0.6701105718445508,0.0,0.0,-1.0,-24.412129687813877
0.009725586525476414,0.014413968299660003,-0.205,287.5323475069027,0.0,0.0,-0.5665790698789254,-0.10869904586531477,0.0,0.0,-1.0,-24.45616355084981
0.0036143527068081445,0.008267413151024302,-0.205,287.921217368007,0.0,0.0,-0.5072807057444229,0.7600141616206376,0.0,0.0,-1.0,-30.467190800289274
-0.010514315944862223,0.004727069313260777,-0.205,287.86285525596656,0.0,0.0,-0.5748570491628235,-1.2152617316474517,0.0,0.0,-1.0,-28.466912705160468
-0.0026556307679230775,-0.019324915046208726,-0.205,287.4718661490163,0.0,0.0,-0.5062318218976634,0.6715295272858882,0.0,0.0,-1.0,-22.48443217213725
0.00029038549453576454,0.019190999189175682,-0.205,287.4319390412782,0.0,0.0,-0.5170774147841914,-1.0947592179078618,0.0,0.0,-1.0,-23.458946051881117
0.012082188843121795,0.013238756677868294,-0.205,287.5574687723818,0.0,0.0,-0.5542105703841446,0.9884160029631446,0.0,0.0,-1.0,-23.40164848086633
0.00876585166738674,0.01566950716140836,-0.205,287.57659656377496,0.0,0.0,-0.5534222340792716,1.0736000127496548,0.0,0.0,-1.0,-21.81058755741205
-0.00016967554960782612,-0.008535102662325569,-0.205,287.9997286058976,0.0,0.0,-0.48923113960597264,2.3278087951608057,0.0,0.0,-1.0,-32.67344880799836
0.007712648754147819,0.01398076745968588,-0.205,287.7451730172934,0.0,0.0,-0.5899948175327012,0.5822406963309922,0.0,0.0,-1.0,-24.315969758707855
0.007621803705390889,0.008114203176276246,-0.205,287.92857401935794,0.0,0.0,-0.5670181707728327,1.095762499633597,0.0,0.0,-1.0,-28.064486044219485
-0.006636840416545535,0.010153038475973488,-0.205,287.77965748484456,0.0,0.0,-0.5847449258123463,-0.19006020362718173,0.0,0.0,-1.0,-26.73303598636715
-0.0073099756781926034,-0.004568655836222296,-0.205,288.0877128071841,0.0,0.0,-0.49244304109359094,2.223316185508181,0.0,0.0,-1.0,-27.706713850065682
-0.018033981026519656,0.0013593543038249748,-0.205,287.53189189604717,0.0,0.0,-0.5500862980951996,-1.20229744172692,0.0,0.0,-1.0,-22.477304443642925
-0.010110748334427867,-0.004850687311229408,-0.205,287.94711050578246,0.0,0.0,-0.5687228269050684,-1.7378466034962297,0.0,0.0,-1.0,-29.28394572134369
0.004102469964318229,0.00794016142985203,-0.205,287.98662807908516,0.0,0.0,-0.5042193534765023,2.008900395332211,0.0,0.0,-1.0,-31.501611164372274
-0.018998647960496808,-0.00606549026068077,-0.205,287.50825626937996,0.0,0.0,-0.48999839943163903,0.31193054161136263,0.0,0.0,-1.0,-23.14221450599103
0.0016480148641454919,-0.012183273229217976,-0.205,287.81933108038874,0.0,0.0,-0.5870194654269036,0.5685757008031033,0.0,0.0,-1.0,-28.491529046584567
0.012590162314598322,0.008864161294235473,-0.205,287.7447535899003,0.0,0.0,-0.5955308503640319,-0.583937962955704,0.0,0.0,-1.0,-25.30482767569659
0.017212731589532175,-0.00511877183864597,-0.205,287.48119019333654,0.0,0.0,-0.5533477457980245,-1.0699309770739711,0.0,0.0,-1.0,-25.683612216620507
0.00808247767042261,-0.0037686220583216723,-0.205,287.8294076745132,0.0,0.0,-0.5035163814971663,0.8525200693703662,0.0,0.0,-1.0,-29.301381607810743
0.006762085017291586,-0.017739777899022726,-0.205,287.3994433109449,0.0,0.0,-0.5239193222766837,0.0752502383517064,0.0,0.0,-1.0,-24.093236884265174
0.0011605805970629625,-0.01908725953450064,-0.205,287.5258825798687,0.0,0.0,-0.5194319579483676,-1.4920831756587254,0.0,0.0,-1.0,-20.385873451923228
-0.014583869549687834,0.004488058672149332,-0.205,287.50272487909905,0.0,0.0,-0.596546225689447,1.3626085105642936,0.0,0.0,-1.0,-25.766988507890865
0.014510998154634882,0.005404654471169777,-0.205,287.6532329873066,0.0,0.0,-0.5948256259310446,0.08377157439122802,0.0,0.0,-1.0,-22.07538699078513
0.006625660902136988,0.00577105421011522,-0.205,288.07059461819415,0.0,0.0,-0.49870636105588545,-0.36937258305704884,0.0,0.0,-1.0,-31.041807745275126
0.008662535581562268,-0.0130354494117644,-0.205,287.52506865518626,0.0,0.0,-0.5933364600886901,1.8083864065582744,0.0,0.0,-1.0,-25.20646467465969
0.005773570752951233,0.014443951206310226,-0.205,287.7186801245004,0.0,0.0,-0.5942195728955768,2.0600175989898863,0.0,0.0,-1.0,-24.84703528501425
0.016284692252529594,0.0018871001813989931,-0.205,287.71780412903524,0.0,0.0,-0.5844054733371394,-0.22717941185190263,0.0,0.0,-1.0,-23.93148375116275
-0.012131611669513298,-0.006235823679272436,-0.205,287.7847997597437,0.0,0.0,-0.5987390566986888,1.465599989501746,0.0,0.0,-1.0,-25.334385516317166
-0.01295648322022344,0.0017644048387779293,-0.205,287.7758107277964,0.0,0.0,-0.595323270287956,-1.0332500333883259,0.0,0.0,-1.0,-25.831468745280535
-0.014470975273466224,0.00459462472116858,-0.205,287.61457895036375,0.0,0.0,-0.5970467219658314,-1.9703985577629188,0.0,0.0,-1.0,-25.713220070648102
-0.019613135382835965,-0.0034025338905708112,-0.205,287.4412683986733,0.0,0.0,-0.49143511060412415,-1.4654292164371325,0.0,0.0,-1.0,-21.013719112103434
0.00985155679133436,-0.001269550827108668,-0.205,287.9432401322507,0.0,0.0,-0.5367563694197868,1.407229312459233,0.0,0.0,-1.0,-30.10575953818299
0.016406416992808932,-0.00933989028586653,-0.205,287.42580968709586,0.0,0.0,-0.5272942013422145,-0.4902534859405161,0.0,0.0,-1.0,-21.696423880598015
-0.017302299485003413,0.005763340597239533,-0.205,287.5140246272605,0.0,0.0,-0.5460570533156653,-0.8651124740789239,0.0,0.0,-1.0,-23.31581756134915
-0.0026791605896981695,-0.012231328131393512,-0.205,287.8134682067809,0.0,0.0,-0.589858791835371,-0.5943131042897423,0.0,0.0,-1.0,-26.71705968951458
5.016693130011153e-05,0.01715664017401692,-0.205,287.58888382122194,0.0,0.0,-0.5713277596433143,-1.4668226045302595,0.0,0.0,-1.0,-23.438088269765686
-0.002031409024127904,0.019314269525436776,-0.205,287.4896759863511,0.0,0.0,-0.5092653166330386,-0.7549006330396557,0.0,0.0,-1.0,-22.804074051942496
-0.011081592592392882,-0.003763768837150089,-0.205,287.8850285191674,0.0,0.0,-0.577990679553572,2.9032943860419977,0.0,0.0,-1.0,-28.491905268266454
0.0156346910889488,0.0021880969965988686,-0.205,287.56171523460085,0.0,0.0,-0.5919824796616835,1.5143199488059933,0.0,0.0,-1.0,-24.972403973433014
0.0180597903306258,0.008194682512131162,-0.205,287.443407568061,0.0,0.0,-0.4942600061350577,0.6594479151585295,0.0,0.0,-1.0,-23.247784814888895
-0.007864633224931717,0.0057271716354941535,-0.205,287.7235896799719,0.0,0.0,-0.530636496224378,-3.152795636298608,0.0,0.0,-1.0,-30.297368523077985
-0.008219625978595987,0.00720109405573452,-0.205,287.84458243531293,0.0,0.0,-0.5625463254811909,-0.7739197090201699,0.0,0.0,-1.0,-29.394910114796996
-0.016888491227916008,-0.005399018596581001,-0.205,287.58986306771476,0.0,0.0,-0.5588907273495531,-0.06860282487380696,0.0,0.0,-1.0,-22.777938315485244
0.013048775424156818,0.010269998760759845,-0.205,287.5994450262983,0.0,0.0,-0.5811707902370011,-0.32224755975570124,0.0,0.0,-1.0,-24.65290392098675
0.0007424200485448024,0.009146558698328783,-0.205,287.95417746533553,0.0,0.0,-0.5126528958746779,-2.0362380894196095,0.0,0.0,-1.0,-30.95004495390725
-0.011642086557091647,-0.013573000117556862,-0.205,287.5941329979769,0.0,0.0,-0.5552349161189654,-0.5217282414230936,0.0,0.0,-1.0,-25.193293773243568
-0.01712804018993775,0.003483140799434721,-0.205,287.4926420261704,0.0,0.0,-0.5646255204300462,-0.943592373682572,0.0,0.0,-1.0,-24.1109438998047
-0.013331340288053708,-0.014619110251760574,-0.205,287.45631234132975,0.0,0.0,-0.4960367850228671,-1.5375225054994328,0.0,0.0,-1.0,-21.131001999586715
0.0032681724748146145,0.008099310711515366,-0.205,288.0356002497431,0.0,0.0,-0.49673991888864627,1.733049227344557,0.0,0.0,-1.0,-29.166562447080132
0.011368152018650391,0.002741209760239569,-0.205,287.8890690273982,0.0,0.0,-0.5778289382909079,-0.38284944227583656,0.0,0.0,-1.0,-28.955473791564966
0.012859780705651197,-0.00030594710292907004,-0.205,287.75831940388406,0.0,0.0,-0.593475499171193,0.6950907411097931,0.0,0.0,-1.0,-27.656233634974754
-0.013048372872414282,-0.006744071921601461,-0.205,287.77713435736507,0.0,0.0,-0.5993484374290234,-0.08274819232295061,0.0,0.0,-1.0,-25.848103329933494
-0.012172381617872824,0.007966008082852286,-0.205,287.55092936128,0.0,0.0,-0.599700035920172,0.580998108486665,0.0,0.0,-1.0,-25.968298225548903
-0.012094141291529926,-0.001847452176026652,-0.205,287.7765053595507,0.0,0.0,-0.5862135656245147,1.5005485036013193,0.0,0.0,-1.0,-27.481606763546978
0.001636954142120259,-0.012616799895955853,-0.205,287.7202511849276,0.0,0.0,-0.5920824353051982,0.6789078568436505,0.0,0.0,-1.0,-27.233221928142523
0.01066169686603496,-0.01624615418191141,-0.205,287.3734595860175,0.0,0.0,-0.5088659224558164,1.4583400944674374,0.0,0.0,-1.0,-22.235995764078513
0.003823392696575033,-0.015817645905181903,-0.205,287.5459033908827,0.0,0.0,-0.5861092897827425,-0.34244821800066194,0.0,0.0,-1.0,-25.33469731959206
0.008669149236731392,0.004192482102222381,-0.205,287.892640367146,0.0,0.0,-0.5275567081091592,1.4052841032116052,0.0,0.0,-1.0,-29.42041605879584
-0.01493002123822889,-0.011145201260628587,-0.205,287.61160233845345,0.0,0.0,-0.5348611176289089,0.7491770881003634,0.0,0.0,-1.0,-23.96583792812226
0.01604263836235349,-0.005161098887050743,-0.205,287.48982512407497,0.0,0.0,-0.5770171806572248,-0.8361014546122241,0.0,0.0,-1.0,-22.322688261596618
-0.007778578420141502,-0.007893691641832774,-0.205,287.94637813886965,0.0,0.0,-0.5659470920092279,3.0426835035100654,0.0,0.0,-1.0,-28.92415485053812
-0.0012201635394910345,-0.014462541856956663,-0.205,287.7508361138548,0.0,0.0,-0.5997636222665382,-0.8430708010999394,0.0,0.0,-1.0,-24.070448477817738
0.015199710414195986,0.007915566863067613,-0.205,287.5751693164238,0.0,0.0,-0.5717092793838233,0.42538850916855037,0.0,0.0,-1.0,-23.008123919397583
-0.014408661832268644,0.003664606980274001,-0.205,287.5551183218447,0.0,0.0,-0.5987065275802825,-0.11055240777100475,0.0,0.0,-1.0,-26.42795415413808
0.016018517937890782,-0.007690976843438991,-0.205,287.461696647009,0.0,0.0,-0.5579716731946884,0.022378261632591878,0.0,0.0,-1.0,-23.323642931696746
-0.011220681566357056,0.0015878359822097152,-0.205,287.8127506651267,0.0,0.0,-0.5711140083247461,0.4412520584485415,0.0,0.0,-1.0,-26.654165382041928
-0.012316677904732296,0.013303691424457881,-0.205,287.52992919556647,0.0,0.0,-0.5489177094746954,1.270503575683927,0.0,0.0,-1.0,-23.78895712784706
0.012835131345682147,0.005018308647282652,-0.205,287.7346410066957,0.0,0.0,-0.5992544765908412,0.5133326913902686,0.0,0.0,-1.0,-25.840856513400112
0.014407647216207138,0.005058855147642571,-0.205,287.786138450612,0.0,0.0,-0.596469459781175,-0.24898693206740474,0.0,0.0,-1.0,-24.971288758893113
0.006744956856817252,-0.017592044003260608,-0.205,287.40450535880103,0.0,0.0,-0.5284800109755224,-0.10429842062887328,0.0,0.0,-1.0,-22.642782242013894
-0.010923080523429184,0.004132810836379329,-0.205,287.7511876780658,0.0,0.0,-0.5775644393718579,0.35396251120628813,0.0,0.0,-1.0,-29.57632987329404
0.014465963197908136,-0.0066451456634032905,-0.205,287.57582294725444,0.0,0.0,-0.5905443305544862,-0.2076215781847277,0.0,0.0,-1.0,-24.839803412581606
-0.009389094969981762,-0.006654447750747974,-0.205,287.8315236868354,0.0,0.0,-0.5744874012990179,-0.6468353569831259,0.0,0.0,-1.0,-26.819432909491873
-0.016298170844812485,-0.004277869792491114,-0.205,287.50710496513653,0.0,0.0,-0.5770552363159962,-0.3310266124933818,0.0,0.0,-1.0,-23.66705609107284
-0.008737521580779846,-0.0030115860786606658,-0.205,287.98385083332687,0.0,0.0,-0.5148878191662217,-1.8599262814713073,0.0,0.0,-1.0,-28.3979705160102
0.003482279474170276,-0.009516365801629153,-0.205,287.8855184842979,0.0,0.0,-0.5424935070661951,2.1801545564111793,0.0,0.0,-1.0,-29.29494938650227
0.012146428090150327,-0.00021234936468977355,-0.205,287.7292557612495,0.0,0.0,-0.5850098779244866,-1.161947407411954,0.0,0.0,-1.0,-28.997652764104814
-0.009926190698665852,0.004516958175881956,-0.205,287.76501529032424,0.0,0.0,-0.5620429140134433,1.740518786288835,0.0,0.0,-1.0,-29.16722433677798
0.0061835538142259025,-0.015589417344337308,-0.205,287.493700118122,0.0,0.0,-0.5784324351912606,1.1531152444285548,0.0,0.0,-1.0,-25.620105702315314
-0.012375038484272854,0.009771013450337792,-0.205,287.5879042580421,0.0,0.0,-0.5921851858813628,1.4240953221651296,0.0,0.0,-1.0,-26.277509323235172
0.009667055842248954,0.01682779370940108,-0.205,287.51405052251556,0.0,0.0,-0.5097536672646913,-0.40286520350878136,0.0,0.0,-1.0,-24.728009041654833
-0.004518157275670505,-0.011036621910497054,-0.205,287.81168702984354,0.0,0.0,-0.5816656359669716,1.066957232194118,0.0,0.0,-1.0,-26.660343315695744
0.010183047246988106,-0.0030589832830163425,-0.205,287.8281597509193,0.0,0.0,-0.5555927152228742,1.6682403389073377,0.0,0.0,-1.0,-28.153923947435096
-0.007422729202188772,-0.017735187615589253,-0.205,287.5857617393078,0.0,0.0,-0.5159778272623804,-1.9320357698395687,0.0,0.0,-1.0,-21.679765139733817
-0.01964131071176485,0.0036408294221809876,-0.205,287.29382168632435,0.0,0.0,-0.4887384170681858,1.3402042498685895,0.0,0.0,-1.0,-24.710370945429318
0.017848747487220967,-0.00024209554779777029,-0.205,287.5560840719235,0.0,0.0,-0.5560097849384051,0.5714374145514792,0.0,0.0,-1.0,-24.578970264827554
0.009208719249393538,-0.004884871286309398,-0.205,287.8052648646058,0.0,0.0,-0.5503273101102821,1.0122184073818978,0.0,0.0,-1.0,-28.299623873584522
0.001732865027871069,-0.010789486890134698,-0.205,287.8163022968929,0.0,0.0,-0.5625440988148217,1.2067936618929198,0.0,0.0,-1.0,-27.973087750651796
0.013279660207504786,0.011480296695346124,-0.205,287.5943305488366,0.0,0.0,-0.5629520027105591,0.3476061586441031,0.0,0.0,-1.0,-22.290420025897454
0.01551709927698779,0.0009732771554226155,-0.205,287.65042567302555,0.0,0.0,-0.5942860827472014,-0.6993364503966315,0.0,0.0,-1.0,-24.564780385142647
-0.01676566794764754,-0.006615989234980409,-0.205,287.4941514727236,0.0,0.0,-0.5516690930639294,0.754923940838178,0.0,0.0,-1.0,-22.86371144847181
0.01696524546224229,0.0076088430080975536,-0.205,287.5880111174426,0.0,0.0,-0.5359802091794622,0.15307219736475444,0.0,0.0,-1.0,-22.914419290996488
-0.002311510977986933,0.01606932735284637,-0.205,287.6796487831382,0.0,0.0,-0.5866322358521772,-1.4552416582016745,0.0,0.0,-1.0,-25.043719173709597
-0.010765804759775578,-0.009184337424887012,-0.205,287.7046127432421,0.0,0.0,-0.5999668298686448,0.1780912789692612,0.0,0.0,-1.0,-25.161938448063644
-0.015796428562154775,-0.004029141522974238,-0.205,287.65376837720186,0.0,0.0,-0.5857081351842879,1.345016084545378,0.0,0.0,-1.0,-24.325866382368677
0.011010712920225303,0.010654693464720765,-0.205,287.7453373366309,0.0,0.0,-0.5961014406255111,-1.5299680182536728,0.0,0.0,-1.0,-26.497335816554347
-0.013261537775912454,0.00544909169717913,-0.205,287.6104139918093,0.0,0.0,-0.5999740784343376,-1.4221608698676569,0.0,0.0,-1.0,-25.486145711667533
-0.0036656398521435533,0.01828786206442963,-0.205,287.4815369471676,0.0,0.0,-0.5342521347886723,-0.9146041878874968,0.0,0.0,-1.0,-24.182628103011098
0.007500498935149039,-0.017306575623099694,-0.205,287.3654099345117,0.0,0.0,-0.5278168608291347,-0.2980245275279651,0.0,0.0,-1.0,-21.49479199439711
-0.009205485817950863,0.010649228493964567,-0.205,287.6045103517071,0.0,0.0,-0.5998978117068889,0.2838499012361752,0.0,0.0,-1.0,-26.0212544751182
0.005322298466448721,-0.012807924804672638,-0.205,287.6010061047038,0.0,0.0,-0.5995093076280812,-0.26943255021460116,0.0,0.0,-1.0,-25.3878487324665
-0.004663334903386643,0.01102747470748576,-0.205,287.81735738599957,0.0,0.0,-0.582404703864691,-1.3714770308885293,0.0,0.0,-1.0,-27.75022994651663
-0.017725357787346442,-0.007917481466307011,-0.205,287.57018731500585,0.0,0.0,-0.509529739633007,0.8144690872939423,0.0,0.0,-1.0,-22.642693719116092
0.0007311269914518567,0.019370401663155918,-0.205,287.48658621910874,0.0,0.0,-0.5105455707344393,-1.7015581347545432,0.0,0.0,-1.0,-22.576415432250222
0.0100216955131019,0.013413574313695407,-0.205,287.6480813810464,0.0,0.0,-0.5788934620943026,0.7194768672492938,0.0,0.0,-1.0,-23.31410458515345
-0.011457860526155677,0.004885686088845528,-0.205,287.84502069467584,0.0,0.0,-0.5890782771003513,-0.9541312832972412,0.0,0.0,-1.0,-25.492641026499527
-0.009892099509791934,-0.014453179813659489,-0.205,287.61139041340164,0.0,0.0,-0.5638409465881954,0.4511867283965342,0.0,0.0,-1.0,-22.08151747130707
0.010344422050676285,-0.009094210843945408,-0.205,287.6861400173922,0.0,0.0,-0.5992297676509276,-0.3191321822323577,0.0,0.0,-1.0,-26.23451507687697
0.004250295032684413,-0.014534484243436294,-0.205,287.58888268685877,0.0,0.0,-0.5972926397353236,-1.9894812604844916,0.0,0.0,-1.0,-26.143088377286023
-0.0011859590888150466,-0.015623442987682392,-0.205,287.57868541514387,0.0,0.0,-0.5931727002802412,-0.8815974194286882,0.0,0.0,-1.0,-24.315250562337905
0.008843373774689483,0.0016825466091142907,-0.205,287.95414834924594,0.0,0.0,-0.5065363346298176,1.5674402306759336,0.0,0.0,-1.0,-29.83713230122859
-0.009760073480669386,-0.008059485881614679,-0.205,287.84261221195567,0.0,0.0,-0.5913945798514416,-0.9896825868968343,0.0,0.0,-1.0,-26.896604071693446
-0.0020259109075712683,-0.012924504278306834,-0.205,287.8517545026953,0.0,0.0,-0.5953729518490906,1.4327574686337903,0.0,0.0,-1.0,-27.236722494803274
0.004504809777200364,0.014312065070148714,-0.205,287.6891332189096,0.0,0.0,-0.5980692494553234,-0.41418058813887787,0.0,0.0,-1.0,-23.98891328535092
0.017795429075584863,-0.003889217057343489,-0.205,287.5246268533328,0.0,0.0,-0.5466362608969203,-0.4631456740510128,0.0,0.0,-1.0,-23.714743011933518
0.0013333944113023935,-0.01472766808873809,-0.205,287.6677418022941,0.0,0.0,-0.5990180958899688,0.1066889559624777,0.0,0.0,-1.0,-26.16081761814839
0.014090637848591096,0.005719230059171577,-0.205,287.71873583416226,0.0,0.0,-0.5968913978207916,-1.1954342367248671,0.0,0.0,-1.0,-24.519593700980213
0.009989189686258884,-0.004583197383761886,-0.205,287.8111851078008,0.0,0.0,-0.5639440371612949,-0.31500667980604663,0.0,0.0,-1.0,-28.75760186315331
-0.00395170646413125,0.01798618041906521,-0.205,287.4113899289885,0.0,0.0,-0.5411259825473761,-2.0105641740084472,0.0,0.0,-1.0,-23.070657567904284
0.00024385538762441874,0.010566339818405072,-0.205,287.8513767222562,0.0,0.0,-0.5540217311334705,0.6751077224882461,0.0,0.0,-1.0,-29.369007686608143
-0.00023937091337981008,-0.010686971021454397,-0.205,287.9084027974237,0.0,0.0,-0.556982793785183,0.6113565965641099,0.0,0.0,-1.0,-28.377705676910853
0.014306692684288887,0.0018929042443377481,-0.205,287.7595080085773,0.0,0.0,-0.5998883638137074,-1.4678524741285472,0.0,0.0,-1.0,-26.087076564180844
-0.008928591314358683,0.01168881408551769,-0.205,287.65703738471245,0.0,0.0,-0.5992857335806037,1.4110887554260023,0.0,0.0,-1.0,-24.051906470900374
-0.013594508199432202,-0.012563451612327893,-0.205,287.60408616979333,0.0,0.0,-0.5383906871479922,-0.29106160842137974,0.0,0.0,-1.0,-22.169324148605707
-0.013100099857086099,-0.009392688967797332,-0.205,287.643481196341,0.0,0.0,-0.5881405639934929,0.7461823075945484,0.0,0.0,-1.0,-24.30396982580381
-0.010032031212580256,0.008345952143353048,-0.205,287.6944224204682,0.0,0.0,-0.5951114037325141,3.4619954086403317,0.0,0.0,-1.0,-26.346617977339122
-0.012122794345670969,-0.0035852002895508674,-0.205,287.80159328019863,0.0,0.0,-0.5912234788865022,1.4410241034677662,0.0,0.0,-1.0,-26.77311702459166
-0.012970227306105694,-0.013069125824788657,-0.205,287.572052252812,0.0,0.0,-0.5411949124746906,0.16741936954577716,0.0,0.0,-1.0,-23.64019305453062
-0.014936349419115993,-0.008807876483203482,-0.205,287.59343200455305,0.0,0.0,-0.5675992657334752,-0.7594263507861306,0.0,0.0,-1.0,-25.66762887807228
-0.009513726871703853,0.006561018762041871,-0.205,287.8172008506592,0.0,0.0,-0.5753839966580556,-0.7045302134869473,0.0,0.0,-1.0,-26.356097357017255
0.009364155618939158,-0.012636275890975412,-0.205,287.5692302902726,0.0,0.0,-0.5925890602564262,-0.5741749751411156,0.0,0.0,-1.0,-25.26466579921394
-0.006564245570854131,-0.013610825649709248,-0.205,287.7326054388461,0.0,0.0,-0.5974839689186703,0.5187441075880012,0.0,0.0,-1.0,-25.371808414738283
0.0076340632317675235,-0.008346879178092383,-0.205,287.68231083106645,0.0,0.0,-0.5706966043113565,1.8063928557010653,0.0,0.0,-1.0,-28.968462073415814
-0.017832146441183593,-0.006481092579858642,-0.205,287.55712956063223,0.0,0.0,-0.5242875842376696,0.4282205730451994,0.0,0.0,-1.0,-23.542808547448445
-0.003010712371782322,-0.00858823451950766,-0.205,287.94521652576174,0.0,0.0,-0.5100173195526176,-0.009021200982915275,0.0,0.0,-1.0,-30.26254052942287
-0.010099388314088192,-0.01638972524900256,-0.205,287.4703253995146,0.0,0.0,-0.5151093409936484,0.46385362594349805,0.0,0.0,-1.0,-21.900009810389815
-0.002458441598552265,-0.019042794362671887,-0.205,287.5108374199915,0.0,0.0,-0.5168210260596083,-2.196450601754989,0.0,0.0,-1.0,-20.492585671925607
-0.003204198606267833,0.012492225861654771,-0.205,287.7836143446036,0.0,0.0,-0.5937841296908918,-2.1214031163975235,0.0,0.0,-1.0,-26.879567546933412
0.006090261698631484,0.01886003856452471,-0.205,287.4884858904728,0.0,0.0,-0.49475294424366456,0.029712132777334057,0.0,0.0,-1.0,-22.04661889110556
0.001506615591757562,0.01011421566220288,-0.205,287.8858987796013,0.0,0.0,-0.5450442041535332,-1.1636422589568496,0.0,0.0,-1.0,-28.66429168495132
-0.005883984168624145,-0.01571006808456174,-0.205,287.6956205348329,0.0,0.0,-0.5783501182333594,-0.19530928110003362,0.0,0.0,-1.0,-25.849144719690223
0.005078220939409707,-0.007455552890926008,-0.205,287.7660134804016,0.0,0.0,-0.5072019072570488,0.40222261060761216,0.0,0.0,-1.0,-29.299544411743216
-0.01793104194547262,0.0030272909232134057,-0.205,287.4702300616652,0.0,0.0,-0.5474586404090409,-1.2514280487492886,0.0,0.0,-1.0,-22.269355876472982
0.015700798219840703,0.0079351848668334,-0.205,287.64210369764675,0.0,0.0,-0.5620948840010631,0.7709864254877682,0.0,0.0,-1.0,-23.358712693503673
-0.011130496616335346,-0.0029969435842749333,-0.205,287.94096560823493,0.0,0.0,-0.5748358914023988,-0.289941893758962,0.0,0.0,-1.0,-28.07767489374638
0.005721230899444157,-0.01617140199964698,-0.205,287.5075799862385,0.0,0.0,-0.5713887302741666,2.2012331988414138,0.0,0.0,-1.0,-23.747935327056684
0.009570329746300087,0.014939931718524233,-0.205,287.65015929657574,0.0,0.0,-0.5586090665359345,1.293870036385121,0.0,0.0,-1.0,-25.283134142483586
0.018010584148907136,0.008015451808606081,-0.205,287.53793661688354,0.0,0.0,-0.4986962831932448,-0.2415277637055497,0.0,0.0,-1.0,-20.738240095052035
0.007251500233500367,0.014223310595240485,-0.205,287.69411736876646,0.0,0.0,-0.5900166992028625,1.1739076985951058,0.0,0.0,-1.0,-23.683144562992
-0.007591243276347927,-0.010194006648970551,-0.205,287.8611375019902,0.0,0.0,-0.5919520684341997,1.0984941880738663,0.0,0.0,-1.0,-26.85744232853606
-0.0032094948649350283,-0.01156060665015857,-0.205,287.8486567026452,0.0,0.0,-0.582787239491252,-1.7105219271381726,0.0,0.0,-1.0,-26.99350596675424
0.0016786637942861336,0.01883590063382311,-0.205,287.4944411804692,0.0,0.0,-0.5262889977236287,0.3790530720886934,0.0,0.0,-1.0,-22.666283673004205
-0.01456384227128399,-0.009350867963171866,-0.205,287.661622262993,0.0,0.0,-0.568279033384609,0.6126151674148647,0.0,0.0,-1.0,-22.665106305677593
0.009157513691109582,0.015381373309801159,-0.205,287.53748596436185,0.0,0.0,-0.5547637266329475,-0.7674354296868406,0.0,0.0,-1.0,-23.66853366277218
0.01698228863513649,0.00010877341497574845,-0.205,287.5505097121786,0.0,0.0,-0.5746591573996975,0.032761596786262975,0.0,0.0,-1.0,-23.725639833571936
0.00027415131467370765,0.01238517333555411,-0.205,287.79953343067893,0.0,0.0,-0.5882369521682134,2.371554347130715,0.0,0.0,-1.0,-25.096544545415114
0.006403621431820027,-0.007544255735445126,-0.205,287.9795709076071,0.0,0.0,-0.5356540463955138,-0.9292929965439748,0.0,0.0,-1.0,-29.008187795845828
0.01748210678994048,0.004647763510479599,-0.205,287.54809065215335,0.0,0.0,-0.5499758225692266,0.3672917495539391,0.0,0.0,-1.0,-24.005771314446683
0.018124289547546222,0.00797852502027447,-0.205,287.4366053814665,0.0,0.0,-0.49536792914621797,2.1750751333773213,0.0,0.0,-1.0,-20.810075697880077
0.017385104999921654,-0.002550917766917459,-0.205,287.5034415404983,0.0,0.0,-0.5625663634341134,1.2583970538823757,0.0,0.0,-1.0,-23.77298601820537
0.018042005974493725,-0.0019230292891597607,-0.205,287.49279168734137,0.0,0.0,-0.54853714901123,-1.7153271348078831,0.0,0.0,-1.0,-22.592823787399517
-0.005222287650809187,-0.008516524458446773,-0.205,288.0170380217725,0.0,0.0,-0.5384196856183776,0.1160323487757049,0.0,0.0,-1.0,-29.312919861169878
0.014372581477626295,-0.005469758207098297,-0.205,287.57914607428063,0.0,0.0,-0.5956804618226467,0.35375988449876766,0.0,0.0,-1.0,-26.410662227830613
0.000922698405945833,-0.0175602241264168,-0.205,287.53593959908534,0.0,0.0,-0.5622683928025741,-1.8357401777601479,0.0,0.0,-1.0,-24.405817860314503
0.01422027071494671,0.005636010970127558,-0.205,287.7369640868705,0.0,0.0,-0.5962839964206169,1.2184261654335093,0.0,0.0,-1.0,-26.848927325667717
-0.014410201951127338,0.006070488298214777,-0.205,287.5959375168151,0.0,0.0,-0.593474866794672,-1.6098229239902995,0.0,0.0,-1.0,-26.218794021448907
0.015989462625476618,0.0038407997643298856,-0.205,287.61728683854295,0.0,0.0,-0.5836602643484006,0.6937805485906059,0.0,0.0,-1.0,-24.636142336123903
0.00880919929575065,-0.004025930350052071,-0.205,287.7902577102619,0.0,0.0,-0.5292979787204729,2.038353523654216,0.0,0.0,-1.0,-28.3065340896055
-0.007957038556077293,0.006450927781404809,-0.205,287.9679056932502,0.0,0.0,-0.5455257479753074,-2.1291080719703523,0.0,0.0,-1.0,-28.729814128842825
0.003104362916517456,0.01586918011244824,-0.205,287.5983775779462,0.0,0.0,-0.5874903174922096,-0.20295845477686372,0.0,0.0,-1.0,-25.750720008263908
-0.017857171306415575,-0.007651869268692135,-0.205,287.5538383584663,0.0,0.0,-0.5090284389574791,-0.1822222335789837,0.0,0.0,-1.0,-22.71845297173942
-0.008140873401907623,-0.01425484210345077,-0.205,287.71657960221785,0.0,0.0,-0.5840836597774605,1.4056471916719486,0.0,0.0,-1.0,-23.926193904785734
0.0008480166572124593,0.010518294115153216,-0.205,287.8429030281251,0.0,0.0,-0.553602830647918,0.03179101304370876,0.0,0.0,-1.0,-29.251913436645943
-0.01104080616108113,-0.005661081136976472,-0.205,287.81047622143336,0.0,0.0,-0.5884800746171169,-1.6726105452974303,0.0,0.0,-1.0,-26.17023025208598
-0.006216306768068933,-0.00962564257456748,-0.205,287.85404411001514,0.0,0.0,-0.5735542253266863,1.4602594204029196,0.0,0.0,-1.0,-27.923145008559537
-0.01760171401409958,0.00804525632660152,-0.205,287.43892757900994,0.0,0.0,-0.5116222499355729,0.6703871025497996,0.0,0.0,-1.0,-23.772995958410263
-0.005897854075097373,0.009959231782998733,-0.205,287.8401472345267,0.0,0.0,-0.5757093011862037,0.9226645334557085,0.0,0.0,-1.0,-28.694317053315388
-0.002101265193606347,0.008485868600513135,-0.205,287.94243375987446,0.0,0.0,-0.49705138177780384,0.01792299476831416,0.0,0.0,-1.0,-29.65945614328315
0.009393449126896582,0.013632863860362098,-0.205,287.6563298989158,0.0,0.0,-0.5819585978401879,-1.9281418961010475,0.0,0.0,-1.0,-24.049923265799762
0.0007670407117315705,0.008496745727729056,-0.205,288.0701458283453,0.0,0.0,-0.489018100255964,1.371994003697029,0.0,0.0,-1.0,-28.805435788038764
0.01758599600072022,-0.007412639128121705,-0.205,287.4057704541363,0.0,0.0,-0.5206872442297624,0.2146748231344456,0.0,0.0,-1.0,-24.037289152789334
-0.01491129722351249,0.0009917830891641654,-0.205,287.59978291312933,0.0,0.0,-0.5983643852707586,-0.445643258826627,0.0,0.0,-1.0,-25.349144308832585
-0.012439181768586612,-0.0029389129310924034,-0.205,287.80733938609836,0.0,0.0,-0.59268323305383,0.3469594061982722,0.0,0.0,-1.0,-24.444433942571937
-0.010047509482895036,-0.0032141013877028954,-0.205,287.8518002125803,0.0,0.0,-0.5535186510068678,-0.22413707142227776,0.0,0.0,-1.0,-28.89125635844459
-0.019477790680542957,0.0037708992566504165,-0.205,287.4190670903926,0.0,0.0,-0.493977940112562,2.049512697934781,0.0,0.0,-1.0,-20.579642827050396
0.007556209293293377,0.012661718359486769,-0.205,287.6349171332697,0.0,0.0,-0.5991684458886926,0.46242618577832256,0.0,0.0,-1.0,-26.544585018451002
-0.008593867389476541,0.006045071671719022,-0.205,287.82149466782874,0.0,0.0,-0.5524563617127035,-3.9261985630399945,0.0,0.0,-1.0,-28.11798164202127
-0.008675956506382554,-0.013281177418192278,-0.205,287.6853070245127,0.0,0.0,-0.5911613449985714,1.9132369585889828,0.0,0.0,-1.0,-24.844023714878556
-0.012072378963084208,0.008708051447181588,-0.205,287.6090592410004,0.0,0.0,-0.5986302844413274,-0.9317889481688534,0.0,0.0,-1.0,-25.231391940467788
-0.01805885428064501,0.0012613100568295125,-0.205,287.4426185752174,0.0,0.0,-0.5496243092319909,0.9745919082621752,0.0,0.0,-1.0,-25.24622266885801
0.0009896160094925457,-0.012592396510943533,-0.205,287.81402090919477,0.0,0.0,-0.5911073475616275,-0.9394439856845315,0.0,0.0,-1.0,-27.74757887943043
-0.000561286978472605,0.0183119826869634,-0.205,287.4622321681904,0.0,0.0,-0.543769706894619,1.724643984547975,0.0,0.0,-1.0,-22.438843132031923
0.004191526741290871,0.014694064642035943,-0.205,287.6567931443847,0.0,0.0,-0.5963983786349535,-0.8128904403863206,0.0,0.0,-1.0,-24.343718238497264
-0.006236845470540158,0.008405729326948556,-0.205,287.85607798768507,0.0,0.0,-0.551429908897932,0.39554536467731954,0.0,0.0,-1.0,-27.924602619875063
-0.004648049754220803,-0.01854490725280026,-0.205,287.5350278293327,0.0,0.0,-0.5195637604495269,-0.7537807217909014,0.0,0.0,-1.0,-22.916969056673366
-0.011861435936275547,0.013135159649650821,-0.205,287.4765660670352,0.0,0.0,-0.5596502705705176,2.344473477757326,0.0,0.0,-1.0,-24.310830810266154
0.0005593055078466291,0.011437233361663218,-0.205,287.85892595324793,0.0,0.0,-0.5734115058758024,-1.244193350614057,0.0,0.0,-1.0,-27.7105927928068
-0.0007797296369232951,0.01780475679687066,-0.205,287.5877200149779,0.0,0.0,-0.5567050933834363,0.6718964840175914,0.0,0.0,-1.0,-22.066942632474564
0.012081148634255457,0.003056273113301401,-0.205,287.7984381039232,0.0,0.0,-0.5891477794279977,0.07891641264396103,0.0,0.0,-1.0,-26.364388351354823
0.011531315049278554,0.0047925122296899126,-0.205,287.87513831763965,0.0,0.0,-0.5894590196135717,0.34629277389723884,0.0,0.0,-1.0,-27.226984665498414
0.014672120307494329,0.00785136108123933,-0.205,287.59755311732323,0.0,0.0,-0.5806031980571483,0.5039168161853623,0.0,0.0,-1.0,-24.576470915366478
-0.012437063667523545,-0.009181953014154863,-0.205,287.7010712591935,0.0,0.0,-0.5950375204733603,0.6905897689121666,0.0,0.0,-1.0,-23.82951470069655
0.011149275709986835,-0.00010023670541738533,-0.205,287.8200165123459,0.0,0.0,-0.5673820063588658,0.3403650836998113,0.0,0.0,-1.0,-30.123608172018404
-0.005739387400273123,-0.007953970470828162,-0.205,288.0432123748278,0.0,0.0,-0.53305454942589,0.9702530767795233,0.0,0.0,-1.0,-28.742398973924846
0.0016575835193031855,-0.016889635310016818,-0.205,287.50492133841914,0.0,0.0,-0.5748785948011501,0.9764707256265974,0.0,0.0,-1.0,-23.200936504604147
0.014492779685923602,-0.000905391250681947,-0.205,287.6583389674727,0.0,0.0,-0.5997507121133191,0.3662622439882463,0.0,0.0,-1.0,-24.99722985260065
0.016851573515067927,0.00635547376313819,-0.205,287.54409323680056,0.0,0.0,-0.552017728237482,0.28269327745661726,0.0,0.0,-1.0,-22.94561275304478
0.003067315001754356,0.008732627367238661,-0.205,288.0302100646398,0.0,0.0,-0.5153525748223352,-0.7503101042616916,0.0,0.0,-1.0,-29.999831985449603
0.008423600852855479,-0.005127271391770531,-0.205,287.85042191261886,0.0,0.0,-0.5346385503540872,-0.0056188534588419645,0.0,0.0,-1.0,-28.07019592972241
-0.004048133525767659,0.0183567544709066,-0.205,287.35253106112555,0.0,0.0,-0.5298120432803619,0.04403871670651485,0.0,0.0,-1.0,-20.873245731415704
0.010327488391712714,0.01653468614226576,-0.205,287.544502583304,0.0,0.0,-0.506644702588056,-0.8016514357158243,0.0,0.0,-1.0,-22.220074622324148
0.014565308005610969,-0.011675418959385156,-0.205,287.47010471128283,0.0,0.0,-0.5337863786672671,0.00786970371847531,0.0,0.0,-1.0,-21.4220466025975
0.0039018058406950253,0.010145728775575413,-0.205,287.96008588484364,0.0,0.0,-0.5612336340029427,0.04318085377484832,0.0,0.0,-1.0,-27.745439661946246
-0.0036594496517315177,-0.015856451247057573,-0.205,287.63757145008543,0.0,0.0,-0.5861082922863009,-1.0514084469881237,0.0,0.0,-1.0,-25.07317098998915
0.013114752623320479,0.014232874361492374,-0.205,287.5239871075399,0.0,0.0,-0.5115999105851048,-2.4262098127013956,0.0,0.0,-1.0,-21.302148235045937
-0.005409127967916176,0.018460846762551355,-0.205,287.4335657576556,0.0,0.0,-0.5156018348997807,-0.9219017151120814,0.0,0.0,-1.0,-23.7318673870924
-0.016542301961712382,-0.0028050020648827164,-0.205,287.64880910414706,0.0,0.0,-0.5783049912169798,-2.1051142293874276,0.0,0.0,-1.0,-23.489790250008905
-0.01092562289934921,-0.00627860559259942,-0.205,287.88630480612403,0.0,0.0,-0.5907743795912546,1.2956601438596802,0.0,0.0,-1.0,-28.065855551128564
-0.0010120740111893482,-0.011224151864832247,-0.205,287.84214718324523,0.0,0.0,-0.5698574156637172,1.077134115645394,0.0,0.0,-1.0,-28.43010945483522
-0.016971833327170067,0.0071320919647259815,-0.205,287.45912950115746,0.0,0.0,-0.5412861714293687,-0.9944352239571982,0.0,0.0,-1.0,-25.35600652139225
-0.018524029977161564,0.003918077155308064,-0.205,287.44912761480447,0.0,0.0,-0.5255499855797787,-0.476180490752579,0.0,0.0,-1.0,-24.3369873467523
0.005228944539411563,-0.007710092214001532,-0.205,287.8733037347436,0.0,0.0,-0.5173848059223216,-2.284188678846036,0.0,0.0,-1.0,-30.553176625454604
-0.008716956535688167,-0.0009908788862911073,-0.205,287.9846262900558,0.0,0.0,-0.4982046834374225,-1.9992017846011336,0.0,0.0,-1.0,-31.259505938987203
-0.016470253008571124,-0.00731417570249451,-0.205,287.5051152244987,0.0,0.0,-0.5517348259144262,-0.7944703817351421,0.0,0.0,-1.0,-23.520140490575173
-0.007691468179659809,-0.012714836746589079,-0.205,287.7145125702885,0.0,0.0,-0.5987363938298638,2.0079525183684295,0.0,0.0,-1.0,-25.713311764157737
0.017553774427218848,-0.0016423365903447673,-0.205,287.575974301222,0.0,0.0,-0.5612204692559131,0.3418732753198485,0.0,0.0,-1.0,-23.38938827510918
0.004408710282249078,-0.011928677423844314,-0.205,287.65608562626824,0.0,0.0,-0.5920280670698564,-1.255628401521841,0.0,0.0,-1.0,-28.717095779033393
-0.0027788443490371177,0.011681147487925748,-0.205,287.77683482293276,0.0,0.0,-0.582928755496566,-3.692827559997396,0.0,0.0,-1.0,-28.586010863316133
-0.0011706366639582014,0.00921343067941239,-0.205,287.8955235466162,0.0,0.0,-0.5164285685243634,0.4405332373176564,0.0,0.0,-1.0,-28.29143659922341
0.016487058142297287,-0.001759614655775414,-0.205,287.58195354022865,0.0,0.0,-0.5815656960343095,1.4667438427666672,0.0,0.0,-1.0,-25.702525222776845
-0.008761140188690179,-0.009900578225914045,-0.205,287.7588890833659,0.0,0.0,-0.596402567734247,1.2850631689664647,0.0,0.0,-1.0,-25.906241777675838
-0.016078306421401012,-0.0064058016469789,-0.205,287.5693663803035,0.0,0.0,-0.5682778351719635,-3.827360972420971,0.0,0.0,-1.0,-23.665697955763747
-0.007374708039788351,0.005799574061223472,-0.205,287.8424896050614,0.0,0.0,-0.5195801055151897,2.3883584232997364,0.0,0.0,-1.0,-29.07154901915138
0.009691315243298991,0.003272704334745445,-0.205,287.92452200048126,0.0,0.0,-0.5451308769832354,-0.12804822656811155,0.0,0.0,-1.0,-28.019060743041408
0.009549102351707865,0.004616958519766437,-0.205,287.7601184977256,0.0,0.0,-0.5549544606598926,0.837418615323599,0.0,0.0,-1.0,-29.29890185428512
0.007920237074628264,-0.011019296560484115,-0.205,287.64563822665843,0.0,0.0,-0.5984325378352591,-1.359773248012168,0.0,0.0,-1.0,-27.16063616178903
-0.010414954432438707,-0.01268170882630269,-0.205,287.6800249023812,0.0,0.0,-0.5841629646054508,1.1725610872204169,0.0,0.0,-1.0,-22.84364469125022
0.01731445780330856,0.0015024173180063773,-0.205,287.5472310906153,0.0,0.0,-0.5667637083303395,-0.38394692119565216,0.0,0.0,-1.0,-25.223507756678544
-0.01032577310754373,0.0007665413137143009,-0.205,287.8567939232569,0.0,0.0,-0.5484945118186131,-1.0242435516276807,0.0,0.0,-1.0,-28.534461850903913
-0.015787619972278163,-0.0014465449938008221,-0.205,287.6845843203973,0.0,0.0,-0.5912716667000948,-1.109924874969912,0.0,0.0,-1.0,-22.214834141057146
-0.011865639302829205,0.009020525940598127,-0.205,287.51508065884843,0.0,0.0,-0.5985434371793011,-2.362977966015998,0.0,0.0,-1.0,-25.90088113700659
-0.001670794887453313,0.019296533399262416,-0.205,287.4557345774971,0.0,0.0,-0.5110836037071058,1.5632770206563364,0.0,0.0,-1.0,-20.52476942109664
0.013123956679211898,0.007903376342947075,-0.205,287.7232831600639,0.0,0.0,-0.5961148889591323,-0.33332299966728346,0.0,0.0,-1.0,-26.18914789609367
0.017396677064732552,-0.004870221501864163,-0.205,287.46540692624217,0.0,0.0,-0.5505954137265958,1.5963478177626649,0.0,0.0,-1.0,-22.63085972468432
-0.011955620495777537,-0.013056542187483906,-0.205,287.70851792414624,0.0,0.0,-0.5595284906918423,-0.8299595648159415,0.0,0.0,-1.0,-23.296907147496714
-0.011072897743677314,0.013407175696351263,-0.205,287.5040920310155,0.0,0.0,-0.5665717755602783,0.2167109193143633,0.0,0.0,-1.0,-23.09390317607808
-0.014358883440238314,-0.010903657689185765,-0.205,287.6405089318394,0.0,0.0,-0.5515209611605847,-0.33366091275968396,0.0,0.0,-1.0,-23.31222194299351
0.01153250418447414,0.011618311632935696,-0.205,287.6204142232552,0.0,0.0,-0.5847448860270842,-0.6891098989269188,0.0,0.0,-1.0,-24.296030376636068
-0.009200065728075881,0.011947328724318432,-0.205,287.63463450941225,0.0,0.0,-0.5976671199763668,1.3429907009673998,0.0,0.0,-1.0,-27.394614070316205
0.01623209968748385,-7.680871506127152e-05,-0.205,287.5781747376738,0.0,0.0,-0.5866651607477681,0.88786073648556,0.0,0.0,-1.0,-23.752256530964825
0.012173553685271479,0.0020649145560697204,-0.205,287.8212512094928,0.0,0.0,-0.5877161709595217,-1.4067481033255265,0.0,0.0,-1.0,-27.44665742498561
0.008957222615755968,0.010690476905244129,-0.205,287.7919837782392,0.0,0.0,-0.5996883896692907,0.5995966255822015,0.0,0.0,-1.0,-27.471899928442387
-0.012250912530324272,0.013675680178163795,-0.205,287.49150845748517,0.0,0.0,-0.5426606254235101,-0.8616949965223697,0.0,0.0,-1.0,-24.601984748124018
-0.00017052712167889004,-0.01690243233413954,-0.205,287.55135534636406,0.0,0.0,-0.5761093791629943,1.33071868914602,0.0,0.0,-1.0,-24.156339827494115
-0.019226417038396358,-0.002375229185875742,-0.205,287.4219625047156,0.0,0.0,-0.5109498746329089,-0.9415669965314339,0.0,0.0,-1.0,-22.020605358909865
0.013475064027082225,-0.014141224802191685,-0.205,287.48036562945504,0.0,0.0,-0.5052726901226289,-2.282195533182203,0.0,0.0,-1.0,-24.89449321968576
0.010373083817709119,-0.000586994147419569,-0.205,287.84374558119094,0.0,0.0,-0.5494287133666428,-0.46492819116482764,0.0,0.0,-1.0,-30.764046654046993
0.005077055514604416,0.00696595947717572,-0.205,287.932962161923,0.0,0.0,-0.49242691332647714,1.5672932273732676,0.0,0.0,-1.0,-30.5017743307888
-0.0071404349217877245,-0.011331863163838529,-0.205,287.7651550083273,0.0,0.0,-0.5975129076917085,-1.3646766524920688,0.0,0.0,-1.0,-24.95741453796855
-0.011637939221392595,-0.006590080050675421,-0.205,287.86355612156933,0.0,0.0,-0.5973973890506153,0.654159172532538,0.0,0.0,-1.0,-24.88823892514494
0.010986875591548931,0.0023641444582417634,-0.205,287.8339052304107,0.0,0.0,-0.5692202678484105,-2.540084358082383,0.0,0.0,-1.0,-28.79588013217563
-0.0087661128732558,0.012541290288813541,-0.205,287.4863880687336,0.0,0.0,-0.5962495687222298,0.38747554470761575,0.0,0.0,-1.0,-25.425141634313487
0.007662952387851025,0.015940473283190603,-0.205,287.58095326551825,0.0,0.0,-0.5599187151921262,-0.8424618764269364,0.0,0.0,-1.0,-23.737462884489844
-0.006206777271594014,-0.017940252211205914,-0.205,287.4658207039171,0.0,0.0,-0.5239606039447535,0.005577668573782231,0.0,0.0,-1.0,-23.806412203975572
-0.01478280769599018,0.010115856684990364,-0.205,287.43639504254367,0.0,0.0,-0.5544759467124762,1.5698523229965722,0.0,0.0,-1.0,-23.154640147874535
0.00018862374252093874,-0.01973728729391097,-0.205,287.3839959336522,0.0,0.0,-0.49778486184500825,0.5687943177208926,0.0,0.0,-1.0,-21.289686107758495
-0.0038924570359804476,0.019372415376424233,-0.205,287.47754931181817,0.0,0.0,-0.4969858372767151,-1.4678714338839993,0.0,0.0,-1.0,-22.01432134405056
-0.0011060246257563338,0.010132730721149095,-0.205,287.910691740766,0.0,0.0,-0.5441420083933651,-0.5412463047777121,0.0,0.0,-1.0,-28.235766177359103
-0.007700937781894111,0.01590342379841728,-0.205,287.5421655769581,0.0,0.0,-0.5603110729625141,-0.14352505661921083,0.0,0.0,-1.0,-22.616144610352872
0.013894254941046387,0.007921442973197352,-0.205,287.67707364989974,0.0,0.0,-0.5896814553728392,-0.3231944442395592,0.0,0.0,-1.0,-23.720051503824035
-0.016661611460781448,0.006168075930984772,-0.205,287.452356148998,0.0,0.0,-0.5580318654345836,0.904778147819825,0.0,0.0,-1.0,-24.439099481522543
0.013169618628119507,0.009186939306938384,-0.205,287.66478295133896,0.0,0.0,-0.588914763045059,-0.2205288580053167,0.0,0.0,-1.0,-24.395323604919206
-0.011652373455760907,0.011745439800323583,-0.205,287.53181675931165,0.0,0.0,-0.5821277851388108,0.1656215236563841,0.0,0.0,-1.0,-26.028753388701755
0.0190085985288986,-0.00214287331994132,-0.205,287.39094599052567,0.0,0.0,-0.5192171463664121,-1.0777619035894364,0.0,0.0,-1.0,-23.534938475264333
0.007680527199951627,0.011929014955953056,-0.205,287.762348578156,0.0,0.0,-0.5999868444193447,-2.507211368152724,0.0,0.0,-1.0,-25.207374939648428
0.0002574508900731544,0.010522204759520993,-0.205,287.9139830743366,0.0,0.0,-0.5529210027165533,0.5197176272632839,0.0,0.0,-1.0,-29.141754890170798
-0.00563585053013247,0.007902633323847047,-0.205,287.8906045071475,0.0,0.0,-0.5299424175634998,-1.0593072063435776,0.0,0.0,-1.0,-27.922350178428857
-0.006500384145066768,-0.014891789328172554,-0.205,287.76113312594725,0.0,0.0,-0.5864432947361954,-1.4553996433093577,0.0,0.0,-1.0,-26.118317107292615
0.0030223457588227673,-0.01271996823757398,-0.205,287.728269898444,0.0,0.0,-0.5953075913310671,0.8621384154540337,0.0,0.0,-1.0,-28.609264030547685
-0.0035499990660245477,0.01679750310344914,-0.205,287.5422703704422,0.0,0.0,-0.5710940621540302,-0.9349109942122085,0.0,0.0,-1.0,-23.612134642953638
0.01782542221931859,-0.0009910947008830576,-0.205,287.44664327856407,0.0,0.0,-0.5559471040084858,2.373726209877341,0.0,0.0,-1.0,-22.47910369110435
-0.005351073008979336,0.008033718848355955,-0.205,287.86537118033493,0.0,0.0,-0.5282762774140547,0.17960064056825817,0.0,0.0,-1.0,-29.24993613994256
-0.009108369396026727,-0.012577122909494932,-0.205,287.7740161784793,0.0,0.0,-0.594449612399866,0.8266368917964365,0.0,0.0,-1.0,-24.4339510541643
0.009130401150768765,0.009732891242434793,-0.205,287.8233869189404,0.0,0.0,-0.5972215851437684,-0.2299178040536956,0.0,0.0,-1.0,-26.813112362300313
0.01409166744929315,-0.006800172970547069,-0.205,287.5989707208427,0.0,0.0,-0.5933804552883678,-0.6827012292633186,0.0,0.0,-1.0,-23.822658003391247
0.016661325069733345,0.005440578717335994,-0.205,287.49760464880814,0.0,0.0,-0.5635548537990305,-0.9025449371814588,0.0,0.0,-1.0,-24.82968944299514
-0.001947080629501092,-0.01770558291414091,-0.205,287.50581419792775,0.0,0.0,-0.5569351104749243,0.4134352749114724,0.0,0.0,-1.0,-24.043920407576255
0.008465119370488605,-0.008577286424527967,-0.205,287.7340075499329,0.0,0.0,-0.5835909570984098,1.8139598616414887,0.0,0.0,-1.0,-26.497399077048744
-0.019237986524873962,-0.00023623418602543284,-0.205,287.4262545332888,0.0,0.0,-0.5155187684581124,-0.8157715654221006,0.0,0.0,-1.0,-23.21560488151724
0.018980232012827187,0.0027235192164110677,-0.205,287.4955575800855,0.0,0.0,-0.5176988523259272,0.1676108803049827,0.0,0.0,-1.0,-22.56425562666613
0.00847042464378316,0.0076296077008444815,-0.205,287.9590076412476,0.0,0.0,-0.5724348629085556,0.2665305910208318,0.0,0.0,-1.0,-28.012783319534243
0.009437619468733649,-0.00858991878914004,-0.205,287.5833174890811,0.0,0.0,-0.5924808863778879,0.08648432040721682,0.0,0.0,-1.0,-27.920040256459796
0.017022285592000447,-0.0017501814336517453,-0.205,287.65309361693903,0.0,0.0,-0.5722026432207198,-0.9033090873352361,0.0,0.0,-1.0,-24.428812296730147
-0.001119635655193147,-0.01902438542864244,-0.205,287.49540005600966,0.0,0.0,-0.5215739594948197,-0.9455862799255649,0.0,0.0,-1.0,-22.9863424404183
-0.0006504391074061599,0.013745598323508688,-0.205,287.75009366055014,0.0,0.0,-0.5991884559374442,0.2923855109139423,0.0,0.0,-1.0,-26.320588051334784
-0.00653317663322221,0.011373378493712444,-0.205,287.65985556283016,0.0,0.0,-0.5956379742252491,0.16481251342530528,0.0,0.0,-1.0,-27.69147891717955
0.009080083705577122,-0.013646181024480706,-0.205,287.4536212049595,0.0,0.0,-0.5844436918881583,0.09748005332417381,0.0,0.0,-1.0,-24.60385889862119
0.00943132008542778,-0.01396493960263497,-0.205,287.5010957534011,0.0,0.0,-0.577034917048399,-0.24857886302290255,0.0,0.0,-1.0,-24.71486139469222
0.01631063818696701,-0.011493891675584548,-0.205,287.33879933954864,0.0,0.0,-0.48960320257146395,-1.1444538468291119,0.0,0.0,-1.0,-22.200323892767827
0.015341938718495976,-0.0005080613708315868,-0.205,287.6347815872975,0.0,0.0,-0.5958911720150784,1.1990392044676708,0.0,0.0,-1.0,-23.535500616076465
0.009968138562726986,-0.01397786905425687,-0.205,287.44263242155927,0.0,0.0,-0.5711021347091007,0.6001562598334731,0.0,0.0,-1.0,-25.265883478687037
-0.010167978065094969,-0.0028483302245564473,-0.205,287.924076677444,0.0,0.0,-0.5537775495938081,-1.2186573333817676,0.0,0.0,-1.0,-27.32027586930474
0.0057714503285612164,0.009694814232170805,-0.205,287.8154165938549,0.0,0.0,-0.5701198055288628,0.3697333556724264,0.0,0.0,-1.0,-27.879013448966983
0.0024885107888739633,-0.014158232475362145,-0.205,287.6707854386382,0.0,0.0,-0.599946750689509,1.2920524300150409,0.0,0.0,-1.0,-25.234113735384344
-0.0025780954821716788,0.017768490763793415,-0.205,287.5244859991233,0.0,0.0,-0.5534276745668552,-1.1906774797692445,0.0,0.0,-1.0,-23.265415768895842
0.0019892608213326166,0.012453035864829081,-0.205,287.8694403899975,0.0,0.0,-0.5908828655341011,1.9086104621321558,0.0,0.0,-1.0,-27.50156028706576
-0.010128366091689706,-0.00605003594944175,-0.205,287.91003341828616,0.0,0.0,-0.579592527888493,-0.5566273115790565,0.0,0.0,-1.0,-28.328359048410057
-0.001806552595640536,0.01921492985544104,-0.205,287.39148338582623,0.0,0.0,-0.5134668098326312,-1.897859694135618,0.0,0.0,-1.0,-21.597309265799574
0.011073336008811888,-0.010840586202424634,-0.205,287.62477482341836,0.0,0.0,-0.5947284046492854,-0.027441103065056646,0.0,0.0,-1.0,-26.29918781212265
0.014295533173122705,0.0019392517748507876,-0.205,287.76298454422005,0.0,0.0,-0.5998943214342677,-2.3459020067881666,0.0,0.0,-1.0,-26.179103705943874
-0.01731845307317989,0.005236642400980424,-0.205,287.46928791898836,0.0,0.0,-0.5498854131920556,0.05395566142768438,0.0,0.0,-1.0,-23.378641034265566
-0.0067711309088840065,-0.009430744876102385,-0.205,287.9439022522916,0.0,0.0,-0.5763443450327267,-1.5482215128165207,0.0,0.0,-1.0,-25.521942409244758
0.0085058323798714,0.004887352007627928,-0.205,287.8743450526028,0.0,0.0,-0.5330993794808127,0.5845856555913115,0.0,0.0,-1.0,-28.31090100080243
-0.008338943465156753,0.012268323217429501,-0.205,287.6726515356635,0.0,0.0,-0.5988423108164908,1.495186078106027,0.0,0.0,-1.0,-26.590556906956778
0.00322105362265529,0.014651376699006966,-0.205,287.6001935587878,0.0,0.0,-0.5980846579980058,-0.28943601082841963,0.0,0.0,-1.0,-24.436724841156675
0.009567293912320328,-0.011764097125846687,-0.205,287.54555538937694,0.0,0.0,-0.5971690719238957,1.7178127690149239,0.0,0.0,-1.0,-25.06456512782929
0.0066105770507653636,0.010674065410348935,-0.205,287.83718192862733,0.0,0.0,-0.5902535597187972,0.3987172582014061,0.0,0.0,-1.0,-25.953752236225235
-0.0035610581326643606,-0.01891022939847697,-0.205,287.54554979902827,0.0,0.0,-0.5154113935322882,-1.0793991484227028,0.0,0.0,-1.0,-22.515953556136754
0.003651625696917399,0.009710695132435509,-0.205,287.93911722171225,0.0,0.0,-0.5490324131364404,-0.6330182069043577,0.0,0.0,-1.0,-27.301456869736352
-0.008943013073591492,0.003539135914714687,-0.205,287.9106238352859,0.0,0.0,-0.527184622441766,-2.1097822074335584,0.0,0.0,-1.0,-31.222579263372435
0.016062611475314268,0.002576678866808183,-0.205,287.646409027842,0.0,0.0,-0.5861807194437899,2.2153326183598345,0.0,0.0,-1.0,-23.778208706682936
-0.009572432948656884,0.001232699868629486,-0.205,287.8850239543173,0.0,0.0,-0.5282381272306688,0.9665823762209697,0.0,0.0,-1.0,-28.426609356626447
-0.004009309605194594,-0.015531213732317969,-0.205,287.5692663410981,0.0,0.0,-0.5891222738605193,-1.864488982853947,0.0,0.0,-1.0,-24.512945783341813
0.011053238710419154,-0.016647397765334384,-0.205,287.4930465247111,0.0,0.0,-0.4884725399196381,0.48985951225141094,0.0,0.0,-1.0,-22.015238093656727
-0.005590815059489367,0.014735467622275253,-0.205,287.5078700431244,0.0,0.0,-0.592257885951144,-0.6640175294826463,0.0,0.0,-1.0,-23.615614757003684
-0.007332596145587481,-0.014611244102497107,-0.205,287.7435130354883,0.0,0.0,-0.5850635696741867,1.17762806563529,0.0,0.0,-1.0,-25.97614466007051
0.007388719248836216,-0.01734064773162481,-0.205,287.3989616185261,0.0,0.0,-0.5282178892883383,-0.6044258407114919,0.0,0.0,-1.0,-22.946115294456778
0.007964347712814828,-0.003381164923925512,-0.205,287.99196854061347,0.0,0.0,-0.4936667484396399,-1.3093714826267553,0.0,0.0,-1.0,-31.093065692339437
0.012156974832257448,0.008142306217008946,-0.205,287.7885924624526,0.0,0.0,-0.5995053486589573,1.8089257857618024,0.0,0.0,-1.0,-26.285173259488108
-0.01143510936991968,-0.016362365321411325,-0.205,287.5549774590072,0.0,0.0,-0.4892710204869756,-0.04562515246601522,0.0,0.0,-1.0,-21.928515698735964
0.007662664519268685,-0.01667903854030755,-0.205,287.45628085636275,0.0,0.0,-0.5428142668611151,-0.25856247404420934,0.0,0.0,-1.0,-23.375824492501245
-0.018758880614007736,-0.005406764638893075,-0.205,287.4643915043575,0.0,0.0,-0.5056605596162502,-0.4140533198051923,0.0,0.0,-1.0,-22.351036808428944
-0.001038916757700886,-0.019322861355548542,-0.205,287.523812117302,0.0,0.0,-0.5117064995341154,2.0133216553854765,0.0,0.0,-1.0,-21.123757029968417
0.009356527416334331,-0.007412271000093995,-0.205,287.68800396484136,0.0,0.0,-0.5818408067249513,1.3271534995223806,0.0,0.0,-1.0,-26.85104729872741
0.015594045241806975,-0.003007160727148861,-0.205,287.5574787306662,0.0,0.0,-0.5909686804769901,-0.5310960405528474,0.0,0.0,-1.0,-23.67933069680814
-0.017486307066226635,0.006729424209717688,-0.205,287.3634636701179,0.0,0.0,-0.5316921340104895,-0.39107987197661565,0.0,0.0,-1.0,-22.74597056038108
-0.013227409651252691,0.014021497076401844,-0.205,287.3957541914776,0.0,0.0,-0.5142737832063972,-0.1190211060285154,0.0,0.0,-1.0,-21.529690625247557
-0.00944049813538275,0.002708215554080317,-0.205,287.84845257703716,0.0,0.0,-0.5334397942253846,0.8655179394087676,0.0,0.0,-1.0,-29.43232606920898
-0.012570425338713255,-0.014684910054030534,-0.205,287.47820207546226,0.0,0.0,-0.5124122625828919,-0.30430804742427703,0.0,0.0,-1.0,-22.312037099308302
-0.014169002189150959,0.0010851819933369996,-0.205,287.7293802988567,0.0,0.0,-0.5999947045436419,-0.4964608413844685,0.0,0.0,-1.0,-25.767616608525547
0.0036397647436015195,0.010492003562793761,-0.205,287.8464528011812,0.0,0.0,-0.5664427369100621,-0.024809382138786727,0.0,0.0,-1.0,-28.079450451806036
-0.006030014344151191,0.016206903261881497,-0.205,287.4400449639181,0.0,0.0,-0.5685897992964617,1.1037870093700213,0.0,0.0,-1.0,-23.479304496972194
-0.013419842169003531,-0.001291118522554668,-0.205,287.6629528520284,0.0,0.0,-0.5979973891590584,1.010213622705905,0.0,0.0,-1.0,-25.66596704557792
0.0004425683322584534,-0.01933956416115019,-0.205,287.4027380320827,0.0,0.0,-0.5119190441327106,-0.3160934183367294,0.0,0.0,-1.0,-22.603085111065607
0.01110285932586611,-0.0033385213163221513,-0.205,287.8011849905642,0.0,0.0,-0.576059333119585,0.8279547393208802,0.0,0.0,-1.0,-29.159596031146368
0.009041557853580271,-0.00505479300953381,-0.205,287.80631735375096,0.0,0.0,-0.5486112840989561,-0.5067092673783519,0.0,0.0,-1.0,-29.141812610091495
-0.0010258343000531225,0.010763794762713112,-0.205,287.83031095678774,0.0,0.0,-0.5599017378073504,-0.9057003311824026,0.0,0.0,-1.0,-27.084069838004968
0.003968827304377782,-0.01230247866614474,-0.205,287.8026634568181,0.0,0.0,-0.5940584786911101,2.8432098284687304,0.0,0.0,-1.0,-27.44556122158388
-0.008440976049967226,0.010747423837756873,-0.205,287.644758917455,0.0,0.0,-0.5988422593427578,-2.647620863594937,0.0,0.0,-1.0,-25.87177906709686
0.007074661136534921,0.009258326590494123,-0.205,287.9897597918345,0.0,0.0,-0.5770934696081343,-1.3244483850453423,0.0,0.0,-1.0,-30.247833570872107
-0.009130727129834806,-0.009542842780122488,-0.205,287.84501903224617,0.0,0.0,-0.5963113001096029,-0.6388844847730877,0.0,0.0,-1.0,-29.273842214099112
-0.00979146926561413,0.0009913228582532616,-0.205,287.86195210103153,0.0,0.0,-0.5340470597313443,-1.112771142834053,0.0,0.0,-1.0,-28.24386024749279
0.016966700331288383,0.0069855796042860695,-0.205,287.5148253673095,0.0,0.0,-0.5429959338624858,2.540156838630886,0.0,0.0,-1.0,-22.004399401555673
0.01446482420847019,-0.004611736930609633,-0.205,287.6792184057517,0.0,0.0,-0.5970509834644673,-1.2287670191581148,0.0,0.0,-1.0,-24.26622754873755
0.012649508856554565,-0.011918696784560485,-0.205,287.47450413268393,0.0,0.0,-0.566752891190603,0.14673427112600487,0.0,0.0,-1.0,-23.64683246950924
0.013990592340037309,-0.009998131527484626,-0.205,287.4919301362526,0.0,0.0,-0.5705492737903003,0.8643355142064703,0.0,0.0,-1.0,-22.93473807721832
-0.009738493942441181,0.0007758337652152954,-0.205,287.8451116297666,0.0,0.0,-0.5318698446452231,1.011103942935776,0.0,0.0,-1.0,-29.8164017236599
-0.01423857874453491,-0.0027711163051065426,-0.205,287.72155087070263,0.0,0.0,-0.5997780672512846,-3.046404840614748,0.0,0.0,-1.0,-25.706105108251123
-0.011124788408272131,0.005240100457493505,-0.205,287.68069738972406,0.0,0.0,-0.5870580155155387,-3.2503227825816365,0.0,0.0,-1.0,-27.038122239271676
-0.006513152689731406,-0.010372591450265832,-0.205,287.8608682548101,0.0,0.0,-0.5863976078030599,-0.1427306776029867,0.0,0.0,-1.0,-27.038018770421402
0.012275843346888875,-0.008886519274871283,-0.205,287.54137293413663,0.0,0.0,-0.5972220927284271,1.0810275549467738,0.0,0.0,-1.0,-25.65651708715904
0.010365566553647159,0.008114215806247441,-0.205,287.79722804680387,0.0,0.0,-0.5959961140849136,0.7696358127101373,0.0,0.0,-1.0,-26.421282774627937
-0.017323626617658894,-0.009379558448206485,-0.205,287.4970777447878,0.0,0.0,-0.4992078911322496,0.5925623050844524,0.0,0.0,-1.0,-23.15598606575211
0.00437624422556911,0.013481839400841831,-0.205,287.6231694962558,0.0,0.0,-0.5999805663328259,2.2090915889096903,0.0,0.0,-1.0,-24.987161820323877
0.010882251776554764,0.012381464859362328,-0.205,287.68658349123945,0.0,0.0,-0.5830626693337716,-0.302928065610717,0.0,0.0,-1.0,-24.980496896577275
-0.01631249035278108,-0.0078713657863535,-0.205,287.5454176170398,0.0,0.0,-0.5493766103058909,0.5093358846349333,0.0,0.0,-1.0,-23.33399508161995
0.010902001334181469,0.00885738442188125,-0.205,287.80788174879206,0.0,0.0,-0.5998595986850153,-0.052144021260548665,0.0,0.0,-1.0,-26.60197346056967
-0.0006837674182801247,-0.014038620573019737,-0.205,287.7908948000067,0.0,0.0,-0.5998713066502737,-0.69833616182787,0.0,0.0,-1.0,-26.29684942971247
0.00794244110824903,-0.006865722919525555,-0.205,287.8987153257513,0.0,0.0,-0.5522421466306445,-3.1848532540437473,0.0,0.0,-1.0,-28.630901055399352
0.016855558471004017,-0.010605363275635639,-0.205,287.3389465337429,0.0,0.0,-0.4911155217280835,-0.5812490850711945,0.0,0.0,-1.0,-22.132212169808973
-0.0024785414375860966,-0.012160732122769627,-0.205,287.7924690447941,0.0,0.0,-0.5885200128651817,-0.9992963268632991,0.0,0.0,-1.0,-28.160367958081306
-0.011011415348579074,-0.01356383802367689,-0.205,287.6370948842034,0.0,0.0,-0.564796520774172,0.5202768863970153,0.0,0.0,-1.0,-23.234588650860484
-0.013693929748436034,0.01351657573911909,-0.205,287.39553234378747,0.0,0.0,-0.515461029078206,0.2001611089292118,0.0,0.0,-1.0,-22.88170594850362
0.01583830609254819,-0.012113489161322608,-0.205,287.3913213786959,0.0,0.0,-0.4901439128370825,1.1361930921619652,0.0,0.0,-1.0,-22.57901957057553
0.002588405577408543,0.018407986442587926,-0.205,287.52083859754896,0.0,0.0,-0.5361071862795824,0.8752481388516821,0.0,0.0,-1.0,-22.68954153847602
0.010861423110723216,0.013261848320588169,-0.205,287.5406473817675,0.0,0.0,-0.5716178878637151,-0.06152189564341665,0.0,0.0,-1.0,-23.875834826660835
-0.018711855511787102,-0.0009025044105815923,-0.205,287.45621987567023,0.0,0.0,-0.5317799008396895,-0.7229488633517903,0.0,0.0,-1.0,-20.18962912567965
0.01163815666702032,0.00622330761799456,-0.205,287.9153604208996,0.0,0.0,-0.5962413553041427,-0.967380230999856,0.0,0.0,-1.0,-24.35670119350005
-0.0007362407666193323,-0.008753693166033338,-0.205,288.0649258261879,0.0,0.0,-0.498631948998598,-1.9838078476770735,0.0,0.0,-1.0,-30.110876381589232
-0.0009405014140068565,-0.01148048987926641,-0.205,287.8157458133833,0.0,0.0,-0.5746885675985782,0.5023294353471154,0.0,0.0,-1.0,-27.95231276984358
0.0020751455019029654,-0.012030716838124685,-0.205,287.6713109443329,0.0,0.0,-0.5858547744044922,0.43408734383594044,0.0,0.0,-1.0,-27.831197623303805
0.008328474181500112,0.00211692634330557,-0.205,287.9548874966496,0.0,0.0,-0.4914117148587427,0.3777450732629152,0.0,0.0,-1.0,-29.723792270270494
0.005817664986124017,-0.00921670051714963,-0.205,287.8491145386577,0.0,0.0,-0.5618976815598142,-1.2167894728703887,0.0,0.0,-1.0,-27.836678299958024
-0.008208033885384507,0.008253524580919814,-0.205,287.77784143719623,0.0,0.0,-0.576884840581745,-1.3325540272286214,0.0,0.0,-1.0,-28.207234545041757
-0.0016310879968452366,-0.015245248678034328,-0.205,287.64524720467256,0.0,0.0,-0.5960251871838997,-2.2096611199355434,0.0,0.0,-1.0,-24.16195053504326
-0.007187575182697427,-0.013815564731891529,-0.205,287.70822501467615,0.0,0.0,-0.5940564585925449,0.0922323796545651,0.0,0.0,-1.0,-25.06349460751069
-0.018273141724915377,0.0035712733960491447,-0.205,287.43971559012556,0.0,0.0,-0.5352272833059865,1.7842106662685235,0.0,0.0,-1.0,-24.05669485925779
0.00024560609849693353,-0.01609812482903111,-0.205,287.6845647343574,0.0,0.0,-0.5883855184684235,-0.9073447139772658,0.0,0.0,-1.0,-22.951035073874735
0.015871837605853246,-0.006136704496867472,-0.205,287.54649552807444,0.0,0.0,-0.5740199879478514,-1.8482064825735962,0.0,0.0,-1.0,-24.404134148160782
-0.009608838813040728,0.003739678468633037,-0.205,287.76915687814557,0.0,0.0,-0.5473440123919512,-1.2033765276833797,0.0,0.0,-1.0,-28.166414473069754
-0.0017151499441412903,0.01874392826416584,-0.205,287.5798366862048,0.0,0.0,-0.5290561854313448,-1.4086908442759556,0.0,0.0,-1.0,-22.60212829693795
0.001357796773027799,-0.01240899952949076,-0.205,287.73446167499395,0.0,0.0,-0.589405049965281,-0.3594290673273082,0.0,0.0,-1.0,-27.266636254648784
0.007907181506953041,0.006342968999710675,-0.205,287.9889455668605,0.0,0.0,-0.5425889677642646,-0.8697893015024489,0.0,0.0,-1.0,-29.646891774457988
0.01214995178913618,-0.011082998049065271,-0.205,287.56853076810955,0.0,0.0,-0.5836423658806871,-0.7444011449880429,0.0,0.0,-1.0,-24.480463654318473
-0.011790113706755425,-0.01582539132357803,-0.205,287.39739705255715,0.0,0.0,-0.4979228710517605,-0.18440928068211962,0.0,0.0,-1.0,-21.47563903501315
0.004669919388307875,0.00782394174591965,-0.205,287.98873556172464,0.0,0.0,-0.5104008048318257,-0.605313622661534,0.0,0.0,-1.0,-29.1421056420394
-0.015179144168911033,0.012355292243053316,-0.205,287.314216942051,0.0,0.0,-0.5038847650338519,2.375628820163884,0.0,0.0,-1.0,-22.85452275380609
0.012170836393623539,0.0033135661215405745,-0.205,287.7127770697231,0.0,0.0,-0.5909153478885506,-0.0644633933499595,0.0,0.0,-1.0,-26.570834858878065
-0.0002806396176373688,-0.016472683595963475,-0.205,287.5603315622359,0.0,0.0,-0.5831985761745252,0.2612381812165854,0.0,0.0,-1.0,-27.697770729658885
0.0007062692371287532,0.009507153445550679,-0.205,288.0779701136074,0.0,0.0,-0.5245039431363593,-2.0854506656150402,0.0,0.0,-1.0,-27.96040858580666
-0.016645927888636523,-0.0017968412172602592,-0.205,287.5707562211803,0.0,0.0,-0.578915092355417,-0.4226568793689812,0.0,0.0,-1.0,-24.07268211285444
-0.008787058801287549,0.0002636076451956529,-0.205,287.9527236396853,0.0,0.0,-0.49886966348106343,-0.4556512027063946,0.0,0.0,-1.0,-28.345951883290503
0.004457027934809527,-0.013018388815160832,-0.205,287.6792655213064,0.0,0.0,-0.5991859214882671,0.33440582547064285,0.0,0.0,-1.0,-25.46096113279794
0.013787813091271566,-0.0016076991877739912,-0.205,287.67956872677274,0.0,0.0,-0.5995384981916412,-1.009387421347583,0.0,0.0,-1.0,-25.305246300834522
0.0005419198279132298,0.009808382147208843,-0.205,287.9158587091071,0.0,0.0,-0.533501903552228,-0.5696112267080775,0.0,0.0,-1.0,-29.829391423282875
-0.01679648981744994,0.010617958715850436,-0.205,287.3107839083258,0.0,0.0,-0.49277167557734447,1.5627719445306727,0.0,0.0,-1.0,-22.825216463863836
-0.002754547658609715,-0.009815801131958088,-0.205,288.01977521103447,0.0,0.0,-0.5441986686263347,-0.5824270545967999,0.0,0.0,-1.0,-28.372709190153365
-0.014739183406303171,-0.0044033115032487274,-0.205,287.6829875526163,0.0,0.0,-0.5956447100130532,-0.2101433307618579,0.0,0.0,-1.0,-24.56052153878973
0.01246883573727045,-0.013926997155760122,-0.205,287.37696586044524,0.0,0.0,-0.5330061038888858,-0.5756027804438902,0.0,0.0,-1.0,-22.231587801599492
0.005106588242919178,-0.01389670169642595,-0.205,287.7706710638022,0.0,0.0,-0.5989537357669884,1.4548050021576815,0.0,0.0,-1.0,-26.580848170504385
0.0076498400795731595,0.018193333981059268,-0.205,287.4881299485814,0.0,0.0,-0.497859049668666,-2.907678729674086,0.0,0.0,-1.0,-22.50869701176512
-0.013304265271903083,0.007896908205792225,-0.205,287.5458868563008,0.0,0.0,-0.5949372958165757,1.6193998761625135,0.0,0.0,-1.0,-23.871556215955277
0.00014463554840675916,0.019118572645362694,-0.205,287.5271676317692,0.0,0.0,-0.5195440668853338,0.43562903942393866,0.0,0.0,-1.0,-24.710944432225034
0.002889428716516551,0.010728244568331498,-0.205,287.8264045993855,0.0,0.0,-0.5665521707047017,0.345589009193517,0.0,0.0,-1.0,-27.137207339451614
0.0037830255788418427,0.011418236210120504,-0.205,287.82553174161774,0.0,0.0,-0.5832541293300096,0.9415894431707683,0.0,0.0,-1.0,-26.42899563960558
-0.014776591116072721,-0.008846985589811656,-0.205,287.58268445981855,0.0,0.0,-0.5700138751877653,3.271073685436469,0.0,0.0,-1.0,-24.04609144716606
0.005911301222936534,0.010286739967929134,-0.205,287.84981733636545,0.0,0.0,-0.580684502053177,0.12522946624084738,0.0,0.0,-1.0,-27.12262714131019
0.014257694083075968,0.008825304285664807,-0.205,287.54935103517977,0.0,0.0,-0.5784826235803838,1.3061690919091644,0.0,0.0,-1.0,-24.86435831202903
0.013000890248845867,0.009610114862157492,-0.205,287.76037663075175,0.0,0.0,-0.5875267569488983,2.5187540983084507,0.0,0.0,-1.0,-25.685446505757614
0.012146859376664237,0.00599353733494656,-0.205,287.7784875938055,0.0,0.0,-0.5983136022426819,-0.4336406735442479,0.0,0.0,-1.0,-26.894020875673142
-0.01861464750002983,0.004736917581648603,-0.205,287.4303304946146,0.0,0.0,-0.5165833009022445,0.20151948469218806,0.0,0.0,-1.0,-23.903380783054608
