x,y,z,T,u,v,w,p,nx,ny,nz,qn
0.0022749564286064093,0.00404518234669068,-0.205,294.47242683845883,0.0,0.0,0.49876546050596066,740.005850060055,0.0,0.0,-1.0,31.8703430429945
-0.004507445795001876,0.00457912168857441,-0.205,294.1425588268219,0.0,0.0,0.41216662884400473,736.9023729587502,0.0,0.0,-1.0,33.527020431291746
-0.004901098890472217,-0.0037048277101848826,-0.205,294.2163784188475,0.0,0.0,0.4274961034660491,733.2153405463732,0.0,0.0,-1.0,33.718601418658395
-6.262820596215809e-06,0.0029871801734820437,-0.205,294.6925153700065,0.0,0.0,0.5561707177159395,740.5199139489623,0.0,0.0,-1.0,29.077086765050435
0.0023461357772551774,-0.000954560724291488,-0.205,294.66794322620353,0.0,0.0,0.5679640682447575,735.4318593925981,0.0,0.0,-1.0,28.86084682882077
0.003845661030766922,-0.0025033769822147807,-0.205,294.41796430106524,0.0,0.0,0.5009229587009747,737.1460274615042,0.0,0.0,-1.0,32.526723127896375
-0.0004397963290199327,0.0018844992489540347,-0.205,294.74580507922633,0.0,0.0,0.5807903945081684,739.0684279448636,0.0,0.0,-1.0,27.80645019994208
-0.004243869513330087,-0.0036565983403388964,-0.205,294.21408199782843,0.0,0.0,0.45525581344434013,737.2329363420207,0.0,0.0,-1.0,33.80849752032967
0.0006327274482576721,0.001140854554030874,-0.205,294.9156563915656,0.0,0.0,0.5909186267929991,738.6301568845112,0.0,0.0,-1.0,27.46349098993593
-0.0011236716120879922,0.002505557953880464,-0.205,294.73314257242157,0.0,0.0,0.5626497321761684,736.0867864494504,0.0,0.0,-1.0,29.844299843757454
0.002976506958065362,-0.0011801649299596078,-0.205,294.63679704127344,0.0,0.0,0.5499908550459223,740.5178743816987,0.0,0.0,-1.0,29.852103919742508
-0.0032039171243000786,-0.003657191164043502,-0.205,294.40665253813484,0.0,0.0,0.48940556964161086,736.2851726418905,0.0,0.0,-1.0,33.13872312079288
0.0036536892367371393,-0.005000549681007857,-0.205,294.08010035992066,0.0,0.0,0.4248556562082759,740.1009772899537,0.0,0.0,-1.0,33.277326843648694
0.00040194875873584185,0.003786744047151838,-0.205,294.47377644835973,0.0,0.0,0.5304825689344819,735.8571224084264,0.0,0.0,-1.0,31.11187573611102
0.0013075441666431588,-0.0036482869548458406,-0.205,294.5943506515435,0.0,0.0,0.5281224596198587,737.4357028754071,0.0,0.0,-1.0,30.447913776934747
0.004926439864206439,-0.0022064457805616817,-0.205,294.3071065244597,0.0,0.0,0.46510196763056266,734.5402229562898,0.0,0.0,-1.0,31.7115635438993
-0.0016844761546044099,-0.005678893404660992,-0.205,294.3119499413669,0.0,0.0,0.4390621524178711,740.0357744345181,0.0,0.0,-1.0,32.04573215710119
-0.0049110562395746045,-0.003972794082367874,-0.205,294.10911933446044,0.0,0.0,0.4181529346452081,739.0529556894926,0.0,0.0,-1.0,35.037763052956294
0.0019602057430296743,-0.005722023410757385,-0.205,294.2673662828941,0.0,0.0,0.4325473550677071,740.3079146662583,0.0,0.0,-1.0,33.77710978270511
-0.003857128979779161,-0.00035519511151225016,-0.205,294.6134333952696,0.0,0.0,0.5281954835960212,737.4156698918541,0.0,0.0,-1.0,32.35184055138473
-0.0012160589809144197,0.0020977038359301647,-0.205,294.83869026270554,0.0,0.0,0.5705140296283737,737.5205440019205,0.0,0.0,-1.0,29.111622239752215
0.003151358266683248,0.004023933974917859,-0.205,294.5088756508938,0.0,0.0,0.4783983733243659,736.950806403509,0.0,0.0,-1.0,32.87704964213809
0.0008997758019314372,-0.005560969471404487,-0.205,294.36167624559664,0.0,0.0,0.45371016805155423,739.7611821670727,0.0,0.0,-1.0,32.869393051486675
-0.0004090370187004491,-0.0060382381755697415,-0.205,294.2814510767255,0.0,0.0,0.43235745471126447,737.4574204969001,0.0,0.0,-1.0,34.57429748243452
0.004202819843276621,-0.004820310466867713,-0.205,294.07346888577763,0.0,0.0,0.413836819492581,740.4580528703018,0.0,0.0,-1.0,34.25733458531101
-0.004482022625811448,0.0033050342025892957,-0.205,294.35313843105223,0.0,0.0,0.4568747748755997,739.4953987716133,0.0,0.0,-1.0,34.681877636845954
0.0013025084073950673,-3.0102632153084074e-05,-0.205,294.8408585891309,0.0,0.0,0.5909412310899088,738.8722091716681,0.0,0.0,-1.0,26.883782386034273
-0.0038127540083533187,0.0010190704369740472,-0.205,294.56931040604115,0.0,0.0,0.5255973616812009,738.6729015252995,0.0,0.0,-1.0,31.208591895691537
0.0009057074978331544,-0.002952296713262502,-0.205,294.81118489844084,0.0,0.0,0.5533147766147951,736.2318552687706,0.0,0.0,-1.0,29.852979810353144
0.0028645359501516298,-0.00355206327663748,-0.205,294.482432328217,0.0,0.0,0.5019660657106684,739.071631342164,0.0,0.0,-1.0,30.89583326081799
-0.004830936209731835,0.0029756718837712346,-0.205,294.3928107017106,0.0,0.0,0.4517025479110931,735.2022440459275,0.0,0.0,-1.0,35.87974606974028
0.005875015727039939,-0.0025869584510922663,-0.205,294.07893453296134,0.0,0.0,0.41250057021825715,739.3329347973245,0.0,0.0,-1.0,34.95287185105411
-0.0009540045731841501,0.001331813501280758,-0.205,294.9057746242852,0.0,0.0,0.5860013396943232,741.3593577608349,0.0,0.0,-1.0,27.882811597667878
-0.000783233538516836,0.0019182171225827,-0.205,294.8303518678683,0.0,0.0,0.5781279333785485,740.2197932999475,0.0,0.0,-1.0,27.246276493082778
0.001226773685802147,0.006321138853839825,-0.205,294.11391508735863,0.0,0.0,0.41140451208143475,735.5601573462457,0.0,0.0,-1.0,34.984912185368515
-0.005789524961185137,0.00020100048733356189,-0.205,294.3173865936094,0.0,0.0,0.44572895638406673,737.2659778867509,0.0,0.0,-1.0,33.11950002316356
-0.005365745155695599,-0.0026659252714313756,-0.205,294.15322287347504,0.0,0.0,0.43552990501126965,738.7631946538638,0.0,0.0,-1.0,33.39056932355721
0.005579822622004665,0.0025213189628085896,-0.205,294.2579579019143,0.0,0.0,0.42860360052258745,734.1996420632311,0.0,0.0,-1.0,34.32037174354406
-0.0012239690298424814,-0.0011065581582835001,-0.205,294.89953014787596,0.0,0.0,0.5858095513532051,739.1772091717139,0.0,0.0,-1.0,26.922037489722346
0.0017510840566067876,-0.002120015190879841,-0.205,294.7951432233958,0.0,0.0,0.5625542081250686,736.690356973379,0.0,0.0,-1.0,28.170894357280044
-0.004321225700645938,0.0012648541742446768,-0.205,294.60723414968373,0.0,0.0,0.5044270767762246,740.5216809814017,0.0,0.0,-1.0,30.426743180982697
0.00030430539695124737,-0.0019172073976041245,-0.205,294.96339633836374,0.0,0.0,0.5806757559836504,740.1633986514665,0.0,0.0,-1.0,28.119222734352814
-0.003882138194283124,0.0017075258524075114,-0.205,294.57462417232915,0.0,0.0,0.5146961906280197,736.5006930901294,0.0,0.0,-1.0,31.378319847236593
-0.0012080992356422544,0.00425915487782998,-0.205,294.42038910052327,0.0,0.0,0.5074434626371692,737.0267790367719,0.0,0.0,-1.0,32.75358324810817
0.0031758195357453737,-0.002207545034388195,-0.205,294.52847412063574,0.0,0.0,0.5283979223813379,740.8944238644533,0.0,0.0,-1.0,31.554787257335732
0.003355194804387614,0.0038566775837252953,-0.205,294.44306252430766,0.0,0.0,0.4783621531473486,740.4412034265123,0.0,0.0,-1.0,32.53532329756225
-0.005915749179369168,0.001219202862112009,-0.205,294.304066426587,0.0,0.0,0.4329883718177631,737.5887214258071,0.0,0.0,-1.0,36.303806113232284
-0.00538225886012928,0.0008340707243450995,-0.205,294.34317060624954,0.0,0.0,0.4627888436301347,737.2417133210408,0.0,0.0,-1.0,33.37137758074699
-0.001610881639871131,0.00423595834696917,-0.205,294.41172799848414,0.0,0.0,0.5032386823734792,737.1612653055408,0.0,0.0,-1.0,32.20312495963646
0.0033751580911482925,-0.0053950319448283855,-0.205,294.1694193529183,0.0,0.0,0.41557135385925287,738.1197699358331,0.0,0.0,-1.0,33.12693156543026
0.0017707132575015955,-0.0025598836314050417,-0.205,294.7599225899478,0.0,0.0,0.5526078325283401,736.6292743482448,0.0,0.0,-1.0,29.155446921768863
0.0018718329984426698,-0.004079484364262731,-0.205,294.55202359546325,0.0,0.0,0.5049954850506636,733.1798366341361,0.0,0.0,-1.0,33.45318993164407
0.0018261107338926887,-0.0013846475785491935,-0.205,294.72523833845463,0.0,0.0,0.5735108037477249,738.1357308520664,0.0,0.0,-1.0,27.765901311930477
-7.499855270818963e-05,0.005987160859073411,-0.205,294.14393345065173,0.0,0.0,0.4357329921428233,737.8681771533281,0.0,0.0,-1.0,35.704641044062036
-0.003011566747765051,-0.003210365023897492,-0.205,294.45781433851965,0.0,0.0,0.508448323989039,736.8437968178242,0.0,0.0,-1.0,30.646565110700358
-0.0010228194444536908,0.0064051976883865375,-0.205,294.0687764420947,0.0,0.0,0.40876543925273284,736.825351858604,0.0,0.0,-1.0,34.72379171344632
-0.003951882390504391,-0.004513641936238548,-0.205,294.1903690844001,0.0,0.0,0.43512968046966455,736.0202545297983,0.0,0.0,-1.0,33.97543529214521
-0.0034872988637164115,-0.003447720172685108,-0.205,294.3651166529158,0.0,0.0,0.48759352150236174,738.841146003254,0.0,0.0,-1.0,30.943767196549853
-0.0035438304629379393,-0.0008693496766751392,-0.205,294.5788410415328,0.0,0.0,0.5358975587285801,740.0012190862222,0.0,0.0,-1.0,30.606149836533486
0.004577390249056223,0.003721915592483738,-0.205,294.34528522283716,0.0,0.0,0.44029177962855043,740.8280987673062,0.0,0.0,-1.0,33.7773098153231
0.0006543598126285797,0.0010608386176176098,-0.205,294.95221813543304,0.0,0.0,0.5916722266337361,738.0367631426192,0.0,0.0,-1.0,27.01691365677207
-0.0011995505680570538,0.004677141034257271,-0.205,294.4222543061018,0.0,0.0,0.4908529788542059,740.103114680353,0.0,0.0,-1.0,32.15685637239721
-0.0031749156224740757,-0.003475006615767748,-0.205,294.38736957139434,0.0,0.0,0.4960132095179312,737.6080870378371,0.0,0.0,-1.0,32.63882782881528
-0.0025979030498085353,0.00506961991479175,-0.205,294.31819080790746,0.0,0.0,0.4505755459514213,737.4441719452351,0.0,0.0,-1.0,35.16274307214031
0.0034044538840702437,0.0036586853177156425,-0.205,294.41043858870637,0.0,0.0,0.4834754881600871,738.6992018780198,0.0,0.0,-1.0,31.767952677459704
0.0024119985949333533,0.0005251004200624233,-0.205,294.85181887110275,0.0,0.0,0.5694938685720898,738.094641105651,0.0,0.0,-1.0,29.77521087104154
0.0015052672906372166,0.0006944593912936474,-0.205,294.9526917582872,0.0,0.0,0.5856831565400653,739.6692566882699,0.0,0.0,-1.0,29.092723751072693
0.0011672242320552467,0.005344047668970131,-0.205,294.29736908703273,0.0,0.0,0.461660339314778,738.1721526201152,0.0,0.0,-1.0,32.93620794698898
0.0028773401708014974,-0.0025261681529372255,-0.205,294.61013096310677,0.0,0.0,0.5297558201717446,737.1451339986652,0.0,0.0,-1.0,30.90687813368372
0.0016085937817064463,-0.0032376005759464734,-0.205,294.63922560117146,0.0,0.0,0.5370180612933148,737.7395155531538,0.0,0.0,-1.0,30.614991935628776
-0.0022886843549286217,0.005162628806971546,-0.205,294.23935364175276,0.0,0.0,0.4530234147360849,736.2389728629754,0.0,0.0,-1.0,31.972175181694745
0.0026949284365328646,-0.0005843335969676521,-0.205,294.76721578483927,0.0,0.0,0.5623503912479011,738.810730808318,0.0,0.0,-1.0,28.905222955290206
-0.0035518941680327968,0.0030944187952290972,-0.205,294.4868280262239,0.0,0.0,0.49585439595459374,736.1290759352383,0.0,0.0,-1.0,32.59021644263071
0.004473240071389634,-0.0018645824806711572,-0.205,294.44667371958053,0.0,0.0,0.49008827572206015,737.3158285354107,0.0,0.0,-1.0,32.889596167559084
0.001250840289847076,0.0039050531432013066,-0.205,294.59804315116327,0.0,0.0,0.519988141195802,738.1890739023255,0.0,0.0,-1.0,31.21392243425437
0.0016814659956395329,0.005264600287781825,-0.205,294.32188504583553,0.0,0.0,0.4589293697652066,742.5713954443715,0.0,0.0,-1.0,33.43099869819773
0.0009555742376696683,-0.0047347570498703405,-0.205,294.5647394959098,0.0,0.0,0.4907797016854071,737.8021128621647,0.0,0.0,-1.0,32.513014274381774
-0.005126694356784515,-0.0033693118661385323,-0.205,294.15996994310564,0.0,0.0,0.42797918613024016,738.4644524815712,0.0,0.0,-1.0,35.17523722481823
-0.005047550098057661,4.764192059634e-05,-0.205,294.43442167413554,0.0,0.0,0.48124392984916864,739.2293140578745,0.0,0.0,-1.0,32.0656984426939
-0.005016764227086425,-0.0012548142065150068,-0.205,294.28273746595767,0.0,0.0,0.47566096923420903,738.991618835839,0.0,0.0,-1.0,33.61466453453791
0.002061785949475223,-0.0031969427922455508,-0.205,294.5920849547821,0.0,0.0,0.5306173312845699,740.1772257487833,0.0,0.0,-1.0,28.214252896770496
0.0017224126896744313,0.0006398794519591,-0.205,294.9199741830902,0.0,0.0,0.5825912878971689,733.7823552281343,0.0,0.0,-1.0,28.83683242534292
0.004667942795044258,0.0004605443449897144,-0.205,294.47726301423705,0.0,0.0,0.4966998422268444,738.6073589201186,0.0,0.0,-1.0,32.24042019858978
0.0008723995942252583,-0.004723046700128485,-0.205,294.57571990313994,0.0,0.0,0.49194875155473805,739.1496046857363,0.0,0.0,-1.0,33.66998068607312
-0.004961150794397045,0.0038037040501305856,-0.205,294.2926791258004,0.0,0.0,0.421706646429205,738.3380267691269,0.0,0.0,-1.0,35.07897887134583
-0.005046541361132052,-0.00294075717038766,-0.205,294.17191855905315,0.0,0.0,0.4432990582573616,736.4882494827903,0.0,0.0,-1.0,34.12478994595045
0.003964335061038263,0.0006316812895266903,-0.205,294.7135915990849,0.0,0.0,0.5231517516491448,735.2770650301107,0.0,0.0,-1.0,31.76722229942397
0.0013256451959124836,-0.002066176655090554,-0.205,294.731794145778,0.0,0.0,0.5698128330841993,735.5644056872682,0.0,0.0,-1.0,27.832317893897464
0.0024930679000367845,0.0012497070002030015,-0.205,294.78828544482155,0.0,0.0,0.5615367856289719,739.3524697416782,0.0,0.0,-1.0,28.715436381030365
0.004818809767677687,0.002920964028547661,-0.205,294.33024898586103,0.0,0.0,0.4536270464558338,733.8150527739718,0.0,0.0,-1.0,34.32478758598614
0.005275932820178011,0.0027022673360571985,-0.205,294.33484810533236,0.0,0.0,0.43884243323561606,742.8718303040662,0.0,0.0,-1.0,34.68476400894297
0.0045703204170155125,0.0034585462235555003,-0.205,294.3910883104741,0.0,0.0,0.4488296730227315,736.1239293344719,0.0,0.0,-1.0,34.89251421810927
-0.0007141736663313817,-0.0022338784251591643,-0.205,294.8681427071807,0.0,0.0,0.5723223207120433,739.6246080956902,0.0,0.0,-1.0,29.321526478718205
-0.003942394001864908,-0.001014798994054346,-0.205,294.56863360941975,0.0,0.0,0.5210814338302739,737.7428074104241,0.0,0.0,-1.0,30.370351362935804
-0.0010788879653895517,0.0036242803615971985,-0.205,294.55984348256084,0.0,0.0,0.5314009678707546,738.4200829070368,0.0,0.0,-1.0,30.66901218996579
-0.0034716336414338336,0.0011082714182464055,-0.205,294.6917069093219,0.0,0.0,0.5360530651639733,741.0972522567757,0.0,0.0,-1.0,28.11678265770108
4.6165257760921e-05,-0.0029604013406319594,-0.205,294.78932943634754,0.0,0.0,0.5569044631107172,736.312475834311,0.0,0.0,-1.0,30.02659904678846
0.0031901450874819207,0.003101251011279526,-0.205,294.56339424819043,0.0,0.0,0.5065694146580799,737.2779284896197,0.0,0.0,-1.0,32.034342326128986
-0.005345134966906093,-0.000232231206449427,-0.205,294.425568878921,0.0,0.0,0.467362779820203,738.116762334482,0.0,0.0,-1.0,31.014026188692974
0.003752892259430221,-0.0045861451273043795,-0.205,294.2606964951166,0.0,0.0,0.4389330125613585,738.1978718534917,0.0,0.0,-1.0,33.41917337282929
0.003330150982718173,-0.0038264932468079394,-0.205,294.3698417232194,0.0,0.0,0.48012875572686364,738.3561973487674,0.0,0.0,-1.0,32.47272338955296
-0.00042028638475930517,0.0005704247405940426,-0.205,295.01113634157736,0.0,0.0,0.5971525575633346,737.3555058955426,0.0,0.0,-1.0,28.613418000878156
-0.003733940131916976,0.003043109109749518,-0.205,294.52343980944056,0.0,0.0,0.49135002809406647,737.2034645686293,0.0,0.0,-1.0,31.278034856718627
-0.0049978555180562375,0.0010684057467435996,-0.205,294.4649727079309,0.0,0.0,0.47841187407202457,740.9755379266783,0.0,0.0,-1.0,33.683316440509984
-0.002549398776606755,-0.00461779692962368,-0.205,294.46020540029036,0.0,0.0,0.47089092625822226,740.0913614913317,0.0,0.0,-1.0,31.210762198445245
0.002057479024606537,-0.005835257404175296,-0.205,294.27750454963393,0.0,0.0,0.42516581466502984,739.0755718607708,0.0,0.0,-1.0,34.93861790383609
-0.00224530635997962,0.002394048886501036,-0.205,294.72012581750573,0.0,0.0,0.5475819661632177,735.5237461016764,0.0,0.0,-1.0,29.238385947983748
-0.0008973580759279982,0.005347056360919651,-0.205,294.2868768858137,0.0,0.0,0.4639672829528168,736.1844580328338,0.0,0.0,-1.0,32.915790717395936
-0.004372369215900739,0.001812368200298513,-0.205,294.58183294554397,0.0,0.0,0.4949142895594503,735.9182254039446,0.0,0.0,-1.0,31.37240190166279
-0.005899307156756747,0.002674104210188971,-0.205,294.24668917938783,0.0,0.0,0.40928389822001304,738.5777503430118,0.0,0.0,-1.0,33.732697989407406
-0.0019860591917508735,-0.0008798809087101058,-0.205,294.79092714905215,0.0,0.0,0.5760728904228869,738.8656745796615,0.0,0.0,-1.0,30.238985813310624
0.0022750417927352947,-0.00014445475226754442,-0.205,294.79191909234714,0.0,0.0,0.5737755908301813,738.5454406011442,0.0,0.0,-1.0,29.565388226336072
1.9415045388245007e-06,0.0020031268216729385,-0.205,294.8421737870105,0.0,0.0,0.5794877979218548,733.8964057845707,0.0,0.0,-1.0,28.754617043970157
0.0027066794167726065,0.0025976668469827723,-0.205,294.6394428949422,0.0,0.0,0.5324287232293796,738.2503218117456,0.0,0.0,-1.0,29.847243405450932
0.00021079702928185836,-0.005598720083335155,-0.205,294.410595312235,0.0,0.0,0.45521654332345035,733.9841235111263,0.0,0.0,-1.0,35.527055398398886
0.003470415157719295,-0.0021172525915711666,-0.205,294.4811320400878,0.0,0.0,0.5212884090137878,738.065669693625,0.0,0.0,-1.0,30.650894565560648
0.0005655047864126993,-0.00446544818225538,-0.205,294.6184925347753,0.0,0.0,0.5044845137088843,737.1412886796543,0.0,0.0,-1.0,31.772844173533183
0.0016269468656810555,0.005601987280805547,-0.205,294.21469567200626,0.0,0.0,0.4436761592489045,740.4986949289872,0.0,0.0,-1.0,34.90808648286765
0.002166559122638229,0.005466665443678256,-0.205,294.2255128460926,0.0,0.0,0.4412803804993319,738.2685454776356,0.0,0.0,-1.0,34.840139112165865
-0.002574509887649066,-0.0011155410766445712,-0.205,294.655208113077,0.0,0.0,0.5610888004604816,738.6281763062441,0.0,0.0,-1.0,28.99287798833191
-0.0021344678728133786,-0.0022108181667356837,-0.205,294.6716854586626,0.0,0.0,0.5537459658693631,742.423313967231,0.0,0.0,-1.0,29.645380413150395
0.0045883043380062875,0.00220465974621822,-0.205,294.49043906706294,0.0,0.0,0.4793274091172387,736.0436853792684,0.0,0.0,-1.0,32.512122408986286
0.0013525330481489926,0.005703267728715086,-0.205,294.200044298941,0.0,0.0,0.44224772829007114,734.6468501865737,0.0,0.0,-1.0,33.99407220978111
0.003983107423578989,0.0017529186357556356,-0.205,294.64223512102853,0.0,0.0,0.5104160118601047,735.4443171369047,0.0,0.0,-1.0,32.437674727449334
0.001890574069610472,0.000360209535637371,-0.205,294.9114290371928,0.0,0.0,0.5809889701354926,737.8201234690808,0.0,0.0,-1.0,26.551249611917854
0.005302686622045222,0.00036937965074808056,-0.205,294.39587288644526,0.0,0.0,0.46898973432036767,741.0286942638013,0.0,0.0,-1.0,32.90024463410411
0.0025666219865908488,-0.0007269364675068499,-0.205,294.6794756283701,0.0,0.0,0.5646500237195556,737.4291557409822,0.0,0.0,-1.0,28.385990031085413
-0.002531860786234964,-0.001526062999748407,-0.205,294.69694612973535,0.0,0.0,0.5570301985454169,737.4809049386146,0.0,0.0,-1.0,29.794839550611545
-3.621467776549279e-05,0.0014152670686831729,-0.205,294.8807147607218,0.0,0.0,0.589392113302962,738.3303994617963,0.0,0.0,-1.0,26.92669449839492
0.002207591765407854,0.0012974539664789978,-0.205,294.8689102947547,0.0,0.0,0.567294091021876,737.8795792114869,0.0,0.0,-1.0,26.386706418722206
-0.0013516042946028122,0.005772373411416507,-0.205,294.185590939947,0.0,0.0,0.4388014194222996,737.4499915784171,0.0,0.0,-1.0,33.973902564503135
0.0005342185318908665,-0.00034287302254936656,-0.205,294.9054125479411,0.0,0.0,0.5976892347128907,734.5607746867072,0.0,0.0,-1.0,26.019240835655292
0.00039273116607993085,0.0007242109081374787,-0.205,294.89458509902204,0.0,0.0,0.5962079724467556,734.1666542882891,0.0,0.0,-1.0,27.068016887169115
0.005912816866513851,-0.0004797309092723186,-0.205,294.3146746341819,0.0,0.0,0.43860790140781636,737.7154054880293,0.0,0.0,-1.0,34.585854257932695
-0.003508079160418088,-0.005331997816310671,-0.205,294.1874603830285,0.0,0.0,0.414538563183809,733.2532157456103,0.0,0.0,-1.0,33.422736756799814
-0.004014053719393749,-0.004533569767609433,-0.205,294.2376231653832,0.0,0.0,0.43219114201998754,740.6284370997612,0.0,0.0,-1.0,34.61651912263417
-0.004039743290584333,-0.002465597248552837,-0.205,294.4171487689655,0.0,0.0,0.4949303118544451,740.2475677361243,0.0,0.0,-1.0,32.872833387018346
0.0016782688275777293,0.003422806792390931,-0.205,294.6273010245937,0.0,0.0,0.5303404862192126,736.5433134394018,0.0,0.0,-1.0,31.731806433504623
-0.0005313108327879341,-0.003191555203933917,-0.205,294.7887708017524,0.0,0.0,0.5489907630735824,738.7509277144046,0.0,0.0,-1.0,29.85763297716203
0.0022152793543497975,0.0035577589649641865,-0.205,294.5250652652875,0.0,0.0,0.5165965115693759,736.4106725346434,0.0,0.0,-1.0,31.799759018579497
0.004761411105294816,0.0026143569979676365,-0.205,294.49121016207187,0.0,0.0,0.4634853533965575,737.2979831244297,0.0,0.0,-1.0,32.267392905972756
0.0027430151729350622,-0.003790383445120608,-0.205,294.3837629868137,0.0,0.0,0.4971934489154378,737.0257100024355,0.0,0.0,-1.0,32.84472064872799
-0.004588869095021137,-0.0019653296926067823,-0.205,294.35400592218053,0.0,0.0,0.4837238973079873,738.8165309526144,0.0,0.0,-1.0,31.716340002466612
-0.001360156183565586,0.0003389219001023706,-0.205,294.9764375072851,0.0,0.0,0.589590310157495,738.701844017939,0.0,0.0,-1.0,26.437076382765127
0.002182644491942991,0.00034074735113089966,-0.205,294.84892232174957,0.0,0.0,0.575295927757196,738.830554882753,0.0,0.0,-1.0,29.078960087475657
0.0032224849088003864,0.0013041018748572205,-0.205,294.75457439416635,0.0,0.0,0.5415340152265311,735.1997592453536,0.0,0.0,-1.0,30.480855152242146
0.004469005833992797,0.0045797970752596935,-0.205,294.23136959136843,0.0,0.0,0.4136315706137594,737.428705223047,0.0,0.0,-1.0,35.69792823755494
0.004296330053200192,-0.0023592708122129767,-0.205,294.3498217889736,0.0,0.0,0.48769750836526726,739.0012216812752,0.0,0.0,-1.0,32.84023950532893
0.00239969142490983,0.002364388311677586,-0.205,294.74374930821637,0.0,0.0,0.5449230158750686,735.6232602902778,0.0,0.0,-1.0,29.65871609048821
-0.0015572531477421794,-0.005307222865968805,-0.205,294.37742862390184,0.0,0.0,0.45871741460272597,736.9993062090081,0.0,0.0,-1.0,34.26745419270908
0.004086185333249774,0.0009644497500432905,-0.205,294.5864401726115,0.0,0.0,0.5163170339215749,740.8647729972457,0.0,0.0,-1.0,32.68745162808014
-0.0036620888594955815,0.00029070391723275894,-0.205,294.7053596559377,0.0,0.0,0.5350704438679501,738.0467894908649,0.0,0.0,-1.0,30.017509037210917
-0.0015277586985403724,0.0057200723497889076,-0.205,294.1885085632575,0.0,0.0,0.4392103783949242,739.2752716512946,0.0,0.0,-1.0,34.05856977248394
0.0022854864712566095,-0.0024617379624861982,-0.205,294.6594497395935,0.0,0.0,0.5452238846016035,736.5046657048265,0.0,0.0,-1.0,29.662134194477222
0.004719914031255252,0.0021689864752238225,-0.205,294.45588074708377,0.0,0.0,0.4746028487363899,737.4908011992857,0.0,0.0,-1.0,33.0523762404857
0.003457682549577018,-0.0043310824373045355,-0.205,294.2898958940592,0.0,0.0,0.45818136129261156,738.045271045204,0.0,0.0,-1.0,35.77821218604175
-0.0017975182538302423,0.0018476034875445928,-0.205,294.9428290844884,0.0,0.0,0.566877880992239,739.9802894724027,0.0,0.0,-1.0,29.163329182233074
0.004792758574458885,-0.0030453444734743216,-0.205,294.2830251836267,0.0,0.0,0.4514745989691511,738.0117615279545,0.0,0.0,-1.0,32.9469412773225
-0.0010163950681023955,-0.00399594829659786,-0.205,294.6565080690911,0.0,0.0,0.5191447199430753,736.3561851636516,0.0,0.0,-1.0,32.57983343399391
0.003953142085812046,-0.004963516958693208,-0.205,294.2013944707643,0.0,0.0,0.4165848476626019,735.4635039055422,0.0,0.0,-1.0,34.7978800746522
0.0005643710587732142,0.0046868970838286885,-0.205,294.3381338419439,0.0,0.0,0.49543472944359135,738.2661272769018,0.0,0.0,-1.0,32.62878677724235
-0.0008268710176372489,-0.0017595385375165362,-0.205,294.9153621762101,0.0,0.0,0.5806201954728069,739.1989850229623,0.0,0.0,-1.0,27.46605280238995
0.005029324922701183,-0.0008961117131127107,-0.205,294.4075821002119,0.0,0.0,0.4785132568416827,734.9894400656492,0.0,0.0,-1.0,32.58440620735129
-0.0037694025616824747,0.00223564786718496,-0.205,294.6131737365948,0.0,0.0,0.5092091595075285,739.5785773984823,0.0,0.0,-1.0,34.970163195355255
0.004681220907288117,0.002385905644880272,-0.205,294.4197034841178,0.0,0.0,0.4718481842602972,739.8006360456088,0.0,0.0,-1.0,31.67366655879743
-0.0021970068522124504,0.006111968053742555,-0.205,294.1084949331856,0.0,0.0,0.4082892931332058,737.8731094360959,0.0,0.0,-1.0,37.09876419360476
-0.002210990627303735,0.004092986872908434,-0.205,294.4619162834626,0.0,0.0,0.498309657036776,733.6313263000836,0.0,0.0,-1.0,32.35099768100231
-0.00434381101578533,-0.002053111811238129,-0.205,294.3969650092132,0.0,0.0,0.49187884192493525,738.7642212774947,0.0,0.0,-1.0,31.74604633371955
0.0013863355806353476,-0.0015638793580062325,-0.205,294.7755519065098,0.0,0.0,0.5777668593554407,738.9091546322479,0.0,0.0,-1.0,28.24820685115816
-3.638021716621047e-05,-0.0011159725169634903,-0.205,295.05238468187855,0.0,0.0,0.593243127428609,738.9551982136571,0.0,0.0,-1.0,26.97656355685888
-0.004947668594792311,-0.0026760938754720803,-0.205,294.21450964863203,0.0,0.0,0.45411780933282486,736.8968962892013,0.0,0.0,-1.0,31.59735598029106
0.0013968034707561598,-0.0063377721793232,-0.205,294.2537377040118,0.0,0.0,0.40856811285472683,736.0146049735639,0.0,0.0,-1.0,34.87611666172293
-0.0056809704122845325,0.00033942066992680847,-0.205,294.3095647383007,0.0,0.0,0.4508446567319311,735.6273966315414,0.0,0.0,-1.0,34.49104230779252
-0.0009413697339266031,-0.0026919592685196512,-0.205,294.7927503271962,0.0,0.0,0.5598676086486895,734.4262979169548,0.0,0.0,-1.0,29.668297998091322
-0.0053408283063108575,0.0007147027696997097,-0.205,294.42082082015435,0.0,0.0,0.46555486227002607,737.0573757587541,0.0,0.0,-1.0,33.83553273697118
-0.003727558506578891,-0.0019949509570029015,-0.205,294.50032368007226,0.0,0.0,0.5152014238684689,735.1251887173378,0.0,0.0,-1.0,31.20402766538958
0.0035873057622111256,0.004391005902716546,-0.205,294.3508272425409,0.0,0.0,0.4518901741020306,735.451615970287,0.0,0.0,-1.0,34.75510989248557
-0.00010086464619715288,-0.005313765494651077,-0.205,294.4830402857598,0.0,0.0,0.4690278339267065,738.8781660650899,0.0,0.0,-1.0,32.84987507906313
-0.0016983568576515594,-0.0016006200373649805,-0.205,294.7558952406438,0.0,0.0,0.5725798423226912,738.9594117640021,0.0,0.0,-1.0,30.38199087202971
-0.0014587146515238488,-0.002706304692337118,-0.205,294.6917892582477,0.0,0.0,0.5537075169062867,737.4908744482036,0.0,0.0,-1.0,28.83573341027709
0.0032774540427832235,0.0009572184000980099,-0.205,294.72171247301765,0.0,0.0,0.543498794884435,737.5759021971016,0.0,0.0,-1.0,30.318363650017346
-0.0032042826476988144,0.005122174847738072,-0.205,294.2141441614433,0.0,0.0,0.432894616259723,737.9605883509714,0.0,0.0,-1.0,33.649005937734145
0.0017129824433001768,0.00040762250540048726,-0.205,294.91369341690563,0.0,0.0,0.5839445923467637,738.6519893794061,0.0,0.0,-1.0,28.703911150448192
0.0015000957688508388,-0.006216453785905146,-0.205,294.1066490000999,0.0,0.0,0.41385628978989014,735.5688291433731,0.0,0.0,-1.0,33.86146128299182
-0.00590096185102264,-0.0013179679976032814,-0.205,294.1453239894818,0.0,0.0,0.43265853598680715,735.5386510018167,0.0,0.0,-1.0,34.498445946165795
-0.004084560761902774,0.00335553357278864,-0.205,294.3772043364858,0.0,0.0,0.47036304961528286,742.4497361383347,0.0,0.0,-1.0,32.83577484252633
0.002131519205133532,0.004553875751550553,-0.205,294.42241605674417,0.0,0.0,0.48212465586096415,736.7581307975912,0.0,0.0,-1.0,31.490140438567213
0.004223465590788679,0.0021674167091201204,-0.205,294.51756496352505,0.0,0.0,0.49432139603591985,738.4345039537596,0.0,0.0,-1.0,33.17286726274231
0.0018644431122467925,0.005003616641117446,-0.205,294.39195718956546,0.0,0.0,0.4678561700365402,737.7068883113631,0.0,0.0,-1.0,34.36317010267748
0.0029461268340549916,0.00520716060134901,-0.205,294.2867171527945,0.0,0.0,0.43598343817017216,739.3333892582313,0.0,0.0,-1.0,34.43903510272141
0.001017007323313275,0.006028429790255048,-0.205,294.10720733795694,0.0,0.0,0.42910395681119584,736.5912288529707,0.0,0.0,-1.0,34.059591669536964
-0.004208065970916389,0.002485845152533855,-0.205,294.5431650036314,0.0,0.0,0.488307601370128,736.9880251749645,0.0,0.0,-1.0,32.382056797975444
0.001118267164991569,-0.001283863463303321,-0.205,294.74742226810287,0.0,0.0,0.5849381953057271,735.7736527666513,0.0,0.0,-1.0,27.860402390388867
0.0013032126142218069,0.005698703007627654,-0.205,294.19881024644224,0.0,0.0,0.4430462148529501,738.4391300991459,0.0,0.0,-1.0,33.99145524751301
-0.004590748981573705,0.0030263061866698552,-0.205,294.3926580612035,0.0,0.0,0.4602892161776587,734.6903989429272,0.0,0.0,-1.0,34.47297082976056
0.003128941560697795,0.0026024241559080945,-0.205,294.6477275965758,0.0,0.0,0.521123962918814,737.1929776310958,0.0,0.0,-1.0,30.926057822091007
0.0005827915621573462,0.0026977908946565253,-0.205,294.63169832875974,0.0,0.0,0.5622862516138285,736.6624989492284,0.0,0.0,-1.0,30.782629100010432
-0.002043993121057646,-0.0004153361094324911,-0.205,294.81506390951535,0.0,0.0,0.5778502047341353,737.1500367668192,0.0,0.0,-1.0,28.73246817576916
-0.004230287013653825,-0.002804789767674695,-0.205,294.310097166834,0.0,0.0,0.47999503004854427,738.5965517356804,0.0,0.0,-1.0,32.59252115205641
-0.0011461702473685518,-0.0017962871700257065,-0.205,294.8124442737929,0.0,0.0,0.5769324715350008,738.4066226765239,0.0,0.0,-1.0,28.028920825531173
0.005415384347454369,-0.0025351335140493484,-0.205,294.23070288220964,0.0,0.0,0.43616146460322514,738.5872619336644,0.0,0.0,-1.0,35.71162946577029
-0.0005743956414988018,-0.002349850154409375,-0.205,294.86658271092546,0.0,0.0,0.5706447595739603,738.3949536154738,0.0,0.0,-1.0,29.06471981310838
-0.00045933707579527195,-0.005173856019290164,-0.205,294.4729218457275,0.0,0.0,0.47461306577943707,738.071995711188,0.0,0.0,-1.0,32.34558672785845
0.006286410254252783,0.0006025851072305272,-0.205,294.1876439219364,0.0,0.0,0.4182373765671833,737.9212533884454,0.0,0.0,-1.0,34.495164069051526
-0.0027343858421582466,-0.00041700141178973286,-0.205,294.68442593952193,0.0,0.0,0.5621308993649557,735.7119597989022,0.0,0.0,-1.0,29.91789134289664
0.003436157079284375,-0.003418938072627078,-0.205,294.3728344290059,0.0,0.0,0.4900448477208495,735.4016706696576,0.0,0.0,-1.0,34.452707013400605
-0.0025252793137156906,9.541030658302405e-05,-0.205,294.79724023265675,0.0,0.0,0.5681035549076514,734.2715727995727,0.0,0.0,-1.0,25.142268255955578
0.0016174522561088513,-0.0009694967014438238,-0.205,294.7087611718659,0.0,0.0,0.5817110701790728,738.4751808606525,0.0,0.0,-1.0,26.425491395805388
-0.0038105602958036396,-0.0013802483545270116,-0.205,294.50785778804067,0.0,0.0,0.521745846728991,739.0488939786964,0.0,0.0,-1.0,31.148679434048788
-0.005547295577062499,0.001366935727766107,-0.205,294.3619585753516,0.0,0.0,0.4497407721451904,738.1302488910221,0.0,0.0,-1.0,33.76556524163759
0.003616995197357579,0.005191993843478856,-0.205,294.20665033100903,0.0,0.0,0.4175559965009831,741.3497626002762,0.0,0.0,-1.0,35.564589534444174
-0.0027780228384155594,-0.0022285237424978705,-0.205,294.67907918429427,0.0,0.0,0.5387860426713571,736.4312058937749,0.0,0.0,-1.0,31.417956340066524
-0.0014408418024850435,-0.003460211453391579,-0.205,294.6868860060123,0.0,0.0,0.5325422907697145,739.2413027323901,0.0,0.0,-1.0,31.722960130566868
0.005409164849754352,0.0015287910962726917,-0.205,294.39913259589997,0.0,0.0,0.45431332482272546,737.844842854345,0.0,0.0,-1.0,34.007566019226616
0.001648960976747073,0.005153253959789428,-0.205,294.27532933897845,0.0,0.0,0.46449999840736894,740.8963183754763,0.0,0.0,-1.0,36.374594908105095
-0.0034464722882786036,0.0042716239458082455,-0.205,294.3859603984916,0.0,0.0,0.4607658510540297,736.6057526982836,0.0,0.0,-1.0,34.31172228360302
0.00425339932759804,-0.00278050041813301,-0.205,294.2845623251442,0.0,0.0,0.4797276946420722,736.0422207241975,0.0,0.0,-1.0,33.92974172562885
0.004487219114097825,0.0032394151829445387,-0.205,294.45617843582414,0.0,0.0,0.45855379427410037,738.8108506010639,0.0,0.0,-1.0,35.798294316266706
-0.001852170391215319,0.0035744972211727913,-0.205,294.56318404109265,0.0,0.0,0.5227323421051667,735.9007292536477,0.0,0.0,-1.0,31.07772150372381
-0.0046578738071009086,-0.002458275781098579,-0.205,294.32969691279106,0.0,0.0,0.4712637819484223,738.0745428992986,0.0,0.0,-1.0,32.6054631922186
0.006181141492285154,-0.0007038458084482887,-0.205,294.1569044804896,0.0,0.0,0.423350822399886,737.8179268262812,0.0,0.0,-1.0,35.016482451238986
0.0034702852814969282,0.00517108371879412,-0.205,294.2209908012716,0.0,0.0,0.42299927694676454,740.7744763900967,0.0,0.0,-1.0,34.419301937891596
-0.0014403934889071213,-0.004560015484176161,-0.205,294.457546914479,0.0,0.0,0.49283790674352645,735.3434203119543,0.0,0.0,-1.0,31.012152103696927
0.005415721613281242,-9.194735075535126e-05,-0.205,294.3366887560187,0.0,0.0,0.4642212550786443,736.701737469496,0.0,0.0,-1.0,33.19248656212904
-0.005610803153251998,-0.0022365039797362474,-0.205,294.2165268015723,0.0,0.0,0.4329861186072703,737.4017524841909,0.0,0.0,-1.0,35.70665478123184
-0.0032323278758520074,9.233629707741735e-05,-0.205,294.7990572062456,0.0,0.0,0.549045602361598,741.3873389645087,0.0,0.0,-1.0,31.8437704723581
0.00030067548740689347,0.0014881292634164524,-0.205,294.73917400844124,0.0,0.0,0.5878858903106804,736.7691583142524,0.0,0.0,-1.0,25.875479422184682
0.004538031933952833,-0.00204315023477564,-0.205,294.36748345667115,0.0,0.0,0.48439795416365,741.8606568337186,0.0,0.0,-1.0,31.752913635884745
0.00424322316441557,0.002343532545481142,-0.205,294.5359669364834,0.0,0.0,0.4900414041041616,737.0748321252596,0.0,0.0,-1.0,32.852130300158606
0.003426873789724402,-0.0019413643860517415,-0.205,294.48728907445616,0.0,0.0,0.5258843668508589,739.6642637113966,0.0,0.0,-1.0,31.38587707864249
0.0005910637222040319,-0.004719977188740317,-0.205,294.56786848007397,0.0,0.0,0.49391075876447954,740.2143804438899,0.0,0.0,-1.0,32.54848463397498
0.003224055264265136,0.0038389523340159382,-0.205,294.43405849770244,0.0,0.0,0.48278505614141165,741.2220905097557,0.0,0.0,-1.0,34.55698405505563
0.0008883829154513759,-0.0022836833846352645,-0.205,294.88527092763303,0.0,0.0,0.5699174724451007,740.7995053608801,0.0,0.0,-1.0,27.786746648933878
-0.0037442302373442656,0.005127135064669811,-0.205,294.22489885659246,0.0,0.0,0.4163990222065047,737.3709077219261,0.0,0.0,-1.0,35.71852775150483
0.006380028940466043,-0.0010900349365640554,-0.205,294.1167269180693,0.0,0.0,0.4095417882015738,739.8405456863558,0.0,0.0,-1.0,35.05504771586439
0.004299489971904043,0.001177128519327699,-0.205,294.62423750267254,0.0,0.0,0.5062265947753231,733.8782817061324,0.0,0.0,-1.0,30.712106744443922
0.0045275772826026935,0.0029397837768905537,-0.205,294.4098691444933,0.0,0.0,0.46508845672419175,740.4543814985803,0.0,0.0,-1.0,32.539785927441386
0.0048186668949964885,-0.0004295744861369875,-0.205,294.3789071929007,0.0,0.0,0.4904549059821556,741.9240122457841,0.0,0.0,-1.0,32.76282747838643
0.0021476155957835517,0.003971744801653774,-0.205,294.50955063498446,0.0,0.0,0.5039158615261919,737.5533418049839,0.0,0.0,-1.0,32.169295073013224
-0.0024934471706518587,0.0010457722323396093,-0.205,294.8923884561101,0.0,0.0,0.5637306987845919,737.093697223496,0.0,0.0,-1.0,30.27384485797976
0.001122634854798871,-0.001160100381267554,-0.205,294.8362620034536,0.0,0.0,0.5863866814009191,736.9925462182346,0.0,0.0,-1.0,28.44354753595296
-0.0024217515936974634,-0.0013172756292855763,-0.205,294.69534009096475,0.0,0.0,0.5623691552234623,735.3079615290075,0.0,0.0,-1.0,28.119775799110105
-0.002197770062361466,0.005247137699652661,-0.205,294.2573165698485,0.0,0.0,0.4509583365531521,736.2195481523331,0.0,0.0,-1.0,33.15589300478181
-0.003921879334346664,0.0026616809876665428,-0.205,294.48749493427005,0.0,0.0,0.49463181486250507,737.6895672708989,0.0,0.0,-1.0,33.83866494921319
0.003308875423935861,0.0031190318030315275,-0.205,294.5899871605303,0.0,0.0,0.502617858467474,735.1003212170889,0.0,0.0,-1.0,29.768777168984215
-0.0012883088131061438,-0.002165476702903521,-0.205,294.8306743416036,0.0,0.0,0.5682796629759419,736.6703673885893,0.0,0.0,-1.0,28.926137610723924
0.004575144962519412,-0.0013373295374583143,-0.205,294.3671608204694,0.0,0.0,0.4934971924056371,740.4703842261173,0.0,0.0,-1.0,30.88196998704072
-0.0029105606385407766,-0.00121737603880238,-0.205,294.585526616338,0.0,0.0,0.5513774877053951,736.8828115031962,0.0,0.0,-1.0,30.4097639619091
-0.00603076777491901,-0.0008900786332462526,-0.205,294.1426531901268,0.0,0.0,0.4300330754504243,738.6814585390973,0.0,0.0,-1.0,33.6557891421813
0.005974706860745027,0.00016196182912184748,-0.205,294.2942109799259,0.0,0.0,0.43629178862412915,737.3362532254673,0.0,0.0,-1.0,33.361412493098534
0.004817820933768831,-0.0008925494979607842,-0.205,294.41655792373996,0.0,0.0,0.4877710819691875,736.3918174204817,0.0,0.0,-1.0,31.917289667522795
-0.005343764216919923,-0.002124056893515755,-0.205,294.2982919012484,0.0,0.0,0.44787649686707276,737.7002251978153,0.0,0.0,-1.0,34.525821532894156
-0.0008402955977520341,0.002898179371217013,-0.205,294.69892545435675,0.0,0.0,0.5553207073804851,738.7929644577274,0.0,0.0,-1.0,28.910072981991952
0.004122645072151439,0.0029322394816917083,-0.205,294.47993704685126,0.0,0.0,0.4807383459186354,739.2845379770312,0.0,0.0,-1.0,32.62121737652975
-0.0009130187418709307,-0.0015355960544475584,-0.205,294.8949332816652,0.0,0.0,0.5834962953673671,735.0443085258987,0.0,0.0,-1.0,29.669418171079617
0.0005869996697184571,0.0015819235516984582,-0.205,294.80721592290996,0.0,0.0,0.5851938788962835,737.386954175186,0.0,0.0,-1.0,27.637514625659165
-0.0017321377840422436,-0.0008020973611974066,-0.205,294.7766225358476,0.0,0.0,0.5812833994659004,734.5497976922647,0.0,0.0,-1.0,26.948779716072075
-0.0020855124734042033,0.003521671100376538,-0.205,294.58526478689834,0.0,0.0,0.5202707649949592,733.4674948114468,0.0,0.0,-1.0,33.23980274715056
-0.0006218311195977,-0.005812694181089283,-0.205,294.3439631902221,0.0,0.0,0.4430439961799335,736.9236604565549,0.0,0.0,-1.0,31.786370607573172
0.0044049635437921775,0.0027965242874787247,-0.205,294.4793603538245,0.0,0.0,0.4735339342962718,739.4654138129882,0.0,0.0,-1.0,33.18545511814822
0.0027118429109929173,0.0039139006228063825,-0.205,294.4799105502363,0.0,0.0,0.49370958232902995,735.7356672050814,0.0,0.0,-1.0,33.74721104007325
0.000998641895873276,-0.002419036882555617,-0.205,294.7908304392857,0.0,0.0,0.565911085705723,739.4644679439946,0.0,0.0,-1.0,28.8393882125167
-0.0002651743587919757,0.00568589044912612,-0.205,294.2337234131246,0.0,0.0,0.4507963737050257,740.501483634309,0.0,0.0,-1.0,33.52923914494656
-0.0007387372190741304,0.0019536986085684467,-0.205,294.7860791006653,0.0,0.0,0.5777909140684185,736.5881875552964,0.0,0.0,-1.0,28.968604058184102
-0.0048029660845371495,0.0023561512224070254,-0.205,294.49695398945966,0.0,0.0,0.46738244531410006,734.7739986719001,0.0,0.0,-1.0,32.462004505876884
-0.0013837507636251176,0.004431462391316474,-0.205,294.4839418620422,0.0,0.0,0.498704298365025,739.9958840131134,0.0,0.0,-1.0,31.436927750739713
-0.0016104167255159374,0.0037099957505158823,-0.205,294.53423643099774,0.0,0.0,0.5220533960111606,740.9652199068316,0.0,0.0,-1.0,31.40894976216673
-0.0028812411957188553,0.0011547495928535445,-0.205,294.7309179817361,0.0,0.0,0.5528561685991272,738.448186591513,0.0,0.0,-1.0,28.97114371314758
-0.003168206063895568,0.0018150316762145552,-0.205,294.72907012778325,0.0,0.0,0.5358181314253107,737.4962711574269,0.0,0.0,-1.0,31.24485880923202
-0.0004135615565017904,0.003500255155576031,-0.205,294.65511564851766,0.0,0.0,0.5399828993635297,736.2996447892175,0.0,0.0,-1.0,29.16213950198072
0.005059321975925136,-0.0034063173847524325,-0.205,294.1512286862607,0.0,0.0,0.4298708520857896,739.6573466371125,0.0,0.0,-1.0,33.63542344491515
-0.000938534373219819,0.005472703147197179,-0.205,294.2792361041514,0.0,0.0,0.4576660666656436,741.3923852405221,0.0,0.0,-1.0,33.189868556698414
-9.833231969350082e-05,0.002095634883105303,-0.205,294.7172957719535,0.0,0.0,0.5776038734907403,738.731501125657,0.0,0.0,-1.0,28.89783894927988
0.0008761567990877256,0.004700339609466002,-0.205,294.44058801346324,0.0,0.0,0.49287188003265886,738.2953098372019,0.0,0.0,-1.0,34.83463009036919
-0.002466775230189515,0.005423180153703958,-0.205,294.19882513384147,0.0,0.0,0.43728233488622936,738.2015902325095,0.0,0.0,-1.0,33.70479326072596
-0.001026839203024225,-0.0005919637222594515,-0.205,294.86284790136494,0.0,0.0,0.5924315762650411,737.5436646155287,0.0,0.0,-1.0,27.614223429310705
-0.0031584073221232337,-0.00035015676310843583,-0.205,294.746372754524,0.0,0.0,0.5507058437194748,737.9604013501333,0.0,0.0,-1.0,29.322415368862714
0.00034049147103790974,0.0041287324413354825,-0.205,294.52363777275485,0.0,0.0,0.5184142795749986,735.4970931476489,0.0,0.0,-1.0,30.364365859922128
-0.0007774544340328286,-0.005143359089754622,-0.205,294.42725469924653,0.0,0.0,0.4742651772149154,737.1611973384288,0.0,0.0,-1.0,32.9823711461555
0.0018554891059193767,0.004624980780715027,-0.205,294.40501165395335,0.0,0.0,0.4841093632227056,739.584983377017,0.0,0.0,-1.0,34.90525117579664
0.0016195126086471486,0.006234273393963602,-0.205,294.1926047807416,0.0,0.0,0.4112869085620194,736.3175797991523,0.0,0.0,-1.0,34.59107078378565
0.0020533716918159648,0.005367143054227376,-0.205,294.2624835389152,0.0,0.0,0.448072619289634,740.1300049419351,0.0,0.0,-1.0,33.12900683736121
0.004083181199839156,0.0013622962001724448,-0.205,294.64223403186867,0.0,0.0,0.5122579338221211,738.9970508969719,0.0,0.0,-1.0,32.261586961812895
0.0023781154602200544,0.0024888729109789646,-0.205,294.7034830116828,0.0,0.0,0.5426153745823851,737.0124256366216,0.0,0.0,-1.0,30.12302745869588
-0.0020564736823251743,0.002987430501837684,-0.205,294.54995558263715,0.0,0.0,0.5366326846405111,737.6064057348907,0.0,0.0,-1.0,29.562860232083896
0.0034591563165808476,-0.0048605782797744,-0.205,294.18897755707525,0.0,0.0,0.43686811954919497,736.3456050565946,0.0,0.0,-1.0,33.62131256611859
0.005917347169523289,0.0012605660471809853,-0.205,294.3542696813933,0.0,0.0,0.43246010298812554,740.5817043996013,0.0,0.0,-1.0,34.320742811110584
0.004758659317771823,0.002203922180367486,-0.205,294.437823413113,0.0,0.0,0.47230802996508997,740.8269251033134,0.0,0.0,-1.0,33.89741567965076
0.005181112453539832,-0.0034412697809170483,-0.205,294.1040913440351,0.0,0.0,0.423418662394431,734.1275316873176,0.0,0.0,-1.0,33.588415411570075
-0.003424318961928812,-0.0030046394223640716,-0.205,294.4105510881129,0.0,0.0,0.5022742610659422,737.259237572474,0.0,0.0,-1.0,33.329578977664276
0.0030469386344523096,-0.005206628315912402,-0.205,294.2123513018277,0.0,0.0,0.43337863004122873,738.4898105753863,0.0,0.0,-1.0,34.47637091267321
-0.0018665039038907223,-0.0015351314819142912,-0.205,294.7176281475945,0.0,0.0,0.5706984266736026,739.7354999113566,0.0,0.0,-1.0,28.27637935639561
0.005164170334505608,0.0012588508571049189,-0.205,294.3454228803995,0.0,0.0,0.4689966324432863,737.5718769247732,0.0,0.0,-1.0,33.91985067582175
0.0047086944634279985,0.0015696984712040831,-0.205,294.5500999720272,0.0,0.0,0.48498526993128177,736.8589266623133,0.0,0.0,-1.0,31.403230648431276
0.0028352311003952803,-0.005847486179023967,-0.205,294.0922568070275,0.0,0.0,0.4080793070588581,738.4378216311068,0.0,0.0,-1.0,32.98304596085711
0.0028329216133132573,-0.005707705963844504,-0.205,294.22368139131044,0.0,0.0,0.41511586436780473,737.1644828181711,0.0,0.0,-1.0,35.53392774211876
0.0033895974006701453,-0.0038444892465477882,-0.205,294.3614437026358,0.0,0.0,0.4777512107560778,735.4821480287419,0.0,0.0,-1.0,31.67034391022963
0.004110463860744668,-0.000831226813244779,-0.205,294.5168819734098,0.0,0.0,0.5164984504323575,737.8255504851815,0.0,0.0,-1.0,32.989903914568345
0.006409237591466427,-0.00015529430197797273,-0.205,294.1062597763496,0.0,0.0,0.4129575841301215,736.33388405452,0.0,0.0,-1.0,34.17647090585715
0.00010105529488452901,0.0030437228588442978,-0.205,294.58982453590977,0.0,0.0,0.5545336493468135,739.1527102933879,0.0,0.0,-1.0,27.83396490405741
0.001921660743157874,-0.0024574591404258554,-0.205,294.6664950774041,0.0,0.0,0.5524059141584768,738.8153749540038,0.0,0.0,-1.0,28.72628425304098
-0.0029957125823937333,0.00519705906641811,-0.205,294.186645965497,0.0,0.0,0.4351584952279601,736.2761650478766,0.0,0.0,-1.0,35.367068665238094
-0.00112671459967691,0.004755013809273534,-0.205,294.47749563761636,0.0,0.0,0.4883413753551361,736.3208554573374,0.0,0.0,-1.0,32.61047837888613
-0.0010977376143773635,-0.004767448880705284,-0.205,294.4811553480906,0.0,0.0,0.48810171736852237,739.425506106471,0.0,0.0,-1.0,30.252625121877244
0.001002049515928035,-0.002718189834372487,-0.205,294.8511300614656,0.0,0.0,0.5586504811699238,736.8421899180523,0.0,0.0,-1.0,28.588155733455473
-0.0038005252730491067,0.004518488885475357,-0.205,294.28928038307305,0.0,0.0,0.4400495178133162,735.4562337738543,0.0,0.0,-1.0,35.91594908536013
0.0038439330997350643,2.8875269143717913e-05,-0.205,294.5949190503685,0.0,0.0,0.5292277193860295,734.9403703054993,0.0,0.0,-1.0,29.205505179295486
0.00445158842669206,0.002092395356538994,-0.205,294.4723813741273,0.0,0.0,0.48694206027924786,734.0905354175167,0.0,0.0,-1.0,32.881015765917724
-0.0005811407567651702,-0.0036749040707495916,-0.205,294.65655369965316,0.0,0.0,0.5334843309585428,740.5991027546678,0.0,0.0,-1.0,30.044744465333316
0.0014415874113594123,-0.002996635458251261,-0.205,294.7062561697852,0.0,0.0,0.5462648401362596,737.1976936345219,0.0,0.0,-1.0,31.314667514400526
0.0044865237911467385,-0.004563300996788609,-0.205,294.1222299610821,0.0,0.0,0.4136053792826307,738.8217888228429,0.0,0.0,-1.0,33.95499915706873
0.004095736114253272,-0.0023953811551999916,-0.205,294.3847787149426,0.0,0.0,0.49442142002765366,735.5478635649589,0.0,0.0,-1.0,30.477145469902688
-0.006145991062183022,0.00022820597525548077,-0.205,294.2722157721982,0.0,0.0,0.42715415670540674,737.9540491305337,0.0,0.0,-1.0,34.02367982237323
-0.003415588288653232,0.004061468460255856,-0.205,294.40577904679725,0.0,0.0,0.4694001156569454,741.1405472529827,0.0,0.0,-1.0,33.52624812927431
0.005398998447590857,0.0029504147256900937,-0.205,294.28556399246224,0.0,0.0,0.4270289304081595,736.5572974822486,0.0,0.0,-1.0,33.71983868615466
-0.0032768875402692603,0.004408807916683139,-0.205,294.3494528789543,0.0,0.0,0.46054352446192226,740.3197692956894,0.0,0.0,-1.0,33.77164596006509
0.0036786002622523637,0.002777439284742274,-0.205,294.5476218070609,0.0,0.0,0.5000726453586277,737.0556379096115,0.0,0.0,-1.0,31.377148141200585
0.0023109543313638427,0.0007574359327732099,-0.205,294.8346316795753,0.0,0.0,0.5703470168313136,736.670597738059,0.0,0.0,-1.0,28.944735817101126
0.005971033066584443,-0.0025143898530423634,-0.205,294.05589574558,0.0,0.0,0.40918571875421295,735.6930146030467,0.0,0.0,-1.0,36.088418544843314
0.0038844554674892133,-0.004980669007976491,-0.205,294.1785303870065,0.0,0.0,0.4181767824418915,739.2351357519952,0.0,0.0,-1.0,35.01263560068345
0.003659604553265285,-0.0003199388175858308,-0.205,294.6444651172317,0.0,0.0,0.5350719853241152,740.4688337689696,0.0,0.0,-1.0,30.185600091250265
-0.0018662210495488931,0.0043046130729391795,-0.205,294.43579014961284,0.0,0.0,0.4966521901058659,739.5282243284956,0.0,0.0,-1.0,32.215762754251
-0.004710368727277548,0.0033085239037256007,-0.205,294.3414084744441,0.0,0.0,0.4475860109378003,740.6517475088162,0.0,0.0,-1.0,33.05726929649388
0.0024850057856619415,0.00449452499013694,-0.205,294.43890808250967,0.0,0.0,0.4772802466631062,735.2968317782002,0.0,0.0,-1.0,33.2689568872668
0.0009031684094118572,0.000539126484581796,-0.205,295.04781503680226,0.0,0.0,0.5939678598300477,736.4306885913657,0.0,0.0,-1.0,25.88094813468779
0.001768636035933793,0.0029188895928446675,-0.205,294.71181723213607,0.0,0.0,0.5435447562823459,737.5122496976189,0.0,0.0,-1.0,30.876907413049594
0.0018511048738158262,0.0021068158777887776,-0.205,294.80545512230015,0.0,0.0,0.5611229407743609,740.6704581552608,0.0,0.0,-1.0,29.137950791044346
-0.005282560452077285,0.0012382533125523494,-0.205,294.322505135182,0.0,0.0,0.4637806591310976,737.759575663814,0.0,0.0,-1.0,34.70737849882169
0.00482606085024227,0.00039319109997824653,-0.205,294.563188000691,0.0,0.0,0.49027092543673834,738.7154557926333,0.0,0.0,-1.0,32.482587870369926
0.005949169612526141,0.002367758544165546,-0.205,294.26552968101765,0.0,0.0,0.41340524086668234,732.801573018951,0.0,0.0,-1.0,34.15069548168405
-0.0012290904305439344,-0.003341940689786309,-0.205,294.70421593039543,0.0,0.0,0.5388066660670774,738.6506223763731,0.0,0.0,-1.0,31.55559119076324
0.0012841438828885502,-0.00020788955970199116,-0.205,294.83896158962176,0.0,0.0,0.5909675496557193,739.1902834394631,0.0,0.0,-1.0,28.197366003164806
-0.00330068609022378,-0.0011293981601260888,-0.205,294.60790979814425,0.0,0.0,0.541143526737615,735.151780294799,0.0,0.0,-1.0,31.564750473559315
-0.0027266019071883725,0.0045735347552618025,-0.205,294.3815823072546,0.0,0.0,0.46856403230234966,737.1453068628942,0.0,0.0,-1.0,33.016021523175624
0.004375091046130991,0.0014455791019869293,-0.205,294.5649876485315,0.0,0.0,0.5001403309208954,738.7455080944129,0.0,0.0,-1.0,30.67299523610138
-0.004194247655932343,0.0023925714984323236,-0.205,294.56535103213423,0.0,0.0,0.4908461211460974,739.7359837522133,0.0,0.0,-1.0,32.93755428424693
0.0003081714439197775,0.002729803828077786,-0.205,294.7602846004003,0.0,0.0,0.5626198988607267,735.703272062542,0.0,0.0,-1.0,28.504670220581655
-0.0033312961544772015,0.0017180146709802524,-0.205,294.73321437837876,0.0,0.0,0.5325421991905886,737.3500290873899,0.0,0.0,-1.0,30.371202538537233
0.0030210104549366025,0.0011825888866968553,-0.205,294.7703714538063,0.0,0.0,0.5487283068294619,738.7031099605225,0.0,0.0,-1.0,30.337875729181647
-0.0051423065271514546,-0.0032308564798423775,-0.205,294.23324713563414,0.0,0.0,0.4312527146927244,739.2986834100768,0.0,0.0,-1.0,34.752195637246466
0.0002630661393616908,-0.00015818301601483353,-0.205,294.9190331130108,0.0,0.0,0.5994189325060564,736.7252193290738,0.0,0.0,-1.0,24.912198465617603
0.0017911755052246261,0.004068041211436875,-0.205,294.48937698624167,0.0,0.0,0.5067376363389291,733.9638196237769,0.0,0.0,-1.0,31.9266302456162
-0.0017185434030423505,0.0020184177695474173,-0.205,294.9188678077783,0.0,0.0,0.5650682058135109,738.4348521198845,0.0,0.0,-1.0,29.973177660020735
-0.00014632990705765148,0.005931736042619489,-0.205,294.10917614984766,0.0,0.0,0.4385409822310872,739.8384677553884,0.0,0.0,-1.0,34.780091430055776
-0.0006709908842401591,-0.0033920861284468407,-0.205,294.7208280014291,0.0,0.0,0.542125277107738,737.909164014302,0.0,0.0,-1.0,31.671359743198174
0.0044176670529489604,0.0022685719245191934,-0.205,294.49174969984506,0.0,0.0,0.4848679895253052,740.6787708713669,0.0,0.0,-1.0,33.85594644587674
-0.005365339384905275,0.0019236331159648182,-0.205,294.3964642431262,0.0,0.0,0.45041332329886097,738.6983260325256,0.0,0.0,-1.0,32.17154894392183
-0.0004576424698196979,0.0013333007568041848,-0.205,294.8234612795772,0.0,0.0,0.5894784358850982,736.9164798936964,0.0,0.0,-1.0,26.866284167294438
-0.004855736136015893,0.0007198404580291031,-0.205,294.43788027610066,0.0,0.0,0.4873789834965022,737.8996666152121,0.0,0.0,-1.0,32.25436186401378
0.004112774613407243,-0.0016042851095516835,-0.205,294.4575819357092,0.0,0.0,0.5079426584579656,738.6175583992214,0.0,0.0,-1.0,31.410790896768493
-0.004471812922408168,-0.00348354305388687,-0.205,294.24463987229984,0.0,0.0,0.4519668190240715,737.8988372021291,0.0,0.0,-1.0,31.60318900243785
-0.0022940811843986724,-0.0012872585910994698,-0.205,294.7238855465596,0.0,0.0,0.5655763204889422,737.25057188252,0.0,0.0,-1.0,27.702545274132177
0.0014738404261438298,0.004061389859411335,-0.205,294.49775766581956,0.0,0.0,0.5116332847237384,738.3804418336608,0.0,0.0,-1.0,31.176358822665556
-0.0024677748637834942,-0.0033517152995079557,-0.205,294.6693745756068,0.0,0.0,0.5176849148512441,735.2652273154873,0.0,0.0,-1.0,30.62374731468124
-0.0037643623263598617,-0.0011333923605583254,-0.205,294.55806332522224,0.0,0.0,0.526144734701902,737.8173428513585,0.0,0.0,-1.0,30.214145462085877
-0.0028797060392588493,-0.00546233918016037,-0.205,294.2827143221429,0.0,0.0,0.42583224253068835,738.086118686692,0.0,0.0,-1.0,35.742014996297044
-0.0010601513562327094,-0.005163870331528397,-0.205,294.4654880775257,0.0,0.0,0.4710408338892955,738.3106677267658,0.0,0.0,-1.0,32.30865957074958
-0.003831813375655614,-0.0025375029896087735,-0.205,294.43383419985116,0.0,0.0,0.5006292486092577,738.8022879226942,0.0,0.0,-1.0,33.620311630794234
-0.0027812598076937174,0.004217450832852959,-0.205,294.41572536123635,0.0,0.0,0.48105679633049475,733.7181621523739,0.0,0.0,-1.0,33.879949993647934
0.003156903464570011,-0.003225179976933341,-0.205,294.51467385075307,0.0,0.0,0.504001757840138,737.9086934821539,0.0,0.0,-1.0,31.546643551081026
-0.0029565163725750808,0.0018351079025672732,-0.205,294.7732050742647,0.0,0.0,0.541425926136738,738.1115911468409,0.0,0.0,-1.0,29.93170803202656
-0.005265449913211125,-0.003122431273886822,-0.205,294.14112842440704,0.0,0.0,0.4286771286627031,739.7203055008366,0.0,0.0,-1.0,35.544430694406756
-0.0014509648229140881,0.0009849977239261745,-0.205,294.96338674612406,0.0,0.0,0.5840673358030497,735.1896814790647,0.0,0.0,-1.0,26.979456922641077
-0.001559445438232803,-0.004554553247449058,-0.205,294.5656165949027,0.0,0.0,0.4914701256552187,732.2136284698579,0.0,0.0,-1.0,31.64497508626926
-0.00039409605812766596,0.002737702659127637,-0.205,294.775270486592,0.0,0.0,0.5621329145496803,734.519104281388,0.0,0.0,-1.0,28.706731205632103
-0.0018456813922652824,-0.0032204696020677595,-0.205,294.6121250571944,0.0,0.0,0.5337796224928608,741.6934196191556,0.0,0.0,-1.0,31.62246828009742
-0.0009360013955887524,-0.006113637139514453,-0.205,294.33697790586314,0.0,0.0,0.4252994048602004,740.6580809201653,0.0,0.0,-1.0,35.096280958929604
0.0023511663666696708,0.003183721272070273,-0.205,294.65819882033173,0.0,0.0,0.525195953993735,736.4152145226499,0.0,0.0,-1.0,30.548174713845548
0.00383352587106354,-0.0019847984225882173,-0.205,294.41670988410755,0.0,0.0,0.5117760648831896,737.5691656824379,0.0,0.0,-1.0,29.754952191893647
-0.003585318032060439,0.004030441580490822,-0.205,294.32840390787214,0.0,0.0,0.46527459052732795,734.2416632384029,0.0,0.0,-1.0,33.561204979525336
-0.0009732029929898573,-0.005001450398237668,-0.205,294.4629983747189,0.0,0.0,0.47911255134681296,736.5785686261519,0.0,0.0,-1.0,32.81494693555819
-0.0025871366982420274,-0.0015239256337805872,-0.205,294.65232538035764,0.0,0.0,0.5557399472442416,743.0909047881693,0.0,0.0,-1.0,30.848937686994557
-0.0037494175168494397,0.004412350058786931,-0.205,294.2994530617835,0.0,0.0,0.4458688647862986,735.2343588152104,0.0,0.0,-1.0,34.340214087769574
-0.00024025059083539012,0.00383915750134088,-0.205,294.4900755079268,0.0,0.0,0.5291358344763752,738.6318183206675,0.0,0.0,-1.0,31.26513854564039
0.0020101519195147473,0.00594105965600255,-0.205,294.1078363806038,0.0,0.0,0.42059853620418286,738.4187981219776,0.0,0.0,-1.0,35.61904861709331
-0.0009072395583459952,0.003824630142719268,-0.205,294.45250128372214,0.0,0.0,0.526163450676367,736.9037677252693,0.0,0.0,-1.0,30.87712708691502
-0.0037280453490650387,0.0008692153667530854,-0.205,294.5753306576919,0.0,0.0,0.5297865656426671,739.5663439232844,0.0,0.0,-1.0,31.780372795164396
-0.004056691530269586,-0.0016334197805871285,-0.205,294.45818875128737,0.0,0.0,0.5095761393833184,736.4464978754575,0.0,0.0,-1.0,31.50492112595176
-0.001703824806978353,-0.004787405209811246,-0.205,294.5393767629625,0.0,0.0,0.4797291141022497,733.1876918175938,0.0,0.0,-1.0,32.513455658773495
-0.004377207340157183,-0.0007264553023685607,-0.205,294.492893866193,0.0,0.0,0.5070497215234465,736.7704344047895,0.0,0.0,-1.0,30.04472331667917
0.004441388939848722,0.001781247388163604,-0.205,294.59043095566597,0.0,0.0,0.4927030092390776,739.5976207007018,0.0,0.0,-1.0,32.592063500559505
-0.0010052739122408591,0.0009578916913217197,-0.205,294.970991329085,0.0,0.0,0.5897754123235578,738.4546820501372,0.0,0.0,-1.0,26.613638881111587
-0.0017217028042821212,0.0018152018663687652,-0.205,294.8664731822454,0.0,0.0,0.5687060813864824,737.7053913057986,0.0,0.0,-1.0,31.207636846603265
0.0035796999874514283,-0.004383609945066442,-0.205,294.29064777260425,0.0,0.0,0.4524128132477793,740.4298231925391,0.0,0.0,-1.0,33.03995891098885
-0.00038811428090516393,-0.0003311197303416084,-0.205,294.8894218693467,0.0,0.0,0.5984744604653863,739.7091420100326,0.0,0.0,-1.0,25.022999955900605
-0.001966836790383899,-0.0012565229158898953,-0.205,294.68949389323717,0.0,0.0,0.5725755556035237,737.1836345041676,0.0,0.0,-1.0,30.13476829961306
-0.0051300799077992456,0.0024764875958667694,-0.205,294.37104544146706,0.0,0.0,0.45057307726250573,738.021076518243,0.0,0.0,-1.0,36.1037514744085
-0.002185794914226137,0.0017218830716623776,-0.205,294.85005490825336,0.0,0.0,0.5616992475839072,740.8304886828186,0.0,0.0,-1.0,29.831730459179468
-0.00102346410082631,-0.003277002612050505,-0.205,294.7680861321686,0.0,0.0,0.542908449441923,735.2229786557382,0.0,0.0,-1.0,31.368430558307015
0.00011406652351455399,-0.0056814622167480466,-0.205,294.421070637817,0.0,0.0,0.45126733643996286,739.004573381781,0.0,0.0,-1.0,34.96216745268107
0.00549369049338527,-0.0012481773523454883,-0.205,294.21694778264145,0.0,0.0,0.45369000549968974,740.6811366656549,0.0,0.0,-1.0,34.025016659613065
-0.003001311173869002,-0.0015477255782409905,-0.205,294.6256084318923,0.0,0.0,0.5446719054250992,738.3956352170871,0.0,0.0,-1.0,31.739196531742664
0.0028024436251565415,0.002131638707310513,-0.205,294.668757033157,0.0,0.0,0.5400987728014588,739.7847136019278,0.0,0.0,-1.0,30.760903352886803
-0.0014728374246420043,-0.005254767047961307,-0.205,294.4521180159556,0.0,0.0,0.4622728317874021,737.6172730750156,0.0,0.0,-1.0,31.600912657773783
-0.0009664471538737687,-0.00163480323452499,-0.205,294.84590208257123,0.0,0.0,0.5814642942327893,736.078284280656,0.0,0.0,-1.0,27.717829199194643
-0.0036063264737891437,0.0016838272766414209,-0.205,294.6420454279443,0.0,0.0,0.5243940808533921,736.8806531813673,0.0,0.0,-1.0,32.80308498754751
0.003846621412062126,-0.0009455075790653247,-0.205,294.5148223295047,0.0,0.0,0.5250761143934861,734.7314054550139,0.0,0.0,-1.0,30.71860623327285
-0.0005954526310718257,0.003540472329264715,-0.205,294.4985075111526,0.0,0.0,0.5378429521777279,740.208259056595,0.0,0.0,-1.0,30.485498160474872
0.0031715576041250458,0.0032858639796791113,-0.205,294.5605770276449,0.0,0.0,0.5018186537959066,739.3637564805499,0.0,0.0,-1.0,32.20040235477013
-0.003889117076309176,-0.0015112547943671227,-0.205,294.530737532487,0.0,0.0,0.5173003078919253,742.1017684843018,0.0,0.0,-1.0,32.18489447346879
0.006369540794859495,-0.000354332842010608,-0.205,294.20226955847704,0.0,0.0,0.4147125136931946,734.1976174977782,0.0,0.0,-1.0,34.529552588229116
0.0041340918231660105,0.004320261911090007,-0.205,294.2347929743933,0.0,0.0,0.4361523721295254,739.8731631323088,0.0,0.0,-1.0,32.98827627068426
0.0035937669404634506,0.002893307702289108,-0.205,294.5533786542424,0.0,0.0,0.4998933863260555,737.2238268494648,0.0,0.0,-1.0,33.281924170186734
-0.0002245973959390058,-0.003930192967164107,-0.205,294.67281838330734,0.0,0.0,0.5259547173707306,742.0510143115475,0.0,0.0,-1.0,30.614532410930824
-0.0005901847187388346,0.003287024670505921,-0.205,294.641081512378,0.0,0.0,0.5458270620609456,734.9529055359916,0.0,0.0,-1.0,29.03630081088106
0.00042228418878175107,0.0005165157664145647,-0.205,295.03744742895225,0.0,0.0,0.5974601262638789,739.7582393969475,0.0,0.0,-1.0,25.969853144959128
0.0013560720030256265,0.0008808622560581861,-0.205,294.97710239461503,0.0,0.0,0.5863434742366835,738.0200359780337,0.0,0.0,-1.0,29.285991405529007
-0.0011907877372236443,0.004906225624763924,-0.205,294.4195657404707,0.0,0.0,0.48120410924874496,737.8646427746002,0.0,0.0,-1.0,33.9947390161601
0.0010081442877018375,0.004733583861823426,-0.205,294.36590429336405,0.0,0.0,0.4903700396488611,739.820070627475,0.0,0.0,-1.0,32.15167220616084
-0.003850582473346423,-0.005026962876689909,-0.205,294.10223379023074,0.0,0.0,0.41730542651647995,740.08196977713,0.0,0.0,-1.0,33.64549618922062
-0.003337535411063313,0.00042418553802469467,-0.205,294.7357970766661,0.0,0.0,0.5450603007256423,740.2073510077017,0.0,0.0,-1.0,30.10284674920761
-0.0040365873239056535,0.00027141697601052025,-0.205,294.6142454278363,0.0,0.0,0.5220072496789818,740.8588281124494,0.0,0.0,-1.0,32.71173750271641
-1.3173482130759584e-05,-0.006027220481087337,-0.205,294.34934912484835,0.0,0.0,0.43366246110688655,735.1539546571784,0.0,0.0,-1.0,32.7860567370458
-0.0035253938700073027,-0.0021440282524886507,-0.205,294.48905782796805,0.0,0.0,0.5190335879745528,733.388829623386,0.0,0.0,-1.0,32.014053738032665
-0.006233641082362119,0.0014820606843945416,-0.205,294.3136058096311,0.0,0.0,0.4131636199514591,744.0907102496221,0.0,0.0,-1.0,35.439879035084644
-0.005618671993653297,-0.002436228060390741,-0.205,294.1767148086391,0.0,0.0,0.42854621948529253,740.5260054672397,0.0,0.0,-1.0,33.33821654350447
-0.0029111128206256473,0.004411551522329469,-0.205,294.39795663753654,0.0,0.0,0.47039336116078817,741.626790353204,0.0,0.0,-1.0,34.80466959212099
-0.0053804528106943415,-0.0016182758879706247,-0.205,294.2916608646268,0.0,0.0,0.4544367536428761,738.7160298628819,0.0,0.0,-1.0,33.22251511216703
0.004408277083078104,0.0021767891113977068,-0.205,294.4673699237868,0.0,0.0,0.48704611809591364,737.0525711964615,0.0,0.0,-1.0,32.76521864491801
-0.001274634558345646,-3.64291260377165e-05,-0.205,294.942058304972,0.0,0.0,0.5913036797246901,736.6911440200416,0.0,0.0,-1.0,24.180240296181246
0.005552473506397111,-0.0014247471535985135,-0.205,294.2519363273613,0.0,0.0,0.44878378756935466,738.3839121038951,0.0,0.0,-1.0,35.19201816740669
-0.004359943555877087,0.003679124640564867,-0.205,294.37468029845104,0.0,0.0,0.45016035032455654,734.0467969167696,0.0,0.0,-1.0,32.51062228050691
-0.00043398215868414023,-0.0029399026032509456,-0.205,294.7939266550789,0.0,0.0,0.55659973052226,739.1336849978318,0.0,0.0,-1.0,27.64715534005148
0.004495525713774288,0.00037059759481539016,-0.205,294.5213043325212,0.0,0.0,0.5040945862293513,740.9061022902649,0.0,0.0,-1.0,31.532086687066265
0.0010647425884174775,-0.0034896556684465246,-0.205,294.6466507959411,0.0,0.0,0.5359118735165231,736.9738332648258,0.0,0.0,-1.0,28.341844601363675
0.004730122039296568,-0.00039532067781714345,-0.205,294.4053407104962,0.0,0.0,0.4943437773034918,738.0727557146183,0.0,0.0,-1.0,31.984908689024177
0.0029481950812995923,-0.002025526036858658,-0.205,294.5443056609252,0.0,0.0,0.5382777783629492,737.8695838296895,0.0,0.0,-1.0,30.384555757458422
-0.0018320602178291238,0.0004942610178570773,-0.205,295.00473933212766,0.0,0.0,0.5814929215788416,738.255495407347,0.0,0.0,-1.0,28.116728630415803
-0.0041038241782186055,0.0012148428396177595,-0.205,294.6412878526787,0.0,0.0,0.5132074707016571,739.7306648641489,0.0,0.0,-1.0,32.87438171787182
-0.0033293371299165115,0.00535602653117805,-0.205,294.2325181747968,0.0,0.0,0.4187160794460232,735.5341279125082,0.0,0.0,-1.0,34.42262528933605
-0.0010546935385029683,-0.0053141821213295295,-0.205,294.51188054439075,0.0,0.0,0.46415787802751685,738.747415905342,0.0,0.0,-1.0,32.834894357475015
-0.001635136231884827,0.005208097695392274,-0.205,294.3316780178136,0.0,0.0,0.46220198932499285,738.0470570266987,0.0,0.0,-1.0,32.6934704125735
-0.005011400229821694,-0.003513121743279853,-0.205,294.1392774887502,0.0,0.0,0.4287569702440634,738.9888491555555,0.0,0.0,-1.0,36.215146404896544
0.00617653035377065,-0.0011685028069997364,-0.205,294.1300503532683,0.0,0.0,0.41982730877275437,737.6203991582879,0.0,0.0,-1.0,34.65989172992958
-0.0026276981352116114,0.0057784646812696905,-0.205,294.1667907434716,0.0,0.0,0.41644801871504006,736.9025487125655,0.0,0.0,-1.0,33.97764736739341
0.0007572535193459237,0.0038237749578332973,-0.205,294.57054934736215,0.0,0.0,0.5273270074960333,733.9172378258986,0.0,0.0,-1.0,30.291099447116917
0.0023271017224948736,-0.002156594773496662,-0.205,294.68848445416234,0.0,0.0,0.5508535256494727,738.7813826167796,0.0,0.0,-1.0,30.11892792968046
0.004442967839895196,0.003461833686260768,-0.205,294.3360516372822,0.0,0.0,0.4537527458985826,739.7006297550835,0.0,0.0,-1.0,32.5033676276441
-0.0008745088985143845,-0.0032197723061075426,-0.205,294.77410066768397,0.0,0.0,0.5459246608350289,737.1844717898632,0.0,0.0,-1.0,30.204456739646073
-0.003123574096256708,-0.0025327037091249244,-0.205,294.51979790871957,0.0,0.0,0.5228965838590719,738.2195374588129,0.0,0.0,-1.0,31.56490910600735
0.0048873020349385855,0.0014019632832830827,-0.205,294.51405643300734,0.0,0.0,0.47960100047539056,737.5025347451972,0.0,0.0,-1.0,33.24610618469595
0.00012866081660111903,0.002721581554899993,-0.205,294.69839300094554,0.0,0.0,0.5632000312461983,739.7156644772942,0.0,0.0,-1.0,29.893726420668106
-0.0031743759783983295,0.0016823816640949775,-0.205,294.7106050329931,0.0,0.0,0.5377624966734035,734.1336389455113,0.0,0.0,-1.0,33.18811275343113
0.0034591384885245334,0.004396710407662856,-0.205,294.34386270535674,0.0,0.0,0.4556258333934742,736.084878873634,0.0,0.0,-1.0,33.45719180633655
0.0028461406761312344,0.0006969956233758018,-0.205,294.76613384684794,0.0,0.0,0.5577445675589741,734.792869505872,0.0,0.0,-1.0,30.968786553900678
-0.002243609743973514,-0.002926909418741378,-0.205,294.5572845234219,0.0,0.0,0.5345897945869017,736.5257023732423,0.0,0.0,-1.0,29.287012042934613
0.0006652779181858703,0.0031988458785784735,-0.205,294.5929250272424,0.0,0.0,0.5480335028453266,737.1503589761484,0.0,0.0,-1.0,29.61896032665724
-0.00023427159676948318,-0.0005358099900055464,-0.205,295.00687169521774,0.0,0.0,0.5980227520837483,739.2322909138959,0.0,0.0,-1.0,24.84183734723502
-0.00027014245196866005,0.0035275147533796545,-0.205,294.6161556257816,0.0,0.0,0.5395537663099031,739.7936884887359,0.0,0.0,-1.0,31.727937081947516
-0.000816054990271436,-0.004688744696120045,-0.205,294.5850799445913,0.0,0.0,0.4938095131001935,736.9440327591062,0.0,0.0,-1.0,32.8476481487768
-0.0012802448184039664,-0.0006778950319279328,-0.205,294.86999855423534,0.0,0.0,0.5889186457853794,735.3452686407146,0.0,0.0,-1.0,28.656680292517194
-0.0012748965821517304,0.00222752102647426,-0.205,294.83236216264106,0.0,0.0,0.5671502279011386,734.9790064850159,0.0,0.0,-1.0,28.394975909922717
-0.0018940553898130943,-0.005887475380614523,-0.205,294.2626799638666,0.0,0.0,0.42531175060152754,739.2348790068841,0.0,0.0,-1.0,32.27528250895584
0.0016618115043663024,0.0014204912923894675,-0.205,294.87380524394723,0.0,0.0,0.5757801369831151,741.1826878648267,0.0,0.0,-1.0,26.130964119134344
0.003835908046547647,-0.0014682454982426802,-0.205,294.48776442511553,0.0,0.0,0.5197354825095902,738.0352321636099,0.0,0.0,-1.0,31.690024281866595
0.0018352965980650941,0.00011734132915111271,-0.205,294.8713177825117,0.0,0.0,0.582562233839781,735.6005264490767,0.0,0.0,-1.0,26.419295788112585
0.0023909284409341504,-0.00328297726472851,-0.205,294.60850847252743,0.0,0.0,0.521433480998939,740.8635556124855,0.0,0.0,-1.0,31.537012082476252
0.0022823702793332854,-0.001942473058695432,-0.205,294.6899336839754,0.0,0.0,0.5558948460321551,740.3120284283511,0.0,0.0,-1.0,30.233535062776927
-0.0005872587619692907,0.002854071100820273,-0.205,294.6752395384824,0.0,0.0,0.5581922249222265,735.463123087235,0.0,0.0,-1.0,30.19682322016465
0.0029220078566785258,0.001321964086725531,-0.205,294.776487268735,0.0,0.0,0.5498363912155805,742.9861405949515,0.0,0.0,-1.0,28.262637283116575
-0.0006311607241554371,0.006424796962050425,-0.205,294.08038609268647,0.0,0.0,0.4104772543393232,741.43394014177,0.0,0.0,-1.0,35.747415837709816
0.003160045812936977,-0.003917579126969246,-0.205,294.3856635526438,0.0,0.0,0.48189363983718964,738.028142323581,0.0,0.0,-1.0,33.08523596011147
-0.003513276173039494,0.001218188250813872,-0.205,294.6566635978819,0.0,0.0,0.5335553277704722,738.3091566246936,0.0,0.0,-1.0,30.655964995537964
0.00040331678102514357,0.005429575987791723,-0.205,294.21352517965687,0.0,0.0,0.46288298874742645,742.5222736847803,0.0,0.0,-1.0,32.451321792697776
9.841374686206262e-06,0.0006864139289219016,-0.205,294.94418416674483,0.0,0.0,0.5973185838599729,737.275931985099,0.0,0.0,-1.0,26.711794193516507
0.00036991642941490606,0.005749824550207436,-0.205,294.15178528973223,0.0,0.0,0.4473088974264804,740.289579083022,0.0,0.0,-1.0,34.472312745059654
0.00623065341426384,0.0006201966409505831,-0.205,294.21279985484523,0.0,0.0,0.42116708574069683,737.0452839066521,0.0,0.0,-1.0,33.57766723126406
0.006022107007883057,-0.00013096427023909587,-0.205,294.2213806263914,0.0,0.0,0.433856627672073,738.1019876685663,0.0,0.0,-1.0,33.71517059373916
-0.0031982012299772767,0.00330552044201623,-0.205,294.53147123430256,0.0,0.0,0.5004806843521922,739.1706892349296,0.0,0.0,-1.0,32.876388761663534
-0.0014270615686361222,0.0015878270115108745,-0.205,294.9020580920092,0.0,0.0,0.5768487609223878,740.8279925437769,0.0,0.0,-1.0,28.17700995988912
0.002015232888830299,-0.0044524612946174776,-0.205,294.4595239434714,0.0,0.0,0.4883150202856285,739.3626326923858,0.0,0.0,-1.0,31.24354186975269
-0.003947435397173001,-0.0014495503362575556,-0.205,294.46282818863153,0.0,0.0,0.5160628300294837,739.0193874599006,0.0,0.0,-1.0,29.736775056836496
0.0034810563835083624,0.004234532231770757,-0.205,294.35015645904866,0.0,0.0,0.4610992458160783,736.6551833988381,0.0,0.0,-1.0,32.36543430395672
-0.000536232822577003,-0.0017567370344688746,-0.205,294.87372620834816,0.0,0.0,0.5826034391841965,738.7407497048679,0.0,0.0,-1.0,29.2118831884774
0.004710339345226713,-0.0036710166487235025,-0.205,294.1649929545758,0.0,0.0,0.43655167808483036,735.9992934426438,0.0,0.0,-1.0,32.135608617332295
0.00028145595395556716,-0.0003996310830695009,-0.205,295.00783596964857,0.0,0.0,0.5985935963852079,738.1417027444447,0.0,0.0,-1.0,25.847439966010718
-0.003331109760933481,-0.005112894281542912,-0.205,294.2215509503941,0.0,0.0,0.4297047001378232,740.2994910947857,0.0,0.0,-1.0,34.80271780306609
0.00563938614837133,0.0029440360241764973,-0.205,294.2406470358798,0.0,0.0,0.4156926552691304,736.197103623969,0.0,0.0,-1.0,35.38367472645679
-0.0004418246552119535,-0.0002599941173321499,-0.205,294.935269969382,0.0,0.0,0.5984603595531043,739.1896431125072,0.0,0.0,-1.0,26.77227616359287
-0.0029701789256470503,0.0032052208069443147,-0.205,294.6385255302217,0.0,0.0,0.5097082139294687,739.3982496959088,0.0,0.0,-1.0,33.807768743426166
0.00160109624719773,-0.004065027579731111,-0.205,294.54104021306625,0.0,0.0,0.5097416567950885,738.1493732546923,0.0,0.0,-1.0,33.10827215478077
0.0026283432680415716,-0.004584504934106667,-0.205,294.4152200153305,0.0,0.0,0.4704395988645399,739.6732540546456,0.0,0.0,-1.0,32.25971739618285
-0.005558027736619273,0.0024177966855389267,-0.205,294.2287416182156,0.0,0.0,0.43188014968662247,740.5458567395158,0.0,0.0,-1.0,33.988249853820776
0.0018827777972613693,0.005878886413369341,-0.205,294.14301810407574,0.0,0.0,0.4259350805590175,737.6808808857642,0.0,0.0,-1.0,33.7988658272156
-0.0024673473839585654,-0.004156659088968557,-0.205,294.45675711108595,0.0,0.0,0.4906259590713886,736.8619656253642,0.0,0.0,-1.0,31.12200814779468
0.003829361157033971,-0.0033907489294448877,-0.205,294.29021795512944,0.0,0.0,0.4782299750080237,738.079004244392,0.0,0.0,-1.0,33.062240480913886
-0.004387425598797886,0.003081408936928801,-0.205,294.5010817456603,0.0,0.0,0.46683377653078917,736.0305207731049,0.0,0.0,-1.0,33.58792853574023
0.0020905238940813935,0.00013673279676132963,-0.205,294.85433795813776,0.0,0.0,0.5776636689503295,740.4127314958708,0.0,0.0,-1.0,28.51166231227539
-0.000793502763726222,0.005100740895940748,-0.205,294.270871888024,0.0,0.0,0.4760818501860985,739.1881150323296,0.0,0.0,-1.0,33.15443344166624
0.005216574287541534,-0.003344322852351791,-0.205,294.086491383551,0.0,0.0,0.4246725918007352,737.3465168664762,0.0,0.0,-1.0,35.09854832018399
0.0029334287096830706,0.004628653362410536,-0.205,294.35412960737597,0.0,0.0,0.4611852334422147,736.682281563799,0.0,0.0,-1.0,33.42432452901437
-0.003276482027259435,0.002588225740950395,-0.205,294.6395690576237,0.0,0.0,0.5171869299739337,739.4684125428229,0.0,0.0,-1.0,31.506147366645138
-0.0009973018325170292,-0.0053940483547276485,-0.205,294.40473179577054,0.0,0.0,0.46091766174228027,738.7859623584546,0.0,0.0,-1.0,36.318383055044286
0.0022708576583902853,0.004959500901851026,-0.205,294.3265012368031,0.0,0.0,0.46239753056167593,733.9605535433299,0.0,0.0,-1.0,33.39306635965006
-0.0018808255780833078,-0.005926862233653664,-0.205,294.2419376902724,0.0,0.0,0.42350999823917534,740.873395280964,0.0,0.0,-1.0,34.624400167109805
0.0007687303935540881,0.002017357366224841,-0.205,294.75399380716397,0.0,0.0,0.5763521086693792,738.4898821934137,0.0,0.0,-1.0,27.578312584620615
0.0021937221209799174,-0.0022915642526063307,-0.205,294.65352430392704,0.0,0.0,0.5508656776029051,737.9465441372498,0.0,0.0,-1.0,31.22601553975886
0.0016178117938154182,-1.755562526509667e-05,-0.205,294.9065545534843,0.0,0.0,0.5863297132114511,735.1425343017428,0.0,0.0,-1.0,28.38829591865582
0.002990174385134717,-0.0019940177022899023,-0.205,294.6094899959589,0.0,0.0,0.5377158710371815,737.7159271852042,0.0,0.0,-1.0,30.630003875745956
0.0008062983949333226,0.0032750712157221247,-0.205,294.6603818714469,0.0,0.0,0.5447968932919863,738.325366045725,0.0,0.0,-1.0,30.47148662781063
0.00602969252015316,-0.0017470521723893034,-0.205,294.10899680898615,0.0,0.0,0.4202845119094276,737.7581103097395,0.0,0.0,-1.0,32.69030854279937
-0.0015049155614680792,-0.004815026442650617,-0.205,294.3851805447233,0.0,0.0,0.4813802245260553,736.3330396582759,0.0,0.0,-1.0,34.019984556571224
-0.0016366349505897541,0.002651229259727827,-0.205,294.70782363067707,0.0,0.0,0.5525187953702774,735.8710771330619,0.0,0.0,-1.0,28.263176440651346
0.0045816061053636685,-0.003959665250835552,-0.205,294.19285310072405,0.0,0.0,0.4321729623165253,737.9361060021865,0.0,0.0,-1.0,33.83983510366098
0.00491498502257378,-0.00032604593393452104,-0.205,294.4075119218484,0.0,0.0,0.48663743880377336,737.904659351024,0.0,0.0,-1.0,31.752341776620696
0.0003870831603737398,0.00526096649478725,-0.205,294.28394741613204,0.0,0.0,0.47087276763192876,739.4815192225385,0.0,0.0,-1.0,34.25915672749187
0.0031811526061015227,-0.004187863330437759,-0.205,294.3248472974346,0.0,0.0,0.47162083160395074,740.7111369086329,0.0,0.0,-1.0,32.84874820923695
-0.0018590804789313125,-0.002883308861372927,-0.205,294.6648632329648,0.0,0.0,0.5429847241984421,740.0225735378108,0.0,0.0,-1.0,29.907380284974327
0.0041440806905245625,-0.002437310969124853,-0.205,294.49479607838725,0.0,0.0,0.491745680906443,736.103577465946,0.0,0.0,-1.0,32.26339531601788
0.003870830923043026,-0.0003478736503294811,-0.205,294.6210204412451,0.0,0.0,0.5277375406524258,735.9430105534719,0.0,0.0,-1.0,31.490573413199744
-0.003948205698695275,0.00010464232481107725,-0.205,294.56084978925315,0.0,0.0,0.5254899026543642,740.8335813570643,0.0,0.0,-1.0,32.332203322390896
-0.0013139114138524064,0.004994724178422894,-0.205,294.404032838477,0.0,0.0,0.4759650970385295,737.193829446563,0.0,0.0,-1.0,33.060772955560864
-0.0003403196700328316,0.005310341773850644,-0.205,294.34984292140217,0.0,0.0,0.4687227222173701,736.0354991077868,0.0,0.0,-1.0,31.844193298313158
0.0011040832933371433,0.0007079414153842856,-0.205,294.9019729031433,0.0,0.0,0.5908259462122105,736.9274870428743,0.0,0.0,-1.0,27.315898729197425
0.004844541575477672,-0.0036400357032009565,-0.205,294.12520499597576,0.0,0.0,0.43195827480997634,736.784551390694,0.0,0.0,-1.0,34.42979235318993
-0.0010087341399058394,0.005540136980242994,-0.205,294.2271516156342,0.0,0.0,0.4538122780756746,736.4332935246691,0.0,0.0,-1.0,32.8964087794456
7.267769250032642e-05,0.005170598229722122,-0.205,294.30710355828074,0.0,0.0,0.47567030640395036,735.6721202044661,0.0,0.0,-1.0,34.10106995167211
-0.005305373138928501,-0.00012061790746956495,-0.205,294.41449020121996,0.0,0.0,0.4694011579742455,734.2591329777489,0.0,0.0,-1.0,34.42120645512853
0.0022143943878847163,0.00011703212484539069,-0.205,294.81546828444004,0.0,0.0,0.5751170936728565,739.5946900937602,0.0,0.0,-1.0,26.434918080580935
0.0022412097385440975,-0.003585051314585363,-0.205,294.569790761613,0.0,0.0,0.5151965010834528,738.4962152181637,0.0,0.0,-1.0,29.896460475373967
0.005015758395798297,0.003553223295648962,-0.205,294.28357321248853,0.0,0.0,0.4273367314469821,734.5896141785922,0.0,0.0,-1.0,35.69185163877334
-0.0012039426805216518,0.0035442257485194277,-0.205,294.6040789450192,0.0,0.0,0.5327159780671114,735.5555438654632,0.0,0.0,-1.0,29.224106175301813
0.0029771371782207168,0.00566115799534106,-0.205,294.11933058544076,0.0,0.0,0.41378074399470693,739.8526203097297,0.0,0.0,-1.0,34.580747251218426
-0.0028761065821115445,0.0010777554007252704,-0.205,294.74469751394423,0.0,0.0,0.5537930753893313,740.1472271751044,0.0,0.0,-1.0,28.78734621136404
-0.0014426564376366312,0.0015769341897019793,-0.205,294.8444785155504,0.0,0.0,0.5767991579162159,736.0604919937706,0.0,0.0,-1.0,28.347183751985824
-0.005006874331289379,-0.0026049315351714315,-0.205,294.2231776416598,0.0,0.0,0.4531825856197743,743.130651183976,0.0,0.0,-1.0,33.72056766375623
-0.004498380425467994,0.0022995352531800252,-0.205,294.5417484338551,0.0,0.0,0.48105240800502386,738.432577498538,0.0,0.0,-1.0,34.41508336468109
-0.0045372903342138955,0.0010623075394985602,-0.205,294.5084166539169,0.0,0.0,0.49797720676931445,738.012229327867,0.0,0.0,-1.0,30.90174433197997
0.004275768526277473,0.004660872021537199,-0.205,294.2049376912716,0.0,0.0,0.4177011426726474,734.8379546972208,0.0,0.0,-1.0,33.57863258370863
0.0013830845873181704,-0.0008334412814690861,-0.205,294.81117629267186,0.0,0.0,0.5863797072072581,736.8979298780911,0.0,0.0,-1.0,27.06813491314898
-0.0033635330035243897,-0.0009674015494129197,-0.205,294.6171439782205,0.0,0.0,0.5407799370200076,739.3007102292369,0.0,0.0,-1.0,29.76467379319317
0.0020511775645524954,0.0017293101009951324,-0.205,294.85484016778304,0.0,0.0,0.5642638228594212,738.3134989111157,0.0,0.0,-1.0,29.04988163143943
0.00013786397381610287,0.0052992453589845445,-0.205,294.37920163991316,0.0,0.0,0.4696678221017768,736.1321911541222,0.0,0.0,-1.0,33.873953522077464
0.006087053222391633,0.0021588161025366324,-0.205,294.24725732322344,0.0,0.0,0.41032033388225714,740.3657057926798,0.0,0.0,-1.0,34.97216364941059
0.00397848149062954,0.00038247856320076224,-0.205,294.5847100368044,0.0,0.0,0.5237878052866571,738.0609918375699,0.0,0.0,-1.0,31.54377677476761
0.004637770904420101,-8.77967879922905e-05,-0.205,294.46431579717165,0.0,0.0,0.4988650329449071,736.1124303263003,0.0,0.0,-1.0,32.44626048477303
0.00038934064073897117,-0.004203976243676212,-0.205,294.5785816125884,0.0,0.0,0.5154246179981191,736.058241269312,0.0,0.0,-1.0,31.59844200702598
-0.006251884691356315,3.578195319351808e-05,-0.205,294.229736577993,0.0,0.0,0.4216799453360874,738.6651593132883,0.0,0.0,-1.0,34.69640546098618
-0.004796358901484954,-0.0011765482026462085,-0.205,294.4391811291466,0.0,0.0,0.4860785162921801,738.1702593836069,0.0,0.0,-1.0,31.381011628789818
-0.0020331011782824546,-0.005310741323919446,-0.205,294.35022604640835,0.0,0.0,0.4510684749827266,737.1997193587985,0.0,0.0,-1.0,33.23191221576951
-0.0015797738622939732,-0.0012348134443951782,-0.205,294.78843985143845,0.0,0.0,0.5794492937141779,738.5721283105689,0.0,0.0,-1.0,27.61483566442432
0.005452652767133598,0.002408755485557857,-0.205,294.29005967430004,0.0,0.0,0.4371183233412154,740.0047829260393,0.0,0.0,-1.0,33.39351157595874
-0.0004436634526868709,0.005319161934439328,-0.205,294.37652734278913,0.0,0.0,0.4679530648336654,736.8266876527853,0.0,0.0,-1.0,31.83649161337325
-0.003256604768194564,0.002044582404514399,-0.205,294.6903997956186,0.0,0.0,0.5291861496225754,737.8631475585041,0.0,0.0,-1.0,32.83965256662567
0.00583046658692465,0.0019777038377700325,-0.205,294.2645495419225,0.0,0.0,0.42680528496527165,735.9097604477172,0.0,0.0,-1.0,32.64082065811779
0.0051643734644101855,0.0038262752375333546,-0.205,294.2296090229836,0.0,0.0,0.41205549760824833,739.5421499950129,0.0,0.0,-1.0,35.910812727873825
0.0010699677057533518,0.0058904526862849655,-0.205,294.2244622310511,0.0,0.0,0.43577415288738486,737.8323108561223,0.0,0.0,-1.0,33.50912965312765
-0.004745463388876983,0.0006217123829415783,-0.205,294.4500838319927,0.0,0.0,0.492671087938359,737.9318783920132,0.0,0.0,-1.0,31.99862972269788
0.005811346650938899,0.00097320251471984,-0.205,294.23999701055095,0.0,0.0,0.4406679331901101,737.6143570469259,0.0,0.0,-1.0,34.246430028068126
0.0027032009834751175,-0.002015387822100982,-0.205,294.5752238560515,0.0,0.0,0.544829738917921,740.0515269932936,0.0,0.0,-1.0,30.15737442833547
-0.005874638410818144,0.001950496988383903,-0.205,294.32214792261465,0.0,0.0,0.4250253977504034,738.8340485364027,0.0,0.0,-1.0,35.74843476686623
-0.002465889872282797,-0.0016812794997830402,-0.205,294.6365883576377,0.0,0.0,0.556245244878502,737.4543608593144,0.0,0.0,-1.0,28.071302568647024
0.0022366990266226507,-0.004499962005614802,-0.205,294.3605842158364,0.0,0.0,0.48225168670832536,737.0084399668299,0.0,0.0,-1.0,34.26834688335779
-0.001464903023807231,0.0037047340533727774,-0.205,294.55320568716263,0.0,0.0,0.5242574703981039,738.6937746949851,0.0,0.0,-1.0,30.418091583436336
0.0035916939064024587,0.0034333389860233313,-0.205,294.4417195760952,0.0,0.0,0.48475321207628824,735.8195874340029,0.0,0.0,-1.0,32.433261530312805
-0.00040395195200044765,-0.0031819077835521323,-0.205,294.7757387478365,0.0,0.0,0.5498271464224017,736.9898065959359,0.0,0.0,-1.0,29.463458268708965
-0.0013315787892536613,0.0019540458658852365,-0.205,294.84213152527093,0.0,0.0,0.571886806151649,737.4767176994192,0.0,0.0,-1.0,29.200006595583687
-0.0006081726183254206,-0.003879672326076755,-0.205,294.6368438066542,0.0,0.0,0.5262957848008718,735.1228355533943,0.0,0.0,-1.0,30.09390095198524
-0.0009243692325555453,-0.00042492169423431764,-0.205,294.8829969313122,0.0,0.0,0.5943380513037991,737.0631311856434,0.0,0.0,-1.0,26.345886933840887
-0.0019346824907670022,-0.0036020599300391636,-0.205,294.6129903608764,0.0,0.0,0.520423137545797,734.1912649966529,0.0,0.0,-1.0,30.818156923700474
0.0026841687717817243,0.0010101238115748452,-0.205,294.7012642092651,0.0,0.0,0.5594350835359282,739.5796134785262,0.0,0.0,-1.0,29.63085449993486
-0.00020589760177180827,-0.0006370607025442964,-0.205,295.0657701492702,0.0,0.0,0.5974431745625014,735.4334590246361,0.0,0.0,-1.0,27.57164921069954
-0.004812778855262499,0.001305368149695782,-0.205,294.5005504620541,0.0,0.0,0.4839606749497436,737.3848517329312,0.0,0.0,-1.0,31.49602206633189
0.0010644985193257375,0.0018231346637022946,-0.205,294.92787139064836,0.0,0.0,0.5773350777495915,737.9810573141549,0.0,0.0,-1.0,29.390183020002752
0.0002653179265640909,0.00041896936755607406,-0.205,294.9511720247607,0.0,0.0,0.5985544437507809,737.1664970318595,0.0,0.0,-1.0,26.07545848729972
0.00039392385645354775,0.005444037096187269,-0.205,294.29903491528853,0.0,0.0,0.4622249930212816,740.8500634432347,0.0,0.0,-1.0,32.8592828569288
0.0008725718165785897,0.003506457118429057,-0.205,294.6338992531249,0.0,0.0,0.5370776150497992,739.7345747803882,0.0,0.0,-1.0,30.522627941110223
0.0030778627933777643,0.00247154705779536,-0.205,294.6731393407287,0.0,0.0,0.525569287219517,734.8130461643549,0.0,0.0,-1.0,32.41726151653337
-0.0013628406653112453,-0.0006225797664513307,-0.205,294.8131619483789,0.0,0.0,0.5881856346394662,735.7160187761575,0.0,0.0,-1.0,27.06416162330116
0.004205523565764904,-9.157693424164774e-05,-0.205,294.5585740332789,0.0,0.0,0.5160115490338854,735.9808615138031,0.0,0.0,-1.0,30.93142632355537
-0.0022148667115396213,-0.0022777351814916654,-0.205,294.64049227443246,0.0,0.0,0.550726408463328,737.1962825991833,0.0,0.0,-1.0,30.96996180933276
-0.0038082563400158795,-0.0005234467193544269,-0.205,294.5595145478783,0.0,0.0,0.5292270033864073,739.094816243971,0.0,0.0,-1.0,32.41107203565445
0.0017121845546211039,0.005562478805733687,-0.205,294.2823011480676,0.0,0.0,0.44435909717346567,738.9343467758011,0.0,0.0,-1.0,33.180710344730024
0.0024260025263555572,0.0018138074863210793,-0.205,294.7841862911803,0.0,0.0,0.5549951860083867,739.7327027380369,0.0,0.0,-1.0,29.23753133325786
0.0029300898631059937,-0.004192548628682898,-0.205,294.3441323457866,0.0,0.0,0.4782224337923951,737.5633534677314,0.0,0.0,-1.0,33.03085522556137
-0.0005622970322402993,-0.00042651885652349045,-0.205,294.8901175554493,0.0,0.0,0.5971737310286126,738.4191161309186,0.0,0.0,-1.0,25.638417638047823
-0.00494212100397249,-0.0007427054717647561,-0.205,294.4456015479461,0.0,0.0,0.4834759892890416,736.0830066071532,0.0,0.0,-1.0,31.533619826883942
-0.004539260818621289,0.0028574716716900117,-0.205,294.3893213823814,0.0,0.0,0.46672177657300684,734.6759850591822,0.0,0.0,-1.0,33.89032265005814
0.003123126559987714,-0.0026627573062790824,-0.205,294.5450800936013,0.0,0.0,0.5198518278049628,738.175624647253,0.0,0.0,-1.0,30.32288170680877
0.0062022030802218785,0.000525327055251005,-0.205,294.2061624772072,0.0,0.0,0.42317138709867513,734.6957481738235,0.0,0.0,-1.0,35.22960237613033
0.004626664126659786,0.0018457451487982849,-0.205,294.56644802129534,0.0,0.0,0.4842002098436602,741.1157189632988,0.0,0.0,-1.0,34.36543336491977
0.0037637497725340765,0.004479603236198992,-0.205,294.3811326367495,0.0,0.0,0.442788455149141,735.4891662689419,0.0,0.0,-1.0,33.41150792077727
-0.0041311477084570135,0.0008452482754197937,-0.205,294.5795553836785,0.0,0.0,0.5156237562974078,737.4393276181045,0.0,0.0,-1.0,32.223295990940606
0.0010503439880790433,0.0045785422202369455,-0.205,294.4430519943999,0.0,0.0,0.496412260041617,735.8063186282228,0.0,0.0,-1.0,31.655337027702966
-0.002970379292298277,0.00466054328806003,-0.205,294.31459989169423,0.0,0.0,0.45892729524966125,737.9414344727827,0.0,0.0,-1.0,33.73304187666801
0.0019053665161841646,0.003632200097594238,-0.205,294.57655852601323,0.0,0.0,0.5199462907970188,736.3534149570502,0.0,0.0,-1.0,32.97980546150336
-0.0002757022519106895,-0.003432402986722555,-0.205,294.75716048727577,0.0,0.0,0.5425809612574852,740.7746587090812,0.0,0.0,-1.0,31.420380820405008
0.006435153319083461,-0.00031005187755173445,-0.205,294.13894402699617,0.0,0.0,0.4112076410052912,740.1885319099275,0.0,0.0,-1.0,35.827415941067905
-0.0002684228925822178,0.0009602326607682637,-0.205,294.85079433475795,0.0,0.0,0.5945509169117269,736.3700377651278,0.0,0.0,-1.0,25.647507451971236
0.002596310959064939,0.0025311292790247187,-0.205,294.7227523013134,0.0,0.0,0.5366618786520936,733.7367342028125,0.0,0.0,-1.0,29.407711851739798
0.0036770926027252957,0.0024106952226783567,-0.205,294.5823239265444,0.0,0.0,0.5086436695786822,736.9091318073393,0.0,0.0,-1.0,31.93323773239259
-0.0019009828944474665,-0.0020871594947748655,-0.205,294.73792762155523,0.0,0.0,0.5606314208684122,737.4596954515099,0.0,0.0,-1.0,31.592865724206938
-0.0010627447089519605,-0.00021809847188902475,-0.205,294.87151747460393,0.0,0.0,0.593602635027504,738.8688534089388,0.0,0.0,-1.0,26.55747938270908
-0.005305102941649291,-0.0019116956118143329,-0.205,294.2530897298491,0.0,0.0,0.45342675135069044,734.6599323373878,0.0,0.0,-1.0,32.91561860078483
-0.00012563645948012993,0.0009887101940373529,-0.205,294.831032617126,0.0,0.0,0.5945549018948094,738.6206846688273,0.0,0.0,-1.0,25.726203970535334
-0.00556822898607852,-0.001049262222930301,-0.205,294.24239248458645,0.0,0.0,0.4520808672293992,737.5890770099733,0.0,0.0,-1.0,34.866358897360975
-0.0031266597675645535,-0.0011020202948910788,-0.205,294.57465205542866,0.0,0.0,0.5465767194178792,739.1573701499851,0.0,0.0,-1.0,30.27001189001658
0.004240960834418059,0.004633429788271438,-0.205,294.27890742938365,0.0,0.0,0.4200894067928676,735.8731502375954,0.0,0.0,-1.0,35.52936096338184
-0.0012854797850761657,-0.005100747437685389,-0.205,294.43590221328526,0.0,0.0,0.47156724892521157,739.3241632633677,0.0,0.0,-1.0,32.39433323256378
-0.0025698430377152177,0.003871669919063732,-0.205,294.5287837781669,0.0,0.0,0.49851992308705156,738.4647843768968,0.0,0.0,-1.0,32.60653259372283
-0.004626664527531449,-0.004318041451121075,-0.205,294.1425067657441,0.0,0.0,0.4175038252138098,735.5793143821057,0.0,0.0,-1.0,33.88766634301188
0.0027526439250404825,-0.002162825208443692,-0.205,294.5811357227496,0.0,0.0,0.5407540269398042,739.8280266142398,0.0,0.0,-1.0,30.273163142080364
0.00025431629268806674,0.005391138982720794,-0.205,294.34084678280436,0.0,0.0,0.4651422388681293,740.5286029317348,0.0,0.0,-1.0,36.16440325735698
0.0013104680044471015,0.0012118149677493235,-0.205,294.87756486053877,0.0,0.0,0.5835249678541118,736.7229185365337,0.0,0.0,-1.0,27.928691902491536
0.0046172816742414136,0.0017855035571931962,-0.205,294.45129178904205,0.0,0.0,0.48555501570143056,740.9230138005797,0.0,0.0,-1.0,32.83175362155709
-0.00408662454155427,-0.004461882337696173,-0.205,294.2219902283337,0.0,0.0,0.43243892778377696,736.6552041869718,0.0,0.0,-1.0,34.434618681471264
0.002402059640945588,-0.003785091084921068,-0.205,294.5266179033163,0.0,0.0,0.5052156754592813,739.5240588095819,0.0,0.0,-1.0,32.02108348018474
0.004157602818812423,0.003096772628653645,-0.205,294.4422471127259,0.0,0.0,0.47507278401551467,739.513139114533,0.0,0.0,-1.0,32.17770476301446
3.6230204037290065e-05,-0.00022745635165747577,-0.205,295.07994221988133,0.0,0.0,0.5996633261812495,736.4730531567044,0.0,0.0,-1.0,26.17877442530957
-0.0007956717340826261,-0.005452855659102399,-0.205,294.39382651527234,0.0,0.0,0.4597044308479067,736.2043361280996,0.0,0.0,-1.0,34.55545492338924
-0.003717270038215097,0.00013489310416290912,-0.205,294.70245796103177,0.0,0.0,0.5335133265380435,735.7878069891042,0.0,0.0,-1.0,29.832764462141146
-0.006209791792287932,-0.001541421771202678,-0.205,294.1215465476608,0.0,0.0,0.413670742233875,736.5448952663871,0.0,0.0,-1.0,34.125997595774955
-0.002590621965162125,0.002558568427240749,-0.205,294.7184986725597,0.0,0.0,0.5361578729786848,736.7194506823225,0.0,0.0,-1.0,30.758105441850095
0.00474408314122155,-0.0012342680445614753,-0.205,294.36856267706196,0.0,0.0,0.4876747195839146,737.222639080599,0.0,0.0,-1.0,31.775795995681342
-0.0032656709187826507,0.0018403111454232948,-0.205,294.6652917396302,0.0,0.0,0.5325319669667764,737.7621107576798,0.0,0.0,-1.0,29.495349013334245
7.76454677875221e-05,0.0010990237167801816,-0.205,294.8827031169436,0.0,0.0,0.5934123050331149,736.567156737194,0.0,0.0,-1.0,26.345385639131553
0.00020421100180498605,-0.0010217884773200297,-0.205,294.99910116822895,0.0,0.0,0.5940746958084648,737.1716801218107,0.0,0.0,-1.0,27.616082694115605
0.0028556490270526245,0.0003616084370862357,-0.205,294.79137201088014,0.0,0.0,0.5591522405762813,734.443637474124,0.0,0.0,-1.0,29.902311992750715
-0.0004532965622311754,0.0011652542308113107,-0.205,294.8450182661332,0.0,0.0,0.5916226859883594,741.9987841004513,0.0,0.0,-1.0,27.091290562976283
0.0027656932796328547,-0.0006795555928776897,-0.205,294.68528788248796,0.0,0.0,0.5599705924142404,736.7736577848523,0.0,0.0,-1.0,29.87807144913908
0.0012410590413788939,0.003411066038908859,-0.205,294.5909264879805,0.0,0.0,0.5365330390149677,740.0070787981971,0.0,0.0,-1.0,32.07286050850759
0.0004764481368727533,0.0013638140646755315,-0.205,294.86430679323536,0.0,0.0,0.5889767280188472,736.9685819669621,0.0,0.0,-1.0,28.426788673932894
-0.004156026946238326,0.003122049225035335,-0.205,294.4897003609965,0.0,0.0,0.4744365813083051,733.30803184739,0.0,0.0,-1.0,32.927103341373964
0.005504190897779325,-0.0020867364659991907,-0.205,294.1844782149736,0.0,0.0,0.44096565968803736,739.0000122543112,0.0,0.0,-1.0,34.99485027180739
0.0021326666115289495,-0.0060540919088800825,-0.205,294.20262711098815,0.0,0.0,0.41253458067255694,738.7394516095405,0.0,0.0,-1.0,35.40282230129844
0.0018871861035093015,0.005683732179823496,-0.205,294.2185383808486,0.0,0.0,0.4356696038897078,740.6072473558055,0.0,0.0,-1.0,34.440426112140315
0.004127454533570595,0.00207195996164131,-0.205,294.56481952338413,0.0,0.0,0.49970347940803034,734.6605532272207,0.0,0.0,-1.0,32.39641527887825
0.0011808013839275807,0.0024105752568672925,-0.205,294.85602149345993,0.0,0.0,0.5642292880587907,738.1274443539128,0.0,0.0,-1.0,27.908475972220085
0.0023032515112325195,0.004933452466974272,-0.205,294.3322958866869,0.0,0.0,0.46287876607919876,737.7401042410012,0.0,0.0,-1.0,34.332569338280216
0.00432754705215808,-0.0033753159399940416,-0.205,294.2195798297444,0.0,0.0,0.46078570272364744,738.3604743948238,0.0,0.0,-1.0,33.89426183417858
-0.0023836630818602545,-0.002624853815660036,-0.205,294.5762579378963,0.0,0.0,0.5392997615486034,739.9735965988333,0.0,0.0,-1.0,30.44351402549753
0.004628178489392855,0.003224413934979736,-0.205,294.4574233361563,0.0,0.0,0.4533471257569399,735.9901979986552,0.0,0.0,-1.0,33.90890335096904
0.0032211375074556172,0.00016499069277166946,-0.205,294.63794590395077,0.0,0.0,0.5492934003654749,736.3191772613021,0.0,0.0,-1.0,29.671962057475373
-0.004676866556004035,-0.0020407278623446544,-0.205,294.36480600363956,0.0,0.0,0.47877629247083087,736.1722665778314,0.0,0.0,-1.0,33.44085465517354
-0.0030401401023894287,0.00045688023162682444,-0.205,294.73438422116647,0.0,0.0,0.5537109699070939,733.7480108942418,0.0,0.0,-1.0,28.946631776717208
0.0005221338326676915,-0.002572346467093968,-0.205,294.863873704936,0.0,0.0,0.5657193091848977,737.6530804216559,0.0,0.0,-1.0,28.37360738822384
0.0016929519358244345,-0.003361265315257715,-0.205,294.6666913208419,0.0,0.0,0.5320173592820302,737.3877735888675,0.0,0.0,-1.0,29.852803999372778
0.0015010096623530647,0.0018860181251010807,-0.205,294.85547893547715,0.0,0.0,0.5708431986098746,738.5777529532236,0.0,0.0,-1.0,28.91380560943148
-0.0013617053199805273,-0.004979266916034838,-0.205,294.4582310415389,0.0,0.0,0.4760812490284003,739.7061657328169,0.0,0.0,-1.0,32.05742008958982
0.004429958382238188,-0.00036834142023109835,-0.205,294.4769310434649,0.0,0.0,0.5067244626852412,736.6710720544346,0.0,0.0,-1.0,32.08065771320731
-0.0008702522774109919,-0.0027913776606001504,-0.205,294.8105183798992,0.0,0.0,0.5579184631047928,739.2159124307203,0.0,0.0,-1.0,30.563437608298653
0.000647471143760786,0.002426876019830747,-0.205,294.79371367973334,0.0,0.0,0.5684699378258492,737.4573000874656,0.0,0.0,-1.0,28.978853617672748
0.0004409938788248335,-0.004967345638674086,-0.205,294.4896309275208,0.0,0.0,0.4839510463490922,740.1620189401114,0.0,0.0,-1.0,32.28541703556962
-0.0009199090987348607,0.0013859311480328325,-0.205,294.95144974384,0.0,0.0,0.5855894617354611,735.0805645066162,0.0,0.0,-1.0,27.856234519506394
-0.002778447476203694,-0.003908591929787348,-0.205,294.41003518474633,0.0,0.0,0.4922664457843456,733.2109905105127,0.0,0.0,-1.0,33.31776529620508
-0.0011262950104548705,-0.0033800839260068384,-0.205,294.7132790460073,0.0,0.0,0.5387412088359099,734.6110875632679,0.0,0.0,-1.0,30.31373473651226
-0.001730279295669523,0.0036066079097028247,-0.205,294.62161177374367,0.0,0.0,0.5236659722618286,739.3271853395327,0.0,0.0,-1.0,31.553378817923488
-0.002631519380055985,-0.0005627873037301338,-0.205,294.78777116703253,0.0,0.0,0.5640573567309615,740.381263272554,0.0,0.0,-1.0,29.308022973910077
-0.002869597389765617,0.0012014752852453586,-0.205,294.81524146347044,0.0,0.0,0.5526556872298348,739.1162485922665,0.0,0.0,-1.0,29.77201650847059
-0.0028312600421097683,0.005295739930991316,-0.205,294.19348534104387,0.0,0.0,0.4348226381115277,736.7465196112158,0.0,0.0,-1.0,35.11899672424652
-0.003687737098057176,0.0012424359068596393,-0.205,294.62745157718865,0.0,0.0,0.5275616430606185,741.0583211861905,0.0,0.0,-1.0,30.6518161027579
0.0013701954728238723,0.0051053475845289015,-0.205,294.28290951725523,0.0,0.0,0.4703684820227116,738.6270392046248,0.0,0.0,-1.0,32.5154646879948
0.0057309848890282926,0.0013770940061937013,-0.205,294.2954368394883,0.0,0.0,0.4405733165505811,739.1952479971554,0.0,0.0,-1.0,33.897480694698324
0.0018489668286287926,0.003063037592493986,-0.205,294.7109352405907,0.0,0.0,0.5382490547924633,735.246384974313,0.0,0.0,-1.0,29.336786324824963
0.0005143635359000395,0.0047194465122717705,-0.205,294.4003714004035,0.0,0.0,0.49431075559241205,737.5235610591266,0.0,0.0,-1.0,32.56196300962165
0.002068873527662526,0.002757643957788657,-0.205,294.6979927032162,0.0,0.0,0.5424547541786343,738.8503337041968,0.0,0.0,-1.0,31.652259021501017
0.002374961648624582,-0.0012056511254288703,-0.205,294.7621178209202,0.0,0.0,0.564753608962877,740.572707574077,0.0,0.0,-1.0,28.0805289871505
-0.0015402065683912658,-0.004915902053007519,-0.205,294.49689511166383,0.0,0.0,0.47656288851860484,736.8796458442578,0.0,0.0,-1.0,32.41656938263208
0.0025578432508849063,-0.0021656782250672707,-0.205,294.6026123870588,0.0,0.0,0.545458548121171,736.7878658643414,0.0,0.0,-1.0,31.18798735846642
0.0020157361796001847,0.005191992014760227,-0.205,294.2644776802044,0.0,0.0,0.4568388423933568,736.0496560775537,0.0,0.0,-1.0,33.65023654850767
-0.002783373651029451,-0.004568536643800955,-0.205,294.3354724533676,0.0,0.0,0.4673878855849732,738.6116792143494,0.0,0.0,-1.0,35.033226864234244
0.0011222236475536805,0.0038632940545146,-0.205,294.628454840338,0.0,0.0,0.5228371412093473,736.3168181680619,0.0,0.0,-1.0,30.903534905465005
0.005926838280104417,0.0015299156623701203,-0.205,294.274489477663,0.0,0.0,0.4287052979496439,737.544834719912,0.0,0.0,-1.0,33.990877055685075
-0.004789620437177063,0.00114034339470827,-0.205,294.4609310635942,0.0,0.0,0.48673747172164594,736.4115677829878,0.0,0.0,-1.0,31.04691230221118
0.0005292158455175176,0.00020662083714275735,-0.205,295.05350682383175,0.0,0.0,0.5981284406917222,737.4150407112998,0.0,0.0,-1.0,26.23883143954875
0.0051403132573293,-0.0028265662582281086,-0.205,294.27130801530484,0.0,0.0,0.44200482190489765,740.0445755466312,0.0,0.0,-1.0,33.83777918456638
-0.0002152317722064558,-0.005417829291295418,-0.205,294.53970579207123,0.0,0.0,0.4639543771284843,740.1989711852358,0.0,0.0,-1.0,33.74818263143594
0.0045024649977676795,0.0003619809623728816,-0.205,294.574455326481,0.0,0.0,0.5038432771378605,740.5212269403806,0.0,0.0,-1.0,31.324815228959853
-0.0024065421016175475,-2.4227845225162152e-05,-0.205,294.866784636608,0.0,0.0,0.5709293162123221,736.8958261936996,0.0,0.0,-1.0,30.413554044286453
0.0009720782178574976,0.00388958565182285,-0.205,294.5020461785971,0.0,0.0,0.5233382362389747,740.0092599888195,0.0,0.0,-1.0,31.15089859733056
0.0013857933352891965,-0.005057034452574939,-0.205,294.36820755478533,0.0,0.0,0.47234371769127387,736.2194067753954,0.0,0.0,-1.0,32.86354767443628
-0.004652212345915474,0.0024991162740096214,-0.205,294.44788916888007,0.0,0.0,0.4706036148480424,737.7986919220075,0.0,0.0,-1.0,32.617113410617215
0.000891664698947554,-0.001291608822907649,-0.205,294.899829344042,0.0,0.0,0.5870964109612707,736.2513839737262,0.0,0.0,-1.0,27.293911580884796
-0.0029279249948576673,-0.0019893595231280283,-0.205,294.62876245325924,0.0,0.0,0.5394897262357138,736.9918361848569,0.0,0.0,-1.0,30.757321295830543
0.0039803328119539716,0.004742135163314655,-0.205,294.3127243176308,0.0,0.0,0.4249599756358537,737.1499246847756,0.0,0.0,-1.0,34.648939343010554
-0.0018614934308676286,0.0013959464133304139,-0.205,294.8849119229636,0.0,0.0,0.5727356724088494,738.4048721836335,0.0,0.0,-1.0,28.526992194633788
-0.0008362161239599519,0.004093225280461658,-0.205,294.43127301286023,0.0,0.0,0.5170989218302176,735.7084775729749,0.0,0.0,-1.0,31.70924148627887
0.0022239434780949433,0.0051589016172660035,-0.205,294.3225004108158,0.0,0.0,0.4544713548521839,736.0951011785254,0.0,0.0,-1.0,33.75925573499296
0.0012532281914921226,0.003070084868735983,-0.205,294.68945333520975,0.0,0.0,0.546551081650043,740.9977893054933,0.0,0.0,-1.0,30.19630370864384
-0.004079566020579829,-0.00022333276271791215,-0.205,294.5623242532543,0.0,0.0,0.5205366242671632,739.828116294232,0.0,0.0,-1.0,29.58117743083943
-0.00557038329926363,-0.0030214357283439605,-0.205,294.09120862550816,0.0,0.0,0.4170418209653719,736.3790347933705,0.0,0.0,-1.0,35.05708382322309
-0.0034187763645852545,0.0027117668105614734,-0.205,294.66524170597336,0.0,0.0,0.509949418102799,735.8358583220621,0.0,0.0,-1.0,31.990260042229615
-0.0009531668848313982,0.0005545672638966617,-0.205,295.01693061242014,0.0,0.0,0.5934010146802707,738.0858171471897,0.0,0.0,-1.0,27.250681166889457
0.0013528470091040336,-0.0029700418419261517,-0.205,294.6351595614162,0.0,0.0,0.5481438792415545,739.6595981446741,0.0,0.0,-1.0,31.20276642459759
-0.0009695156229614453,0.006022388360362385,-0.205,294.1705305690223,0.0,0.0,0.42983007654216854,737.6806816502713,0.0,0.0,-1.0,33.961457302673644
0.0016559315334531601,0.00572586322082136,-0.205,294.1719139805999,0.0,0.0,0.43714404366313525,737.8604459477729,0.0,0.0,-1.0,35.15192160394955
-0.002724201921682345,0.0017372759734924483,-0.205,294.73065552425516,0.0,0.0,0.5491246081199288,739.2605668304542,0.0,0.0,-1.0,29.03151304168632
0.0011068148943246146,-0.0021565941671215076,-0.205,294.853735206732,0.0,0.0,0.5705293870781599,737.5699105666168,0.0,0.0,-1.0,28.770436157609105
-0.00135440862017336,-0.003855779854521576,-0.205,294.60526231063676,0.0,0.0,0.5204971693779582,738.9206198801926,0.0,0.0,-1.0,31.257882467277284
-0.0027444513999582906,-0.004998848918346939,-0.205,294.2482507013624,0.0,0.0,0.4502677829010159,738.8251023868812,0.0,0.0,-1.0,33.97939918948137
-0.004159361311905941,0.001283592410377451,-0.205,294.56707975607577,0.0,0.0,0.5103709498922048,734.8840184196388,0.0,0.0,-1.0,30.315188403438295
-0.005727888848548868,-0.002104166751932404,-0.205,294.1514706288395,0.0,0.0,0.4297123108147644,736.9295295576659,0.0,0.0,-1.0,35.68098588828034
-0.0015494436516945468,-0.004079715831632888,-0.205,294.5690731159387,0.0,0.0,0.5099352849935354,738.5786597550306,0.0,0.0,-1.0,34.20991308138665
0.0024433152140037754,-0.0019490215699680886,-0.205,294.65541991858504,0.0,0.0,0.5522359380379289,738.9876375566267,0.0,0.0,-1.0,28.77631329421308
0.0051583924077833465,-0.0023919887122335753,-0.205,294.20155187121674,0.0,0.0,0.4510984525989924,738.2703647064824,0.0,0.0,-1.0,33.190087334490855
0.0026365939378250667,-0.0031540472345212523,-0.205,294.51869068245213,0.0,0.0,0.5196012179844935,733.6118979568013,0.0,0.0,-1.0,30.66630109814694
0.0037914962094881912,0.003306679472558191,-0.205,294.51491257178685,0.0,0.0,0.48199880035887693,732.9453444856837,0.0,0.0,-1.0,30.69443767617111
0.004300974492330405,-0.0016018612495662537,-0.205,294.3101017312497,0.0,0.0,0.5008856961663025,738.3616739425095,0.0,0.0,-1.0,31.1586728713927
-0.0046594189248454175,0.0013488141950940536,-0.205,294.4928321932064,0.0,0.0,0.4898973829190528,740.9881541745825,0.0,0.0,-1.0,31.52981129782676
0.0012074864667702425,0.0017205051763425072,-0.205,294.84068912480006,0.0,0.0,0.5775226364111287,733.9111758318686,0.0,0.0,-1.0,30.576873354330043
0.0034913001617513815,-0.003845959892598923,-0.205,294.37370612824776,0.0,0.0,0.4746094999186887,734.6932189966698,0.0,0.0,-1.0,32.46525173881879
-0.0012965206470537277,0.0044097105700172,-0.205,294.4549022927567,0.0,0.0,0.5006078046700086,737.3704530416773,0.0,0.0,-1.0,33.02320959776533
0.002292908558376707,-0.003086461943605791,-0.205,294.5323605383131,0.0,0.0,0.5291957718590014,735.7936757374957,0.0,0.0,-1.0,30.348507094660462
0.004119361625308981,0.00038060571637431404,-0.205,294.5154702358744,0.0,0.0,0.5186327151337223,737.8833061491613,0.0,0.0,-1.0,30.272423158421685
0.004681604560726383,0.00017169300822772376,-0.205,294.4544692954395,0.0,0.0,0.49694469048483747,738.317578507333,0.0,0.0,-1.0,32.96481311679586
0.00032716180976576943,-0.0012729976008348995,-0.205,294.9569333556121,0.0,0.0,0.5907885755487047,738.3683236468801,0.0,0.0,-1.0,27.75721230821955
-0.0003858348350090976,0.006428262578326837,-0.205,294.10540074487136,0.0,0.0,0.41136277700769847,737.4861392001678,0.0,0.0,-1.0,34.96778908367507
0.0006085366657351962,0.0015191681231215444,-0.205,294.8438986281391,0.0,0.0,0.5860294031772186,733.5683150625787,0.0,0.0,-1.0,28.171126222941314
-0.0020628076653579535,0.002973270278161623,-0.205,294.70031821748523,0.0,0.0,0.5368995876117313,740.522114191633,0.0,0.0,-1.0,31.12254321141155
-0.0023397212961865487,-0.004098009967414095,-0.205,294.4703311044319,0.0,0.0,0.4955129039738835,736.1351546538242,0.0,0.0,-1.0,30.975531003853
0.0016771081826589484,0.005585124083481411,-0.205,294.2832696648684,0.0,0.0,0.4437761635338676,739.2287654948135,0.0,0.0,-1.0,33.9026275482459
0.0011907941431655567,-0.001575395378424599,-0.205,294.7429393738664,0.0,0.0,0.5800353108149873,735.0160603020639,0.0,0.0,-1.0,27.161692127299247
-0.0008539593493027943,-0.00035812939095618724,-0.205,294.91290142154145,0.0,0.0,0.5952647836350126,738.657473647118,0.0,0.0,-1.0,26.227035186451932
-0.00476174901098351,0.002737152436197642,-0.205,294.3859503316565,0.0,0.0,0.46058445274849336,742.2135215741743,0.0,0.0,-1.0,32.725778154661604
-0.0012781010586797514,-0.0018488425303371857,-0.205,294.7981187373369,0.0,0.0,0.5744708409779391,738.110944051172,0.0,0.0,-1.0,28.533365949087703
-0.0023878217874262505,0.004424839162155503,-0.205,294.44050241736574,0.0,0.0,0.4821258251600673,738.5191945482117,0.0,0.0,-1.0,33.5005690970212
0.0058558643759701896,-0.002785191693168781,-0.205,294.0431460615274,0.0,0.0,0.4088702691335952,738.5674020031239,0.0,0.0,-1.0,33.80821554403854
-0.002998730748826422,0.0038587142981992987,-0.205,294.5267039296028,0.0,0.0,0.4883306254022064,736.2766035724148,0.0,0.0,-1.0,31.875040541337075
0.0006490032298579149,0.005518548744325481,-0.205,294.24302634553254,0.0,0.0,0.45747196683074304,739.2829739141366,0.0,0.0,-1.0,32.86418689242369
-0.0035061456551958017,0.001108609281978859,-0.205,294.655274034145,0.0,0.0,0.5349485577434107,744.2564625994006,0.0,0.0,-1.0,31.21170411271166
0.004460482567140222,0.0008760339879758656,-0.205,294.6181974418608,0.0,0.0,0.502679047158568,738.2439810961963,0.0,0.0,-1.0,33.22831785710766
0.0016569555110161455,-0.002105273940284306,-0.205,294.72075798114884,0.0,0.0,0.5643589299126491,737.6248128191623,0.0,0.0,-1.0,29.19566705855764
0.001245781124473286,-0.004346822394481271,-0.205,294.58168577010605,0.0,0.0,0.5036480186618338,736.7872456213005,0.0,0.0,-1.0,33.61297093888675
0.0009692767663347321,0.006358872957047127,-0.205,294.03479603896085,0.0,0.0,0.41178051032531815,737.5385823460823,0.0,0.0,-1.0,33.73975119630922
0.00021491956406819807,-0.005997797531899495,-0.205,294.26836102592347,0.0,0.0,0.435001616328319,737.6699340390879,0.0,0.0,-1.0,34.249715604050834
0.0010055659077901334,-0.006266128751858002,-0.205,294.33187472047166,0.0,0.0,0.4165342181915331,735.9283712272957,0.0,0.0,-1.0,34.70532732075769
0.006304440983015966,0.00027412610758531254,-0.205,294.19607320473415,0.0,0.0,0.4185012405207524,737.5166329827798,0.0,0.0,-1.0,35.497655356484955
-0.002647930803707902,-0.0028884320987542732,-0.205,294.5533975154901,0.0,0.0,0.5266007150361225,735.6930520433745,0.0,0.0,-1.0,30.524756995735235
-0.0018194646536132068,-0.00446328663831012,-0.205,294.48762175753853,0.0,0.0,0.49122299529092966,736.0596131378094,0.0,0.0,-1.0,32.6457999844191
-0.0051843922136227604,0.0021594993795499722,-0.205,294.42846102258744,0.0,0.0,0.4545538438617113,736.7854784951501,0.0,0.0,-1.0,33.98271315993521
-0.004286343209409678,-0.002065646328078839,-0.205,294.4002879767502,0.0,0.0,0.4938569013551764,736.7671358102958,0.0,0.0,-1.0,33.59112491730994
0.0014184541952594464,0.0024009148800477934,-0.205,294.7532902042959,0.0,0.0,0.5615403121275662,736.0696419121026,0.0,0.0,-1.0,28.732084841289783
-0.0014066421386879613,-0.005787633020110235,-0.205,294.3045990245128,0.0,0.0,0.4373717207040559,739.7235641581559,0.0,0.0,-1.0,34.51309181592266
0.0042021183731666455,-0.002112408788795231,-0.205,294.3645358241501,0.0,0.0,0.4961723515751325,738.8726256915371,0.0,0.0,-1.0,34.31614140821234
-0.004717116546626749,-0.0025015098267575173,-0.205,294.3376959958357,0.0,0.0,0.4678719662560654,737.1477912875723,0.0,0.0,-1.0,33.76976954915863
0.0038602660939079203,0.00047036058832618287,-0.205,294.69580372396115,0.0,0.0,0.5276532548160086,739.0777328996297,0.0,0.0,-1.0,30.349358620447422
0.0002502346804184141,0.004940305869905828,-0.205,294.39551025177576,0.0,0.0,0.48572392932379216,737.7823765785861,0.0,0.0,-1.0,33.99485127094846
0.003627201331325883,-0.004949614348540777,-0.205,294.1784710537003,0.0,0.0,0.42789228156999864,736.6447712587526,0.0,0.0,-1.0,32.20373241055856
-0.0026972973375266407,-0.004411337838028246,-0.205,294.3800695179726,0.0,0.0,0.4756926286796235,738.5120166642721,0.0,0.0,-1.0,32.557965206201025
-0.0027048050577872604,0.0031732333735714022,-0.205,294.61274305469055,0.0,0.0,0.517407456657205,735.5099401754443,0.0,0.0,-1.0,30.998629440645963
-0.001234616325234485,0.0020907650335944042,-0.205,294.82733653521205,0.0,0.0,0.5704358243463141,737.1327847721877,0.0,0.0,-1.0,27.0952159227513
0.0063730716812785354,0.0010714273479151732,-0.205,294.13302320714496,0.0,0.0,0.41009874884304676,738.9771127089499,0.0,0.0,-1.0,35.79776023903842
-0.0051492348148353155,-0.0008978042899667612,-0.205,294.39148128578785,0.0,0.0,0.4731084637341513,740.5738834770226,0.0,0.0,-1.0,32.6677951789895
0.002346089381846559,-0.001277146914475996,-0.205,294.669799870648,0.0,0.0,0.5645591617012916,738.4121907855106,0.0,0.0,-1.0,30.36485164685143
0.004254203068223562,0.0039720109791300225,-0.205,294.3319247538585,0.0,0.0,0.44434875816571834,737.1428638133228,0.0,0.0,-1.0,33.04633700456574
0.00012168394871035299,0.0010511677532281866,-0.205,294.82844516759394,0.0,0.0,0.5938985257202363,734.6139207227366,0.0,0.0,-1.0,27.681457658577894
-0.0023933921757855188,-0.0016478647445889976,-0.205,294.6805872292232,0.0,0.0,0.5584112252041623,737.6144568506685,0.0,0.0,-1.0,28.886931419036813
-0.0004720527382981259,-0.0015345444536330678,-0.205,294.9367572476457,0.0,0.0,0.5865280557609086,738.4180969024231,0.0,0.0,-1.0,29.302083259286093
0.003819526682214412,0.0044058025382540545,-0.205,294.34053318756304,0.0,0.0,0.4438041945001889,739.9255388015226,0.0,0.0,-1.0,36.07409756687557
-0.003573529615174651,0.0003180145031282369,-0.205,294.6862495066524,0.0,0.0,0.537926612195289,736.8661502843855,0.0,0.0,-1.0,29.69273189235275
-0.00458778420754593,-0.0023443334467468566,-0.205,294.35797958811037,0.0,0.0,0.47653931932681115,734.3517108707697,0.0,0.0,-1.0,33.82999032776459
-0.003313026865171406,0.004634810688470526,-0.205,294.28695781280504,0.0,0.0,0.4505428651505639,736.779476536953,0.0,0.0,-1.0,33.855037985759544
-0.003922867868529725,-0.00444434770197196,-0.205,294.1891555925471,0.0,0.0,0.43882760624801226,739.1695680301011,0.0,0.0,-1.0,33.81326158817485
0.0024143945282402036,0.0035355462012343726,-0.205,294.5006197551579,0.0,0.0,0.5131526813051837,735.5090628141485,0.0,0.0,-1.0,30.95196837046693
0.005880247202331911,-0.000354627669204739,-0.205,294.23924006913455,0.0,0.0,0.44073684014050146,738.6458086893832,0.0,0.0,-1.0,34.783875444851404
-0.0027786458020989187,0.0027004877516044676,-0.205,294.7174654129316,0.0,0.0,0.5281504780226138,735.6004003722885,0.0,0.0,-1.0,30.78113101177932
-0.0020427608908734278,-0.005074901765336239,-0.205,294.3856936930011,0.0,0.0,0.46163292242703835,738.0198585482289,0.0,0.0,-1.0,34.058806575058
0.0012137644938537988,-0.004749773133355314,-0.205,294.5246029776452,0.0,0.0,0.48765772681022196,738.4022851523954,0.0,0.0,-1.0,33.11494787965066
-0.004568438277180334,-0.0006628246411969737,-0.205,294.4601841851424,0.0,0.0,0.49978806529546926,736.5740774590116,0.0,0.0,-1.0,30.616857987929105
-0.00015946961222772094,0.004358808979462709,-0.205,294.437611392439,0.0,0.0,0.5100260862238327,736.451730420405,0.0,0.0,-1.0,31.815523248651463
0.000521190937383525,0.00016256895676355118,-0.205,294.9723169318834,0.0,0.0,0.5982647328353403,735.649220729186,0.0,0.0,-1.0,26.029700448342258
-0.0007209434932952323,0.003960454894468851,-0.205,294.4885850752648,0.0,0.0,0.5227441314025953,739.7110649287205,0.0,0.0,-1.0,30.20975732243247
-0.00033900311106651546,0.0017120244488899542,-0.205,294.80635402290517,0.0,0.0,0.5842128914889221,740.7630492020824,0.0,0.0,-1.0,28.030974137876814
0.004306467989701876,0.0020943664131575163,-0.205,294.49376046520626,0.0,0.0,0.4925549636477723,737.9350185891038,0.0,0.0,-1.0,31.91164180694734
0.0033991679195818155,0.000480586238072129,-0.205,294.6844824126718,0.0,0.0,0.5429126793900809,736.4881238081144,0.0,0.0,-1.0,30.891139795082573
-0.0012830372567843834,0.0035393909425870847,-0.205,294.44632946295576,0.0,0.0,0.531975037143629,739.1095091071227,0.0,0.0,-1.0,32.00425967046127
0.003792315270147055,-0.00120311585004303,-0.205,294.57626833490207,0.0,0.0,0.5244472320555896,739.4035778342451,0.0,0.0,-1.0,31.17616440746953
-0.0035576874666171853,0.0009381180375082282,-0.205,294.61838804611807,0.0,0.0,0.534879395460855,740.5034113698573,0.0,0.0,-1.0,29.69290948787213
0.001964023276704425,-0.0014291928761696075,-0.205,294.73811884802603,0.0,0.0,0.5704148453910989,739.381712308838,0.0,0.0,-1.0,28.3535510726002
0.005807963042187806,0.0022187677964267427,-0.205,294.2837372538379,0.0,0.0,0.42355264884543514,736.0259405456027,0.0,0.0,-1.0,34.6434713717802
-0.0005748948226910941,-0.005907040097552033,-0.205,294.3228323049943,0.0,0.0,0.43846813094258014,737.6611795900998,0.0,0.0,-1.0,35.84003311279342
-0.004205859723328912,0.0002934058902201132,-0.205,294.57792605844236,0.0,0.0,0.5156484743381862,735.650612602607,0.0,0.0,-1.0,30.722203698066423
-0.0024781946439562086,-0.0009322238309109727,-0.205,294.7215117503692,0.0,0.0,0.5651480723000385,739.2545359995679,0.0,0.0,-1.0,29.737882168929485
0.0007813519086143914,-0.0015827808745781954,-0.205,294.94685424826883,0.0,0.0,0.5838696232291415,736.3208305667204,0.0,0.0,-1.0,27.94771063562032
0.004894184105221099,0.002839743663349607,-0.205,294.4039854684262,0.0,0.0,0.45247018349576035,738.4306688979517,0.0,0.0,-1.0,34.64703462236214
-0.0005630415029746316,-0.002402519569127581,-0.205,294.8731228472931,0.0,0.0,0.5695145656408508,736.2045478967182,0.0,0.0,-1.0,28.49691475158189
0.0017764384698719842,-0.006124150057103342,-0.205,294.2451679642539,0.0,0.0,0.41486673026456533,739.7293819077177,0.0,0.0,-1.0,35.25167042163156
0.0038530300876557532,-0.00434564218543164,-0.205,294.31333944623606,0.0,0.0,0.4449803182025967,741.4414575558325,0.0,0.0,-1.0,33.87496597787396
-0.00022741865616498222,-0.0039710501233038,-0.205,294.69198254156333,0.0,0.0,0.5244843441905077,740.1217143300802,0.0,0.0,-1.0,30.930997074717176
0.002464730881900817,-0.005605883485038719,-0.205,294.2420555327165,0.0,0.0,0.4285629579941712,738.3651098687092,0.0,0.0,-1.0,33.50961749478556
0.0035847658709911192,0.003352789833652541,-0.205,294.4810866387572,0.0,0.0,0.48739939775345154,735.3725792933155,0.0,0.0,-1.0,31.848122192201068
-0.0005435892004314137,0.0063037674732835305,-0.205,294.1029577836051,0.0,0.0,0.4175840503357121,737.4903787303118,0.0,0.0,-1.0,34.76361693421138
-0.003922032467609057,0.003232089905750298,-0.205,294.43634306277573,0.0,0.0,0.4797004585613752,736.2943100293816,0.0,0.0,-1.0,32.255164521676704
-0.0021327622510636853,0.00032588338063164844,-0.205,294.80508911366894,0.0,0.0,0.5763800782191532,735.9869754549437,0.0,0.0,-1.0,29.26508682602749
0.005581264351572867,0.0007934978654866707,-0.205,294.33478607065797,0.0,0.0,0.45350796746044275,735.7066581760585,0.0,0.0,-1.0,32.801080906457244
0.0022799629615457262,0.005691793375490903,-0.205,294.15611106072134,0.0,0.0,0.4281551130739621,737.4239193254873,0.0,0.0,-1.0,36.08989150151281
-0.0014655463532999785,-0.0010641013277847037,-0.205,294.76416505710426,0.0,0.0,0.5830619531697143,735.6496330565832,0.0,0.0,-1.0,28.205238300745137
-0.0032940980587630856,0.0015410401287417918,-0.205,294.76904166433866,0.0,0.0,0.5363029368276268,737.9065503289333,0.0,0.0,-1.0,31.071018435161527
-0.005517392002685662,-0.0014003232227672014,-0.205,294.21419404077864,0.0,0.0,0.450783896683699,734.1388614964384,0.0,0.0,-1.0,35.06779516022553
0.005991773483432665,-0.0015562665318962466,-0.205,294.19012806873013,0.0,0.0,0.42499286043271706,738.3126980989091,0.0,0.0,-1.0,35.590410138342456
-0.0003135276633167937,0.0004442871378285534,-0.205,295.02478603966733,0.0,0.0,0.5982778872880972,740.3582991677054,0.0,0.0,-1.0,25.12025305117374
0.00121049708168272,0.003412867291679274,-0.205,294.64414595385375,0.0,0.0,0.5368196903570844,735.4954079714839,0.0,0.0,-1.0,28.411817416385368
-0.00022309359568415337,0.0007428036780447843,-0.205,294.917075076744,0.0,0.0,0.5966188927635939,733.4322904726812,0.0,0.0,-1.0,24.649692088497304
-0.003768118037064874,-0.0035559380347407418,-0.205,294.36190553412825,0.0,0.0,0.47521521534128003,735.6390943439136,0.0,0.0,-1.0,32.261760766253495
-0.0002260532169064989,-0.004133705841816899,-0.205,294.59854924931807,0.0,0.0,0.5185215036689547,739.1485325569531,0.0,0.0,-1.0,30.037363666451732
0.0015139279241001523,-0.003780450256786744,-0.205,294.5903116272723,0.0,0.0,0.521029434160027,735.0583841411081,0.0,0.0,-1.0,34.21142475460647
0.002977698314443247,-0.002714215380504344,-0.205,294.51780060905725,0.0,0.0,0.5226141992131113,738.5285498347482,0.0,0.0,-1.0,31.816047530792776
-0.003823803785329426,0.0028740468332983096,-0.205,294.53617483398955,0.0,0.0,0.49277938544026667,738.3311756281473,0.0,0.0,-1.0,32.32579686942185
0.00507195283271313,-0.0001561710081171233,-0.205,294.36824642969896,0.0,0.0,0.4800529086881819,739.8189525374033,0.0,0.0,-1.0,31.48701033120679
-0.0004385092969817846,0.0025211000428266074,-0.205,294.7064387677527,0.0,0.0,0.5673349033682187,736.7472442566134,0.0,0.0,-1.0,28.56285067901103
-0.00037629752178961986,-0.0009394727027023585,-0.205,294.9464770961886,0.0,0.0,0.5943942345510609,741.2181501046161,0.0,0.0,-1.0,26.577011178450817
-0.0026621936502909766,0.005378760915511858,-0.205,294.1822664148996,0.0,0.0,0.43500780291189206,737.3686260391315,0.0,0.0,-1.0,33.7502180433903
0.003763558791428613,0.0007463897142067647,-0.205,294.5582574226015,0.0,0.0,0.5294788254145266,738.5294192728207,0.0,0.0,-1.0,30.07241104314764
-0.0005327051708545849,0.0029270634033714367,-0.205,294.6921041257486,0.0,0.0,0.5565058633863393,737.3768459047596,0.0,0.0,-1.0,28.611599408604267
-0.005819949948387301,-0.000987108000695418,-0.205,294.263115153232,0.0,0.0,0.4401128725108209,740.4105418195422,0.0,0.0,-1.0,34.40151740494936
0.0022410981677561427,-0.0005742996473060945,-0.205,294.75562679082105,0.0,0.0,0.5730299070363526,736.4209504494933,0.0,0.0,-1.0,27.812874632250043
0.003868603676336113,0.0028573014178697796,-0.205,294.56451096951577,0.0,0.0,0.4916728185801037,737.8602762410217,0.0,0.0,-1.0,33.057634119933745
-0.0006286563692245622,-0.0022223137342505923,-0.205,294.8143133169129,0.0,0.0,0.5731182533313984,740.8665252156255,0.0,0.0,-1.0,30.467017513309937
-0.004936639888894386,-0.004144040558292658,-0.205,294.0399013342334,0.0,0.0,0.4110514184477804,738.2789174484578,0.0,0.0,-1.0,35.0270499766799
0.005282651043573565,0.00317375820759717,-0.205,294.3168837089937,0.0,0.0,0.42648630591432407,736.4398226007954,0.0,0.0,-1.0,34.05188969311767
0.0003837167652696854,0.003214669828078309,-0.205,294.61649814838427,0.0,0.0,0.5489304717988287,736.6507749828301,0.0,0.0,-1.0,29.573658122594544
0.00485210260854204,0.0030925922500013637,-0.205,294.51036685327455,0.0,0.0,0.4477034661275956,737.4600654278677,0.0,0.0,-1.0,32.29625248101868
0.0045641961231510575,6.255156972920018e-05,-0.205,294.4833630614742,0.0,0.0,0.5019075681763343,735.74257202349,0.0,0.0,-1.0,31.27722545960082
0.005292057209400229,0.0004991584603994985,-0.205,294.4304883352345,0.0,0.0,0.4689892852944054,737.8855990355496,0.0,0.0,-1.0,33.03952799796167
0.0033815446247846435,0.002147462655067491,-0.205,294.619495245297,0.0,0.0,0.5234622642136394,740.3843650277354,0.0,0.0,-1.0,30.00397450017728
-0.002305165563016188,-0.002473742739434663,-0.205,294.6253703905073,0.0,0.0,0.5445342420803774,737.5043814744465,0.0,0.0,-1.0,31.627657258770203
0.00017267349897537483,0.0018492416748639047,-0.205,294.745720683024,0.0,0.0,0.5822321246932936,739.013816633799,0.0,0.0,-1.0,30.244894877663697
-0.0049121190372032235,-0.0010465860287459344,-0.205,294.43336919753483,0.0,0.0,0.48237671774384694,736.3566417136386,0.0,0.0,-1.0,31.20152047476482
0.005393399726456601,-0.0017302022021747898,-0.205,294.22451169361153,0.0,0.0,0.4521848845418941,739.1492972077749,0.0,0.0,-1.0,34.88839582944063
4.0657706464934825e-05,0.004636297453899887,-0.205,294.3654779765096,0.0,0.0,0.49895309118138736,739.4215233807872,0.0,0.0,-1.0,32.44078186393295
-0.0044031398993856505,0.00360034837684457,-0.205,294.35582789724094,0.0,0.0,0.45101301645495334,737.2831249354358,0.0,0.0,-1.0,34.803299592013644
0.0024383879074813043,-0.005038609846897685,-0.205,294.3479311525596,0.0,0.0,0.45546533927417254,739.2648159910225,0.0,0.0,-1.0,35.42138321248998
-0.0025770926626149902,-0.0021030309120694344,-0.205,294.6565285949775,0.0,0.0,0.546236462108561,738.7808783247943,0.0,0.0,-1.0,30.10005761606325
0.004807999037410429,-0.002560699808147407,-0.205,294.26502915949334,0.0,0.0,0.4627464232772335,737.0860337187488,0.0,0.0,-1.0,33.19604561472559
0.00010898430249663168,0.00411861403350453,-0.205,294.47982677898085,0.0,0.0,0.5192613058153539,741.6797180516479,0.0,0.0,-1.0,33.37509260134614
0.0034666736160323323,0.00016753523136724135,-0.205,294.6979879817299,0.0,0.0,0.54171417649317,739.9644356089542,0.0,0.0,-1.0,29.801656753134186
-0.00391894565009211,0.0009839636588738234,-0.205,294.6927611938265,0.0,0.0,0.5221946021984639,739.8349714324312,0.0,0.0,-1.0,30.86380987545798
0.00047921796216644503,0.0037311921357448033,-0.205,294.5438778775051,0.0,0.0,0.532075478433,742.0689973960206,0.0,0.0,-1.0,32.18578383211622
0.005131544185222891,-0.002121780232295155,-0.205,294.2515015228661,0.0,0.0,0.4576512843569534,735.0867126961898,0.0,0.0,-1.0,36.45601953343088
-0.001616200833331108,0.0038918312144536056,-0.205,294.60918067070565,0.0,0.0,0.5157246084363831,735.5095880133781,0.0,0.0,-1.0,32.46669229340688
0.005176181995372521,0.001337679755419275,-0.205,294.4497448358971,0.0,0.0,0.467548340739123,740.693908223407,0.0,0.0,-1.0,32.934641997045
-0.0015543338244886106,-0.005539233471284339,-0.205,294.38091845598393,0.0,0.0,0.44773827636529295,737.6799858663165,0.0,0.0,-1.0,32.82282740621274
0.004848022919657266,0.0002593070163418573,-0.205,294.36913634737255,0.0,0.0,0.4897147662161061,736.5573146588652,0.0,0.0,-1.0,33.08944908671789
0.002653107377526684,0.0019042446012898296,-0.205,294.8336484856125,0.0,0.0,0.5480801352820454,739.7106524445499,0.0,0.0,-1.0,28.269666829601913
-0.0005834132877642428,-0.005108825310628934,-0.205,294.4248241757475,0.0,0.0,0.47699535316903363,735.9054913230208,0.0,0.0,-1.0,34.215231780971024
-0.00057402877528297,0.0008493508161775567,-0.205,294.9559602500791,0.0,0.0,0.5942555101321506,741.249058057344,0.0,0.0,-1.0,26.22775511348934
0.0012314539481546025,-0.0008675550117429611,-0.205,294.7768414048158,0.0,0.0,0.588064727054629,739.145121888462,0.0,0.0,-1.0,29.289673199353068
0.0008749502719966246,-0.005265332567931783,-0.205,294.4890156781177,0.0,0.0,0.4679577140933716,738.169792943064,0.0,0.0,-1.0,33.84135246200191
-0.005156396837051589,-0.002576009772099849,-0.205,294.26543194229436,0.0,0.0,0.4471912102884828,735.9377114374801,0.0,0.0,-1.0,34.529288494103085
0.00032445712953091524,0.006427788478681782,-0.205,294.0779964200697,0.0,0.0,0.41157750763052176,737.5320536282741,0.0,0.0,-1.0,32.98467929083045
-0.002735921846182914,-0.004158943563744105,-0.205,294.4410054007358,0.0,0.0,0.48433639705491927,736.6572912197643,0.0,0.0,-1.0,33.55293040474809
0.0029972401093368915,0.002193939066180496,-0.205,294.7198907081795,0.0,0.0,0.5336935454144347,739.6844073611804,0.0,0.0,-1.0,32.12809515287562
0.004679756409321025,8.17070155842449e-05,-0.205,294.46159354350425,0.0,0.0,0.49712359640595927,738.510285052316,0.0,0.0,-1.0,30.86728627662984
-0.0026534712224059883,-0.0005789647900241567,-0.205,294.74250044551366,0.0,0.0,0.5634235246438062,734.065026617389,0.0,0.0,-1.0,29.108142943609177
0.0037152437580105207,-0.0016376038984879252,-0.205,294.55661336010843,0.0,0.0,0.5214773556304663,738.6230783583583,0.0,0.0,-1.0,31.94570103623827
-0.002433180049368132,-0.005044290171239041,-0.205,294.3573450444143,0.0,0.0,0.45532553538961906,743.5579657526345,0.0,0.0,-1.0,33.411275655928335
-0.006096079846109652,0.0014543147995719206,-0.205,294.2590705678915,0.0,0.0,0.4208571141403399,736.6775205220802,0.0,0.0,-1.0,34.721631817923274
0.003651041293143262,0.0007658283173885185,-0.205,294.65636823911666,0.0,0.0,0.5331467990636745,742.9367868187468,0.0,0.0,-1.0,31.367100475678726
0.0026102576943363093,0.003461623221649232,-0.205,294.64812613256805,0.0,0.0,0.5110524123711971,738.516074410893,0.0,0.0,-1.0,32.20022582758369
-0.00026675616434243256,0.0027710362970093712,-0.205,294.7129012494486,0.0,0.0,0.5616653171236888,736.0635289485898,0.0,0.0,-1.0,30.379767068631622
-0.003753413631223372,0.0008867533808850419,-0.205,294.6218592399517,0.0,0.0,0.5287828491458934,738.9608539820169,0.0,0.0,-1.0,30.835181740060133
-0.0031159005448577167,-0.005559906971253959,-0.205,294.14935165909117,0.0,0.0,0.41503778763112087,736.7005529160016,0.0,0.0,-1.0,33.61246404605168
0.0011633963790012435,-0.0008098878072049078,-0.205,294.81329822830526,0.0,0.0,0.589366386814468,740.0290463199971,0.0,0.0,-1.0,25.472586464737038
-0.004735277388256562,0.0019311745975680711,-0.205,294.45310327700025,0.0,0.0,0.4782693207709243,739.6539911801895,0.0,0.0,-1.0,33.95552114188669
-0.005405474031950206,0.003506650649756097,-0.205,294.2479875940608,0.0,0.0,0.41117126760675976,743.5145815617203,0.0,0.0,-1.0,32.987662180658944
0.00013097898907268678,-0.00382508688324848,-0.205,294.672331021269,0.0,0.0,0.5298112021543265,741.0752997860985,0.0,0.0,-1.0,32.48566973162233
-0.0005517968257783292,-0.0007122363838474895,-0.205,294.8869991561681,0.0,0.0,0.5955050763309887,739.9756029918029,0.0,0.0,-1.0,27.909170446145023
-0.0020936392418943977,-0.003819659474357192,-0.205,294.56438128903386,0.0,0.0,0.5102575856919438,737.8373593929649,0.0,0.0,-1.0,31.642042476758675
-0.004113899856085161,0.0035825475224929085,-0.205,294.4161661814017,0.0,0.0,0.4623739151621232,739.9426890010833,0.0,0.0,-1.0,33.48367543896364
-0.00039330702372142215,-0.0030426157677986526,-0.205,294.8397108269057,0.0,0.0,0.5538924028500594,742.3068443224801,0.0,0.0,-1.0,29.90809889443919
0.003504579197006523,0.002692078354156374,-0.205,294.65889204446484,0.0,0.0,0.5077599589991253,738.7266289766363,0.0,0.0,-1.0,31.803036457914917
-0.0034776015234650533,-0.0018165839874884479,-0.205,294.42734624261203,0.0,0.0,0.5264231071367111,740.721396681353,0.0,0.0,-1.0,30.340247854079045
-0.0007051945289991274,-0.0015935716139988346,-0.205,294.90414807861777,0.0,0.0,0.5842581006598631,735.612640734367,0.0,0.0,-1.0,28.855228015692177
0.0011506710263908065,-9.439368071944087e-05,-0.205,294.8920822043873,0.0,0.0,0.5927998714821486,736.3401618429317,0.0,0.0,-1.0,27.078338051421188
-0.001240124526425214,0.0041086717454200585,-0.205,294.4506667219444,0.0,0.0,0.5127489493623741,737.7639708531859,0.0,0.0,-1.0,31.86807875821458
0.003190273093205397,0.0016679937821999944,-0.205,294.7522037669236,0.0,0.0,0.5375198510327351,736.4911027934332,0.0,0.0,-1.0,29.187558307704638
0.004859556273427795,-0.0033908453347728036,-0.205,294.1445701206099,0.0,0.0,0.4389496058454086,740.458448744304,0.0,0.0,-1.0,33.70984817702977
-0.004122482818747825,-0.003106001027644792,-0.205,294.30010510529985,0.0,0.0,0.47610436940471207,735.2279572499505,0.0,0.0,-1.0,32.62619744372928
-0.005848983351968072,-0.000616758042408965,-0.205,294.23240480868344,0.0,0.0,0.4412254927523972,736.9997356591948,0.0,0.0,-1.0,33.25144746938408
-0.005139672412714253,0.0021966611790980393,-0.205,294.41769780427614,0.0,0.0,0.45586752887119536,740.4695504690902,0.0,0.0,-1.0,35.049730523838285
-0.0011320950634307293,0.0030692689354000604,-0.205,294.64787774009824,0.0,0.0,0.5479093810662647,736.914655958171,0.0,0.0,-1.0,30.43190043313464
-0.0034206089821273624,-0.005056732092725327,-0.205,294.2183212839925,0.0,0.0,0.4295607912568615,736.1845896131997,0.0,0.0,-1.0,34.94722489627953
0.0017263758477380274,0.0033727836350964267,-0.205,294.5883162840118,0.0,0.0,0.5311428783405263,737.5211131279106,0.0,0.0,-1.0,31.852880207746338
0.0024456347192163205,0.002297178973504612,-0.205,294.73573971699085,0.0,0.0,0.5453412227504966,738.8971248374654,0.0,0.0,-1.0,30.285795259192597
-0.0007045017321992546,-0.005519670744398672,-0.205,294.4464638389593,0.0,0.0,0.45708826150414067,741.8057297422915,0.0,0.0,-1.0,33.87746302199051
-0.003673854840578646,0.004492356588406699,-0.205,294.2757520322748,0.0,0.0,0.44520722930333984,739.9049588263729,0.0,0.0,-1.0,33.55452969540575
0.0032187371524438893,-0.0005119479458497194,-0.205,294.68535682795334,0.0,0.0,0.5482779417635165,736.7443340060292,0.0,0.0,-1.0,29.365655031792414
-5.857924980450791e-06,0.0015390980624813565,-0.205,294.7673069671868,0.0,0.0,0.5875669470985354,738.4535460440343,0.0,0.0,-1.0,27.819336718491712
-0.0034453692418565055,-0.00407166735278094,-0.205,294.3519759277001,0.0,0.0,0.4681348151987371,736.7613379701629,0.0,0.0,-1.0,31.6200991328245
0.0005774124642170901,-0.002398829423924234,-0.205,294.9136630935645,0.0,0.0,0.5695208831464522,736.5752419586322,0.0,0.0,-1.0,26.250140914629185
-0.00622119273032115,-0.0016683650276017397,-0.205,294.1133590135611,0.0,0.0,0.4112968686212793,735.8822175936311,0.0,0.0,-1.0,35.60671014535965
0.0005926446620769822,0.0026931370911586574,-0.205,294.7057729658151,0.0,0.0,0.5623497795040678,736.7400494508283,0.0,0.0,-1.0,28.73016139944214
0.0027951672451325335,0.0005870786061970604,-0.205,294.77454747317967,0.0,0.0,0.5597513599969692,741.5336778002736,0.0,0.0,-1.0,29.75117420507548
-0.001192310674000737,-0.0003502873887096738,-0.205,294.85278394115153,0.0,0.0,0.5917193859831683,737.5729631291562,0.0,0.0,-1.0,26.234545213390792
-0.0042968206882360365,0.00039031273628070576,-0.205,294.6070268739923,0.0,0.0,0.5118675167983122,737.5851003878715,0.0,0.0,-1.0,32.54138381161567
0.004415435736346859,0.002765105949066476,-0.205,294.46663118925693,0.0,0.0,0.47389745942752026,740.2893931823884,0.0,0.0,-1.0,33.14194351240016
0.0037923364620409293,0.005250202199480251,-0.205,294.24483750725403,0.0,0.0,0.40931075742778184,741.7984538615515,0.0,0.0,-1.0,36.8261627515206
0.004361760395564151,-0.0033625120047232715,-0.205,294.2959230439115,0.0,0.0,0.4598593141187323,739.2117499152407,0.0,0.0,-1.0,32.969238609153905
-0.002524455969383981,-0.00427648997287802,-0.205,294.3803049301469,0.0,0.0,0.48487223083194836,734.5735309158816,0.0,0.0,-1.0,32.45786100984366
0.0052589706410286,-0.0002943660469362767,-0.205,294.36492001459715,0.0,0.0,0.47124387406802004,737.1108542859756,0.0,0.0,-1.0,34.4101676703582
0.0007677726503621928,-0.006244479610460118,-0.205,294.31735743007306,0.0,0.0,0.4195324482039376,743.3131051520759,0.0,0.0,-1.0,33.917436224404305
0.004043952165016921,0.003313029147606901,-0.205,294.4369719588518,0.0,0.0,0.47306857898369126,737.4005123752542,0.0,0.0,-1.0,34.149904740338016
0.006119531469618203,-0.0009340024251471012,-0.205,294.19775039542344,0.0,0.0,0.4250027909896135,735.6431829742817,0.0,0.0,-1.0,34.12296096921283
-0.002788073632753338,0.0033672182144208647,-0.205,294.5957272261604,0.0,0.0,0.5096358496284289,738.8055098665707,0.0,0.0,-1.0,31.536565122148566
0.0013251751088175217,0.005052961030384909,-0.205,294.36086048260364,0.0,0.0,0.47325040042831934,739.6327823553141,0.0,0.0,-1.0,32.11505161522299
0.004473196125376329,-0.0029194651935993982,-0.205,294.33163170670565,0.0,0.0,0.4677662074755676,738.2709156127478,0.0,0.0,-1.0,34.416942177650235
0.004318911683336315,0.00021846392717097632,-0.205,294.5326747924256,0.0,0.0,0.5114820465830275,739.7785299819674,0.0,0.0,-1.0,32.49896362376243
0.0002109978670731674,0.00030278931802218013,-0.205,295.02120138972106,0.0,0.0,0.5991754090590321,737.9259050675616,0.0,0.0,-1.0,28.012246787248593
-0.0012870209769466033,0.003448527170335154,-0.205,294.56501877864963,0.0,0.0,0.5348265811334236,737.7817809148333,0.0,0.0,-1.0,31.18214670254688
-0.0013330899016926903,-0.0040943069987324785,-0.205,294.5616632123642,0.0,0.0,0.5122027845352802,735.6696007348609,0.0,0.0,-1.0,31.50481992235252
0.00502998459880317,-6.732799846559444e-05,-0.205,294.45272431476457,0.0,0.0,0.48201782171196395,738.9907347632173,0.0,0.0,-1.0,33.73390441977915
-0.001532390707173218,-0.0049449603217823265,-0.205,294.4687636017324,0.0,0.0,0.47540315361509,736.7785764169457,0.0,0.0,-1.0,34.08766131025689
0.006034133419793895,-0.0020893783827156064,-0.205,294.07500013994223,0.0,0.0,0.4143679529508178,738.7030850002227,0.0,0.0,-1.0,35.454649284813016
-0.0031364181306062734,0.0008523089882401863,-0.205,294.74178180969557,0.0,0.0,0.5485500186744762,737.7019610128082,0.0,0.0,-1.0,30.223895097340595
-0.005057689196233589,-0.003963894102474124,-0.205,294.09426417052396,0.0,0.0,0.41213527859483207,737.1879476664769,0.0,0.0,-1.0,35.800975810562385
0.0027597827149326813,0.0013840356411353853,-0.205,294.83883235525104,0.0,0.0,0.5533352710235372,735.9288728255068,0.0,0.0,-1.0,30.17913978980569
-0.004444580376140087,-0.003379088807839752,-0.205,294.1710872978323,0.0,0.0,0.45617003391528815,737.0496719632628,0.0,0.0,-1.0,33.06237222180828
0.004100991284196683,-0.001127415492553939,-0.205,294.4349261863045,0.0,0.0,0.5142342017277819,738.817037632266,0.0,0.0,-1.0,31.85384423074927
0.001675179719634242,0.0017749011730263814,-0.205,294.80524049373867,0.0,0.0,0.5701456563475858,736.4187951528361,0.0,0.0,-1.0,27.491801258431245
0.0015236098900398116,0.005793149910034992,-0.205,294.16765666859135,0.0,0.0,0.43560131092167403,736.6242445512627,0.0,0.0,-1.0,34.932043943853955
0.00033347541560375894,0.0008459238896999716,-0.205,294.9404831373079,0.0,0.0,0.5954260349429302,735.5319643901905,0.0,0.0,-1.0,25.705038351078365
0.004317368214686398,-0.0016060593020951358,-0.205,294.4339312296964,0.0,0.0,0.5001940664617908,734.5816668890977,0.0,0.0,-1.0,33.33984224068086
0.003205947613545146,0.004524453359642154,-0.205,294.3187321156792,0.0,0.0,0.458028123344765,739.6513457192345,0.0,0.0,-1.0,34.66698026736137
0.0038422303116013223,-0.003354945411389736,-0.205,294.34373028329173,0.0,0.0,0.47886147295079606,741.0580166932083,0.0,0.0,-1.0,33.53944894403155
-0.00015344600197142504,0.003788085908327288,-0.205,294.5651249526799,0.0,0.0,0.5310649747278844,739.0341225720123,0.0,0.0,-1.0,30.93883743985332
0.0009314941314808605,0.00384168267691763,-0.205,294.4564497636676,0.0,0.0,0.5253677133099456,740.1260688575899,0.0,0.0,-1.0,31.630595093276895
0.0032707931876016587,0.003921420867095132,-0.205,294.35468356099824,0.0,0.0,0.47860832172262896,740.214144421596,0.0,0.0,-1.0,32.985545852848055
-0.0021825782786629652,0.0030914170218068844,-0.205,294.6075225603479,0.0,0.0,0.5313048099338086,737.9160026119989,0.0,0.0,-1.0,32.81716148819717
-0.002498887533167275,-0.0023768903792287382,-0.205,294.6453751301,0.0,0.0,0.5424123957866507,737.5463320978914,0.0,0.0,-1.0,29.663958392062224
0.0005988653459562918,-0.0004210383538872253,-0.205,294.8985144884315,0.0,0.0,0.5969702595368317,737.8993850119781,0.0,0.0,-1.0,26.314201615475625
0.0054143095934125595,0.0027882050944182542,-0.205,294.31711838373207,0.0,0.0,0.43035272239632744,739.1307707150279,0.0,0.0,-1.0,33.19607621467819
0.0047881740305557126,-0.0010485303216651713,-0.205,294.4334006915315,0.0,0.0,0.4876912216404058,741.1581840536602,0.0,0.0,-1.0,30.643905755608408
-0.004932918670552798,0.0013008219075128977,-0.205,294.4950571961309,0.0,0.0,0.47882860184795584,739.1509121059172,0.0,0.0,-1.0,33.16720329824323
0.004704659573726761,-0.0008125357259800968,-0.205,294.4171647797306,0.0,0.0,0.49316931339535086,736.7028037732554,0.0,0.0,-1.0,33.487945458150115
0.003981409642710904,0.00012876429435556595,-0.205,294.5828517467542,0.0,0.0,0.5242701300421309,736.6518306584389,0.0,0.0,-1.0,30.990658395610694
-0.0006826534621159005,0.003686309299603716,-0.205,294.52320916176654,0.0,0.0,0.5325158179613892,736.0912662594501,0.0,0.0,-1.0,31.50522128485207
0.0009715576824100108,-0.0039428414689858995,-0.205,294.647302617742,0.0,0.0,0.5214540942898443,737.3916588051827,0.0,0.0,-1.0,30.702074895117157
0.0014607357595508397,-0.00016532776867597047,-0.205,294.88233129335475,0.0,0.0,0.5886052820733797,737.3064332212177,0.0,0.0,-1.0,26.714733898155117
0.002233093441995764,-0.0055304029640524145,-0.205,294.30807087552824,0.0,0.0,0.4369505063947397,737.6343419068497,0.0,0.0,-1.0,33.92533394052292
0.00443603099368885,0.0030214226179817462,-0.205,294.4232603680999,0.0,0.0,0.46655748503687106,735.8802423036752,0.0,0.0,-1.0,33.574279849913324
-0.004137702772372389,0.00035496886522269855,-0.205,294.58994405965535,0.0,0.0,0.5180339777702259,737.5485227246165,0.0,0.0,-1.0,31.859454129655226
0.001218142245079604,0.0038327981274018054,-0.205,294.5165902429019,0.0,0.0,0.5228834084423858,741.3117919756193,0.0,0.0,-1.0,31.087533454733027
0.0035438830406865295,-0.0012995668927158095,-0.205,294.52045824194806,0.0,0.0,0.5316353624945579,736.2249162329348,0.0,0.0,-1.0,32.251873887855
0.003759623130035669,-0.003988997879566916,-0.205,294.27420408073414,0.0,0.0,0.46110867231992725,737.6942560222174,0.0,0.0,-1.0,35.08952998047331
-0.0014988263956342528,-0.0032134599269260573,-0.205,294.65755835626953,0.0,0.0,0.5392947250241746,740.1016291307743,0.0,0.0,-1.0,29.21855300313032
0.0015026280914531905,0.005519084736555451,-0.205,294.20257557707845,0.0,0.0,0.4494032407261401,740.0268487617104,0.0,0.0,-1.0,33.45034253339175
-0.0015772213699911687,-0.0007518214790300759,-0.205,294.7893937576575,0.0,0.0,0.5841788600649628,742.3836054345957,0.0,0.0,-1.0,27.328856867577265
0.0017552473264332742,0.0006575761114031348,-0.205,294.9007136875628,0.0,0.0,0.5819201314528766,738.0932346940893,0.0,0.0,-1.0,29.347117134665986
0.0015823920135116904,0.0026390725453827885,-0.205,294.75422457191564,0.0,0.0,0.553629656557643,737.2801767803014,0.0,0.0,-1.0,30.452069226464385
0.005191778372803646,0.0024405779598993997,-0.205,294.37268943956434,0.0,0.0,0.4485603252504304,738.6332610872324,0.0,0.0,-1.0,33.090729119886944
0.002677731883005418,0.0042470943753966485,-0.205,294.352456343609,0.0,0.0,0.4824484711051306,739.2469862887098,0.0,0.0,-1.0,32.9752362981642
0.001508489719547104,0.00515904100609472,-0.205,294.1798522815155,0.0,0.0,0.46618838874290014,738.2387452113265,0.0,0.0,-1.0,32.43195971383001
-0.0034309110981565116,0.0007282271867611943,-0.205,294.7630125777467,0.0,0.0,0.5405400045798318,736.4566819876671,0.0,0.0,-1.0,30.06060339173267
-0.004845612977339847,0.0001613034158069523,-0.205,294.5040050378171,0.0,0.0,0.4900018543099807,737.1608955230573,0.0,0.0,-1.0,33.038213884794665
0.002821994323122083,0.004575891784833442,-0.205,294.32661848634723,0.0,0.0,0.46613914349497687,739.0672890677471,0.0,0.0,-1.0,32.209757630133005
-0.0002550978333644297,0.0015064470083227706,-0.205,294.8456660908316,0.0,0.0,0.5877385304733778,736.3428437668175,0.0,0.0,-1.0,29.209542063662955
0.0018503740308374599,-0.003923388597224281,-0.205,294.57050481681836,0.0,0.0,0.5109598887390185,742.2052520367937,0.0,0.0,-1.0,32.12695691390198
-0.00018595025436377355,0.0005060150864781204,-0.205,294.9882964424944,0.0,0.0,0.5983059059487537,739.0823540045851,0.0,0.0,-1.0,27.335543012859976
0.0013837814773959736,-0.0016149357112415484,-0.205,294.78684167065427,0.0,0.0,0.5770168730104872,739.1884681025275,0.0,0.0,-1.0,27.615061504128903
0.0027223710652737065,-0.0017934938985369646,-0.205,294.56015123112195,0.0,0.0,0.5482521999069521,737.5479186620564,0.0,0.0,-1.0,29.606120634921247
-0.000604081791739213,-0.0003099454905864832,-0.205,294.95956514545804,0.0,0.0,0.5973741812701228,737.133204580257,0.0,0.0,-1.0,25.91866178574353
-0.001944930336463212,-0.005480076935853699,-0.205,294.34826830105874,0.0,0.0,0.4446155559482902,738.8032842612713,0.0,0.0,-1.0,32.54087347891361
0.0020950647184713013,-0.004669588754115374,-0.205,294.5265526482928,0.0,0.0,0.4780833054287463,737.0052814463673,0.0,0.0,-1.0,32.07678736080733
-0.0010622769469786702,-0.004362102705272043,-0.205,294.6584272169725,0.0,0.0,0.5049487999310321,734.8275690491953,0.0,0.0,-1.0,29.76150992556837
0.0016437491396889732,-0.0007535551998064425,-0.205,294.78731930196477,0.0,0.0,0.5831128829291266,736.4945966325743,0.0,0.0,-1.0,28.884089974223386
-0.0014236448984912009,-0.003869383943877279,-0.205,294.6903757310718,0.0,0.0,0.519152693792975,736.8042020665115,0.0,0.0,-1.0,31.07425350416263
0.0004888024351245829,0.002522424957961986,-0.205,294.72603690514933,0.0,0.0,0.5670822748096089,739.834381814253,0.0,0.0,-1.0,28.837152104835873
0.003054516239278126,0.002566497441055844,-0.205,294.65649325887904,0.0,0.0,0.5240490079108128,737.5563241528544,0.0,0.0,-1.0,31.588019605270095
0.0016350997898244356,-0.0009878290360356987,-0.205,294.76785273897093,0.0,0.0,0.5812556043055546,739.0475347342835,0.0,0.0,-1.0,27.917185816800934
0.0032023559690511614,0.002782645588563249,-0.205,294.6177989468843,0.0,0.0,0.5146441137407702,741.5238913472799,0.0,0.0,-1.0,31.69790856578932
0.004158071116098526,-8.800999475894522e-05,-0.205,294.56073249208697,0.0,0.0,0.5178050225265415,738.9583471442915,0.0,0.0,-1.0,30.818337308936236
9.047566513932436e-05,0.0021049028648393326,-0.205,294.79424873403224,0.0,0.0,0.5774228911047614,740.7037110865543,0.0,0.0,-1.0,30.664536076303616
-0.0015558040596085519,0.005039772078210128,-0.205,294.36496293308005,0.0,0.0,0.4709070329793675,741.909947879986,0.0,0.0,-1.0,34.24912672288307
-0.0044444306916549174,0.004211746485061126,-0.205,294.2943271957034,0.0,0.0,0.42860228535739514,740.7816881317044,0.0,0.0,-1.0,33.15449048680264
0.0005271344719182811,-0.0034596921357296605,-0.205,294.80328752531483,0.0,0.0,0.5407885698004523,738.5023049989563,0.0,0.0,-1.0,29.58184044282982
0.005226923452788825,0.003712390829070508,-0.205,294.18191947186983,0.0,0.0,0.4129570151011446,738.321716735636,0.0,0.0,-1.0,33.8345278416108
0.0013047103544555673,0.004827303051541121,-0.205,294.38191615665727,0.0,0.0,0.4833476718972256,738.2858834255786,0.0,0.0,-1.0,31.363880930159418
-0.002165890914172475,0.003637254266469422,-0.205,294.55788776123285,0.0,0.0,0.5149933073488538,737.9349847916992,0.0,0.0,-1.0,29.788638013736815
-0.0032952754835013525,-0.0005934850891852954,-0.205,294.6022503978232,0.0,0.0,0.5455584626650268,734.6029993043253,0.0,0.0,-1.0,28.83132027660196
-0.0020710252978930585,0.002173868951613207,-0.205,294.706460630496,0.0,0.0,0.5557435553025796,737.1162838966721,0.0,0.0,-1.0,29.77761950612944
0.001714297486704836,-0.005571105114278373,-0.205,294.3451962612788,0.0,0.0,0.4439082939128037,733.6467537365286,0.0,0.0,-1.0,32.111217991599325
0.00465850558496506,-0.0015866353044983886,-0.205,294.36655341450904,0.0,0.0,0.4868340663485802,737.347668900858,0.0,0.0,-1.0,33.98931403850173
0.005691746376472621,0.0016603039544971145,-0.205,294.3004465872777,0.0,0.0,0.4387776426753431,738.155375585861,0.0,0.0,-1.0,34.2411448843428
-0.0043074292018137365,-7.278004234245766e-05,-0.205,294.5386563721906,0.0,0.0,0.5121183702709539,737.5549160701393,0.0,0.0,-1.0,30.651860957794916
-0.0039378694393255335,0.00016783559292150662,-0.205,294.5989804687984,0.0,0.0,0.5257816774585103,737.1998659229649,0.0,0.0,-1.0,30.90241802425719
0.0008956522917859389,0.0011637768859227703,-0.205,294.92518527399835,0.0,0.0,0.5886278869319063,739.0197198898207,0.0,0.0,-1.0,28.056929814982393
-0.00171787996792972,-0.005980393966055379,-0.205,294.2712342251846,0.0,0.0,0.4232887533471261,739.861990585389,0.0,0.0,-1.0,36.11491741437023
-0.00011422165397249647,-0.0004892637223652972,-0.205,295.01390130834517,0.0,0.0,0.5985181899374,739.667820879885,0.0,0.0,-1.0,25.413838841593396
-0.000839742665014053,-0.0016062399056361834,-0.205,294.93048535312556,0.0,0.0,0.5830372462785092,740.4606301295563,0.0,0.0,-1.0,28.41157252804448
0.0030087858318241637,-0.0031921797178083456,-0.205,294.49882446696625,0.0,0.0,0.5090462144089156,739.1781206566583,0.0,0.0,-1.0,32.62765936347456
0.004442730077519545,0.00037875254293131085,-0.205,294.56744777096355,0.0,0.0,0.5061815022828527,740.864759501805,0.0,0.0,-1.0,32.31014940304534
0.00043944180060947715,-0.002028807109752523,-0.205,294.9823710261074,0.0,0.0,0.5780497461581596,739.0190659296277,0.0,0.0,-1.0,25.66829157584069
-0.0022050663493303857,-0.005401403784973866,-0.205,294.2461836047058,0.0,0.0,0.443640099361577,738.7457017762171,0.0,0.0,-1.0,32.8690088095002
-0.0010422623715589418,-0.005788098731095437,-0.205,294.35601391188555,0.0,0.0,0.4412368256800084,736.7619866519428,0.0,0.0,-1.0,34.19191190907591
-0.002402080371747287,-0.0013455434765285018,-0.205,294.6980463694545,0.0,0.0,0.5624614426371101,741.0738277363341,0.0,0.0,-1.0,28.871955997646076
-0.0016544526086746394,-0.005456814427966932,-0.205,294.3671476815734,0.0,0.0,0.45029606926871746,736.8450875975748,0.0,0.0,-1.0,32.95036349110127
-0.00412005654149929,-0.0017883416629147911,-0.205,294.4132201036351,0.0,0.0,0.5048741685566528,737.4053882042707,0.0,0.0,-1.0,31.84655857944405
-0.0007471855925999471,-0.0004928358492216767,-0.205,294.8658099892798,0.0,0.0,0.5955607859125126,736.8945976594536,0.0,0.0,-1.0,26.807866605360655
-0.006309162506175986,0.0005429023199844781,-0.205,294.22277973439896,0.0,0.0,0.4172927298137124,735.7590603732924,0.0,0.0,-1.0,34.016287417900564
-0.00023449705091052925,-0.0018136482149046405,-0.205,294.94133754584743,0.0,0.0,0.582747307034106,738.6169268957085,0.0,0.0,-1.0,29.799981675899986
-0.006031697422367713,0.0014875481416390583,-0.205,294.2367881013879,0.0,0.0,0.4238180119654119,738.8581884633265,0.0,0.0,-1.0,35.87216836232479
0.0034091160290321294,-0.0035952872252665094,-0.205,294.4227847924923,0.0,0.0,0.4853738018416178,739.0212178677075,0.0,0.0,-1.0,30.962479201373906
0.0036976021771528574,0.0016527080216348245,-0.205,294.558711738679,0.0,0.0,0.5218442885637488,739.9692728548498,0.0,0.0,-1.0,33.46626447915643
-0.0041355886310710435,0.0029905465651064713,-0.205,294.522456558286,0.0,0.0,0.47873732201705554,735.7498367289427,0.0,0.0,-1.0,33.381668761971156
0.004605830175290533,0.0013861527903350158,-0.205,294.5440273826471,0.0,0.0,0.4916513497539881,736.5342626738708,0.0,0.0,-1.0,34.31952523027262
0.00022716272376548552,0.004765948722728907,-0.205,294.4190540515079,0.0,0.0,0.49329472425353543,738.0920389732537,0.0,0.0,-1.0,31.88597287057207
-0.0001877999343687581,0.0007903490360736075,-0.205,294.9125813639304,0.0,0.0,0.5963078202497042,739.1518018896469,0.0,0.0,-1.0,25.971489103251375
4.839107968527278e-05,-0.000252314146059196,-0.205,295.04223910903886,0.0,0.0,0.5995856585566026,736.7426668008162,0.0,0.0,-1.0,26.38226287423178
-0.0017825950543431757,-0.0052319724664430375,-0.205,294.42036605032195,0.0,0.0,0.45889498334520884,735.5023684790406,0.0,0.0,-1.0,31.377559293413594
0.001993428739951352,-0.0027620642150184894,-0.205,294.68416736746855,0.0,0.0,0.5437530492698548,737.5497567288216,0.0,0.0,-1.0,30.105140066120384
0.0021653736453847165,-0.0031719785059088723,-0.205,294.633411795509,0.0,0.0,0.5293476843297293,740.7593494276822,0.0,0.0,-1.0,31.668961021552253
0.002287596197143061,-0.002846611031228015,-0.205,294.65489739928444,0.0,0.0,0.535797911980906,739.3533679496553,0.0,0.0,-1.0,31.093116985369313
0.006117527990045383,0.0013335160331458369,-0.205,294.2990619463719,0.0,0.0,0.42118126496461994,736.3160727096683,0.0,0.0,-1.0,35.25763334483727
0.0019961080376806987,-0.0059590275630189695,-0.205,294.2207766510849,0.0,0.0,0.4199159750442199,738.7007655572439,0.0,0.0,-1.0,33.50240809523981
-0.002341885004374644,-0.00512494238942502,-0.205,294.3343551029474,0.0,0.0,0.4536423676045232,737.5036359450834,0.0,0.0,-1.0,32.84463847928179
-0.002503934794162431,0.0028268310565328966,-0.205,294.6291721408365,0.0,0.0,0.5315775548349474,739.6757827651276,0.0,0.0,-1.0,29.327957072350593
-0.006018872113281233,0.00044457285526294446,-0.205,294.1708442771529,0.0,0.0,0.43324095818271896,738.904001686943,0.0,0.0,-1.0,35.40142451173469
-0.00033700921509935335,-0.0032009372776996762,-0.205,294.84384838429673,0.0,0.0,0.5494942668507837,735.1960034672346,0.0,0.0,-1.0,30.03125471839985
0.00606619786957177,0.0008042962344496108,-0.205,294.2375284141817,0.0,0.0,0.42880260762808736,739.2068705481421,0.0,0.0,-1.0,35.257783071701965
0.005661385827867641,-0.000693762598572591,-0.205,294.2839767418251,0.0,0.0,0.45021489246705326,743.3460414161997,0.0,0.0,-1.0,33.057786106705386
-0.0005258049129922004,0.004968913968434138,-0.205,294.3495090464123,0.0,0.0,0.48351851429323456,734.2749530463609,0.0,0.0,-1.0,33.08954317474236
-0.002377256892708868,0.0008570346403497824,-0.205,294.86066815202014,0.0,0.0,0.568104883625816,736.004905660366,0.0,0.0,-1.0,28.56399216529358
-0.0024546759548715403,0.0008317907436465768,-0.205,294.93040132181704,0.0,0.0,0.5665341803991796,736.4620131541291,0.0,0.0,-1.0,27.982190296521317
-0.0031539016899999133,0.0041172235359543995,-0.205,294.4144506362151,0.0,0.0,0.474971380678617,736.2998743040428,0.0,0.0,-1.0,33.554605106371646
-0.0008294086236009778,0.005587022071276678,-0.205,294.2928504560997,0.0,0.0,0.4529712169871168,741.1054493861196,0.0,0.0,-1.0,33.16894386844118
-0.0016149501677965542,-0.0020503289406125762,-0.205,294.7876634237515,0.0,0.0,0.5660865886605353,739.8120199284442,0.0,0.0,-1.0,27.440068716820825
0.0037935716502900687,0.003210622175138,-0.205,294.4642381777105,0.0,0.0,0.48470354874950683,739.4026766042465,0.0,0.0,-1.0,31.381690391717033
-0.0032728590519128142,-0.001128014935027392,-0.205,294.673090053584,0.0,0.0,0.541998611540123,734.9597104493923,0.0,0.0,-1.0,28.79553019755698
0.003473578610189702,-0.005458402853423002,-0.205,294.1051281104703,0.0,0.0,0.4096844705294518,736.6560839598546,0.0,0.0,-1.0,34.526363917156075
0.005361516362906812,-0.0019524665330055845,-0.205,294.23010752683916,0.0,0.0,0.45010385220236104,738.3441221418169,0.0,0.0,-1.0,33.31417442724548
-0.00031964409305762384,0.003189783417910601,-0.205,294.6498889690571,0.0,0.0,0.5498772953458045,737.3175675742235,0.0,0.0,-1.0,29.471025360180988
-0.00045701998293962707,-0.0007148791687667129,-0.205,294.9011067587311,0.0,0.0,0.5959896194428037,737.371024586717,0.0,0.0,-1.0,26.368095440708768
0.0019046346444292217,-0.0026295238254724403,-0.205,294.7056109108569,0.0,0.0,0.5486495995536453,737.336996939923,0.0,0.0,-1.0,30.01212017739861
-0.0006687484165069042,-0.00625947367727001,-0.205,294.38307271538935,0.0,0.0,0.4193365306019465,738.3169509759763,0.0,0.0,-1.0,34.406199103865035
-0.0008730143510320272,-0.005472075100518326,-0.205,294.4381725196654,0.0,0.0,0.45821682118239493,733.69513897759,0.0,0.0,-1.0,33.66854592091173
-0.00015939456527399928,0.004913552025855859,-0.205,294.3634221865044,0.0,0.0,0.487059070260081,737.6371812937273,0.0,0.0,-1.0,32.9174944552375
-0.0017943875183457348,0.0022895481107403884,-0.205,294.71626371182606,0.0,0.0,0.5583266652630507,737.3437965775928,0.0,0.0,-1.0,28.944722058884604
-0.005049439114355772,0.0006453433645199292,-0.205,294.4925432947066,0.0,0.0,0.47932633792524376,739.6807563784364,0.0,0.0,-1.0,33.29632491924743
0.00495650909718685,0.00031723703170764584,-0.205,294.4366343821049,0.0,0.0,0.48484394785296425,740.6490825956159,0.0,0.0,-1.0,33.70712783932968
0.005727864345286164,0.0026300820169357065,-0.205,294.31439666283217,0.0,0.0,0.4189141695319905,737.0204072360157,0.0,0.0,-1.0,35.45777722544772
-0.004028723153953841,-0.0010377388888372881,-0.205,294.55228053360304,0.0,0.0,0.5177589272841512,737.3731746749077,0.0,0.0,-1.0,32.38762753553927
0.0028598376251382507,0.005729072280709417,-0.205,294.1269254370609,0.0,0.0,0.4133964170034281,737.8969505157664,0.0,0.0,-1.0,35.09090565725094
0.004564798344704253,-0.0017020548008441644,-0.205,294.400172168979,0.0,0.0,0.4889867667038206,738.5325313233856,0.0,0.0,-1.0,32.0257117277066
-0.0029341141006053494,-0.0043886260054414785,-0.205,294.3523197072824,0.0,0.0,0.4706900000762879,736.9217404727063,0.0,0.0,-1.0,32.69853479331217
0.0027499770000769166,-0.004094892090042345,-0.205,294.41480272566923,0.0,0.0,0.48633949453387176,736.8734955504182,0.0,0.0,-1.0,32.44244447747797
-0.003329912764100922,0.003143945603144757,-0.205,294.5332065397727,0.0,0.0,0.501295322549374,739.273902061332,0.0,0.0,-1.0,32.60546906397962
-0.004363020806625544,0.0020823644616780705,-0.205,294.50502651959397,0.0,0.0,0.4905967232923299,738.3364863127468,0.0,0.0,-1.0,32.47558396464809
0.003934209864477615,0.0006057903877023879,-0.205,294.6222588772628,0.0,0.0,0.5243753804972119,739.964195748776,0.0,0.0,-1.0,31.549732774786285
0.001123870487081706,-0.0014246924780068316,-0.205,294.84782763104914,0.0,0.0,0.5829996783838421,739.1575240163153,0.0,0.0,-1.0,26.254037069691766
-0.001692753547424518,0.006117709671424328,-0.205,294.1213835269435,0.0,0.0,0.4164638802432315,736.0319204887377,0.0,0.0,-1.0,35.378934727739974
-0.0050937333061945355,0.0013183788832222122,-0.205,294.4374525367166,0.0,0.0,0.4715048149078147,735.7176197758794,0.0,0.0,-1.0,32.5474989359427
0.001754792040529631,0.004969354951848112,-0.205,294.3324407410529,0.0,0.0,0.4711100224028895,734.5639667864714,0.0,0.0,-1.0,34.75090236987969
0.0003053008429031402,-0.000251283486542606,-0.205,294.96448970081116,0.0,0.0,0.5990599215275804,738.6441859390452,0.0,0.0,-1.0,25.460978749673696
0.0023457428617982496,-0.001680167692234341,-0.205,294.64591025116874,0.0,0.0,0.5589650107186488,740.2833548371293,0.0,0.0,-1.0,30.315330552344076
-0.0059542592176376015,-0.0003022457200912633,-0.205,294.159109259975,0.0,0.0,0.437070290936457,741.2030143534802,0.0,0.0,-1.0,32.78882759665349
-0.0026943887373167895,0.003307779833091773,-0.205,294.57439249331736,0.0,0.0,0.5137300654575065,742.2313022314131,0.0,0.0,-1.0,32.02605173439105
-0.0020746419538081656,-0.00040593713935839027,-0.205,294.8453969931739,0.0,0.0,0.5772773651304539,734.6310076168979,0.0,0.0,-1.0,29.258847805947102
0.005730119943819199,-0.0019118723298810997,-0.205,294.18366503838604,0.0,0.0,0.4329579883859796,739.5165832511138,0.0,0.0,-1.0,35.12822618059233
-0.0008083195060275268,0.0023011468010873085,-0.205,294.7229848386062,0.0,0.0,0.5701830076064646,736.3116611242685,0.0,0.0,-1.0,28.834660901853546
-0.0014910387600946529,-0.0027949395733187898,-0.205,294.73651860037666,0.0,0.0,0.5509992664338854,738.5065753669518,0.0,0.0,-1.0,31.47290045179493
-0.005135528985614056,-0.001365454681480174,-0.205,294.40017214419834,0.0,0.0,0.4690637475999704,737.0899287748149,0.0,0.0,-1.0,32.92989162221608
-0.00417492703239213,0.00368431332639466,-0.205,294.37599157904793,0.0,0.0,0.45690808572261415,735.1208507856225,0.0,0.0,-1.0,33.92937786710722
-0.006363795642771389,-3.9828578988956475e-05,-0.205,294.1836532227136,0.0,0.0,0.4155652127841652,739.2079274268973,0.0,0.0,-1.0,33.62922816010349
0.0054995533433347685,-0.0024713808320707023,-0.205,294.2157162788591,0.0,0.0,0.4335526287778266,735.8220981883743,0.0,0.0,-1.0,35.583098675234424
-0.0012742762519248542,0.0045457467006573505,-0.205,294.5114146519758,0.0,0.0,0.4954254843788054,735.2238825515117,0.0,0.0,-1.0,31.67743061939637
-0.006043377227680995,0.002208935310401224,-0.205,294.23126096721893,0.0,0.0,0.411663650581741,741.3948087844416,0.0,0.0,-1.0,35.33822659401865
0.004570988894020759,0.001235126571069979,-0.205,294.5255745611196,0.0,0.0,0.4948377047057448,738.6758469746666,0.0,0.0,-1.0,31.72315809851001
0.0007880567431487647,0.0004470846019543749,-0.205,294.9756324690128,0.0,0.0,0.5954569169438266,736.6556501030868,0.0,0.0,-1.0,25.73650379130541
-0.002682270441766896,-0.0008575785130975629,-0.205,294.72093138687586,0.0,0.0,0.5608189390078497,736.0967331611578,0.0,0.0,-1.0,29.53855826338152
0.0018445534304304867,-0.005797364660660554,-0.205,294.27252246061886,0.0,0.0,0.43068742778788877,741.1515489573277,0.0,0.0,-1.0,32.73815944562243
0.00108968849538674,0.003670004925524663,-0.205,294.54031825090595,0.0,0.0,0.5297751873661556,741.597142257329,0.0,0.0,-1.0,32.2169749526946
0.0040753787258322295,0.00474445398490822,-0.205,294.2487719796739,0.0,0.0,0.42154467201518536,739.2179671818665,0.0,0.0,-1.0,35.20094265247736
0.0003607895866940274,0.000959453000362509,-0.205,294.95654569591454,0.0,0.0,0.594256479435818,738.5418923543075,0.0,0.0,-1.0,25.908719063717545
0.003998614082506915,0.0029526530233398916,-0.205,294.5343500679735,0.0,0.0,0.4846689863978988,739.7567168029607,0.0,0.0,-1.0,32.59280476722244
0.006067607018514754,-0.0021734682330467547,-0.205,294.0584866851334,0.0,0.0,0.4110672604860885,735.6430270331184,0.0,0.0,-1.0,33.7607739261894
-0.00018747088966821084,-0.00023090847040843827,-0.205,294.9515052601658,0.0,0.0,0.5994527391797333,737.5734903100466,0.0,0.0,-1.0,24.262513812274943
-0.005759290852440161,0.0011790707074931957,-0.205,294.37998549038014,0.0,0.0,0.44136223345816195,739.1784712531048,0.0,0.0,-1.0,34.451565402331525
0.001570289406366554,-0.005895140466190125,-0.205,294.25958933767095,0.0,0.0,0.4297893766519945,738.8295685874721,0.0,0.0,-1.0,34.004649002467666
0.0032501608240226966,-0.005032662841345838,-0.205,294.2322294881135,0.0,0.0,0.43556097296980684,737.4986239626265,0.0,0.0,-1.0,35.25314280268242
-0.005475122346319105,-0.0012963683503490703,-0.205,294.22154819461554,0.0,0.0,0.45404495878427453,735.0007569936067,0.0,0.0,-1.0,32.93443724047956
0.0014210223937940684,0.0014966933381157456,-0.205,294.89014805490314,0.0,0.0,0.578290669549674,741.2341690275024,0.0,0.0,-1.0,27.95264112183552
-0.0049341721907585415,-0.0022415293790214352,-0.205,294.1869176667952,0.0,0.0,0.46408050483629354,737.3236249761875,0.0,0.0,-1.0,34.20535634190374
-0.00442988168811202,-0.0035095317502838435,-0.205,294.27003536857086,0.0,0.0,0.4528051532825018,738.1904483550321,0.0,0.0,-1.0,33.769975162164855
-0.001192243323828271,-0.00486249573797834,-0.205,294.510769712112,0.0,0.0,0.4830809548528256,735.0885679853021,0.0,0.0,-1.0,31.86878823484161
-0.0035137973276413927,7.220817065799788e-05,-0.205,294.61562470640604,0.0,0.0,0.5403080465551968,737.2991923268038,0.0,0.0,-1.0,30.73895446125971
-0.0028999334395072825,0.001903238214955384,-0.205,294.70532266408674,0.0,0.0,0.5417783685145426,738.716929662057,0.0,0.0,-1.0,29.813716591124077
-0.0012592195317475544,-0.0019344065994856196,-0.205,294.7838258117436,0.0,0.0,0.5731485344844819,736.8730936311767,0.0,0.0,-1.0,26.899303599713583
-0.002023325757037997,-0.003828709929790291,-0.205,294.53505551011256,0.0,0.0,0.511247593532404,740.3990857856409,0.0,0.0,-1.0,31.171575430079887
-0.003029960538129706,0.0020498800408884784,-0.205,294.77363568697615,0.0,0.0,0.535585824513313,733.7333268607404,0.0,0.0,-1.0,29.8230351729573
-0.0008173015722061017,-0.004194348677979803,-0.205,294.6429302155542,0.0,0.0,0.5134625990706562,736.9778457721781,0.0,0.0,-1.0,33.02983740789214
0.0031909312882162626,-0.0030372132504764746,-0.205,294.4990982022075,0.0,0.0,0.5083103945991277,733.9180365179261,0.0,0.0,-1.0,33.32049164692785
-0.0037410478324916103,6.814822781850547e-05,-0.205,294.68091075670685,0.0,0.0,0.5327658478028324,739.575957492231,0.0,0.0,-1.0,31.185593673172
0.0013960512518754313,0.0030274311326292966,-0.205,294.6608913493985,0.0,0.0,0.5460049684016022,736.0305277781324,0.0,0.0,-1.0,30.39832537235704
0.004971037168910916,0.00030044236352177805,-0.205,294.40072896480547,0.0,0.0,0.48425039843526063,735.8345946052854,0.0,0.0,-1.0,33.22390279376342
0.0006149133569343456,-0.00028787399677723395,-0.205,294.94790831448734,0.0,0.0,0.5973741333455825,738.6152619799169,0.0,0.0,-1.0,27.557130338162867
0.005592162637295487,0.0005213546040403644,-0.205,294.3483691654466,0.0,0.0,0.4545418696723285,739.1312719459172,0.0,0.0,-1.0,34.44119961893495
0.0006849135412322785,-0.005623217486361659,-0.205,294.4523581705015,0.0,0.0,0.4521528399141747,739.5445026070121,0.0,0.0,-1.0,33.55111244484771
-8.321314961266727e-05,0.004203945563019565,-0.205,294.5222526689676,0.0,0.0,0.5160779799175809,738.1476813744898,0.0,0.0,-1.0,30.292508426405753
0.0014397152730362302,-0.0025370381301135733,-0.205,294.7098458519797,0.0,0.0,0.5581045309362641,739.0155746194957,0.0,0.0,-1.0,27.54755341618214
-0.0032754250517749092,-0.0012703764860680059,-0.205,294.5329060933152,0.0,0.0,0.5403526714430849,740.0839574531549,0.0,0.0,-1.0,29.0409226613283
0.0046589222009938884,-0.003424024670211074,-0.205,294.2527002201467,0.0,0.0,0.44629455572898563,738.6271456319968,0.0,0.0,-1.0,33.58355542927398
0.004390422519090696,-0.002718099747847878,-0.205,294.4092639819356,0.0,0.0,0.47600819846802533,743.0693457875324,0.0,0.0,-1.0,32.328884539033375
-0.004518850997935531,0.004575430186930358,-0.205,294.28664598958716,0.0,0.0,0.4118677531440529,736.2072623219796,0.0,0.0,-1.0,34.23235859434262
0.0030865860542360606,0.004571526795328339,-0.205,294.35081740392417,0.0,0.0,0.45944486527013056,735.3706260462893,0.0,0.0,-1.0,33.55978096176295
-0.0031402067749682246,0.0049483515393339735,-0.205,294.3057406986899,0.0,0.0,0.44228928516603055,736.6141582743866,0.0,0.0,-1.0,31.72146643687802
0.0011332394089580175,-0.004187582830006178,-0.205,294.6385505807359,0.0,0.0,0.5109454166200801,736.985873349794,0.0,0.0,-1.0,31.838718547024445
0.002818934618730062,0.004456077711944089,-0.205,294.37023722919525,0.0,0.0,0.4709811285209696,736.8709047132804,0.0,0.0,-1.0,32.364979058811066
-0.0008298073297479215,0.005106638992746876,-0.205,294.3258016837437,0.0,0.0,0.4755555814694706,736.5395672214732,0.0,0.0,-1.0,33.570553356594246
-0.0015625222130569232,0.0021888329282635744,-0.205,294.8050591805276,0.0,0.0,0.5641005422128802,737.1591547196372,0.0,0.0,-1.0,29.668429043230166
-0.0018392014390864217,-0.005896916053102852,-0.205,294.26416638069867,0.0,0.0,0.42571757818442124,740.6182721714417,0.0,0.0,-1.0,34.06853550080803
-0.0016269883440376055,0.005295527135302259,-0.205,294.2295077033141,0.0,0.0,0.4582872764548465,738.9310633651539,0.0,0.0,-1.0,34.327969406133384
0.0017055155730424784,0.004919171935936297,-0.205,294.3872674039206,0.0,0.0,0.4740512735095271,736.3587276965698,0.0,0.0,-1.0,32.758208875899655
0.0009284298469404891,-0.00011123713086076689,-0.205,294.9554990204275,0.0,0.0,0.595176418954167,739.1475083550338,0.0,0.0,-1.0,28.58423113642693
-0.0004682573059709776,0.0032345004491931817,-0.205,294.6480515344641,0.0,0.0,0.5480055320521543,738.569749839965,0.0,0.0,-1.0,30.915824597720167
0.00022662791675646477,0.0013072046232256414,-0.205,294.85083937728695,0.0,0.0,0.5906235881863827,734.2619137629579,0.0,0.0,-1.0,26.56418118221875
0.0012417971236618932,0.0031243398706516075,-0.205,294.6776019719089,0.0,0.0,0.5451318493098852,737.1311447698488,0.0,0.0,-1.0,28.692110205027706
-3.779355588205393e-05,0.0050315347744107,-0.205,294.3660302931708,0.0,0.0,0.481962490528608,737.2388250882233,0.0,0.0,-1.0,33.58049822836697
0.0015692998156003916,-0.000831039808675901,-0.205,294.73080923002317,0.0,0.0,0.5836846392289934,738.1492279616772,0.0,0.0,-1.0,25.55339667542664
0.00323129004398501,-0.00022494978714236496,-0.205,294.6952932609012,0.0,0.0,0.5488818840367247,738.0648470287647,0.0,0.0,-1.0,30.90370403950403
0.003742789718370002,-0.004988016832071294,-0.205,294.2066935133847,0.0,0.0,0.42254059293962193,740.5099621743358,0.0,0.0,-1.0,34.331723299520505
0.005063014634029393,-0.0006855537150575817,-0.205,294.4566188282306,0.0,0.0,0.47848240758353633,739.5017785341432,0.0,0.0,-1.0,33.662944739804836
-0.0024540218596441326,-0.0057821284270121774,-0.205,294.2360284139803,0.0,0.0,0.42008588910191746,736.2028221531997,0.0,0.0,-1.0,35.635966293972935
0.0011771666269627995,-0.003993424251264067,-0.205,294.5994660522671,0.0,0.0,0.5176431600175045,739.3857770140264,0.0,0.0,-1.0,30.364234866258183
0.004155094241132036,-0.004308207949685429,-0.205,294.1615224335695,0.0,0.0,0.4358472802964324,735.7069335914331,0.0,0.0,-1.0,32.56793055938622
0.00204805524232526,-0.004512270758864447,-0.205,294.42939186378436,0.0,0.0,0.4853429483634608,735.5485426392104,0.0,0.0,-1.0,32.23729862130058
-0.004943663333133597,0.002453804960060576,-0.205,294.35827914820413,0.0,0.0,0.459290850351605,732.825318181707,0.0,0.0,-1.0,35.89174471883818
0.000985840277718322,-0.0017533796138113336,-0.205,294.81358354756827,0.0,0.0,0.5793241685360496,740.5034932720929,0.0,0.0,-1.0,29.592322990909306
7.770086596657364e-05,-0.002609926302270454,-0.205,294.8399947502997,0.0,0.0,0.5660589686718551,733.5581097073559,0.0,0.0,-1.0,29.44362089448041
-0.002451048754060889,-0.0059378712005061784,-0.205,294.24891505921704,0.0,0.0,0.4122507761986929,735.305425070838,0.0,0.0,-1.0,35.859861843236914
-0.0008968051014050267,0.003627315689543447,-0.205,294.5962435361307,0.0,0.0,0.5329410726059963,739.4582233979439,0.0,0.0,-1.0,29.60649789948486
0.0005569734565969456,-0.0009936655645917645,-0.205,294.95296670380355,0.0,0.0,0.5929814615329113,738.2044108214186,0.0,0.0,-1.0,25.635481464566702
-0.003296025677098294,0.000597850795675004,-0.205,294.71733942092516,0.0,0.0,0.5455116587151748,735.2100082491775,0.0,0.0,-1.0,30.270996584535027
-0.0006933107967548091,0.0013910843763510078,-0.205,294.87293759600726,0.0,0.0,0.5873330216509877,739.8907747748013,0.0,0.0,-1.0,26.41394391572944
0.00034764622267061113,0.0012433731115120152,-0.205,294.89227103460206,0.0,0.0,0.5910964391672028,737.8986470548328,0.0,0.0,-1.0,24.970960296059822
0.0010967218571137376,0.0029801718129541482,-0.205,294.68302534919184,0.0,0.0,0.5507704161525897,732.9881169424323,0.0,0.0,-1.0,31.144134939287696
-0.0059910445382201265,0.0002870126440705898,-0.205,294.3030019142929,0.0,0.0,0.4351964701584897,735.0227534291115,0.0,0.0,-1.0,33.98680045791171
-0.006136527014493864,-0.0007186462385341576,-0.205,294.17238386197965,0.0,0.0,0.42564322507598296,735.706009574592,0.0,0.0,-1.0,34.8937572755017
0.0019531156634555868,-0.0016151624115816618,-0.205,294.66933511848276,0.0,0.0,0.567926730110467,738.7500637205815,0.0,0.0,-1.0,31.048153930252667
0.0063256100534307014,0.000977375764995995,-0.205,294.1919107597724,0.0,0.0,0.41353622259972617,735.5189311961676,0.0,0.0,-1.0,36.282634225735045
-0.003638632689452463,-0.0010347068763605013,-0.205,294.55306138618954,0.0,0.0,0.5313514802422332,738.7739121529843,0.0,0.0,-1.0,32.27668038372489
-0.004294966032290601,0.004673027574106807,-0.205,294.281731317017,0.0,0.0,0.4164979210275979,739.048664925157,0.0,0.0,-1.0,33.39230817714193
0.005874160285123256,-0.002466571037192818,-0.205,294.16341441428904,0.0,0.0,0.41517478373263816,737.4420581508957,0.0,0.0,-1.0,34.44177556763459
0.0006190266920047704,0.0022750621858962667,-0.205,294.75125239492195,0.0,0.0,0.5720410883800034,736.7935163718869,0.0,0.0,-1.0,28.254079310841476
-0.005661810651986777,-0.0024037026860430966,-0.205,294.1993315289261,0.0,0.0,0.4271168131724142,739.9334237147655,0.0,0.0,-1.0,32.682939695036175
-0.0018928419038889278,0.0038786243342594146,-0.205,294.4467861054769,0.0,0.0,0.5118155003783705,736.0552399313033,0.0,0.0,-1.0,30.62192927925648
-0.0009233243117621353,-0.003428613192065412,-0.205,294.6978448211991,0.0,0.0,0.5391336864180191,740.6598677435996,0.0,0.0,-1.0,29.200627953356644
-0.003349077146923061,0.0027097648553012876,-0.205,294.6606231729477,0.0,0.0,0.5121188199171739,740.7176741711298,0.0,0.0,-1.0,32.037974371190465
0.0011845443937689016,0.006143413466949444,-0.205,294.210103840255,0.0,0.0,0.42143147868828934,737.9242734249178,0.0,0.0,-1.0,34.721790661239844
0.0007026518658442174,0.0020084544698950662,-0.205,294.78672522086794,0.0,0.0,0.5769939891593627,739.9300320835856,0.0,0.0,-1.0,27.54971899847785
0.004982820751305869,-0.0031401849470590244,-0.205,294.10777538833736,0.0,0.0,0.4407970231820146,740.6399127876276,0.0,0.0,-1.0,33.19464935193014
-0.001794554415091946,-0.0006310126731769121,-0.205,294.7698312345984,0.0,0.0,0.5814057061098284,736.3998840944234,0.0,0.0,-1.0,27.464399349464163
-0.005527988070901158,-0.0005119738658899726,-0.205,294.2922759453798,0.0,0.0,0.4577123676783148,738.272438474383,0.0,0.0,-1.0,32.52704061029691
-0.003670514831133139,-0.0007360467576295441,-0.205,294.6272123699721,0.0,0.0,0.5327003309361854,737.3107694556863,0.0,0.0,-1.0,29.719978626264286
-0.0006196701249120715,-0.0013770274348496529,-0.205,294.9826360069486,0.0,0.0,0.5880094431409456,739.4435780050122,0.0,0.0,-1.0,27.56598961615337
0.001731593048434568,0.002723330631917925,-0.205,294.7380057034998,0.0,0.0,0.5492378565767371,735.8246372676707,0.0,0.0,-1.0,29.914270986383325
-0.001119376811196381,-0.0041147687001889125,-0.205,294.61481386316274,0.0,0.0,0.513805769463803,734.2729866666529,0.0,0.0,-1.0,30.176176891535007
0.0031998153420444253,0.0011344972682111813,-0.205,294.7535704376821,0.0,0.0,0.5441070493091027,735.9156309559222,0.0,0.0,-1.0,30.396909641882452
-0.0018762710254977633,-0.004420627479185724,-0.205,294.4774678738406,0.0,0.0,0.4919750539956431,738.589965240272,0.0,0.0,-1.0,30.798636938125384
-0.004327587890152638,-0.0042257618125368605,-0.205,294.2489977297534,0.0,0.0,0.43254247893552983,736.2002760270401,0.0,0.0,-1.0,35.00792979321556
-0.006192257168848733,-0.0005021235650798044,-0.205,294.1997142611345,0.0,0.0,0.42380932266325244,737.4843264483196,0.0,0.0,-1.0,33.400380118512764
0.005984428261444554,-0.00017757146165449128,-0.205,294.19176842028406,0.0,0.0,0.43576262014079586,739.8803184543116,0.0,0.0,-1.0,35.191581847198044
-0.0031278697249463774,-0.002005651793610981,-0.205,294.4962355325855,0.0,0.0,0.5336506692626807,741.4415436366864,0.0,0.0,-1.0,30.438672090657207
0.0007039527818872494,-0.00409412404287614,-0.205,294.5733941188837,0.0,0.0,0.5179851533988513,737.6646629249921,0.0,0.0,-1.0,30.051832958328603
0.00021117181950119684,-0.0034160980041674483,-0.205,294.78353130460664,0.0,0.0,0.5432393906585838,737.4007461859762,0.0,0.0,-1.0,29.83288659676681
-0.003857068941806848,-0.0017899017948261055,-0.205,294.51149155842586,0.0,0.0,0.5142723345738961,737.5037784802561,0.0,0.0,-1.0,31.098636074320392
-0.005100795518739248,-0.0021805364520665195,-0.205,294.24446371052176,0.0,0.0,0.4579225216266869,740.9826547587893,0.0,0.0,-1.0,33.582935668779875
0.004336858078451116,0.0004269267089700538,-0.205,294.5619595497099,0.0,0.0,0.5101790386833935,739.1882147692403,0.0,0.0,-1.0,32.79023730865136
-0.0010124667210874166,0.000520727896041197,-0.205,295.07044511727315,0.0,0.0,0.5929883692476482,735.9787770024788,0.0,0.0,-1.0,26.112646222910602
-0.0038275338528445412,0.004662705926327203,-0.205,294.24324911312846,0.0,0.0,0.4333872051316872,739.9453425612495,0.0,0.0,-1.0,33.78949382061093
0.0031238932427478045,-0.00234245606232453,-0.205,294.5185832192383,0.0,0.0,0.5270947484661318,740.4466735671928,0.0,0.0,-1.0,32.12319418809286
-0.003556161108675175,0.0024308924243424098,-0.205,294.5947159587149,0.0,0.0,0.512135120068818,739.1385079301257,0.0,0.0,-1.0,31.11542079556503
0.0039850107481981005,-0.004210734033104803,-0.205,294.21631103998374,0.0,0.0,0.4455036576771535,738.2151662069542,0.0,0.0,-1.0,34.030884894351125
0.0005358833434689286,0.006189137078040803,-0.205,294.10968376120087,0.0,0.0,0.42382488371065624,739.3330251103716,0.0,0.0,-1.0,34.97482157505831
-0.0002967081765933768,0.00352667681063884,-0.205,294.53986067821836,0.0,0.0,0.5395117977755235,738.292316108726,0.0,0.0,-1.0,29.438115871665786
-0.002391430496613546,0.0038084270318769547,-0.205,294.51247309087864,0.0,0.0,0.5046500868094632,738.8073432250085,0.0,0.0,-1.0,33.06611678701753
0.0028130691302281565,-0.0002359735119071263,-0.205,294.696291812534,0.0,0.0,0.5606357817070076,739.1423002310339,0.0,0.0,-1.0,29.50273478276747
0.0004089312154906421,-0.0031078217318492056,-0.205,294.82241716761325,0.0,0.0,0.5519697814447455,738.4904745468868,0.0,0.0,-1.0,30.296155240096358
-0.001379125908970474,-0.0037467374485880786,-0.205,294.59195912853454,0.0,0.0,0.5239445179791701,740.7646198739682,0.0,0.0,-1.0,32.11457203697915
-0.005073212981567151,0.0032767253731493576,-0.205,294.3138091077694,0.0,0.0,0.4330237066222842,740.0526949275893,0.0,0.0,-1.0,34.05117628826749
0.003432636058178668,0.0023407141609133315,-0.205,294.66832757748114,0.0,0.0,0.5179646928384858,736.0485253355142,0.0,0.0,-1.0,33.2995163027333
-0.0002071122974514385,-0.0061265384940477705,-0.205,294.25386739908777,0.0,0.0,0.4282305572551928,741.6905044591346,0.0,0.0,-1.0,35.49478030440782
0.00032872177761617715,-0.003859596249859363,-0.205,294.69187606000895,0.0,0.0,0.5281912385790549,738.4664534812105,0.0,0.0,-1.0,30.91902410341561
-0.0034966212733769492,-0.0006800179691250464,-0.205,294.66653908122674,0.0,0.0,0.5387628626840599,740.9078777043512,0.0,0.0,-1.0,29.471082635259858
0.0014550553642492675,-0.004425431666293464,-0.205,294.6071979588063,0.0,0.0,0.4980391100512349,741.2615352438212,0.0,0.0,-1.0,31.47143660672712
0.0053503701310579944,0.0032882545819128625,-0.205,294.24032860876906,0.0,0.0,0.4201558669633017,737.5264549522855,0.0,0.0,-1.0,32.540477282089185
0.002093894929790564,0.0053387459212299836,-0.205,294.22815045541074,0.0,0.0,0.448666900063441,738.2693159667656,0.0,0.0,-1.0,33.58770640673622
-0.00398970102224861,-0.0019318590544230364,-0.205,294.4740173127479,0.0,0.0,0.5072196630336617,739.4468888859111,0.0,0.0,-1.0,33.05957249137833
-0.00019203432863453907,0.002069377101171494,-0.205,294.78712774804444,0.0,0.0,0.5780012055230581,741.33113596151,0.0,0.0,-1.0,28.702805816068256
-0.00013286874994490602,0.006432244426429429,-0.205,294.12231833436,0.0,0.0,0.4117085130052441,738.7815342771356,0.0,0.0,-1.0,33.91177996058516
0.004236830439032249,0.0029153312236513533,-0.205,294.4419204112829,0.0,0.0,0.4769537162993107,740.1643443736106,0.0,0.0,-1.0,33.21518482438082
-0.002838118770825561,0.0018478905630506203,-0.205,294.78623727497705,0.0,0.0,0.5443663766346396,739.7806243414318,0.0,0.0,-1.0,31.434496025724098
-0.001588508435488771,0.00532266198752474,-0.205,294.2650386362078,0.0,0.0,0.4575662358342284,739.9008647745618,0.0,0.0,-1.0,34.08456889563297
-0.0016094833479626618,0.0013077407315214137,-0.205,294.9045413387563,0.0,0.0,0.5780910984089733,735.0227971503762,0.0,0.0,-1.0,28.202238212817218
0.0010200950871653413,0.00308295888813632,-0.205,294.65146416689265,0.0,0.0,0.5486347880016934,735.9010263757978,0.0,0.0,-1.0,29.88495449202547
0.0008182932182200851,0.0024288174967432314,-0.205,294.8158480783999,0.0,0.0,0.5672376561313495,734.8096953689949,0.0,0.0,-1.0,28.562484910269358
-0.002450622154976589,-0.0041460861875128084,-0.205,294.47109519467324,0.0,0.0,0.4913822458156892,736.4473735502822,0.0,0.0,-1.0,31.64316435798272
0.0016971911020260244,0.006242524256281831,-0.205,294.0728968347466,0.0,0.0,0.409729145390326,735.8223677834108,0.0,0.0,-1.0,36.469812621440454
0.005942837558740985,0.0007522568367647984,-0.205,294.25425898637286,0.0,0.0,0.4355959328014786,739.1311239536312,0.0,0.0,-1.0,33.78555615125281
0.003840002505893386,0.0010770383707201171,-0.205,294.59799046048676,0.0,0.0,0.5241004491007369,735.4202404040398,0.0,0.0,-1.0,32.43813472793673
0.0030017014302829003,-0.002533023272139778,-0.205,294.5978420859911,0.0,0.0,0.5262745042882722,736.3478206445262,0.0,0.0,-1.0,32.25977902590248
-0.0029259047137009404,0.0019490498166269386,-0.205,294.72968345997805,0.0,0.0,0.5402725686952256,740.8707112524261,0.0,0.0,-1.0,30.622357669879925
-0.002456337575167152,0.0058742692055442315,-0.205,294.14893872592035,0.0,0.0,0.4153871826316127,736.8477167443465,0.0,0.0,-1.0,33.46645616689025
0.0001952631089679086,-0.005486395188856729,-0.205,294.4666686624003,0.0,0.0,0.46070562109145224,738.4399988656965,0.0,0.0,-1.0,32.30292922930842
-0.0040301300852092735,-0.0015134258883123936,-0.205,294.4249646572127,0.0,0.0,0.5122390984162807,735.2722507545408,0.0,0.0,-1.0,30.647259383189294
0.006466566838272323,-2.715009974463707e-05,-0.205,294.1957494022896,0.0,0.0,0.40986884416569036,735.5186862860473,0.0,0.0,-1.0,33.022502565770964
-0.0048199975650721925,0.0035659062286614775,-0.205,294.2858556298072,0.0,0.0,0.43531365948740397,738.2782561915527,0.0,0.0,-1.0,35.648763593575225
0.00026961084678725044,-0.004442240807765977,-0.205,294.61350965958815,0.0,0.0,0.5065182538882254,734.6640311504885,0.0,0.0,-1.0,31.392240229595256
0.0027005040546614167,0.002877815035541734,-0.205,294.64155997530594,0.0,0.0,0.5256021545539888,738.1345734783087,0.0,0.0,-1.0,30.372332169870546
0.002334394709736211,-0.0054811313093912906,-0.205,294.2655168499543,0.0,0.0,0.4372982910383114,738.2001006216078,0.0,0.0,-1.0,31.780592574094065
-0.004719002784171446,0.0025992256315162106,-0.205,294.46194065862153,0.0,0.0,0.4656001091598169,735.7270901538313,0.0,0.0,-1.0,33.31813178175805
