x,y,z,T,u,v,w,p,nx,ny,nz,qn
-0.003566525675204617,-0.013896279352965989,-0.205,284.60048411137956,0.0,0.0,-0.599968292587731,0.5428942422129124,0.0,0.0,-1.0,-26.62054905814911
-0.013615766842795482,0.009820038023395383,-0.205,284.4479559029658,0.0,0.0,-0.5781480272244724,1.5611965391746923,0.0,0.0,-1.0,-23.091461875297185
0.004490810842402724,-0.009361974509802999,-0.205,284.62172486138024,0.0,0.0,-0.5492627429990012,1.43683649446961,0.0,0.0,-1.0,-27.001601174248243
0.007872953526134301,-0.003539270621405216,-0.205,284.7801896240201,0.0,0.0,-0.4928888015220681,-0.5733264948815677,0.0,0.0,-1.0,-31.65949500352202
-0.0056936394396970074,-0.006971136922322196,-0.205,284.8682553952698,0.0,0.0,-0.5064929154801948,-1.047243174072387,0.0,0.0,-1.0,-29.981700691966665
-0.014944353043592451,-0.004116116079849542,-0.205,284.4947934440168,0.0,0.0,-0.5946903975422491,0.9506140240764251,0.0,0.0,-1.0,-24.07137488705774
0.0067856509340103585,0.012089305188020661,-0.205,284.62499985133303,0.0,0.0,-0.5994930345657136,2.1684888994407814,0.0,0.0,-1.0,-26.65836205242342
0.013573680766242656,0.005418800691722166,-0.205,284.6068457012907,0.0,0.0,-0.5995470445885119,0.8770014449123185,0.0,0.0,-1.0,-26.160728532058126
-0.009110615832509928,-0.008463810375473673,-0.205,284.69661484598845,0.0,0.0,-0.5888258503941386,1.1872382775811179,0.0,0.0,-1.0,-26.827092041526733
0.00046240615426890804,0.014968256963951215,-0.205,284.63357655659763,0.0,0.0,-0.5982142958632215,1.245569665849553,0.0,0.0,-1.0,-25.537483704413578
-0.01506788296400538,-0.007479908419201506,-0.205,284.5154695609664,0.0,0.0,-0.5775454729269679,-1.23030647651968,0.0,0.0,-1.0,-25.14001064577898
0.005974957725980892,-0.016820365264620853,-0.205,284.31148557768773,0.0,0.0,-0.5560177175060959,1.0425680466874991,0.0,0.0,-1.0,-23.10646084208232
0.0009497029880728064,0.015146858743551575,-0.205,284.5367809626502,0.0,0.0,-0.5970863044665216,0.48684753374000284,0.0,0.0,-1.0,-23.97502253747118
-0.00842528487752665,0.01757866208188662,-0.205,284.2443013961025,0.0,0.0,-0.5066977215260252,0.615012872697316,0.0,0.0,-1.0,-22.712208749060892
0.006856624627557254,-0.009453957195687134,-0.205,284.6461899208057,0.0,0.0,-0.5775620442822849,-0.14307512476006043,0.0,0.0,-1.0,-27.344457352526835
0.016348669891799728,0.006000039516338177,-0.205,284.4192314567394,0.0,0.0,-0.5660075099941622,0.9224994926500552,0.0,0.0,-1.0,-24.75689345560708
0.003207996527616458,0.018265849047371704,-0.205,284.37187561430767,0.0,0.0,-0.5373865283692841,0.23903145542005705,0.0,0.0,-1.0,-23.39741130194004
0.009794697670649364,-0.011481934268502301,-0.205,284.3184296201646,0.0,0.0,-0.5975936146164746,2.163544239989194,0.0,0.0,-1.0,-24.823502046716516
0.009156556192245298,-0.001870930217085655,-0.205,284.7337995719684,0.0,0.0,-0.5183786613109008,-0.5966467338136567,0.0,0.0,-1.0,-29.8649479681924
0.00974000697708971,-0.005166726800858321,-0.205,284.5905655346188,0.0,0.0,-0.5647168083669176,0.6161064424879562,0.0,0.0,-1.0,-27.290786019419485
-0.010184225732722586,-0.003731772743380939,-0.205,284.76824001191324,0.0,0.0,-0.5606873808995969,-2.1531407687250903,0.0,0.0,-1.0,-27.66056414338014
0.007084732732227262,0.016625091645096714,-0.205,284.40883953715803,0.0,0.0,-0.5504349910277834,0.06374698367897556,0.0,0.0,-1.0,-22.136264320874893
0.009084821467279474,-0.01715029807617215,-0.205,284.1907312594937,0.0,0.0,-0.5097175084265697,0.058012793868855154,0.0,0.0,-1.0,-23.270201591209933
0.011184636939802236,-0.0005663708090724344,-0.205,284.69529516292323,0.0,0.0,-0.5684099178643779,0.18545255307657837,0.0,0.0,-1.0,-28.556671065887425
-0.010892000566808129,-0.0002461532341965968,-0.205,284.7404847843217,0.0,0.0,-0.5617968883663783,-1.5846720396700653,0.0,0.0,-1.0,-29.095060747202446
0.018230668482815713,0.0015870815785245633,-0.205,284.3316815389462,0.0,0.0,-0.5443473605711825,0.046757994688010944,0.0,0.0,-1.0,-23.403693474604726
-0.0091134461487657,0.00907152909568297,-0.205,284.5514411917059,0.0,0.0,-0.5934315128459664,-0.06354660135953834,0.0,0.0,-1.0,-26.39478158131311
-0.013018105739394962,-0.0038575087175553966,-0.205,284.5684682424947,0.0,0.0,-0.5984657303521997,0.07838624352213334,0.0,0.0,-1.0,-27.87021562604018
-0.018007085933953886,-0.006435108782710679,-0.205,284.38051216429136,0.0,0.0,-0.5194359830698492,-0.8261546303137891,0.0,0.0,-1.0,-22.40271751659016
-0.004861935254044534,0.012943390145845498,-0.205,284.56693342862565,0.0,0.0,-0.5993911118989064,0.4299432104726839,0.0,0.0,-1.0,-26.29325164127323
-0.01153992880111115,0.0002817406696168449,-0.205,284.5837462690232,0.0,0.0,-0.5751391636871088,-0.7473212493011584,0.0,0.0,-1.0,-28.253166289471483
-0.003311489255491254,0.01968312401246155,-0.205,284.24943939578316,0.0,0.0,-0.4893655818643376,1.5671299272252126,0.0,0.0,-1.0,-20.604493169101517
-0.005979940020501836,0.010052129318686964,-0.205,284.5986653125091,0.0,0.0,-0.5778703603296454,-0.8518275427898183,0.0,0.0,-1.0,-26.690500812535443
-0.0001555508631401527,0.011160525464600262,-0.205,284.6704203839182,0.0,0.0,-0.5676315720470091,2.1263604682352586,0.0,0.0,-1.0,-28.458052600927
0.015060931190812319,-0.00901916698525732,-0.205,284.3441545682192,0.0,0.0,-0.5629325608607662,-1.11987260216953,0.0,0.0,-1.0,-24.29396896778362
-0.004435337377638508,-0.01523469065339838,-0.205,284.48595249590227,0.0,0.0,-0.5911246740166386,-0.9400350987921084,0.0,0.0,-1.0,-24.98519735283579
0.0070971843850632585,-0.011179992694617166,-0.205,284.52611403839313,0.0,0.0,-0.5965549342440561,1.6934615307681797,0.0,0.0,-1.0,-26.405155838443076
-0.008178824196319752,0.011099298712942362,-0.205,284.539070351632,0.0,0.0,-0.5992732328044523,0.237118253261587,0.0,0.0,-1.0,-26.170275413080997
0.002984421326637193,0.010941816166283138,-0.205,284.6834223122657,0.0,0.0,-0.5712929305350897,-0.2618027225164025,0.0,0.0,-1.0,-28.903165044127757
-0.01093334063370194,0.010732088360413247,-0.205,284.3865550175888,0.0,0.0,-0.5961115555465107,-2.0178717393967673,0.0,0.0,-1.0,-25.452544546179492
-0.007843693188430888,-0.007257347112567011,-0.205,284.730751962629,0.0,0.0,-0.5568967921773327,0.4809443631403691,0.0,0.0,-1.0,-27.238023687368084
0.0012296444474789298,0.016815958623590727,-0.205,284.4388318626654,0.0,0.0,-0.5768674637620609,-0.6008528254943519,0.0,0.0,-1.0,-24.40734042361876
-0.011421958094983033,-0.005869660616485197,-0.205,284.684728941452,0.0,0.0,-0.5932712770682709,1.82946802511102,0.0,0.0,-1.0,-26.375640983912398
0.0023621839509547684,0.017390589821988524,-0.205,284.3691932086332,0.0,0.0,-0.5630375936685946,-0.951421676994259,0.0,0.0,-1.0,-23.9612872609635
0.008685673460400058,-0.008902210007195656,-0.205,284.5507994834839,0.0,0.0,-0.5888510195014169,-0.6484966101794416,0.0,0.0,-1.0,-29.3281424960026
0.007753581559195747,-0.0142323743955898,-0.205,284.3372098494069,0.0,0.0,-0.5869983507630433,-1.0554177020345132,0.0,0.0,-1.0,-23.82654666586862
0.004134774203959371,0.014477289599588439,-0.205,284.5438626553795,0.0,0.0,-0.5977944798289819,-0.46365230088201703,0.0,0.0,-1.0,-25.59257862846841
0.011760910046733119,-0.014756581774800675,-0.205,284.3418851379402,0.0,0.0,-0.5275672132312705,-1.6242188026709097,0.0,0.0,-1.0,-22.757288441814403
-0.006034549539834629,0.00817719212216102,-0.205,284.67030592293696,0.0,0.0,-0.5433093410316706,0.6084041354185264,0.0,0.0,-1.0,-27.268791134738414
-0.013808608142603731,-0.003914390457025035,-0.205,284.54944515908494,0.0,0.0,-0.5999642042307433,1.479204163551149,0.0,0.0,-1.0,-27.742948256704743
0.018479738332050362,-0.0026588755889622308,-0.205,284.29419411152327,0.0,0.0,-0.5337006412521428,-0.11296202554276355,0.0,0.0,-1.0,-23.517689397216945
0.011536391015647686,-0.007783645357123447,-0.205,284.48043582784993,0.0,0.0,-0.5996229234825621,1.2440656464227604,0.0,0.0,-1.0,-26.78503271930663
0.0027274982572884627,-0.011899788564839133,-0.205,284.6469079008112,0.0,0.0,-0.5858546825456514,0.6634516844359029,0.0,0.0,-1.0,-25.903154157482604
0.015378220937548202,-0.0031810362093392074,-0.205,284.49732094554685,0.0,0.0,-0.5928277756205556,-0.10368312492263547,0.0,0.0,-1.0,-26.46703409406359
-0.015152601559437205,0.0025766827269761584,-0.205,284.45594390568573,0.0,0.0,-0.5957421804000274,1.1231962907911577,0.0,0.0,-1.0,-25.709370118198247
0.009075951314468035,0.00025091516773363584,-0.205,284.89613426819227,0.0,0.0,-0.509273146907025,-1.2251732153195214,0.0,0.0,-1.0,-30.090617950229067
0.0022209371536628417,0.013687697851858803,-0.205,284.71479020859533,0.0,0.0,-0.5995014449527666,0.9487963944725196,0.0,0.0,-1.0,-25.698628132614644
-0.000957254939878229,0.008567236504256084,-0.205,284.9186660076717,0.0,0.0,-0.49245526957466945,1.0440579579887517,0.0,0.0,-1.0,-30.222382831815928
0.0012327012115661289,-0.01802019526164881,-0.205,284.409887872223,0.0,0.0,-0.5506788436856027,-0.0945968373665188,0.0,0.0,-1.0,-23.239701493364414
0.011007008755798605,-0.012997548134249425,-0.205,284.41146362501416,0.0,0.0,-0.5737345442877155,1.7750541436147473,0.0,0.0,-1.0,-25.712512814599666
-0.01647706867004587,-0.010864840606230504,-0.205,284.37288061189304,0.0,0.0,-0.4978391458037338,1.9648913056540507,0.0,0.0,-1.0,-21.858334392936886
0.0170436271805568,-0.0036551590218616803,-0.205,284.39869939196154,0.0,0.0,-0.5656577465744093,2.541281454676441,0.0,0.0,-1.0,-24.824432918955583
-0.009817888376656213,0.007050709402786329,-0.205,284.55832672844923,0.0,0.0,-0.5841277122639333,1.240783860921948,0.0,0.0,-1.0,-26.477997441634447
-0.000382442612366484,0.009864729637871843,-0.205,284.695311935219,0.0,0.0,-0.5349599516385825,-2.2046730288077585,0.0,0.0,-1.0,-28.99382158086254
-0.008609426353961454,-0.000952815499996621,-0.205,284.9353725779232,0.0,0.0,-0.4940328050774725,-1.7474598599521451,0.0,0.0,-1.0,-29.58211085911646
0.00618601856073337,0.005873788903150341,-0.205,284.83298690799126,0.0,0.0,-0.4889843889541441,1.1576467442265357,0.0,0.0,-1.0,-30.559998629431952
-0.005411807726991231,0.018400311490975013,-0.205,284.385210298218,0.0,0.0,-0.5175311314397637,-0.13625926498431354,0.0,0.0,-1.0,-21.9873894724014
0.0030732067001572913,-0.014457356194107393,-0.205,284.42186098338254,0.0,0.0,-0.5990453640297017,0.763168170278728,0.0,0.0,-1.0,-24.127869053568663
0.0131382466690345,-0.00944495019037593,-0.205,284.39052843791416,0.0,0.0,-0.5873478593441956,0.02707385272141236,0.0,0.0,-1.0,-26.951721317057153
0.008695826278480336,-0.0014775337081162603,-0.205,284.88600728849417,0.0,0.0,-0.49995776875954007,0.6969597134829931,0.0,0.0,-1.0,-29.336159444866436
-0.016256821392247024,0.005556427488113154,-0.205,284.4486265545813,0.0,0.0,-0.570863201690123,-1.2947590050548963,0.0,0.0,-1.0,-21.570523526824214
0.00932629308246456,-0.014447455811755511,-0.205,284.3522487401742,0.0,0.0,-0.5705438005618289,0.2912298908509065,0.0,0.0,-1.0,-23.662328862222584
0.008407049161844553,0.01593401725531669,-0.205,284.45149168850963,0.0,0.0,-0.551873243132977,1.7905679935849161,0.0,0.0,-1.0,-21.180020682770575
0.011742582461753697,0.004379861038782423,-0.205,284.71047336033666,0.0,0.0,-0.5899932772029512,-1.4075619583525156,0.0,0.0,-1.0,-29.06449269770026
-0.010644943409707817,0.00466608222012658,-0.205,284.6548142792483,0.0,0.0,-0.5765751581686311,-0.3711271286153416,0.0,0.0,-1.0,-27.190229774850174
-0.008488159065247098,0.008269794966532096,-0.205,284.5653883594997,0.0,0.0,-0.5804639149006743,0.08219656744276058,0.0,0.0,-1.0,-25.20852095352951
0.005109382891216087,-0.011919733620567939,-0.205,284.5873098722171,0.0,0.0,-0.5944282226728103,-1.9690651163812187,0.0,0.0,-1.0,-25.11724546056281
0.015201147287808551,-0.0023879103018027426,-0.205,284.47312381909364,0.0,0.0,-0.5956085738136314,-0.4673482695509062,0.0,0.0,-1.0,-26.2701602066182
0.0031468216947849533,-0.01575525061728749,-0.205,284.5352186744808,0.0,0.0,-0.5888030945887646,0.9904025655287043,0.0,0.0,-1.0,-22.643521185158665
-0.011984651233703897,0.0022681453071053364,-0.205,284.5353209093726,0.0,0.0,-0.5857021872287277,0.18269767500645306,0.0,0.0,-1.0,-27.68385198747652
0.002271184263235914,0.013699327422741011,-0.205,284.6283681699972,0.0,0.0,-0.5995511524363123,0.5509653684298682,0.0,0.0,-1.0,-27.25394344223413
0.013993823320814964,0.01054844353984646,-0.205,284.44426950595846,0.0,0.0,-0.5636201195253112,-1.3399259713097253,0.0,0.0,-1.0,-23.587550397716196
-0.010792055250587577,-0.011941219240946445,-0.205,284.5844733093216,0.0,0.0,-0.5884434670892192,0.6354902683727891,0.0,0.0,-1.0,-24.02686617218094
-0.010647574358484426,0.0003691037601480968,-0.205,284.80911006875243,0.0,0.0,-0.5561162458084085,1.2818020183743082,0.0,0.0,-1.0,-27.815601388600346
-0.01614234872157569,0.011757807071037643,-0.205,284.16566012686,0.0,0.0,-0.48894775335801877,-1.6369802737462797,0.0,0.0,-1.0,-22.704012792887802
0.008014590498336211,-0.008761569036348353,-0.205,284.59720044886666,0.0,0.0,-0.5808466751049431,0.6429417245620561,0.0,0.0,-1.0,-28.68554746746322
-0.013213379244432276,0.004914597408217289,-0.205,284.62950300532503,0.0,0.0,-0.5999213405706161,1.440125346740229,0.0,0.0,-1.0,-26.49494191486059
-0.013779774629358643,-0.01440750049274093,-0.205,284.4440863032227,0.0,0.0,-0.49027006068401396,-0.3512650469696099,0.0,0.0,-1.0,-21.093139699802833
-0.011192428013658533,-0.006846784222467055,-0.205,284.68820974769494,0.0,0.0,-0.5956709835960091,2.3056575010560034,0.0,0.0,-1.0,-27.120506656380655
-0.008782063440354024,0.004643139688193297,-0.205,284.7555503666225,0.0,0.0,-0.5367835824655106,0.5174632003249695,0.0,0.0,-1.0,-30.200255172084333
-0.005497202517512544,0.01076052920133634,-0.205,284.52246075355174,0.0,0.0,-0.5840698398520191,-0.08298075644461013,0.0,0.0,-1.0,-28.06984907623314
0.005857436058385776,-0.016793974690861618,-0.205,284.49128415081384,0.0,0.0,-0.5575655474646851,0.40727588787540653,0.0,0.0,-1.0,-23.1273968648071
-0.009271736661199527,-0.009183321972407668,-0.205,284.72995844001156,0.0,0.0,-0.5951120078881008,-2.0145578114104543,0.0,0.0,-1.0,-28.493372788624136
-0.016057793380688835,-0.0018733995216412222,-0.205,284.4181544625683,0.0,0.0,-0.5875328332665514,-1.122355403691482,0.0,0.0,-1.0,-24.795633274409894
-0.01734615148448241,0.008109470273798007,-0.205,284.2208288387475,0.0,0.0,-0.518581110041343,-0.562392091986366,0.0,0.0,-1.0,-22.55646247006299
0.012691000090230333,-0.012782432944150744,-0.205,284.3351908243081,0.0,0.0,-0.5519578447880188,0.8436553052321972,0.0,0.0,-1.0,-23.75765489011785
0.01491142028557673,-0.0016467188933908677,-0.205,284.5620508928648,0.0,0.0,-0.5980805579835881,-0.7213895163284165,0.0,0.0,-1.0,-25.301693783363607
-0.008548048419874908,-0.014577421552928946,-0.205,284.4696667380008,0.0,0.0,-0.5761897296193413,2.3823161040917844,0.0,0.0,-1.0,-21.982793579047847
0.004035619196861731,0.013155774981104413,-0.205,284.59478223995563,0.0,0.0,-0.5991879847378929,1.9681468593428635,0.0,0.0,-1.0,-26.129008753148145
0.00771894082854014,-0.010281876874693865,-0.205,284.5680551388457,0.0,0.0,-0.5934136914574916,0.15908609831581966,0.0,0.0,-1.0,-26.30868825792582
-0.0006656007785127238,0.011906006182927927,-0.205,284.6410523234933,0.0,0.0,-0.5816492542477825,1.7243709728105705,0.0,0.0,-1.0,-26.738134585776564
-0.008410809847542727,-0.011664428784808658,-0.205,284.63513701892333,0.0,0.0,-0.5999421499005949,-0.6881667335688719,0.0,0.0,-1.0,-26.364702176512793
0.012945877164699747,-0.008020611466063024,-0.205,284.4700574468325,0.0,0.0,-0.5967466964995752,0.4442660996124925,0.0,0.0,-1.0,-26.11727211921937
-0.005440140202461307,-0.010673433196037328,-0.205,284.718080925341,0.0,0.0,-0.5825112664275621,2.066889737430517,0.0,0.0,-1.0,-27.86317305543862
0.0153873837010262,0.00065295383416055,-0.205,284.49116573667743,0.0,0.0,-0.5955023842106595,-1.5922716063400577,0.0,0.0,-1.0,-25.75015278184531
0.01506876179720206,-0.008303450250931765,-0.205,284.31975903904566,0.0,0.0,-0.5703655804827161,1.6784065456407955,0.0,0.0,-1.0,-25.78301564646845
0.00115524285068187,0.01312573638032941,-0.205,284.67450367275137,0.0,0.0,-0.5960890702531271,-2.3473289086209714,0.0,0.0,-1.0,-26.072583255358484
0.007086528911640633,-0.016017411869594367,-0.205,284.2974662185067,0.0,0.0,-0.5638230231191699,0.2783029368536714,0.0,0.0,-1.0,-24.21998341592854
0.01777175958625782,0.0034157712013655707,-0.205,284.50053482676634,0.0,0.0,-0.5497760300087712,-0.5758156596697438,0.0,0.0,-1.0,-22.689597246592466
0.008838296962282208,-0.017070518795613193,-0.205,284.34150256463545,0.0,0.0,-0.5160794085006146,-0.9424280925926772,0.0,0.0,-1.0,-22.592323811293284
-0.007158817158322259,-0.010938547359825135,-0.205,284.74007829869214,0.0,0.0,-0.5952979151508426,0.42830021313721683,0.0,0.0,-1.0,-26.216036769660086
0.013101176696465397,-0.014024386097467843,-0.205,284.34420624421466,0.0,0.0,-0.5171250760487794,0.023816917850420945,0.0,0.0,-1.0,-23.119650307529703
0.004061561456905792,-0.01956004405078865,-0.205,284.23927215090015,0.0,0.0,-0.4886850293798314,2.3894303728917237,0.0,0.0,-1.0,-22.75947099072852
0.018099880836582267,-0.004369754386213986,-0.205,284.360358107867,0.0,0.0,-0.5351964341590782,-0.29310529225459847,0.0,0.0,-1.0,-22.479999115733765
-0.015414114070858733,-0.007089021916399033,-0.205,284.528207200927,0.0,0.0,-0.5749646142664694,0.045332373974028096,0.0,0.0,-1.0,-21.483912234454845
-0.007596931716153358,0.015354973962445404,-0.205,284.349839021784,0.0,0.0,-0.5718228479531896,1.096100130102933,0.0,0.0,-1.0,-25.594030556387654
-0.01522579372779059,-0.011120749450385133,-0.205,284.4605133029613,0.0,0.0,-0.5280483769853297,0.8971796185978339,0.0,0.0,-1.0,-23.791063226064534
-0.0058412957528952035,-0.01586038401531398,-0.205,284.5104927390456,0.0,0.0,-0.5761353582100566,0.39456002596980067,0.0,0.0,-1.0,-23.123226713197454
-0.0038718117603755054,-0.01818591600092797,-0.205,284.422820521463,0.0,0.0,-0.5359767040045865,0.38657689326997285,0.0,0.0,-1.0,-24.742736087918658
-0.008060199160889403,0.017689950365735153,-0.205,284.2775743844637,0.0,0.0,-0.5086016596824909,0.24299291861317723,0.0,0.0,-1.0,-22.58780606696844
-0.00811762209575921,-0.016818531327217067,-0.205,284.43491425985934,0.0,0.0,-0.5335491834411396,0.03172508824822003,0.0,0.0,-1.0,-23.348831837919537
0.010483039951087219,-0.005327559097805446,-0.205,284.48073601767715,0.0,0.0,-0.5789447134214716,-1.2548105873693582,0.0,0.0,-1.0,-28.64846651732196
0.00842010335475218,0.01368510563160581,-0.205,284.52813012680446,0.0,0.0,-0.5887839622101937,1.277358925726313,0.0,0.0,-1.0,-25.0066678873388
0.007609603554396885,-0.005698528999424499,-0.205,284.73224228981695,0.0,0.0,-0.5236516714116584,0.6208121571384451,0.0,0.0,-1.0,-29.549177506371183
0.002087074939916519,-0.019486512592199124,-0.205,284.20159662766775,0.0,0.0,-0.5029415066518619,-0.2655238237415852,0.0,0.0,-1.0,-22.815649264996384
-0.007108758172743669,-0.016378913418235014,-0.205,284.522767862061,0.0,0.0,-0.555895520497232,-1.76459017386532,0.0,0.0,-1.0,-23.598489737283867
-0.016203311097724306,-0.007184777563673424,-0.205,284.4912455788579,0.0,0.0,-0.5590253482579625,-1.4684505127371903,0.0,0.0,-1.0,-23.216867193047744
0.0017530941084833707,-0.014779950422876787,-0.205,284.4517646022012,0.0,0.0,-0.5986378379977133,0.048402893596519204,0.0,0.0,-1.0,-26.34462307511248
-0.008392309873897835,-0.011908678033927412,-0.205,284.5928258205572,0.0,0.0,-0.5996552818751384,-0.5489021122561627,0.0,0.0,-1.0,-25.439459143722083
-0.012493626990178417,-0.008133934382625503,-0.205,284.6089691801978,0.0,0.0,-0.5985302348129409,1.8380200392517319,0.0,0.0,-1.0,-23.95487988489807
0.008857882132624404,-0.016409441450147125,-0.205,284.38498124700726,0.0,0.0,-0.5343729969888713,0.03800866471581251,0.0,0.0,-1.0,-20.954528529380426
0.006815711440967256,-0.012939274568435537,-0.205,284.55873094091226,0.0,0.0,-0.599523811686341,0.024435148458235002,0.0,0.0,-1.0,-24.68472916082017
0.008569074732847334,0.009923385736231246,-0.205,284.5729090230678,0.0,0.0,-0.5955987159078571,0.15427275052425424,0.0,0.0,-1.0,-27.45205163045484
0.0018824797523635695,-0.014565812724859057,-0.205,284.5172512245677,0.0,0.0,-0.5993520679603699,0.10411673679261513,0.0,0.0,-1.0,-25.415996625675042
0.001857021483310669,0.017711704696338086,-0.205,284.42727643084686,0.0,0.0,-0.5570204400624156,-1.8944978008963127,0.0,0.0,-1.0,-24.807340113986925
-0.004340611487906108,0.01489259886440384,-0.205,284.53469592751037,0.0,0.0,-0.5945929645734827,0.6070789628669491,0.0,0.0,-1.0,-26.076718091569404
0.0035654839128951717,-0.01693039190527443,-0.205,284.38011605156606,0.0,0.0,-0.5683948773383118,-0.4479353430938981,0.0,0.0,-1.0,-25.069356735479655
0.016146344567146212,0.006333356655964029,-0.205,284.457405774452,0.0,0.0,-0.5675129681388529,-0.8782560232386821,0.0,0.0,-1.0,-23.219879355428375
0.00960957644348498,-0.004564502520107038,-0.205,284.70012670799736,0.0,0.0,-0.5557389665958725,-2.1368100946073385,0.0,0.0,-1.0,-27.77912602005682
-0.005716267973529354,0.0067146379703491126,-0.205,284.81236215909684,0.0,0.0,-0.49987748947634153,0.5765095138158702,0.0,0.0,-1.0,-30.427036041644694
-0.01853215963399398,-0.0005995432825837625,-0.205,284.48377897902964,0.0,0.0,-0.5374903190606743,-0.5774482652869237,0.0,0.0,-1.0,-21.16854602240505
0.0065844108319282856,-0.013401112976964879,-0.205,284.5226111575997,0.0,0.0,-0.5984247172861565,0.8797889602714316,0.0,0.0,-1.0,-26.356950957297446
-0.013557332696585834,0.0038774950660416525,-0.205,284.4907795317597,0.0,0.0,-0.5999245888776711,-1.3445865334058538,0.0,0.0,-1.0,-27.552653455282528
0.0010780532019564306,-0.012119678872370412,-0.205,284.5852666886156,0.0,0.0,-0.5852831728671127,-2.1448394664448474,0.0,0.0,-1.0,-27.994977683770887
0.008357161604965278,-0.007155316603696421,-0.205,284.6408619802381,0.0,0.0,-0.5641961859944481,0.93509580664543,0.0,0.0,-1.0,-28.70457690156964
-0.006987135905730125,-0.010926777299389307,-0.205,284.6902848005436,0.0,0.0,-0.5944378368680294,1.8127406223125766,0.0,0.0,-1.0,-28.45254965550709
0.00934966514490827,-0.008074519802505743,-0.205,284.6594325345991,0.0,0.0,-0.5877969760607148,0.5598156496568834,0.0,0.0,-1.0,-26.64245908181855
-0.005720090169413347,0.01855802192523236,-0.205,284.2507475873655,0.0,0.0,-0.5093087014262737,-0.44196249291796086,0.0,0.0,-1.0,-20.6326510018788
-0.004276391385425201,0.01869717977716195,-0.205,284.2657990698109,0.0,0.0,-0.5175198539904453,2.176417865365725,0.0,0.0,-1.0,-22.44344804043419
0.006941190564164912,-0.012439981032933737,-0.205,284.56143995480267,0.0,0.0,-0.5999999301870111,0.9755301478362857,0.0,0.0,-1.0,-25.51628789321372
-0.007320691824677182,-0.013127652131150478,-0.205,284.5827781574533,0.0,0.0,-0.5979306139453507,0.42949275497740647,0.0,0.0,-1.0,-27.84781622074308
0.0018316333760819512,0.009728919114360298,-0.205,284.6511367040717,0.0,0.0,-0.5357802697914461,0.44532982280012307,0.0,0.0,-1.0,-30.181947640167373
-0.011616815692951662,0.0037798878235816573,-0.205,284.6356039634641,0.0,0.0,-0.5859643860377408,-0.6342438947539426,0.0,0.0,-1.0,-28.044628334744658
0.007931247129087306,0.004316322245886055,-0.205,284.7613401211479,0.0,0.0,-0.5075196220648932,-0.3416412679354807,0.0,0.0,-1.0,-28.719764590868145
0.015001876134862096,-0.0017971869335411232,-0.205,284.4792137512964,0.0,0.0,-0.5974951198559102,-1.7087587014106544,0.0,0.0,-1.0,-25.82666285063381
-0.010908208653055508,0.007052923497330825,-0.205,284.5893865085758,0.0,0.0,-0.5946099428110223,-0.05853133470964697,0.0,0.0,-1.0,-27.05551100094251
0.001595588805131759,0.016276250623076347,-0.205,284.5445551563249,0.0,0.0,-0.5849733822121719,0.8261940541978492,0.0,0.0,-1.0,-23.53922225510285
0.015291834691403246,-0.0010983730276301156,-0.205,284.50759743455626,0.0,0.0,-0.5960327111708869,0.12738156531560219,0.0,0.0,-1.0,-23.9081731652893
-0.005863646612595278,0.00934595105415246,-0.205,284.702450447821,0.0,0.0,-0.5648816552751288,-1.4700230786673287,0.0,0.0,-1.0,-27.02757609553396
-0.002591486132718958,0.018194475830786705,-0.205,284.4368614266006,0.0,0.0,-0.5421692689574676,1.038847516690929,0.0,0.0,-1.0,-22.832099093819334
0.00792113487352541,0.010037386697079287,-0.205,284.70691770242337,0.0,0.0,-0.5927311196563815,-0.17902152580330882,0.0,0.0,-1.0,-26.667548742996726
-0.007740272112322508,-0.014112497710663353,-0.205,284.4714464940558,0.0,0.0,-0.5884383188260663,-0.5196652205456384,0.0,0.0,-1.0,-24.4017844945979
-0.01258291250850969,-0.0056646111300270655,-0.205,284.6270090142006,0.0,0.0,-0.5993103100489447,-1.0209294285157056,0.0,0.0,-1.0,-24.824489874071276
-0.008716637095271828,0.00445106438937485,-0.205,284.75108184322573,0.0,0.0,-0.5324154183538771,-1.5627671788132889,0.0,0.0,-1.0,-28.77580308546163
0.01229519052225882,-0.015713720081973002,-0.205,284.30350575858904,0.0,0.0,-0.4896553422826707,-1.0674378610283066,0.0,0.0,-1.0,-22.007627700257743
0.004276273038572466,-0.010973947176361779,-0.205,284.57427266933735,0.0,0.0,-0.5792574410730295,-2.992468479454586,0.0,0.0,-1.0,-29.184106409059698
-0.0057312442619865634,0.012603511148704716,-0.205,284.56294243131947,0.0,0.0,-0.5994445230295145,-1.062068294779422,0.0,0.0,-1.0,-29.028980196119758
0.017977333589130416,0.001808224517737017,-0.205,284.40876104588614,0.0,0.0,-0.5505303394389005,0.9975562092364787,0.0,0.0,-1.0,-24.186279560815716
0.011346981018045129,-0.011887318609996428,-0.205,284.4065025925225,0.0,0.0,-0.5838194751892035,-0.8291336232861302,0.0,0.0,-1.0,-24.99457168750723
-0.014441905338911331,-0.0009727092426591379,-0.205,284.57039468656546,0.0,0.0,-0.5998287712918978,-0.11670358785345207,0.0,0.0,-1.0,-25.715440302521287
-0.006219036864747227,-0.009166341248640474,-0.205,284.78931442231357,0.0,0.0,-0.5658320999773858,-0.5768184523688354,0.0,0.0,-1.0,-28.724989215994572
-0.008280245074990516,0.005440977701423096,-0.205,284.73218918146114,0.0,0.0,-0.536018466474781,-0.8538904139690602,0.0,0.0,-1.0,-30.061963786327805
0.014934299673439247,-0.0060296564300208935,-0.205,284.41916507616065,0.0,0.0,-0.5883151885029454,-0.7037822504902198,0.0,0.0,-1.0,-24.35764757897701
-0.01323860464303418,0.001809841924024284,-0.205,284.6721969320739,0.0,0.0,-0.5973224704445919,1.6120043150889865,0.0,0.0,-1.0,-26.276155198581915
-0.017973275430739052,0.00468219325453123,-0.205,284.3828052004777,0.0,0.0,-0.5365756608458357,1.3925191611333785,0.0,0.0,-1.0,-22.300548207720595
0.008145305957696346,0.005210421731148738,-0.205,284.931760692843,0.0,0.0,-0.5287919181571263,0.2911740284691073,0.0,0.0,-1.0,-29.41004499755973
0.011773297933229399,-0.004307574369568421,-0.205,284.62094953894217,0.0,0.0,-0.5900370766063454,-2.5720587884167374,0.0,0.0,-1.0,-25.05573997133493
-0.0026768166056320495,0.017196796555266007,-0.205,284.40034047644616,0.0,0.0,-0.5662441968169074,0.836213628210237,0.0,0.0,-1.0,-24.83470597022202
-0.006243682552587015,0.01040355099572526,-0.205,284.62052061924913,0.0,0.0,-0.5847956543647904,-0.4130888215731076,0.0,0.0,-1.0,-28.1222008820696
-0.01197882618845894,0.0005757751785300013,-0.205,284.691195993409,0.0,0.0,-0.5827077014129924,-0.3165815658009877,0.0,0.0,-1.0,-28.15538707121988
0.014655008299654623,-0.012238375769384299,-0.205,284.2702099426462,0.0,0.0,-0.5204011018232582,-3.31923965598063,0.0,0.0,-1.0,-23.658347059291863
-0.018733160420320222,0.003179232529515523,-0.205,284.2686185177205,0.0,0.0,-0.5233995779074053,1.4073984521316851,0.0,0.0,-1.0,-22.522050770876156
-0.017580135053195455,-0.0035075670285098807,-0.205,284.3370243124897,0.0,0.0,-0.5541269351173362,0.464503082067812,0.0,0.0,-1.0,-24.071236872354508
0.0151834530592717,-0.007485300546191139,-0.205,284.3011126406195,0.0,0.0,-0.5756571138615497,0.19389507833976252,0.0,0.0,-1.0,-24.260097100224968
0.019091750508659078,-0.0017782182092078202,-0.205,284.3100068979575,0.0,0.0,-0.5177073645643009,-1.3152470309318327,0.0,0.0,-1.0,-22.55849957695291
-0.01111914185113305,0.01534532627453045,-0.205,284.311884303161,0.0,0.0,-0.5250259998378318,1.2405374116299779,0.0,0.0,-1.0,-24.104712250193842
-0.014209360311346545,0.008012906126385444,-0.205,284.49773840788214,0.0,0.0,-0.5855576533901423,0.4003105256619877,0.0,0.0,-1.0,-24.347554181824517
-0.013520251496163494,-0.008395812036286473,-0.205,284.5473129796665,0.0,0.0,-0.590592382193472,-1.0246277995713131,0.0,0.0,-1.0,-26.875507787868454
-0.0013904222961314435,0.011236683118282105,-0.205,284.6911041997857,0.0,0.0,-0.5709138560885758,1.2755182010715047,0.0,0.0,-1.0,-29.089658109936188
0.016304690485178217,0.010741858392586404,-0.205,284.3531760419118,0.0,0.0,-0.5055672894567185,0.18701056046621803,0.0,0.0,-1.0,-22.84363529756736
-0.01758418463789022,0.004294556773476153,-0.205,284.3945659777481,0.0,0.0,-0.5496722247500089,2.0694263412744704,0.0,0.0,-1.0,-23.21645739601813
0.0031496785955289963,-0.009697374077179494,-0.205,284.722502357369,0.0,0.0,-0.5442284320330087,0.1514914893062742,0.0,0.0,-1.0,-29.389477857594315
-0.0024036379586618354,0.01656415609455744,-0.205,284.4023629717149,0.0,0.0,-0.5789992989446476,-0.8232188103501136,0.0,0.0,-1.0,-22.978151362161647
0.013058891062672379,-0.007635980428385043,-0.205,284.3912401404072,0.0,0.0,-0.5973866173790975,0.0897749050699115,0.0,0.0,-1.0,-23.69812193132209
0.01547051010570282,0.0010696421137804141,-0.205,284.5139758086372,0.0,0.0,-0.5946342007090434,0.5222254494609528,0.0,0.0,-1.0,-26.15837478955378
0.012081108989102512,0.0031447931470433062,-0.205,284.67997977502097,0.0,0.0,-0.5894127516964885,1.1638441250927558,0.0,0.0,-1.0,-27.746056584658543
-0.007655549188068529,0.009351245425022518,-0.205,284.6635084798002,0.0,0.0,-0.584097207906806,-1.305020668090677,0.0,0.0,-1.0,-27.483918889935453
-0.010948232563321331,0.007751447683626263,-0.205,284.510383881097,0.0,0.0,-0.5976310663509014,-0.38445198711656736,0.0,0.0,-1.0,-26.21722447643346
0.0032388189323544893,-0.018375212635140598,-0.205,284.2735253799625,0.0,0.0,-0.5340473366335441,-1.0360178152110069,0.0,0.0,-1.0,-21.924721909703802
-0.001094504206318112,0.019861731178805127,-0.205,284.31512516111013,0.0,0.0,-0.4919803930017798,0.22473839841356022,0.0,0.0,-1.0,-21.801073476887044
-0.010194067468690355,0.000992404679877134,-0.205,284.8155898127275,0.0,0.0,-0.5454924872027217,0.12478476115352934,0.0,0.0,-1.0,-28.411595251501808
-0.015994346794638858,-0.0006784396429696229,-0.205,284.569864566911,0.0,0.0,-0.5895032439855592,0.004927233955927473,0.0,0.0,-1.0,-25.514591803250493
0.009691512903708378,0.016628197019027704,-0.205,284.4434436914758,0.0,0.0,-0.5152841746386043,0.06220812160372263,0.0,0.0,-1.0,-21.97480624975796
0.015315735638465867,0.0057705226006945255,-0.205,284.5671447372655,0.0,0.0,-0.5847945734784995,-0.31090588222978144,0.0,0.0,-1.0,-24.731286945527906
0.018603603838585756,-0.002657239825946038,-0.205,284.2052584679389,0.0,0.0,-0.5299784875892132,-0.2657006274870336,0.0,0.0,-1.0,-23.165536162698984
-0.013750150620286818,0.0008960304862803536,-0.205,284.53365322186875,0.0,0.0,-0.5992481719978922,0.1269418845648327,0.0,0.0,-1.0,-25.96145307490992
-0.015229598077175187,0.0046502295059674395,-0.205,284.4034327666925,0.0,0.0,-0.5904932988565293,0.836469172627765,0.0,0.0,-1.0,-26.544814774375407
-0.001784341565916859,0.013097716571862563,-0.205,284.54552951068297,0.0,0.0,-0.5963906714106632,0.7582396390578914,0.0,0.0,-1.0,-28.25432110813253
0.011210224863461965,-0.004835561734116427,-0.205,284.6337885056604,0.0,0.0,-0.5858589862783586,0.5408822327454511,0.0,0.0,-1.0,-27.39492619566611
0.015009037914667277,-0.0131879001205393,-0.205,284.24386563429545,0.0,0.0,-0.48858740872718465,-0.5903565098819163,0.0,0.0,-1.0,-23.184991948654037
0.002372662559385761,-0.011322614437664193,-0.205,284.6679888810397,0.0,0.0,-0.5755994448691552,0.8785326185034036,0.0,0.0,-1.0,-27.48249328960114
-0.013479811789593947,0.013395679018334508,-0.205,284.2506816529921,0.0,0.0,-0.5233056041461837,2.00183935677663,0.0,0.0,-1.0,-22.490942410593547
0.011523853171173326,0.012412013701653407,-0.205,284.50242175308125,0.0,0.0,-0.5755010362748675,-0.9284854294150265,0.0,0.0,-1.0,-24.221104329414842
-0.008112902419616957,-0.016312153516887903,-0.205,284.38349049958913,0.0,0.0,-0.5465607131575648,-1.0938838039002134,0.0,0.0,-1.0,-23.193878764618614
0.00016267567178937734,-0.008879670424998166,-0.205,284.7840746941661,0.0,0.0,-0.5021821700003526,0.1501604899352579,0.0,0.0,-1.0,-29.529936970309766
0.0027421552606115,-0.009287172417040426,-0.205,284.6739742979551,0.0,0.0,-0.5292353945129985,-0.1937100752468421,0.0,0.0,-1.0,-28.51123086718018
0.00948802421856194,0.008797909887587208,-0.205,284.6848285134051,0.0,0.0,-0.5941701802861968,-0.22750654577151508,0.0,0.0,-1.0,-26.643984573202346
-0.009895768014072407,-0.011225220110298887,-0.205,284.6520785921047,0.0,0.0,-0.5982682703774301,1.3679417732536725,0.0,0.0,-1.0,-25.614562558335003
-0.002531356808059855,-0.019358521044879638,-0.205,284.3990201062459,0.0,0.0,-0.5056317807530782,2.542938110632715,0.0,0.0,-1.0,-21.374816524686654
-0.0003597774603716274,0.00981751049755791,-0.205,284.8244620929357,0.0,0.0,-0.5335247088509356,2.683692553146727,0.0,0.0,-1.0,-29.687665372136923
0.002619769474818539,0.015696911982695516,-0.205,284.5229495896104,0.0,0.0,-0.5906032511683014,3.2635914544277353,0.0,0.0,-1.0,-24.998811893006224
0.013676084201263513,0.006825681490464797,-0.205,284.57367585506745,0.0,0.0,-0.5963661027820603,0.6323540342962862,0.0,0.0,-1.0,-25.38024650792434
-0.0015877174150499879,-0.01133019746281604,-0.205,284.65993274160417,0.0,0.0,-0.5732211955258252,-1.0908276180865122,0.0,0.0,-1.0,-28.444727513497504
0.015361665706329394,-0.011609505250623056,-0.205,284.2480062279904,0.0,0.0,-0.5149853064420583,-1.2615150127611694,0.0,0.0,-1.0,-21.547965159395762
0.01841691728597029,-0.00745017779400014,-0.205,284.23247791781296,0.0,0.0,-0.4929397449453907,0.01664943449637132,0.0,0.0,-1.0,-21.841388808953056
0.010479166984540078,-0.003515320247116588,-0.205,284.6084687896943,0.0,0.0,-0.5653165192627093,-0.23333680460545403,0.0,0.0,-1.0,-28.483027463168547
-0.0026973529889027523,-0.013278144219984911,-0.205,284.6647595822638,0.0,0.0,-0.5983340495139674,-0.3011112859251242,0.0,0.0,-1.0,-25.970764247695364
0.008511792020925097,0.009237195511866178,-0.205,284.63096539795805,0.0,0.0,-0.5903180173840722,-1.3136961485056542,0.0,0.0,-1.0,-24.603475505246323
-0.012135537591385519,0.01232469520718571,-0.205,284.4277144873507,0.0,0.0,-0.56850341810822,0.669080425763325,0.0,0.0,-1.0,-23.097222936184515
0.01718713160048685,0.004908254422878182,-0.205,284.446661090812,0.0,0.0,-0.5554250303236952,-0.15450844434330546,0.0,0.0,-1.0,-22.597710652791665
0.0072563087602131905,0.01126264290313104,-0.205,284.6782694238225,0.0,0.0,-0.5975354562499782,1.4442795415663487,0.0,0.0,-1.0,-24.565904156199213
0.00011216200340848603,-0.012171362758198731,-0.205,284.7012424943719,0.0,0.0,-0.5853445688000823,-1.091289643741507,0.0,0.0,-1.0,-27.915273595348328
-0.0020933299219051296,-0.015617465939332826,-0.205,284.56270020661924,0.0,0.0,-0.5922916590848248,-0.11234807786414454,0.0,0.0,-1.0,-25.43622941493554
-0.015583530994872872,0.009725877939433846,-0.205,284.27556850578975,0.0,0.0,-0.5424096548827467,-0.14910745177337414,0.0,0.0,-1.0,-21.920136721282283
0.007200334343071393,0.01288874389922674,-0.205,284.59473119327583,0.0,0.0,-0.5991047499209874,0.20260252140713128,0.0,0.0,-1.0,-25.80984010143285
-0.002308687255823923,0.00948443492078917,-0.205,284.7853784335664,0.0,0.0,-0.531627286319315,1.1316546112243095,0.0,0.0,-1.0,-29.6308848516294
-0.003825235662607451,-0.01593276482376368,-0.205,284.503889294537,0.0,0.0,-0.5845237262160337,2.486800710494371,0.0,0.0,-1.0,-25.125392458976684
0.019326285001865458,0.004274900547362174,-0.205,284.3927955085263,0.0,0.0,-0.49571662527382165,-0.6417015312087787,0.0,0.0,-1.0,-21.842356947077544
-0.010214111899909227,0.009588080822178584,-0.205,284.53371634376174,0.0,0.0,-0.5998033235362498,2.1648694320133584,0.0,0.0,-1.0,-26.331536834605775
-0.007077693238931014,0.014626118061381874,-0.205,284.3743572654614,0.0,0.0,-0.5864446773683465,-0.7743208918867003,0.0,0.0,-1.0,-26.121922148739394
-0.013961338789731017,-0.0002517537660260259,-0.205,284.537485126701,0.0,0.0,-0.5997216587409071,1.555800515315368,0.0,0.0,-1.0,-25.215337189424385
0.006492185316130098,0.01641027132881915,-0.205,284.45344242109445,0.0,0.0,-0.56082063819439,0.2849988976116295,0.0,0.0,-1.0,-23.25649342685248
-0.012068962826541517,-0.013658797528905817,-0.205,284.5588275738317,0.0,0.0,-0.5463261355065235,-0.6978558515662139,0.0,0.0,-1.0,-22.11353095874176
0.008846146660438762,-1.0765884198030814e-05,-0.205,284.8341446074336,0.0,0.0,-0.5009023805011529,1.9258490459742874,0.0,0.0,-1.0,-29.318447855732913
-0.01182384317951398,0.009857237371572935,-0.205,284.44044444114235,0.0,0.0,-0.5955604339419563,0.5731184453827661,0.0,0.0,-1.0,-24.888323074511923
-0.010155026772366658,0.0012066445256249338,-0.205,284.82280334032134,0.0,0.0,-0.5450619784029431,-0.7157144418778526,0.0,0.0,-1.0,-29.208779369752218
-0.00012757684800131661,0.011422954105359623,-0.205,284.69912654045794,0.0,0.0,-0.5728915941322184,1.8248718127236685,0.0,0.0,-1.0,-27.142877631166087
-0.009420328335951463,0.011419538959770782,-0.205,284.4571516833459,0.0,0.0,-0.5989597227197674,-0.05091429289884148,0.0,0.0,-1.0,-26.086995512407462
-0.013863437926289964,-0.003465393464439579,-0.205,284.55719815107443,0.0,0.0,-0.5999945725346256,2.114019386471851,0.0,0.0,-1.0,-24.344685360118824
0.012251483858761698,0.015473153498770873,-0.205,284.3861550239618,0.0,0.0,-0.4978591615964225,2.257492935910701,0.0,0.0,-1.0,-23.60128649281841
-0.008118372730634328,0.0059248057254290875,-0.205,284.71178748002126,0.0,0.0,-0.5401498536277861,0.3667752824800063,0.0,0.0,-1.0,-30.344378582021545
0.016714423511171514,-0.008713488332269467,-0.205,284.27115620158463,0.0,0.0,-0.5282132553142175,-0.23828110318215928,0.0,0.0,-1.0,-22.96560026093083
0.003678282643157842,-0.016598474852691808,-0.205,284.3589398900729,0.0,0.0,-0.5743146209253799,0.5296531588198449,0.0,0.0,-1.0,-23.977505073966544
0.0015092487902869857,0.01862246588299885,-0.205,284.38769133576557,0.0,0.0,-0.5332954764039257,-3.447760932762644,0.0,0.0,-1.0,-22.426167611829417
-0.003141902428652692,-0.015606446053924297,-0.205,284.43529361835954,0.0,0.0,-0.5905405379848765,1.2222543004735613,0.0,0.0,-1.0,-24.978854404043425
-0.009761532448824063,-0.011960119130837478,-0.205,284.5988890711734,0.0,0.0,-0.5952104697239043,0.558716022647685,0.0,0.0,-1.0,-25.740239087736118
0.010105256865007373,-0.015056145535319499,-0.205,284.3520318841857,0.0,0.0,-0.5488341852315264,0.7257504396260227,0.0,0.0,-1.0,-21.348175315401086
-0.0182959598717783,-0.003046212707014296,-0.205,284.411687084611,0.0,0.0,-0.5373164987887507,1.037535036116381,0.0,0.0,-1.0,-23.895652953521655
0.017729093319365178,0.008998544489991787,-0.205,284.34821066832126,0.0,0.0,-0.4923572216237323,0.736232386830828,0.0,0.0,-1.0,-23.37162778305662
-0.006010613421569403,-0.018176942094390545,-0.205,284.37952439198966,0.0,0.0,-0.5186885372070628,-1.0834460172396785,0.0,0.0,-1.0,-23.593665711077037
0.01505279729633472,0.0002638596760262897,-0.205,284.59408671954213,0.0,0.0,-0.5978002805431375,1.6799019434523765,0.0,0.0,-1.0,-26.428020838091864
0.0008931722172880949,-0.010355763840425403,-0.205,284.77996152490346,0.0,0.0,-0.5495473578177877,-0.4350435443727904,0.0,0.0,-1.0,-28.824190400916866
0.013975281195899287,0.0137632867151699,-0.205,284.3788466562772,0.0,0.0,-0.502332871578585,-1.2610014366157227,0.0,0.0,-1.0,-21.67827843876769
-0.002546194081369883,-0.01316329843901465,-0.205,284.6589423516536,0.0,0.0,-0.5975900422524315,0.05923979365634101,0.0,0.0,-1.0,-24.940735559090538
-0.011730727518145712,0.00023573112636242764,-0.205,284.68314034722874,0.0,0.0,-0.5785023724052777,0.14913087754232437,0.0,0.0,-1.0,-27.785063223551894
-0.012177169425713919,0.0009985537212550133,-0.205,284.69673476957564,0.0,0.0,-0.5859884439379563,-1.2321824557416305,0.0,0.0,-1.0,-28.55269784322026
-0.008363863209627238,0.0055186053613121505,-0.205,284.58169570085096,0.0,0.0,-0.5392917662277286,-1.6822562181254526,0.0,0.0,-1.0,-29.848437676844334
-0.0021964573844813853,0.012694229135206538,-0.205,284.66360952682226,0.0,0.0,-0.5936570956364121,-0.01375413260886939,0.0,0.0,-1.0,-29.354178671196216
0.016806129094341957,-0.01044124747534871,-0.205,284.1935395361688,0.0,0.0,-0.49601532326242714,-0.8020872620870165,0.0,0.0,-1.0,-22.78464661729523
-0.007197683029411816,-0.00813814512965875,-0.205,284.7506053389382,0.0,0.0,-0.5611028028598477,-0.6934712014874581,0.0,0.0,-1.0,-28.216132450929095
0.0064236999697879025,-0.007383744197587408,-0.205,284.7519378134268,0.0,0.0,-0.5324028270716248,0.13264318079873377,0.0,0.0,-1.0,-27.674212100759146
-0.0054403181181917675,-0.012933635925867867,-0.205,284.60176276940723,0.0,0.0,-0.5998376134530881,-0.5140487494684516,0.0,0.0,-1.0,-27.248134102961433
-0.008005362202416006,-0.006005008606263236,-0.205,284.8413328087175,0.0,0.0,-0.5389138368077847,0.9683249359505017,0.0,0.0,-1.0,-28.44734355868398
0.009069436699524133,0.0010621036546014466,-0.205,284.76851969102154,0.0,0.0,-0.5110887024817637,0.3126758253916271,0.0,0.0,-1.0,-28.479889411532792
0.0075533356060724565,0.016957685690067056,-0.205,284.3554036869638,0.0,0.0,-0.5368484089616444,-1.9313478096530075,0.0,0.0,-1.0,-24.760361974304487
0.009417907773528019,0.008281776206147753,-0.205,284.7072716950587,0.0,0.0,-0.5900922125406209,-3.6844210212848307,0.0,0.0,-1.0,-26.195278359467885
0.003226780335035268,-0.017559811615976927,-0.205,284.4240546701133,0.0,0.0,-0.5559257688328596,0.41039244392335966,0.0,0.0,-1.0,-24.043165085675415
0.0011524981044210524,0.014927935584724909,-0.205,284.4939996820341,0.0,0.0,-0.5982292286467037,1.32280523190311,0.0,0.0,-1.0,-25.784592913739672
3.800444435652638e-05,0.009399016326878945,-0.205,284.7529229031034,0.0,0.0,-0.5201448305078337,1.6311957360905152,0.0,0.0,-1.0,-29.324048142023432
-0.008243189327245673,-0.0029471388646206405,-0.205,284.84871607874834,0.0,0.0,-0.4975006782216329,-0.6058652658240078,0.0,0.0,-1.0,-29.715632265722363
0.01576111102277553,-0.004087389600850638,-0.205,284.4193158505358,0.0,0.0,-0.5859811428887662,1.448536786767595,0.0,0.0,-1.0,-22.9517422875363
-0.0013106719562643756,0.011981441248634222,-0.205,284.59365465891267,0.0,0.0,-0.5836186267615471,1.2769509873563336,0.0,0.0,-1.0,-28.476879475470223
0.010848075910222679,0.0008678924416052075,-0.205,284.6932079692672,0.0,0.0,-0.5615221352279208,1.134260699583005,0.0,0.0,-1.0,-29.235053928234343
-0.017123207386128828,0.0004959158058319441,-0.205,284.41215471774933,0.0,0.0,-0.5718447819551864,0.8126451070256883,0.0,0.0,-1.0,-24.637198414052577
-0.014213975811753933,0.00899163916205253,-0.205,284.3419040892846,0.0,0.0,-0.5775991241119106,-2.7715681556491916,0.0,0.0,-1.0,-25.95398405408119
-0.002353301047767767,-0.01429345458094115,-0.205,284.5522129317151,0.0,0.0,-0.5998111754278342,-0.6604496404459824,0.0,0.0,-1.0,-24.950968799684738
-0.01649171996546714,0.0026911708067546116,-0.205,284.34619060960347,0.0,0.0,-0.5794658890589486,-0.7973014124172589,0.0,0.0,-1.0,-23.274007300315784
0.010660442742860125,-0.013378844235324889,-0.205,284.4627104669066,0.0,0.0,-0.572306333239878,0.5077871156272165,0.0,0.0,-1.0,-22.610506117831736
-0.011666232736207267,0.010545153532104166,-0.205,284.28816765002347,0.0,0.0,-0.5926086995650289,-1.0409382261037432,0.0,0.0,-1.0,-24.62241983847814
0.007397733692346302,-0.014238813123457305,-0.205,284.3501420474613,0.0,0.0,-0.5890551008339922,-1.2923056479488562,0.0,0.0,-1.0,-24.153826907775365
-0.008257135942008467,-0.007434452089863567,-0.205,284.817960710096,0.0,0.0,-0.5665592105561443,0.7417033026443182,0.0,0.0,-1.0,-28.27734165513879
-0.015854297774371858,0.011605952650892487,-0.205,284.2563878136495,0.0,0.0,-0.5011045932790759,0.5159719246346749,0.0,0.0,-1.0,-23.11516982603503
0.006969201761211495,-0.014013275786219581,-0.205,284.4916736473317,0.0,0.0,-0.5933427761565231,0.68233283777575,0.0,0.0,-1.0,-25.545742263502994
-0.017548467530011602,-0.005609769165363737,-0.205,284.3963700364948,0.0,0.0,-0.5408958830616994,0.2544344395995415,0.0,0.0,-1.0,-23.828837650419818
-0.007564202285913714,-0.013115183192280859,-0.205,284.58462593689575,0.0,0.0,-0.5973108364639389,-1.53323154910257,0.0,0.0,-1.0,-26.774074883292243
-0.018774607895976212,0.0007351316723899418,-0.205,284.32396672429036,0.0,0.0,-0.5300840101579357,1.4933342766604067,0.0,0.0,-1.0,-21.38711635307984
-0.003813649007300862,-0.014839995674497715,-0.205,284.54253619416636,0.0,0.0,-0.5960988054840506,0.8572430157390265,0.0,0.0,-1.0,-24.605930143590797
-0.01508718963840455,0.01105015984577562,-0.205,284.40718437045064,0.0,0.0,-0.5327670158021844,1.5347530799397717,0.0,0.0,-1.0,-23.92625331652597
0.0005226455620568803,0.00953804615538564,-0.205,284.7715180488185,0.0,0.0,-0.5251110766746492,-0.3866920261934917,0.0,0.0,-1.0,-29.00862075255784
-0.017878716738730337,-0.007824308217743959,-0.205,284.33647608588205,0.0,0.0,-0.505899104722002,-1.5035738483687808,0.0,0.0,-1.0,-21.839087390012157
0.004524492787475372,-0.010713661615285239,-0.205,284.5730731970848,0.0,0.0,-0.5767026209308092,0.09656467656841343,0.0,0.0,-1.0,-27.814463638779902
-0.01432631586254885,4.784207556730991e-06,-0.205,284.5792016185158,0.0,0.0,-0.5999802350420977,1.1588030858539826,0.0,0.0,-1.0,-25.380730468332153
0.013960759271388661,0.009176049479489636,-0.205,284.5165083995181,0.0,0.0,-0.579524075534555,-0.46360942104377756,0.0,0.0,-1.0,-24.832810111989897
0.002676697858619141,-0.018577018258675398,-0.205,284.3576373014949,0.0,0.0,-0.5307027449714427,1.2152102441177592,0.0,0.0,-1.0,-20.194479686802577
0.013831496008489106,-0.005466057012284819,-0.205,284.50872509453563,0.0,0.0,-0.5986854231427241,-1.547803544245924,0.0,0.0,-1.0,-23.811941397456284
0.009357729917459949,-0.0023721297611899845,-0.205,284.775660159091,0.0,0.0,-0.5283077698681965,0.4706032446384325,0.0,0.0,-1.0,-30.668997644447007
-0.013754688680068954,0.011072090995633197,-0.205,284.4011683937999,0.0,0.0,-0.5606000784756691,-0.10209576853345437,0.0,0.0,-1.0,-22.421617788786136
-0.012733562019731465,-0.00236988289310513,-0.205,284.67118986504363,0.0,0.0,-0.5942844138404642,-1.5396297202149414,0.0,0.0,-1.0,-27.27467898086815
-0.008558377048267484,-0.01517713455015657,-0.205,284.4821611392822,0.0,0.0,-0.5658150208794862,1.8423260303123086,0.0,0.0,-1.0,-23.60334870868566
-0.006017190998139369,-0.008702560002241306,-0.205,284.80832361829715,0.0,0.0,-0.5542978848992511,-0.716048360643237,0.0,0.0,-1.0,-27.498185280544654
-0.006841857268590517,0.014527284098791055,-0.205,284.4937115278685,0.0,0.0,-0.5889093058329167,0.19355794781233632,0.0,0.0,-1.0,-24.509373661461357
0.012411207494117622,0.014090811776170366,-0.205,284.3771416037517,0.0,0.0,-0.5304421416730053,-1.7768934897789916,0.0,0.0,-1.0,-23.945655617071505
0.0005099717056805751,-0.012572694873036932,-0.205,284.63493848004134,0.0,0.0,-0.5905700149091403,-1.365554453464046,0.0,0.0,-1.0,-25.09287995424199
-0.007242159570110195,-0.007424992194523368,-0.205,284.8237022879031,0.0,0.0,-0.5489657218657186,1.1806171661545228,0.0,0.0,-1.0,-29.001420546395078
0.01160449667935561,-0.0091209889678699,-0.205,284.41288862655216,0.0,0.0,-0.599117427525008,0.9926187775620812,0.0,0.0,-1.0,-26.71399472319288
0.009515080335078719,-0.014011713462301328,-0.205,284.40485649643256,0.0,0.0,-0.5754969489914078,-0.02698330762489746,0.0,0.0,-1.0,-25.498357840227065
-0.0101565772498741,0.008375396414953629,-0.205,284.60476600063913,0.0,0.0,-0.5960011130992475,1.8480458770095498,0.0,0.0,-1.0,-26.611414547608256
0.004685218813109278,0.0140841267957704,-0.205,284.5942248654268,0.0,0.0,-0.5988067546752753,-0.834607040200438,0.0,0.0,-1.0,-25.211039006048104
0.0013935471226723772,-0.01343603252249474,-0.205,284.593604370367,0.0,0.0,-0.5981321577298683,1.465803188504821,0.0,0.0,-1.0,-27.36809188204618
-0.00042082264817052897,-0.015498799278427535,-0.205,284.58932178109643,0.0,0.0,-0.594659199871879,0.1371069256737164,0.0,0.0,-1.0,-24.85138827928788
0.0005674578631718587,0.019356348788083504,-0.205,284.348737683499,0.0,0.0,-0.5112248247395076,-0.8900481901684625,0.0,0.0,-1.0,-23.307522543697853
0.015186258964848487,0.006636194858275203,-0.205,284.526900584582,0.0,0.0,-0.5816884897354696,0.22196090062815182,0.0,0.0,-1.0,-23.832533859625432
-0.010128097481040458,0.014167319994021361,-0.205,284.30392041048367,0.0,0.0,-0.5660002118676558,-0.08549327453849956,0.0,0.0,-1.0,-24.614735801504988
-0.015143019988475294,-0.004559152449302037,-0.205,284.5038194715706,0.0,0.0,-0.5916941852817686,-0.006001050090022177,0.0,0.0,-1.0,-24.81648936419037
-0.010340725488716503,0.007654493839270392,-0.205,284.5740102044508,0.0,0.0,-0.5934953513569358,-0.7709410297742684,0.0,0.0,-1.0,-25.808222984601993
-0.0030475428857464565,0.012296279059204319,-0.205,284.576037791166,0.0,0.0,-0.5915101174794505,-0.5788692264717078,0.0,0.0,-1.0,-28.36802304750431
-0.007779981763888852,-0.009996202223366075,-0.205,284.7039760944321,0.0,0.0,-0.5914957805532127,0.12346367863871796,0.0,0.0,-1.0,-24.005923530549744
-0.014492667625849626,0.0013219076783430874,-0.205,284.4909829134944,0.0,0.0,-0.5996887894213419,0.5168516350426366,0.0,0.0,-1.0,-23.5221120181672
0.010294495931372554,0.007192398801330731,-0.205,284.5961869554645,0.0,0.0,-0.5902864380009689,0.2318477384460349,0.0,0.0,-1.0,-28.640648206661393
0.00334668224606991,0.013124226333182894,-0.205,284.5757914968813,0.0,0.0,-0.598309522739739,-0.19075509379425054,0.0,0.0,-1.0,-26.198890039955796
-0.008142698794047108,0.004660474272020639,-0.205,284.76675991012223,0.0,0.0,-0.5195839548328103,0.9523112987155709,0.0,0.0,-1.0,-29.242720056233853
0.005194306979234129,-0.012859995711538414,-0.205,284.5848668712479,0.0,0.0,-0.5995084248323489,-0.5108324995253211,0.0,0.0,-1.0,-25.283572687259287
-0.017321204477794342,0.005097352570559265,-0.205,284.3292877851567,0.0,0.0,-0.5508505294827664,0.1953358751607742,0.0,0.0,-1.0,-24.369839479764718
-0.009468858509783571,0.0156159585600693,-0.205,284.3242498391731,0.0,0.0,-0.5453640388552844,-0.4773517135733035,0.0,0.0,-1.0,-23.011659851555137
-0.014057801255697389,-0.007229094756532109,-0.205,284.6026105965756,0.0,0.0,-0.5917663349039546,2.055301588181457,0.0,0.0,-1.0,-24.825223509657665
-0.006383760582695439,0.017263789674312083,-0.205,284.4492525522605,0.0,0.0,-0.5413774102055992,-1.7918398342235116,0.0,0.0,-1.0,-23.641526304961694
-0.010868555610541694,-0.003946815590026876,-0.205,284.74947758948167,0.0,0.0,-0.5754984193338049,-1.1998892241221988,0.0,0.0,-1.0,-27.88905626063254
-0.0010720807720209237,0.011620548693350193,-0.205,284.62714477218015,0.0,0.0,-0.5774092283509451,2.048389532245302,0.0,0.0,-1.0,-29.17255624764189
-0.017859700371251123,0.006041598011540719,-0.205,284.2638350334558,0.0,0.0,-0.5280699726369001,0.10396691717524624,0.0,0.0,-1.0,-23.53568658469216
0.0008052597354728779,-0.01623931077670108,-0.205,284.4443073463445,0.0,0.0,-0.5862996687971973,0.07753339122978918,0.0,0.0,-1.0,-25.374757226947388
-0.007872819824664094,0.0055505720154332,-0.205,284.7169055451821,0.0,0.0,-0.5276528679716064,-0.7937974614105762,0.0,0.0,-1.0,-28.853030990001656
-0.002675116817932349,-0.011651263512573867,-0.205,284.73368758494996,0.0,0.0,-0.5821169539100016,1.2654831400813846,0.0,0.0,-1.0,-26.64437380613964
-0.011785551754774814,0.007980852926671906,-0.205,284.5346419260026,0.0,0.0,-0.5999990789353945,0.3297208129170761,0.0,0.0,-1.0,-26.754791086115578
-0.001250403144744676,0.019114447337928425,-0.205,284.3019345255677,0.0,0.0,-0.518343884506388,2.1273989513839764,0.0,0.0,-1.0,-23.99678236530099
-0.004169806940199879,0.016140766729894486,-0.205,284.49916431545074,0.0,0.0,-0.580114675937913,-0.2432849351150506,0.0,0.0,-1.0,-25.073334312969756
-0.007077693991426666,0.00936010040001071,-0.205,284.65857707455524,0.0,0.0,-0.578531256844304,-0.6477281933795039,0.0,0.0,-1.0,-28.225227546328497
0.005077327905675383,0.007890493441024857,-0.205,284.82456579861315,0.0,0.0,-0.5196113862523013,-0.9417302202143822,0.0,0.0,-1.0,-28.970565422206548
-0.009780897602732277,0.013323236069847302,-0.205,284.34889812928657,0.0,0.0,-0.5823898837602415,1.7241974969143283,0.0,0.0,-1.0,-23.83323448706978
0.004144598128043708,-0.010532580926172645,-0.205,284.59754696384215,0.0,0.0,-0.5708406458246624,0.07839273503956298,0.0,0.0,-1.0,-26.19243078221868
-0.011037782719907931,0.01179488726223105,-0.205,284.32195524159613,0.0,0.0,-0.587697446908884,0.522268047390036,0.0,0.0,-1.0,-23.247888227185307
-0.013886271455415366,0.010431343405143201,-0.205,284.40665209817547,0.0,0.0,-0.5670115766364368,0.30439005973362343,0.0,0.0,-1.0,-22.315752990491788
0.016936071247202956,0.00980140129139852,-0.205,284.40291617415056,0.0,0.0,-0.504033922605803,0.06058736787359005,0.0,0.0,-1.0,-21.72063337113265
0.013167298293082295,0.01077626286053646,-0.205,284.4300859907994,0.0,0.0,-0.5740579309919124,-1.8143649892541915,0.0,0.0,-1.0,-23.971917200475456
0.010375061460433955,0.0009907856148450268,-0.205,284.8379324461777,0.0,0.0,-0.5502788170810184,-1.0185503654877628,0.0,0.0,-1.0,-27.505705212921768
0.00645104709708626,-0.015693386493912165,-0.205,284.3492219884221,0.0,0.0,-0.5749378550253673,-0.680686258345799,0.0,0.0,-1.0,-25.57633550101972
-0.010437921371087679,-0.014399933099562914,-0.205,284.41367507287356,0.0,0.0,-0.557591767679878,-2.1958227745299186,0.0,0.0,-1.0,-22.25412478581231
0.009614842771492584,-0.013869121589623827,-0.205,284.4038742363777,0.0,0.0,-0.5765992093586917,-1.305498730290661,0.0,0.0,-1.0,-24.224682345816028
0.004869960590973043,-0.012245083165540089,-0.205,284.613992354604,0.0,0.0,-0.5960998551008924,0.8916132728746128,0.0,0.0,-1.0,-25.89306842271651
-0.0013237052809933056,0.015262212195297999,-0.205,284.5364148593508,0.0,0.0,-0.5961182727657015,0.43323424733594124,0.0,0.0,-1.0,-24.803385053417674
0.002878459787597152,-0.013987766279815456,-0.205,284.57690639808965,0.0,0.0,-0.5999967668908147,0.2181567233643056,0.0,0.0,-1.0,-25.420864644029113
0.015876998165284775,-0.00010016483337963754,-0.205,284.4727841075754,0.0,0.0,-0.5910133059961831,1.5539131104217274,0.0,0.0,-1.0,-25.366603779995724
0.0003615075748847161,-0.018512926649240112,-0.205,284.3609011610543,0.0,0.0,-0.5382279948442938,2.535999152590134,0.0,0.0,-1.0,-21.83209516956568
0.0014515357989945284,-0.00857877638691883,-0.205,284.83283416187186,0.0,0.0,-0.4954962304346366,-1.6168289859103808,0.0,0.0,-1.0,-29.990407433021385
0.004970021326362802,0.011569486246679117,-0.205,284.70455654158167,0.0,0.0,-0.5906692512210613,0.31180000556405424,0.0,0.0,-1.0,-28.626774351682165
0.01660396095952117,0.002090096615441499,-0.205,284.48697336399215,0.0,0.0,-0.579044026122532,-0.12666476531341186,0.0,0.0,-1.0,-24.479646378787862
0.010319683133603666,0.005011907272599951,-0.205,284.6622332177997,0.0,0.0,-0.5738176474141786,2.6573223600608507,0.0,0.0,-1.0,-28.425382829959645
0.011152904084270186,0.0008859989157261175,-0.205,284.72919703455426,0.0,0.0,-0.5681832451082283,0.8312569398869679,0.0,0.0,-1.0,-29.414582972492138
-0.006097331449650009,0.016080105138326813,-0.205,284.4485635023298,0.0,0.0,-0.5705214068298541,-0.7065977571175209,0.0,0.0,-1.0,-25.23212509479595
0.0068833136868704185,0.012509546829547068,-0.205,284.5758019660105,0.0,0.0,-0.5999972893923066,0.8331210995711366,0.0,0.0,-1.0,-25.79840260419258
-0.008880960891485441,0.005991706397867914,-0.205,284.71326892805615,0.0,0.0,-0.5575492337746458,-0.6358184772086714,0.0,0.0,-1.0,-30.64608869312962
-0.005986062247385014,0.012570588504672733,-0.205,284.48642961253546,0.0,0.0,-0.5996373444247352,0.46580181199282694,0.0,0.0,-1.0,-27.530956469116656
0.004849607115802016,-0.01019338476058314,-0.205,284.65245404258627,0.0,0.0,-0.5702309872698664,-1.261894109254841,0.0,0.0,-1.0,-28.183586275950933
0.005019343771420649,-0.01415686956076749,-0.205,284.4993871603781,0.0,0.0,-0.5979861466398427,-1.8219584839138372,0.0,0.0,-1.0,-25.69553042025892
0.00048530437441032527,0.019666722822863802,-0.205,284.2399567828699,0.0,0.0,-0.5002093437997778,-0.9795566726216645,0.0,0.0,-1.0,-21.27407986053455
0.007894919787722443,-0.012147560827046574,-0.205,284.52700856882285,0.0,0.0,-0.5998082843040768,0.3345562429183494,0.0,0.0,-1.0,-25.573995497266864
-0.003075534519258988,0.008590137831348427,-0.205,284.79694255651975,0.0,0.0,-0.5108347241798714,0.5476997804601784,0.0,0.0,-1.0,-31.4758347086513
0.008231892207185624,0.009233664041114018,-0.205,284.793295487191,0.0,0.0,-0.5880097278045133,0.7000020160856069,0.0,0.0,-1.0,-27.68082138431337
0.0040364290489370855,0.01336919205183053,-0.205,284.7188161664902,0.0,0.0,-0.5997248299069956,0.8909317929939439,0.0,0.0,-1.0,-24.47552050106917
0.016556046494712262,0.0050330815925525635,-0.205,284.50485812958374,0.0,0.0,-0.5683447363226274,0.4652646985789338,0.0,0.0,-1.0,-23.655994618280513
-0.010909711452771337,0.00021452987385729152,-0.205,284.70243606127866,0.0,0.0,-0.5621839177379294,0.39935156832634217,0.0,0.0,-1.0,-28.836927614462304
-0.01699999127904159,-0.008491280002075371,-0.205,284.379961412979,0.0,0.0,-0.5233463505347903,-1.4092820267964787,0.0,0.0,-1.0,-22.84670901849649
0.005538512040930348,0.018498970158413754,-0.205,284.2903522338292,0.0,0.0,-0.5131026157811518,0.45862557027528317,0.0,0.0,-1.0,-23.405969038807918
0.0008212467251004,-0.011650233425232349,-0.205,284.5988862802877,0.0,0.0,-0.5775708429026025,1.046116021993915,0.0,0.0,-1.0,-26.962072466245573
-0.00736426987187644,-0.013829455716219498,-0.205,284.4521492783953,0.0,0.0,-0.5931764334651342,0.01171362042424066,0.0,0.0,-1.0,-24.36568441702601
-0.003447196244565019,-0.01465927956627254,-0.205,284.51163784951507,0.0,0.0,-0.5977782129256446,0.625449828173939,0.0,0.0,-1.0,-24.93709284225633
0.01145928742834782,0.01094700474676518,-0.205,284.5818095649024,0.0,0.0,-0.5913365276711305,-1.7844296641344652,0.0,0.0,-1.0,-21.785150451815745
-0.004670126070258427,0.009229068647871862,-0.205,284.6176568847511,0.0,0.0,-0.5482087322818515,-0.29763866901163744,0.0,0.0,-1.0,-28.102721394650878
0.0026526139372157766,0.018362040990717133,-0.205,284.32699111362956,0.0,0.0,-0.5371754066890057,-0.2093857738963358,0.0,0.0,-1.0,-22.816340035459078
0.0073973979900559235,0.009113641349156537,-0.205,284.69563689514905,0.0,0.0,-0.5785855671877685,-1.5863997660281062,0.0,0.0,-1.0,-27.730538582699015
0.016612337224450255,-0.003358628094866764,-0.205,284.5170486139117,0.0,0.0,-0.5752891568385167,0.20202035193695544,0.0,0.0,-1.0,-24.883216875465248
0.011623315700554823,0.013552536710276397,-0.205,284.4852022670714,0.0,0.0,-0.5559164361283816,0.7205393737460667,0.0,0.0,-1.0,-25.350646695644414
-0.013470998713456521,0.014642779640599792,-0.205,284.2370083061679,0.0,0.0,-0.49179505612558794,1.829880048696176,0.0,0.0,-1.0,-21.04573283159914
0.00951783439119093,-0.0076721072980594305,-0.205,284.65208343935706,0.0,0.0,-0.5860841052082606,-1.309719568791097,0.0,0.0,-1.0,-25.768228276958542
0.005494210418271707,0.01222184372160919,-0.205,284.62701104639393,0.0,0.0,-0.5975481032137896,0.7053782517704349,0.0,0.0,-1.0,-26.608570625514602
-0.0031224574279080956,-0.015613937627668275,-0.205,284.5240308086174,0.0,0.0,-0.5905006110919816,1.3623525332274797,0.0,0.0,-1.0,-23.796674834233613
0.0005412151814280038,-0.010791473337083808,-0.205,284.7217016774091,0.0,0.0,-0.5597258434861203,-1.3933568637140394,0.0,0.0,-1.0,-28.44137523702595
0.006901440292501845,-0.01328487762982687,-0.205,284.46493671508466,0.0,0.0,-0.5982380040063294,-0.861562141041435,0.0,0.0,-1.0,-25.66530643350787
-0.008883183282762148,-0.01515398006496565,-0.205,284.50945885414194,0.0,0.0,-0.5626913598532075,-1.3604991257275807,0.0,0.0,-1.0,-23.771120618228714
-0.009818363031636523,-0.00912141052947254,-0.205,284.6775936066396,0.0,0.0,-0.5975568284068334,-0.26875635104133516,0.0,0.0,-1.0,-26.385659995364026
0.010831756232616035,0.009180679794580874,-0.205,284.62474272158056,0.0,0.0,-0.5999911760421374,1.0343127458117412,0.0,0.0,-1.0,-26.3592395660507
-0.013023968401940436,0.0064399410748172525,-0.205,284.53999048147244,0.0,0.0,-0.5997355310761892,-0.3686615318297371,0.0,0.0,-1.0,-27.494979260583627
-0.010849564703329779,0.013108808423268099,-0.205,284.3143471319725,0.0,0.0,-0.5740312755917327,0.32094203019577644,0.0,0.0,-1.0,-22.985017559498186
0.010014219380957054,-0.01656585655329149,-0.205,284.2388788964415,0.0,0.0,-0.5114739217809877,0.7091039157502267,0.0,0.0,-1.0,-22.630193939714438
0.006551687042958803,-0.01728337664480208,-0.205,284.3522747050658,0.0,0.0,-0.5391786636964055,0.9798596397440693,0.0,0.0,-1.0,-23.968397167115032
-0.018823493598343385,0.0025622225988301156,-0.205,284.40585205103736,0.0,0.0,-0.523526752385148,-2.286207461795917,0.0,0.0,-1.0,-23.53259145070252
-0.0019190515573628542,-0.019370204694814545,-0.205,284.27227747467305,0.0,0.0,-0.5077063911908952,-1.2043483442627942,0.0,0.0,-1.0,-22.544040623659043
0.017267706325011165,-0.0008838930688377525,-0.205,284.412835265062,0.0,0.0,-0.5686314844244569,0.05019286182264751,0.0,0.0,-1.0,-24.043341883888964
0.016939196985831826,-0.004033194221920432,-0.205,284.3886599050098,0.0,0.0,-0.5660546344572821,-1.0049580474372055,0.0,0.0,-1.0,-24.120586578805053
0.012791760409147741,-1.477755864534546e-05,-0.205,284.52382745432703,0.0,0.0,-0.5927837785325242,0.2803751659444709,0.0,0.0,-1.0,-27.258299613387383
-0.013246213045983925,0.009490214119849419,-0.205,284.4460818797959,0.0,0.0,-0.5858082923035594,-0.8711310180524258,0.0,0.0,-1.0,-25.97645556863191
-0.008538368240999636,0.01423094402762266,-0.205,284.4151968216885,0.0,0.0,-0.5813245217127051,-0.6213249450845776,0.0,0.0,-1.0,-26.22847923210378
0.010212845715468847,-0.0006439094055331937,-0.205,284.76614153850414,0.0,0.0,-0.54524372307331,0.586264529463631,0.0,0.0,-1.0,-27.64832579150186
0.012742409657940223,-0.009218978417722875,-0.205,284.4467489308384,0.0,0.0,-0.5925904350817395,-0.7472520293098278,0.0,0.0,-1.0,-24.23389254208124
0.019100527557197114,-0.0032415136008269573,-0.205,284.3399450798845,0.0,0.0,-0.5109133163083713,2.183636948746881,0.0,0.0,-1.0,-24.29184639658987
-0.0003994379362152933,-0.013601687437103254,-0.205,284.5964402617546,0.0,0.0,-0.5985993355511314,0.6051233668302117,0.0,0.0,-1.0,-27.461365724992657
-0.006677871462883427,0.014429027520884586,-0.205,284.394213474599,0.0,0.0,-0.5907677576638655,-1.2312718198156223,0.0,0.0,-1.0,-26.079324364525316
-0.012290227525146311,0.006196539955477234,-0.205,284.5905353194585,0.0,0.0,-0.5991983443214359,0.12290109418794709,0.0,0.0,-1.0,-24.94031397538584
-0.009660373060931787,0.009541352242749641,-0.205,284.5245378195304,0.0,0.0,-0.5984672021171031,-1.2943434800820652,0.0,0.0,-1.0,-28.596640578431924
0.012384671971672378,-0.012476286224040284,-0.205,284.3571825221699,0.0,0.0,-0.562380954872254,-0.01646179535811848,0.0,0.0,-1.0,-24.159160325987763
0.0024226331544365326,-0.016927245911631597,-0.205,284.35241668184625,0.0,0.0,-0.5724409052366128,-0.18527463095425958,0.0,0.0,-1.0,-24.82322523434732
-0.008248260695019752,-0.014524155053632908,-0.205,284.50566807781684,0.0,0.0,-0.5795828168741081,0.45415813385706294,0.0,0.0,-1.0,-25.434129384025553
-0.008377131173078358,0.015305740820191666,-0.205,284.36253225190745,0.0,0.0,-0.5652874387177466,0.7850169024493044,0.0,0.0,-1.0,-24.252978782562245
-0.011986789142774928,-0.00824848875995484,-0.205,284.61457709812555,0.0,0.0,-0.5996933050332975,-0.2534539204274065,0.0,0.0,-1.0,-25.10942979288459
0.0026972315143580557,-0.01179480134063004,-0.205,284.66773070614147,0.0,0.0,-0.5843025929811574,0.22977980371485618,0.0,0.0,-1.0,-26.96385212996281
-0.014602157458840966,-0.009582298458110476,-0.205,284.5902779285739,0.0,0.0,-0.5649125095001581,-1.1115980897480569,0.0,0.0,-1.0,-23.549556477795203
-0.009320288270230381,-0.004372457125594843,-0.205,284.87103611485884,0.0,0.0,-0.5469165152088673,1.125950338015269,0.0,0.0,-1.0,-28.33976264277466
0.014873982956932931,0.008023720600352054,-0.205,284.5429485322201,0.0,0.0,-0.5761657289867842,1.1349490894314773,0.0,0.0,-1.0,-23.326640301133594
0.003534990457518825,-0.019012272996719586,-0.205,284.3799461415029,0.0,0.0,-0.5121440939928128,1.5826844288687585,0.0,0.0,-1.0,-21.621580820934902
0.010720854847515842,-0.012260799301915846,-0.205,284.4621933301061,0.0,0.0,-0.5859198502538701,0.25937606428821997,0.0,0.0,-1.0,-25.601312755914407
0.017243461887948924,-0.0098398446198484,-0.205,284.2296386333398,0.0,0.0,-0.4934463483099187,-1.0666920057741944,0.0,0.0,-1.0,-21.852595889813575
-0.004584083235046338,-0.013094628674637898,-0.205,284.6539841611819,0.0,0.0,-0.5995197926753648,-0.09837329233186363,0.0,0.0,-1.0,-24.54506387647085
0.0034551242227014323,0.019097419049123272,-0.205,284.27739138254435,0.0,0.0,-0.5097332074747537,-0.898546090174121,0.0,0.0,-1.0,-22.04737374485195
-0.01822475535103848,-0.0036884046204938414,-0.205,284.263787775427,0.0,0.0,-0.5359548471293136,-1.3641874285541131,0.0,0.0,-1.0,-23.271952384902427
-0.009255654838380334,0.0029249936423155487,-0.205,284.8197498310473,0.0,0.0,-0.5299556168339644,-1.779007875114733,0.0,0.0,-1.0,-27.597296530412912
-0.011211461371398711,-0.004935010272299014,-0.205,284.70645110199956,0.0,0.0,-0.5864194430762899,0.38888883744022873,0.0,0.0,-1.0,-26.029575391131615
0.001711134772553912,-0.014275351031302412,-0.205,284.52359571845784,0.0,0.0,-0.599944799430701,-2.029458624189382,0.0,0.0,-1.0,-25.84188468865554
-0.012177857048997385,0.008257964921057667,-0.205,284.49376331941215,0.0,0.0,-0.599270191418003,0.08038205334541515,0.0,0.0,-1.0,-25.23735338477317
-0.01875339416972789,0.0015565135561815574,-0.205,284.2934899904723,0.0,0.0,-0.5291913793966937,-0.39128843851319806,0.0,0.0,-1.0,-24.172143657370675
-0.011159096652980887,0.014102277636862177,-0.205,284.3141133655403,0.0,0.0,-0.5527015630449981,0.2302784857304954,0.0,0.0,-1.0,-23.268902506838657
-0.0099658519049601,-0.007827908210762614,-0.205,284.7875555983806,0.0,0.0,-0.5915559578709529,2.3003755479457264,0.0,0.0,-1.0,-26.7761060576623
0.01691936783394422,-0.009991332571962021,-0.205,284.2197504015352,0.0,0.0,-0.5010721077351469,-0.5909760296499564,0.0,0.0,-1.0,-23.848410544926203
-0.0030839552105289734,0.015143288027347955,-0.205,284.5403496124925,0.0,0.0,-0.5950796083545002,-0.0041998914250469975,0.0,0.0,-1.0,-24.821702144876667
-0.014901669865742373,0.00694478374327766,-0.205,284.45553698577874,0.0,0.0,-0.5837167677695334,0.19893171956282,0.0,0.0,-1.0,-24.36477743758139
0.006437901319907474,-0.005991651599207777,-0.205,284.8064946201599,0.0,0.0,-0.4990056609002431,1.3547583532203895,0.0,0.0,-1.0,-28.99894392124116
0.0014377282858496765,0.017931372412557576,-0.205,284.3410973189137,0.0,0.0,-0.5525595168994776,-0.5606713614773284,0.0,0.0,-1.0,-22.276747813247532
0.002579921795064934,0.017744337356602975,-0.205,284.3868228760462,0.0,0.0,-0.5540201684144234,2.458972365512699,0.0,0.0,-1.0,-22.315043182265725
0.017496540907929004,-0.005053607709074046,-0.205,284.3180622350851,0.0,0.0,-0.5467362620474335,-0.7272173634140764,0.0,0.0,-1.0,-23.318500625753636
0.012655144382281696,0.015444559513931169,-0.205,284.46311959366705,0.0,0.0,-0.4890783266148564,0.34533074982408163,0.0,0.0,-1.0,-21.58774268913439
0.007041684087610736,0.007394391105519848,-0.205,284.8354873535289,0.0,0.0,-0.5446359442745663,-0.10060188307461353,0.0,0.0,-1.0,-27.30437281641715
0.018395254343962834,-0.0013099187648666802,-0.205,284.400011348955,0.0,0.0,-0.54036990817127,-1.7692658789401547,0.0,0.0,-1.0,-21.254800233293864
0.013729934337525587,-0.005115516597046587,-0.205,284.51964596801304,0.0,0.0,-0.5994517244415253,0.7733135680036967,0.0,0.0,-1.0,-26.08202146093502
0.008341338598658909,0.010841376718561946,-0.205,284.6367218825675,0.0,0.0,-0.5988933206577496,0.8744137761019765,0.0,0.0,-1.0,-25.795096071904112
-0.011214600317637135,0.014802183281389556,-0.205,284.24792788694776,0.0,0.0,-0.5366464783844608,1.4014145530454967,0.0,0.0,-1.0,-22.49788371214657
0.010721085521048957,0.010753350632038021,-0.205,284.6549599418484,0.0,0.0,-0.597034925351953,0.67771460631015,0.0,0.0,-1.0,-26.543634827783187
0.017197428551042806,-0.007992427476452133,-0.205,284.30717003669,0.0,0.0,-0.5245911223577822,-0.47973868535927217,0.0,0.0,-1.0,-22.786434033795327
0.002614728193845967,-0.016031676401517776,-0.205,284.411905845014,0.0,0.0,-0.5865137319612997,-0.27847635074441873,0.0,0.0,-1.0,-23.84809695199357
0.01853552792987702,0.005072324307999442,-0.205,284.37954988008164,0.0,0.0,-0.516275828465264,0.39664793289279515,0.0,0.0,-1.0,-23.47611231957507
0.01636569574889886,-0.00208651284783006,-0.205,284.4670711089005,0.0,0.0,-0.582848009573428,0.9307632202613147,0.0,0.0,-1.0,-25.43424837533295
-0.011210457723682295,-0.012533983356991536,-0.205,284.53958161578555,0.0,0.0,-0.5776569352406015,0.3101308394524863,0.0,0.0,-1.0,-25.09262607144488
0.013553491461352216,-0.0126437462719356,-0.205,284.2363719738657,0.0,0.0,-0.5376779011272248,0.6597404945254978,0.0,0.0,-1.0,-21.13712621047787
-0.008417934951798576,0.01368622733070703,-0.205,284.5023772839608,0.0,0.0,-0.5887861926366053,-1.1851269497716883,0.0,0.0,-1.0,-24.608401727704724
0.00465115478131775,-0.008423388218749744,-0.205,284.74196394815954,0.0,0.0,-0.5273213996691515,-1.5398711837448213,0.0,0.0,-1.0,-29.057903065043437
0.015723391884875218,0.005558258192272953,-0.205,284.51972345669975,0.0,0.0,-0.5800122424113631,-0.8484568495669434,0.0,0.0,-1.0,-24.02906507636318
-0.009596519556210464,0.009671029778272583,-0.205,284.50963921094393,0.0,0.0,-0.5986714853612135,0.11667706858865798,0.0,0.0,-1.0,-25.602911141393097
-0.008186121735430124,-0.003940383528562181,-0.205,284.8398056034401,0.0,0.0,-0.5094727277854362,-2.7634804172259138,0.0,0.0,-1.0,-29.488029891055984
0.006599733123081986,-0.013527205762065383,-0.205,284.4506462139838,0.0,0.0,-0.5978210235203933,-0.04842742268339004,0.0,0.0,-1.0,-25.94057197543336
0.0005965814281953949,0.017152314779442044,-0.205,284.4315595325173,0.0,0.0,-0.5712097997032463,0.7064663235947586,0.0,0.0,-1.0,-24.71628199810427
-0.01180369277654816,-0.011561882089478212,-0.205,284.5444009497216,0.0,0.0,-0.5824694579051778,1.1428334309768888,0.0,0.0,-1.0,-26.2088755538843
-0.004738625932602917,-0.011037329036777578,-0.205,284.75691878761864,0.0,0.0,-0.5829958867311104,-1.0125799050531068,0.0,0.0,-1.0,-25.612241322909398
-0.013062784736607358,-0.008418549157758911,-0.205,284.5805874471553,0.0,0.0,-0.5943480459264399,-0.6676438684747533,0.0,0.0,-1.0,-24.88842640853394
0.0026957390630789673,-0.01938161432915455,-0.205,284.2207364228718,0.0,0.0,-0.5040191602588296,-0.49510541737716074,0.0,0.0,-1.0,-21.83479815404408
-0.015404694785582306,0.004163377838981371,-0.205,284.5028794134934,0.0,0.0,-0.5901071075949053,-1.1041198869744488,0.0,0.0,-1.0,-24.679911947428028
-0.01471197492679755,-0.013034856985836526,-0.205,284.35255699352496,0.0,0.0,-0.5008314495612144,2.780356101213269,0.0,0.0,-1.0,-23.01538234631036
0.009943324057861592,0.010896221335235384,-0.205,284.6639245922175,0.0,0.0,-0.5991475952067626,0.44660458762774674,0.0,0.0,-1.0,-25.57750222028778
0.006502058057665332,0.010397431264264132,-0.205,284.80867606819555,0.0,0.0,-0.5866027926223853,-1.362391863260205,0.0,0.0,-1.0,-27.068023122187373
-0.019067907755940274,0.0037283343001380084,-0.205,284.37820321732426,0.0,0.0,-0.5089778662348279,1.7513039081623518,0.0,0.0,-1.0,-23.229379937832157
-0.011534955759037284,-0.008737519681587242,-0.205,284.65064346458377,0.0,0.0,-0.5998347923737006,-0.8928522307687058,0.0,0.0,-1.0,-25.699376288504695
-0.0021231222334679415,0.016521452012263866,-0.205,284.4085887790485,0.0,0.0,-0.5803337421457897,-0.8001213103903412,0.0,0.0,-1.0,-23.14714257077856
-0.017494721726222424,0.0037425649855845375,-0.205,284.3466476116627,0.0,0.0,-0.5550227209127369,-1.8263508290949937,0.0,0.0,-1.0,-23.20323914854346
0.002692449186883408,-0.00832551487203549,-0.205,284.79316689922746,0.0,0.0,-0.4973465149484763,-0.19199340067841883,0.0,0.0,-1.0,-27.48282275990642
-0.010325566107956666,0.010986266814673972,-0.205,284.45994588021017,0.0,0.0,-0.5976791404765008,0.40884206682390206,0.0,0.0,-1.0,-25.097211434688308
-0.003669462814847092,0.008524352760750621,-0.205,284.73694110789825,0.0,0.0,-0.5161959561445171,-0.5238827069669575,0.0,0.0,-1.0,-28.38907480938859
-0.0022169962040438315,-0.010427818018285843,-0.205,284.76125294748033,0.0,0.0,-0.5562848464315177,-0.2653036462999318,0.0,0.0,-1.0,-28.6937516450795
-0.010462423801561939,0.0019467388053084791,-0.205,284.7882115015316,0.0,0.0,-0.5558235405198411,-0.29323565662415807,0.0,0.0,-1.0,-28.1100641621577
-0.009761552959537933,-0.004665035616067006,-0.205,284.8133550294319,0.0,0.0,-0.5600513628844183,-0.46285099045268696,0.0,0.0,-1.0,-29.425589673216756
0.0004955533357100377,0.01601064654217094,-0.205,284.5299134724586,0.0,0.0,-0.5893885233757402,1.5013188185512658,0.0,0.0,-1.0,-24.83200112540875
-0.012830086622232938,-0.012445846896586777,-0.205,284.449185260401,0.0,0.0,-0.5554100470965432,0.3915712240365608,0.0,0.0,-1.0,-21.440016666275614
-0.015388191129147527,0.010453783750521015,-0.205,284.30176114261513,0.0,0.0,-0.5356914246550223,-0.4711222928702239,0.0,0.0,-1.0,-23.902302699380567
0.017224197140789287,-0.005160896363231884,-0.205,284.3228990778416,0.0,0.0,-0.5527662569941275,2.6269204313171555,0.0,0.0,-1.0,-23.250413618518547
-0.019435040756480736,0.00044766442003527074,-0.205,284.34937246370356,0.0,0.0,-0.5085834871248169,0.5724381128362336,0.0,0.0,-1.0,-21.347713890716854
-0.010654893851419924,-0.0005365836060663142,-0.205,284.7832436901696,0.0,0.0,-0.5564676445183177,-3.7219087908967268,0.0,0.0,-1.0,-30.980764694211533
0.015525150958658933,0.011325824995949236,-0.205,284.34515617356044,0.0,0.0,-0.5162667458707635,1.3308426014555048,0.0,0.0,-1.0,-23.212229163932438
-0.005960900721151488,0.016836566041808474,-0.205,284.3720910873637,0.0,0.0,-0.5557590528405207,2.732777623379566,0.0,0.0,-1.0,-23.794478387718705
0.00868954214309109,0.014015471417448098,-0.205,284.5502384057493,0.0,0.0,-0.5829625052864092,2.5410624388471534,0.0,0.0,-1.0,-25.034135438370722
0.008846283342765897,0.010116466243222908,-0.205,284.6477924743895,0.0,0.0,-0.5977665210831586,-2.418266184041158,0.0,0.0,-1.0,-26.518458398746166
0.00640852488708883,0.009951465621747145,-0.205,284.7446409087821,0.0,0.0,-0.5802312027315392,-0.5793624450503673,0.0,0.0,-1.0,-28.16085688626608
0.01932946723094445,-0.00034573306904250265,-0.205,284.25099800046087,0.0,0.0,-0.512335852635888,0.6348475762046918,0.0,0.0,-1.0,-22.20921327804253
0.010688072916980146,0.008494698155946506,-0.205,284.7014836111464,0.0,0.0,-0.5987890737221108,-0.5575133016666713,0.0,0.0,-1.0,-26.860590355595846
-0.00888678193474623,0.01774117268904859,-0.205,284.26846539764955,0.0,0.0,-0.49386310090855595,-0.3829848538540332,0.0,0.0,-1.0,-21.669507163821525
0.0034873253346294096,-0.014108087685415957,-0.205,284.57231381346924,0.0,0.0,-0.5997287744184994,-0.27869262814895285,0.0,0.0,-1.0,-27.910401506276838
-0.008633030150304349,-0.007169732362251414,-0.205,284.7449663435881,0.0,0.0,-0.5688859686299409,-0.22073823564763312,0.0,0.0,-1.0,-28.49214956886209
-0.012507532054507256,0.008496786016991007,-0.205,284.4526340189293,0.0,0.0,-0.5974276288432041,0.6303391002400771,0.0,0.0,-1.0,-26.79542030818423
0.009489333238131973,-0.003889533914659305,-0.205,284.81509731811866,0.0,0.0,-0.5458528948739062,0.7407067845589252,0.0,0.0,-1.0,-27.036827148054954
-0.005992652759687243,-0.015828851089672965,-0.205,284.45667661535543,0.0,0.0,-0.5757121516128029,-0.37167666609651323,0.0,0.0,-1.0,-23.148264609981435
0.014461086766261856,0.003627026629696475,-0.205,284.5749186639337,0.0,0.0,-0.5985262250748674,2.6058552405142934,0.0,0.0,-1.0,-26.373555589523924
-0.0001658988488014122,-0.008826714121634917,-0.205,284.8252703828302,0.0,0.0,-0.5002455094476015,1.4829980150881097,0.0,0.0,-1.0,-30.746336085792954
-0.006894116554674926,0.008663713204747691,-0.205,284.72211646341015,0.0,0.0,-0.5657255836160241,-0.5915341610604905,0.0,0.0,-1.0,-29.669960546196528
-0.0025451155882068965,0.018209828038195666,-0.205,284.3603302512376,0.0,0.0,-0.5419246101267181,1.471196593402223,0.0,0.0,-1.0,-22.684372546947262
0.015127818357689417,-0.009974742075911112,-0.205,284.2716103722235,0.0,0.0,-0.5491661255014226,-1.2892863530807799,0.0,0.0,-1.0,-23.607988855116208
0.00978841131117332,0.004185001467997572,-0.205,284.7814569602509,0.0,0.0,-0.5559099232552104,0.6967382316772472,0.0,0.0,-1.0,-28.995066639837752
-0.0032831793957708954,0.015423050776836339,-0.205,284.4518688318889,0.0,0.0,-0.5921735937131499,-0.8131755211309839,0.0,0.0,-1.0,-25.15330506705067
0.018395983019982912,0.004352504285329855,-0.205,284.3859651552596,0.0,0.0,-0.5265001300904095,0.32818729576041467,0.0,0.0,-1.0,-23.115651120424634
-0.004793373421590054,-0.015304813737998505,-0.205,284.500318199634,0.0,0.0,-0.5891523345137999,-1.3512610148380064,0.0,0.0,-1.0,-25.403526193913216
0.00550972502267103,-0.012435623681942821,-0.205,284.4617526983207,0.0,0.0,-0.5985729877647422,0.7710958992084792,0.0,0.0,-1.0,-26.335001515419588
0.018233590486952313,0.002479650959341347,-0.205,284.49008647949336,0.0,0.0,-0.5415140110091006,2.237046241842647,0.0,0.0,-1.0,-25.163111201389377
0.0009618511987562335,0.009629811327179908,-0.205,284.79208332542936,0.0,0.0,-0.5290550906593853,-1.036604021445172,0.0,0.0,-1.0,-27.25245250198199
-0.004582115252694708,0.017953184160471078,-0.205,284.3086859888629,0.0,0.0,-0.5378730299577222,-2.4911223897436505,0.0,0.0,-1.0,-22.24846100542021
0.008368006495789861,0.008221089190199638,-0.205,284.7470779574759,0.0,0.0,-0.5784618035868005,1.127341904009808,0.0,0.0,-1.0,-27.816638239416104
-0.010329156045902734,0.010880073641711578,-0.205,284.4795267373535,0.0,0.0,-0.5980796512887541,0.16756126098654078,0.0,0.0,-1.0,-27.315097153224944
-0.010397585438901678,0.015183887231147223,-0.205,284.32311560935943,0.0,0.0,-0.541477469401293,-0.3985500591605995,0.0,0.0,-1.0,-23.024135659857823
0.013530757329418431,-0.0092490416500834,-0.205,284.382475403672,0.0,0.0,-0.5844614235885257,0.4807571996418845,0.0,0.0,-1.0,-25.531897102790772
-0.015473994254387597,0.01171530516276225,-0.205,284.2747392736598,0.0,0.0,-0.509693906693532,0.1478704656528784,0.0,0.0,-1.0,-22.136616788823357
-0.017276617155906702,0.007281454811982391,-0.205,284.2589729012866,0.0,0.0,-0.531330164597943,-2.806949511306541,0.0,0.0,-1.0,-22.76444131020458
0.011447039581775752,0.004449821255763545,-0.205,284.7893686718116,0.0,0.0,-0.5868501396405198,2.4493606969287414,0.0,0.0,-1.0,-28.272050337819923
0.014935576298945938,-0.0027879377352387725,-0.205,284.51038614449993,0.0,0.0,-0.59697873189972,1.4274214899293203,0.0,0.0,-1.0,-24.91841769859112
0.012604433469391852,-0.014898633533221128,-0.205,284.1975123663628,0.0,0.0,-0.505924089406552,0.01099634105121665,0.0,0.0,-1.0,-21.374587325194277
0.014151283586885274,-0.0041610247528074155,-0.205,284.44350940330924,0.0,0.0,-0.5991504037861616,-0.6574683224135572,0.0,0.0,-1.0,-25.017232653208513
0.008307031835220193,-0.01083725388678955,-0.205,284.5999710559816,0.0,0.0,-0.5987976770720123,-0.21765767918592763,0.0,0.0,-1.0,-25.717394701901217
-0.007560420588908614,0.01033887737232745,-0.205,284.692662095018,0.0,0.0,-0.5929463847880081,-1.314753169639836,0.0,0.0,-1.0,-26.44944706595812
0.016519913470225075,0.009824580739994024,-0.205,284.4737984589237,0.0,0.0,-0.516156806163497,0.05732774369155377,0.0,0.0,-1.0,-21.1942382119689
-0.012649515774871431,-0.012397318591638855,-0.205,284.4385304505969,0.0,0.0,-0.5593339432786905,1.0283651360470394,0.0,0.0,-1.0,-23.47813868691852
0.014431506591042266,-0.0032491123139051247,-0.205,284.4878954035065,0.0,0.0,-0.5990003718422143,1.671844355880458,0.0,0.0,-1.0,-26.505574126287637
-0.017480935942841714,-0.007640414084189639,-0.205,284.35146388975664,0.0,0.0,-0.5209067070462743,-0.5824899940186227,0.0,0.0,-1.0,-22.310290004397874
0.01586336108758938,0.01065983253589452,-0.205,284.39373108288623,0.0,0.0,-0.5197708002814179,-3.566016846539067,0.0,0.0,-1.0,-22.44093897352683
-0.014417796231501771,-0.002268600710584381,-0.205,284.54942293310836,0.0,0.0,-0.5995956489276878,0.12302070737800892,0.0,0.0,-1.0,-26.769123325306218
-0.008664320376623711,-0.005860834718703641,-0.205,284.7742191226254,0.0,0.0,-0.5512645016211596,-2.0873154578354525,0.0,0.0,-1.0,-27.546442185859387
-0.007061926594087262,-0.008510171352671538,-0.205,284.8039305678565,0.0,0.0,-0.565437511134694,-0.8408160365167289,0.0,0.0,-1.0,-28.137274748877367
-0.002418566947785276,0.01850077761945282,-0.205,284.2999148010369,0.0,0.0,-0.534055473847482,0.37618420120380885,0.0,0.0,-1.0,-21.64814884670206
0.0064092326593159455,-0.012006017178538084,-0.205,284.51009411529236,0.0,0.0,-0.5986084939918619,-0.21762948372997917,0.0,0.0,-1.0,-26.334464479241376
-0.012551672823975745,0.0053213572874808305,-0.205,284.60711884757933,0.0,0.0,-0.5987085103826965,-0.11695466932507081,0.0,0.0,-1.0,-25.031767497444314
-0.004663309925789364,-0.010149480057940361,-0.205,284.8416639678037,0.0,0.0,-0.5677973895712831,-1.09930843217907,0.0,0.0,-1.0,-28.307258784482805
0.0034984587457708646,-0.018562100169246618,-0.205,284.32082713595275,0.0,0.0,-0.5269721787321335,-0.6707451662568396,0.0,0.0,-1.0,-22.978331772836327
-0.008252126396471661,0.009588643671694192,-0.205,284.52188305523464,0.0,0.0,-0.5913198249751185,-2.089963983826426,0.0,0.0,-1.0,-25.804703296321257
-0.0018656127419353044,0.012379964728126898,-0.205,284.60926911693167,0.0,0.0,-0.5898403923101104,0.3687973277535833,0.0,0.0,-1.0,-27.329179515857486
0.019336360364888304,-0.001381711921803917,-0.205,284.26821353341535,0.0,0.0,-0.5104943740390092,0.17197158871293322,0.0,0.0,-1.0,-21.752145048111817
-0.010027394418425982,0.010642062069370113,-0.205,284.4275426440973,0.0,0.0,-0.5995304494455961,1.0975401514690122,0.0,0.0,-1.0,-26.783335655124752
0.010767051919895517,0.004425523567557169,-0.205,284.74314479483064,0.0,0.0,-0.576901711446648,0.32673523449562586,0.0,0.0,-1.0,-27.493565898448892
0.013468675689982862,-0.01258480167572609,-0.205,284.3974422360698,0.0,0.0,-0.5406156306421446,0.2216004249186302,0.0,0.0,-1.0,-23.287050644288385
0.0004613285579422198,-0.016461719960230818,-0.205,284.49695022279946,0.0,0.0,-0.5833024837717808,0.9254554416170241,0.0,0.0,-1.0,-23.3716675835944
0.017223087323419508,0.007427957540122438,-0.205,284.5173177983088,0.0,0.0,-0.5310790394700696,-0.8247842678288475,0.0,0.0,-1.0,-21.32678900463865
0.013704378590991703,-0.002676249955164775,-0.205,284.53191101186655,0.0,0.0,-0.5997209584908036,0.2679667023678333,0.0,0.0,-1.0,-26.782603051255045
-0.01110261325217766,-0.013763191276321697,-0.205,284.4424658792984,0.0,0.0,-0.5600018134386009,0.8803172179701996,0.0,0.0,-1.0,-23.976533765633736
0.013064512256370023,-0.01295334959020606,-0.205,284.3170011762315,0.0,0.0,-0.5416224921273691,-0.20977579222491724,0.0,0.0,-1.0,-24.654603744485964
-0.0097304208579865,-0.017391907556342522,-0.205,284.26485836871876,0.0,0.0,-0.4905590662325674,-0.9296650330135313,0.0,0.0,-1.0,-20.507406367464714
0.001135750991990458,-0.010743093976245802,-0.205,284.8121900969778,0.0,0.0,-0.5596773387850026,-0.8823305265141548,0.0,0.0,-1.0,-26.580789809146896
0.004345015968729228,0.017232499731228892,-0.205,284.44307631496866,0.0,0.0,-0.5579083633577132,-0.26116633481953466,0.0,0.0,-1.0,-21.75312027162983
-0.009161647532592484,0.004340210793194329,-0.205,284.77159803170827,0.0,0.0,-0.5426116020075312,-0.16772632066054025,0.0,0.0,-1.0,-28.710736788765235
0.0074234682011732125,0.012563149908776128,-0.205,284.5423938600588,0.0,0.0,-0.5996019477873346,0.056331952473236836,0.0,0.0,-1.0,-26.836663230078674
0.012757127407542682,-0.0069221533931510095,-0.205,284.44089144772,0.0,0.0,-0.5997632153558092,-0.020576000028338932,0.0,0.0,-1.0,-26.197688091389278
-0.011749273751895228,-0.0009193143439133239,-0.205,284.73326790808727,0.0,0.0,-0.5793829740608388,-0.28586348138739526,0.0,0.0,-1.0,-26.588420591342807
0.011141941589650931,0.0071521906933642194,-0.205,284.71019465102034,0.0,0.0,-0.596537981889313,0.0015461247554397416,0.0,0.0,-1.0,-27.4301710145333
-0.006223009132397587,-0.01101999632878456,-0.205,284.75236785257545,0.0,0.0,-0.5913739939246163,-0.27109101067313385,0.0,0.0,-1.0,-27.134032143270712
0.0024129119190472656,-0.018045267734205655,-0.205,284.3679682409409,0.0,0.0,-0.5468941984619967,-0.6974022861399561,0.0,0.0,-1.0,-23.167658012301082
0.017683052531206795,0.009205633343025913,-0.205,284.3857230207211,0.0,0.0,-0.4902935101159479,1.2099836479435202,0.0,0.0,-1.0,-21.653354473579434
0.004763699124576049,0.008212043107045812,-0.205,284.81636165724893,0.0,0.0,-0.523229514986464,1.4363692804851242,0.0,0.0,-1.0,-30.442995749658973
0.0023607137631240648,0.012643208165910086,-0.205,284.7082012858155,0.0,0.0,-0.593459436401692,0.9038206607672902,0.0,0.0,-1.0,-26.28660280861317
-0.005771579506407811,0.017583846455424882,-0.205,284.44002367112074,0.0,0.0,-0.5385063964675839,-0.43680948797833247,0.0,0.0,-1.0,-24.31312854211653
0.00950325865935132,0.010972843850267883,-0.205,284.57610480294096,0.0,0.0,-0.5997598239590254,0.5310060366995385,0.0,0.0,-1.0,-25.64561747206155
0.0050952489537413196,-0.013916454700744636,-0.205,284.4270405406989,0.0,0.0,-0.598897836266057,0.31036631541607895,0.0,0.0,-1.0,-25.839261940135202
-0.012678498621933059,0.012995862489050243,-0.205,284.27894966081465,0.0,0.0,-0.5482274207190142,-1.2614787638890872,0.0,0.0,-1.0,-23.822112936865175
0.00706807683305872,-0.009332756265733589,-0.205,284.6397751627854,0.0,0.0,-0.5780573736474639,1.0701290075829848,0.0,0.0,-1.0,-27.926611554320726
-0.007778851737787345,0.0035391365916693156,-0.205,284.8415667247664,0.0,0.0,-0.48959233666696605,0.02396146233462318,0.0,0.0,-1.0,-30.19076103974026
0.00342466184661722,0.009577900152391185,-0.205,284.8095184105387,0.0,0.0,-0.5435576554712004,-1.2129585204866102,0.0,0.0,-1.0,-27.293317737777016
-0.017756863917150544,0.0009621857061837052,-0.205,284.44585854034887,0.0,0.0,-0.557643193361591,-0.17940065496536023,0.0,0.0,-1.0,-24.256565872547338
-0.011979958553976471,-0.0020817666673031074,-0.205,284.7602767878403,0.0,0.0,-0.5851692774784263,-1.4785736977358293,0.0,0.0,-1.0,-27.86807499876376
0.015343532597589494,-0.01051140358815994,-0.205,284.3318935592344,0.0,0.0,-0.5358219423991689,-0.21625551189032102,0.0,0.0,-1.0,-22.430586380134525
0.004264891924031847,-0.008111817740812073,-0.205,284.81048048167156,0.0,0.0,-0.512239696966951,-2.1866739654807454,0.0,0.0,-1.0,-29.163455943386836
-0.011760284358699651,0.013014801988479109,-0.205,284.28489298063,0.0,0.0,-0.5632435907018941,-0.8951548125601653,0.0,0.0,-1.0,-22.472710382339674
-0.016316750161359278,-0.007948028766628475,-0.205,284.4835997897858,0.0,0.0,-0.5483946976529525,-0.5055250724009611,0.0,0.0,-1.0,-23.24985632589909
0.015035987558581572,0.008115338550515676,-0.205,284.4203193189997,0.0,0.0,-0.5727012023105198,-0.5321345999858703,0.0,0.0,-1.0,-25.199426850853598
0.017854899915822526,0.0021380678973813762,-0.205,284.4576486177303,0.0,0.0,-0.5527233212383291,-0.6529427850657831,0.0,0.0,-1.0,-24.55974986184324
-0.016459200435552903,0.0032386523853346395,-0.205,284.36596042577764,0.0,0.0,-0.5783671608071718,1.4797768291824906,0.0,0.0,-1.0,-24.36917403631536
-0.008919066606679975,-7.095318886730276e-05,-0.205,284.86635392859495,0.0,0.0,-0.5035687723281226,1.1517686466566366,0.0,0.0,-1.0,-29.973367081068808
0.011275227233235652,-0.0075150497952664735,-0.205,284.60176378834194,0.0,0.0,-0.5983378895290766,-0.541615304681183,0.0,0.0,-1.0,-27.44002104906761
-0.013854246704368274,-0.003151517807831158,-0.205,284.65540486913665,0.0,0.0,-0.5999940633134985,1.0703524493759304,0.0,0.0,-1.0,-24.532032422521745
-0.006127160977668716,0.013091192551806153,-0.205,284.58929307241806,0.0,0.0,-0.5998586145878624,0.18853543809586407,0.0,0.0,-1.0,-25.638960913235614
-0.0028967866483734996,0.011767655803931147,-0.205,284.6284380898349,0.0,0.0,-0.5845886041304572,-1.2439368308140315,0.0,0.0,-1.0,-28.480069484542273
-0.008912122760881559,-0.012212539797196357,-0.205,284.5650093302688,0.0,0.0,-0.597439665939009,-0.3490832332473372,0.0,0.0,-1.0,-25.038064904529506
0.008999566969730168,0.002604111366326886,-0.205,284.8453204506173,0.0,0.0,-0.5191429146939439,0.73021527852241,0.0,0.0,-1.0,-28.22834270465327
0.010207820851668594,0.0065963536299688316,-0.205,284.7529809910533,0.0,0.0,-0.5850864858678313,1.82050639992449,0.0,0.0,-1.0,-26.172391596359457
0.012072349174091846,0.01236747299485976,-0.205,284.50284644401296,0.0,0.0,-0.5687858464287067,-0.404567555582781,0.0,0.0,-1.0,-24.979738163114487
0.0018262267432245503,-0.009316796776032648,-0.205,284.8137551107722,0.0,0.0,-0.5232419678044525,0.5453181820285852,0.0,0.0,-1.0,-29.003254090949277
0.003125564353735943,-0.018995543343075228,-0.205,284.3195100904935,0.0,0.0,-0.5151277830534219,-1.3310849131216864,0.0,0.0,-1.0,-22.08481719633149
0.011383430244674631,0.0036215933010502995,-0.205,284.6443162749188,0.0,0.0,-0.5819799441469156,-0.26433469765121226,0.0,0.0,-1.0,-27.820944848207695
-0.017350376683180225,-0.0005408938260270972,-0.205,284.48047181139003,0.0,0.0,-0.5672022280732588,1.1725123575056116,0.0,0.0,-1.0,-23.742178910277588
-0.0019361994454216462,-0.0169314932609323,-0.205,284.46410279083693,0.0,0.0,-0.5735492240597959,-1.0843294368142615,0.0,0.0,-1.0,-23.605360001887295
-0.012672883766045228,-0.001675678569588036,-0.205,284.6466872030071,0.0,0.0,-0.592698595715418,-0.5422399091523957,0.0,0.0,-1.0,-26.539795538410544
0.01062237368259054,0.009430654379581037,-0.205,284.7027174699738,0.0,0.0,-0.5999930205183018,1.644235086035621,0.0,0.0,-1.0,-25.409114010561005
0.008622310419123362,0.015786897151922934,-0.205,284.39375517490936,0.0,0.0,-0.5525812538879916,-0.37731307090676885,0.0,0.0,-1.0,-23.04890421602866
-0.003642050312371129,-0.017963311997070096,-0.205,284.3964204218468,0.0,0.0,-0.5435423048336302,-1.5283102638181638,0.0,0.0,-1.0,-22.551351274673472
-0.002736241542636431,0.01649710980028728,-0.205,284.45869225470074,0.0,0.0,-0.5792543989797293,-1.4950816162111964,0.0,0.0,-1.0,-24.24553367013939
0.004817436698088177,-0.01890844352603455,-0.205,284.4144853021984,0.0,0.0,-0.5060193756348176,-0.012115501914992352,0.0,0.0,-1.0,-23.421262483011137
-0.017050525437190614,0.006782554326314571,-0.205,284.2908424486797,0.0,0.0,-0.5429533130161383,-1.2521586961620972,0.0,0.0,-1.0,-22.859031361337653
0.003497503616988591,0.01209802992874356,-0.205,284.6436092786121,0.0,0.0,-0.5906874454478962,-0.1413223252416072,0.0,0.0,-1.0,-29.1313416824252
0.001969596171961703,-0.011711290886093455,-0.205,284.6088884950055,0.0,0.0,-0.5808703554826811,1.019217039775901,0.0,0.0,-1.0,-28.189813337043105
-0.01765512168111888,0.0018214159160002607,-0.205,284.4635066467013,0.0,0.0,-0.5584565816165816,-0.15368936102677755,0.0,0.0,-1.0,-21.975016623386747
0.011123389290883919,0.007604183471306911,-0.205,284.59626985151704,0.0,0.0,-0.5979573942222145,-1.4620796047304536,0.0,0.0,-1.0,-26.847043219280508
-0.010778847014935108,0.010868226561469683,-0.205,284.3688908656113,0.0,0.0,-0.5962090866239874,0.17323167954248433,0.0,0.0,-1.0,-24.711731507177987
-0.011962100231875857,-0.01348890464309033,-0.205,284.48550790599955,0.0,0.0,-0.5515386698418058,0.5447678903717839,0.0,0.0,-1.0,-21.356662649343953
0.0025407815584837477,0.010205373125458874,-0.205,284.7156689005872,0.0,0.0,-0.5527070801655283,-2.0132646397587544,0.0,0.0,-1.0,-30.471482160278974
-0.013498292481066907,-0.013409111852728096,-0.205,284.3708953911745,0.0,0.0,-0.5225753915832869,2.307838424953388,0.0,0.0,-1.0,-22.943495699330047
0.009027663077948209,-0.014605804396641709,-0.205,284.3428024511246,0.0,0.0,-0.5710538885452147,0.4575795887422221,0.0,0.0,-1.0,-22.703876199254218
-0.014454277227238473,-0.00508034162113321,-0.205,284.5803875469466,0.0,0.0,-0.5961067306368335,0.1649450526186506,0.0,0.0,-1.0,-25.664415067128974
-0.018365504175772863,-0.0019522218870726487,-0.205,284.44607744213505,0.0,0.0,-0.5395953485931663,-1.8862996451954386,0.0,0.0,-1.0,-22.229767077407576
-0.0033333824409357707,0.008305707230365087,-0.205,284.72660682484286,0.0,0.0,-0.5046619017793534,0.5981607902986655,0.0,0.0,-1.0,-28.801182589429004
-0.0022762997202980086,0.019103535159576628,-0.205,284.3417829527353,0.0,0.0,-0.5155445847774041,1.3276463281300872,0.0,0.0,-1.0,-22.417748043032447
0.009267639126969153,-0.011231322306895884,-0.205,284.5288750421368,0.0,0.0,-0.5996711165277253,-1.6590195907582905,0.0,0.0,-1.0,-26.405694065355906
0.008790572331252739,-0.009702266996875833,-0.205,284.50607583955525,0.0,0.0,-0.5954516468570682,0.4223212677958819,0.0,0.0,-1.0,-29.150714574234403
0.017125084621894066,0.003289667688768795,-0.205,284.41962145655833,0.0,0.0,-0.5655058621154925,1.8416935859621215,0.0,0.0,-1.0,-22.356660814338042
0.017762747062259717,0.002286220254769923,-0.205,284.3679498504225,0.0,0.0,-0.5545591647752837,0.6448435061193089,0.0,0.0,-1.0,-23.618319274754224
0.004813404287649987,0.009434042341617646,-0.205,284.8015497780736,0.0,0.0,-0.5545667554600362,-0.743647881664012,0.0,0.0,-1.0,-30.190213947569596
0.010368704345684363,-0.005730920841335232,-0.205,284.63291161077444,0.0,0.0,-0.5804055507308458,-1.1170273180779908,0.0,0.0,-1.0,-29.14804969811532
0.005118039157465864,0.014966039199415804,-0.205,284.54872919013604,0.0,0.0,-0.5916674000529066,-2.3370008693482798,0.0,0.0,-1.0,-24.84084917151831
0.00678036179736559,0.016760972222073886,-0.205,284.4156016733009,0.0,0.0,-0.5502077297114569,0.013907656202510455,0.0,0.0,-1.0,-24.06825548727134
0.0120708239147191,-0.013359269999274078,-0.205,284.3507666378299,0.0,0.0,-0.552154176785366,-3.272313636095864,0.0,0.0,-1.0,-23.142495452585134
-0.01417433470627807,0.010079296482356023,-0.205,284.32145397205664,0.0,0.0,-0.5664844092560762,-0.9257059484972329,0.0,0.0,-1.0,-23.860135749006496
-0.014919669437398341,0.009244044013563641,-0.205,284.33139851736433,0.0,0.0,-0.5630143884610792,0.9454273501812436,0.0,0.0,-1.0,-22.82247671452441
-0.0004886486244865712,0.017104854362485017,-0.205,284.4818470885127,0.0,0.0,-0.5722063446561367,-0.3681447549779466,0.0,0.0,-1.0,-22.593691087050715
-0.0035420867470904913,-0.010768267362636995,-0.205,284.68485688362006,0.0,0.0,-0.5711812688630927,1.0136791008684338,0.0,0.0,-1.0,-29.641073547225098
0.014867582761355731,0.005653142567869717,-0.205,284.48474220347146,0.0,0.0,-0.5906929051751105,2.0663890621312597,0.0,0.0,-1.0,-24.620443931363482
-0.018928615815924598,0.0003914506578333528,-0.205,284.34664201933106,0.0,0.0,-0.5255879986710851,-0.2694831488444634,0.0,0.0,-1.0,-22.524301560366716
-0.014464500435073453,-0.005609296780494467,-0.205,284.57995462228035,0.0,0.0,-0.594577608188935,1.891533042186028,0.0,0.0,-1.0,-26.584132257723272
-0.019263565989182767,-0.0037778713691593857,-0.205,284.28832137809457,0.0,0.0,-0.5017561101836279,2.458367356709533,0.0,0.0,-1.0,-22.828135514153125
0.015176412299505613,0.003319083998282415,-0.205,284.5866621665204,0.0,0.0,-0.5943954417385788,2.106189891921375,0.0,0.0,-1.0,-24.248023295116678
-0.0008010175739198194,0.01337338546536634,-0.205,284.6096198081648,0.0,0.0,-0.5975328492710155,0.15911744753153834,0.0,0.0,-1.0,-26.37216427012487
-0.015397191970934658,0.006847081903525166,-0.205,284.4467445668514,0.0,0.0,-0.5770418765181272,0.5799424527937721,0.0,0.0,-1.0,-23.144970788794737
0.008349119031090759,0.0023355622013258364,-0.205,284.8386585855334,0.0,0.0,-0.4943226860152058,1.211400304805504,0.0,0.0,-1.0,-30.52387938535943
-0.006874400785749748,0.010661802526052467,-0.205,284.57457184160137,0.0,0.0,-0.5916976660641848,0.22694230486891692,0.0,0.0,-1.0,-27.235581531948107
0.007761482021377509,0.006992821421446924,-0.205,284.80444226943973,0.0,0.0,-0.5509198320102627,-0.4497277856016464,0.0,0.0,-1.0,-29.212668996661645
0.006454364165151128,-0.016898041115084285,-0.205,284.34908492211474,0.0,0.0,-0.5499924979818648,-0.8167667740651149,0.0,0.0,-1.0,-22.90096594943631
-0.003216138638792639,-0.013847312900231256,-0.205,284.5936317131863,0.0,0.0,-0.5999960523686942,1.3500404866420628,0.0,0.0,-1.0,-26.008752724375455
-0.009462145111904076,-0.01714006727471688,-0.205,284.38955735144265,0.0,0.0,-0.5036498793580598,0.260535066015832,0.0,0.0,-1.0,-23.325590033190828
0.006078381530755155,0.016838000586903934,-0.205,284.3539936078588,0.0,0.0,-0.5547510709059472,-0.4653886816290238,0.0,0.0,-1.0,-22.400173484473665
0.006327325834674936,0.018235300009557535,-0.205,284.3613778256957,0.0,0.0,-0.513392162676139,1.2188554769424738,0.0,0.0,-1.0,-23.15033430199822
0.01699134644816398,0.001880632579995769,-0.205,284.4489946923918,0.0,0.0,-0.5725302993605259,-1.8672867147140737,0.0,0.0,-1.0,-24.095581715452674
0.0005385221665621874,0.018393970242464846,-0.205,284.25828885682574,0.0,0.0,-0.5415020239034452,-0.17775486462119064,0.0,0.0,-1.0,-25.979818839312557
-0.01306930678810514,-0.014544081909135306,-0.205,284.357578346247,0.0,0.0,-0.504550681156782,0.2958824135404764,0.0,0.0,-1.0,-22.323077625324775
-0.01715100524665562,-0.006147911227670673,-0.205,284.4700265103972,0.0,0.0,-0.5465250389523005,2.3182692698027143,0.0,0.0,-1.0,-24.54006962550426
-0.012336967638133755,0.0010300469186331792,-0.205,284.70231669944224,0.0,0.0,-0.5881316657126925,-0.023824544996490317,0.0,0.0,-1.0,-27.699848415012017
0.0011218711954586805,0.012740888226655514,-0.205,284.6301755075062,0.0,0.0,-0.5927680915938337,0.921262119478867,0.0,0.0,-1.0,-27.74771778917266
-0.005065740287567909,-0.014582055916718352,-0.205,284.48866373027437,0.0,0.0,-0.595219315142619,1.362774213808211,0.0,0.0,-1.0,-27.326195375630398
-0.00037832506248779607,0.01577656267819623,-0.205,284.551249037241,0.0,0.0,-0.5920445775146229,0.6442297033752508,0.0,0.0,-1.0,-24.926893106903435
0.018185623904013883,-0.005672462834159306,-0.205,284.3016850676364,0.0,0.0,-0.5218195637519931,0.3801060373392559,0.0,0.0,-1.0,-21.81002683273689
0.0025774443130975665,0.009806802431652795,-0.205,284.9009181378314,0.0,0.0,-0.542671293191102,-0.5047975345705609,0.0,0.0,-1.0,-31.1291929037917
-0.006129761333716895,-0.00800335814018699,-0.205,284.79114302053307,0.0,0.0,-0.5410194215739402,-0.690721303783171,0.0,0.0,-1.0,-28.63125110569791
0.0011960336163383848,0.014745046825423908,-0.205,284.6614855779396,0.0,0.0,-0.5989976571544842,1.190144355549728,0.0,0.0,-1.0,-25.133251411307516
-0.008909140698235934,0.008894944900378064,-0.205,284.5956009772202,0.0,0.0,-0.5906418381912018,-2.628964779103076,0.0,0.0,-1.0,-28.099694937619336
0.015576437118343793,0.008817807015170993,-0.205,284.45682595018957,0.0,0.0,-0.5548104974055044,1.3176778829166091,0.0,0.0,-1.0,-23.480681467365397
-0.01641403571156485,0.007488174736810383,-0.205,284.33264450883127,0.0,0.0,-0.5512174953181209,0.9110984780680131,0.0,0.0,-1.0,-21.344658425068527
-0.011204707398393245,0.006409782809241135,-0.205,284.6114260492271,0.0,0.0,-0.5938933486345941,-0.6195658314348621,0.0,0.0,-1.0,-28.41963776725777
-0.013467457566063715,-0.005900150560772314,-0.205,284.5907493397159,0.0,0.0,-0.5993029828444357,0.5547626679048928,0.0,0.0,-1.0,-25.22784180048007
0.018066925377780128,-0.005529989143055555,-0.205,284.2912901110734,0.0,0.0,-0.52680225559343,-2.405592852091985,0.0,0.0,-1.0,-21.359140356506586
0.009603968981052289,-0.016563225131964267,-0.205,284.1792033309432,0.0,0.0,-0.5186469294226103,0.42479843430501213,0.0,0.0,-1.0,-21.996457013867204
0.0011696074421624905,0.011366190940328454,-0.205,284.73823159279056,0.0,0.0,-0.5729403660307973,1.5708260301152743,0.0,0.0,-1.0,-29.184810995665153
-0.009484241083141056,0.004779889198078929,-0.205,284.63673255706675,0.0,0.0,-0.555299201064887,0.9050777776969426,0.0,0.0,-1.0,-28.147978525054764
0.005533491882742225,-0.012372235986180771,-0.205,284.60001559702437,0.0,0.0,-0.5983527583854766,-0.24520037571507827,0.0,0.0,-1.0,-26.510419475176878
-0.00043971108990496614,0.019067928119829936,-0.205,284.30771889768073,0.0,0.0,-0.5210610732409793,-0.5835678302512141,0.0,0.0,-1.0,-23.93973631113244
0.01604975284633015,0.006413909836372706,-0.205,284.4917977279684,0.0,0.0,-0.5687639266972803,1.0985009098744898,0.0,0.0,-1.0,-23.406876593826308
0.01003110812707662,0.006857533305890461,-0.205,284.6865897079154,0.0,0.0,-0.5850498201665912,1.2358189442011678,0.0,0.0,-1.0,-26.883298840035824
-0.007769184947655547,-0.005304912551826502,-0.205,284.81989546329993,0.0,0.0,-0.5204236042295128,-0.41848824070488816,0.0,0.0,-1.0,-29.804977719110294
-0.005093871028317408,0.008097623518461116,-0.205,284.730275096448,0.0,0.0,-0.5255632347941357,-3.099818756718516,0.0,0.0,-1.0,-28.980755148530193
0.01625997449195688,0.0077533416867747,-0.205,284.4193578817416,0.0,0.0,-0.5519231035623079,0.5669901793422181,0.0,0.0,-1.0,-23.63786801985029
0.0076838598100606725,-0.01656214176973937,-0.205,284.3108693588846,0.0,0.0,-0.5454916294052471,0.787578971114088,0.0,0.0,-1.0,-20.36670729260294
0.01321059639209823,-0.0132004328726775,-0.205,284.30497554947215,0.0,0.0,-0.5335391313039889,-1.2095351570174346,0.0,0.0,-1.0,-20.88418442425181
0.003414943012817185,-0.015646605278457428,-0.205,284.41834947459284,0.0,0.0,-0.5894290547800906,-0.4747472238829181,0.0,0.0,-1.0,-24.510933954465827
0.009535045566846093,0.00875176332301959,-0.205,284.6239975250908,0.0,0.0,-0.5941992331562996,2.1762863639271233,0.0,0.0,-1.0,-27.822917395031606
0.0076871465463556445,-0.015561823617012109,-0.205,284.3429180209142,0.0,0.0,-0.567242063300078,-1.1472437286372739,0.0,0.0,-1.0,-23.989178960299213
-0.016226174992437604,0.011224295766888125,-0.205,284.2588133008539,0.0,0.0,-0.49808902017658463,1.5639347721145056,0.0,0.0,-1.0,-22.311210777079
-0.00597246056905468,0.01058636988566016,-0.205,284.6729268635987,0.0,0.0,-0.5851040546764317,0.3007440766098675,0.0,0.0,-1.0,-28.789852382862158
0.0016866132797756274,0.017621280501738033,-0.205,284.42070296749756,0.0,0.0,-0.5595655313781338,0.8590442406195034,0.0,0.0,-1.0,-23.172309002461795
-0.007177314760087048,-0.01449432708127157,-0.205,284.51889501525756,0.0,0.0,-0.5874373142339108,2.2548096720082933,0.0,0.0,-1.0,-24.10781657059702
0.012961817353522866,-0.002556699556512123,-0.205,284.602572958665,0.0,0.0,-0.5963405426547173,0.6717381339131226,0.0,0.0,-1.0,-26.768177688376948
0.01085666247679366,0.011311979058111779,-0.205,284.5530713580608,0.0,0.0,-0.5930711287678844,0.2350114072883706,0.0,0.0,-1.0,-24.248434639106616
0.012005590577794833,0.008205720638513849,-0.205,284.67575742841456,0.0,0.0,-0.599710766764191,1.1205972975129115,0.0,0.0,-1.0,-25.562143108721198
-0.005031072698959643,-0.016837781652295755,-0.205,284.4736417631219,0.0,0.0,-0.5625191886880094,1.9073575859245615,0.0,0.0,-1.0,-24.188607473526137
0.011216483830063255,-0.010155558552880023,-0.205,284.4089536529067,0.0,0.0,-0.5973664920349867,0.04947341038486242,0.0,0.0,-1.0,-24.691977025959204
-0.0034894878831761575,0.015598345064913996,-0.205,284.40516281845476,0.0,0.0,-0.5897975921952071,-0.5109244931827372,0.0,0.0,-1.0,-23.52525529000379
-0.017346386468236066,-0.004877829401887152,-0.205,284.4309238153292,0.0,0.0,-0.5517888272096012,-0.13188987264506694,0.0,0.0,-1.0,-23.315264905217116
0.018894402224459265,0.004018424088101241,-0.205,284.39416603215227,0.0,0.0,-0.5128720391421254,-0.4712882836349151,0.0,0.0,-1.0,-21.553935347458246
-0.01757565417103028,-0.008189144209027461,-0.205,284.37344604981956,0.0,0.0,-0.5103489197188988,-0.7015899223124268,0.0,0.0,-1.0,-20.575771062398474
-0.004734808673824993,0.015618176511111841,-0.205,284.4420393988511,0.0,0.0,-0.5854573946612843,-0.16066943193958924,0.0,0.0,-1.0,-23.54147586342994
0.0018037992854930116,-0.01960909810052995,-0.205,284.26953820035715,0.0,0.0,-0.499502274429179,1.218751193893737,0.0,0.0,-1.0,-21.91622915109447
0.010510616225180418,-0.006806969254079524,-0.205,284.6039114006035,0.0,0.0,-0.5898703110207295,0.7230215329205383,0.0,0.0,-1.0,-29.826643391645433
0.0061568028988973275,-0.014141177840488784,-0.205,284.45418645144434,0.0,0.0,-0.5953280509044858,-0.7209361111876217,0.0,0.0,-1.0,-25.104459687255694
-0.0005236136465900006,-0.0153815664846298,-0.205,284.5209632979291,0.0,0.0,-0.5955860272440143,-0.6281140405738626,0.0,0.0,-1.0,-24.270994401231547
0.005344641118044143,-0.011985304743563232,-0.205,284.5185531752161,0.0,0.0,-0.5956896051565391,0.7266588318004811,0.0,0.0,-1.0,-25.243287126544608
0.014133237080686336,0.013199522307380597,-0.205,284.33987836293204,0.0,0.0,-0.512132399039197,-0.20508116869756957,0.0,0.0,-1.0,-22.70457450475744
-0.011036224223347022,-8.319479542037428e-05,-0.205,284.73566721712706,0.0,0.0,-0.5649568158825121,-1.0699504041520493,0.0,0.0,-1.0,-28.07180710772185
0.010374186838761585,-0.0020100041516339135,-0.205,284.67523293482213,0.0,0.0,-0.5539707346517767,-0.352870780727123,0.0,0.0,-1.0,-29.418338429574383
-0.01062724887721632,0.006998212996735159,-0.205,284.43898871034014,0.0,0.0,-0.5921028511432154,0.3108364822346774,0.0,0.0,-1.0,-26.87418000490191
0.014888116002945252,-0.011466753091581513,-0.205,284.2947475514396,0.0,0.0,-0.5299888020608567,-1.1194677837997655,0.0,0.0,-1.0,-23.733425724507576
0.004442759705543178,0.019092187801847692,-0.205,284.32787586434245,0.0,0.0,-0.502784315220091,-1.426609750722846,0.0,0.0,-1.0,-22.15915560106221
0.01944661811455257,-0.0022903913042285084,-0.205,284.2814816442456,0.0,0.0,-0.503554961937926,-0.8123047971627384,0.0,0.0,-1.0,-21.817118491168557
0.013964084820365893,-0.0020588744024803425,-0.205,284.622853622569,0.0,0.0,-0.5999381976869093,0.502506508104054,0.0,0.0,-1.0,-23.61564216789744
-0.009259362064217644,-0.0011693769772852594,-0.205,284.8119236774186,0.0,0.0,-0.5179509985466293,-0.8763152271852094,0.0,0.0,-1.0,-31.16418715861588
-0.013058032343472597,-0.009807242360317232,-0.205,284.55134063553305,0.0,0.0,-0.5853071041169388,0.11220444471348577,0.0,0.0,-1.0,-24.56641906395007
0.009269511615362514,0.01608302331899263,-0.205,284.40551510192626,0.0,0.0,-0.5368708808143783,-2.9990225185737094,0.0,0.0,-1.0,-24.108252435653174
-0.002483911987102564,0.018243979194036267,-0.205,284.30479208357593,0.0,0.0,-0.5412073796883543,-0.5664807688498262,0.0,0.0,-1.0,-24.34784717886826
-0.01051364029885453,0.015140270227679989,-0.205,284.27421541589996,0.0,0.0,-0.5406295255957982,-0.5719007468628741,0.0,0.0,-1.0,-24.302524822095794
0.0044497663129735125,-0.00888241681434488,-0.205,284.72162889794583,0.0,0.0,-0.5368047589014435,-1.7780102888475307,0.0,0.0,-1.0,-28.94265823247888
-0.011099036586664798,-0.004713504121159851,-0.205,284.8316941819026,0.0,0.0,-0.5837007411036661,0.041955122872558405,0.0,0.0,-1.0,-29.059965771673745
0.010351231575967311,0.012611191491438807,-0.205,284.45528660152576,0.0,0.0,-0.5855243509358865,0.08768162790051302,0.0,0.0,-1.0,-25.2349284446552
0.015567668959790344,-0.007344559678938876,-0.205,284.43452161644444,0.0,0.0,-0.5702021882517007,0.581326556905003,0.0,0.0,-1.0,-23.394754806336287
-0.010053205288949868,0.010199780663500739,-0.205,284.4687845485293,0.0,0.0,-0.5999827003073152,1.2442356221186062,0.0,0.0,-1.0,-26.871465823300422
0.0006961296879024085,-0.01574442868112071,-0.205,284.5304701511441,0.0,0.0,-0.5922642553790127,-0.21867135132473214,0.0,0.0,-1.0,-25.692096645497337
-0.010536744953527888,-0.012199737769984028,-0.205,284.5874087057376,0.0,0.0,-0.5881321508840228,-1.1798683041758218,0.0,0.0,-1.0,-23.522419865673534
-0.00416993629119042,0.009816856735241877,-0.205,284.6701476948342,0.0,0.0,-0.5564042232763281,-1.130442415352387,0.0,0.0,-1.0,-27.81598670445189
-0.0058671809239562635,-0.01755869558269721,-0.205,284.41532443633645,0.0,0.0,-0.5383276895748189,0.6765541619817422,0.0,0.0,-1.0,-20.988097265993673
-0.003117047318132292,-0.011221018872730562,-0.205,284.81702174161757,0.0,0.0,-0.5769872385934376,1.5749079062227982,0.0,0.0,-1.0,-26.954977923873077
-0.017524344594628222,0.004179638001914988,-0.205,284.39585294045236,0.0,0.0,-0.5518727850302378,0.8308316806793219,0.0,0.0,-1.0,-24.6179643192967
-0.0005388400563818525,-0.009787103357760467,-0.205,284.8576951446659,0.0,0.0,-0.5328569136932961,0.8021094225799521,0.0,0.0,-1.0,-29.353814505586726
-0.013674047252169374,-0.01102119073385715,-0.205,284.483371611866,0.0,0.0,-0.5627604154499987,1.2074086580310024,0.0,0.0,-1.0,-22.711946562126265
0.009632734841578667,-0.009205493919129726,-0.205,284.5805036093398,0.0,0.0,-0.5970904990984074,1.3792208408811888,0.0,0.0,-1.0,-26.301821912905687
0.0063208807774968925,0.005871834911369448,-0.205,284.8990156484754,0.0,0.0,-0.4927167288041128,-1.0078415143954402,0.0,0.0,-1.0,-29.713599842312846
0.006386400694611912,-0.017547749993377857,-0.205,284.24066888579773,0.0,0.0,-0.5335886936568364,2.172304405201503,0.0,0.0,-1.0,-22.27446244120276
0.005796210693608661,0.01678542391328969,-0.205,284.4754712131819,0.0,0.0,-0.5582385094771996,-0.9603749140807112,0.0,0.0,-1.0,-21.35997326037006
0.009962982891578197,-0.015720636894845975,-0.205,284.30429844460315,0.0,0.0,-0.5354359814577833,1.457653106801556,0.0,0.0,-1.0,-22.649099373961604
0.013184345771317062,-0.012560408026181405,-0.205,284.3294497428019,0.0,0.0,-0.5467931467208559,0.4829927109989116,0.0,0.0,-1.0,-24.00126571698695
-0.007654158674553064,0.008387005797967412,-0.205,284.61576696976687,0.0,0.0,-0.5715514476588297,-0.02474950974844237,0.0,0.0,-1.0,-28.96994670774335
0.008567274813564748,-0.005478761371357501,-0.205,284.68573183740045,0.0,0.0,-0.5434903364901278,0.23165489729810057,0.0,0.0,-1.0,-29.74973692866797
0.008552683266452959,0.01149676202370163,-0.205,284.60155691204056,0.0,0.0,-0.5999787516719065,1.2504236007405685,0.0,0.0,-1.0,-25.130292088728147
-0.00811079751460579,0.013275620892758667,-0.205,284.44640565393814,0.0,0.0,-0.5942009660455956,0.8339175745491797,0.0,0.0,-1.0,-25.56890956713202
0.008023793129003793,0.010983834280473009,-0.205,284.63647716290166,0.0,0.0,-0.5985768785634766,-1.2746489720945708,0.0,0.0,-1.0,-25.942280059117053
-0.012691974763274164,-0.006766605487632637,-0.205,284.60130373531945,0.0,0.0,-0.5999398931101688,-0.36992567903126206,0.0,0.0,-1.0,-25.8380984533689
0.01289643110005138,0.0039379459806564284,-0.205,284.65724103005164,0.0,0.0,-0.598010168866456,0.8418026184555899,0.0,0.0,-1.0,-27.85743569426532
0.014002381589853752,-0.009325108212228926,-0.205,284.2776012344488,0.0,0.0,-0.5775277198056946,1.5314635898356534,0.0,0.0,-1.0,-26.409216607654923
0.018188729939491225,0.006086745704278913,-0.205,284.4119711167499,0.0,0.0,-0.5175143453303156,-0.19124930002731066,0.0,0.0,-1.0,-23.67835410360384
-0.011563322995443385,0.014880495839972138,-0.205,284.2603340636126,0.0,0.0,-0.5283434103890627,0.8371599048424944,0.0,0.0,-1.0,-21.66824920008952
-0.012867869336429817,0.0065033696391277145,-0.205,284.4822804988071,0.0,0.0,-0.5999043323095359,0.909124804228695,0.0,0.0,-1.0,-25.934406331649594
0.006653913037897142,-0.01051644968645017,-0.205,284.61776970093337,0.0,0.0,-0.5889398390185931,1.0837875919877331,0.0,0.0,-1.0,-25.796768427521116
0.011500126945115523,0.0008056423248685801,-0.205,284.64571112817845,0.0,0.0,-0.5748618206491257,0.6896395528710071,0.0,0.0,-1.0,-28.550849417062775
0.0044996043570670365,-0.009307148432830054,-0.205,284.7283986438903,0.0,0.0,-0.5480594761243407,-1.0282699666915651,0.0,0.0,-1.0,-29.18569693753967
0.009722580681139811,-0.007187601519854494,-0.205,284.58027331808,0.0,0.0,-0.5841803370110167,0.10085518864870141,0.0,0.0,-1.0,-27.13892565994819
-0.006588048899833696,0.01445261081124946,-0.205,284.41477004527826,0.0,0.0,-0.5909466775985208,0.13605980185114971,0.0,0.0,-1.0,-24.41729340291427
-0.00014961016960632364,0.011887025159232243,-0.205,284.6746592769754,0.0,0.0,-0.5810665730102953,-0.47715247201152505,0.0,0.0,-1.0,-27.840826781801166
-0.01813681524317129,0.007899959061525613,-0.205,284.24965746769726,0.0,0.0,-0.49612183396531484,2.087743165912355,0.0,0.0,-1.0,-21.659404423311376
-0.013314860779110267,-0.003806705883648189,-0.205,284.58023446096666,0.0,0.0,-0.5994525129788042,-0.4524552100512954,0.0,0.0,-1.0,-26.836042303092047
0.003944166221441513,-0.01037887552749522,-0.205,284.72278169654874,0.0,0.0,-0.5663922433288812,1.7064944880484136,0.0,0.0,-1.0,-29.354529856080756
0.015257338785714584,0.012539073185519424,-0.205,284.4263183192377,0.0,0.0,-0.49738955223869696,0.7189234039574655,0.0,0.0,-1.0,-21.11539759436983
0.0010571117031816925,0.009699533248616698,-0.205,284.82396061472707,0.0,0.0,-0.5314928133244797,0.8967967412125731,0.0,0.0,-1.0,-30.794132314617077
-0.004485733521485732,-0.01806894887361745,-0.205,284.35220963893016,0.0,0.0,-0.5352694683577456,0.2155296984949331,0.0,0.0,-1.0,-21.373006091338326
0.015343833772265733,0.0011306299244548967,-0.205,284.58779573742606,0.0,0.0,-0.5956249759246944,-0.0014583639840073952,0.0,0.0,-1.0,-25.369982639955044
0.009840844184251367,0.010847709344759215,-0.205,284.6432910298583,0.0,0.0,-0.5994669434391614,1.2844289550391013,0.0,0.0,-1.0,-22.565040958259065
0.009044956934310205,-0.00013838510912172152,-0.205,284.8547056624452,0.0,0.0,-0.5080971125131873,-1.261135541356514,0.0,0.0,-1.0,-29.079674385714778
0.004692504560351705,-0.017472183978595048,-0.205,284.3584271655806,0.0,0.0,-0.5499246381694946,1.4122742946104299,0.0,0.0,-1.0,-22.238252357294755
-0.016854950299563982,-0.005754546796848963,-0.205,284.50436901263794,0.0,0.0,-0.5569857495831397,-0.7337363969365793,0.0,0.0,-1.0,-24.81794122381963
0.00494528785889069,0.00944289429919136,-0.205,284.78815416696074,0.0,0.0,-0.5562501787124825,-1.5246897348431185,0.0,0.0,-1.0,-28.715977870613028
0.015561119368189024,-0.008007812009933042,-0.205,284.3044182383119,0.0,0.0,-0.5641405825786133,0.5397668861099125,0.0,0.0,-1.0,-23.768412843799386
-0.012899963441287292,0.005066787684842741,-0.205,284.45663182635667,0.0,0.0,-0.5994820976036552,0.5728832949927959,0.0,0.0,-1.0,-25.354840751484566
-0.0010855349319835899,0.016799826576864546,-0.205,284.45154042583766,0.0,0.0,-0.5773258143904003,0.10722172677089907,0.0,0.0,-1.0,-22.71761065572742
-0.018059463568561383,-0.008231243185795253,-0.205,284.3714373608053,0.0,0.0,-0.4936971211415868,0.596764113976039,0.0,0.0,-1.0,-22.276600904632264
-0.016712595490547728,0.010552254355927996,-0.205,284.15169778249265,0.0,0.0,-0.4967783276884087,-0.7049721463538826,0.0,0.0,-1.0,-21.66763414449453
0.009837419728654017,-0.007893972504513583,-0.205,284.5576457591962,0.0,0.0,-0.590906827987529,-1.3439741219119345,0.0,0.0,-1.0,-27.00047582594561
-0.003944634712746097,-0.009215648680113995,-0.205,284.7934506721604,0.0,0.0,-0.5394050095438964,-0.7087552349390772,0.0,0.0,-1.0,-28.6312122801596
-0.014612572462736116,0.0007215580349875623,-0.205,284.53722432533164,0.0,0.0,-0.5995089962688401,-0.17476376791598627,0.0,0.0,-1.0,-25.899785908129502
-0.0023374822496272855,-0.012133540261116111,-0.205,284.7133986081058,0.0,0.0,-0.5878347159062014,0.48340092739743795,0.0,0.0,-1.0,-27.121532388850408
-0.006845925716304743,0.008257540399748327,-0.205,284.71728872359176,0.0,0.0,-0.5578640127253114,-1.1949467172651658,0.0,0.0,-1.0,-28.900931456553625
0.008656443633344217,0.013627925569016899,-0.205,284.6122359631802,0.0,0.0,-0.5878162453073406,-1.0853492867305372,0.0,0.0,-1.0,-24.06786267961068
-0.0066639745753302925,-0.009202955090591184,-0.205,284.75671396681446,0.0,0.0,-0.5717025669450825,0.7709963569962344,0.0,0.0,-1.0,-26.971915433520323
-0.009921979771425067,-0.006052481076398863,-0.205,284.8057121367382,0.0,0.0,-0.5765683043753586,0.7649724505130068,0.0,0.0,-1.0,-27.397089797552884
0.00994401729106016,-0.015766123638881826,-0.205,284.2499015068664,0.0,0.0,-0.5345951018837884,-1.5833667434652476,0.0,0.0,-1.0,-22.847769496016795
0.010981587453229236,0.012508474365009313,-0.205,284.50353026425597,0.0,0.0,-0.5805338109180509,-0.8625023609186542,0.0,0.0,-1.0,-24.296562328230774
0.01027481725788975,0.012883286758937268,-0.205,284.57530153386193,0.0,0.0,-0.5831422144821222,3.628361787436827,0.0,0.0,-1.0,-23.37405804571461
-0.009312138178604743,0.007742668813211593,-0.205,284.5468351516566,0.0,0.0,-0.5844664317338415,1.040274849002777,0.0,0.0,-1.0,-27.54429788287443
0.013750009363437794,0.00018497871257779842,-0.205,284.5311260022098,0.0,0.0,-0.5991558555378149,-0.05819248492281441,0.0,0.0,-1.0,-24.623676071879764
0.01806941603657081,0.0032061590792744534,-0.205,284.3621725352081,0.0,0.0,-0.5429079699969626,0.883344466418801,0.0,0.0,-1.0,-24.448026499287327
0.006426894347323379,0.013065569442672805,-0.205,284.5130076783264,0.0,0.0,-0.5996723965695213,0.8656987454825383,0.0,0.0,-1.0,-25.932597893459665
-0.0022762104471071307,0.01816042563314074,-0.205,284.4091242587894,0.0,0.0,-0.5442676652809614,2.699192501963096,0.0,0.0,-1.0,-23.056529827007317
-0.016656568873686294,0.010589607425516383,-0.205,284.1756792911964,0.0,0.0,-0.4977990308295579,1.1858392701610783,0.0,0.0,-1.0,-22.222041449940065
0.01735070669732298,0.0029246707336917986,-0.205,284.5064984121203,0.0,0.0,-0.5620184566987665,-1.113997334364227,0.0,0.0,-1.0,-25.39369936229187
-0.01671684060970612,-0.003665723699050295,-0.205,284.45240486999387,0.0,0.0,-0.5721634978596531,1.0487480665967805,0.0,0.0,-1.0,-24.48620272723816
0.015481201236258235,-0.005248594730025808,-0.205,284.42201739453276,0.0,0.0,-0.5850810210056318,0.2642721375679751,0.0,0.0,-1.0,-24.325955471949758
0.008520449872961388,0.005486235453101383,-0.205,284.8724647147182,0.0,0.0,-0.5425064054191046,0.11370024201270365,0.0,0.0,-1.0,-29.011740670333655
0.012941456100264405,-0.00582246848691473,-0.205,284.51835631784166,0.0,0.0,-0.5999881579510759,2.8533596782321653,0.0,0.0,-1.0,-24.440624354702994
0.011772175002778888,0.012149305462419248,-0.205,284.45993310894335,0.0,0.0,-0.5758593048284798,0.7859491851899711,0.0,0.0,-1.0,-23.98709989968566
-0.0037030352199089608,-0.010743210236423812,-0.205,284.83376521308315,0.0,0.0,-0.5717250682512295,1.4206107419259268,0.0,0.0,-1.0,-28.952643121194512
-0.004829054506879671,-0.008961256055288178,-0.205,284.88313947768734,0.0,0.0,-0.5437742424616628,-1.5418639886906922,0.0,0.0,-1.0,-30.934692619212726
0.017588784730662575,-0.008451933000650764,-0.205,284.30067059793976,0.0,0.0,-0.5059611718101242,-0.8539247717396028,0.0,0.0,-1.0,-23.170593780030984
-0.013637910908904734,-0.003281224489259933,-0.205,284.6086943240705,0.0,0.0,-0.5998313661132734,-1.1599295155387543,0.0,0.0,-1.0,-26.31950679335671
-0.012245478880483886,0.006603303976495981,-0.205,284.58147500600046,0.0,0.0,-0.59961326314277,2.1018237048782145,0.0,0.0,-1.0,-25.754088291666175
-0.01229924364926464,-0.00256872167125084,-0.205,284.6732164941612,0.0,0.0,-0.5903605596166741,-0.018084987824816656,0.0,0.0,-1.0,-27.713729433606545
0.0005614883805983148,0.015344429918229232,-0.205,284.50629100057915,0.0,0.0,-0.5958586156961069,2.3176198314042273,0.0,0.0,-1.0,-22.445036325907225
-0.016899135083799224,-0.0033247158542507303,-0.205,284.41481604367624,0.0,0.0,-0.5700035053934592,-0.2846073557963749,0.0,0.0,-1.0,-23.442293482997652
-0.00611499701961838,-0.006576085172413777,-0.205,284.9407680663409,0.0,0.0,-0.5057460315324057,-0.9848369206019876,0.0,0.0,-1.0,-28.805064686313603
0.01193948772303366,-0.00344536813264986,-0.205,284.66108469657433,0.0,0.0,-0.5887178588176368,1.9556491586098321,0.0,0.0,-1.0,-28.67546580305538
-0.017550474542195327,-0.008860360642502821,-0.205,284.3535658475112,0.0,0.0,-0.5006676567214919,-0.6248854934049055,0.0,0.0,-1.0,-20.81020437466241
-0.01751449488280327,-0.009621984750070926,-0.205,284.40257866839346,0.0,0.0,-0.4884431532836223,-1.1784847955121247,0.0,0.0,-1.0,-21.355278603490206
-0.007329438336154525,-0.015270756408341623,-0.205,284.55372937351814,0.0,0.0,-0.5754690536965448,-0.8468767404058916,0.0,0.0,-1.0,-22.986305826357874
0.00443199007204994,0.011506713020995703,-0.205,284.6768153584747,0.0,0.0,-0.5874994856757626,-0.3317095138872051,0.0,0.0,-1.0,-26.258366142847425
0.010693102628964179,-0.014286640753002618,-0.205,284.3107123279915,0.0,0.0,-0.5561369210793216,-0.17160894044856545,0.0,0.0,-1.0,-23.04565998040813
0.016020447145433478,-0.0006084302368840516,-0.205,284.51376824820454,0.0,0.0,-0.5892236696525751,0.061311691279066036,0.0,0.0,-1.0,-25.223841676763126
0.0051309347485642256,-0.01646649195160256,-0.205,284.38411786794984,0.0,0.0,-0.5695113268795549,1.5484634987503845,0.0,0.0,-1.0,-23.291008696710808
0.012970278221373014,-0.011044989668837983,-0.205,284.3267302671027,0.0,0.0,-0.5736627672070095,-1.6200604725401304,0.0,0.0,-1.0,-24.846868889226158
0.0015787328194667922,-0.01902447046566144,-0.205,284.36054122538206,0.0,0.0,-0.5205080180358295,0.5374491962487359,0.0,0.0,-1.0,-22.523560921829638
-0.011143849807832612,0.010486770230191459,-0.205,284.40257869724707,0.0,0.0,-0.5962427947767053,1.5188033846972162,0.0,0.0,-1.0,-24.40913673977989
-0.00596502142229279,0.006131445656983992,-0.205,284.77023400218474,0.0,0.0,-0.48990924148544474,1.5819466349765081,0.0,0.0,-1.0,-31.26192118865059
-0.0006061972309565834,0.017196157965566995,-0.205,284.38294100709976,0.0,0.0,-0.5703303341356635,0.9909489055613324,0.0,0.0,-1.0,-24.94681653691334
4.3282942501840696e-05,-0.015100077659434297,-0.205,284.52349436382315,0.0,0.0,-0.5975473377045439,2.9009920616392995,0.0,0.0,-1.0,-24.577052257098213
0.012401535467444113,-0.003971187273669658,-0.205,284.6105518993092,0.0,0.0,-0.5948812427922979,2.0348011561883266,0.0,0.0,-1.0,-27.557328359710585
-0.017336516814249966,0.00947507468450998,-0.205,284.2220768139996,0.0,0.0,-0.49708975636993713,-2.332128299725132,0.0,0.0,-1.0,-22.698787962227776
-0.010317509993878244,-0.00677828291470022,-0.205,284.74314030280414,0.0,0.0,-0.5876831243702182,-0.932919764398434,0.0,0.0,-1.0,-26.23142776457132
0.0033222792610424563,0.010807284692789989,-0.205,284.7849201163733,0.0,0.0,-0.5705956657593543,-2.4266330193213066,0.0,0.0,-1.0,-26.811626786193564
-0.01931324709293287,0.0011978453142634056,-0.205,284.24407177817835,0.0,0.0,-0.511720786825601,0.4300949040774566,0.0,0.0,-1.0,-21.19380317013081
-0.012598694737382534,0.0013657851156060922,-0.205,284.64742290940603,0.0,0.0,-0.5915551666342874,0.1441267424651599,0.0,0.0,-1.0,-28.070515376277392
-0.011063347822313855,-0.015815762071785186,-0.205,284.44639250497903,0.0,0.0,-0.5134145651794632,2.5739108134501185,0.0,0.0,-1.0,-22.46490140979406
-0.007860100232695809,0.018137474286353813,-0.205,284.1885712786041,0.0,0.0,-0.49669476942544377,-0.02460558175174643,0.0,0.0,-1.0,-22.38849160086804
0.016479290563503685,-0.0045265381195705575,-0.205,284.40885268733,0.0,0.0,-0.57263530422794,1.3454946432042654,0.0,0.0,-1.0,-22.253248080766582
0.016081098568237542,-0.010080473624633768,-0.205,284.3386899176735,0.0,0.0,-0.5240951495120139,-1.754615342298394,0.0,0.0,-1.0,-23.47708892229685
0.0017955414755180343,0.01194842107810973,-0.205,284.6738686548257,0.0,0.0,-0.5840579786270876,1.036100077784489,0.0,0.0,-1.0,-27.22863756856195
-0.0008857126580127563,0.01110753995057815,-0.205,284.73846143308623,0.0,0.0,-0.567236042694628,0.7011763356450817,0.0,0.0,-1.0,-26.73141898724132
-0.018776870540315762,0.0001321696909194049,-0.205,284.29604052952357,0.0,0.0,-0.5304427241251882,2.103880022006808,0.0,0.0,-1.0,-22.09343901466235
-0.0027108951273188383,0.01651770321834644,-0.205,284.453423126954,0.0,0.0,-0.578981779271274,1.7954059357766952,0.0,0.0,-1.0,-24.24935997675313
-0.012492872730985746,-0.004363511352906489,-0.205,284.6653961869775,0.0,0.0,-0.596490015815592,1.1884240614413397,0.0,0.0,-1.0,-26.674654701463663
-0.00040588298810230537,0.015611909971295294,-0.205,284.42814387978,0.0,0.0,-0.5936567493572084,-1.3768368333465155,0.0,0.0,-1.0,-22.975599094870077
0.007171594307217611,-0.007730662469667016,-0.205,284.66039335288355,0.0,0.0,-0.5534138163627121,-0.15523844853431604,0.0,0.0,-1.0,-28.858864724883915
-0.007838936743043309,-0.008597547149416613,-0.205,284.7110132139559,0.0,0.0,-0.5767890440187762,-1.3826161907019856,0.0,0.0,-1.0,-27.66539897582817
-0.0020466672305855006,0.012374696318552453,-0.205,284.5229601419519,0.0,0.0,-0.5901093813089349,0.5716870787539818,0.0,0.0,-1.0,-27.367760271861542
0.006197911336762339,-0.015407091476142807,-0.205,284.4446275657499,0.0,0.0,-0.5811471199236751,-0.768928218352927,0.0,0.0,-1.0,-25.297170272278528
-0.017767862110520453,-0.004192623618756862,-0.205,284.4206543091865,0.0,0.0,-0.5455446764392818,1.1945977034174342,0.0,0.0,-1.0,-22.407637624323318
0.003788289247337936,0.01801990509352213,-0.205,284.4259098859009,0.0,0.0,-0.5411647818291091,1.3856736882737486,0.0,0.0,-1.0,-22.529604156768894
0.019391383173276527,0.001627356629221695,-0.205,284.2537848824982,0.0,0.0,-0.5079004830870919,-0.1598135572585167,0.0,0.0,-1.0,-21.875545604233523
-0.01534150614008569,-0.010499397159602058,-0.205,284.49808593643746,0.0,0.0,-0.5360712647902239,0.5679379348234195,0.0,0.0,-1.0,-23.91813306039446
0.0014913901693716356,-0.018942055329685497,-0.205,284.3670515001688,0.0,0.0,-0.5234107052780202,-1.9977198053757939,0.0,0.0,-1.0,-23.102912448999383
0.010210823973316619,-0.004501867215335286,-0.205,284.6507712491412,0.0,0.0,-0.5675810383541315,1.1440259443357164,0.0,0.0,-1.0,-29.819146549797868
0.007646018787337464,-0.012410907475925666,-0.205,284.31598070553036,0.0,0.0,-0.599636877496963,0.3833287172575263,0.0,0.0,-1.0,-25.117680509971205
0.0023017792428236313,-0.009805706828224856,-0.205,284.701122378956,0.0,0.0,-0.540769749426233,0.0049097642920772734,0.0,0.0,-1.0,-27.984942216085997
0.018291613934949314,-0.002703193665242688,-0.205,284.2816932237668,0.0,0.0,-0.5389836932934498,1.0909119706525177,0.0,0.0,-1.0,-23.396459674509764
-0.0013748743223347213,-0.011287923202462762,-0.205,284.7228783134952,0.0,0.0,-0.5718786366543368,0.3757927275405711,0.0,0.0,-1.0,-27.285360129756224
-0.0034362237003377895,-0.012237386999848571,-0.205,284.72919576606716,0.0,0.0,-0.5919588626323159,2.772959523900034,0.0,0.0,-1.0,-27.0457168954868
0.013491780900305067,-0.0007144212117030666,-0.205,284.61247212311923,0.0,0.0,-0.5981451072830121,0.8382726969660085,0.0,0.0,-1.0,-27.62745882945016
-0.012122126079929808,0.0033590653659188907,-0.205,284.62678160982017,0.0,0.0,-0.5905234342587387,0.009878597908178948,0.0,0.0,-1.0,-28.26093422697562
0.014034525041217225,-0.01357050484012849,-0.205,284.2149172465331,0.0,0.0,-0.5056625860244219,-0.5597428515579222,0.0,0.0,-1.0,-19.392280766453382
-0.019675999997860655,-0.0006556150852629797,-0.205,284.3667151487228,0.0,0.0,-0.49968566367598016,0.36661511625903687,0.0,0.0,-1.0,-22.034835411465142
0.0005963572300150364,-0.01053413804392068,-0.205,284.7827309491438,0.0,0.0,-0.5535672229504027,2.0415208820904063,0.0,0.0,-1.0,-27.29450151774315
-0.007088199463090278,0.014127389544422452,-0.205,284.4860494542945,0.0,0.0,-0.5917850113229596,1.6495042626582346,0.0,0.0,-1.0,-24.104050366411236
0.015678897963452884,0.0013188499453348707,-0.205,284.5533141761471,0.0,0.0,-0.5925237789613707,0.7865738846687383,0.0,0.0,-1.0,-23.92169710599624
0.01499948011325406,-0.01078146353167487,-0.205,284.3086354209824,0.0,0.0,-0.5395011740632538,1.4916792737265452,0.0,0.0,-1.0,-22.331817100693293
-0.009300847140128646,-0.0026760110013565033,-0.205,284.848955587783,0.0,0.0,-0.5290685069362961,-0.16873707438760657,0.0,0.0,-1.0,-28.200206006606535
-0.004210652689557293,-0.011452763953547274,-0.205,284.72372471749594,0.0,0.0,-0.5857700797935724,-0.9692532820991068,0.0,0.0,-1.0,-26.76218091208892
-0.014304189952531927,0.0009358495595082662,-0.205,284.55940475849104,0.0,0.0,-0.5999756132706843,-0.2347161678007969,0.0,0.0,-1.0,-26.644110969593527
-0.014533259245885596,-0.0076025910599939175,-0.205,284.51838156909156,0.0,0.0,-0.584288725901104,-2.26525161558182,0.0,0.0,-1.0,-23.451249931070315
0.012249968175293434,0.01300140236549528,-0.205,284.5292427600255,0.0,0.0,-0.5556932496073512,-0.229554334440619,0.0,0.0,-1.0,-21.319525818390215
-0.012967611632296176,0.013671833347598437,-0.205,284.2966288406235,0.0,0.0,-0.5283943899953439,-2.141214245068369,0.0,0.0,-1.0,-23.702754649300072
0.01225277019394837,-0.006291131739836819,-0.205,284.5068878658105,0.0,0.0,-0.5992294128357333,-1.7961192196217448,0.0,0.0,-1.0,-25.272999737375326
-0.013254475230569463,0.009819002696846083,-0.205,284.42466657929185,0.0,0.0,-0.5828921962851278,-0.4011717328628787,0.0,0.0,-1.0,-23.8301638165196
-0.014391993182123083,0.008156491424454368,-0.205,284.37015385214397,0.0,0.0,-0.5821632348069429,-2.741148230083222,0.0,0.0,-1.0,-24.966778892938258
-0.007569014671707056,0.011464070365672645,-0.205,284.5111947132578,0.0,0.0,-0.5991081486662898,0.4075848207640274,0.0,0.0,-1.0,-28.77003276765203
0.014975603773346889,0.007163515022670912,-0.205,284.4667919703866,0.0,0.0,-0.5812471476686668,0.6647290607730094,0.0,0.0,-1.0,-22.029945565235522
-0.014493940130657183,-0.011737903479124328,-0.205,284.4529299967194,0.0,0.0,-0.5342762674624072,0.5802822997973761,0.0,0.0,-1.0,-22.03195111687741
-0.0038772514859280317,0.011739891330895265,-0.205,284.56611786137125,0.0,0.0,-0.5879237072373074,0.6194754011880819,0.0,0.0,-1.0,-27.649345479470092
-0.011194354458442954,-0.004467630989889728,-0.205,284.6826552270666,0.0,0.0,-0.5836189379363926,-0.24238093550673545,0.0,0.0,-1.0,-28.49028333361506
0.017493401538928147,-0.007681836376106996,-0.205,284.3373435307879,0.0,0.0,-0.519985274501527,-0.67988916750792,0.0,0.0,-1.0,-23.78080677111472
-0.005727039094317942,-0.018020308702369182,-0.205,284.3048927896075,0.0,0.0,-0.5263546926386458,-0.2658986072597111,0.0,0.0,-1.0,-20.714453021331316
0.01351417798507395,0.005914883244721762,-0.205,284.5313557168877,0.0,0.0,-0.5991451124976527,0.2559809932980543,0.0,0.0,-1.0,-26.27639845911785
0.002738344284999628,-0.018759076663610885,-0.205,284.3643571365031,0.0,0.0,-0.5247841681403146,-1.9892790149095003,0.0,0.0,-1.0,-21.86982483395854
0.012359033529018763,-0.010571033575974099,-0.205,284.4308312389478,0.0,0.0,-0.5862456065903412,-0.3925158494782697,0.0,0.0,-1.0,-22.955269539558614
0.0042006657252491985,0.018233033386148484,-0.205,284.36901811449474,0.0,0.0,-0.5324761837818066,-0.7098029338887216,0.0,0.0,-1.0,-24.070873727545948
0.010023899925987014,0.013033335175862288,-0.205,284.6417352823123,0.0,0.0,-0.5836911629738262,-0.22624668218439115,0.0,0.0,-1.0,-25.75308394382751
0.0043958744910338274,0.007313284688916092,-0.205,285.0136624548585,0.0,0.0,-0.4890745166437678,0.5375311502646137,0.0,0.0,-1.0,-28.71729096990695
0.014580775464862477,-0.0010338946070456584,-0.205,284.4884897756544,0.0,0.0,-0.5995419629881662,-1.1638512881327718,0.0,0.0,-1.0,-26.6094536709036
0.014010055917363302,-0.004947598115342401,-0.205,284.4593307080945,0.0,0.0,-0.5987454863838897,1.5088676607074718,0.0,0.0,-1.0,-26.546025530332084
0.010161048646923207,0.012894156633857427,-0.205,284.459134263397,0.0,0.0,-0.584069401305247,0.13108748705364778,0.0,0.0,-1.0,-24.303547787749874
-0.01401484722753782,-0.007466149386339762,-0.205,284.4735503695891,0.0,0.0,-0.5909888653568509,-1.2101794036200852,0.0,0.0,-1.0,-24.85425087613375
-0.017538448324334467,-0.008008427137686262,-0.205,284.3518632917731,0.0,0.0,-0.5141274470534041,0.8274207000834833,0.0,0.0,-1.0,-22.415102585219312
0.008184915222826225,-0.006124379883272834,-0.205,284.6293268235396,0.0,0.0,-0.5449555013335965,1.8037008223992765,0.0,0.0,-1.0,-29.162723983240024
-0.01880180677251858,-0.0042922244359797825,-0.205,284.3436980692325,0.0,0.0,-0.5139511376105756,-1.1287756738459296,0.0,0.0,-1.0,-21.05547375124604
-0.017874636258953913,0.008053196706855639,-0.205,284.22505429705325,0.0,0.0,-0.5026852904739268,-0.24147261804004463,0.0,0.0,-1.0,-22.48000950361591
-0.01467629770669261,0.0037233033891756777,-0.205,284.57767047577454,0.0,0.0,-0.5973045446254399,-0.8776186890296378,0.0,0.0,-1.0,-25.417458619179623
-0.00406028475105587,0.012284997179359118,-0.205,284.5912459594741,0.0,0.0,-0.5941637316009601,0.16980144241340453,0.0,0.0,-1.0,-27.50965762907197
-0.0043600164649326475,0.01629418868174873,-0.205,284.36378171938117,0.0,0.0,-0.576750766832395,0.036460822560599036,0.0,0.0,-1.0,-24.397387920112152
0.017567064973559303,0.0016045364327447748,-0.205,284.3565240865126,0.0,0.0,-0.5609963468193712,-2.9812913467713864,0.0,0.0,-1.0,-23.442564182044844
-0.003439698342548264,0.015563728763079047,-0.205,284.4780875492674,0.0,0.0,-0.5903156827255848,-0.7796858859169266,0.0,0.0,-1.0,-23.571272176833393
-0.012224081058223993,0.007445348099735136,-0.205,284.52112049099657,0.0,0.0,-0.5999865399145677,2.4192273542660123,0.0,0.0,-1.0,-26.499117349730383
0.0010209562090884384,0.011069126284465054,-0.205,284.7188665184774,0.0,0.0,-0.566670823701161,-0.4018810914885599,0.0,0.0,-1.0,-28.052315537986633
0.0011180832542252398,-0.017102847718933476,-0.205,284.43696217482045,0.0,0.0,-0.5716691792648095,0.16080525097647974,0.0,0.0,-1.0,-22.1953688090663
0.012306495934981086,-0.0016112683957647791,-0.205,284.7140496890669,0.0,0.0,-0.5885297946472724,-0.19712687768469517,0.0,0.0,-1.0,-25.737400568256998
-0.015765528153158806,-0.003974727012386155,-0.205,284.53567494788393,0.0,0.0,-0.5863052563386467,-1.4250312841579271,0.0,0.0,-1.0,-25.006561112013962
-0.0183243255705777,-0.001607459669029355,-0.205,284.36738630782963,0.0,0.0,-0.5417034984251455,0.942428268665704,0.0,0.0,-1.0,-22.874337058402332
0.015582596686471432,-0.0011217646485507241,-0.205,284.54326136419337,0.0,0.0,-0.5936034092732309,0.5107653926470976,0.0,0.0,-1.0,-24.741705668929512
-0.019871132626390987,0.0014694332443032105,-0.205,284.35780819776824,0.0,0.0,-0.49069286555315517,2.1804798552970768,0.0,0.0,-1.0,-21.173203458852083
-0.011136977132719997,0.013034507287395636,-0.205,284.3996012332893,0.0,0.0,-0.571570061744704,0.7325261586138856,0.0,0.0,-1.0,-25.78009537857208
0.016631786595489785,0.006480318415432784,-0.205,284.4063332834499,0.0,0.0,-0.556027268514914,0.8398858745337814,0.0,0.0,-1.0,-22.25203978103476
0.008937035078866186,0.005591831959911586,-0.205,284.8220484754777,0.0,0.0,-0.5533473372181352,-0.8485031767096399,0.0,0.0,-1.0,-28.212221418189515
0.018230042655758758,0.0037953580049499103,-0.205,284.3746979061304,0.0,0.0,-0.5351655631445617,1.339436683781159,0.0,0.0,-1.0,-22.77692566230377
0.015612510527354854,0.0029079784419076137,-0.205,284.46168762939124,0.0,0.0,-0.5909723191145577,0.818161317533958,0.0,0.0,-1.0,-23.95026165337669
-0.005569038626366534,0.015014191565584917,-0.205,284.4076462576276,0.0,0.0,-0.5894432445686774,0.4934746359970698,0.0,0.0,-1.0,-24.235142561991545
0.011554519641538613,0.0023220178066694357,-0.205,284.6953042973997,0.0,0.0,-0.5793887355216633,0.6635651077641391,0.0,0.0,-1.0,-26.992135093518364
0.004973110625970785,-0.008230959652588812,-0.205,284.75340793005773,0.0,0.0,-0.5271479397263725,0.6284756626176117,0.0,0.0,-1.0,-28.558039616579062
-0.013344569957972681,0.010631762800743216,-0.205,284.28764550126596,0.0,0.0,-0.5731658058834125,0.09995899056319187,0.0,0.0,-1.0,-25.55122788109063
-0.014187184597095037,-0.007184745735444407,-0.205,284.595943192796,0.0,0.0,-0.590730415419248,2.1558608249837135,0.0,0.0,-1.0,-24.424952065347362
-0.004533906105037722,-0.009271525475485947,-0.205,284.8099900719837,0.0,0.0,-0.5476061053723279,-0.3933451018600163,0.0,0.0,-1.0,-29.735816874461758
0.009418222173016145,-0.01236756627793088,-0.205,284.4600152510341,0.0,0.0,-0.5943053367803718,-0.861138457306416,0.0,0.0,-1.0,-24.912215757028413
-0.005656159748474499,0.010032941430735935,-0.205,284.560724751712,0.0,0.0,-0.5746610946014082,-0.9418209766921438,0.0,0.0,-1.0,-28.12562126642336
0.004983382083531412,0.013558105258290884,-0.205,284.62966344334956,0.0,0.0,-0.599871037712482,-0.8001061955082515,0.0,0.0,-1.0,-25.893903570673153
-0.011758442682219176,-0.005508153132174054,-0.205,284.68044403794283,0.0,0.0,-0.5945663788596163,-2.590611612230565,0.0,0.0,-1.0,-27.036823284400253
-0.016014471605698292,-0.003954218650973052,-0.205,284.4543860533639,0.0,0.0,-0.5828897857537526,-1.7395202680151929,0.0,0.0,-1.0,-23.87713163266131
-0.008002159378313967,0.004363185874911642,-0.205,284.73639824702485,0.0,0.0,-0.5104959436827158,-1.5530560564522946,0.0,0.0,-1.0,-28.167643200201287
-0.005310569141774698,-0.007598960993001431,-0.205,284.9038525598032,0.0,0.0,-0.5158625604679584,-0.23613211424434616,0.0,0.0,-1.0,-29.438900337507516
-0.0036593798208993016,0.019078447540773025,-0.205,284.2963753816367,0.0,0.0,-0.5090749654917626,-0.3368458731084222,0.0,0.0,-1.0,-21.141277948998503
-0.014218592072533842,-0.0007748542687938667,-0.205,284.5863087270994,0.0,0.0,-0.5999996392478647,0.14852626853896625,0.0,0.0,-1.0,-26.164565513326675
-0.015507072327789811,0.010947215020841691,-0.205,284.31230124203546,0.0,0.0,-0.5240163812209894,1.1573454844642934,0.0,0.0,-1.0,-22.948024317809338
-0.004174571133936118,0.01671485970633122,-0.205,284.4228722213277,0.0,0.0,-0.5698985253087376,-1.6492296766252068,0.0,0.0,-1.0,-23.625559338018903
0.01676315600337314,0.0022839886050996946,-0.205,284.3672667921629,0.0,0.0,-0.5758431042341914,-1.117477159309239,0.0,0.0,-1.0,-24.694205761660623
-0.008280659968282781,-0.016087369853865087,-0.205,284.40680528621317,0.0,0.0,-0.5498698737487613,-1.7424550426066032,0.0,0.0,-1.0,-23.132284472607612
-0.0009553428416993517,0.017430431252055664,-0.205,284.3535791957313,0.0,0.0,-0.5651064907038204,-0.0841676549363166,0.0,0.0,-1.0,-22.90251462007978
0.00580948668328579,-0.018232475994917598,-0.205,284.3498341152219,0.0,0.0,-0.518996670185062,0.03986560861544446,0.0,0.0,-1.0,-23.71255568372144
-0.006323305807630663,0.006336066408885748,-0.205,284.81281209103395,0.0,0.0,-0.5047296591159277,2.5930735925187953,0.0,0.0,-1.0,-29.887377080461608
-0.002216326886673624,-0.01905063366727292,-0.205,284.3035429291438,0.0,0.0,-0.517548904970733,-1.573704606116845,0.0,0.0,-1.0,-21.67799856911009
0.005265005313478062,-0.014252556234636924,-0.205,284.44432776165246,0.0,0.0,-0.596976285918627,0.5020876211963043,0.0,0.0,-1.0,-25.266344818810325
-0.01146447639803346,0.0018478283761914638,-0.205,284.6479325986278,0.0,0.0,-0.5763917980222607,-0.07782153065514286,0.0,0.0,-1.0,-27.991799729699984
0.004748335958075239,0.014102443240962294,-0.205,284.514145879106,0.0,0.0,-0.5986514813315307,-1.4999268952639646,0.0,0.0,-1.0,-25.479136497681612
0.010661490829182498,-0.0010020167361936409,-0.205,284.78725241130513,0.0,0.0,-0.5574364409425641,-0.7911307750418327,0.0,0.0,-1.0,-26.571329524921676
0.005585370507007812,0.01645063473652575,-0.205,284.508600933354,0.0,0.0,-0.5669028900199182,0.12877707338148273,0.0,0.0,-1.0,-22.57401062510047
0.005676565602714287,-0.007306227166371705,-0.205,284.69913598906265,0.0,0.0,-0.5152374263902603,-1.5275617749059176,0.0,0.0,-1.0,-29.209134852979755
0.018049495307989338,0.004763421046429758,-0.205,284.4421314034298,0.0,0.0,-0.5337776611098827,-2.8303983134555586,0.0,0.0,-1.0,-20.095070807042852
0.00374355093363729,-0.009014827113351614,-0.205,284.70056466328737,0.0,0.0,-0.5316221972377554,-0.5802204723184968,0.0,0.0,-1.0,-28.83342757758665
0.01691660572378644,0.005197996057430268,-0.205,284.44954566033414,0.0,0.0,-0.5596736533052452,-0.9365072375346599,0.0,0.0,-1.0,-23.50005533140834
-0.011900685199475224,-0.004960061114562371,-0.205,284.6713439259308,0.0,0.0,-0.5937505750053722,0.6212739612199895,0.0,0.0,-1.0,-28.29142989942137
0.00031771663212949144,-0.017063155422842233,-0.205,284.52998659663007,0.0,0.0,-0.5730872945794714,-2.236975096067774,0.0,0.0,-1.0,-23.04212874481204
-0.0099416908946187,0.00761916294343799,-0.205,284.56113058147815,0.0,0.0,-0.5899081855161985,1.9174602841327364,0.0,0.0,-1.0,-26.230621399808737
-0.01632294545949635,0.0011956112902089381,-0.205,284.466479023541,0.0,0.0,-0.5847957384751215,0.46645677740032343,0.0,0.0,-1.0,-23.994155730761758
-0.003686500939957932,0.017590667671870338,-0.205,284.3364536018386,0.0,0.0,-0.5529674230145081,-0.9982780066938932,0.0,0.0,-1.0,-22.485409874185603
-0.0006174591370496639,0.010105615744230243,-0.205,284.76264162652075,0.0,0.0,-0.5422411673166941,0.8900595631519848,0.0,0.0,-1.0,-29.09752662837545
0.011520822990284844,-0.010094197745198522,-0.205,284.48234352917575,0.0,0.0,-0.5961336880245391,1.1947451739141488,0.0,0.0,-1.0,-25.508046457740335
-0.016503273276536876,-0.0065564683297039215,-0.205,284.4529899706293,0.0,0.0,-0.5582393196680187,-0.37907497784586824,0.0,0.0,-1.0,-21.358208808860102
0.0041877738144061975,-0.012518185741195986,-0.205,284.59512403386003,0.0,0.0,-0.59625924026137,-1.5246751298316412,0.0,0.0,-1.0,-25.76625325285965
-0.0060463079347651315,-0.006780490752046369,-0.205,284.858355014577,0.0,0.0,-0.5094605401980534,-0.6936862040970356,0.0,0.0,-1.0,-29.476565636387384
-0.004310540558957716,0.012465685374339439,-0.205,284.63117142434106,0.0,0.0,-0.5961864284614976,-0.4550644725546063,0.0,0.0,-1.0,-25.87246957597422
-0.007381919715073848,0.017439712127702806,-0.205,284.3794467441927,0.0,0.0,-0.5254279829413752,-0.1821574662697377,0.0,0.0,-1.0,-22.810972224216904
-0.015974773438509105,-0.009004015304439545,-0.205,284.4023561034277,0.0,0.0,-0.5433000123114713,0.5940968395585873,0.0,0.0,-1.0,-22.656867196511335
0.00039834252996961977,-0.009300485782228703,-0.205,284.76987480703826,0.0,0.0,-0.5171514925277213,0.5960958207764995,0.0,0.0,-1.0,-28.46213518674673
0.002443689267193278,0.015355442358339461,-0.205,284.5230106881396,0.0,0.0,-0.5942765658949755,-0.6172197962997424,0.0,0.0,-1.0,-25.15605574579373
0.0025793140315013125,0.019111077592221172,-0.205,284.40279945365205,0.0,0.0,-0.5139909906060897,-2.4892213076231493,0.0,0.0,-1.0,-24.390970307199737
-0.01047585414365958,0.00021024431275550124,-0.205,284.66398529732,0.0,0.0,-0.5517153707564835,-0.7291196659610107,0.0,0.0,-1.0,-30.022070465099993
0.007751640067288487,0.0064819345501163144,-0.205,284.81556187263897,0.0,0.0,-0.5416843253647002,0.5324975312125824,0.0,0.0,-1.0,-29.146895947722854
0.016064208354892938,-0.004323539005173884,-0.205,284.4680676426336,0.0,0.0,-0.5806826992502393,-2.4171287079365182,0.0,0.0,-1.0,-22.408893807916225
-0.008503376829560517,0.00820222432161575,-0.205,284.61703595398893,0.0,0.0,-0.5798715223362738,-1.0227836209950336,0.0,0.0,-1.0,-28.9255726096976
0.009464965996346044,0.015253121083074965,-0.205,284.47697919572965,0.0,0.0,-0.5535134562708655,0.6730646449919805,0.0,0.0,-1.0,-22.40987613409246
0.011797231945822677,-0.007181049416686007,-0.205,284.60079201810595,0.0,0.0,-0.599345818036042,-2.0484088549536072,0.0,0.0,-1.0,-26.083814438276733
0.015975794341131607,-0.004583788818330865,-0.205,284.3917633211294,0.0,0.0,-0.5809324828526945,-0.7329792168868728,0.0,0.0,-1.0,-23.320927876920738
0.01015708402274417,-0.0007936803346009493,-0.205,284.7298387090826,0.0,0.0,-0.5440078508180034,1.1495127074354603,0.0,0.0,-1.0,-28.487421637882548
0.005363494973119999,0.01679160094212989,-0.205,284.46647669116436,0.0,0.0,-0.5612902783517837,0.943613138696627,0.0,0.0,-1.0,-23.549167403435927
0.007532010523220119,-0.010043845401709677,-0.205,284.6626617572756,0.0,0.0,-0.5902419263291901,0.3467237194622176,0.0,0.0,-1.0,-25.938698421450844
0.01908326784827577,0.002017627423401724,-0.205,284.3401943858988,0.0,0.0,-0.5171969838918661,0.5588642950337288,0.0,0.0,-1.0,-22.487176890220685
-0.017053926678033834,0.006648483594476639,-0.205,284.30502907227986,0.0,0.0,-0.5442251627289731,-1.1931108369908974,0.0,0.0,-1.0,-22.976178243018133
0.010111584159918448,0.011980271169539494,-0.205,284.5025554870759,0.0,0.0,-0.593088734505357,-0.43896132765972,0.0,0.0,-1.0,-24.435665853973596
-0.010375575431956276,0.0018032711156198888,-0.205,284.72901068741237,0.0,0.0,-0.5530664929516728,2.1686111453237356,0.0,0.0,-1.0,-27.69149651362094
-0.0014378523370151685,-0.013834125844205736,-0.205,284.58878261050705,0.0,0.0,-0.5996045742057708,1.2301575105761122,0.0,0.0,-1.0,-25.091075262951463
0.014287976897457744,-0.0016954237065799536,-0.205,284.4977417657648,0.0,0.0,-0.5999351707964586,-1.4520363429898928,0.0,0.0,-1.0,-25.118767166866995
-0.009344981208949481,0.010259077995581838,-0.205,284.5113100160849,0.0,0.0,-0.5995284233579948,-1.5413658121327787,0.0,0.0,-1.0,-23.78092177118009
0.013259392504851919,0.01178046175839908,-0.205,284.44180676727075,0.0,0.0,-0.5587439133888196,-0.36847509370421844,0.0,0.0,-1.0,-23.01987136052768
-0.015106049314832504,0.005625595132558154,-0.205,284.5080746935598,0.0,0.0,-0.5881386653168023,-1.3672517880077035,0.0,0.0,-1.0,-24.939870717450475
-0.00808226618348122,0.015487221994307044,-0.205,284.3699655013968,0.0,0.0,-0.5648289830292622,-0.26992728868817334,0.0,0.0,-1.0,-23.97903545743254
-0.007186235384576931,-0.009232976478120443,-0.205,284.8259958280507,0.0,0.0,-0.5779331699674438,0.19141088451132446,0.0,0.0,-1.0,-27.65354701301874
0.01587738439169006,-0.005985816228356868,-0.205,284.44741966458713,0.0,0.0,-0.57492538380855,1.7804671766350528,0.0,0.0,-1.0,-22.353266579917783
-0.00037200227030619704,0.010992224702111985,-0.205,284.68723869707094,0.0,0.0,-0.5641226811503027,-0.6652501947079342,0.0,0.0,-1.0,-27.09349242606475
0.01513950002059648,0.00346787252225679,-0.205,284.5244907286783,0.0,0.0,-0.5944260609970768,0.5062995341375328,0.0,0.0,-1.0,-24.363328082377116
0.003884238079297479,-0.013996890033966126,-0.205,284.4506232653346,0.0,0.0,-0.5997417774051353,-1.184150967366747,0.0,0.0,-1.0,-27.294569411129316
0.011864155153177682,0.013848263029216865,-0.205,284.5091520240571,0.0,0.0,-0.5460964394216755,1.6285665936410647,0.0,0.0,-1.0,-23.030363659398407
-0.014021865057256371,0.009063059950508313,-0.205,284.324630664059,0.0,0.0,-0.5796988561832108,-1.018773187005046,0.0,0.0,-1.0,-24.22240839933348
-0.007974759703819171,0.00999383222199855,-0.205,284.60368590448184,0.0,0.0,-0.5927233353167396,-1.917736822664549,0.0,0.0,-1.0,-27.69904494987726
-0.012307503449239794,0.0019147764233714679,-0.205,284.66455907397733,0.0,0.0,-0.5890726621489649,-0.3794356362168799,0.0,0.0,-1.0,-27.964210624858698
-0.002518211742951944,-0.013537104658869118,-0.205,284.68577352621355,0.0,0.0,-0.5992159536542937,2.1838119207494047,0.0,0.0,-1.0,-25.4896116544261
-0.00229248923265557,-0.01133213721070941,-0.205,284.6415104469965,0.0,0.0,-0.5754747435519946,0.5733924020279418,0.0,0.0,-1.0,-27.038392811874072
0.008222074858793303,-0.013839379077220106,-0.205,284.37794624553004,0.0,0.0,-0.5884163126680552,-0.7584697383220748,0.0,0.0,-1.0,-25.106956429673826
0.003414360641608132,0.009827374442813265,-0.205,284.79671639623433,0.0,0.0,-0.5497931121150056,-0.8725232062994498,0.0,0.0,-1.0,-28.51814204604169
-0.01786831809659569,-0.0075565054342996065,-0.205,284.342417152896,0.0,0.0,-0.5099781407787214,0.8449810286146515,0.0,0.0,-1.0,-23.236322620520117
-0.00026616299788146893,0.010653095464083459,-0.205,284.77131769530547,0.0,0.0,-0.556176019697833,1.4386134584538435,0.0,0.0,-1.0,-28.995039515932298
0.007879242239043833,-0.017447314498586903,-0.205,284.28542339161794,0.0,0.0,-0.518721034045069,-0.09043724280590779,0.0,0.0,-1.0,-21.495934248707904
0.002483373527395857,0.010543884836574624,-0.205,284.77972865812,0.0,0.0,-0.5603628496214114,-3.290198392218254,0.0,0.0,-1.0,-26.645382025981373
-0.008104949070666204,0.0164419547800566,-0.205,284.3767349174113,0.0,0.0,-0.5434796347154369,-0.32162450210431043,0.0,0.0,-1.0,-22.818370808704604
0.005588990422926349,-0.008636541108734788,-0.205,284.723528908032,0.0,0.0,-0.546708292047135,-0.30414816558111996,0.0,0.0,-1.0,-28.016200528418334
-0.01255470692906435,0.0014261111783879653,-0.205,284.65648715705686,0.0,0.0,-0.5911536708706879,0.3601405715693361,0.0,0.0,-1.0,-26.547360105999132
-0.013936572489313107,-0.00854361757589517,-0.205,284.5173875790354,0.0,0.0,-0.5850783588786905,0.845642704843406,0.0,0.0,-1.0,-24.56732379826771
0.01518193959133301,-0.008237185240276595,-0.205,284.46953229341375,0.0,0.0,-0.5689960621828428,-0.019041501320140704,0.0,0.0,-1.0,-23.840521487675606
-0.012714816931040459,-0.01480055078491814,-0.205,284.4215871026127,0.0,0.0,-0.5060322434032231,0.1317642032954502,0.0,0.0,-1.0,-22.245298300295527
0.01422205549167266,-0.00021581645336030134,-0.205,284.5155990059044,0.0,0.0,-0.5999976514285714,-0.7395455749554896,0.0,0.0,-1.0,-26.51554927060015
-0.015619393859507386,0.003887439055473088,-0.205,284.4869352038831,0.0,0.0,-0.5884370567761884,0.2770770332069253,0.0,0.0,-1.0,-22.67690334049482
0.011808478858932108,0.002753154994106043,-0.205,284.6412208175741,0.0,0.0,-0.5846785208636417,1.2275310445654382,0.0,0.0,-1.0,-28.596772083188302
-0.01796408821409826,-0.008571260670540159,-0.205,284.3693656082669,0.0,0.0,-0.4915096776590295,0.9817823476617615,0.0,0.0,-1.0,-21.489033424050415
0.01788187978385141,0.0013039918512301912,-0.205,284.4900628415214,0.0,0.0,-0.5540588154043652,0.7863971998077612,0.0,0.0,-1.0,-23.52931725280704
0.017399215258152786,-0.0010417925156292187,-0.205,284.4371879058909,0.0,0.0,-0.5656747091489059,-1.5480419082964183,0.0,0.0,-1.0,-23.328481755712072
-0.017208322577402874,0.004309104869406652,-0.205,284.396738478355,0.0,0.0,-0.5586745222792935,-1.0044641777019894,0.0,0.0,-1.0,-24.588674986334905
-0.01332407357806699,-0.00811042719900937,-0.205,284.5777519370576,0.0,0.0,-0.5938298993322201,-0.6787795322780835,0.0,0.0,-1.0,-24.62977669896395
0.005084033493743775,-0.015063151118800275,-0.205,284.4456396976487,0.0,0.0,-0.5907835530123432,0.7118666372723662,0.0,0.0,-1.0,-25.619384308247852
0.008797166815970424,0.008691962587712907,-0.205,284.7338513075033,0.0,0.0,-0.5879662416526916,-0.9041664888201281,0.0,0.0,-1.0,-27.22026503986171
-0.0023495306549133747,0.01647689279633014,-0.205,284.3854520180422,0.0,0.0,-0.5805576840531894,1.4624756904457727,0.0,0.0,-1.0,-25.61998581474083
-0.0012655236251937342,0.013748367494274345,-0.205,284.6022073366371,0.0,0.0,-0.5993324796356655,-0.1758670658241525,0.0,0.0,-1.0,-26.36151720854336
0.010524173318251428,-0.016013014623319673,-0.205,284.2240071299583,0.0,0.0,-0.5181271668918577,-1.199718694558066,0.0,0.0,-1.0,-21.30386533251665
-0.009622484367799526,-0.013771751755262332,-0.205,284.59704598465805,0.0,0.0,-0.5779264150853191,-0.6804466394871594,0.0,0.0,-1.0,-23.339928357935587
0.015100708378275342,-0.008801168502801202,-0.205,284.38714907317126,0.0,0.0,-0.5646318326453911,-0.49971616897011095,0.0,0.0,-1.0,-23.508909772149547
0.005049733944266773,0.009602980541922792,-0.205,284.7932969853477,0.0,0.0,-0.5607645008181417,1.556010967904112,0.0,0.0,-1.0,-28.625160265627258
-0.004956539119993722,-0.007625055810582642,-0.205,284.82044578140454,0.0,0.0,-0.5097993587445154,-0.42145601504392366,0.0,0.0,-1.0,-30.849362447795986
0.014709487432184596,0.004949426250239174,-0.205,284.63200598475163,0.0,0.0,-0.5945277724891493,0.12675137788533006,0.0,0.0,-1.0,-25.139499392672082
0.0068353809897793456,-0.013436502875454798,-0.205,284.46415097411324,0.0,0.0,-0.597689057482096,-1.8872972014454967,0.0,0.0,-1.0,-24.393440488266396
-0.008292338202736223,0.002228082588649643,-0.205,284.7603854315754,0.0,0.0,-0.49114866972319426,0.6816223263987372,0.0,0.0,-1.0,-29.589510908409036
-0.0028360289699153806,0.010011016168899546,-0.205,284.7088734226852,0.0,0.0,-0.5498286831601497,0.12229781584450031,0.0,0.0,-1.0,-28.27286617247216
-0.013017125808950425,0.007176977650619762,-0.205,284.544795520719,0.0,0.0,-0.5987183820585327,0.5983183448726771,0.0,0.0,-1.0,-24.205159674716583
-0.013286077434537507,0.009778793058140377,-0.205,284.44548796066573,0.0,0.0,-0.5828687609514179,2.7813098557657012,0.0,0.0,-1.0,-25.525475448436932
0.011078576351621218,0.0038845357512944287,-0.205,284.8318757479375,0.0,0.0,-0.5786178825531845,-1.2842929223906923,0.0,0.0,-1.0,-27.91272565045123
0.0162558494859588,-0.010192592738275367,-0.205,284.23441593741234,0.0,0.0,-0.5172846206973278,0.7585102732939318,0.0,0.0,-1.0,-21.942474656819368
0.0010526184670570462,-0.015896287493438122,-0.205,284.4696139528188,0.0,0.0,-0.5904094282449248,-0.4085973955444474,0.0,0.0,-1.0,-24.06627595507682
-0.006746983296898777,-0.007080628454941691,-0.205,284.8483612659705,0.0,0.0,-0.5322068283420465,-0.5612485846463524,0.0,0.0,-1.0,-28.745085419624008
0.003060133757773118,0.016307469594446778,-0.205,284.51566161261786,0.0,0.0,-0.5813846897142484,-1.6437058171627008,0.0,0.0,-1.0,-25.368971163165376
-0.003740014306181297,-0.01737625305558679,-0.205,284.34916105256804,0.0,0.0,-0.5578520823149281,-2.318083728745307,0.0,0.0,-1.0,-24.053469332722333
0.008495089055832874,0.0032754173081521753,-0.205,284.89754111202393,0.0,0.0,-0.5101568976045119,0.03093555563614865,0.0,0.0,-1.0,-30.012520699102126
-0.018826968558793983,-0.0025156819258665922,-0.205,284.3676518043542,0.0,0.0,-0.5236161928614875,-1.5248119261897015,0.0,0.0,-1.0,-22.811086458078737
-0.016230932416686387,0.006977963389922799,-0.205,284.33222786985556,0.0,0.0,-0.5603689794546585,1.8013261111674415,0.0,0.0,-1.0,-23.261299373613966
-0.012384151734601915,0.0009831790158473955,-0.205,284.6659872917332,0.0,0.0,-0.5886739553401513,-2.1492184328018005,0.0,0.0,-1.0,-27.471008121064852
-0.013030179557360827,0.01470522716543976,-0.205,284.2276302257626,0.0,0.0,-0.5011303345577326,-2.661286525835202,0.0,0.0,-1.0,-24.81383091851976
-0.00662382613946929,-0.01133187095394322,-0.205,284.7837695705527,0.0,0.0,-0.5957110420017361,0.13918611043336657,0.0,0.0,-1.0,-27.84615248254809
0.003099940840448043,0.012632203040676821,-0.205,284.7361188799192,0.0,0.0,-0.5947568084848885,1.8704367138419795,0.0,0.0,-1.0,-24.123950982785317
0.0013530776065509681,0.012269793224695517,-0.205,284.7081548637298,0.0,0.0,-0.5876739642879589,-0.6101118590473662,0.0,0.0,-1.0,-26.450412331976242
-0.00024101441126989824,-0.012123513922719877,-0.205,284.61590030114627,0.0,0.0,-0.58468901051102,1.2119125774435984,0.0,0.0,-1.0,-27.568158499197608
0.016389034793058442,0.0016793031030595581,-0.205,284.488659069718,0.0,0.0,-0.5832020332119832,-0.042999168407061396,0.0,0.0,-1.0,-23.227045340187175
-0.013557269693451947,-0.013226683519310218,-0.205,284.41416457568215,0.0,0.0,-0.5253368865228984,0.6586380630144859,0.0,0.0,-1.0,-21.61301565867784
-0.013487852882089589,0.007263197512590727,-0.205,284.5208854269949,0.0,0.0,-0.5961209029095039,0.8276825839410038,0.0,0.0,-1.0,-25.74813690200639
-0.008040897347598924,-0.012115048527842195,-0.205,284.6081391270648,0.0,0.0,-0.5997133245642997,-1.8870157883552645,0.0,0.0,-1.0,-24.967866017859567
0.0029382402001176364,0.013690867770129686,-0.205,284.54824747825205,0.0,0.0,-0.599792308932795,1.0570671259304814,0.0,0.0,-1.0,-27.43391318034368
-0.012868807666372129,0.0024167184942492813,-0.205,284.68021631307187,0.0,0.0,-0.5954632196723909,-0.5511633625267536,0.0,0.0,-1.0,-28.41683028537601
0.01616104548174397,-0.00235653527994768,-0.205,284.51305361669665,0.0,0.0,-0.5852904797321744,-0.7436406419135894,0.0,0.0,-1.0,-23.278341300753937
-0.009331151520626291,-0.016979131802581916,-0.205,284.3886476006263,0.0,0.0,-0.5108920073667768,0.7799536969370484,0.0,0.0,-1.0,-23.41624313982838
0.016071436995914005,-0.003138001226748515,-0.205,284.4670446544888,0.0,0.0,-0.5846769927889122,-0.7715267271348144,0.0,0.0,-1.0,-24.020933348748517
0.010370714054377958,-1.4577545346691273e-05,-0.205,284.7216868136652,0.0,0.0,-0.5489308699794577,0.18233290866193408,0.0,0.0,-1.0,-29.034321702906354
-0.009138093463867986,-0.009596035905169067,-0.205,284.63801737414747,0.0,0.0,-0.5966131230258246,0.9293993743318467,0.0,0.0,-1.0,-25.138733604805598
-0.012821090002431416,-0.002550045816821514,-0.205,284.64184953711197,0.0,0.0,-0.5952925970258562,1.621103695373565,0.0,0.0,-1.0,-26.85140195702579
0.01704851580003075,0.002275558005806511,-0.205,284.4706563500183,0.0,0.0,-0.570473220888114,0.20365870060022184,0.0,0.0,-1.0,-23.64943140333055
0.015360398418776325,-2.699348859525162e-05,-0.205,284.3806960929684,0.0,0.0,-0.59581559810637,0.08230940585924756,0.0,0.0,-1.0,-25.142371202028976
-0.007663578971872998,-0.004222741410701671,-0.205,284.97137051514176,0.0,0.0,-0.49734333060399394,1.0288749811090154,0.0,0.0,-1.0,-28.25507948209175
-0.01677376773813203,0.005494310482579906,-0.205,284.40768170622493,0.0,0.0,-0.560754456580215,2.984017973968542,0.0,0.0,-1.0,-22.391063576271097
-0.006595542543651443,0.018584061550097904,-0.205,284.31258933808977,0.0,0.0,-0.49847054349504016,-0.2595744349818106,0.0,0.0,-1.0,-20.662931034897237
-0.01826649550123482,0.0050688104796059365,-0.205,284.2947925758621,0.0,0.0,-0.5248210675526598,0.3902134844475187,0.0,0.0,-1.0,-21.083152309500246
-0.012100089682869625,-0.007548435346047592,-0.205,284.6851275948505,0.0,0.0,-0.5999995493804455,-0.06003370588434898,0.0,0.0,-1.0,-27.570473112089896
0.00324738396183339,-0.014490261587070043,-0.205,284.54373602369935,0.0,0.0,-0.598779590908097,2.1579935657262386,0.0,0.0,-1.0,-26.260580093725157
-0.011418993003776965,0.0008820973278107646,-0.205,284.70764497124605,0.0,0.0,-0.573451609508021,0.8452478584709087,0.0,0.0,-1.0,-26.823372142908443
-0.008819157866724273,0.012280642233134563,-0.205,284.4583392360145,0.0,0.0,-0.5974358317455277,-2.1146039607746605,0.0,0.0,-1.0,-27.140961535852494
0.013895814111786517,0.009897124225271368,-0.205,284.49769140232087,0.0,0.0,-0.5732022672394537,-0.0422437876755029,0.0,0.0,-1.0,-23.36579863931396
0.016652880558786578,-0.007259554507570535,-0.205,284.31286107021657,0.0,0.0,-0.5479476613792965,-1.314087700110921,0.0,0.0,-1.0,-23.59656895944547
-0.011570093350319829,-0.006754029864063812,-0.205,284.64066553216486,0.0,0.0,-0.5975317501595259,-0.7910885816272814,0.0,0.0,-1.0,-26.45099591985355
-0.0076609199315559,0.0173880189394167,-0.205,284.3635050304155,0.0,0.0,-0.5234046028191712,-1.7476709277629994,0.0,0.0,-1.0,-24.679166393330686
0.004229763874059923,0.011625757628421935,-0.205,284.5583899172424,0.0,0.0,-0.5880223792216865,0.8311383615133452,0.0,0.0,-1.0,-26.814985703384163
0.015162866417822173,0.006284697691202926,-0.205,284.50107472872793,0.0,0.0,-0.584112480641981,0.9184784430706746,0.0,0.0,-1.0,-24.77271611901265
0.007285977224617239,0.01676480283548112,-0.205,284.4739100680112,0.0,0.0,-0.5448960382168709,-0.8380582358617051,0.0,0.0,-1.0,-23.886794393155224
-0.00457322153955803,0.0187256795116404,-0.205,284.36511757145576,0.0,0.0,-0.5142749493605295,-0.9452311045984917,0.0,0.0,-1.0,-22.396384555571917
0.0038190903916264754,-0.011391812297512847,-0.205,284.68605204918174,0.0,0.0,-0.5830474653705316,-0.0729821468070412,0.0,0.0,-1.0,-26.341540918414598
-0.012172354030565404,-0.006768781793989544,-0.205,284.72016759912714,0.0,0.0,-0.5996476248092794,1.313562213785077,0.0,0.0,-1.0,-27.36334119920585
0.011252661494133197,-0.001077349722545284,-0.205,284.77479926408915,0.0,0.0,-0.5705498168648453,-0.8988503158402905,0.0,0.0,-1.0,-29.078184044388735
-0.001586308438485209,-0.01710674779847497,-0.205,284.4890942120594,0.0,0.0,-0.5708637419941923,-0.014350450423404748,0.0,0.0,-1.0,-25.76596494746502
-0.010437880781036054,-0.006762024498063796,-0.205,284.7882046311467,0.0,0.0,-0.588843136694886,2.0326491186449465,0.0,0.0,-1.0,-27.819915012233334
0.005684792240865818,0.014044656180194655,-0.205,284.56846374719726,0.0,0.0,-0.5972417777569051,-0.4952733785733068,0.0,0.0,-1.0,-23.038937138796346
-0.009090020539404258,-0.0005973879999165014,-0.205,284.8117821032489,0.0,0.0,-0.5103302316373172,-1.6775195157288245,0.0,0.0,-1.0,-31.093081908454025
0.007589222767462537,-0.005014845847732812,-0.205,284.77869239507345,0.0,0.0,-0.5098690268107253,-0.3885193384344977,0.0,0.0,-1.0,-29.32718290807631
-0.003055377671563974,-0.013856065276603482,-0.205,284.5855042683326,0.0,0.0,-0.599987345608301,0.22397162756804462,0.0,0.0,-1.0,-25.242475746366498
0.009974440015758802,0.008929533522785412,-0.205,284.6336474856423,0.0,0.0,-0.5974756894011916,1.6688403619095826,0.0,0.0,-1.0,-25.923173171962958
-0.0022977748447405907,-0.00901409555363564,-0.205,284.9227566687529,0.0,0.0,-0.5169278658363056,1.2203867434272666,0.0,0.0,-1.0,-29.959314723760105
0.005298012225964574,0.015047821348932962,-0.205,284.5760112622043,0.0,0.0,-0.5901551574766654,-0.9695391511656,0.0,0.0,-1.0,-22.890407890846433
0.00440467133204016,0.016354929980828332,-0.205,284.4676176618476,0.0,0.0,-0.5754861821204192,0.8409854251826142,0.0,0.0,-1.0,-23.30758227065992
0.007587855191054067,-0.007905881960439023,-0.205,284.7120184767046,0.0,0.0,-0.5632237225209985,-0.28475872140834857,0.0,0.0,-1.0,-26.722492281854702
0.012209650867612906,-0.013578852062297237,-0.205,284.25407638777045,0.0,0.0,-0.5454062676999797,1.0817687437460168,0.0,0.0,-1.0,-23.823427603132973
0.004552826710253836,0.018531136226389362,-0.205,284.3448607330216,0.0,0.0,-0.5207587836465317,2.6522092120722998,0.0,0.0,-1.0,-23.566909573826457
-0.014738061353815942,-0.013518786395362952,-0.205,284.3470196386065,0.0,0.0,-0.48783118218039856,1.0860153782716255,0.0,0.0,-1.0,-22.52442560135372
0.003922818259631237,-0.0195039800677378,-0.205,284.2736991949246,0.0,0.0,-0.4918769665823633,0.92422779585896,0.0,0.0,-1.0,-22.03389838024162
0.012122663397083396,0.0036752823851685904,-0.205,284.69977862367637,0.0,0.0,-0.5915019259847976,-0.4196569104098457,0.0,0.0,-1.0,-28.213125260757945
-0.016366190584999437,-0.00495825372356548,-0.205,284.51778886739663,0.0,0.0,-0.5724207296927373,0.7914137830266443,0.0,0.0,-1.0,-24.364356797189085
0.005654048188223168,-0.012804661098716226,-0.205,284.47795420341083,0.0,0.0,-0.5997834916123755,0.5379064657487874,0.0,0.0,-1.0,-25.466117055746878
0.0023108065808041217,-0.01621204142651555,-0.205,284.43814545250535,0.0,0.0,-0.584662908826599,2.86859204009801,0.0,0.0,-1.0,-25.982206660794073
-0.012224997828116651,-0.00399042890087066,-0.205,284.67484276818533,0.0,0.0,-0.5934412585137228,0.4719295229346572,0.0,0.0,-1.0,-26.26014139875431
-0.010398770841105449,0.004116687238166935,-0.205,284.6842286565621,0.0,0.0,-0.5680989219932474,-1.1521856240484365,0.0,0.0,-1.0,-28.575308090920128
-0.01831588863805009,0.0028962562317786794,-0.205,284.38334300879006,0.0,0.0,-0.5374434302833473,1.080156325265158,0.0,0.0,-1.0,-22.363748976437684
0.004127576279410637,0.01334258813686678,-0.205,284.65436483035654,0.0,0.0,-0.5997271422010501,0.42937214351747943,0.0,0.0,-1.0,-25.801598288963635
-0.00476206485000189,0.011338741006669028,-0.205,284.590528176786,0.0,0.0,-0.5870713440724986,-0.40648910403359045,0.0,0.0,-1.0,-26.197624033675286
0.013522404387534263,-0.01120603473970255,-0.205,284.3968866358594,0.0,0.0,-0.5627703865168744,0.6534431700769997,0.0,0.0,-1.0,-24.05132890847898
-0.016668689228893047,0.002294924089977934,-0.205,284.4696612584508,0.0,0.0,-0.5774822574731354,-1.538813659855952,0.0,0.0,-1.0,-24.42637865931056
-0.01062529846477802,-0.005539240923801898,-0.205,284.714058095376,0.0,0.0,-0.5825516591302756,-0.9054199572652429,0.0,0.0,-1.0,-27.60314617009617
-0.01462765082554529,-0.0026975812566504822,-0.205,284.4695800638746,0.0,0.0,-0.5986773087899637,0.01713235098797375,0.0,0.0,-1.0,-28.475433103567457
0.017383592764567524,-0.0003190095741879705,-0.205,284.4005153952596,0.0,0.0,-0.5666148613088695,-1.9699683762135134,0.0,0.0,-1.0,-23.548363971892606
0.004051669262474765,0.016209994885918986,-0.205,284.4786284132444,0.0,0.0,-0.5794855029232753,0.8315420247762146,0.0,0.0,-1.0,-24.393208542165155
-0.0020747884955343463,-0.011340767579121511,-0.205,284.6932928875266,0.0,0.0,-0.5748744591130278,-1.050161587082287,0.0,0.0,-1.0,-25.505061381119827
-0.011142656606008954,0.014478048059511991,-0.205,284.28821151657183,0.0,0.0,-0.545173609959819,0.9921714937451758,0.0,0.0,-1.0,-22.989706693816395
-0.006812453297927516,0.018533180894048734,-0.205,284.28547447459886,0.0,0.0,-0.497508989536985,1.0367129073779635,0.0,0.0,-1.0,-20.49626513104433
0.0008677671783537733,0.01797039149212581,-0.205,284.3567623231186,0.0,0.0,-0.5524982700155169,0.07209300646309268,0.0,0.0,-1.0,-22.19327995275331
0.008016773725359135,0.004002170163972973,-0.205,284.90326784155087,0.0,0.0,-0.5050427894512927,2.6277676108172106,0.0,0.0,-1.0,-29.66579173768381
-0.009526789116843532,-0.012368034486952815,-0.205,284.5679979673359,0.0,0.0,-0.5937067140085969,0.39901329537381586,0.0,0.0,-1.0,-24.871919611785053
-0.0019149100716633117,-0.017292192280603195,-0.205,284.37852036383833,0.0,0.0,-0.5663722359008847,1.7428413131556593,0.0,0.0,-1.0,-23.501054900172594
0.00951160860013204,-0.0008300873148703423,-0.205,284.7827456962332,0.0,0.0,-0.5249645421472394,1.3135362159634358,0.0,0.0,-1.0,-29.177426858848914
-0.01828420769348378,-0.004762299188341735,-0.205,284.41244415426326,0.0,0.0,-0.5268046145610961,-0.2434405747050976,0.0,0.0,-1.0,-22.954613828836898
-0.010431605786057634,-0.0037447515818895493,-0.205,284.69392185038,0.0,0.0,-0.5659712530929074,1.9966683358737265,0.0,0.0,-1.0,-28.45363754339949
-0.018834108327659537,-0.005671569927012577,-0.205,284.3591023155123,0.0,0.0,-0.5003264014812391,-0.2872310781721219,0.0,0.0,-1.0,-23.140426869726387
-0.006542665778401416,-0.009699304798179379,-0.205,284.73617716533937,0.0,0.0,-0.5779281071662133,2.0578036021723842,0.0,0.0,-1.0,-28.721981769575134
-0.014260651087691346,-0.006768614070257187,-0.205,284.52151110546004,0.0,0.0,-0.5919993316052546,0.4818012043933535,0.0,0.0,-1.0,-22.966751411402953
-0.0049600664562822645,-0.018715318233806448,-0.205,284.41911905858444,0.0,0.0,-0.5113367055517023,-0.4197410268179223,0.0,0.0,-1.0,-25.188128095971685
0.01050051568441805,0.001859964295314829,-0.205,284.7495922822397,0.0,0.0,-0.5563600200155325,-0.33565226620556,0.0,0.0,-1.0,-27.82037766337117
0.01055890617936024,-0.004328169055759855,-0.205,284.68753907874475,0.0,0.0,-0.5726587304476924,0.4551043811123639,0.0,0.0,-1.0,-28.741576430878993
0.006206429681758884,0.013140971507501036,-0.205,284.52932465507,0.0,0.0,-0.5997284227449012,-1.569080665821656,0.0,0.0,-1.0,-26.919202433655585
-0.014943907165527697,0.007748255635973726,-0.205,284.322889655539,0.0,0.0,-0.5773553669876462,0.39285818240621906,0.0,0.0,-1.0,-25.353295915451753
0.013117024595569885,0.014297884715050578,-0.205,284.4059354276192,0.0,0.0,-0.5098805727238273,0.4479779086657232,0.0,0.0,-1.0,-21.234909729316023
0.0032036697906361574,0.01124914128020518,-0.205,284.7578620621359,0.0,0.0,-0.5778716148008319,-0.3848205735060564,0.0,0.0,-1.0,-27.65024494257953
0.012464361075574167,0.009824880051842037,-0.205,284.59347918099,0.0,0.0,-0.5910829353527027,2.4602449872994687,0.0,0.0,-1.0,-25.832268906232766
0.009909833690332475,-0.006535860972387325,-0.205,284.5636785466903,0.0,0.0,-0.5807947126532488,-2.4059753581283165,0.0,0.0,-1.0,-26.621329101753247
-0.012135309950831489,-0.003510181263124939,-0.205,284.65901170548636,0.0,0.0,-0.5911244434317922,-1.2623265420336824,0.0,0.0,-1.0,-26.4618882192317
0.008772422848445122,0.011669772028793272,-0.205,284.62166760519915,0.0,0.0,-0.5995859955043189,0.5804288135594746,0.0,0.0,-1.0,-26.32111075818831
0.002501466507130408,0.015683438880150488,-0.205,284.49894326597024,0.0,0.0,-0.5909650801980268,-0.63503716923552,0.0,0.0,-1.0,-23.39852415451221
-0.0020489390744518826,0.012888709282704315,-0.205,284.6290863924369,0.0,0.0,-0.5951177720519308,-0.02905277895048869,0.0,0.0,-1.0,-26.916808203680397
-0.018981493924652537,0.004119257918004278,-0.205,284.3530495175607,0.0,0.0,-0.5091769638943981,1.6124486836224128,0.0,0.0,-1.0,-25.079866164864022
0.007639443185208462,0.004923882267527033,-0.205,284.9782082726848,0.0,0.0,-0.5096009464188082,-0.8233273982190101,0.0,0.0,-1.0,-31.387105328924264
-0.018314536717750622,-0.007477299296617615,-0.205,284.3850728720929,0.0,0.0,-0.4961419163152156,0.8248470542389683,0.0,0.0,-1.0,-23.4119869301514
-0.0011907423242080212,-0.019909164646088183,-0.205,284.281446140684,0.0,0.0,-0.489946169770363,-1.1429568022573686,0.0,0.0,-1.0,-23.661577592325596
-0.009021499949236692,-0.008295480344505175,-0.205,284.73790911430126,0.0,0.0,-0.5865031228360953,0.6905839507424972,0.0,0.0,-1.0,-27.019375520808268
-0.010509337637164301,-0.007433471345303186,-0.205,284.65659702212935,0.0,0.0,-0.5935611892188831,0.6927331032787912,0.0,0.0,-1.0,-26.543806993956032
0.0145614690312387,-0.007917940740747833,-0.205,284.38885740893204,0.0,0.0,-0.5816558366780306,0.9130186894478141,0.0,0.0,-1.0,-24.006526395860334
0.005040707512611583,0.012273356380773197,-0.205,284.5798615524855,0.0,0.0,-0.5967285473877362,1.3959455991203988,0.0,0.0,-1.0,-27.100893302133866
-0.013908353212631437,0.014203245639591642,-0.205,284.2507491930395,0.0,0.0,-0.4924726299826119,0.46397185614001374,0.0,0.0,-1.0,-21.740853525647857
-0.014890427084878985,0.013265650124520594,-0.205,284.08790718379294,0.0,0.0,-0.49003376248633246,-2.196957967063244,0.0,0.0,-1.0,-24.753917803050438
-0.0041583941324918345,0.010989334575611406,-0.205,284.62828509977885,0.0,0.0,-0.5787867158648917,1.0433686496798202,0.0,0.0,-1.0,-26.900507533182154
-0.01586073220592103,0.00136879635899094,-0.205,284.5626229152702,0.0,0.0,-0.5905392138899288,0.13078957410285955,0.0,0.0,-1.0,-24.120386504564536
0.014836821074159678,0.0017736045564478262,-0.205,284.58903772547086,0.0,0.0,-0.5983728069778723,2.6246961871804673,0.0,0.0,-1.0,-26.62331354216611
-0.014495775213964748,-0.0010985511003743895,-0.205,284.566019863357,0.0,0.0,-0.5997198081443011,-0.6172798204569322,0.0,0.0,-1.0,-26.734381427535915
-0.0007789967261265802,0.015135031896966874,-0.205,284.4878055694104,0.0,0.0,-0.5972201734498497,0.73700391788988,0.0,0.0,-1.0,-26.151522809517573
-0.008637556662001505,-0.012530139609345573,-0.205,284.5544786197698,0.0,0.0,-0.5968149021053482,-0.9747342735976285,0.0,0.0,-1.0,-24.905450924791115
-0.015028067760237384,0.0006760110497839172,-0.205,284.6103272231885,0.0,0.0,-0.597864530474378,-0.11526121981594334,0.0,0.0,-1.0,-26.966667440004944
0.01459122167308154,0.009330992109438057,-0.205,284.47112060262543,0.0,0.0,-0.568022674469032,0.46202651391575206,0.0,0.0,-1.0,-23.82859119268296
-0.007316330946800657,0.0182958619481877,-0.205,284.31302449834675,0.0,0.0,-0.4990359348991079,0.9369802847002398,0.0,0.0,-1.0,-23.216579476586766
0.018805883858052822,0.0048427228498498735,-0.205,284.34470973181925,0.0,0.0,-0.5093144622681782,-0.7631514228138486,0.0,0.0,-1.0,-22.56509398647709
-0.014382677041663077,0.011397306070789546,-0.205,284.39747563885163,0.0,0.0,-0.542925616662661,-1.8719274708293232,0.0,0.0,-1.0,-23.647761505312154
-0.010483512078520928,0.002097151169907428,-0.205,284.71309210622235,0.0,0.0,-0.5570205572433375,-0.8145527433804177,0.0,0.0,-1.0,-29.51737715804155
-0.011767914026492235,-0.003014372275388389,-0.205,284.67914877874443,0.0,0.0,-0.5850036733132794,0.8555524819066157,0.0,0.0,-1.0,-27.170632576420726
0.002506353319275487,-0.012522368381011513,-0.205,284.60747193325386,0.0,0.0,-0.5925740382409181,-0.9644824340105409,0.0,0.0,-1.0,-26.257276011723366
-0.00839582304840591,-0.012730578257282202,-0.205,284.60406668577065,0.0,0.0,-0.5966075470305591,-2.5158597934343407,0.0,0.0,-1.0,-26.232162624966154
-0.001095413114818031,-0.008527232039787273,-0.205,284.80158841708203,0.0,0.0,-0.4915652193483219,-0.5996366957801185,0.0,0.0,-1.0,-30.09101565389997
0.0030381613583686084,-0.016111944617342316,-0.205,284.4441378270528,0.0,0.0,-0.584373138265317,0.6106143787785991,0.0,0.0,-1.0,-24.98703578103595
-0.016354884187165696,0.0044832210026656775,-0.205,284.34551379567847,0.0,0.0,-0.5751098385317331,1.1095107322154072,0.0,0.0,-1.0,-23.50106447638105
0.006740856608821057,0.010681824443554368,-0.205,284.6431875358841,0.0,0.0,-0.5911041861177453,0.44315982529475123,0.0,0.0,-1.0,-26.37762063806588
-0.0076788610014054655,-0.014597989240453371,-0.205,284.58065641948394,0.0,0.0,-0.5829050039132097,0.07583645230219041,0.0,0.0,-1.0,-25.347495124740274
-0.0023382604071558316,0.019397026618988424,-0.205,284.3025414437741,0.0,0.0,-0.5051253145575343,-1.5627713599020825,0.0,0.0,-1.0,-21.525333093122924
0.004519601697770875,0.012935555593106714,-0.205,284.611464900524,0.0,0.0,-0.5989823338444887,-1.4679759196436548,0.0,0.0,-1.0,-25.485668582237114
0.015533349412829786,4.657764024459635e-05,-0.205,284.59858993489337,0.0,0.0,-0.5944102258301304,-1.9453750171498805,0.0,0.0,-1.0,-23.832331221020468
-0.016314897847014672,0.009479478003663727,-0.205,284.31414307678773,0.0,0.0,-0.5275998761808184,-0.08856303329327628,0.0,0.0,-1.0,-23.623059593222056
0.00942319117558177,0.016038778572243787,-0.205,284.4823716453113,0.0,0.0,-0.5357224480557793,-1.518320085079765,0.0,0.0,-1.0,-22.41509599972304
0.0178556328116066,-0.005041938789643661,-0.205,284.3378293507399,0.0,0.0,-0.5371408843631644,0.8194429697455426,0.0,0.0,-1.0,-24.14540755636379
0.0110358034205934,0.005749070360431989,-0.205,284.610510442179,0.0,0.0,-0.5889253081143802,-0.3261964535747888,0.0,0.0,-1.0,-26.80454779396128
-0.012541788544620947,-0.007751248987517449,-0.205,284.60014820882685,0.0,0.0,-0.59917266626499,0.15046649364293307,0.0,0.0,-1.0,-25.55031749081243
0.011065549177016128,0.0017008472777946266,-0.205,284.76253935603313,0.0,0.0,-0.5683381037835032,1.5795662693371704,0.0,0.0,-1.0,-29.808715226534837
0.01482335362127559,-0.002901945956393678,-0.205,284.49078972983307,0.0,0.0,-0.5975207349847427,1.875681112045538,0.0,0.0,-1.0,-25.50872845658238
-0.0126739683549031,0.003894686952389909,-0.205,284.4883601852443,0.0,0.0,-0.5966664704346694,0.6431809986436602,0.0,0.0,-1.0,-25.596127211880912
-0.014098918937549963,0.007723206575462594,-0.205,284.4940311324339,0.0,0.0,-0.5886888774599951,-0.8796549010656632,0.0,0.0,-1.0,-23.970206435504647
0.0006500652298852723,-0.013180446581700582,-0.205,284.6188936070956,0.0,0.0,-0.5962333699481759,0.06884542448182392,0.0,0.0,-1.0,-28.14764462711862
0.010985937020495171,0.010296584066414849,-0.205,284.565569176211,0.0,0.0,-0.5977904471558564,-0.7375128199192093,0.0,0.0,-1.0,-25.51768375195802
0.01262397326556974,-0.004944036359318022,-0.205,284.5560239696661,0.0,0.0,-0.5983730052664672,0.9795472208571566,0.0,0.0,-1.0,-27.07133813014993
-0.0008656923941009916,0.010305999739832249,-0.205,284.7052746361095,0.0,0.0,-0.5481795909681023,-0.7989721048113557,0.0,0.0,-1.0,-30.5351042819743
-0.01326227338165878,0.005628653424321039,-0.205,284.4401618073177,0.0,0.0,-0.5999160562473781,-1.7260161448693128,0.0,0.0,-1.0,-24.769298022649156
0.015958067808536737,0.008638456707981744,-0.205,284.3909598834402,0.0,0.0,-0.5484855419255631,-0.8359099089458181,0.0,0.0,-1.0,-25.30314711286509
-0.014986154074089144,0.0005664762645818096,-0.205,284.53073725437093,0.0,0.0,-0.5981070825769047,0.2767588535068839,0.0,0.0,-1.0,-25.460520720137
0.005306774013369797,-0.009512619554681743,-0.205,284.6077263251084,0.0,0.0,-0.5617503768087536,1.7914389305309537,0.0,0.0,-1.0,-27.207590164052316
0.019266233228561986,-0.0012717830849623636,-0.205,284.3547098110663,0.0,0.0,-0.5131753818034391,-1.4465257440754185,0.0,0.0,-1.0,-23.5976787608227
-0.003928491799947674,0.019250595049846157,-0.205,284.32969548797735,0.0,0.0,-0.5011404288927923,-0.5907231968055668,0.0,0.0,-1.0,-23.302036234517345
0.01057297148121388,-0.009549756884539792,-0.205,284.48337262232565,0.0,0.0,-0.5999999752770624,-0.6163978640969877,0.0,0.0,-1.0,-24.965181323480227
0.0030302331629181328,0.015878682423530008,-0.205,284.4880976274584,0.0,0.0,-0.5875519320291963,-0.24523994951704084,0.0,0.0,-1.0,-25.846749565518692
-0.013993435835156696,0.002382052943750477,-0.205,284.58253353936374,0.0,0.0,-0.5999896342373078,0.3216932583715179,0.0,0.0,-1.0,-25.94823761035333
0.007165917360719526,-0.010051647800798025,-0.205,284.6476666771906,0.0,0.0,-0.5876778150515128,0.8249929514078284,0.0,0.0,-1.0,-28.098322307589886
0.011150095493060421,0.005881439465095975,-0.205,284.74060907833234,0.0,0.0,-0.5908301591076621,-1.0744513919913181,0.0,0.0,-1.0,-28.144190093508154
0.0004620754200148053,0.018703405787645504,-0.205,284.3580578320271,0.0,0.0,-0.5325232611889207,-0.9085049857300301,0.0,0.0,-1.0,-22.041352231546824
0.01698539289988812,0.00507762671069223,-0.205,284.3371181887089,0.0,0.0,-0.5589471172909862,-1.0942718364601083,0.0,0.0,-1.0,-24.9229062970457
0.01506918870164734,0.0009806090226240393,-0.205,284.5165363298091,0.0,0.0,-0.5975420190787714,-0.05702426589194459,0.0,0.0,-1.0,-23.851486980406438
-0.010382964373662491,-0.013430958646853376,-0.205,284.5322194590316,0.0,0.0,-0.5747755504185472,0.6688257919850246,0.0,0.0,-1.0,-24.549385136538575
-0.010358926318785672,0.012437222127530598,-0.205,284.42819922494994,0.0,0.0,-0.5872784312618765,1.374897752429273,0.0,0.0,-1.0,-23.78033084478496
0.013804072973569882,-0.01112168439387196,-0.205,284.24590227276354,0.0,0.0,-0.5589747908502147,-1.665242072755359,0.0,0.0,-1.0,-23.551520647745654
0.005211601024575183,-0.011163764148065513,-0.205,284.62096381943724,0.0,0.0,-0.5873635414018187,2.1729274301081594,0.0,0.0,-1.0,-27.760522808060745
0.009220788976458767,-0.006991401526231638,-0.205,284.7024997025132,0.0,0.0,-0.5756556615120443,-1.632133179655448,0.0,0.0,-1.0,-28.471764618323427
-0.012628441198135797,-0.0032637957458471387,-0.205,284.71993441781984,0.0,0.0,-0.595059229557747,0.9534463479570512,0.0,0.0,-1.0,-27.284103526477786
-9.05448466688281e-05,0.012622158152561107,-0.205,284.57746396883397,0.0,0.0,-0.5910110641068835,1.7057249801948884,0.0,0.0,-1.0,-27.99806534356928
0.009944717433797034,-0.007552264124275211,-0.205,284.56981324201695,0.0,0.0,-0.5894564800420649,-0.7500710097341496,0.0,0.0,-1.0,-25.949173331956978
-0.012733662566829873,-0.006690401326499521,-0.205,284.67772240513074,0.0,0.0,-0.5999388062491515,-0.259248911030029,0.0,0.0,-1.0,-24.444467377087655
0.011038536116024098,0.011465584172649224,-0.205,284.5231904155456,0.0,0.0,-0.5905845560224343,0.18944808318985518,0.0,0.0,-1.0,-25.240389850499835
-0.012023109188441494,-0.010080129518752874,-0.205,284.57199562873853,0.0,0.0,-0.5929668040581908,-0.224230274232012,0.0,0.0,-1.0,-26.001487886177266
0.0032896272336480972,-0.01637577738983275,-0.205,284.4414699997715,0.0,0.0,-0.5795813975752578,-0.5210788935360254,0.0,0.0,-1.0,-23.690428222117173
0.0020652174792371828,0.01040704242077005,-0.205,284.75806476203223,0.0,0.0,-0.5550360002345779,0.4643785338917116,0.0,0.0,-1.0,-27.533973342461127
-0.014002962778575942,-0.011506282399231745,-0.205,284.4752790485457,0.0,0.0,-0.5490710404436719,0.07566149335544736,0.0,0.0,-1.0,-24.234451039197822
-0.0060060636754911325,-0.01707241047230156,-0.205,284.4148931117011,0.0,0.0,-0.5497492859551966,-2.2113724264497168,0.0,0.0,-1.0,-22.041060049042912
0.016352431166064996,0.0015511007885928483,-0.205,284.47890971757795,0.0,0.0,-0.5839340125750787,-1.635252820566292,0.0,0.0,-1.0,-23.089694184105017
0.011218288644891163,0.01338281184739616,-0.205,284.4551899618508,0.0,0.0,-0.5649710891707533,-3.6785024813645153,0.0,0.0,-1.0,-24.47167422011688
0.016339066015238265,0.005588312259562353,-0.205,284.4219453304461,0.0,0.0,-0.5690840187342502,1.529975785171173,0.0,0.0,-1.0,-23.88925265631018
0.00034553231639194743,-0.01700757297457966,-0.205,284.5133480766382,0.0,0.0,-0.5741288362809327,-1.3091721525150601,0.0,0.0,-1.0,-25.702531744480986
-0.011718885326409276,0.0020066330045113313,-0.205,284.68334461073573,0.0,0.0,-0.5810902304256393,-0.09272180775979112,0.0,0.0,-1.0,-25.271252679301703
0.01015101460638662,-0.005829966909277844,-0.205,284.6801012233128,0.0,0.0,-0.578037881241595,0.7484222004700447,0.0,0.0,-1.0,-29.421493614035526
-0.004489143012904092,-0.013180766341698508,-0.205,284.54609796356044,0.0,0.0,-0.5996399188984232,0.4495574689012051,0.0,0.0,-1.0,-25.02149361650112
-0.00975442737821457,-0.005694587978289738,-0.205,284.78387789301973,0.0,0.0,-0.5703673803467336,-2.8634243580345844,0.0,0.0,-1.0,-29.87923504139421
0.008356781109665704,-0.0019543968796442756,-0.205,284.8170925594243,0.0,0.0,-0.49098792987460405,1.1396195553571677,0.0,0.0,-1.0,-30.855854682164953
-0.008987028001271626,0.006417701288616168,-0.205,284.6906389682643,0.0,0.0,-0.56510324655256,0.7534841177301194,0.0,0.0,-1.0,-28.115098018827464
0.009871621682121638,-0.007750726128422554,-0.205,284.51365626400286,0.0,0.0,-0.5902018441410838,-1.6532317084960737,0.0,0.0,-1.0,-27.79855203377361
0.012446783755710126,-0.0139332038967538,-0.205,284.332886604161,0.0,0.0,-0.5333095447283412,1.7141368216097896,0.0,0.0,-1.0,-23.547808463280262
-0.002435057528188772,-0.016082685623539983,-0.205,284.482659512304,0.0,0.0,-0.5862078508217798,-1.036037662552183,0.0,0.0,-1.0,-24.81983508639167
0.017762646876812654,0.0012194163833647554,-0.205,284.4383830353288,0.0,0.0,-0.5571251031281029,0.4345356962783204,0.0,0.0,-1.0,-22.055077984917645
0.013156809782487924,-0.004223976174158157,-0.205,284.49012586052515,0.0,0.0,-0.5993673667021892,0.7501088749886923,0.0,0.0,-1.0,-26.34336282672965
0.01522723990161887,-0.0105303847424343,-0.205,284.20426631007416,0.0,0.0,-0.5383071869161692,-0.963116339376893,0.0,0.0,-1.0,-21.878257997216092
0.0012222094845817082,0.01285610589774381,-0.205,284.6840219003242,0.0,0.0,-0.5939434781120465,0.43216928672112237,0.0,0.0,-1.0,-26.155453276297187
0.011801934774750647,0.0041092948078591835,-0.205,284.6845446317035,0.0,0.0,-0.589570072764169,0.011262213957402817,0.0,0.0,-1.0,-26.57315814423882
0.006639993009294797,-0.0057852133838857175,-0.205,284.71893926574216,0.0,0.0,-0.49945058019107613,-0.7706799820091773,0.0,0.0,-1.0,-30.206880401049514
0.0030245799925995003,0.010833201770393019,-0.205,284.76793141398895,0.0,0.0,-0.569407000343435,-1.300933795514768,0.0,0.0,-1.0,-26.56773863158449
0.008589023745884068,0.009068649402538207,-0.205,284.75302320018085,0.0,0.0,-0.5894936299863965,1.178461888145932,0.0,0.0,-1.0,-27.292797158847502
-0.008533276752266412,0.014777749537059189,-0.205,284.36320000575756,0.0,0.0,-0.5731172596150057,-2.093530389779723,0.0,0.0,-1.0,-21.440421397208286
0.015701575892199917,-0.012360115853262518,-0.205,284.1709914951622,0.0,0.0,-0.4884705820203632,-1.179911729420141,0.0,0.0,-1.0,-22.01339435876668
0.019377985059392127,-0.0002796963763254718,-0.205,284.28441042136546,0.0,0.0,-0.5106915632440941,0.03281160030321222,0.0,0.0,-1.0,-22.073873302348602
0.00926273093096247,-0.008954955747385989,-0.205,284.57702130177586,0.0,0.0,-0.5936648496464513,-0.08115245303631073,0.0,0.0,-1.0,-28.354025669608113
-0.0038151002636487804,-0.01136458679119958,-0.205,284.78686199177776,0.0,0.0,-0.5826341695653946,-0.5748332089018398,0.0,0.0,-1.0,-26.717527263859548
0.012074866486801082,-0.0026310534629283566,-0.205,284.5566716970125,0.0,0.0,-0.5878545805413153,0.8076808826521096,0.0,0.0,-1.0,-27.559187234550308
0.012510973885515756,-0.003288482180865683,-0.205,284.6313085862795,0.0,0.0,-0.5941401491252711,0.49130270992569813,0.0,0.0,-1.0,-27.276729415515593
-0.006838491021602508,-0.01074711222963803,-0.205,284.70121407832886,0.0,0.0,-0.5922453228089816,-0.6743771010493129,0.0,0.0,-1.0,-27.00575050090521
0.0038884978866996624,0.014871609673714628,-0.205,284.58434343294863,0.0,0.0,-0.5957311530271405,-0.1601700792497329,0.0,0.0,-1.0,-22.297799138452334
-0.007241250707813085,-0.0053136819449529915,-0.205,284.8944666782904,0.0,0.0,-0.5058114243403407,1.445162332515354,0.0,0.0,-1.0,-30.593049623282777
-0.006082765234812037,-0.018661471339730354,-0.205,284.34636472950336,0.0,0.0,-0.5018553765512908,-1.9242205371833747,0.0,0.0,-1.0,-20.704740572507205
0.0025703333526971746,-0.009248944555011336,-0.205,284.79175984885757,0.0,0.0,-0.5266053577821428,2.9139425941310946,0.0,0.0,-1.0,-28.787565451615905
-0.015438448403917266,-0.006665952444172143,-0.205,284.48132551509804,0.0,0.0,-0.5776540820023601,-2.137438433129768,0.0,0.0,-1.0,-24.213092481799887
-0.0032835883394916015,0.009229958919958087,-0.205,284.74868719000915,0.0,0.0,-0.5326971608593194,2.6408348179761107,0.0,0.0,-1.0,-29.759494290008753
-0.011405943531896176,-0.0011758214083516098,-0.205,284.78845634859397,0.0,0.0,-0.5737049569395882,0.3659995984336162,0.0,0.0,-1.0,-28.051904762938175
-0.016754569594658895,-2.899575459699892e-05,-0.205,284.4920199371781,0.0,0.0,-0.5787121365017592,-3.3034392763917024,0.0,0.0,-1.0,-23.8327517763847
-0.008924895390995601,0.013347012310033617,-0.205,284.4036505830171,0.0,0.0,-0.5889308819704068,2.5311345806324863,0.0,0.0,-1.0,-24.733694404683128
0.0029133972385923653,0.01282194735852832,-0.205,284.6691498055772,0.0,0.0,-0.5958846072758244,-1.0728150590084666,0.0,0.0,-1.0,-25.417661124774238
0.003076990120863644,0.014511177410605725,-0.205,284.6684605854461,0.0,0.0,-0.5988433253810853,0.1982341840739754,0.0,0.0,-1.0,-25.378056959196453
0.0033743846361788976,0.019262668481823276,-0.205,284.3481925902758,0.0,0.0,-0.5044588333507963,1.479534143101404,0.0,0.0,-1.0,-20.695008401462985
-0.013861360165625418,0.0014205817512157818,-0.205,284.5902088937735,0.0,0.0,-0.5996610545972499,-1.2058203664645166,0.0,0.0,-1.0,-25.23503931461775
0.005207023886212027,-0.014112472617708365,-0.205,284.39276671266856,0.0,0.0,-0.5978689717014084,2.572400919950782,0.0,0.0,-1.0,-26.2265765378345
0.0022510060666892664,0.010278350605781894,-0.205,284.91520340952246,0.0,0.0,-0.5528350201156099,1.350968942029598,0.0,0.0,-1.0,-28.923374356665292
-0.00745037756600119,-0.014764338382775022,-0.205,284.51095029261506,0.0,0.0,-0.5822402965125876,1.5225883076317703,0.0,0.0,-1.0,-23.469004448127198
-0.015063117465654238,0.003919688968336948,-0.205,284.4684115116686,0.0,0.0,-0.5941339724825738,0.5260087973017812,0.0,0.0,-1.0,-25.42251197294062
0.008193999597130838,-0.011671342555526085,-0.205,284.53350763257123,0.0,0.0,-0.5999996258431186,0.1375982369252805,0.0,0.0,-1.0,-24.445558952111696
0.0034828232692746463,-0.018291165135114546,-0.205,284.29414875568216,0.0,0.0,-0.5351993489057146,1.7023097305991637,0.0,0.0,-1.0,-24.46027949680363
-0.011114357482584169,-0.007888880128835447,-0.205,284.67438864667554,0.0,0.0,-0.5986934214706776,0.21089607061585017,0.0,0.0,-1.0,-27.138060320843802
-0.005690402360381195,-0.017150149085760822,-0.205,284.409991081232,0.0,0.0,-0.5504915421311379,0.442892424707152,0.0,0.0,-1.0,-25.467993732359623
0.0014870526282509135,-0.019268168024099436,-0.205,284.39335337473085,0.0,0.0,-0.5125803704338592,-1.0610285425829598,0.0,0.0,-1.0,-23.998464638983
-0.0037189628308987093,0.015398882828281672,-0.205,284.50260344731373,0.0,0.0,-0.5914034381304977,-1.9379492887195464,0.0,0.0,-1.0,-24.775545614138895
0.0037528156375447744,-0.01563162007428882,-0.205,284.3795365356957,0.0,0.0,-0.5886874374319926,0.5027124189821458,0.0,0.0,-1.0,-25.107762581977713
0.014102096532230933,0.010116968342887193,-0.205,284.5389187759043,0.0,0.0,-0.5672666014798773,-1.2891612024184957,0.0,0.0,-1.0,-25.07507568762261
0.00029379933502713225,-0.015151943801183777,-0.205,284.45059889831623,0.0,0.0,-0.597221856836302,-0.9406112602778361,0.0,0.0,-1.0,-25.8440306446221
0.012370595356198768,-0.014114118278524511,-0.205,284.2579070044008,0.0,0.0,-0.5307275444784033,-0.295806566150887,0.0,0.0,-1.0,-23.44240269323602
-0.013270814452020581,0.004076219759025932,-0.205,284.58923583444454,0.0,0.0,-0.5995422405486163,-2.6636839400934913,0.0,0.0,-1.0,-27.17709868519461
0.005600376258921624,0.01000338709623441,-0.205,284.79836766123077,0.0,0.0,-0.5736669313771338,3.5372398109183623,0.0,0.0,-1.0,-28.885836353589436
-0.008116270425128125,0.0026568395138963216,-0.205,284.79699525551956,0.0,0.0,-0.48935797762713085,-0.913619689225076,0.0,0.0,-1.0,-29.444105855521528
-0.0003261016158994644,0.00973685778409502,-0.205,284.8482343677965,0.0,0.0,-0.5310452974862001,0.9996514549623603,0.0,0.0,-1.0,-28.41283179480457
-0.005993246082321022,-0.008427923874971774,-0.205,284.9147900127368,0.0,0.0,-0.5481614395971601,-2.7905588037309514,0.0,0.0,-1.0,-29.979902522119914
-0.007228061522449861,-0.017108300686561273,-0.205,284.387049905673,0.0,0.0,-0.536593620284952,1.6380362654065093,0.0,0.0,-1.0,-23.152937944235354
0.0007188837186779608,-0.019332103723709127,-0.205,284.2254816532646,0.0,0.0,-0.5118900678932321,0.621213204937712,0.0,0.0,-1.0,-21.46825178919335
0.012779375969674815,0.003710977443987964,-0.205,284.6622034068781,0.0,0.0,-0.5969840853175922,0.1907560908151454,0.0,0.0,-1.0,-26.860780913766234
0.01441641285898498,0.00851951665339048,-0.205,284.56213190380237,0.0,0.0,-0.5788647608247438,0.2019397055196994,0.0,0.0,-1.0,-24.782561317988574
0.011874975457581472,0.009587001083619326,-0.205,284.71351993173414,0.0,0.0,-0.5965251705608801,0.21998494465769927,0.0,0.0,-1.0,-24.231292941398458
0.013374724983059529,-0.002037704675585229,-0.205,284.5217630989992,0.0,0.0,-0.5982361833319009,-0.1442842117305752,0.0,0.0,-1.0,-24.670190901287828
0.004509209801182845,-0.01771088666600242,-0.205,284.3418334003499,0.0,0.0,-0.544997441677558,-0.017025181161628992,0.0,0.0,-1.0,-22.37205516928672
-0.010806806584809443,-0.004481524686304033,-0.205,284.7124626660937,0.0,0.0,-0.5779193351326478,-0.6173815764280784,0.0,0.0,-1.0,-27.31339523264448
-0.01131492162641217,-0.009090530566657755,-0.205,284.5898837147382,0.0,0.0,-0.5997629256036376,0.27491464167775675,0.0,0.0,-1.0,-25.08305114691306
-0.006416749033496913,-0.016229465013094347,-0.205,284.48378897953245,0.0,0.0,-0.5652076717274347,-1.2006960014334958,0.0,0.0,-1.0,-24.434196982261067
0.002667207542633059,0.01830245181051027,-0.205,284.3908260444013,0.0,0.0,-0.5388253673418969,-2.005656702624951,0.0,0.0,-1.0,-21.146187452206668
-0.009301317533388453,0.007928788626275014,-0.205,284.61617439699614,0.0,0.0,-0.5860446083809213,-1.2252192684073575,0.0,0.0,-1.0,-28.56934445735619
0.0003162455556430748,0.013884072289615057,-0.205,284.595945970926,0.0,0.0,-0.599554490036552,-0.3110971269802963,0.0,0.0,-1.0,-25.73566030353995
-0.011882173214669046,0.0012472615754744137,-0.205,284.62519863457976,0.0,0.0,-0.5820082630432738,0.8024340108324115,0.0,0.0,-1.0,-26.527253512203636
-0.0038815677611210996,-0.012379444947495172,-0.205,284.61563359147726,0.0,0.0,-0.5944721792604197,1.0520640139022388,0.0,0.0,-1.0,-26.589771240823904
-0.01390293033917921,0.003362296874560318,-0.205,284.4997578829018,0.0,0.0,-0.5999902053405917,2.665831456168703,0.0,0.0,-1.0,-23.70670608277952
0.006482512147761416,-0.01028398052111967,-0.205,284.6195136161664,0.0,0.0,-0.5851284387693203,0.3803466616488246,0.0,0.0,-1.0,-27.629532490069476
0.017254050129665424,0.0038168574406217577,-0.205,284.4424319379232,0.0,0.0,-0.5602799915073837,-2.2034218748467684,0.0,0.0,-1.0,-22.846448360352785
0.00022099791136965613,0.015774082087071494,-0.205,284.49653330997415,0.0,0.0,-0.5921012989392873,0.8105207915920859,0.0,0.0,-1.0,-23.722427100000385
0.0005783491921134648,-0.01831763029437891,-0.205,284.3514196481608,0.0,0.0,-0.543598963952475,-0.4069017992269461,0.0,0.0,-1.0,-23.42155144276432
0.018435452582510645,0.003452276284117194,-0.205,284.4494156753378,0.0,0.0,-0.5310995582897686,-0.3776965488208047,0.0,0.0,-1.0,-21.59550379088052
-0.009239619948840578,0.010009770015426968,-0.205,284.52274626937526,0.0,0.0,-0.5986627535973248,0.421532294360555,0.0,0.0,-1.0,-25.718334396631356
0.012015149474178671,0.014696393083795504,-0.205,284.3745762330316,0.0,0.0,-0.5239850971687698,-0.2710548852690966,0.0,0.0,-1.0,-20.58765714650385
-0.007652319654874029,0.006691287425344232,-0.205,284.68151612668765,0.0,0.0,-0.5433762767251894,-0.050894798862502574,0.0,0.0,-1.0,-27.87271511335516
-0.0032976363334197094,-0.011230881739319926,-0.205,284.7193770020512,0.0,0.0,-0.5780198070123894,-1.9446922306941572,0.0,0.0,-1.0,-27.9996337619797
-0.019935549530242312,-0.0004521544648899754,-0.205,284.31627155980743,0.0,0.0,-0.490103221672328,-0.9419138046747216,0.0,0.0,-1.0,-21.589221860994087
-0.01682126175084246,0.0080703365861434,-0.205,284.4094898106748,0.0,0.0,-0.5340899937753092,1.208198269221842,0.0,0.0,-1.0,-23.054667224435967
-0.010149316979866724,0.009286845546838906,-0.205,284.5643978642995,0.0,0.0,-0.5991750844162647,0.13166844728843818,0.0,0.0,-1.0,-25.569527962895755
0.0010250469454779947,0.012987178646923848,-0.205,284.63569842008275,0.0,0.0,-0.5949288492530229,-0.3840674238307476,0.0,0.0,-1.0,-26.225088673206937
0.017156486653587173,-7.432926274184576e-05,-0.205,284.43789004618145,0.0,0.0,-0.571329058801222,0.5538943864808089,0.0,0.0,-1.0,-24.03436309178592
-0.008559954082537673,0.017710019476422825,-0.205,284.23966223671664,0.0,0.0,-0.5003009097344179,-1.2485064276414095,0.0,0.0,-1.0,-21.647370405192188
0.008154194588424746,0.004143566251724126,-0.205,284.84099426386797,0.0,0.0,-0.511614949698896,0.8693050214860851,0.0,0.0,-1.0,-27.08073998463963
0.005690448784853949,0.011333923684088674,-0.205,284.6116285706374,0.0,0.0,-0.5916589598041749,-2.153839728772822,0.0,0.0,-1.0,-26.067881961814752
0.012899778073648971,-0.011028233595183573,-0.205,284.3466791962295,0.0,0.0,-0.5748683402222062,-2.412929053011897,0.0,0.0,-1.0,-24.30762553009552
-0.011679268188605535,0.005907539563694911,-0.205,284.51322998945903,0.0,0.0,-0.5954204349611004,-0.24238510384572148,0.0,0.0,-1.0,-26.953174514209373
-0.00477479590048013,-0.018339355213806176,-0.205,284.4131769985163,0.0,0.0,-0.5250123032631833,-0.5743590030547004,0.0,0.0,-1.0,-22.34310514043249
-0.011583538328262151,0.0008227353419977183,-0.205,284.72997860823205,0.0,0.0,-0.5763968578222167,0.38509323970157366,0.0,0.0,-1.0,-28.13981268077287
-0.008357581029508829,0.014596343783996763,-0.205,284.42608236065115,0.0,0.0,-0.577590969590544,1.1219060719905458,0.0,0.0,-1.0,-24.000074764952267
0.004701764118168874,0.014794955055459412,-0.205,284.59221312900155,0.0,0.0,-0.5944912201295738,-1.5613968080221226,0.0,0.0,-1.0,-25.184189151011495
0.009523170544098293,-0.014268229151844256,-0.205,284.38022453204303,0.0,0.0,-0.5713735550580743,1.8668297973390846,0.0,0.0,-1.0,-26.02543398667381
0.014371119702409783,-0.004162496151155377,-0.205,284.53975468350563,0.0,0.0,-0.598280615565005,-0.2876979940608644,0.0,0.0,-1.0,-25.78429084559426
0.0008347402576448571,0.017549227237509606,-0.205,284.399085239455,0.0,0.0,-0.5626156702654818,-2.117716658346945,0.0,0.0,-1.0,-23.5790072917376
-0.0007221043328208036,0.012534545806202047,-0.205,284.5970135612265,0.0,0.0,-0.5902539591019169,-0.10527798915953716,0.0,0.0,-1.0,-27.749020223118055
0.0027425820872802394,-0.019269000174409523,-0.205,284.3428523530018,0.0,0.0,-0.5077713583741905,-0.09801365085291276,0.0,0.0,-1.0,-23.100429669113268
-0.0036906864284736276,0.013060426688848392,-0.205,284.5387689723302,0.0,0.0,-0.5984394740748894,0.2365916185873909,0.0,0.0,-1.0,-29.084529100467677
0.009589614305444314,-0.013606350637237275,-0.205,284.2803484335127,0.0,0.0,-0.5805160889843145,-2.144821360956109,0.0,0.0,-1.0,-23.832178753854343
-0.013671353646809086,-0.008662775773801265,-0.205,284.59959814078934,0.0,0.0,-0.5872955785251297,1.154731579855526,0.0,0.0,-1.0,-24.71669232527166
0.0005506910220431172,-0.012669506354896528,-0.205,284.6541360247816,0.0,0.0,-0.5916508268025885,0.551539748668505,0.0,0.0,-1.0,-27.30567915780283
-0.015393656938792183,0.012031414092957599,-0.205,284.23109521126975,0.0,0.0,-0.5051184304122279,-0.30192350041347976,0.0,0.0,-1.0,-22.676871835808925
-0.011514021882116327,-0.00041605318441544987,-0.205,284.7188888980702,0.0,0.0,-0.5747365005462748,0.31887134695203434,0.0,0.0,-1.0,-26.117901752405366
-0.01051944770475264,-0.003451626059497012,-0.205,284.7835998935078,0.0,0.0,-0.5657097360378085,0.373752967727954,0.0,0.0,-1.0,-29.001332079271812
0.004614984247111593,0.010959249541281543,-0.205,284.7556662869712,0.0,0.0,-0.5811201186106456,-0.7631288513179055,0.0,0.0,-1.0,-29.219758438803932
0.003632005671749968,0.016903564010462745,-0.205,284.4242595781741,0.0,0.0,-0.5686511780448343,-0.090978251132778,0.0,0.0,-1.0,-24.309029984417865
-0.004702779879501345,0.012685303536643867,-0.205,284.59225939753316,0.0,0.0,-0.5982357412815077,-2.0880431532996298,0.0,0.0,-1.0,-25.35458168500736
0.007991242515951714,0.008649281391148756,-0.205,284.6861108020844,0.0,0.0,-0.5792260813347516,2.0029211392706148,0.0,0.0,-1.0,-27.144094814594858
-0.014603660053777848,-0.013579457814835648,-0.205,284.4120881235157,0.0,0.0,-0.49006643471450784,-0.12341984528690286,0.0,0.0,-1.0,-22.91068812492974
0.008291381263132601,0.016012214850162684,-0.205,284.3753940101052,0.0,0.0,-0.5514706236745421,-0.7082526543467969,0.0,0.0,-1.0,-24.28580813698158
0.010737862990244141,-0.007778210789317569,-0.205,284.5428201348793,0.0,0.0,-0.5966675368747979,0.6289848076658456,0.0,0.0,-1.0,-26.73735874904371
-0.008797361172224849,0.012074162642431975,-0.205,284.43759223576103,0.0,0.0,-0.5983881785441711,-1.4776792573027862,0.0,0.0,-1.0,-26.23757023822074
-0.017510276503216727,-0.008978500499797018,-0.205,284.33077549928134,0.0,0.0,-0.5000149429013814,-0.9593897507350412,0.0,0.0,-1.0,-22.916520247902607
-0.010368630333493334,-0.0004600796624921136,-0.205,284.79003001578286,0.0,0.0,-0.5491441347207626,0.7888686413555633,0.0,0.0,-1.0,-28.871090958485805
-0.01367290472110284,0.014024450243158529,-0.205,284.2530553843085,0.0,0.0,-0.5033546922953697,-0.5869309498970423,0.0,0.0,-1.0,-25.245495316273416
0.015114471117737319,-0.002296027024961727,-0.205,284.50822064405355,0.0,0.0,-0.5963445292976172,0.23473263404430642,0.0,0.0,-1.0,-23.514482778440335
-0.006162145296740178,-0.0073733673103303825,-0.205,284.9250021692735,0.0,0.0,-0.5269155804674683,0.4590579410439056,0.0,0.0,-1.0,-27.893868483319203
0.012637339802043054,0.00565127189910358,-0.205,284.6595307499936,0.0,0.0,-0.5994389134054442,0.8737070975216142,0.0,0.0,-1.0,-27.2000792807223
0.014178862295325901,-0.01027334358056995,-0.205,284.3329829160736,0.0,0.0,-0.5639460751741563,-1.8902816704624543,0.0,0.0,-1.0,-23.477305303251555
0.007595655448326533,0.017810730977532704,-0.205,284.4127526501102,0.0,0.0,-0.5112912574679064,0.5362300188117145,0.0,0.0,-1.0,-21.500093568299647
-0.008413129146683492,0.006437864747877058,-0.205,284.68290217289996,0.0,0.0,-0.5546333488945312,0.2185942076940858,0.0,0.0,-1.0,-28.428852317683184
0.018660010439760375,0.004694807407377263,-0.205,284.36737165754175,0.0,0.0,-0.5154472305077563,-1.4931946780729222,0.0,0.0,-1.0,-24.154968541178146
0.009482712532508628,0.006331173671488161,-0.205,284.7041734023812,0.0,0.0,-0.572474372353566,1.4112039231563553,0.0,0.0,-1.0,-29.22924806289854
-0.018661890052867773,-0.006368704783868943,-0.205,284.3552182265122,0.0,0.0,-0.4985100599780174,1.3729703506306399,0.0,0.0,-1.0,-23.344418283700495
0.01575744804631345,0.005820267882552061,-0.205,284.52340553251713,0.0,0.0,-0.5779679540190253,0.034719244663728964,0.0,0.0,-1.0,-24.05640750358257
-0.0010242795704714556,0.012067356541357202,-0.205,284.62907704229974,0.0,0.0,-0.5844696717579777,0.16661711089787057,0.0,0.0,-1.0,-27.15766116635646
0.011421507841540873,0.0003268918186937873,-0.205,284.7081913619273,0.0,0.0,-0.5729398809243885,-1.5728942151889223,0.0,0.0,-1.0,-26.20318688314893
-0.0023607053967579666,-0.019429627793944526,-0.205,284.37639453974737,0.0,0.0,-0.503862892668801,-0.8792994624072056,0.0,0.0,-1.0,-23.596955537353633
-0.01191056882045,-0.00535179005871407,-0.205,284.7135521859399,0.0,0.0,-0.5951756981702265,-0.7070540312731696,0.0,0.0,-1.0,-26.533988685889256
0.009745246014764062,0.010443692717549328,-0.205,284.64113647259956,0.0,0.0,-0.5999960131082867,-1.7910590719315886,0.0,0.0,-1.0,-25.886400255406887
-0.015225801651295104,0.002786987617404889,-0.205,284.5147582698243,0.0,0.0,-0.594876122788825,-1.1560498937287376,0.0,0.0,-1.0,-25.269617575250958
-0.015837996467877688,-0.00430221166190909,-0.205,284.4844223270732,0.0,0.0,-0.584138769153121,1.1352101712063916,0.0,0.0,-1.0,-23.812491929506542
-0.011244482669681177,-0.0028872435137461665,-0.205,284.77679785398647,0.0,0.0,-0.5763346221130046,-0.8602446183289527,0.0,0.0,-1.0,-26.71194485096003
0.009155958694484862,0.016570311907341966,-0.205,284.38521686496193,0.0,0.0,-0.5256206580861188,0.7260562946216851,0.0,0.0,-1.0,-21.45647943036486
-0.011027451079581637,-0.01589135947252032,-0.205,284.3677964784444,0.0,0.0,-0.5119857303002198,2.4235442633425612,0.0,0.0,-1.0,-24.54330325300827
0.0120911111447337,0.007112390059509243,-0.205,284.7224334905109,0.0,0.0,-0.5998325511588223,-0.29229977188146866,0.0,0.0,-1.0,-26.56482362928797
-0.012983347246132048,-0.009225385707483318,-0.205,284.5212863453807,0.0,0.0,-0.5904541135528195,-0.6071225472277341,0.0,0.0,-1.0,-24.795394960613063
-0.01724804323000815,0.0020232084609857854,-0.205,284.45795079293543,0.0,0.0,-0.567043914332811,-0.7663542155968815,0.0,0.0,-1.0,-22.481108314831594
0.011789137629276933,-0.01129510688035259,-0.205,284.3682969659644,0.0,0.0,-0.585363702093513,-1.253107907904898,0.0,0.0,-1.0,-25.089036907932726
0.01448461271247228,0.010971818664022493,-0.205,284.45476021412736,0.0,0.0,-0.5478267096922529,-1.0997533120835978,0.0,0.0,-1.0,-22.763640817191078
0.005936874479965746,-0.007205698043715679,-0.205,284.73743836437075,0.0,0.0,-0.5180677480209144,-1.088703633993478,0.0,0.0,-1.0,-28.54218576564353
0.015852100420949207,-0.005802866640373927,-0.205,284.40054829951794,0.0,0.0,-0.5765122167851199,-0.2717425824143178,0.0,0.0,-1.0,-24.349468661204806
0.008671339087717351,-0.01338653430214152,-0.205,284.4052941970586,0.0,0.0,-0.5901965811163802,-0.6196689468555812,0.0,0.0,-1.0,-26.754260749719915
0.012268657276117775,0.005991844279201231,-0.205,284.63649090077246,0.0,0.0,-0.5987931310890843,-1.9485584739800148,0.0,0.0,-1.0,-26.17312234298395
0.013265171238577225,0.011743681735252236,-0.205,284.525411572722,0.0,0.0,-0.5592177587050412,-0.654540323053878,0.0,0.0,-1.0,-22.869664039107263
0.008504805412523117,0.002072361950054189,-0.205,284.85317192405427,0.0,0.0,-0.4974806532626025,-0.33327198509685596,0.0,0.0,-1.0,-28.402112591546114
-0.0006108801798985214,-0.015669859311376048,-0.205,284.4188720629664,0.0,0.0,-0.5930433693281043,0.9336221292851736,0.0,0.0,-1.0,-25.32756804992614
0.017287649906407583,0.005414221379803574,-0.205,284.43047720440507,0.0,0.0,-0.5492890970166567,-2.466424468443591,0.0,0.0,-1.0,-24.82269875839961
-0.015343043750382538,0.011173333660602826,-0.205,284.229614575277,0.0,0.0,-0.524065806563118,2.1189744623540285,0.0,0.0,-1.0,-21.285439058967942
-0.010769276599522227,-0.0010852887019768085,-0.205,284.73125314457997,0.0,0.0,-0.5601639327252457,-0.9957020108002044,0.0,0.0,-1.0,-28.002668320542192
-0.0030843808518241514,-0.01598424317274821,-0.205,284.4327808223988,0.0,0.0,-0.5860276802316318,0.7074193625423578,0.0,0.0,-1.0,-25.003940089092026
0.010248919712479663,0.014146337515369032,-0.205,284.4151785925542,0.0,0.0,-0.5648401462373488,0.9128196543771243,0.0,0.0,-1.0,-23.070418404271795
0.007808080883087628,0.015353016522973469,-0.205,284.4450858916492,0.0,0.0,-0.5699761189179149,0.8203367574349435,0.0,0.0,-1.0,-24.7116250579297
-0.006033640654914469,0.008753358094020598,-0.205,284.72352555788535,0.0,0.0,-0.555562998837487,0.7800600017879088,0.0,0.0,-1.0,-28.578385516388238
0.00756202529675496,0.015455100826544473,-0.205,284.47505902605235,0.0,0.0,-0.570348383831597,0.572597261983763,0.0,0.0,-1.0,-25.38967050187559
0.004038696587058073,0.015364701633299586,-0.205,284.4837746566789,0.0,0.0,-0.5909100795786693,2.684229502228575,0.0,0.0,-1.0,-27.105915452241984
0.0027549365522895907,-0.008445338033900476,-0.205,284.82648493892515,0.0,0.0,-0.5022609208481686,-0.3881459816857292,0.0,0.0,-1.0,-30.128454085053693
0.0029795170484321933,-0.011708034422079877,-0.205,284.5757821761294,0.0,0.0,-0.584037794867524,-0.47495651532159733,0.0,0.0,-1.0,-28.260401760159837
0.011613896210625186,-0.010473436822788056,-0.205,284.4525011028448,0.0,0.0,-0.593453569839295,0.4298852694399355,0.0,0.0,-1.0,-24.87668106658245
0.008140666167051976,0.0033957574950358276,-0.205,284.91345053320055,0.0,0.0,-0.49996009600968,-2.5032019324984707,0.0,0.0,-1.0,-29.24008816905723
0.018094900024314454,-0.006587542371403093,-0.205,284.2621043082364,0.0,0.0,-0.5149326060449811,0.42187690746557666,0.0,0.0,-1.0,-21.915814985053483
0.006497201388960938,-0.017526911491356593,-0.205,284.2823870152907,0.0,0.0,-0.5330277698243,0.7636506185609753,0.0,0.0,-1.0,-22.166543053334816
-0.008092822654707,0.017761176476164767,-0.205,284.3123643333931,0.0,0.0,-0.5058213921456024,0.43680480097137414,0.0,0.0,-1.0,-21.206075811146025
0.0013599994516055424,0.012620436166213011,-0.205,284.6978848540211,0.0,0.0,-0.5917784446951975,1.0216535057533336,0.0,0.0,-1.0,-27.057221062313644
0.014970391383784292,0.010962297449283589,-0.205,284.3813289917845,0.0,0.0,-0.5371095404632701,0.6290270579965801,0.0,0.0,-1.0,-25.199410104596907
-0.013086784676191093,0.003056660358082059,-0.205,284.54459152700326,0.0,0.0,-0.5977680547018926,0.6707465665677308,0.0,0.0,-1.0,-27.52701298531791
0.0019538228492355755,-0.013440178962429154,-0.205,284.67966902394454,0.0,0.0,-0.5984832201366644,-1.5355181106409506,0.0,0.0,-1.0,-27.767273483445692
0.0132387934897454,0.0044077551629548885,-0.205,284.66219312273375,0.0,0.0,-0.5997012158646361,-0.5490719355742281,0.0,0.0,-1.0,-26.261071207554835
0.013020534817118143,-0.009620524806854564,-0.205,284.4424347930898,0.0,0.0,-0.5872390387361192,1.501457254558153,0.0,0.0,-1.0,-24.921205784994687
0.007752723850168404,-0.00505869546426423,-0.205,284.73771038426594,0.0,0.0,-0.5154036980092422,0.06971871860682471,0.0,0.0,-1.0,-28.789310800481616
0.007305032683518814,0.006721508803783713,-0.205,284.8432651757083,0.0,0.0,-0.5365751462069391,-1.966492939230415,0.0,0.0,-1.0,-27.994386507290795
-0.018204447213974954,-0.0027448567962255976,-0.205,284.35549439596673,0.0,0.0,-0.5412660236627239,1.5444999419824568,0.0,0.0,-1.0,-22.612353337531545
0.013255381601975317,0.0002671462131552985,-0.205,284.6086280245207,0.0,0.0,-0.5966610009212315,1.0604498908935942,0.0,0.0,-1.0,-26.115431084892734
0.01776482251734067,-0.007471636085642734,-0.205,284.27358162893165,0.0,0.0,-0.5144086663603589,-0.6137622288114936,0.0,0.0,-1.0,-24.37553925193708
-0.002117937691676423,0.018207076929569223,-0.205,284.29804981827664,0.0,0.0,-0.5435134522132951,1.2666934697590884,0.0,0.0,-1.0,-23.54755815259741
-0.003712649986416587,-0.01596731359920713,-0.205,284.42750278201936,0.0,0.0,-0.5844114525311079,-1.791078977533544,0.0,0.0,-1.0,-24.32775143541087
0.011606418127987857,0.015978127969096242,-0.205,284.28367205890027,0.0,0.0,-0.4973944921249402,-0.7747187178703072,0.0,0.0,-1.0,-22.912418944493496
0.009718567387320236,0.0034017520200704614,-0.205,284.78715304644123,0.0,0.0,-0.5469638439695601,-1.0960617199482814,0.0,0.0,-1.0,-27.721654339092616
0.0075442558090133,0.008399843727682287,-0.205,284.87353437006266,0.0,0.0,-0.5702749421611775,0.31185486407422,0.0,0.0,-1.0,-28.603372864311265
-0.01753967202429876,0.005928776993413001,-0.205,284.2836118268084,0.0,0.0,-0.5382816648021951,-0.7552477383835303,0.0,0.0,-1.0,-23.762095398679254
0.0005825454767537149,-0.01829185452589578,-0.205,284.359687382226,0.0,0.0,-0.5443059003959232,0.30837151485152176,0.0,0.0,-1.0,-21.704935207502835
0.00932732972562746,-0.00650319270138957,-0.205,284.5685997162616,0.0,0.0,-0.5718641205319862,1.08925044934292,0.0,0.0,-1.0,-27.65405956319412
-0.005884009533594977,0.01089042380963603,-0.205,284.63006182558735,0.0,0.0,-0.5881117309564544,0.35000888907879724,0.0,0.0,-1.0,-28.502418761273923
-0.0024889942933647,-0.01220781880779847,-0.205,284.7314709276215,0.0,0.0,-0.5891141359966463,0.854736276407153,0.0,0.0,-1.0,-26.9758823891863
-0.006415709609520968,-0.013980296156225784,-0.205,284.5263814034161,0.0,0.0,-0.5956503737937923,-0.7338723981960683,0.0,0.0,-1.0,-25.719279758806774
0.013201648727863743,-0.0023387769799498824,-0.205,284.50786165612715,0.0,0.0,-0.5975895893501625,2.193670593103959,0.0,0.0,-1.0,-26.08710995481138
0.017050992831142184,0.005761716509067473,-0.205,284.371237606557,0.0,0.0,-0.5523247236215079,0.6074060916068103,0.0,0.0,-1.0,-23.57911630305207
-0.004265321433222908,-0.014740470056986543,-0.205,284.5575822095794,0.0,0.0,-0.5959297137694636,-0.1516177327671014,0.0,0.0,-1.0,-25.69039631269078
-0.008137370362755334,-0.015554360660989301,-0.205,284.45752887234687,0.0,0.0,-0.5629466724551616,-0.7691370223750663,0.0,0.0,-1.0,-23.465184358402233
0.013418709479881072,-0.010689637601441392,-0.205,284.37466462942655,0.0,0.0,-0.5713408111406308,1.199256351271926,0.0,0.0,-1.0,-22.887953341008203
-0.007893747261927684,0.016476193681835095,-0.205,284.3872473199291,0.0,0.0,-0.5451709727160299,-0.20242550812366125,0.0,0.0,-1.0,-21.827859623238773
-0.008087449223230923,0.0073960379542509554,-0.205,284.6137665834317,0.0,0.0,-0.5632539893680932,-0.28160963470962963,0.0,0.0,-1.0,-28.773003593680098
-0.011504068407269334,-0.00887621867021546,-0.205,284.6850816200291,0.0,0.0,-0.5997332929601734,1.2246529448242316,0.0,0.0,-1.0,-27.082743416924625
0.010134423376508743,-0.005525502258409707,-0.205,284.7185301513698,0.0,0.0,-0.5751299147773054,-1.5799350204988292,0.0,0.0,-1.0,-29.38985156525892
0.0031746933051980853,0.019616497427824262,-0.205,284.4071877728395,0.0,0.0,-0.4927500451705488,-0.7877332333198039,0.0,0.0,-1.0,-21.031775859440064
0.007421763132169307,-0.007195334777923596,-0.205,284.6611926436199,0.0,0.0,-0.5480414418916738,2.045482059851715,0.0,0.0,-1.0,-28.929511827530074
-0.005091557453606738,0.016012995659621273,-0.205,284.4024339419089,0.0,0.0,-0.5778817644756545,-0.7109199375776492,0.0,0.0,-1.0,-25.448832960894823
-0.01906317103933487,-0.003539695512472791,-0.205,284.40124701048563,0.0,0.0,-0.5103774954231997,0.2321384677346067,0.0,0.0,-1.0,-23.725296332546616
0.015552131313868772,0.0047053886619695924,-0.205,284.5603571930024,0.0,0.0,-0.5864478496665734,1.7348100680284586,0.0,0.0,-1.0,-23.61108572688675
-0.011997968099781056,0.009681813142336269,-0.205,284.47683104177406,0.0,0.0,-0.5953770832744755,1.230459290062463,0.0,0.0,-1.0,-26.054889662000527
0.001610960065540301,0.013485994363931187,-0.205,284.6215041473636,0.0,0.0,-0.5984851242091264,2.0279278567829437,0.0,0.0,-1.0,-27.03673837721734
0.0011543293708523564,0.012690935940535806,-0.205,284.6723041603456,0.0,0.0,-0.5922963534641366,0.3071898396838445,0.0,0.0,-1.0,-27.797261426322514
0.007491865874375829,0.01615531858536888,-0.205,284.4590733871616,0.0,0.0,-0.5570412159732512,0.1828625370074419,0.0,0.0,-1.0,-23.37607257675854
0.013400860163455328,0.010979763492915934,-0.205,284.44180969832786,0.0,0.0,-0.5679221073339802,2.1665483167064203,0.0,0.0,-1.0,-24.898170693426767
0.019361335544763294,-0.0011308308825566825,-0.205,284.30966899537435,0.0,0.0,-0.5101919941380597,0.924117676457351,0.0,0.0,-1.0,-22.900880534233927
0.006448988571024059,-0.012341235275281666,-0.205,284.50925283890956,0.0,0.0,-0.5996407547863108,-1.5552734305346536,0.0,0.0,-1.0,-26.624546817191646
0.004660758013409429,0.01657747366189493,-0.205,284.5059778187154,0.0,0.0,-0.5700615961868298,-1.1695979481567118,0.0,0.0,-1.0,-21.718431848058017
-0.012241057699583287,-0.007350200924330304,-0.205,284.65860395960465,0.0,0.0,-0.599997288196249,-2.5720523688124977,0.0,0.0,-1.0,-27.129691351653545
0.01115037120100534,-0.010373444676483913,-0.205,284.4458365344292,0.0,0.0,-0.5967438184238133,-0.43432756970580993,0.0,0.0,-1.0,-25.933084941462084
-0.008726607310777543,0.010100294741976578,-0.205,284.4401410152289,0.0,0.0,-0.5972390960131798,-0.5979090225562281,0.0,0.0,-1.0,-26.75316604408281
0.005970187760748989,0.006217770433168408,-0.205,284.9024344662398,0.0,0.0,-0.4924329576190485,-0.7876214732226632,0.0,0.0,-1.0,-29.82247883606145
-0.005008499284070679,0.008713809064878338,-0.205,284.74463938490914,0.0,0.0,-0.5401558583889189,1.5507544836050173,0.0,0.0,-1.0,-30.17656951846708
0.010149194789866527,0.01565404158085802,-0.205,284.48640281207463,0.0,0.0,-0.5341140457644765,1.506704511648552,0.0,0.0,-1.0,-22.17824810934992
-0.0038814290404148182,-0.009826774719816333,-0.205,284.83937742055133,0.0,0.0,-0.5539318392667221,-1.1425300429458576,0.0,0.0,-1.0,-28.189482931787353
0.005058245719690518,-0.015656457750704608,-0.205,284.3800356630042,0.0,0.0,-0.5835260514354442,-0.8748797923669263,0.0,0.0,-1.0,-25.439702170229527
0.0041776793497631725,-0.019520831291540187,-0.205,284.3276315962265,0.0,0.0,-0.4892446704604264,3.358567484313052,0.0,0.0,-1.0,-22.71195694324438
-0.009430069276031783,0.003968373838442866,-0.205,284.7914278451498,0.0,0.0,-0.5451869024755706,0.6543879433202814,0.0,0.0,-1.0,-28.38108276149419
0.019362274197104,-0.001147182175585829,-0.205,284.2658702074503,0.0,0.0,-0.5101257378511822,1.690373166945741,0.0,0.0,-1.0,-22.292047370943013
-0.011091184128676473,-0.012622564583115985,-0.205,284.5322812537427,0.0,0.0,-0.5778799522282982,-0.30380950955836833,0.0,0.0,-1.0,-24.255208621726087
-0.011074960781304174,-0.0013583440289750876,-0.205,284.75643081427853,0.0,0.0,-0.5675548265278042,2.054447762503548,0.0,0.0,-1.0,-27.17979498872948
0.01419630955451017,-0.00913925834869873,-0.205,284.33023342254273,0.0,0.0,-0.5764598865905838,-1.1288354037045587,0.0,0.0,-1.0,-25.665408607745654
-0.009460031969739309,0.005052425478472911,-0.205,284.7217950494524,0.0,0.0,-0.5578255796004757,0.5154981889944003,0.0,0.0,-1.0,-28.825202005856834
0.0103982036805608,0.010121249714481036,-0.205,284.7194181183166,0.0,0.0,-0.5997692404159599,-0.12056420601490667,0.0,0.0,-1.0,-26.564451269683346
0.013389398151619198,0.004899124457324215,-0.205,284.54616526099943,0.0,0.0,-0.5999998071480909,-1.0987791613012254,0.0,0.0,-1.0,-28.209588788991255
-0.01093085609829204,0.006160747740202057,-0.205,284.47153199310753,0.0,0.0,-0.5901630963702152,-0.06327357567751972,0.0,0.0,-1.0,-27.116164229505838
0.013553893508100618,0.012171135073947417,-0.205,284.47079184452474,0.0,0.0,-0.5466057809301543,-1.61185843033815,0.0,0.0,-1.0,-21.761182750651543
-0.010019950175775045,0.005410743589218523,-0.205,284.69832012968163,0.0,0.0,-0.5721937167340663,-0.5200659185251463,0.0,0.0,-1.0,-29.078665352222597
0.002646666720885596,-0.013897687270205796,-0.205,284.6838988399135,0.0,0.0,-0.599964316764301,1.5421698111011601,0.0,0.0,-1.0,-24.75084312435508
-0.008439071659103186,-0.00886954138570441,-0.205,284.74523963330273,0.0,0.0,-0.5863281001863871,0.07821686200130919,0.0,0.0,-1.0,-29.25858650062367
-0.008149964618734747,-0.008551101942487916,-0.205,284.71611489773136,0.0,0.0,-0.5798430851441672,0.8937197318804467,0.0,0.0,-1.0,-25.6395879557967
-0.001000043396907596,-0.01834690424826483,-0.205,284.43908084670977,0.0,0.0,-0.5422803423607339,-0.4899070135001371,0.0,0.0,-1.0,-23.3150827855181
-0.01730137556105751,0.003807590982338831,-0.205,284.3960655469666,0.0,0.0,-0.5592466285011345,1.5430119770252968,0.0,0.0,-1.0,-24.228329819096494
0.015495284588287845,0.004938044597686201,-0.205,284.56228068846104,0.0,0.0,-0.5862474262490747,0.2489819586967941,0.0,0.0,-1.0,-23.975001952733255
0.013778240276956559,0.0022888862473450975,-0.205,284.6155272070968,0.0,0.0,-0.5997283370308844,0.07667181898151954,0.0,0.0,-1.0,-25.973800522441298
0.0060148401218841725,0.018677366072662974,-0.205,284.347473810105,0.0,0.0,-0.5020675114527348,-0.18509117499540423,0.0,0.0,-1.0,-22.724723249231207
0.010417001633967105,-0.009930591910231226,-0.205,284.5432471553275,0.0,0.0,-0.5999315413672025,-0.9668775484348582,0.0,0.0,-1.0,-27.20215981197557
-0.011842390995397741,-0.0066543034955941745,-0.205,284.6753937720726,0.0,0.0,-0.5984942485156172,0.9721402701680304,0.0,0.0,-1.0,-26.437665755876083
0.007795443929801459,-0.0063191087598331785,-0.205,284.74195179936595,0.0,0.0,-0.5397073926104716,0.5938242336373089,0.0,0.0,-1.0,-26.809304683552824
-0.015753251090675657,0.006240682412209487,-0.205,284.3418149885347,0.0,0.0,-0.5753642624461184,0.3001303208520901,0.0,0.0,-1.0,-23.512177530080194
-0.0027477369290084207,-0.013932976597726555,-0.205,284.58184002372275,0.0,0.0,-0.5999919628214365,0.6700934454588426,0.0,0.0,-1.0,-24.923352589810452
0.010138655275848988,0.010068272481461303,-0.205,284.6187426215259,0.0,0.0,-0.5999949588128518,-0.0037927886251074884,0.0,0.0,-1.0,-29.218998148130673
0.018973809468866176,0.0029870971426170885,-0.205,284.36441725281,0.0,0.0,-0.5165966977020229,-0.5538965824850645,0.0,0.0,-1.0,-21.945688775176155
0.01301444044935627,-0.01497415227199754,-0.205,284.25778077238056,0.0,0.0,-0.49398091785028325,-0.056809451064872674,0.0,0.0,-1.0,-22.66305148377394
0.00723377139078884,-0.017798021950185466,-0.205,284.27384501434716,0.0,0.0,-0.516448764982573,-0.9865552742365737,0.0,0.0,-1.0,-22.898297868101523
0.0018902300477365186,0.017129111008818303,-0.205,284.3971867479727,0.0,0.0,-0.5698011732008125,-0.2413859169881539,0.0,0.0,-1.0,-22.698013142723
0.010083239838030257,0.012855388300946853,-0.205,284.50748967159353,0.0,0.0,-0.585203811510652,-1.1681131734182713,0.0,0.0,-1.0,-24.53104584251759
0.0007880724409674316,-0.01569351880428074,-0.205,284.5388037326054,0.0,0.0,-0.5927335880239867,-1.5554305613564023,0.0,0.0,-1.0,-26.640833754645637
0.005275921092528953,-0.016720514715372475,-0.205,284.35817364912947,0.0,0.0,-0.5634206780185821,0.49059310113170546,0.0,0.0,-1.0,-24.29956417634834
-0.016828739886761823,0.00046807347134673335,-0.205,284.4712091986174,0.0,0.0,-0.5773190298825487,-1.4283278500628793,0.0,0.0,-1.0,-24.72682424936501
-0.010695418766424842,-0.004676002554207066,-0.205,284.6829908708763,0.0,0.0,-0.5774620657841047,-1.4464972087070984,0.0,0.0,-1.0,-27.524931343918652
-0.011960698704571898,0.0011557487134875068,-0.205,284.6482171787748,0.0,0.0,-0.5830696966684139,0.9644487063185656,0.0,0.0,-1.0,-27.794517378109013
-0.017674264403104347,-0.002487439486338643,-0.205,284.44834762033594,0.0,0.0,-0.5560572909094026,-0.9313955587921663,0.0,0.0,-1.0,-22.67608794944569
0.013308100953278734,0.006737435536977794,-0.205,284.6649882575716,0.0,0.0,-0.5984930124923673,0.11088226272583201,0.0,0.0,-1.0,-26.99368557241497
0.014793916513545727,-0.0035632130955054035,-0.205,284.4451587363473,0.0,0.0,-0.5968268444968566,0.07888619942014823,0.0,0.0,-1.0,-25.463563867920584
-0.007448641989305201,-0.012003184154596438,-0.205,284.61389859715615,0.0,0.0,-0.599948260999325,-0.4772339766518774,0.0,0.0,-1.0,-25.91478145088834
-0.011764325239253994,0.002445239402461761,-0.205,284.6099337941667,0.0,0.0,-0.5830599022437845,0.6144657840687425,0.0,0.0,-1.0,-25.49441237297425
0.009058798794219922,-0.004722259977417623,-0.205,284.6619864709073,0.0,0.0,-0.5447690516749099,0.5915729167220454,0.0,0.0,-1.0,-29.693019074389497
-0.013236250770891892,0.010916776657259212,-0.205,284.37475623678796,0.0,0.0,-0.5713153809896728,-0.9430490296926127,0.0,0.0,-1.0,-22.88295963271044
0.011108537748550522,-0.0006116824248652726,-0.205,284.78979031875656,0.0,0.0,-0.566867400950256,-0.21134751835515542,0.0,0.0,-1.0,-28.305417628335434
0.0010728910441922083,-0.00961781984795142,-0.205,284.8298021043554,0.0,0.0,-0.5290472820854825,-0.09157797134317534,0.0,0.0,-1.0,-28.70755494207564
-0.015609325419129644,0.006478354305705972,-0.205,284.438690896735,0.0,0.0,-0.5761632526661019,-0.10307898423128062,0.0,0.0,-1.0,-24.046134398378122
0.010083026730995382,0.005098389413380056,-0.205,284.70525974937397,0.0,0.0,-0.5704417361615294,0.9170137148952784,0.0,0.0,-1.0,-26.53822211628737
0.008738475439467068,0.003929281996559076,-0.205,284.7820805363913,0.0,0.0,-0.5260292912169816,-0.06408115734685545,0.0,0.0,-1.0,-28.229441254114498
-0.0089379774613159,-0.015535164080440391,-0.205,284.4460408087787,0.0,0.0,-0.5542211424668128,-0.7145113825022413,0.0,0.0,-1.0,-22.664927992010444
-0.018856502004420305,-0.005187531002545742,-0.205,284.3366577812962,0.0,0.0,-0.5044208245731076,0.9214075121245895,0.0,0.0,-1.0,-23.38527667050514
0.0015719005666668957,0.01660905863731367,-0.205,284.5858917937463,0.0,0.0,-0.5799072243361395,-0.6689827689591014,0.0,0.0,-1.0,-24.15364592732313
0.007421478040707385,-0.005269520979156833,-0.205,284.76215221606265,0.0,0.0,-0.5100634447581416,-1.6553355833911358,0.0,0.0,-1.0,-28.11825532076776
-0.0132190028731717,0.007090623915187541,-0.205,284.4503808320985,0.0,0.0,-0.5980878927623223,-1.9197869453576808,0.0,0.0,-1.0,-26.224921155816705
-0.007976808989218723,-0.008069937320592635,-0.205,284.71107243928543,0.0,0.0,-0.5714000721534417,-1.3406487259388682,0.0,0.0,-1.0,-27.046860860035206
-0.010240200110942389,-0.00901985956460732,-0.205,284.6321939214327,0.0,0.0,-0.5987629087893697,-1.7982466059723181,0.0,0.0,-1.0,-27.97864361072275
-0.005646985119700826,0.017115257533274354,-0.205,284.37232363356037,0.0,0.0,-0.5516964133777409,1.080860945488372,0.0,0.0,-1.0,-21.433738037096848
-0.007384446264673646,-0.01309784910311677,-0.205,284.58692241839196,0.0,0.0,-0.5979030382242069,-1.804318232592557,0.0,0.0,-1.0,-24.954199312073815
0.009688806001072608,-0.01397468463075587,-0.205,284.35064509908995,0.0,0.0,-0.5742455856431675,-0.35843354835581637,0.0,0.0,-1.0,-23.391892243830657
-0.0004046454784154624,-0.016947126047097978,-0.205,284.457220955486,0.0,0.0,-0.5752249934028641,-0.2500431314139521,0.0,0.0,-1.0,-23.59001183342486
0.003923822007015342,0.011986269558791667,-0.205,284.6503794786509,0.0,0.0,-0.590896875096211,0.6664890388085324,0.0,0.0,-1.0,-26.6057970085463
-0.014481119247564525,-0.0033269617926316095,-0.205,284.5812852105752,0.0,0.0,-0.5987439451059494,0.43370025533567613,0.0,0.0,-1.0,-24.667920048650906
-0.004514462263487609,0.008510177590638577,-0.205,284.762424425505,0.0,0.0,-0.5276745818012326,-0.7581030054595034,0.0,0.0,-1.0,-28.488961049815398
0.01412712952589388,0.0068039506104288616,-0.205,284.4811276419352,0.0,0.0,-0.5930582754093013,-1.009578769713739,0.0,0.0,-1.0,-23.475974219228306
0.0006560413290874138,0.0141382444373127,-0.205,284.5443135079024,0.0,0.0,-0.5999683700542029,0.8283955836344185,0.0,0.0,-1.0,-25.53366801803186
0.0010819221553120839,0.012049701481399127,-0.205,284.7339091000913,0.0,0.0,-0.5842865813536595,-0.542886684370065,0.0,0.0,-1.0,-26.21809556637113
0.018460497651688917,0.0036476787683597627,-0.205,284.52696127192235,0.0,0.0,-0.5292053773580642,0.26213494531052617,0.0,0.0,-1.0,-23.02330158444379
0.006704098589038772,-0.010476002274174539,-0.205,284.49663704621264,0.0,0.0,-0.5888516599729166,0.9645652812381076,0.0,0.0,-1.0,-27.928992399673774
-0.0058317384824606265,-0.013430900585983823,-0.205,284.49715359902245,0.0,0.0,-0.5994776119915135,0.5775776202867272,0.0,0.0,-1.0,-23.884063759480085
-0.01628334329035971,0.007623625763488812,-0.205,284.346993654206,0.0,0.0,-0.5527950378888656,0.49356423088543444,0.0,0.0,-1.0,-22.131227725539787
-0.006810003211507086,0.013255476409514804,-0.205,284.5144722985607,0.0,0.0,-0.5985552703271841,1.5707920023889137,0.0,0.0,-1.0,-26.280816970705406
-5.2757724616174175e-05,0.019911266591739415,-0.205,284.2740627834878,0.0,0.0,-0.4912335123835003,-3.0131418109197545,0.0,0.0,-1.0,-22.14768215681679
-0.016698460661965422,0.008905816155606055,-0.205,284.265591635923,0.0,0.0,-0.5258342591330808,0.993723871650358,0.0,0.0,-1.0,-21.890165322253786
-0.014265016324057985,0.0010298952248690614,-0.205,284.621467022704,0.0,0.0,-0.5999907722445044,0.4537583550482567,0.0,0.0,-1.0,-25.676624848904503
-0.004444754630648663,-0.012987480687856183,-0.205,284.61025782901044,0.0,0.0,-0.5990717554677086,-0.07695297129415568,0.0,0.0,-1.0,-25.84418808316674
0.010374768473859456,0.011701560945155143,-0.205,284.67429701286807,0.0,0.0,-0.5934575218745064,0.7548989521524848,0.0,0.0,-1.0,-24.912240723239442
-0.003530566917233424,-0.010367188347613214,-0.205,284.7675071748767,0.0,0.0,-0.5630859054313845,-0.0737794356936507,0.0,0.0,-1.0,-28.467638048932866
0.0005660847080941373,0.013070177044263038,-0.205,284.59084861317166,0.0,0.0,-0.5953738162807483,-0.6639768928160655,0.0,0.0,-1.0,-23.61842313716496
-0.013563624380730797,-0.011029067816391252,-0.205,284.3966602941866,0.0,0.0,-0.5645564056591611,1.5871254787259155,0.0,0.0,-1.0,-24.016211752574197
0.01607808863969524,0.0005888607237786352,-0.205,284.48826491111544,0.0,0.0,-0.588524845581746,2.2136374470908518,0.0,0.0,-1.0,-24.74743635056845
0.005832470676793981,0.016158873908516884,-0.205,284.5259147760217,0.0,0.0,-0.5708812623056236,1.133545271814064,0.0,0.0,-1.0,-22.85465998793485
-0.0013283871874162528,-0.01815046079994755,-0.205,284.28342046462456,0.0,0.0,-0.5470784107261666,1.2457266013540187,0.0,0.0,-1.0,-22.034703528579723
-0.003741395927026555,0.01943134134350716,-0.205,284.2564983239647,0.0,0.0,-0.4959113924992002,-0.05525451261293631,0.0,0.0,-1.0,-22.203517328306024
0.010956456428902304,0.006020473042694797,-0.205,284.76116196309715,0.0,0.0,-0.5896261931964915,-0.5728066154048761,0.0,0.0,-1.0,-25.632543670025424
-6.161271176829244e-05,0.018878275007036278,-0.205,284.37691645581924,0.0,0.0,-0.5273033582780715,-0.3163712105068535,0.0,0.0,-1.0,-23.112864520278908
0.016276482408407095,-0.01025750682416507,-0.205,284.23081592267584,0.0,0.0,-0.5155325026384608,1.0323353332253218,0.0,0.0,-1.0,-24.1036891567305
0.0015409142990041864,0.01562140510145222,-0.205,284.56293950591277,0.0,0.0,-0.5928923464611349,0.16441507492348106,0.0,0.0,-1.0,-25.12851295327039
0.016441886559418556,-0.0027478936690653877,-0.205,284.49805876409556,0.0,0.0,-0.5801270364863068,-0.43795497241320286,0.0,0.0,-1.0,-24.504031896231943
-0.015041642384966407,-0.006817381750761409,-0.205,284.50374385994576,0.0,0.0,-0.5825983639836129,-0.42114693023063055,0.0,0.0,-1.0,-23.996119301583906
0.017116831129712066,-0.00032376509028079803,-0.205,284.41511323992125,0.0,0.0,-0.5720495672062015,-0.8087392658883378,0.0,0.0,-1.0,-24.629009098255946
-0.0032324940557178893,-0.0180319554455963,-0.205,284.4271754950517,0.0,0.0,-0.5438023652030597,0.0046688279865014105,0.0,0.0,-1.0,-23.141633879643987
0.018607343319388948,0.001467669214402109,-0.205,284.36100911448256,0.0,0.0,-0.5338476594251219,-0.4226631948793106,0.0,0.0,-1.0,-23.171301141595194
-0.004204146694666044,-0.010994615494265007,-0.205,284.7036740120353,0.0,0.0,-0.5791449831974947,-1.100135735501378,0.0,0.0,-1.0,-27.238827470756267
-0.008952670321096848,-0.01651048611879972,-0.205,284.4673332695873,0.0,0.0,-0.5303133014395452,0.43008159607406965,0.0,0.0,-1.0,-23.59281411034252
0.00834138479079067,0.001670940672511676,-0.205,284.8425337597423,0.0,0.0,-0.48807689707806184,0.5898358731389807,0.0,0.0,-1.0,-30.45108384792957
0.01839995344190835,0.00221145812613407,-0.205,284.3972770384507,0.0,0.0,-0.5377662360622784,1.4312622715623842,0.0,0.0,-1.0,-22.28240857907194
0.016874507226971213,0.00414726967300186,-0.205,284.53779718606893,0.0,0.0,-0.5668241012807707,2.2079743356715382,0.0,0.0,-1.0,-25.078742815159213
0.01448208078307108,-0.00956185247359528,-0.205,284.2730646211477,0.0,0.0,-0.5673045397515672,0.5176570308124029,0.0,0.0,-1.0,-21.371831449948633
-0.01433117622730571,0.007174426726468063,-0.205,284.392683123084,0.0,0.0,-0.5892876731095609,-3.3126988872168464,0.0,0.0,-1.0,-25.433965771610076
0.0032278240511284285,0.011293518872432922,-0.205,284.7499866281983,0.0,0.0,-0.5787178315820598,0.4889245614749977,0.0,0.0,-1.0,-26.345138489849482
0.002488236098177264,-0.00990063615113873,-0.205,284.7765491078018,0.0,0.0,-0.5445709197321922,-0.6510551286096945,0.0,0.0,-1.0,-27.756970395968942
-0.013159457304726176,-0.009614330584532224,-0.205,284.5570764455047,0.0,0.0,-0.5857740565378798,-0.08042602621110648,0.0,0.0,-1.0,-26.076426931148912
-0.0018801248552526547,0.016563154639376673,-0.205,284.47772096424256,0.0,0.0,-0.5801337319962618,0.44411741094386264,0.0,0.0,-1.0,-25.004715327204558
-0.01958676688407382,-0.0035298420973102307,-0.205,284.33072956483034,0.0,0.0,-0.49158076744483226,-1.9507386920304708,0.0,0.0,-1.0,-23.505717113039598
-0.003792587356227398,0.012526338383606643,-0.205,284.6299704335196,0.0,0.0,-0.595416983403696,1.6933557254941192,0.0,0.0,-1.0,-26.223604557573424
-0.011152046862024647,-0.005979037758476128,-0.205,284.74306153495075,0.0,0.0,-0.5913529801458901,-0.5261494054174685,0.0,0.0,-1.0,-28.32576164453984
0.01037254529842497,0.008026581970989363,-0.205,284.7614174249821,0.0,0.0,-0.5956319817589368,-1.1288664499859615,0.0,0.0,-1.0,-26.978185772106073
0.013609195182086031,0.008609857521931835,-0.205,284.5930845639888,0.0,0.0,-0.5883348178994534,-1.1932774708147893,0.0,0.0,-1.0,-25.410236842748724
-0.00855458029341357,-0.003529745381365451,-0.205,284.79415646798464,0.0,0.0,-0.5153026539114672,-0.6573569022801263,0.0,0.0,-1.0,-29.666271353772593
0.0022751095672530128,0.009499416097002604,-0.205,284.87161555212913,0.0,0.0,-0.5318306879496482,-1.294837052898728,0.0,0.0,-1.0,-27.988301057915752
0.008449394047925197,-0.017053215974153182,-0.205,284.24140596772463,0.0,0.0,-0.5224081271898291,0.5139838378583562,0.0,0.0,-1.0,-23.446961876709388
0.01824327349457854,-0.0011440792062560425,-0.205,284.29622665738015,0.0,0.0,-0.5449096028100814,0.7270061695610076,0.0,0.0,-1.0,-21.70128920237368
0.0067711342112626504,0.01727725595255283,-0.205,284.4644994698157,0.0,0.0,-0.537056584719154,1.0587447755984658,0.0,0.0,-1.0,-22.628832940597366
0.015825501813617287,-0.005631886298757503,-0.205,284.3512272004243,0.0,0.0,-0.5779720905201147,0.19155102773299643,0.0,0.0,-1.0,-23.44967190120031
-0.002235827080987029,0.017195739504785788,-0.205,284.4323873310993,0.0,0.0,-0.5675876796996258,2.323566389380079,0.0,0.0,-1.0,-24.815678070437624
-0.0005333470839042969,-0.019765641071584523,-0.205,284.32843361030814,0.0,0.0,-0.4964902183358033,-2.018129810348529,0.0,0.0,-1.0,-23.113630878411623
-0.0013591065871707774,0.014138415343759066,-0.205,284.56527591641685,0.0,0.0,-0.5999926905159715,1.4474803626354003,0.0,0.0,-1.0,-26.542319262300442
0.01093489814196883,0.011228994802935753,-0.205,284.7183784614543,0.0,0.0,-0.593122279756334,-0.42841485819775,0.0,0.0,-1.0,-24.636547569563568
0.019832502905558772,0.0025091552728036723,-0.205,284.39562013450455,0.0,0.0,-0.4881666005948344,-0.837343479996074,0.0,0.0,-1.0,-22.320728124358542
-0.003803539501350252,0.018013429101437353,-0.205,284.3035329166432,0.0,0.0,-0.5412549778119136,-1.2698617431853998,0.0,0.0,-1.0,-24.133948823830345
0.014132927557592212,-0.013121562035856101,-0.205,284.28568704472957,0.0,0.0,-0.5139654002246338,-0.3139059201626872,0.0,0.0,-1.0,-21.465043414967614
-0.01148824129438204,0.0006983990620430962,-0.205,284.7045666977631,0.0,0.0,-0.5745121918194256,-0.1879486987000545,0.0,0.0,-1.0,-27.942930193791696
0.014825370399339843,0.011873653773887674,-0.205,284.49574265301936,0.0,0.0,-0.523623091808143,-0.3267794549540883,0.0,0.0,-1.0,-23.414249779938082
0.004274561985990466,0.012645328103902297,-0.205,284.58205392300147,0.0,0.0,-0.5972406033265314,-1.1442486829918932,0.0,0.0,-1.0,-26.794882082643177
-0.002489490921201886,0.017072712813523357,-0.205,284.42336094881307,0.0,0.0,-0.5693913672976333,1.4759133146324763,0.0,0.0,-1.0,-23.40405884111424
-0.006858757119948134,-0.006336768595620835,-0.205,284.7851536822291,0.0,0.0,-0.5181188551432901,-1.0607718463874545,0.0,0.0,-1.0,-29.561511116370603
-0.004037055183941905,0.019388085778128495,-0.205,284.298572380183,0.0,0.0,-0.4953213449800491,-0.30115146741229915,0.0,0.0,-1.0,-22.220986848425863
-0.01566628479344347,0.011922350489435773,-0.205,284.1941517833864,0.0,0.0,-0.49968555742896964,-0.33510377438170724,0.0,0.0,-1.0,-22.01769903323098
0.0010669034916987734,0.017469820359835336,-0.205,284.44457641388243,0.0,0.0,-0.5641031214689185,-1.205494755326306,0.0,0.0,-1.0,-24.35458029484443
0.010237926798676677,-0.0071014556744026965,-0.205,284.6071225009152,0.0,0.0,-0.5891238343289852,1.1560671924104453,0.0,0.0,-1.0,-27.690591612674716
-0.012379835940241325,0.001389507340822302,-0.205,284.59709790614187,0.0,0.0,-0.5890971202859302,-3.090517883400065,0.0,0.0,-1.0,-27.344541310885454
0.0039198321706759185,-0.014215550157099582,-0.205,284.47603373591824,0.0,0.0,-0.5991648488842095,0.7608818869261372,0.0,0.0,-1.0,-24.87656920285518
0.001416653660170361,0.01194113617809036,-0.205,284.6567677234751,0.0,0.0,-0.5831978198810106,0.8437372497566463,0.0,0.0,-1.0,-27.889354282927258
-0.014532322288971873,-0.004450421741220376,-0.205,284.48580244105875,0.0,0.0,-0.5969469132486209,-0.783232950081696,0.0,0.0,-1.0,-27.418696157034713
0.008625838657118901,0.006948769630790774,-0.205,284.7763109334961,0.0,0.0,-0.5658245757529543,-1.0541761012583866,0.0,0.0,-1.0,-27.585151897994145
0.013488441331788581,0.0097631823276623,-0.205,284.5082133248466,0.0,0.0,-0.5804357604650101,0.8924276073241252,0.0,0.0,-1.0,-25.40478935647373
0.0132304468655006,0.008644703637510603,-0.205,284.4989112942011,0.0,0.0,-0.5918017335221636,-0.913777807207487,0.0,0.0,-1.0,-23.3531355593496
-0.008543494087054588,-0.0016748518904407329,-0.205,284.8793329672416,0.0,0.0,-0.4956996518314289,1.993911710799269,0.0,0.0,-1.0,-29.584928705074717
0.013041968650686152,-0.003796557523483268,-0.205,284.58702968999444,0.0,0.0,-0.5984917205930959,-0.43166279772068034,0.0,0.0,-1.0,-26.586602291602702
-0.013569778848009414,-0.0032940190287815817,-0.205,284.62647453858966,0.0,0.0,-0.5997221525906299,-0.16103800372653207,0.0,0.0,-1.0,-24.069819293675714
-0.016129993503217893,0.003905504709687431,-0.205,284.4545339572979,0.0,0.0,-0.5813215679876303,1.0464112412348574,0.0,0.0,-1.0,-25.581948745247875
-0.005427020685958688,0.010011905322953747,-0.205,284.59714203136184,0.0,0.0,-0.5722067271567933,1.4076050864729999,0.0,0.0,-1.0,-27.72521658619329
0.010723938843913889,-0.010308986388062252,-0.205,284.42596929511166,0.0,0.0,-0.5986726113274794,-1.3590180077436118,0.0,0.0,-1.0,-25.553204082563706
0.010046527010147873,-0.011487501611829517,-0.205,284.4847268099825,0.0,0.0,-0.5965319700882024,1.565774385851016,0.0,0.0,-1.0,-26.124975340613016
0.002208885440933728,-0.010881482509384682,-0.205,284.67749826900064,0.0,0.0,-0.5664002569248925,-0.861807982610822,0.0,0.0,-1.0,-28.685190230332694
0.01179723488130318,-0.010436286273033555,-0.205,284.4806056117621,0.0,0.0,-0.5923553051631005,-0.11145601633623005,0.0,0.0,-1.0,-24.577421756678124
-0.0027699528975888327,0.016033062478391275,-0.205,284.4470826871853,0.0,0.0,-0.5861449303913777,-1.676957798156865,0.0,0.0,-1.0,-25.304361955121376
0.009960297381910463,0.006825488614329911,-0.205,284.7471961841929,0.0,0.0,-0.5839396734988923,-0.1991334832449458,0.0,0.0,-1.0,-26.780855089215212
-0.00039775962869786663,0.019579327509430113,-0.205,284.3721018635263,0.0,0.0,-0.5034704747300162,1.222731922228801,0.0,0.0,-1.0,-22.5860172958913
-0.011599369212552129,0.01454366968463698,-0.205,284.2366865112196,0.0,0.0,-0.5357028012863105,1.6786771492903252,0.0,0.0,-1.0,-22.348196846445333
-0.0008747737349672775,-0.012311767576557178,-0.205,284.6672440990045,0.0,0.0,-0.587656250613513,1.4525950205006004,0.0,0.0,-1.0,-26.510464725362127
-0.008484288963023365,-0.006154076059399205,-0.205,284.7729967760983,0.0,0.0,-0.551798504329448,0.1512052330835762,0.0,0.0,-1.0,-27.570306424926418
-0.01975885207279489,0.0030116175265308075,-0.205,284.2879013471619,0.0,0.0,-0.48830490866425014,1.6575984808965247,0.0,0.0,-1.0,-22.906853455207056
0.009433260589984362,0.004995896359669341,-0.205,284.81993959588914,0.0,0.0,-0.5566163811153797,-1.5865403159463058,0.0,0.0,-1.0,-29.7394739348195
0.006503432827149254,0.00552997540998525,-0.205,284.89972457298364,0.0,0.0,-0.4892277313243365,-0.9770372305949981,0.0,0.0,-1.0,-30.288395781844354
0.002338370000847411,-0.01667429533807278,-0.205,284.3940188232789,0.0,0.0,-0.5772801815882093,-0.4317015594532587,0.0,0.0,-1.0,-25.3026960757789
-0.005090485852080005,-0.008279875142577782,-0.205,284.83048187748545,0.0,0.0,-0.5303465632726188,-0.4460000094533754,0.0,0.0,-1.0,-27.737349850965636
-0.006994960216503296,-0.017795801666036067,-0.205,284.2960861274552,0.0,0.0,-0.5194755330939381,0.6768284898368401,0.0,0.0,-1.0,-22.836057304306358
0.012152621642471606,-0.012078074150846028,-0.205,284.4186672799111,0.0,0.0,-0.5717786018509718,-0.5834196116853614,0.0,0.0,-1.0,-25.682442576600405
0.0053982624868478745,-0.010204364904564497,-0.205,284.6321832156058,0.0,0.0,-0.5751558434062691,0.4344812971149907,0.0,0.0,-1.0,-27.929474215034016
-0.0019968965869225706,0.015325334990435067,-0.205,284.4795211871306,0.0,0.0,-0.5950733831585531,-0.3271814482008791,0.0,0.0,-1.0,-24.30342583132391
-0.011202142190457318,0.011875817678954582,-0.205,284.4641118059376,0.0,0.0,-0.5853810376061224,-0.4376273026097379,0.0,0.0,-1.0,-24.422831843437166
-0.015312728534145885,0.007980765796857942,-0.205,284.45933718884544,0.0,0.0,-0.5690970874141896,1.0479479368379117,0.0,0.0,-1.0,-24.79957886704813
0.008655048383703824,0.006661991653590025,-0.205,284.8497466295339,0.0,0.0,-0.5624161759764919,-0.49636573053142863,0.0,0.0,-1.0,-29.875136012644447
-0.001254561528633894,-0.01073665425879802,-0.205,284.77799047110346,0.0,0.0,-0.5598348721560651,0.6702735224271968,0.0,0.0,-1.0,-28.903192475337995
0.00957259506125558,-0.007939870801864073,-0.205,284.58193307102,0.0,0.0,-0.5888440242883204,-0.797064193842326,0.0,0.0,-1.0,-27.464087336965186
-0.0011651984855705468,-0.01566535316779107,-0.205,284.4426949350649,0.0,0.0,-0.5927798544673512,0.9100960277123911,0.0,0.0,-1.0,-25.45053779585561
0.012872601533720739,0.013037207949207177,-0.205,284.34637299561393,0.0,0.0,-0.5437479081935639,-0.6482244819201786,0.0,0.0,-1.0,-23.282220162712466
0.016335319421073524,0.0010684911554782633,-0.205,284.4656574226071,0.0,0.0,-0.5847446592441675,-0.1167318481770868,0.0,0.0,-1.0,-25.223359109847912
-0.0056936695085076,-0.014383613024698465,-0.205,284.5345435153701,0.0,0.0,-0.5949529406968607,-0.8438705329330399,0.0,0.0,-1.0,-27.49136948016241
-0.012475233351124214,0.014286527843630378,-0.205,284.27104442421455,0.0,0.0,-0.5245017878831956,-0.5626202887199768,0.0,0.0,-1.0,-23.244409269227457
0.011046237005668647,-0.009761595815193742,-0.205,284.50024809545187,0.0,0.0,-0.5991806275454917,1.4111987917067126,0.0,0.0,-1.0,-26.02463334822978
-0.015325162752784532,-0.007890583425471753,-0.205,284.4416209301195,0.0,0.0,-0.5697174117495396,-0.9372333647544148,0.0,0.0,-1.0,-25.312198019649216
-0.014413321205957475,-0.002049625088553054,-0.205,284.643131058941,0.0,0.0,-0.5996773949199427,0.4807803505403278,0.0,0.0,-1.0,-25.20532444411971
0.01745876990770057,0.004758714737049293,-0.205,284.4098054434366,0.0,0.0,-0.5498113153619655,2.0838080905247094,0.0,0.0,-1.0,-23.162480598706196
-0.00183825842904387,0.016413493393283074,-0.205,284.4980244063941,0.0,0.0,-0.5825731074648526,-0.7662071951474262,0.0,0.0,-1.0,-24.260665079847765
0.012314380715112516,-0.00031528541469452763,-0.205,284.6558254301035,0.0,0.0,-0.587338525539124,0.4880901591271073,0.0,0.0,-1.0,-26.88402330873252
-0.013234354776463524,0.01483923826445978,-0.205,284.2153212935911,0.0,0.0,-0.49230282060380237,1.7903304654334093,0.0,0.0,-1.0,-21.259413046514386
0.004775075088147806,0.013826578444472677,-0.205,284.537262485331,0.0,0.0,-0.599515355663478,0.9941756013411587,0.0,0.0,-1.0,-26.89999671811244
-0.0176377973191236,-0.004974560647035289,-0.205,284.3220410877712,0.0,0.0,-0.5436230578090636,-0.7127024440116384,0.0,0.0,-1.0,-23.535619264147723
-0.0071381867988867444,-0.014961140163097022,-0.205,284.49784974471817,0.0,0.0,-0.5816276185438335,1.426878016590311,0.0,0.0,-1.0,-23.9595654778407
-0.013653116251460885,-0.00010599492313397287,-0.205,284.59734442863476,0.0,0.0,-0.5987926373231337,2.061703489422249,0.0,0.0,-1.0,-26.277648970719294
-0.017493344084913324,0.007438609210921004,-0.205,284.31879400042965,0.0,0.0,-0.5231353656186897,0.38360583035614887,0.0,0.0,-1.0,-20.72259198178523
-0.010334269351287758,-0.016248198452691168,-0.205,284.3599058743534,0.0,0.0,-0.5149502918967439,1.731248601316329,0.0,0.0,-1.0,-22.928748262380125
0.00824962293090567,-0.01413189046522948,-0.205,284.45382359721197,0.0,0.0,-0.5848402254260915,4.521202243419768,0.0,0.0,-1.0,-24.17712070935269
0.002343793142328564,-0.01831263071252629,-0.205,284.29914101354916,0.0,0.0,-0.5397945320762497,0.13911726101353708,0.0,0.0,-1.0,-25.443358973110456
-0.007912552005122229,0.01434153342838339,-0.205,284.449461512207,0.0,0.0,-0.5846109094464086,0.6838366952893367,0.0,0.0,-1.0,-26.170221629277652
-0.014492069528390392,0.010594240968902479,-0.205,284.4349862464464,0.0,0.0,-0.5535031447282688,2.0045233101660274,0.0,0.0,-1.0,-22.253843779398853
0.013328108972110645,0.0063610653477330645,-0.205,284.6197169353305,0.0,0.0,-0.5990884922563959,1.3734325529579712,0.0,0.0,-1.0,-24.89599040848691
-0.002469237155637551,0.018887157595412554,-0.205,284.23691201005187,0.0,0.0,-0.5218810299142038,-1.2763695291376287,0.0,0.0,-1.0,-22.925846568461417
0.009669138322727347,-0.0020488423951760914,-0.205,284.78055644085697,0.0,0.0,-0.5353066708401709,-0.4055493520064839,0.0,0.0,-1.0,-28.79557808855672
0.01649291778849352,0.005809708870713308,-0.205,284.53471640611156,0.0,0.0,-0.5644579740916483,0.7848263774653369,0.0,0.0,-1.0,-23.690007050856988
-0.0063373557788535375,-0.015394808229604942,-0.205,284.4469848880352,0.0,0.0,-0.5804825084753701,0.6559634518998795,0.0,0.0,-1.0,-23.70042218542881
-0.006903307043026639,0.005793008678082934,-0.205,284.722686494768,0.0,0.0,-0.5068887017220391,-0.9112168043549902,0.0,0.0,-1.0,-28.79124299746023
0.015883648360290676,-0.005817721614444036,-0.205,284.411033628576,0.0,0.0,-0.5758879524225409,-0.0698467329534882,0.0,0.0,-1.0,-23.469573832563313
0.01191582020067291,-0.00874650233620818,-0.205,284.4784111511325,0.0,0.0,-0.5990419115217758,1.9208609956020435,0.0,0.0,-1.0,-25.173783761404955
0.017029860933220647,-0.008725758598649162,-0.205,284.238496042334,0.0,0.0,-0.5190125166439438,-0.7125476477861695,0.0,0.0,-1.0,-22.149993265596777
0.017175815612975348,0.004466359245444853,-0.205,284.4713213173612,0.0,0.0,-0.558499300666184,3.5333723671987793,0.0,0.0,-1.0,-23.063605549792126
0.006089426806986579,-0.006114185955339089,-0.205,284.67980105470326,0.0,0.0,-0.49278838769254263,2.525915142397976,0.0,0.0,-1.0,-28.323305866054326
-0.008147864238676887,-0.010525869997495402,-0.205,284.73189956984265,0.0,0.0,-0.5970075546365865,-1.9127886242895002,0.0,0.0,-1.0,-26.82694805106777
0.017900349717914335,-0.00044744420061965595,-0.205,284.42713831167276,0.0,0.0,-0.5546418277548564,-0.13533396276064255,0.0,0.0,-1.0,-23.10910078797351
-0.0016016677922154987,0.008752748406843376,-0.205,284.87615043557497,0.0,0.0,-0.502797971275886,-0.4048476687932644,0.0,0.0,-1.0,-30.57809498939519
0.007936323389014415,-0.014156360370313424,-0.205,284.4617027501551,0.0,0.0,-0.5867062402775883,0.14169817151304154,0.0,0.0,-1.0,-24.832861859198413
-0.005625755147985732,-0.010221242932511742,-0.205,284.6884998738139,0.0,0.0,-0.5773614935985163,-1.5004756301906272,0.0,0.0,-1.0,-28.99809787274608
-0.011448042910752486,-0.0018264656213227268,-0.205,284.68573203268215,0.0,0.0,-0.5760394671173591,-0.10930141659826548,0.0,0.0,-1.0,-27.80227764906585
0.010259410013310903,-0.003567198569037038,-0.205,284.7055135349302,0.0,0.0,-0.5610439262217501,-0.4797427737636502,0.0,0.0,-1.0,-30.181351317456713
-0.001766740314330233,0.014935805086300607,-0.205,284.4635971574537,0.0,0.0,-0.5978824197147106,1.7516674439456492,0.0,0.0,-1.0,-24.444343930292952
0.017661839506599095,0.0003655733670395662,-0.205,284.4421754299472,0.0,0.0,-0.560408960798644,-2.38007415312692,0.0,0.0,-1.0,-24.34121054660866
-0.019276400427505804,0.0023619424188670904,-0.205,284.3065582852745,0.0,0.0,-0.509273669273782,0.18339741489456773,0.0,0.0,-1.0,-22.18028454991423
-0.008605272915969162,-0.0021195352723281337,-0.205,284.9185060721051,0.0,0.0,-0.5014994633014853,0.8750220103174471,0.0,0.0,-1.0,-30.91449259648497
-0.006913739282739405,-0.006346575511476032,-0.205,284.8790398738152,0.0,0.0,-0.5196811878228973,1.1292539640780659,0.0,0.0,-1.0,-30.34853706290952
0.0007905404873140113,0.013118730882958693,-0.205,284.5197550016565,0.0,0.0,-0.5958378059996727,-0.20902519890363308,0.0,0.0,-1.0,-25.43770620640311
0.008513457661122114,0.0069232717190371345,-0.205,284.78502569189055,0.0,0.0,-0.5635613179159097,0.9249861281119638,0.0,0.0,-1.0,-26.87602844064857
0.013808250765114102,-0.012004232264751127,-0.205,284.3038812000513,0.0,0.0,-0.5444274827290085,-0.48754550873110114,0.0,0.0,-1.0,-23.081319029952848
-0.0006008212217023791,0.01920761125611298,-0.205,284.3482433211211,0.0,0.0,-0.5162766645673882,1.0393092422452743,0.0,0.0,-1.0,-21.746783826541197
0.0009643880363708688,-0.010593378118247848,-0.205,284.7524380884796,0.0,0.0,-0.5557056207492583,-0.7440057245280779,0.0,0.0,-1.0,-28.27981177846692
-0.01641240317854004,0.005845241325370735,-0.205,284.3448733478933,0.0,0.0,-0.5658504998750182,-0.9819402983589314,0.0,0.0,-1.0,-24.774032005432243
0.011529441023205198,-0.011052373638558708,-0.205,284.55823992874326,0.0,0.0,-0.5899450714630817,-1.3054268687609043,0.0,0.0,-1.0,-24.881049058846244
-0.010676304969455729,0.01268805994612333,-0.205,284.3847533104647,0.0,0.0,-0.581541349951148,-0.7111717465071759,0.0,0.0,-1.0,-24.85517848704104
-0.011072635018517617,-0.00971110546782595,-0.205,284.6223784191112,0.0,0.0,-0.5992251920520658,-0.4932488523773557,0.0,0.0,-1.0,-24.21979233588623
0.013776348777198442,-0.012158908929154222,-0.205,284.31817536305294,0.0,0.0,-0.5422667304127406,0.15487279357958625,0.0,0.0,-1.0,-20.775575019315156
0.016844878253585653,-0.0044707173557328,-0.205,284.3855193361432,0.0,0.0,-0.5657247168254029,-0.09490687916182629,0.0,0.0,-1.0,-24.132457311713832
0.01616216181300706,-0.0058074039014563835,-0.205,284.45169804660355,0.0,0.0,-0.5709885217003938,2.311183926212425,0.0,0.0,-1.0,-21.030596608368
-0.0032924753007778067,-0.013138639917066711,-0.205,284.66965924404286,0.0,0.0,-0.598312819738229,1.0878489368496833,0.0,0.0,-1.0,-24.820647823468565
0.012726988586868368,0.0029325918087437872,-0.205,284.56485576974507,0.0,0.0,-0.5951982980101974,0.5429716134291639,0.0,0.0,-1.0,-24.614216405853803
-0.006770390738463379,-0.016181944203570636,-0.205,284.46095373445456,0.0,0.0,-0.5632409483578686,-0.9947232416537546,0.0,0.0,-1.0,-24.97448838017759
-0.017674289816880108,0.00031324911289163564,-0.205,284.4442716736524,0.0,0.0,-0.5601432407281276,-2.1646464856534076,0.0,0.0,-1.0,-23.17054207474133
-0.01579822948510491,0.009199437683386005,-0.205,284.3759642989327,0.0,0.0,-0.5448439389606458,-1.1643766719675224,0.0,0.0,-1.0,-22.611133120436893
-0.0004862177238464275,-0.015479669068985433,-0.205,284.51396515628994,0.0,0.0,-0.5948047137717907,1.3217381498787308,0.0,0.0,-1.0,-25.71752387332946
0.0022174064554584816,-0.017003564226704165,-0.205,284.4043134358444,0.0,0.0,-0.5715084749714157,-0.48793679834135406,0.0,0.0,-1.0,-25.311362504549166
0.009025747629992757,0.010189247021933811,-0.205,284.64475923414653,0.0,0.0,-0.5986184011049691,1.092921963372154,0.0,0.0,-1.0,-25.736190333130036
-0.010409028835177813,0.014040986336032645,-0.205,284.3637462356946,0.0,0.0,-0.5646285618713459,0.23237245189656863,0.0,0.0,-1.0,-23.052018121813127
-0.011274619493619496,0.0034768725907908787,-0.205,284.5995024138865,0.0,0.0,-0.57960589438925,-1.498628216952927,0.0,0.0,-1.0,-27.854218241459392
0.002233500587505808,0.017168312077076392,-0.205,284.37915670106935,0.0,0.0,-0.5681619083146815,-1.5285213805173197,0.0,0.0,-1.0,-24.289624301710745
-0.01323606408805944,-0.0060044564972781605,-0.205,284.63951412922387,0.0,0.0,-0.5997256421178524,1.392932935539476,0.0,0.0,-1.0,-23.83400060942519
0.01424496197079643,-0.00627311989122102,-0.205,284.40850478075566,0.0,0.0,-0.5941312474502101,1.3720577576924153,0.0,0.0,-1.0,-26.28654492643541
-0.013892643242987775,-0.0017907535430216682,-0.205,284.6494031025047,0.0,0.0,-0.5998005705369472,-2.6198372118923183,0.0,0.0,-1.0,-25.037471693825815
-0.00706660140253228,-0.005509729090229141,-0.205,284.8833941156232,0.0,0.0,-0.5050587016670989,-1.3975701964761014,0.0,0.0,-1.0,-29.666328883825955
0.009927129552841536,-0.00330444297273152,-0.205,284.70678880678776,0.0,0.0,-0.5513227691799462,0.9460782926060424,0.0,0.0,-1.0,-28.773585268919117
0.006884612644755841,0.013515401270629439,-0.205,284.5366540500892,0.0,0.0,-0.59714102990809,-0.2735321794149298,0.0,0.0,-1.0,-26.013074133079787
0.011944083644791553,0.015059356009922044,-0.205,284.40269091333994,0.0,0.0,-0.5161432821527437,1.237612635086974,0.0,0.0,-1.0,-22.62509486483161
0.010705512297281165,0.002699148570830862,-0.205,284.7054676136245,0.0,0.0,-0.5650439253542843,-1.146856629667088,0.0,0.0,-1.0,-30.309477813482804
-0.016878651233576205,0.0022377646498272044,-0.205,284.4564483443208,0.0,0.0,-0.5738420114756299,0.9546842817090648,0.0,0.0,-1.0,-23.353327916919227
-0.01426640045144749,-0.010722517173262561,-0.205,284.38775055934315,0.0,0.0,-0.5561013577823648,-0.6058599138490093,0.0,0.0,-1.0,-24.649204750194297
-0.007915030680900407,0.012871963825964804,-0.205,284.4278770408301,0.0,0.0,-0.5974856570463779,1.1326898459586896,0.0,0.0,-1.0,-24.935954792855004
0.01227728914950313,-0.007682705769513098,-0.205,284.50470815175686,0.0,0.0,-0.5998158477854473,-2.357622089554137,0.0,0.0,-1.0,-27.233727570440294
-0.006639582704110573,0.010708664693328047,-0.205,284.5729613253326,0.0,0.0,-0.5907608016847268,0.04242731395190769,0.0,0.0,-1.0,-25.126794636176058
-0.015081382236645886,-0.010254962947813567,-0.205,284.42010592674643,0.0,0.0,-0.5460372484733745,0.8480264078041156,0.0,0.0,-1.0,-23.420321966997314
-0.0025163359772089194,-0.011633726843339798,-0.205,284.76844629241543,0.0,0.0,-0.5813028904570086,-2.7670629631244754,0.0,0.0,-1.0,-28.832750324324206
0.005148124461033501,0.007755474216707277,-0.205,284.97239283638794,0.0,0.0,-0.5171386188508942,1.344813927925613,0.0,0.0,-1.0,-30.040508797200133
0.016648977736483297,0.004105561277068536,-0.205,284.424161303014,0.0,0.0,-0.5715050312498456,-1.5925476641408638,0.0,0.0,-1.0,-25.65128960858518
0.0022432960678039435,0.01223328147352908,-0.205,284.62167145610414,0.0,0.0,-0.5888486882198033,0.4986179826158377,0.0,0.0,-1.0,-27.863142585841093
0.0014619166517923722,0.019168535644671757,-0.205,284.2953112007902,0.0,0.0,-0.5160338813804707,-1.1037002598781716,0.0,0.0,-1.0,-20.07561918793794
-0.014878816643615459,-0.009064154934339576,-0.205,284.4020141227172,0.0,0.0,-0.565847864408605,0.09373635442301206,0.0,0.0,-1.0,-24.06374976213831
0.013012792357894045,0.004389861423343025,-0.205,284.59428702943177,0.0,0.0,-0.5990940029481371,0.09930360953020002,0.0,0.0,-1.0,-25.18507569839696
-0.004588867322302304,-0.010987775411345501,-0.205,284.6108312543381,0.0,0.0,-0.5813786642396671,-0.023840206205932187,0.0,0.0,-1.0,-28.416857474713453
-0.011100896693623397,0.01224483165096767,-0.205,284.3405964838935,0.0,0.0,-0.5823939844288534,0.10913480725508387,0.0,0.0,-1.0,-25.407774762232844
-0.015278358320168262,0.008818666302050025,-0.205,284.36442401643995,0.0,0.0,-0.5609827806142986,-0.018688378560603822,0.0,0.0,-1.0,-22.33903286286035
0.004941348032604926,0.01302324345479747,-0.205,284.60360548617587,0.0,0.0,-0.5996506942047027,-0.0041209791979962326,0.0,0.0,-1.0,-26.74480374875511
-0.014924073059814377,-0.011319465997135448,-0.205,284.3016488612738,0.0,0.0,-0.5318528084359142,0.6736709886016716,0.0,0.0,-1.0,-23.275514965658296
-0.01848297006310943,-0.005028158068290259,-0.205,284.24502464808734,0.0,0.0,-0.5183639139527084,-0.4714294917895172,0.0,0.0,-1.0,-21.861793988206976
-0.012236947443148315,0.003942665572003313,-0.205,284.6533005080484,0.0,0.0,-0.5934094453837978,-0.8962079156434068,0.0,0.0,-1.0,-26.25211899704439
-0.011558985554337178,-0.015603907503829013,-0.205,284.40952502048276,0.0,0.0,-0.5093335729153419,-0.14513974783416045,0.0,0.0,-1.0,-23.095612144749687
0.01081405061184286,0.005052622974932916,-0.205,284.64994429749356,0.0,0.0,-0.5818318107401198,2.9785794149084026,0.0,0.0,-1.0,-27.6788478203718
0.015339354612340414,0.011724522355193725,-0.205,284.4421993960383,0.0,0.0,-0.5132153402107378,0.6729390109168263,0.0,0.0,-1.0,-24.041524784357527
0.017946191176300218,-0.0009598989176847444,-0.205,284.3887258105867,0.0,0.0,-0.5529918084165921,-0.1389831314526802,0.0,0.0,-1.0,-24.495792068878316
-0.011427090017687203,-0.006292477461711065,-0.205,284.728958788191,0.0,0.0,-0.5950729596480582,-0.19369625827396855,0.0,0.0,-1.0,-26.986037670403814
-0.014271241998946095,0.00935477207362721,-0.205,284.39317196964686,0.0,0.0,-0.5731276610370682,0.33355050917492246,0.0,0.0,-1.0,-25.735021457131296
-0.01300033395586543,0.00953077428398642,-0.205,284.42486902793115,0.0,0.0,-0.5881369748332553,-0.43276757809516225,0.0,0.0,-1.0,-25.83211935498777
-0.003998376180330417,0.007723742078684301,-0.205,284.6880909241575,0.0,0.0,-0.49536812674041375,0.8621126605443695,0.0,0.0,-1.0,-30.676677281167677
-0.006634800731123087,0.009340542510371894,-0.205,284.6106836566082,0.0,0.0,-0.5735301185759157,0.9950015568449442,0.0,0.0,-1.0,-28.484460318673847
8.04162010387634e-05,-0.013382043726550878,-0.205,284.6355203334933,0.0,0.0,-0.5974448815850563,1.8616981966086183,0.0,0.0,-1.0,-27.63070100515407
0.011252515294487214,-0.016143598599900867,-0.205,284.23720162311884,0.0,0.0,-0.5000040637253655,2.2938010182668758,0.0,0.0,-1.0,-21.93265963791702
-0.004440795764415258,0.015951423650934056,-0.205,284.39991213505147,0.0,0.0,-0.5819223224677383,0.1840081264849187,0.0,0.0,-1.0,-23.530054025796673
0.013300411366138527,-0.004396708030920246,-0.205,284.5227459602758,0.0,0.0,-0.599801722853413,0.6537083604825614,0.0,0.0,-1.0,-25.985682643296162
0.011809602865472195,0.01048799912004228,-0.205,284.5823316874711,0.0,0.0,-0.5919051587188942,-0.8663211563149699,0.0,0.0,-1.0,-24.131024589201974
0.015395919482690023,0.011798533576072842,-0.205,284.4429911689526,0.0,0.0,-0.5101022886514738,0.04512751330188548,0.0,0.0,-1.0,-21.854668526690467
-0.014461185771500623,-0.003943500257434837,-0.205,284.6953584750107,0.0,0.0,-0.5981455327653384,1.2188734994943877,0.0,0.0,-1.0,-24.90776545466216
-0.011242030441452578,-0.00706756725812047,-0.205,284.7205732619022,0.0,0.0,-0.5968008754821771,0.7052544047001472,0.0,0.0,-1.0,-26.265892740338984
0.007237908059327459,0.01009948820054793,-0.205,284.7316285601235,0.0,0.0,-0.5887004465759015,0.23020505412554315,0.0,0.0,-1.0,-28.000594715528905
-0.0073811997370996345,0.015321073681525027,-0.205,284.46277340229756,0.0,0.0,-0.5742166410600699,0.41622949752056676,0.0,0.0,-1.0,-24.315397896619697
0.01375630371595744,0.0027855031667371596,-0.205,284.6786626135884,0.0,0.0,-0.599843843211742,-0.3436426580012195,0.0,0.0,-1.0,-26.265228618318613
0.008711703727275586,0.0030172275971925284,-0.205,284.77230951870155,0.0,0.0,-0.5141192693514285,-1.4325390234056712,0.0,0.0,-1.0,-28.96028533605926
0.013394988389590532,0.008718614336269396,-0.205,284.4801378815506,0.0,0.0,-0.5898141315026723,-0.3394967473133524,0.0,0.0,-1.0,-25.91731965971846
-0.011257117382955758,0.012908806232493448,-0.205,284.3244174502469,0.0,0.0,-0.5718962279061349,-1.04890131425651,0.0,0.0,-1.0,-24.507623120829425
-0.010658400723882789,-0.0038833394655643783,-0.205,284.65966580004823,0.0,0.0,-0.5713379182559422,1.3864759196265184,0.0,0.0,-1.0,-29.983498674973454
-0.00910672969023547,-0.011954544616862385,-0.205,284.6330373963061,0.0,0.0,-0.5979454189283815,1.5848336626715926,0.0,0.0,-1.0,-25.086523140932158
0.016149398828463873,-0.0033652167237532785,-0.205,284.5414089874929,0.0,0.0,-0.5828765625289944,-0.4163524146111659,0.0,0.0,-1.0,-25.078467944244764
0.012340908733283447,-0.0027970784813219404,-0.205,284.55103975108227,0.0,0.0,-0.5913549641072784,1.8160003556193645,0.0,0.0,-1.0,-28.630381372707802
-0.017369820122409535,-0.009768376172853867,-0.205,284.3888247986339,0.0,0.0,-0.49058586545395705,2.7822102856612063,0.0,0.0,-1.0,-23.735699910303673
-0.014949460792610291,0.007179315187117386,-0.205,284.422158766476,0.0,0.0,-0.5815133754783087,0.4870020960796715,0.0,0.0,-1.0,-23.948248687108176
-0.019327768640196506,0.000933596493155251,-0.205,284.3166109086684,0.0,0.0,-0.5117226684819048,1.5206076569481477,0.0,0.0,-1.0,-23.352848819820117
-0.019036204315144644,-0.003922237064301674,-0.205,284.3033989095679,0.0,0.0,-0.5087285849796764,-0.21829970680117652,0.0,0.0,-1.0,-19.54986581521053
0.015953251261043546,0.0015387923152433878,-0.205,284.55737906642935,0.0,0.0,-0.5892804877420775,0.6284043932782409,0.0,0.0,-1.0,-25.241358851664778
0.01025218452589818,-0.0038561778460766056,-0.205,284.63223688297865,0.0,0.0,-0.5631205375971851,1.1869748680270267,0.0,0.0,-1.0,-29.020847271967156
0.01143008624964814,-0.002933958094873818,-0.205,284.6462639664356,0.0,0.0,-0.5796406338697145,1.0588457477559867,0.0,0.0,-1.0,-28.403337576475117
-0.0051154317045058505,-0.008451068046250005,-0.205,284.7929258683968,0.0,0.0,-0.5351539340628662,0.3218835971678479,0.0,0.0,-1.0,-27.930784667416315
0.011417964540333279,-0.009849042019452746,-0.205,284.471618949286,0.0,0.0,-0.5976683009972342,-1.4888580002058351,0.0,0.0,-1.0,-25.08121561886652
-0.012160045426574747,-0.011837893089564774,-0.205,284.62760574038685,0.0,0.0,-0.5748812859196929,0.598272942696399,0.0,0.0,-1.0,-23.405601920731947
-0.01635848392894059,-0.006215658925434339,-0.205,284.511702961439,0.0,0.0,-0.5641652108693885,0.8276117309400507,0.0,0.0,-1.0,-24.191992618511208
-0.005382818569216452,-0.009241468390019228,-0.205,284.7762720659496,0.0,0.0,-0.5571079363869088,-0.7581154367806943,0.0,0.0,-1.0,-30.326735593717338
-0.012466011272589238,-0.01145144249787443,-0.205,284.57851485499634,0.0,0.0,-0.5756732182440578,-0.965380222461709,0.0,0.0,-1.0,-24.849288282023494
-0.007526314156792334,-0.014759494639256195,-0.205,284.55248673915236,0.0,0.0,-0.5817709153096026,-0.08643780369441888,0.0,0.0,-1.0,-23.836375872947396
0.01902772300852759,0.0047410052870959256,-0.205,284.3420547940058,0.0,0.0,-0.502523235497395,0.6758571366026799,0.0,0.0,-1.0,-23.1015567567882
0.011730207066131692,0.011611360340082009,-0.205,284.45080017193925,0.0,0.0,-0.5827406200339647,-0.4472199551958911,0.0,0.0,-1.0,-23.84322688486973
-0.008344200878022196,0.006207036685217508,-0.205,284.646570063966,0.0,0.0,-0.5496899638710572,0.5749011020019736,0.0,0.0,-1.0,-29.025402107825926
-0.012268302553625543,0.006459443697577721,-0.205,284.59934436717094,0.0,0.0,-0.5994967459806306,-1.725138691985252,0.0,0.0,-1.0,-26.76395100690166
-0.007181944791844521,0.004783662428547772,-0.205,284.8406745994619,0.0,0.0,-0.4927869917799087,-0.02209936183877902,0.0,0.0,-1.0,-30.93390529421357
0.002490039229987779,-0.011924348682368663,-0.205,284.6318111498955,0.0,0.0,-0.5854807788990789,0.5674889502912264,0.0,0.0,-1.0,-27.551972984783827
0.00675735502360029,-0.009134429737359962,-0.205,284.55679668108706,0.0,0.0,-0.5716997328460851,-0.17446091654262313,0.0,0.0,-1.0,-27.094166723235794
0.014307293972609521,0.010191966069732494,-0.205,284.41188775816465,0.0,0.0,-0.5626780502852351,-0.6827136509416184,0.0,0.0,-1.0,-22.708781053799722
0.015675933121435823,0.006934551256159476,-0.205,284.4674374374985,0.0,0.0,-0.571631771488202,0.13049773128413064,0.0,0.0,-1.0,-25.323266894771145
0.014602757036531765,-0.0009173759557760217,-0.205,284.61705738697947,0.0,0.0,-0.5995059767945988,-1.6935128352575413,0.0,0.0,-1.0,-24.660765514246556
-0.00274991598654408,0.015340080423202817,-0.205,284.5055784345043,0.0,0.0,-0.593955412366379,0.19588517607645062,0.0,0.0,-1.0,-25.854262176332156
-0.009774190533967535,-0.01590083287406017,-0.205,284.50491495294784,0.0,0.0,-0.5338604959395415,0.10022036170623409,0.0,0.0,-1.0,-23.81481429357116
-0.0022958347146292027,-0.017825189301269143,-0.205,284.3105904022872,0.0,0.0,-0.5529770159742496,0.29735498798258847,0.0,0.0,-1.0,-21.614672912440994
-0.009026456128359851,-0.011246387138453787,-0.205,284.6723935843044,0.0,0.0,-0.5999010543242044,0.03885033131859858,0.0,0.0,-1.0,-24.633297818545742
0.015147297845195595,0.010330371409699694,-0.205,284.35962266366255,0.0,0.0,-0.5433820430217566,2.1610736626534504,0.0,0.0,-1.0,-20.095990747883736
-0.013770791869958665,-0.008427798082393861,-0.205,284.5362057433411,0.0,0.0,-0.5878130120734278,0.5832440244483035,0.0,0.0,-1.0,-24.137063910234648
-0.01299671315119629,0.0014294612428542106,-0.205,284.5373788871903,0.0,0.0,-0.5953154460689326,-0.9739669444503223,0.0,0.0,-1.0,-28.47174413323036
0.012807597092722169,0.008187386978777196,-0.205,284.58168804477464,0.0,0.0,-0.5969313912079562,1.0686413266393109,0.0,0.0,-1.0,-26.84781709495508
0.0064801085084374484,-0.007482145820494857,-0.205,284.74773942205246,0.0,0.0,-0.5357318888349659,0.6497825255671064,0.0,0.0,-1.0,-30.73756120223328
0.009389729620445549,-0.004610298491135689,-0.205,284.6643791948176,0.0,0.0,-0.5512670137097058,1.4317526070724724,0.0,0.0,-1.0,-30.493444305710756
-0.002796531448696515,0.00847396842680574,-0.205,284.76063762420637,0.0,0.0,-0.5037186533365304,-1.3618298512612792,0.0,0.0,-1.0,-30.331354239402714
-0.01859555981308155,-0.0037996501345485835,-0.205,284.3107888667339,0.0,0.0,-0.5240828822081056,0.2698058479291014,0.0,0.0,-1.0,-23.41895201585256
0.010649490647006609,0.015883861960239398,-0.205,284.3698825597498,0.0,0.0,-0.5193988392022844,-1.6876704467216332,0.0,0.0,-1.0,-23.351809727115697
0.003324572457826542,0.015233550419515324,-0.205,284.57052079559054,0.0,0.0,-0.593887311361683,1.0888883567105214,0.0,0.0,-1.0,-25.296607841587733
0.001372993307843194,0.014629689148213273,-0.205,284.5940355227373,0.0,0.0,-0.5993310785470157,-0.3537287041689525,0.0,0.0,-1.0,-27.563130125798946
-0.009385763329485357,-0.00405381222158192,-0.205,284.743357093641,0.0,0.0,-0.5449890265901325,-0.21679283245424,0.0,0.0,-1.0,-28.065877410253314
-0.00668192003265274,0.012004973380526205,-0.205,284.5266173849993,0.0,0.0,-0.5991147905758651,-0.4933144982135502,0.0,0.0,-1.0,-27.261146213097412
0.004943145030503042,0.008131070263978152,-0.205,284.8232678285085,0.0,0.0,-0.5239385718630747,-0.1631852240614537,0.0,0.0,-1.0,-27.638305672618394
0.010397958321756714,0.012787064705509414,-0.205,284.5195007008805,0.0,0.0,-0.5831074931324837,1.7857937574826905,0.0,0.0,-1.0,-24.282182467070967
0.007367394529662109,-0.018488413122791283,-0.205,284.2558342328636,0.0,0.0,-0.49158202059770056,-0.23255134183657075,0.0,0.0,-1.0,-22.205208109201173
0.005389771180626632,0.015439835764654299,-0.205,284.50680427833385,0.0,0.0,-0.5849838933327108,1.059694292453417,0.0,0.0,-1.0,-25.07189184916493
-0.0060729895456913706,0.006303275220490044,-0.205,284.80622034816173,0.0,0.0,-0.497450991981825,-0.21449749787357417,0.0,0.0,-1.0,-30.580485630521604
0.005525901258020401,-0.014518855260727784,-0.205,284.3837062503671,0.0,0.0,-0.5943974252189335,0.05936329034915397,0.0,0.0,-1.0,-27.361312652786765
0.009550716474233821,0.01059644542983017,-0.205,284.6258539642344,0.0,0.0,-0.5999991980946547,-1.9119024915599399,0.0,0.0,-1.0,-27.96548509887443
-0.016179280539303023,-0.0037854779242507477,-0.205,284.4300137135845,0.0,0.0,-0.5809993017549974,1.1728124143601761,0.0,0.0,-1.0,-26.75085976231876
0.018425921917688097,0.007249570141175344,-0.205,284.3216724980341,0.0,0.0,-0.49544011260951787,1.2608262567941109,0.0,0.0,-1.0,-20.705093336502937
-0.010846440327971637,0.014209683958914794,-0.205,284.36615498785636,0.0,0.0,-0.5553755236255954,-0.827770325298704,0.0,0.0,-1.0,-22.485145092708734
0.008516210460989332,0.013093618419965869,-0.205,284.60733336404445,0.0,0.0,-0.5936352802531715,-2.0393480899555345,0.0,0.0,-1.0,-25.82175199592574
0.008888815957790197,0.008083455612445998,-0.205,284.759993685587,0.0,0.0,-0.5830439709595854,-0.68899571383621,0.0,0.0,-1.0,-28.48448139297574
0.005621418829507088,-0.013624719588151823,-0.205,284.45488610292034,0.0,0.0,-0.5991890644179807,-0.7927736833692813,0.0,0.0,-1.0,-25.941837898502918
0.015144670018221314,0.0020255392313707756,-0.205,284.58346950517046,0.0,0.0,-0.5964030887936731,-1.2309004850875538,0.0,0.0,-1.0,-25.641110774942142
-0.005083154331561642,0.011173530298019797,-0.205,284.61149221626073,0.0,0.0,-0.5867687388830025,0.02237230632310559,0.0,0.0,-1.0,-26.514450054649934
0.0036217071147790396,0.015890712452070244,-0.205,284.5196358143362,0.0,0.0,-0.5857634665985401,-0.22746896498939512,0.0,0.0,-1.0,-24.11700046615512
0.002002753707346825,0.01772777722468812,-0.205,284.4284574533972,0.0,0.0,-0.5562499720335916,-3.579534497397438,0.0,0.0,-1.0,-22.67008389869366
-0.00844675801768258,-0.0012075807479915194,-0.205,284.833742721876,0.0,0.0,-0.4890702572425129,-0.11757257974421238,0.0,0.0,-1.0,-30.903527277201377
0.004933432811577483,0.012617149095182176,-0.205,284.63227371194716,0.0,0.0,-0.5983246266258364,-1.0185158662336877,0.0,0.0,-1.0,-26.60373908670767
0.012222053944292658,0.015797885076662434,-0.205,284.5089272499323,0.0,0.0,-0.4888210398520439,0.36339090933267004,0.0,0.0,-1.0,-23.424523521834047
-0.017654622261320585,0.0017551637171017655,-0.205,284.462782572169,0.0,0.0,-0.558626756247562,-1.573269514373232,0.0,0.0,-1.0,-25.183462969868422
0.00801573015462496,0.008118004999073156,-0.205,284.79756160667705,0.0,0.0,-0.5725999316226531,-0.6803848634846471,0.0,0.0,-1.0,-28.598902396672564
0.006702167173571848,0.011177431483611685,-0.205,284.65158030140583,0.0,0.0,-0.5949722100577425,-1.1584051477776636,0.0,0.0,-1.0,-27.624382060558247
0.013848066984735402,-0.012836487131089272,-0.205,284.2590681867783,0.0,0.0,-0.527177438092066,-0.41497749462074374,0.0,0.0,-1.0,-22.610405621412117
-0.007178154386874572,0.007964841240859503,-0.205,284.5484911268045,0.0,0.0,-0.557764631249971,-0.2789493067099395,0.0,0.0,-1.0,-28.754324980622513
-0.008406795916545043,0.012726376556277905,-0.205,284.39948726198975,0.0,0.0,-0.5965903031733372,-0.874934006269446,0.0,0.0,-1.0,-26.522266207601316
0.008474821754095323,-0.005739359877560612,-0.205,284.8038607567701,0.0,0.0,-0.5453050006772199,0.9354385682816274,0.0,0.0,-1.0,-27.89469851232311
0.006976000123208304,0.012024591581633413,-0.205,284.6072222582317,0.0,0.0,-0.5995881558076059,0.5785267529166535,0.0,0.0,-1.0,-26.385267367953293
0.008083298332796134,0.012822506929528434,-0.205,284.60201883355586,0.0,0.0,-0.5972038629079787,-0.4610854000390777,0.0,0.0,-1.0,-25.61918495040843
-0.0169524098368281,-0.010440997207371006,-0.205,284.3897572380654,0.0,0.0,-0.4912940034258537,0.8033741041206975,0.0,0.0,-1.0,-23.480666910786113
0.007311739755204887,0.013482651850793411,-0.205,284.5880891391724,0.0,0.0,-0.5959854791610744,0.9272462251115936,0.0,0.0,-1.0,-25.42602058521474
-0.0007769879241161204,0.011071856784742696,-0.205,284.71835442049445,0.0,0.0,-0.5663077427863,0.9328961140869507,0.0,0.0,-1.0,-29.049509908170368
-0.0028816679249019208,0.012517908853727387,-0.205,284.7228535782148,0.0,0.0,-0.5933039817282125,0.37095004306324236,0.0,0.0,-1.0,-26.968886821388832
-0.009088848451744841,-0.005200399695627885,-0.205,284.7962870201297,0.0,0.0,-0.551548539026927,-1.1145082526814565,0.0,0.0,-1.0,-28.785790204616582
0.004794592290596041,-0.01839866998299054,-0.205,284.3355658221276,0.0,0.0,-0.5230085808443775,-1.4072001961902931,0.0,0.0,-1.0,-22.71376879630982
0.0196504979320508,-0.0007421431529673255,-0.205,284.16725882196823,0.0,0.0,-0.500511004294776,1.6777432564024248,0.0,0.0,-1.0,-21.158902033619817
0.010803969984865075,-0.0025756588158714934,-0.205,284.6754040800568,0.0,0.0,-0.5664713257204141,1.6193571769449993,0.0,0.0,-1.0,-27.310204825601808
-0.00970704965543663,-0.01109425994478933,-0.205,284.6570995095385,0.0,0.0,-0.5991804791406462,-0.45882919555934676,0.0,0.0,-1.0,-24.714676857167873
0.0035756240682871046,-0.011393457330644128,-0.205,284.6403225663812,0.0,0.0,-0.5819127929796132,-0.1982013235881473,0.0,0.0,-1.0,-26.14817070210697
-0.008159855226981205,-0.004894387978295854,-0.205,284.81929019904385,0.0,0.0,-0.5239204785950433,-1.054817094229088,0.0,0.0,-1.0,-29.571895693472033
-0.01131740501340935,-0.005068388645669024,-0.205,284.6933392323154,0.0,0.0,-0.5883916830421304,-2.083331245295498,0.0,0.0,-1.0,-26.052577141261796
0.00785698317170872,0.017748409865208085,-0.205,284.4104987865468,0.0,0.0,-0.5096529861433451,2.529987908644828,0.0,0.0,-1.0,-23.75650783309794
0.0015101024725258125,0.009800096551577564,-0.205,284.76560720527635,0.0,0.0,-0.5362495839443704,-0.07106102545680305,0.0,0.0,-1.0,-28.996187726667475
-0.015559670291876342,-0.002083126298067574,-0.205,284.5231014980407,0.0,0.0,-0.5928798138195234,-0.575181123205427,0.0,0.0,-1.0,-24.22656763810093
0.010537917646200209,-0.013515357071798262,-0.205,284.3514946107319,0.0,0.0,-0.5716948756148182,0.0264829750781541,0.0,0.0,-1.0,-23.58754149933626
0.00969741549146712,0.004955911989875313,-0.205,284.7423355957809,0.0,0.0,-0.5616971664082677,0.5275501072043969,0.0,0.0,-1.0,-28.379514213693312
0.012135112038802092,-0.007367354343155264,-0.205,284.4987237167248,0.0,0.0,-0.5999902642500633,-0.4722736717922138,0.0,0.0,-1.0,-26.28968794829739
0.005511397726673413,0.016638167224438265,-0.205,284.5236911630711,0.0,0.0,-0.5635520215383161,2.03998120463683,0.0,0.0,-1.0,-23.784372173126066
0.00751889589003702,-0.005206248350321233,-0.205,284.7715917837577,0.0,0.0,-0.5115747756425468,0.35784031170758207,0.0,0.0,-1.0,-30.550277817909883
0.0006687736215371582,0.018866633229996724,-0.205,284.317072161525,0.0,0.0,-0.5272999934708296,-1.9380951500503558,0.0,0.0,-1.0,-24.362648486860266
-0.017313846071110996,-0.0023496581102001174,-0.205,284.55295345696027,0.0,0.0,-0.5647582313505628,-0.5912113214209622,0.0,0.0,-1.0,-23.024712921403196
-0.018652070573092323,0.003026886417163815,-0.205,284.35915822609473,0.0,0.0,-0.5267461876974775,2.0313734569503747,0.0,0.0,-1.0,-22.110477209975986
0.018286420746046146,-0.0027910870139424893,-0.205,284.34819846617705,0.0,0.0,-0.538755543515389,-0.612705051086457,0.0,0.0,-1.0,-23.678766813489283
-0.012259663478125748,0.002490441180728473,-0.205,284.5292815556403,0.0,0.0,-0.5897263487033808,-0.9898722644287166,0.0,0.0,-1.0,-26.726987380328534
-0.009814310378505938,0.005585454482834695,-0.205,284.61886474012294,0.0,0.0,-0.5703147955213116,-0.5641381152124064,0.0,0.0,-1.0,-27.928722959308057
0.004911169926574924,0.007686191583011557,-0.205,284.8450462391727,0.0,0.0,-0.5107350673486745,0.5850236669893116,0.0,0.0,-1.0,-28.297890167846298
-0.001043761787934952,-0.01491375082988908,-0.205,284.52081615564884,0.0,0.0,-0.5983360523859286,1.0891758342483855,0.0,0.0,-1.0,-26.162381931557125
0.017209979905536875,-0.0005534312885624655,-0.205,284.43913573583194,0.0,0.0,-0.5700882847351837,0.6325135823288921,0.0,0.0,-1.0,-24.588857473691185
0.01415641142271053,-0.007086553956578637,-0.205,284.42540991244283,0.0,0.0,-0.5915166528095247,-0.553252072518247,0.0,0.0,-1.0,-25.13786013604182
-0.003806200890890485,0.008729084541834634,-0.205,284.7038141603161,0.0,0.0,-0.5241664082892312,0.05127689340232592,0.0,0.0,-1.0,-29.727909760725627
