x,y,z,T,u,v,w,p,nx,ny,nz,qn
-0.002682963308478375,0.0006229560431701399,-0.205,302.8321146687209,0.0,0.0,0.9373895650013429,1738.5703439717563,0.0,0.0,-1.0,29.441321090923637
-0.00378778086678151,0.0042409820815429424,-0.205,302.3645754953743,0.0,0.0,0.7518118626695303,1742.9187269991073,0.0,0.0,-1.0,34.538907887045255
0.005835749614971634,0.0016447790864400718,-0.205,302.30211229871,0.0,0.0,0.7196273784924148,1736.4789321003811,0.0,0.0,-1.0,33.561482387327814
0.0008226022957213189,0.004700581164862093,-0.205,302.3784042592742,0.0,0.0,0.8221113602832957,1740.4093502712276,0.0,0.0,-1.0,32.3676173081263
-0.0023192745619965128,-0.0031136527503673015,-0.205,302.64022338902015,0.0,0.0,0.879793466929463,1736.202967838237,0.0,0.0,-1.0,30.721971564739995
-0.004126740108736983,0.00454784516506899,-0.205,302.27540666107444,0.0,0.0,0.7127369215635959,1741.7543027659044,0.0,0.0,-1.0,34.26651173675141
-0.0013923331157785384,-0.002229117843570334,-0.205,302.79116874462795,0.0,0.0,0.9427239702655745,1739.2863675924627,0.0,0.0,-1.0,27.141694304968258
-0.002061266628144131,-0.006049565781488882,-0.205,302.2430660849252,0.0,0.0,0.6901101681715244,1736.176954644362,0.0,0.0,-1.0,34.995095868189196
0.006028997476024798,0.001159007494968852,-0.205,302.3290014506207,0.0,0.0,0.7128872251683754,1734.640362296917,0.0,0.0,-1.0,33.80642836586959
0.0028046969789698927,-1.8714823871725905e-05,-0.205,302.7435470886254,0.0,0.0,0.9351938429437436,1739.11764357349,0.0,0.0,-1.0,29.38186236768052
-0.0011699470779491484,-0.003000490941718802,-0.205,302.75249517090714,0.0,0.0,0.9157300129571807,1733.749717439542,0.0,0.0,-1.0,29.81263758973794
0.003750761355637688,-0.00017901739282027193,-0.205,302.57775167504985,0.0,0.0,0.8871815038869495,1736.7022092175646,0.0,0.0,-1.0,30.235946680531104
-0.004806805929537428,0.001862698756177321,-0.205,302.45069639036393,0.0,0.0,0.7940012076123819,1734.8921490134821,0.0,0.0,-1.0,31.86175347824676
0.005741715902752863,-0.0018624761872799737,-0.205,302.2182095852447,0.0,0.0,0.7219837970798296,1739.8634955286657,0.0,0.0,-1.0,35.66230761686968
-0.001391792189694857,0.0008348355883912328,-0.205,302.93198015007226,0.0,0.0,0.9770804959800781,1735.649124765826,0.0,0.0,-1.0,28.95732862797042
0.004642750230065858,-0.0033761169068895086,-0.205,302.1352427369959,0.0,0.0,0.7472922823252209,1734.8842425837488,0.0,0.0,-1.0,33.53774041308072
0.001274018477726158,0.0006216815549950279,-0.205,303.00400692822836,0.0,0.0,0.9822756218281872,1740.437055728946,0.0,0.0,-1.0,25.70182019574065
-0.0018473538087308693,-0.005962686545932158,-0.205,302.2409927881052,0.0,0.0,0.7036739656406134,1742.433939699162,0.0,0.0,-1.0,34.15869529303619
0.0008013930057985482,0.0055893750813930205,-0.205,302.28383337218605,0.0,0.0,0.7550935181948446,1733.7885007061886,0.0,0.0,-1.0,32.068824191049536
-0.006316399628251873,-0.0005927660289003828,-0.205,302.17973155590215,0.0,0.0,0.6944202879687136,1741.7718140749653,0.0,0.0,-1.0,34.94117841344908
0.0044569568180351125,0.002286850675957723,-0.205,302.4882702695576,0.0,0.0,0.804921922308433,1742.7423063636434,0.0,0.0,-1.0,32.96455799929323
-0.001986698694363651,-0.00554967869574846,-0.205,302.276033376962,0.0,0.0,0.7342501359028558,1737.826958868991,0.0,0.0,-1.0,34.73279464529255
0.002509732883751773,0.002555601257393226,-0.205,302.6986249347601,0.0,0.0,0.89686042829971,1738.4132683029616,0.0,0.0,-1.0,30.779139155485463
0.004475956110632749,-0.0011717835256036863,-0.205,302.47759484109974,0.0,0.0,0.832255756566761,1740.1897480253494,0.0,0.0,-1.0,33.13176377858581
-0.001209467465745922,0.005335457828574138,-0.205,302.2352224148785,0.0,0.0,0.7693704754968218,1736.7001531663516,0.0,0.0,-1.0,34.64325015542032
-0.002580414281518345,0.004952745679933392,-0.205,302.33532835805744,0.0,0.0,0.7601687553630772,1742.5838146227534,0.0,0.0,-1.0,31.68842281678591
0.0032442984026255085,0.005236003308140092,-0.205,302.17650065644506,0.0,0.0,0.711084966764172,1738.3623789962066,0.0,0.0,-1.0,35.00356222884793
0.003903059042119468,0.003867942576490075,-0.205,302.42402240090297,0.0,0.0,0.7674315337759744,1738.080725501487,0.0,0.0,-1.0,33.203326395100916
0.000707452234092665,-0.00041546720847401495,-0.205,302.8230188639365,0.0,0.0,0.9937296579534688,1734.1483404450862,0.0,0.0,-1.0,26.18029193616504
-0.0028666233514808934,0.005700303666320555,-0.205,302.15950973740246,0.0,0.0,0.6910837924337783,1737.3467137121659,0.0,0.0,-1.0,35.123663629556475
0.0018415853758834233,0.002043952380867791,-0.205,302.91220067986325,0.0,0.0,0.9375243353722582,1739.1830709990845,0.0,0.0,-1.0,29.826878723323205
-0.003175725465645885,-0.0010472057230491143,-0.205,302.6905964730954,0.0,0.0,0.9094885768374421,1736.322871704281,0.0,0.0,-1.0,30.8189692167432
0.00274458836497514,0.003654652298247721,-0.205,302.4429887895062,0.0,0.0,0.8361142169860736,1740.9067193335306,0.0,0.0,-1.0,31.288071001163072
-0.0046851715337933265,-0.00040056220335079733,-0.205,302.48147048411033,0.0,0.0,0.8270192263758857,1736.6348554868516,0.0,0.0,-1.0,32.17089399624333
0.0008899413289552436,-0.00642530920452376,-0.205,302.15307022250994,0.0,0.0,0.681247830962835,1740.9529927560047,0.0,0.0,-1.0,33.746673509490904
0.004623097974848646,-0.002062760900554756,-0.205,302.3586007535021,0.0,0.0,0.800981311190608,1740.8914233951966,0.0,0.0,-1.0,32.6169433744053
0.000965905674986713,0.0004590652140038858,-0.205,303.0301510765646,0.0,0.0,0.9896243240795262,1740.1110623462932,0.0,0.0,-1.0,25.317035643057483
0.0016779850292522372,0.0013562995192447607,-0.205,302.8530222972772,0.0,0.0,0.9606309944147358,1735.4188825083843,0.0,0.0,-1.0,27.82196391843192
0.0055675358170525074,-0.0028489183091312893,-0.205,302.1259299511812,0.0,0.0,0.7026088694948669,1738.8076067725956,0.0,0.0,-1.0,34.49403248743152
-0.0011943411916184741,-0.004621951998759876,-0.205,302.4790808206375,0.0,0.0,0.8219870344609466,1743.2094775458027,0.0,0.0,-1.0,32.860801841413185
-0.005586882553290141,0.00029610202670723464,-0.205,302.3025839035638,0.0,0.0,0.7593454814337155,1737.2740485398929,0.0,0.0,-1.0,34.59486142099872
0.003092293166269154,-0.0025839315332602487,-0.205,302.5540788822226,0.0,0.0,0.8709834602567385,1742.3913499325847,0.0,0.0,-1.0,31.618357577655864
-0.0014149117600328605,-0.0013088201858515603,-0.205,302.86667374735913,0.0,0.0,0.9682258548568097,1738.7319677859052,0.0,0.0,-1.0,27.759641850483128
-9.578666231802475e-05,0.004945175912917953,-0.205,302.3258429638179,0.0,0.0,0.8095790700831699,1739.2949331128443,0.0,0.0,-1.0,32.21418172512818
-0.0008100474375155419,0.003912962297993458,-0.205,302.59166317427406,0.0,0.0,0.8730337163163782,1738.941477448613,0.0,0.0,-1.0,31.053026598384815
0.004879898096791303,0.0018544184899387639,-0.205,302.4012407586246,0.0,0.0,0.7890171276339224,1738.6629675294857,0.0,0.0,-1.0,33.67121714346883
0.004550507700522577,-0.0027039051262676955,-0.205,302.24746243252594,0.0,0.0,0.7833876755439767,1741.8867100047628,0.0,0.0,-1.0,33.04454824384848
0.000750487431601056,-0.0052075981180714,-0.205,302.41822000671436,0.0,0.0,0.785855558843152,1737.6935742001385,0.0,0.0,-1.0,31.77608499477692
-0.001994241106447711,0.004052313981567951,-0.205,302.4877390846574,0.0,0.0,0.8397759193146663,1736.7221069326968,0.0,0.0,-1.0,32.30302774182128
0.003921985036486328,0.0005420996137371206,-0.205,302.6821755160685,0.0,0.0,0.8752375641512578,1736.4000212395847,0.0,0.0,-1.0,30.965238897638454
0.004233887791787294,-0.001377412934291293,-0.205,302.45340102773116,0.0,0.0,0.8440709561410503,1739.4248315083616,0.0,0.0,-1.0,33.403839382058855
0.004237709489449584,0.0036114273388646923,-0.205,302.42688264827353,0.0,0.0,0.7615397194017849,1738.883587143142,0.0,0.0,-1.0,36.57433021537015
0.0008851393531259414,0.005750926863822527,-0.205,302.15539571418134,0.0,0.0,0.7407157363397584,1736.2399285922174,0.0,0.0,-1.0,34.27203059857792
-0.0006486846705453258,0.00012335861010033707,-0.205,302.99297763455104,0.0,0.0,0.9958491654548243,1739.7541139235268,0.0,0.0,-1.0,27.2360054605654
-0.0006363903752555134,-0.006130885063540059,-0.205,302.31368220389174,0.0,0.0,0.7107121238979185,1733.1349089769387,0.0,0.0,-1.0,33.89756998498347
0.0038258887794179143,-0.0004337413059073304,-0.205,302.63308573525654,0.0,0.0,0.8816753975512871,1739.2993200939252,0.0,0.0,-1.0,32.74578670959018
-0.002400838755194475,-0.002290572926007261,-0.205,302.6109132037951,0.0,0.0,0.910804961500384,1738.5624675277304,0.0,0.0,-1.0,30.040205356030192
-0.0027370342065565767,0.005800086259241956,-0.205,302.1506652203588,0.0,0.0,0.6880471081114353,1736.704478911901,0.0,0.0,-1.0,35.33498522290744
0.00043814711739600655,0.003221942968611878,-0.205,302.58064187612285,0.0,0.0,0.91417800515912,1739.6453954208862,0.0,0.0,-1.0,30.79652821760528
-0.0024011199989509772,-0.004364414218797992,-0.205,302.44651460497664,0.0,0.0,0.8069952316983207,1737.6733128413423,0.0,0.0,-1.0,33.28517959973755
-0.0036690353236402567,0.003892107328292904,-0.205,302.40164578951385,0.0,0.0,0.779041264755828,1737.9372450231779,0.0,0.0,-1.0,34.184031879144946
0.004488582548846371,-0.0014993395368685246,-0.205,302.46823979046053,0.0,0.0,0.8249083875705789,1735.8443850923236,0.0,0.0,-1.0,30.7532648314095
-0.00399816012344376,-0.0037784896903573896,-0.205,302.23847107565933,0.0,0.0,0.7669382464277846,1736.3803495056632,0.0,0.0,-1.0,33.3636147284031
-0.005886009545358739,0.0026066951296436804,-0.205,302.2139322618669,0.0,0.0,0.6858312094214148,1738.7153843498154,0.0,0.0,-1.0,33.21656031085419
0.0036738537997473516,-0.0016434911156298897,-0.205,302.4938197320392,0.0,0.0,0.8712907765695092,1740.424452343862,0.0,0.0,-1.0,30.899400688314586
0.004161414565277813,-0.0023022544707469923,-0.205,302.3847814777635,0.0,0.0,0.8232573052304822,1735.5696382586762,0.0,0.0,-1.0,32.24681869472482
0.001478849873347439,-0.0005471964903429368,-0.205,302.7921047497617,0.0,0.0,0.9783024586961819,1735.1100208118767,0.0,0.0,-1.0,25.58351965144379
0.004908683747087113,-0.002376204955675515,-0.205,302.33649516456126,0.0,0.0,0.7707498186830445,1739.6100868228302,0.0,0.0,-1.0,33.842311951347774
-0.005161904283677028,0.00273326543350825,-0.205,302.43803209787194,0.0,0.0,0.7388291214837719,1737.8031620561296,0.0,0.0,-1.0,32.65924578883958
-0.004335899468621853,0.002283405815616695,-0.205,302.5021151084064,0.0,0.0,0.8129079631864256,1738.15198656447,0.0,0.0,-1.0,32.823881079381714
-0.0020092047370767045,-0.0016048860579376987,-0.205,302.7301576200433,0.0,0.0,0.9450502237704397,1735.5515449254142,0.0,0.0,-1.0,28.42602562880575
0.0016098730735186625,-0.004432580250941542,-0.205,302.512158850724,0.0,0.0,0.8260667515888502,1737.1766298127197,0.0,0.0,-1.0,31.67224387139593
-0.0011679995392157626,-0.000441943013495045,-0.205,302.8551602099581,0.0,0.0,0.9860697028494811,1736.2587850281416,0.0,0.0,-1.0,26.452885900560055
-0.005402172263570522,0.002234066852616086,-0.205,302.26685489927416,0.0,0.0,0.738403516742027,1742.0019082063882,0.0,0.0,-1.0,34.74799257740356
0.0036275527859435997,-0.002632546893143401,-0.205,302.48696149843755,0.0,0.0,0.8420811079235755,1734.5528795997081,0.0,0.0,-1.0,30.56527030568214
0.006148593674702603,-0.0007091257160381989,-0.205,302.15525786484966,0.0,0.0,0.7084317105601627,1738.5343303647558,0.0,0.0,-1.0,33.21709769453024
-0.004122229958569281,-0.0012077790529093164,-0.205,302.47583648201453,0.0,0.0,0.8543384524919566,1737.9256432706968,0.0,0.0,-1.0,32.18627041497901
-0.001627757853396122,0.00017848390961492394,-0.205,303.0009335523684,0.0,0.0,0.9766887185797789,1736.9503753546794,0.0,0.0,-1.0,27.378459888717824
0.0014965688708060117,0.0002875797288984585,-0.205,302.96094923220534,0.0,0.0,0.9796643334660835,1733.7536337116867,0.0,0.0,-1.0,25.549225999108838
-0.001802161898543153,-0.0060167687822522235,-0.205,302.2706528098651,0.0,0.0,0.7001860231089426,1739.0770547447148,0.0,0.0,-1.0,33.96488254793883
-0.0008706082920706487,0.0001262111314495461,-0.205,302.92508978986274,0.0,0.0,0.9928408933349263,1738.5965998548984,0.0,0.0,-1.0,26.841135184875764
0.004183455184613712,-0.0020321841315076253,-0.205,302.433418540479,0.0,0.0,0.8305901350837035,1739.4234089207814,0.0,0.0,-1.0,32.23243692993765
-0.0058038101079194914,0.002488158978664936,-0.205,302.2875224297174,0.0,0.0,0.6971121994052187,1740.651838829055,0.0,0.0,-1.0,35.02943428500714
-0.0018475058502377354,-0.003913802228290385,-0.205,302.57612121273263,0.0,0.0,0.8522422442278228,1739.1007375620766,0.0,0.0,-1.0,31.39441067570416
0.00568393859743215,0.0015268121916952122,-0.205,302.3368763988833,0.0,0.0,0.7350319548235811,1737.7929003350796,0.0,0.0,-1.0,33.29828416166936
-0.0002125671293195147,-0.003460688433584446,-0.205,302.7880455358273,0.0,0.0,0.9030434803613234,1741.06703038658,0.0,0.0,-1.0,29.030486600823075
0.0004929699562853474,0.005941359698915698,-0.205,302.1871794570807,0.0,0.0,0.7284634098480895,1740.387552829671,0.0,0.0,-1.0,33.95876989639671
-0.005772613316930121,-0.00032029942387263715,-0.205,302.2473837522094,0.0,0.0,0.743852249716988,1739.4117346210517,0.0,0.0,-1.0,34.36073415260155
-0.0012812586612406572,-0.0038365096325887905,-0.205,302.66564372934147,0.0,0.0,0.8700669667815991,1738.106461601686,0.0,0.0,-1.0,29.89224404443354
-0.00275354022553604,-0.005216857097278358,-0.205,302.3251198064081,0.0,0.0,0.7338746710455396,1739.508806614969,0.0,0.0,-1.0,35.95073025626818
4.0287738509610645e-05,-0.00487456703524754,-0.205,302.53419974921036,0.0,0.0,0.8147657581900212,1738.7806517051026,0.0,0.0,-1.0,31.69691942528034
0.0016779393055846568,-0.003556974454626413,-0.205,302.59749442772454,0.0,0.0,0.8768129689323543,1737.3846262922723,0.0,0.0,-1.0,29.841960800131186
-0.0016454462405977284,0.0030603095368816995,-0.205,302.6342096745067,0.0,0.0,0.9026494018904985,1736.4356616682576,0.0,0.0,-1.0,30.317960286013534
0.002908970570716224,0.0022317922860614356,-0.205,302.7464439183529,0.0,0.0,0.8921832611206086,1736.8150693421037,0.0,0.0,-1.0,30.234634312640697
-0.001290415806535097,0.004735136609327308,-0.205,302.36622026030085,0.0,0.0,0.81236973314344,1737.2639305515213,0.0,0.0,-1.0,33.72340512639576
-0.0010179443732449306,-0.005632382567230279,-0.205,302.33187131615017,0.0,0.0,0.7487010954085782,1737.7360524559972,0.0,0.0,-1.0,34.65381439635615
0.0006133971221714039,-0.0064290862929955355,-0.205,302.28654659447807,0.0,0.0,0.6838909633552891,1736.8208646725636,0.0,0.0,-1.0,36.78586023832274
-0.00196893424933013,0.0028916210991937336,-0.205,302.69427887281125,0.0,0.0,0.9013844467860538,1736.6151591264943,0.0,0.0,-1.0,30.31022434504302
-0.005646317574630344,0.0013474826801210872,-0.205,302.2948381857016,0.0,0.0,0.7418800794540168,1735.062282012843,0.0,0.0,-1.0,33.10504280744178
0.003238017973049059,-0.00381672706704231,-0.205,302.4063107187069,0.0,0.0,0.8052319950403419,1739.0873145309492,0.0,0.0,-1.0,32.786748035600525
-0.0008955930860948367,0.0020958127287080755,-0.205,302.79934158355036,0.0,0.0,0.9563099450396381,1737.9781060139744,0.0,0.0,-1.0,28.75146168359576
-0.0030561953179254766,-0.0005696733905202177,-0.205,302.65504921097346,0.0,0.0,0.9211956326116377,1739.4959549745959,0.0,0.0,-1.0,29.602562046556223
-0.004516845573007294,0.0028793708326748505,-0.205,302.4610442812017,0.0,0.0,0.7784371103583869,1736.7122746532216,0.0,0.0,-1.0,33.1649904189431
0.005295016723807811,0.000672222063216804,-0.205,302.4177394912157,0.0,0.0,0.7799308475042646,1740.464479925288,0.0,0.0,-1.0,34.23364311862564
0.003317043070002045,-0.005581938401296765,-0.205,302.14951943174714,0.0,0.0,0.680641772178581,1739.2637047972028,0.0,0.0,-1.0,35.76986172918182
-0.005079261143637557,-0.0025464663330395645,-0.205,302.2661912422428,0.0,0.0,0.7521752326943676,1740.8420265636548,0.0,0.0,-1.0,34.902832893092224
0.001725679574873715,-0.0001046572626681423,-0.205,302.9068704554283,0.0,0.0,0.9741563643067112,1740.3404037954429,0.0,0.0,-1.0,29.48583584394836
-0.0013788915545540413,-0.005059267147094356,-0.205,302.4429824100496,0.0,0.0,0.7872137598774972,1736.989323630133,0.0,0.0,-1.0,32.842764930921895
0.0021615539643219106,0.0054147192704235144,-0.205,302.23770983740263,0.0,0.0,0.7397346110221584,1739.2476175544205,0.0,0.0,-1.0,34.24830093049066
-0.0025681259136116413,0.0025839256869732326,-0.205,302.70052509723706,0.0,0.0,0.893487059922435,1742.3940285391047,0.0,0.0,-1.0,29.984740780228144
-0.002745434391009443,0.0013537118518355542,-0.205,302.90443329641863,0.0,0.0,0.9234817860623459,1734.266389373872,0.0,0.0,-1.0,29.071926748552965
0.00215490244352686,0.00037285254272115704,-0.205,302.8290755515004,0.0,0.0,0.9596078017137172,1738.599034255599,0.0,0.0,-1.0,30.465068305762863
-0.0001345188082047211,-0.004796747252058225,-0.205,302.5768774287813,0.0,0.0,0.8202214245631331,1741.72769660893,0.0,0.0,-1.0,34.34037199320327
0.0014721336717414242,-0.0023637783893881827,-0.205,302.7330659676205,0.0,0.0,0.936071074453668,1739.4332216833548,0.0,0.0,-1.0,28.415995389936512
0.003878653252539597,-0.004303150982588484,-0.205,302.22781798815384,0.0,0.0,0.7428666076514149,1736.1037443640726,0.0,0.0,-1.0,32.49757916282466
-0.0035593771090883406,-0.0018860087951286498,-0.205,302.5197604496577,0.0,0.0,0.8710799556242623,1743.9996081159336,0.0,0.0,-1.0,32.89605683325248
-0.0038221695207963074,-0.0037537486549164343,-0.205,302.283659655727,0.0,0.0,0.7783862110542724,1737.0551293650053,0.0,0.0,-1.0,34.078524741917455
-0.0022690988491618855,0.0024705223676608087,-0.205,302.74195444666606,0.0,0.0,0.908947162481587,1737.6991692358417,0.0,0.0,-1.0,30.21629510902022
0.0009876709376747035,-0.0022311365244506868,-0.205,302.7966707610272,0.0,0.0,0.9502668633455461,1735.4693599091527,0.0,0.0,-1.0,26.53218701096136
0.004427106031265989,0.0012676587107896403,-0.205,302.5288692598505,0.0,0.0,0.833752614121413,1736.0256200311194,0.0,0.0,-1.0,31.061878453905496
-0.0005942952591359551,-0.0005964506312453212,-0.205,302.84873438813224,0.0,0.0,0.9934129079855158,1738.5838281511847,0.0,0.0,-1.0,24.97458856562756
0.0026732809852639925,-0.0011296565885930531,-0.205,302.59899064489895,0.0,0.0,0.9308509409117864,1737.180540051775,0.0,0.0,-1.0,29.65090223585075
0.0025168671829532726,0.002425233270427614,-0.205,302.6618233121202,0.0,0.0,0.9015513193437664,1732.369335427087,0.0,0.0,-1.0,29.532958862882303
-0.004402710015797905,-0.0013970605398699858,-0.205,302.422316459568,0.0,0.0,0.8327889905566213,1737.967132810773,0.0,0.0,-1.0,31.46815083345132
0.00430473660551293,0.004153289898104414,-0.205,302.310207115682,0.0,0.0,0.726737811988058,1736.3537223103763,0.0,0.0,-1.0,35.743410356508576
0.0030245996874335764,-0.0041805451730040025,-0.205,302.3647776292604,0.0,0.0,0.7936320574001146,1741.9667921118864,0.0,0.0,-1.0,33.12353122616889
0.002317017226820346,0.0009847306465419984,-0.205,302.814272824501,0.0,0.0,0.9472179368814739,1740.9318952618146,0.0,0.0,-1.0,26.828565871120713
-0.0027705322898712585,-0.0029538538283745163,-0.205,302.4899468505729,0.0,0.0,0.8697601255426203,1739.4891541855761,0.0,0.0,-1.0,32.21320754358191
0.004339296781526222,-0.003083014221585698,-0.205,302.2517107531331,0.0,0.0,0.7810656093117029,1738.7881901364556,0.0,0.0,-1.0,33.871060568774666
-0.0033476726707417004,0.00040232331049850647,-0.205,302.675925563077,0.0,0.0,0.908051925765119,1742.7952433976986,0.0,0.0,-1.0,31.187884983946176
0.0006866965886470024,0.006392558823871568,-0.205,302.1435842047789,0.0,0.0,0.6865774604632067,1734.8887875424787,0.0,0.0,-1.0,35.00517101066388
0.0021881114460832836,-0.0025592683275072843,-0.205,302.64876896966143,0.0,0.0,0.9082908206920352,1739.458653996161,0.0,0.0,-1.0,30.91916019070281
0.001092772447661464,-0.0003058679448025621,-0.205,302.810609005217,0.0,0.0,0.9883870983665424,1735.130460976758,0.0,0.0,-1.0,26.27280391916751
-0.002943621956929715,-0.0032569562845882545,-0.205,302.5090006347695,0.0,0.0,0.8481868165880471,1739.1277320937306,0.0,0.0,-1.0,31.737627667306484
0.002393091934534349,0.001276496958222621,-0.205,302.8953930631623,0.0,0.0,0.9391944894268103,1740.28152658684,0.0,0.0,-1.0,30.932617371269753
-0.002561469568250012,0.00396121831356171,-0.205,302.5026495427866,0.0,0.0,0.8259707746193585,1736.8774660301094,0.0,0.0,-1.0,32.237277435407734
-0.0008083487367771398,0.0030463350392481068,-0.205,302.68398383062345,0.0,0.0,0.9191154998034547,1736.620337352372,0.0,0.0,-1.0,29.52391928289643
0.0011605272590613535,-0.0059631861160453015,-0.205,302.31077909450005,0.0,0.0,0.7185758668853202,1738.474032971935,0.0,0.0,-1.0,32.10254991982254
0.0019147556303754111,0.003926209961263629,-0.205,302.48207512966826,0.0,0.0,0.8496184272199298,1737.4128698589666,0.0,0.0,-1.0,31.435367582928173
0.002409922604853542,0.0027400195477664093,-0.205,302.66023799836955,0.0,0.0,0.8931555019121302,1736.346380369889,0.0,0.0,-1.0,30.848521100150585
0.000413244774523848,0.002786492660409607,-0.205,302.6615306032732,0.0,0.0,0.9346567941314602,1738.065646620662,0.0,0.0,-1.0,29.5910852446078
0.0017797525431312465,-0.001851546396416304,-0.205,302.7724573427756,0.0,0.0,0.9451830143270485,1738.405379655859,0.0,0.0,-1.0,28.39240985042251
-0.0029829174534245794,0.003407168561197109,-0.205,302.54053151487454,0.0,0.0,0.8389675279495458,1739.6505614100104,0.0,0.0,-1.0,31.24516933378887
0.004759655556600295,0.0027831141357304626,-0.205,302.433382068937,0.0,0.0,0.7659303422835211,1738.7049868892086,0.0,0.0,-1.0,33.99454323832417
0.005575520970337416,-7.126715745385737e-05,-0.205,302.30460488977974,0.0,0.0,0.7608753398976178,1737.297925652256,0.0,0.0,-1.0,34.492932627763665
-0.0024957567157549987,0.001923304091922919,-0.205,302.81480558995884,0.0,0.0,0.9191594733896106,1739.607098950601,0.0,0.0,-1.0,31.21342089518472
-0.0019949352532937868,-0.004962420341147228,-0.205,302.3630894519023,0.0,0.0,0.7790774897405724,1736.5715681904276,0.0,0.0,-1.0,33.03697390082338
0.002488275915156643,0.005985950614345791,-0.205,302.14580584911204,0.0,0.0,0.6816326687166636,1740.6133557153203,0.0,0.0,-1.0,35.599820049130976
-0.00020573869642950195,0.00017973412621913532,-0.205,303.03451825823663,0.0,0.0,0.9992239357661992,1737.6744305743844,0.0,0.0,-1.0,24.484564373661442
0.0007758492068539319,-0.0014233918183001715,-0.205,302.8784952958815,0.0,0.0,0.9771305070132619,1738.3018794759296,0.0,0.0,-1.0,27.9713102624912
0.004490588724946238,0.0007838612802189688,-0.205,302.46008564045883,0.0,0.0,0.8369298749809044,1737.8609741973105,0.0,0.0,-1.0,32.12562160928226
-5.4498261057829846e-05,-0.0022933781991933844,-0.205,302.8518584531006,0.0,0.0,0.9557664996173589,1740.0097482337405,0.0,0.0,-1.0,28.137477449638173
0.002576343988921563,0.0010920119243516316,-0.205,302.7903516973844,0.0,0.0,0.9354806033256509,1739.1862051149756,0.0,0.0,-1.0,29.054633833580635
0.001604108998111575,-0.004146483448313478,-0.205,302.5223246439072,0.0,0.0,0.8444938054212372,1738.7269453258448,0.0,0.0,-1.0,30.459542522121197
0.0016969416181668892,-0.004102736203706962,-0.205,302.55186166234006,0.0,0.0,0.8449006733811065,1734.6204590091081,0.0,0.0,-1.0,32.57853658490619
0.00540279715115236,-0.0005648662205291247,-0.205,302.28305360047153,0.0,0.0,0.7724507356950083,1737.8774750374118,0.0,0.0,-1.0,31.259956085255176
-0.0043046618664294035,-0.0017403890634093363,-0.205,302.44620158015704,0.0,0.0,0.8311258867583611,1740.8342173017293,0.0,0.0,-1.0,32.917985554383066
0.00011696635166651301,0.005711641396103526,-0.205,302.17631257891526,0.0,0.0,0.7496005555872406,1738.5901363231433,0.0,0.0,-1.0,33.48777113924677
-0.0031619432233310116,0.00130034472532229,-0.205,302.73895228985367,0.0,0.0,0.905594917990245,1737.8184766611278,0.0,0.0,-1.0,30.26986751495854
0.001576332198779703,0.0028218619467254755,-0.205,302.7116916408959,0.0,0.0,0.9151434506950715,1738.626478735022,0.0,0.0,-1.0,30.376990035188793
-0.0014473172865608645,0.004168685007322615,-0.205,302.49011450075466,0.0,0.0,0.8466906436260669,1737.2053560351392,0.0,0.0,-1.0,31.578828055560397
0.0023817010898718664,-0.0014001821584073443,-0.205,302.5887235378143,0.0,0.0,0.9370239163858685,1736.301117095051,0.0,0.0,-1.0,30.156873929290292
0.003943020293990448,0.003282068509713372,-0.205,302.42512566606837,0.0,0.0,0.7958842507786932,1742.6333175101342,0.0,0.0,-1.0,33.48517244819494
-0.0060592571799629605,-0.0016502441431376158,-0.205,302.1107753984497,0.0,0.0,0.7002682649736047,1739.460837438912,0.0,0.0,-1.0,33.68063238405239
-0.004541656893962221,0.0017405919017708094,-0.205,302.5010754666539,0.0,0.0,0.8155561368634985,1742.5380173658855,0.0,0.0,-1.0,31.92204014228844
-0.0036450713928552355,0.00034646481751158376,-0.205,302.6909689733442,0.0,0.0,0.8924607986074897,1736.490131268667,0.0,0.0,-1.0,30.757429929754426
-0.003649288871145501,0.0039007869555751956,-0.205,302.4382055299815,0.0,0.0,0.7796053006672039,1737.9271519869071,0.0,0.0,-1.0,34.52708013825262
0.005960096915898882,0.0019245788518317195,-0.205,302.15172299852674,0.0,0.0,0.701792949922116,1738.3445681371718,0.0,0.0,-1.0,35.54009351596751
0.004905978599797269,-0.0036342718302279425,-0.205,302.10752628680206,0.0,0.0,0.7158951733807745,1738.0074960803984,0.0,0.0,-1.0,37.15763970097084
-0.0029600591955630338,0.0005771038435915696,-0.205,302.81235291256303,0.0,0.0,0.9256164097294493,1741.1876229207985,0.0,0.0,-1.0,28.436059940386762
-0.003676705921213661,0.0013668240164045008,-0.205,302.66233469096323,0.0,0.0,0.8774272076776282,1739.9446775915146,0.0,0.0,-1.0,30.517459372451704
0.0036036388774455938,-0.004726663356789944,-0.205,302.2609274679833,0.0,0.0,0.7300256171202354,1738.892518379256,0.0,0.0,-1.0,35.55252238849971
-0.0019716643207966784,-0.0008662231389553729,-0.205,302.7223469084837,0.0,0.0,0.9607706368244731,1737.9066478879236,0.0,0.0,-1.0,29.68147778829831
0.0018257659894434178,-0.006008676350324376,-0.205,302.25689438697657,0.0,0.0,0.700270361498041,1737.734848679396,0.0,0.0,-1.0,35.58588176528044
-0.006216418379899859,-0.00011280708093979171,-0.205,302.3194798557429,0.0,0.0,0.7059122808616403,1733.1875784722522,0.0,0.0,-1.0,32.31413465870541
0.0012860451840358256,0.0003660953794557976,-0.205,302.9808561991595,0.0,0.0,0.9841383105595045,1738.1346382784027,0.0,0.0,-1.0,26.670621754393057
0.003917777496300474,-0.0032978261720369435,-0.205,302.380490618189,0.0,0.0,0.7965823526430738,1736.7629536207833,0.0,0.0,-1.0,31.574823552471983
-0.00416309098202822,0.003843599101126082,-0.205,302.4084736488603,0.0,0.0,0.7534793800685133,1737.7592600476958,0.0,0.0,-1.0,32.38154549386828
0.004021917849420047,0.00488231527432685,-0.205,302.0595683979948,0.0,0.0,0.6961187801524533,1737.5782731214751,0.0,0.0,-1.0,35.79720290856205
0.001535099943237117,-0.00033972114770578204,-0.205,302.822999384149,0.0,0.0,0.978422505605002,1735.8193413926772,0.0,0.0,-1.0,28.027521041717346
-0.004375542600317516,-0.0018864323273632517,-0.205,302.29050206941776,0.0,0.0,0.8226170556456689,1742.8810261958238,0.0,0.0,-1.0,33.30865968367781
-0.003039376808142337,-0.0010620054441540755,-0.205,302.67611186067734,0.0,0.0,0.9157767513882018,1734.7722912869451,0.0,0.0,-1.0,29.306053653009606
0.0013575479446230722,0.004835944863973182,-0.205,302.3717469505302,0.0,0.0,0.8039239597812373,1739.679871543418,0.0,0.0,-1.0,32.42514927156319
0.005410371481447912,0.002499236556371272,-0.205,302.29744358290003,0.0,0.0,0.7286410205056402,1738.1057477301383,0.0,0.0,-1.0,35.366195702431526
0.0012475529197587228,0.004140481895143713,-0.205,302.5801719019505,0.0,0.0,0.852475668607083,1737.7947655848552,0.0,0.0,-1.0,32.79773131480323
-0.0038744624819912724,-0.003148609938512677,-0.205,302.34389308770847,0.0,0.0,0.8061698252753641,1740.6631385372746,0.0,0.0,-1.0,32.79663621473208
0.0029025747618761414,0.0010499337903499125,-0.205,302.7523603053062,0.0,0.0,0.92226152767355,1738.6766823101602,0.0,0.0,-1.0,30.484695191274263
0.0012422281277793407,0.005713904315092534,-0.205,302.1759346417724,0.0,0.0,0.7382776156920672,1737.231017275834,0.0,0.0,-1.0,33.814255681034524
-0.0036964305341233555,-0.00185670763170147,-0.205,302.5419982129868,0.0,0.0,0.8644107356876994,1738.1079709376602,0.0,0.0,-1.0,30.275369625792308
-0.0042128518749556705,0.0012069671698693976,-0.205,302.66136692071234,0.0,0.0,0.8486941053274413,1737.638317385921,0.0,0.0,-1.0,31.80537357405994
0.0016548999265362423,0.0014323916503640904,-0.205,302.9201028328558,0.0,0.0,0.9595450935140204,1736.0594411436264,0.0,0.0,-1.0,29.88035016654015
-0.0009064692499391687,-0.0006666584355402967,-0.205,302.8214467331724,0.0,0.0,0.988572118804455,1738.2460366002701,0.0,0.0,-1.0,26.78930578292946
-0.002778478120720613,0.0004972440524613366,-0.205,302.65087805277415,0.0,0.0,0.9344074317089157,1737.4554826223407,0.0,0.0,-1.0,27.83325506196155
0.003097677229501231,-0.0019668127730328605,-0.205,302.5041609648689,0.0,0.0,0.8920236427615107,1738.6065495290825,0.0,0.0,-1.0,31.61971723556853
0.0007681954725402093,-0.0025456402667938887,-0.205,302.86690755440077,0.0,0.0,0.9414419116509862,1737.0877892715487,0.0,0.0,-1.0,28.7906558389799
-0.002666585810375492,0.0004863156003784841,-0.205,302.8101997138388,0.0,0.0,0.9392663474164831,1737.7878707430234,0.0,0.0,-1.0,30.73875357337915
0.0020672220568148923,0.0008767959885073606,-0.205,302.88274344150096,0.0,0.0,0.9575280809435678,1737.1970808897008,0.0,0.0,-1.0,29.429026944798636
0.004764341981001061,0.0021253111472599277,-0.205,302.39666304586393,0.0,0.0,0.7892846391118025,1739.1771458344774,0.0,0.0,-1.0,32.15483252904726
-0.001217845375008519,0.0027250543764376525,-0.205,302.6836849619373,0.0,0.0,0.9270617576185154,1737.9977399552884,0.0,0.0,-1.0,29.366455698652885
-0.003209340377370654,0.0028765242051367996,-0.205,302.65800474308764,0.0,0.0,0.8534180543268742,1736.8587847552672,0.0,0.0,-1.0,31.50136802798117
-0.0007754547658565974,0.002093804767004062,-0.205,302.7982190262365,0.0,0.0,0.9579829703431095,1736.5756596968336,0.0,0.0,-1.0,29.722532453914663
0.0004982501859996269,-0.0033221266893707943,-0.205,302.76363839559866,0.0,0.0,0.908697429292887,1735.920162535428,0.0,0.0,-1.0,31.463002872933572
0.0001343172732428187,-0.0008808642027586756,-0.205,303.07628515587635,0.0,0.0,0.992664583364312,1736.5589608676182,0.0,0.0,-1.0,25.079831017122444
0.001002896509903412,-0.00141506342196524,-0.205,302.8956440616351,0.0,0.0,0.973997998370996,1741.0368021011716,0.0,0.0,-1.0,27.1402925110821
-0.0023978721784165343,-0.004410768230325595,-0.205,302.4524009527899,0.0,0.0,0.8041058249006103,1740.9518957542878,0.0,0.0,-1.0,34.121613438063825
-0.002969913135878054,-0.0015567402134051213,-0.205,302.6204980531253,0.0,0.0,0.9090122465026903,1738.2804523497634,0.0,0.0,-1.0,30.757497074817632
-0.002970362539045901,-0.000262499626147725,-0.205,302.7371873325794,0.0,0.0,0.9271948316212135,1740.6990250635429,0.0,0.0,-1.0,30.36043632231445
-0.0055867318136148415,0.0013279687549148317,-0.205,302.3606867832848,0.0,0.0,0.7471336249971697,1740.032645940673,0.0,0.0,-1.0,35.189775850977675
0.0031623091739456056,0.003626249339295432,-0.205,302.5277299876847,0.0,0.0,0.8193092288038724,1736.6063119901276,0.0,0.0,-1.0,32.178043952169936
-0.0014302172949799776,-0.004490281712893947,-0.205,302.51308679803884,0.0,0.0,0.8262993717576819,1740.8497527211678,0.0,0.0,-1.0,32.718697320427665
0.0013425247453192173,-0.0006836557180881736,-0.205,302.7426414079236,0.0,0.0,0.9801026541864477,1738.0790608354573,0.0,0.0,-1.0,27.544611624928798
0.00016119492765239625,-0.003777984818237641,-0.205,302.7672248023762,0.0,0.0,0.8856702113143977,1740.5795843526141,0.0,0.0,-1.0,30.131901759916413
0.004369704176239659,0.0007825444933615913,-0.205,302.580818602627,0.0,0.0,0.8449407742058219,1739.2491379856103,0.0,0.0,-1.0,31.59462781563086
-9.406847082945041e-05,-0.0009983897368668754,-0.205,303.02747509203914,0.0,0.0,0.9908181266577512,1735.8489160667386,0.0,0.0,-1.0,27.222512299345166
0.002047806181214295,0.0008640544366844859,-0.205,302.95482075632424,0.0,0.0,0.9583453420357775,1737.3879630268395,0.0,0.0,-1.0,28.47293935034823
0.002858925504752004,0.0010384975653443388,-0.205,302.7707794532258,0.0,0.0,0.9243976279771848,1736.0745920459756,0.0,0.0,-1.0,30.317492588502528
0.000710879974762728,0.0026310626360217908,-0.205,302.69794259720976,0.0,0.0,0.9386331168654082,1740.5940086698015,0.0,0.0,-1.0,29.56090428204831
0.005332363568244636,-0.0023022958315654187,-0.205,302.2447183756149,0.0,0.0,0.7416031525611732,1740.1229105035034,0.0,0.0,-1.0,33.54061060915876
-0.0018865427702109822,0.004424302796448518,-0.205,302.373917563926,0.0,0.0,0.8194307235724794,1737.554522435503,0.0,0.0,-1.0,32.76840111557738
-0.00039056797449877787,0.005161413692667599,-0.205,302.29293507611385,0.0,0.0,0.792398354512837,1739.275535504149,0.0,0.0,-1.0,34.013261626726944
0.0016944505751842773,0.003645252574688599,-0.205,302.5137656397098,0.0,0.0,0.8715869680426901,1736.3391439476522,0.0,0.0,-1.0,31.18364861502852
-0.004363309467086392,0.0038215264434572553,-0.205,302.3439094816947,0.0,0.0,0.7422736257696809,1737.0029754169536,0.0,0.0,-1.0,33.00119213434172
0.004511050834603284,0.0023073704177681838,-0.205,302.4639664186293,0.0,0.0,0.8006455041346879,1737.9760061388588,0.0,0.0,-1.0,32.18181041124019
-0.0017424702215433857,0.0023454505262017287,-0.205,302.7765327136798,0.0,0.0,0.9299559772362688,1737.5472925269798,0.0,0.0,-1.0,29.539061117019088
-0.0053445078918478795,-0.0007795907661362681,-0.205,302.25563377981024,0.0,0.0,0.774925757736621,1739.3421734698338,0.0,0.0,-1.0,32.75982914986073
0.0007330579100594095,0.001982694699244214,-0.205,302.7339235961161,0.0,0.0,0.9621327419986405,1737.1987037681872,0.0,0.0,-1.0,27.881282763532198
0.003462202656670743,-0.0020107163071889636,-0.205,302.5217595481582,0.0,0.0,0.8725625707357456,1737.3843249457202,0.0,0.0,-1.0,31.157973300658373
0.0016441279660663857,0.004363029599094438,-0.205,302.4349777225914,0.0,0.0,0.8297858430344089,1741.5470234908953,0.0,0.0,-1.0,32.391277660857654
0.0019946317211710983,-0.0020552778863088044,-0.205,302.6965567923636,0.0,0.0,0.9325666494381253,1738.9028969367664,0.0,0.0,-1.0,28.719548477447077
-0.005269510847659156,0.0024140901766624696,-0.205,302.3368855986384,0.0,0.0,0.7426153829770585,1739.934030605786,0.0,0.0,-1.0,33.62516386237411
0.004990664810933386,0.0026612041727370325,-0.205,302.31023305434775,0.0,0.0,0.7543244621527491,1738.5256217916271,0.0,0.0,-1.0,32.116923637370235
-0.0037791193190293356,3.136782207652175e-05,-0.205,302.6218634241618,0.0,0.0,0.8857949857308389,1739.1511991910038,0.0,0.0,-1.0,29.53795805599436
-0.003606576562202784,0.0011942209694091959,-0.205,302.6395261504456,0.0,0.0,0.8846495378881739,1736.7445029338505,0.0,0.0,-1.0,30.675975385760854
-0.00208943512538132,0.004682568541362013,-0.205,302.3859937072692,0.0,0.0,0.7960846204333554,1740.699288641355,0.0,0.0,-1.0,33.15026978650709
0.00021032535679252744,-0.000438238393954517,-0.205,302.9629159509392,0.0,0.0,0.9976805390930745,1737.7869948630462,0.0,0.0,-1.0,24.63951456293594
-6.393982928936043e-05,-0.001138466885163057,-0.205,303.00668782439226,0.0,0.0,0.9882801321309111,1736.5518305584224,0.0,0.0,-1.0,25.4955967242168
-0.0008660491297359794,0.00609835739814701,-0.205,302.1138623578994,0.0,0.0,0.7110936383760834,1740.644631557042,0.0,0.0,-1.0,34.809701549557175
-0.003412152120009754,-0.0011276024105511201,-0.205,302.5400410564451,0.0,0.0,0.8962158705431497,1738.5301628605737,0.0,0.0,-1.0,33.42112336948357
0.004899169291052079,-0.002875893556076472,-0.205,302.20756182949407,0.0,0.0,0.752253710710931,1736.8036741099518,0.0,0.0,-1.0,33.17730883594525
0.0023444445667904134,-0.002343342745471069,-0.205,302.60224353667564,0.0,0.0,0.9109825526854083,1737.0638275111205,0.0,0.0,-1.0,30.15154399697984
0.0019818033281736383,0.004167572387099734,-0.205,302.5265455849834,0.0,0.0,0.8330825698356576,1740.9188969170734,0.0,0.0,-1.0,32.520252282054905
0.0025089989014880957,-0.0017724475718002319,-0.205,302.7065556366678,0.0,0.0,0.9229644165958117,1738.0404439593422,0.0,0.0,-1.0,29.433443590155193
0.004555278200390487,-0.0005691483646121238,-0.205,302.45834430761147,0.0,0.0,0.8347338889154379,1737.1295853753109,0.0,0.0,-1.0,33.53175428278879
-0.005044842222712629,-0.0027409325177471413,-0.205,302.2662312241718,0.0,0.0,0.7472205302590266,1738.661536137442,0.0,0.0,-1.0,34.025708741545934
-0.0037781774189495094,0.0007679218965025759,-0.205,302.5954485210376,0.0,0.0,0.8813814434975815,1740.2886249313153,0.0,0.0,-1.0,31.821128277207844
-0.0009529388987388354,0.0034975778001361158,-0.205,302.5965878091538,0.0,0.0,0.8944845427504861,1738.3712752274057,0.0,0.0,-1.0,31.393578207689178
-0.0014173210416730097,0.0010388441665079426,-0.205,302.9456776124119,0.0,0.0,0.9733432308042316,1736.2854284731518,0.0,0.0,-1.0,28.013544222157673
-0.004836922764407095,0.0038247089568890923,-0.205,302.2846809785893,0.0,0.0,0.710484444062928,1740.967936713784,0.0,0.0,-1.0,34.879541096692115
-0.0030556893003917977,-0.00031298293939719833,-0.205,302.7220106209829,0.0,0.0,0.922975665370489,1737.3638858975933,0.0,0.0,-1.0,29.93755257485874
-0.0030807846896967767,0.0026545412918741605,-0.205,302.72150087286974,0.0,0.0,0.8687289247701937,1739.1468830903123,0.0,0.0,-1.0,30.281680784212973
0.0021935973631970985,-0.002142716189582663,-0.205,302.63727902405566,0.0,0.0,0.9232245813750966,1737.9392525817116,0.0,0.0,-1.0,30.04150670662887
0.005932193306510273,-0.0016859683515597623,-0.205,302.071410611787,0.0,0.0,0.7104179975817593,1739.1563796419568,0.0,0.0,-1.0,33.61529389761572
0.0014997882180434819,-0.004548491600519666,-0.205,302.55568761039086,0.0,0.0,0.8208796622369032,1738.9154935200668,0.0,0.0,-1.0,32.46929193404732
0.0005073962556780642,0.0008984669436810748,-0.205,302.94266655734344,0.0,0.0,0.9903065562818406,1738.2656556383045,0.0,0.0,-1.0,25.866532592332575
0.0007696569139834036,-0.0020988644557376145,-0.205,302.81506947949885,0.0,0.0,0.9578848521059006,1737.5421484065832,0.0,0.0,-1.0,29.261950361342745
0.0018863942224044206,0.005116482477762132,-0.205,302.270514647924,0.0,0.0,0.7707838693703603,1735.3444571571188,0.0,0.0,-1.0,32.11637071446733
-0.003023813757099862,0.0041416040484616255,-0.205,302.4186577153502,0.0,0.0,0.7960540697466977,1738.976785604458,0.0,0.0,-1.0,33.99317782378343
-0.0023344424437542685,0.002171996917738518,-0.205,302.7672785417635,0.0,0.0,0.9173095072563231,1735.6809001247623,0.0,0.0,-1.0,29.17120632759151
0.0031128350820059827,0.004132080873147656,-0.205,302.42050108778085,0.0,0.0,0.7926110938526794,1736.0921711119313,0.0,0.0,-1.0,33.82398735106617
-0.0011926136902863694,-0.004175697373082909,-0.205,302.5813532078952,0.0,0.0,0.8512858041910135,1741.1789371973598,0.0,0.0,-1.0,34.77893769792939
-0.004743948324583981,0.001956259488179287,-0.205,302.3762668692851,0.0,0.0,0.7957913162257434,1736.4520719307368,0.0,0.0,-1.0,32.85406193554984
0.005427876930577212,-0.002572349918799467,-0.205,302.1264171845874,0.0,0.0,0.7245743090758533,1737.7168232205872,0.0,0.0,-1.0,34.45191967469314
0.001013927557804604,-0.0024111594147326956,-0.205,302.7651421255733,0.0,0.0,0.9432425641355273,1737.052764917922,0.0,0.0,-1.0,28.98707807764566
-0.0010182581283814498,-0.0017200184425912714,-0.205,302.81899163392274,0.0,0.0,0.9659522925446318,1738.2978397900686,0.0,0.0,-1.0,27.813807014086553
0.0005685459720173263,0.005602377660658719,-0.205,302.2353127546665,0.0,0.0,0.7563595073600645,1740.4487579356003,0.0,0.0,-1.0,32.469771995736195
-0.0021776972321827072,0.004656774239128439,-0.205,302.35106398308557,0.0,0.0,0.7950847392223223,1737.5907733260499,0.0,0.0,-1.0,31.359785491116348
0.00367050053066579,0.0016562406439128415,-0.205,302.7389555011074,0.0,0.0,0.871159114702079,1737.1749886942555,0.0,0.0,-1.0,30.172470698489263
0.0016068482185216228,-0.002034122732602578,-0.205,302.7192462544987,0.0,0.0,0.9442054391790786,1741.9257811067043,0.0,0.0,-1.0,29.13305020299999
-0.0011843183163909887,0.005499811676488884,-0.205,302.23944936278525,0.0,0.0,0.7567926772208767,1740.6618379791582,0.0,0.0,-1.0,32.72375784138669
-0.004807862819438966,-0.0016379065048695554,-0.205,302.3167373572242,0.0,0.0,0.7997254074492192,1741.8258999917314,0.0,0.0,-1.0,32.21158995755478
-0.0010377886399245133,0.005635522309093309,-0.205,302.1984241286533,0.0,0.0,0.7481460277859794,1734.899645419185,0.0,0.0,-1.0,31.136348625231065
0.005725606057921074,-0.0008967636810917321,-0.205,302.251781501009,0.0,0.0,0.7426796217149663,1737.6450502150842,0.0,0.0,-1.0,34.07147265611651
7.11517773436973e-05,0.000983197500731018,-0.205,302.8556898311109,0.0,0.0,0.9911123460883412,1735.8822862308436,0.0,0.0,-1.0,26.659551589138964
-6.160450680508001e-05,0.004531734446138968,-0.205,302.41251381614427,0.0,0.0,0.8387152528320871,1738.001214542094,0.0,0.0,-1.0,29.566069923320192
-0.0014618669848412676,-0.002911396524146387,-0.205,302.73976439758667,0.0,0.0,0.9138665330653888,1739.1404040039233,0.0,0.0,-1.0,29.92700441333407
0.005234888554784675,-0.0011936808244740254,-0.205,302.28292775724543,0.0,0.0,0.7774376347451407,1738.7717651955238,0.0,0.0,-1.0,33.78174381759657
0.005129452224763047,0.0004676476269564082,-0.205,302.4636748754798,0.0,0.0,0.7943330107387389,1737.471178411458,0.0,0.0,-1.0,32.82727863299946
-0.0029650706010552045,0.0037130885243650503,-0.205,302.4596728496722,0.0,0.0,0.823547408886639,1737.572193617029,0.0,0.0,-1.0,32.76699220247078
0.0014173520672361,-0.0005564339587335606,-0.205,302.78253618658385,0.0,0.0,0.9796969002514226,1736.3288019781326,0.0,0.0,-1.0,25.70368953983955
0.0010182891835084458,0.0063900008010946705,-0.205,302.1515778055128,0.0,0.0,0.6827418501597202,1740.5620869911193,0.0,0.0,-1.0,33.4771618438866
0.0010546501208316087,0.000595041257634177,-0.205,303.0472267778425,0.0,0.0,0.9868615706456104,1732.7096446515488,0.0,0.0,-1.0,28.07214718996133
0.0038079401946769587,0.0033451981461927725,-0.205,302.46101306022314,0.0,0.0,0.8005184694753947,1738.239488081458,0.0,0.0,-1.0,32.19499923550846
-0.0033953550585519724,-0.0021872336556804546,-0.205,302.47811470918117,0.0,0.0,0.8704291661182829,1740.217660356085,0.0,0.0,-1.0,31.162201538893218
-0.0025510835751706394,0.003067959918359522,-0.205,302.6728932877943,0.0,0.0,0.8733891224774187,1737.9089779810704,0.0,0.0,-1.0,29.31347210334607
0.00549342889727737,0.00014194283292604136,-0.205,302.355326359553,0.0,0.0,0.7674091495499854,1739.4494068643974,0.0,0.0,-1.0,33.465687497528904
0.0028077687235155534,-0.002771013177199468,-0.205,302.53536531996866,0.0,0.0,0.876097850212909,1743.4503062741278,0.0,0.0,-1.0,32.09490858683447
-0.005457636851120231,-0.0009700316257040757,-0.205,302.31575218034214,0.0,0.0,0.763541163275771,1737.1199325891987,0.0,0.0,-1.0,32.697829079015314
-0.0017604665005060164,-0.0052842295206950544,-0.205,302.3382182124121,0.0,0.0,0.761380894913375,1741.2397279580837,0.0,0.0,-1.0,34.282723965167776
-0.000593541351708166,-0.004977446543308962,-0.205,302.56339974328233,0.0,0.0,0.8046773685046033,1735.084041034377,0.0,0.0,-1.0,31.56035590361676
0.0013621152559130413,0.002193021661774292,-0.205,302.7606510636615,0.0,0.0,0.9446386976508709,1737.437620309836,0.0,0.0,-1.0,29.620642152648372
-0.0006354476702779419,0.005848155110516807,-0.205,302.16702940729033,0.0,0.0,0.7352761458476615,1736.379206148415,0.0,0.0,-1.0,34.18741220168906
-0.00509114593720257,0.0005775176220540652,-0.205,302.4211361565683,0.0,0.0,0.7963711982271245,1737.1389124662726,0.0,0.0,-1.0,33.086547141896745
0.002887468121338425,-0.003087365837322499,-0.205,302.53472545167756,0.0,0.0,0.8587082634178218,1738.1554846396832,0.0,0.0,-1.0,32.91450637759296
0.0018574478477841887,0.005416416452674742,-0.205,302.28228502296884,0.0,0.0,0.7484989802521314,1741.7652011094292,0.0,0.0,-1.0,34.82396774707168
0.003314005862470185,0.00012562589149856646,-0.205,302.6765802794281,0.0,0.0,0.9108998853462412,1738.5120011241615,0.0,0.0,-1.0,29.64380709341564
-0.004858045755540426,0.000810967107221083,-0.205,302.57716255806736,0.0,0.0,0.8111001815122914,1739.2757973238238,0.0,0.0,-1.0,33.83648314449322
0.0017538740348490023,0.002760761620858795,-0.205,302.6967174336656,0.0,0.0,0.9132144555107896,1739.8300292064262,0.0,0.0,-1.0,28.607608361716263
0.001990706964531573,-0.004238911883942102,-0.205,302.46982375542325,0.0,0.0,0.8283572218688954,1734.289680520515,0.0,0.0,-1.0,30.98931870723967
-0.0021092676757876686,-0.005697481612963048,-0.205,302.2346552353706,0.0,0.0,0.7185476535612636,1737.4545327144465,0.0,0.0,-1.0,34.752965007802615
0.0017939644071995697,0.003013251872350898,-0.205,302.6982037359161,0.0,0.0,0.9009265692986608,1739.3275087880174,0.0,0.0,-1.0,31.007195966541637
-0.00019381417396075417,-0.0020267735206231092,-0.205,302.93316211645947,0.0,0.0,0.9647385459264988,1741.2736129925477,0.0,0.0,-1.0,28.872483166558347
-0.0018175011357765088,0.004307187120252023,-0.205,302.4928538999332,0.0,0.0,0.8289232055133642,1739.1791798201843,0.0,0.0,-1.0,32.19874635777311
0.002169600295904596,-0.00536810949657851,-0.205,302.27786341137136,0.0,0.0,0.7431380654753024,1737.5432801239454,0.0,0.0,-1.0,34.14140125084592
-0.005432959088566437,-0.0011208344550097179,-0.205,302.3319873877993,0.0,0.0,0.7632008386213495,1737.9663017887733,0.0,0.0,-1.0,34.46149949518667
-0.0007835972852723353,-0.0012444138664738037,-0.205,302.91250824558006,0.0,0.0,0.9809962113572548,1741.3425435357176,0.0,0.0,-1.0,26.041535934948005
-0.0038249351389029835,-0.005104743444144616,-0.205,302.12336379340644,0.0,0.0,0.6912456779647084,1740.3298805667177,0.0,0.0,-1.0,33.46623663701762
0.0025074603413737,-0.003231477420008387,-0.205,302.5229932096629,0.0,0.0,0.8672816715872061,1736.910038044856,0.0,0.0,-1.0,32.34940894466538
-0.0015145034977369792,-0.00440880767643281,-0.205,302.5742094137823,0.0,0.0,0.8298444433975913,1739.7544326981538,0.0,0.0,-1.0,32.828360242813226
-0.005541023961454575,-0.0031969766728170653,-0.205,302.1026472310875,0.0,0.0,0.6895513292741152,1742.8467037494156,0.0,0.0,-1.0,35.815013955204975
-0.00027481694534849257,0.004341027437608735,-0.205,302.39691927124943,0.0,0.0,0.8508268617968565,1738.3975103848866,0.0,0.0,-1.0,32.819041902077636
-0.0004658302569116647,0.006128807433895883,-0.205,302.1268653628152,0.0,0.0,0.7122564640659144,1735.1235006372663,0.0,0.0,-1.0,33.355634798586856
-0.003738705950994973,-0.0019770876888382744,-0.205,302.52997723299904,0.0,0.0,0.8585768289032902,1737.9922804771013,0.0,0.0,-1.0,32.709903990057725
0.002669112988099871,-0.005425839888339796,-0.205,302.267148109149,0.0,0.0,0.7210576102040499,1738.972033180528,0.0,0.0,-1.0,33.30303126188409
-0.001166712874958004,-0.0012874759232079811,-0.205,302.82398994965337,0.0,0.0,0.9739109042307391,1741.139164834958,0.0,0.0,-1.0,29.29640104329544
0.0050341018355928285,-0.000835508398849217,-0.205,302.3828256248774,0.0,0.0,0.7979412877028964,1737.7251663953398,0.0,0.0,-1.0,32.87960119270315
-6.772243434687243e-05,0.006291689725763094,-0.205,302.14789414106025,0.0,0.0,0.6991706094157852,1737.385428019089,0.0,0.0,-1.0,33.12748460601769
0.005023602715537763,-0.0020660083869567785,-0.205,302.1737512525261,0.0,0.0,0.7724823529237046,1736.4275358468128,0.0,0.0,-1.0,33.772320568035674
-0.0029670003972707185,-0.0013674163977902458,-0.205,302.63546608538786,0.0,0.0,0.9134068273192592,1737.6754969040553,0.0,0.0,-1.0,30.297523227131368
0.00497440826249648,0.00307869730571243,-0.205,302.3405456073553,0.0,0.0,0.7380501485882641,1734.8527040541087,0.0,0.0,-1.0,35.23122874007102
2.015052811558951e-05,-0.0055946427315428085,-0.205,302.45986676128325,0.0,0.0,0.7593491315113231,1739.3069344755197,0.0,0.0,-1.0,32.916197909454986
-0.0029314482632628596,3.895781047976496e-05,-0.205,302.73576774673836,0.0,0.0,0.9295073713270853,1737.062542962385,0.0,0.0,-1.0,30.10437178189981
-0.004626570140321374,-0.0009525835896187425,-0.205,302.5020825704048,0.0,0.0,0.825523614014665,1740.7285208514506,0.0,0.0,-1.0,32.12948135051909
0.0007804904362607142,0.0010821013498240083,-0.205,302.9295546120709,0.0,0.0,0.9842043032927983,1734.510261688983,0.0,0.0,-1.0,26.70956155021414
0.002825678086410212,0.0026306926476570083,-0.205,302.7589450872276,0.0,0.0,0.8810731284504698,1742.7794625532536,0.0,0.0,-1.0,29.440081115682347
-0.005788621851879678,0.0005699349836335055,-0.205,302.26663851999285,0.0,0.0,0.7408878941642438,1740.1502175746434,0.0,0.0,-1.0,33.4664418148203
-0.0030699409426193742,0.0017695966056459397,-0.205,302.70467980655275,0.0,0.0,0.8989529461195386,1738.4741141118259,0.0,0.0,-1.0,30.194576457240764
0.004294285898061699,0.004865060460180637,-0.205,302.2119503843048,0.0,0.0,0.6810095462584673,1736.9231077822797,0.0,0.0,-1.0,34.74333569265846
0.0027674957668659033,0.002633580875470418,-0.205,302.6892272905647,0.0,0.0,0.8834258371028472,1739.694536789886,0.0,0.0,-1.0,30.38929751773767
0.005878565761055801,0.00010626206622985718,-0.205,302.24141007103714,0.0,0.0,0.7355369439952943,1743.6283280872071,0.0,0.0,-1.0,32.64074481658202
0.0011028349510728273,-0.004194368500243858,-0.205,302.61856110278296,0.0,0.0,0.8516589295466421,1730.9113858221583,0.0,0.0,-1.0,34.35067086575114
0.0006939814681723859,0.005077237013388942,-0.205,302.28384826193246,0.0,0.0,0.7963221802580768,1738.9299938015483,0.0,0.0,-1.0,32.74144831995213
-0.001390657770179902,0.004002059749310558,-0.205,302.55354931213685,0.0,0.0,0.85809905623772,1738.1520178873395,0.0,0.0,-1.0,32.51674573963232
0.005003553258395195,-0.0005016221588710244,-0.205,302.43150825661314,0.0,0.0,0.8034967138587756,1742.8663419173286,0.0,0.0,-1.0,31.54545040157653
0.0034338789413436524,0.0018949493284880488,-0.205,302.613314555053,0.0,0.0,0.8774576068976976,1739.110855174013,0.0,0.0,-1.0,32.914508177220135
-0.004472300593300907,9.320809538843361e-05,-0.205,302.6270229173022,0.0,0.0,0.8426732247305363,1740.0119396381601,0.0,0.0,-1.0,30.971892316877653
-9.265251488035093e-05,0.001242828918773473,-0.205,302.86022798614005,0.0,0.0,0.9861234088008393,1739.6607850686403,0.0,0.0,-1.0,26.432278149602602
0.003324905972607016,-0.0019525508368325268,-0.205,302.55817877695927,0.0,0.0,0.8813577463190987,1736.1676863073988,0.0,0.0,-1.0,31.382574635666927
-0.00037686435893979746,0.00472328533944563,-0.205,302.3425025483442,0.0,0.0,0.8244920487563473,1738.0349502563258,0.0,0.0,-1.0,33.99968974864296
0.001221111074486403,0.0025776551194968767,-0.205,302.75692332639187,0.0,0.0,0.9330923944626097,1740.9308098117679,0.0,0.0,-1.0,28.468438774428463
0.0012853051402555804,-0.00553135484768174,-0.205,302.4137431566797,0.0,0.0,0.7524340494917121,1738.7580153533954,0.0,0.0,-1.0,32.4897541168673
0.0059022130206414225,0.0012390149352905489,-0.205,302.3378110200606,0.0,0.0,0.7224538434676132,1737.535382088806,0.0,0.0,-1.0,34.2552170873749
0.0004908267591191007,0.000501446260771702,-0.205,303.0120163174097,0.0,0.0,0.9953411084031867,1735.7894412481094,0.0,0.0,-1.0,24.369401941217017
-0.00019544289322234298,-0.006201145464470485,-0.205,302.29041409297747,0.0,0.0,0.7070989871385815,1736.455237916383,0.0,0.0,-1.0,34.173570301266295
-0.0019007901217254117,0.0010742889569925532,-0.205,302.92418004777613,0.0,0.0,0.9597323637475339,1738.4631251989522,0.0,0.0,-1.0,28.5623995683928
0.0029538926317526923,-0.0009972714808633815,-0.205,302.6030451706225,0.0,0.0,0.9207683109354567,1738.9503880369073,0.0,0.0,-1.0,29.82968454001023
0.00037487092306248975,0.003092667146801249,-0.205,302.65291693098186,0.0,0.0,0.9208838050103194,1735.5968197536365,0.0,0.0,-1.0,31.399507882592818
0.0008548516311177786,-0.00383951309732899,-0.205,302.65699829004996,0.0,0.0,0.8767744994598344,1736.739428146183,0.0,0.0,-1.0,29.771175558990773
0.0028772272627654257,0.0021714473546847186,-0.205,302.72004108470594,0.0,0.0,0.8956101520767654,1736.4311957145972,0.0,0.0,-1.0,31.152907175835278
0.0039142139831718865,0.004155971933102496,-0.205,302.3073700955334,0.0,0.0,0.7499165679892492,1739.5271358064876,0.0,0.0,-1.0,34.72580326418538
0.0006402364017637746,0.004237201722704007,-0.205,302.450144860898,0.0,0.0,0.8549964608497592,1738.6612664952108,0.0,0.0,-1.0,32.518169317366535
-0.0017415569575589928,0.001760479457783704,-0.205,302.8585377108329,0.0,0.0,0.9488486147197425,1737.662841171281,0.0,0.0,-1.0,29.008400772987017
0.00391407582264144,0.002367166379661268,-0.205,302.6615074648086,0.0,0.0,0.8358591979689111,1740.1913035502735,0.0,0.0,-1.0,32.26367856427888
-0.0021922315971804954,0.0007997736582807718,-0.205,302.8424446439294,0.0,0.0,0.9543067778602949,1737.8056182690552,0.0,0.0,-1.0,28.59141319379497
-0.0045458610544045885,0.0037204312822398046,-0.205,302.3173690166814,0.0,0.0,0.7359902246244255,1737.8743428179887,0.0,0.0,-1.0,35.99808572518349
-0.003711763262240799,-0.0005456672871449595,-0.205,302.50749670429354,0.0,0.0,0.8873739624596977,1739.6729782447183,0.0,0.0,-1.0,29.858980743308493
-0.0029290800640235422,0.0011897547447969545,-0.205,302.7810393945074,0.0,0.0,0.9186402982410615,1737.1604577399492,0.0,0.0,-1.0,30.3407019347456
0.002709518213412249,0.0005979308749809404,-0.205,302.8487837826821,0.0,0.0,0.936506721116281,1741.735636384027,0.0,0.0,-1.0,28.61982639249753
-0.003698456055283565,-0.0052727939971096965,-0.205,302.0980597202646,0.0,0.0,0.6855361709820824,1741.416009896461,0.0,0.0,-1.0,36.650294828136424
0.0022817618134514718,-0.005449307190874074,-0.205,302.2985090177917,0.0,0.0,0.7331205468952683,1738.7003088260885,0.0,0.0,-1.0,34.69776229057443
-0.004921522314490676,0.0010246998677662042,-0.205,302.5336439574301,0.0,0.0,0.8036131961413966,1740.0241891690466,0.0,0.0,-1.0,33.829082856581365
-0.0022475038722004795,0.0059123930895441665,-0.205,302.1520726290733,0.0,0.0,0.6961560084346682,1740.3090197044005,0.0,0.0,-1.0,34.75925306319645
-0.0030581945819129646,-0.0028694186624519885,-0.205,302.5472915290698,0.0,0.0,0.8608362656646131,1735.3210937464128,0.0,0.0,-1.0,31.639595097844893
-0.00453897300564563,0.003246355075141487,-0.205,302.4476125943203,0.0,0.0,0.760513070682515,1736.883762454327,0.0,0.0,-1.0,34.30786193422415
-0.005114138873921206,0.0005254622199282414,-0.205,302.4238015559739,0.0,0.0,0.7950654739593677,1737.8292442762547,0.0,0.0,-1.0,32.52288462459619
0.004616008658751834,0.0033470590597361816,-0.205,302.38713251247884,0.0,0.0,0.7505203993266136,1737.9592522709036,0.0,0.0,-1.0,35.43121759091087
-9.360562514943489e-05,-0.0017295856149718842,-0.205,302.94900827678055,0.0,0.0,0.9740635098874922,1739.4582814878968,0.0,0.0,-1.0,26.982259732669917
0.004952702176314403,-0.0012869797157354197,-0.205,302.31217575914405,0.0,0.0,0.79687020985671,1738.1193461379014,0.0,0.0,-1.0,33.03299356921182
0.0012861484339396136,0.0015239456823519875,-0.205,302.9558369577165,0.0,0.0,0.966103903061619,1739.5147282167836,0.0,0.0,-1.0,29.373508769395396
-0.006258312784049446,-0.0002211155437098326,-0.205,302.22802851999154,0.0,0.0,0.7018751950821107,1739.6558299917529,0.0,0.0,-1.0,35.92364923548915
0.0019173263166356975,0.00501022801972949,-0.205,302.26789795934747,0.0,0.0,0.7778073414210391,1740.4001115390047,0.0,0.0,-1.0,34.001397315731644
-0.00034960280196359077,-0.0017522518103237484,-0.205,302.9398723717616,0.0,0.0,0.9724860472994203,1739.272516949163,0.0,0.0,-1.0,28.496625232577713
0.005912027648201341,-0.001519334885413355,-0.205,302.08212577316283,0.0,0.0,0.7160118065777217,1735.6607629184568,0.0,0.0,-1.0,32.7080802860348
-0.001988870503376564,-0.003203628609825388,-0.205,302.6478448022197,0.0,0.0,0.8862803218290926,1736.512773409272,0.0,0.0,-1.0,30.516931164031636
0.0047069354155393536,-0.0029763677070342993,-0.205,302.2664601666923,0.0,0.0,0.7614416785118068,1735.8932776812726,0.0,0.0,-1.0,33.51585396859603
0.0006232424065486064,-0.001047608798959546,-0.205,302.92600361824407,0.0,0.0,0.9866951816189586,1740.1292684050657,0.0,0.0,-1.0,24.63980829745064
-0.0042478347968755705,-0.004195788077073912,-0.205,302.2050418262398,0.0,0.0,0.7276944122098807,1741.0468213984022,0.0,0.0,-1.0,31.733379385049926
-0.0005527691232774472,-0.004431683820871906,-0.205,302.5682117837202,0.0,0.0,0.8431571589848003,1737.2146596396647,0.0,0.0,-1.0,34.038921837685805
-0.0018729987657405633,-0.00456701183892582,-0.205,302.4675895607339,0.0,0.0,0.8103054240400153,1738.451870502924,0.0,0.0,-1.0,31.629944970260517
-0.003030005418469497,-0.005750029567790413,-0.205,302.13820125261896,0.0,0.0,0.6800448060493358,1740.1016925703202,0.0,0.0,-1.0,35.653868287971285
0.0022721866851550666,-0.004710928719485845,-0.205,302.42409959740377,0.0,0.0,0.7882566567691095,1737.6215351054527,0.0,0.0,-1.0,32.16464487314939
0.002640526850800064,0.0005758141620393934,-0.205,302.84903070490816,0.0,0.0,0.939605948682431,1741.3420234824307,0.0,0.0,-1.0,31.106422388164752
-0.0018339391808475582,0.0023241392827781184,-0.205,302.8226728736368,0.0,0.0,0.9281830645254928,1737.1514952849352,0.0,0.0,-1.0,29.251229228642508
0.00437619572754625,0.004523531649658218,-0.205,302.32781909273126,0.0,0.0,0.6990011046091817,1737.5481154161826,0.0,0.0,-1.0,34.26417656318867
-0.00483784168916939,0.001875837239584,-0.205,302.47907862116557,0.0,0.0,0.7914360719770339,1740.2080995901574,0.0,0.0,-1.0,31.87011155042204
-0.003377469844688316,0.004652787448712746,-0.205,302.2820666289822,0.0,0.0,0.7465460520368428,1738.1992293532269,0.0,0.0,-1.0,33.19357862015009
0.000721029601454084,-0.005577574614673301,-0.205,302.360156320959,0.0,0.0,0.7569482859180636,1735.993618246643,0.0,0.0,-1.0,33.61705788636537
-0.0003353252611306629,0.004340366073838007,-0.205,302.4297097628879,0.0,0.0,0.8505933492680505,1738.9014355877464,0.0,0.0,-1.0,29.418683714277726
-0.002940385246133778,-0.0034407690499966698,-0.205,302.457980263167,0.0,0.0,0.8391304387226443,1743.0240967068016,0.0,0.0,-1.0,32.43458434207488
0.003358662182371945,-0.0018838252519424218,-0.205,302.5578872649623,0.0,0.0,0.8816461858371709,1736.097513736708,0.0,0.0,-1.0,30.893545859760827
0.0032616610041479644,0.0034640034192005053,-0.205,302.4334667814857,0.0,0.0,0.8231087963057246,1739.8978844644516,0.0,0.0,-1.0,31.80391772442264
0.00037685088294235337,0.001594834201753768,-0.205,302.854930880618,0.0,0.0,0.9766551840867411,1740.3889518900721,0.0,0.0,-1.0,27.925504249423913
0.0022332274498470276,0.0060043959585916904,-0.205,302.1261598783178,0.0,0.0,0.6887120238304217,1740.0925189612435,0.0,0.0,-1.0,34.685809292239796
-0.004528784763504546,0.0041478429418982275,-0.205,302.2647392364848,0.0,0.0,0.7127252499759388,1738.2562503345507,0.0,0.0,-1.0,34.8903593180404
0.004228446686804265,0.004781337799663026,-0.205,302.212527227376,0.0,0.0,0.6908678171845646,1740.0918726855862,0.0,0.0,-1.0,32.20607233587182
0.00030413670317059726,-0.0023544281768777594,-0.205,302.8609937518647,0.0,0.0,0.9527910134983999,1738.7860493749886,0.0,0.0,-1.0,28.90765026966827
-0.004007778827092045,-0.004284237255491429,-0.205,302.23527084934807,0.0,0.0,0.7366406618880226,1739.9155135307435,0.0,0.0,-1.0,34.68805392986426
0.002800278154822091,-0.003934357194869419,-0.205,302.44478681106136,0.0,0.0,0.8180426792720044,1737.8725327138354,0.0,0.0,-1.0,33.168580704146734
-0.0015238459289600098,0.0033823451848757694,-0.205,302.6509521201283,0.0,0.0,0.8897514135459624,1739.2159754173558,0.0,0.0,-1.0,29.572960035619626
0.002678642905671559,-0.002356601127631061,-0.205,302.59359926276045,0.0,0.0,0.8976331494839315,1739.8125868440804,0.0,0.0,-1.0,32.00829290299855
-0.0022432579899625145,0.0036991129813293343,-0.205,302.52258355611536,0.0,0.0,0.8523582714288286,1739.6134167130162,0.0,0.0,-1.0,31.9449320216849
-0.0028734841796743305,-0.005581268451861798,-0.205,302.1616951791061,0.0,0.0,0.7004880085780367,1737.6794526634394,0.0,0.0,-1.0,34.02430402826034
-0.00446173832615344,-0.0034303086469690924,-0.205,302.2285713066794,0.0,0.0,0.756620489840834,1736.5654171352326,0.0,0.0,-1.0,34.99363421388699
-0.0021381970317181425,-0.004550625336813455,-0.205,302.37088370132517,0.0,0.0,0.8035490733506891,1738.2033624075539,0.0,0.0,-1.0,33.704849412077984
0.0009391251014573725,-0.0013137638504145694,-0.205,302.8337321241961,0.0,0.0,0.9772963356478098,1738.2258317469518,0.0,0.0,-1.0,27.776700579799865
0.0007950556218109544,-0.0017652784222989117,-0.205,302.8737423751638,0.0,0.0,0.9679550516084322,1740.781765748605,0.0,0.0,-1.0,28.365388136231378
0.004096048795227938,0.0021100376887313614,-0.205,302.5885465549268,0.0,0.0,0.8335764960214976,1736.7395261558765,0.0,0.0,-1.0,31.623833288988966
0.002709776078631477,0.004316858066373998,-0.205,302.41808123291054,0.0,0.0,0.7983991266350803,1737.074457033827,0.0,0.0,-1.0,33.823860809848135
-0.005913096966228543,-0.0005331431789440647,-0.205,302.2009499697821,0.0,0.0,0.7305962959562347,1741.271224858987,0.0,0.0,-1.0,34.15628374851549
-0.004320783263203237,0.00311975122287913,-0.205,302.5350616955416,0.0,0.0,0.7805698471139869,1738.9796171081605,0.0,0.0,-1.0,32.64652956472016
0.004870120250003537,0.0014307236547645538,-0.205,302.5697685000767,0.0,0.0,0.7999705671818297,1738.6850895959706,0.0,0.0,-1.0,31.764887658473153
0.005447401245934512,0.0024024408686865173,-0.205,302.33991102023657,0.0,0.0,0.7291665282606339,1738.400244555969,0.0,0.0,-1.0,33.73973131187689
-0.0005516561986214369,-0.0026637889922952033,-0.205,302.80623113553764,0.0,0.0,0.9388508947515235,1733.8489387446916,0.0,0.0,-1.0,28.97457522963488
-0.006356554838221325,-0.0008693557657788224,-0.205,302.05465081065114,0.0,0.0,0.6878366418172662,1737.735981577857,0.0,0.0,-1.0,34.15461507807095
-0.004029187795834069,-0.0026939182804555538,-0.205,302.2429785759428,0.0,0.0,0.8167767046037803,1738.9499336422093,0.0,0.0,-1.0,32.703982253030944
0.0022566625036720116,-0.00021259701795882976,-0.205,302.8291505301432,0.0,0.0,0.9567638749893645,1738.2289955108392,0.0,0.0,-1.0,27.534725083019243
0.0027872539748078173,-0.0008405849321823696,-0.205,302.658877315915,0.0,0.0,0.9304390948497482,1738.6212951590571,0.0,0.0,-1.0,31.206294243932568
0.0031288964978644336,-0.0029599888054700134,-0.205,302.5119100926204,0.0,0.0,0.853588469394869,1735.5022130384523,0.0,0.0,-1.0,30.578836213273195
-0.00019415687673631066,-0.003870451521831076,-0.205,302.67203501132894,0.0,0.0,0.8802160529161291,1738.8788447649024,0.0,0.0,-1.0,30.625245806991163
-0.0020809270621500757,0.0016491629369423787,-0.205,302.89641177187644,0.0,0.0,0.9416025319359981,1739.1953643330141,0.0,0.0,-1.0,29.92966283945747
0.003558064972352431,-0.0006884810398645041,-0.205,302.6489755383868,0.0,0.0,0.894540307664631,1736.4691016520069,0.0,0.0,-1.0,29.64072227458089
0.00033911037139530155,-0.0064492433299998125,-0.205,302.19139204777395,0.0,0.0,0.6839029959762554,1737.9679696874189,0.0,0.0,-1.0,34.59492899392624
0.0033860794482603695,0.0053964291919358625,-0.205,302.15773025696933,0.0,0.0,0.6919777973224733,1736.7483734182879,0.0,0.0,-1.0,33.734824601609155
0.0014724164459054988,-0.005106909409322953,-0.205,302.38645830429357,0.0,0.0,0.7816964903069235,1738.5920813541168,0.0,0.0,-1.0,34.23686110712701
0.005471987543995803,0.0026425780004090014,-0.205,302.2532271628582,0.0,0.0,0.7184349424767632,1734.3319053469145,0.0,0.0,-1.0,34.81020334043768
-0.00010639856451388784,-0.000840989787889366,-0.205,303.06418849153545,0.0,0.0,0.9933278079115619,1740.800659035241,0.0,0.0,-1.0,26.363514454172407
-0.0013144709721053306,0.0019477314018021858,-0.205,302.82088942554236,0.0,0.0,0.9537013644817408,1737.5539329793062,0.0,0.0,-1.0,30.74783321414651
0.003568380548930312,0.0009882812098115739,-0.205,302.6440404349498,0.0,0.0,0.8901496686681276,1738.364384850867,0.0,0.0,-1.0,30.96224734483432
0.0019963487759188984,-0.005695401437576501,-0.205,302.2175952087768,0.0,0.0,0.7220788510832215,1738.3825094000335,0.0,0.0,-1.0,33.93349452007859
0.0006146022246855687,0.005406803435441128,-0.205,302.20714221691213,0.0,0.0,0.7717038256238244,1735.253492839717,0.0,0.0,-1.0,36.17058606286926
0.003959575807848195,0.002003997855934183,-0.205,302.6363229409944,0.0,0.0,0.8450337824792329,1737.3391629947794,0.0,0.0,-1.0,32.42264000458062
0.0007147961778190698,0.004948904214829651,-0.205,302.3151727813419,0.0,0.0,0.8055981953134917,1736.6565741722259,0.0,0.0,-1.0,32.29347138238912
0.004469418364286015,-0.0030126345724035717,-0.205,302.2986435070439,0.0,0.0,0.7758043852488994,1737.4586672868081,0.0,0.0,-1.0,33.99023543777751
-0.0023171363670771894,-0.002334620808822135,-0.205,302.62122913863686,0.0,0.0,0.9122768329681199,1741.1314016299616,0.0,0.0,-1.0,30.549680901751245
5.427058060556284e-05,-0.001383654610325974,-0.205,303.0117065330139,0.0,0.0,0.9830487608322063,1735.703369083858,0.0,0.0,-1.0,27.10035437734575
0.004325121955088719,0.002313451061287544,-0.205,302.5165370932411,0.0,0.0,0.8125766213792648,1739.6100489644411,0.0,0.0,-1.0,33.30892992410478
0.0013474655940803957,0.0009304549821585183,-0.205,302.9957483962865,0.0,0.0,0.9766890665603024,1739.0118774503892,0.0,0.0,-1.0,28.507808767532328
-0.002345776888589976,0.005103229332588089,-0.205,302.3314925059564,0.0,0.0,0.7575586467177073,1738.6511700332371,0.0,0.0,-1.0,34.54894142167142
0.0012428169283337578,-0.001846935970965271,-0.205,302.79536321511074,0.0,0.0,0.9582198604677958,1739.3286909243147,0.0,0.0,-1.0,27.669785186214973
0.0011769272375904325,-0.0026357259214961825,-0.205,302.7934358050353,0.0,0.0,0.9315557859536476,1737.4744695100603,0.0,0.0,-1.0,30.063754479390184
-0.0005936967753064786,-0.004780334400084191,-0.205,302.5517977110009,0.0,0.0,0.818907439331634,1739.3535522690418,0.0,0.0,-1.0,29.729529810014498
0.0034355971900386405,-0.0032802341621953075,-0.205,302.39510927858316,0.0,0.0,0.8236617878894812,1737.7471934845632,0.0,0.0,-1.0,32.432794085885185
0.0012990333927171995,0.0037801427388418907,-0.205,302.5114231704265,0.0,0.0,0.8729618329737393,1739.3880183503836,0.0,0.0,-1.0,30.73538908496059
0.00463916339111853,-0.003282717858782208,-0.205,302.198570701572,0.0,0.0,0.7520681115161203,1734.843230404425,0.0,0.0,-1.0,33.549634675697
0.005246022779440633,-0.0009446045225980485,-0.205,302.2766440867383,0.0,0.0,0.7804889877847718,1741.4056217321938,0.0,0.0,-1.0,31.739028650855676
-0.006283290095119061,-0.0012372753589306323,-0.205,302.11042983579347,0.0,0.0,0.6889245312875507,1738.0468224327526,0.0,0.0,-1.0,35.050275834520946
-0.0032497849512591274,-0.001003667321903061,-0.205,302.6125936523595,0.0,0.0,0.9065184236041487,1743.0930581319917,0.0,0.0,-1.0,30.139463472789654
0.00402044319098007,-0.0027200924103093845,-0.205,302.41310331301736,0.0,0.0,0.8162483229290064,1737.3759583453925,0.0,0.0,-1.0,31.870038875932142
0.0009661085180965669,0.004673373848395885,-0.205,302.419183873177,0.0,0.0,0.8220991082904887,1741.5908653938693,0.0,0.0,-1.0,31.736612535418196
0.0033545648046628684,-0.0006479245401772689,-0.205,302.6663916178318,0.0,0.0,0.9057166891754669,1736.3329886778095,0.0,0.0,-1.0,27.9793416365456
-0.0009956595689130856,0.003193432894752996,-0.205,302.572031696586,0.0,0.0,0.909431061734211,1738.8688656823074,0.0,0.0,-1.0,26.974676990884323
0.000983410213586228,0.0027547188820727796,-0.205,302.7128900022343,0.0,0.0,0.9298138876196811,1735.7877586627435,0.0,0.0,-1.0,29.146160508807146
-0.002220493624166658,0.0035582570123823868,-0.205,302.59255674807974,0.0,0.0,0.860793661165247,1739.0059127280858,0.0,0.0,-1.0,31.676756824514452
-0.003965182334250606,0.00269869291467538,-0.205,302.5739557774602,0.0,0.0,0.8203791509245782,1737.8616043327443,0.0,0.0,-1.0,29.740558609985296
0.0030129107197962714,-0.004625421747890712,-0.205,302.35768114741785,0.0,0.0,0.7654028980483308,1741.3797094271595,0.0,0.0,-1.0,34.133471294126004
0.006212908781484266,-0.0005272073348178815,-0.205,302.1140593310973,0.0,0.0,0.7043109353747148,1736.822928644634,0.0,0.0,-1.0,33.81889844007556
0.0029658133160226628,0.004027845578356808,-0.205,302.42622432406,0.0,0.0,0.8054726111759007,1738.8678495151187,0.0,0.0,-1.0,34.085654797237616
0.0031742444586964273,0.004888336931787957,-0.205,302.25307808190655,0.0,0.0,0.7398788879067074,1735.2120657071107,0.0,0.0,-1.0,33.643569785968715
0.006135970891846264,0.0006615170162144063,-0.205,302.1468673927196,0.0,0.0,0.7100249828595988,1742.4553023553894,0.0,0.0,-1.0,33.601077279436694
0.0014527960937245974,0.005176319288885765,-0.205,302.32844143734246,0.0,0.0,0.7768805308590321,1736.8106795746662,0.0,0.0,-1.0,32.61271890918102
0.00028858865783797235,-0.005615433902167819,-0.205,302.3748486919113,0.0,0.0,0.7570420281279214,1735.882910361664,0.0,0.0,-1.0,35.02786590509725
0.0023307120334654465,0.0059366732675852855,-0.205,302.1703649879958,0.0,0.0,0.6913338164733115,1740.8204973296076,0.0,0.0,-1.0,36.80353804386802
-0.0029497522490664644,0.004249737437299887,-0.205,302.52052150443586,0.0,0.0,0.7926297033340425,1739.1878256339578,0.0,0.0,-1.0,32.94959816088101
-0.002619904847781628,-0.0022291952857505628,-0.205,302.53871820346853,0.0,0.0,0.9044870739940079,1739.8157498585517,0.0,0.0,-1.0,32.17674603862415
-0.0016328992336962838,0.0001537790752279737,-0.205,303.0014553242114,0.0,0.0,0.9766180633181779,1736.2180882186776,0.0,0.0,-1.0,27.164586364774998
-0.0007783992417798257,-0.0036322489559382533,-0.205,302.69704680534625,0.0,0.0,0.8894715813778038,1737.2334381164087,0.0,0.0,-1.0,32.928387823218415
0.0037406306353850744,3.5379616007711056e-05,-0.205,302.66167967168116,0.0,0.0,0.8879926099802934,1739.9296561103113,0.0,0.0,-1.0,31.412555717901867
0.00020685568276029045,-0.004627045291162021,-0.205,302.5537427407082,0.0,0.0,0.8319202131556395,1737.2347043434604,0.0,0.0,-1.0,32.167919168403856
0.002205122526218351,-0.0020684600318969094,-0.205,302.66057495702853,0.0,0.0,0.925258331555331,1740.3547344861859,0.0,0.0,-1.0,30.950735345388242
0.00499868377839564,0.0038168858451678002,-0.205,302.34786677204625,0.0,0.0,0.6994195795684776,1734.6667942239583,0.0,0.0,-1.0,33.24052966006568
-0.0012421058373613572,-0.0048059300125945495,-0.205,302.5048584098474,0.0,0.0,0.8082789689083308,1739.4879144359186,0.0,0.0,-1.0,34.763913251016525
-0.0036553519227489786,-0.00011386958894793941,-0.205,302.63021145861006,0.0,0.0,0.8927048104956489,1739.0854755899682,0.0,0.0,-1.0,29.21406083567989
0.0015423494891704682,0.004028988102149874,-0.205,302.51544804140644,0.0,0.0,0.8531382027165169,1739.5261322325955,0.0,0.0,-1.0,31.975748814303657
-0.0041665233009146865,-0.002565549787471276,-0.205,302.38617916383674,0.0,0.0,0.8134409363953538,1737.9438642670023,0.0,0.0,-1.0,31.91109143804279
-0.002411766162541851,0.00144817641996408,-0.205,302.80034918046897,0.0,0.0,0.9348248511036746,1734.988993518395,0.0,0.0,-1.0,29.489623108164015
-0.0010099500643057735,0.004574200959511012,-0.205,302.39849395787377,0.0,0.0,0.8282678136251906,1738.0108004008825,0.0,0.0,-1.0,31.442423566696664
-0.005183008217247583,-0.0017581536988603749,-0.205,302.22711146919727,0.0,0.0,0.7691892502220103,1737.66661921554,0.0,0.0,-1.0,31.57693122145952
-0.0023808387030231607,0.0056057119025589444,-0.205,302.2063977032933,0.0,0.0,0.7172287342429657,1741.0520782902142,0.0,0.0,-1.0,35.65483595553896
-0.002267662812712087,-0.0017031794512056123,-0.205,302.69635738459976,0.0,0.0,0.93381376779331,1736.098585043109,0.0,0.0,-1.0,29.97909607291867
0.004002707912784669,0.004052360931387227,-0.205,302.4197599039838,0.0,0.0,0.751009160837109,1739.0301439128307,0.0,0.0,-1.0,34.72383662750848
-0.001162837118138188,0.0050569116676216115,-0.205,302.336098208742,0.0,0.0,0.7914282107318471,1735.2712616356412,0.0,0.0,-1.0,33.28071088072827
-0.00042064261035844693,1.738032811235998e-05,-0.205,303.0024881456511,0.0,0.0,0.9982349640082614,1741.2289985261139,0.0,0.0,-1.0,26.146294664895585
0.003716867442983445,0.0010477684994796167,-0.205,302.65688032272834,0.0,0.0,0.8810130804385864,1738.6243804205228,0.0,0.0,-1.0,31.44415802789502
-0.0016774681315744715,0.005776005753961488,-0.205,302.22158423060444,0.0,0.0,0.7238686375951554,1737.453707297625,0.0,0.0,-1.0,31.669373800614935
0.00024061865585432723,0.0030022354424513492,-0.205,302.6438254318396,0.0,0.0,0.9258004389934199,1742.286666812435,0.0,0.0,-1.0,29.666774181338127
0.0005623674660779318,0.0017195703998558348,-0.205,302.7748154299607,0.0,0.0,0.9718268157522092,1737.7568475021717,0.0,0.0,-1.0,26.605023603526057
0.003346865725617409,0.0027055541943822436,-0.205,302.6525766678385,0.0,0.0,0.85381335497008,1737.7592742754864,0.0,0.0,-1.0,30.720716805580167
-0.000521145809351107,-0.005352632219242774,-0.205,302.4805623951746,0.0,0.0,0.7767531799994241,1736.990009026377,0.0,0.0,-1.0,33.25385482330404
0.0004725702241006263,0.0036794904323888657,-0.205,302.5888221055095,0.0,0.0,0.8897544036937042,1738.5246402875532,0.0,0.0,-1.0,31.429350860708233
0.00405406612864341,-0.00030172820022448176,-0.205,302.5759864973901,0.0,0.0,0.8688143756429518,1737.9471324660026,0.0,0.0,-1.0,32.29762637671502
0.0007004995984081162,-0.004535311581396124,-0.205,302.5475413713042,0.0,0.0,0.8348436912844914,1736.9372042990958,0.0,0.0,-1.0,30.493276064957772
0.0011370576999535096,0.0031083436643358684,-0.205,302.589161055361,0.0,0.0,0.9112363636310692,1739.4448848516133,0.0,0.0,-1.0,31.007794407814
-0.0014716632290820916,-0.0031579001231963337,-0.205,302.7077785534681,0.0,0.0,0.9021504900786229,1740.0781924596415,0.0,0.0,-1.0,27.105509690190086
0.0027728769504428786,0.003804769572513482,-0.205,302.45879889708687,0.0,0.0,0.8266191421030409,1739.8233654790854,0.0,0.0,-1.0,32.29083575559611
0.0017585014048456988,-0.003323333328613561,-0.205,302.6401747516238,0.0,0.0,0.8869032178130429,1736.6915559747213,0.0,0.0,-1.0,30.60271557093241
-0.0007363955732596874,0.0020556083460020733,-0.205,302.8051393210283,0.0,0.0,0.9597267123161813,1740.1025119114613,0.0,0.0,-1.0,28.090664835477245
0.003114861163223379,0.0017278837481428883,-0.205,302.6620032499908,0.0,0.0,0.8979445419310943,1740.8242321074758,0.0,0.0,-1.0,30.704832854097432
0.0033461725784949925,0.00372968724466793,-0.205,302.492005948892,0.0,0.0,0.8048237913282953,1738.6626817272522,0.0,0.0,-1.0,32.765650722235584
0.0021699787567595976,-0.00391139678424797,-0.205,302.488814583922,0.0,0.0,0.8426906111799495,1737.0621450001827,0.0,0.0,-1.0,31.923502810897713
0.0017020235945231824,-0.005720494348304573,-0.205,302.2890390622238,0.0,0.0,0.7278961374617086,1740.1171265614937,0.0,0.0,-1.0,35.21678908442504
-0.002846969888761547,0.005421477923345601,-0.205,302.20274858546315,0.0,0.0,0.7142945243402176,1734.81727149335,0.0,0.0,-1.0,35.23848975993653
-0.0013626225058277516,0.001617261050758823,-0.205,302.8540694456958,0.0,0.0,0.9621019793148293,1739.0330791265792,0.0,0.0,-1.0,28.005099928229104
-0.0007103967488026403,-0.0012747552230271196,-0.205,302.9021332275402,0.0,0.0,0.9812711885672446,1740.0834033909487,0.0,0.0,-1.0,26.689378079982152
-0.00015903052037882345,0.0051900821086494735,-0.205,302.240716933474,0.0,0.0,0.7911507989149547,1739.5933649119568,0.0,0.0,-1.0,33.64760179624474
-0.0048450140762976044,0.003947478033925538,-0.205,302.2967624524074,0.0,0.0,0.7030209344039469,1737.847897087691,0.0,0.0,-1.0,34.45756624931026
0.0010607031553148585,-0.00026665677562685136,-0.205,302.84197143744075,0.0,0.0,0.9891725252171651,1738.994562414851,0.0,0.0,-1.0,26.247749486550887
0.0023414962742632273,0.0016684263017064725,-0.205,302.8202850895458,0.0,0.0,0.9320706019956917,1738.7822272955589,0.0,0.0,-1.0,27.770630799759555
0.004503341275523136,-0.004414738526594563,-0.205,302.1930241902012,0.0,0.0,0.6978710086944961,1738.7268926427068,0.0,0.0,-1.0,34.73447416347468
0.0016920689584702735,-0.0012804564335260511,-0.205,302.7384526342462,0.0,0.0,0.9618573510808017,1740.397218808987,0.0,0.0,-1.0,28.738499212491085
-0.0028488019780355976,0.0042762957336935125,-0.205,302.43983744600973,0.0,0.0,0.795272825988899,1740.2146455393852,0.0,0.0,-1.0,32.61290207801767
-0.004367696497840488,-0.004752375288224474,-0.205,302.06979632914033,0.0,0.0,0.6842334221051296,1739.7848148615942,0.0,0.0,-1.0,35.84041166239461
-0.0007552877145550721,0.004400875674458273,-0.205,302.36272730027196,0.0,0.0,0.8432110135491802,1737.484937839461,0.0,0.0,-1.0,32.258074414900804
0.003960004069847724,0.002139015559392891,-0.205,302.60748196245027,0.0,0.0,0.8408299416110151,1738.197966383613,0.0,0.0,-1.0,32.62427983627915
0.0006631961199788651,-0.006354384575272844,-0.205,302.2752552277179,0.0,0.0,0.6903122236484684,1738.4976292070187,0.0,0.0,-1.0,34.793896205429654
0.000942192736225173,0.0043712843933091895,-0.205,302.4597658572335,0.0,0.0,0.8427800810074322,1742.131745375971,0.0,0.0,-1.0,31.409935921148946
-0.005704828283360278,-0.0010101283586770734,-0.205,302.20266638574265,0.0,0.0,0.7428348323213949,1735.2951561025882,0.0,0.0,-1.0,35.41011489190067
-0.00383071201889629,-0.004668484131965864,-0.205,302.29803830633494,0.0,0.0,0.7217447424059567,1736.3359227839865,0.0,0.0,-1.0,35.620672445769564
-0.003684492720431071,0.0052777148488187525,-0.205,302.156214066498,0.0,0.0,0.6859047247676663,1736.9254852252207,0.0,0.0,-1.0,34.54469267441105
-0.005640003983240148,0.0013370056350015546,-0.205,302.3428329943075,0.0,0.0,0.7426033518013686,1737.6498708322981,0.0,0.0,-1.0,32.36099239272163
-0.0023287366460865403,-0.003578752758414561,-0.205,302.50354511998677,0.0,0.0,0.8559965398757713,1739.955681570333,0.0,0.0,-1.0,31.610556290622693
-0.0037704971487496717,0.004725965736505768,-0.205,302.2334977831021,0.0,0.0,0.7211482168293493,1742.023924645649,0.0,0.0,-1.0,34.736088417522026
-0.0059574862016700016,0.0024799667454775726,-0.205,302.1980327033105,0.0,0.0,0.6843771901108017,1742.0425738220952,0.0,0.0,-1.0,34.17160587670754
0.0034653101860887842,0.004475816126940507,-0.205,302.37287903455945,0.0,0.0,0.753940984011583,1740.9972527929363,0.0,0.0,-1.0,34.75766444488827
0.0057732570304622555,0.001803074813265147,-0.205,302.35902709756624,0.0,0.0,0.7209295282985362,1739.3280859697882,0.0,0.0,-1.0,33.049392081989396
-0.001454134685322853,0.0026796502583607586,-0.205,302.73031811364194,0.0,0.0,0.9240630764792963,1739.4737705893149,0.0,0.0,-1.0,30.888256817308367
-0.004822471934900296,-0.0024615660633321747,-0.205,302.27965874239374,0.0,0.0,0.7738702789093868,1738.2008300453851,0.0,0.0,-1.0,33.77064025939714
-0.0020445320652439096,-0.0023010316912245267,-0.205,302.6886738871954,0.0,0.0,0.9226680993641676,1737.2261938948318,0.0,0.0,-1.0,27.89797558002808
-0.0047529582692152055,0.001976448963938943,-0.205,302.4404941699733,0.0,0.0,0.794576136863283,1744.4416955553647,0.0,0.0,-1.0,32.193336292278694
-0.0002625098363740771,-0.005829811426408158,-0.205,302.37452130829564,0.0,0.0,0.7392682835391404,1736.9293496943212,0.0,0.0,-1.0,35.30666235505784
0.005686103401185155,0.002064146526630857,-0.205,302.31511250819364,0.0,0.0,0.7208505534538616,1738.2698253611804,0.0,0.0,-1.0,34.298003267964205
-0.003774854460605328,0.004822340484249943,-0.205,302.2434786050336,0.0,0.0,0.7142450613076081,1738.3203606551676,0.0,0.0,-1.0,33.61644784332704
-0.0026476026542622787,0.005636768457593632,-0.205,302.1672864342414,0.0,0.0,0.7049989994280779,1736.7846740736613,0.0,0.0,-1.0,35.12333978623489
0.003965924946899754,-0.0024452349136298546,-0.205,302.37556282726393,0.0,0.0,0.8300197842085828,1737.6152211518,0.0,0.0,-1.0,30.986321635328526
-0.005303181555564313,-0.0006233751746389499,-0.205,302.3098175797703,0.0,0.0,0.7797602569067291,1741.296342847565,0.0,0.0,-1.0,33.30625415700988
-0.0007465268409524127,-0.003393690888314598,-0.205,302.7288878155034,0.0,0.0,0.9026382762335713,1738.715155689843,0.0,0.0,-1.0,30.402159293565152
-0.0004736302315330191,-0.0036810221225821644,-0.205,302.71686628457223,0.0,0.0,0.8896609735749529,1737.464175765823,0.0,0.0,-1.0,31.89318232264845
0.0011585243247409875,-0.0049212831032070655,-0.205,302.51190174345396,0.0,0.0,0.8014742369564335,1740.0450637256206,0.0,0.0,-1.0,32.18501554243899
0.004009233896902978,-0.000861748677279523,-0.205,302.51956123123176,0.0,0.0,0.8666278718622257,1740.4862687409188,0.0,0.0,-1.0,31.17918215621643
-0.0005197668573438026,-0.0030861976123098714,-0.205,302.7469088766152,0.0,0.0,0.9201896400573534,1740.114691492936,0.0,0.0,-1.0,31.691517650019353
-0.0022709862779144723,0.003008807959894727,-0.205,302.70267742623423,0.0,0.0,0.8863451949105186,1738.912996802733,0.0,0.0,-1.0,30.99849761552125
-0.0061720864812882725,-0.0007294669132704531,-0.205,302.1351291269775,0.0,0.0,0.7061277269744838,1738.1839533585332,0.0,0.0,-1.0,34.05965989518172
0.003197927894814423,0.0035565033872287477,-0.205,302.53117230305554,0.0,0.0,0.8213446895996274,1736.3875619796179,0.0,0.0,-1.0,32.9471234316707
0.0018364515159554047,-0.0024601937670906283,-0.205,302.7015497188316,0.0,0.0,0.9230539023597144,1740.1337115340757,0.0,0.0,-1.0,30.345153034255475
-0.0016992585760301597,-0.0015121356884850938,-0.205,302.80759090447543,0.0,0.0,0.9564736330646949,1740.0210379511427,0.0,0.0,-1.0,28.976605592472765
-0.004624234265935843,0.004464544371988144,-0.205,302.2442725427961,0.0,0.0,0.6867262900966592,1738.6186709164479,0.0,0.0,-1.0,35.184068636639886
0.0018432207623778575,-0.0024539962511253744,-0.205,302.7182642460053,0.0,0.0,0.9230969254086795,1734.814898421778,0.0,0.0,-1.0,30.21999321336387
-0.0023404356364505915,-0.0023699169665010443,-0.205,302.5950008930246,0.0,0.0,0.9101633060248404,1738.54111328775,0.0,0.0,-1.0,28.84982998777328
0.005031131194777212,-0.003148908179377154,-0.205,302.24213935279033,0.0,0.0,0.7307491626674159,1740.1064824945609,0.0,0.0,-1.0,33.81273374689927
-0.0021410211534673824,0.00016648828129286965,-0.205,302.8625880781338,0.0,0.0,0.9609805004473817,1735.158877769349,0.0,0.0,-1.0,28.31188752490698
0.004483156760524984,-0.00015919935944081194,-0.205,302.53143102387503,0.0,0.0,0.8418227601357083,1737.6532289581676,0.0,0.0,-1.0,31.855909967696526
-0.0053674793927128185,-0.0024191067528298166,-0.205,302.20079438702663,0.0,0.0,0.7348604612838493,1740.555483807722,0.0,0.0,-1.0,35.34392910883758
0.0003969585276867339,0.005113859557905464,-0.205,302.37559416504206,0.0,0.0,0.7959597476969423,1737.183665692091,0.0,0.0,-1.0,32.5200663537618
-0.004577900781621845,0.0017513743451790119,-0.205,302.54843675748884,0.0,0.0,0.8128300911710282,1740.5936609950777,0.0,0.0,-1.0,33.292834662264546
-0.001164872881155855,0.0061272445725264165,-0.205,302.1132258772914,0.0,0.0,0.7041529085086347,1738.122408837969,0.0,0.0,-1.0,35.22814724889348
-0.0015491971861196245,0.004641944194008239,-0.205,302.420947967239,0.0,0.0,0.8133987741057778,1737.8079378886916,0.0,0.0,-1.0,32.06908464657871
-0.004363032716546542,-0.0024971677831202416,-0.205,302.3864792265019,0.0,0.0,0.8036094331682937,1736.218628146075,0.0,0.0,-1.0,34.341113346353964
-0.00022876713600361457,-0.0063924533468114,-0.205,302.26077456898844,0.0,0.0,0.6896076300809474,1737.0790199385629,0.0,0.0,-1.0,35.26399625137052
0.00047811980928947354,-0.004291455472709373,-0.205,302.57454197767174,0.0,0.0,0.8528863255574568,1735.0196678740592,0.0,0.0,-1.0,31.761088108660118
-0.001301199289398523,0.005805382422959658,-0.205,302.24653266773083,0.0,0.0,0.7295317838905995,1739.0267097097765,0.0,0.0,-1.0,32.62053749786109
4.3408886545688114e-05,-0.0025991507177167473,-0.205,302.8845373824096,0.0,0.0,0.9439068994278559,1735.4465754728087,0.0,0.0,-1.0,30.736206380725736
-0.001845301633271337,0.003832907234640391,-0.205,302.52548768571427,0.0,0.0,0.8570035475992326,1740.8800386003554,0.0,0.0,-1.0,30.972296675239473
-0.0053367619037639775,-0.003628976427039444,-0.205,302.0909171792574,0.0,0.0,0.6843151177687147,1740.7555778381702,0.0,0.0,-1.0,35.97881973473818
-0.0037200703731630398,-0.0016913287132259384,-0.205,302.5292085140079,0.0,0.0,0.8675099388518397,1739.7632410075685,0.0,0.0,-1.0,30.174016247174976
0.003890831834179482,-0.004188940135246192,-0.205,302.26921859564186,0.0,0.0,0.749241501629805,1739.0536155615168,0.0,0.0,-1.0,34.4407384575796
0.0004889837810042619,-0.0062393266369550875,-0.205,302.2384317326161,0.0,0.0,0.7022151435468913,1738.6312806646313,0.0,0.0,-1.0,35.68617793714281
-0.002209071176425136,0.00600897277416135,-0.205,302.1841892916844,0.0,0.0,0.6890890856542636,1739.5151369878863,0.0,0.0,-1.0,35.77968563413371
-0.004872397808193788,-0.001629689955575301,-0.205,302.345954769277,0.0,0.0,0.795318705453296,1737.6019598739915,0.0,0.0,-1.0,32.581124063589634
-0.002429335836578937,0.0033717268357047595,-0.205,302.6455054325815,0.0,0.0,0.8632121747656205,1741.448531753959,0.0,0.0,-1.0,31.62913813236683
-0.003478804090697157,-0.004743193014020939,-0.205,302.224118665061,0.0,0.0,0.7353106958738989,1734.9867661465184,0.0,0.0,-1.0,33.34673842752356
-0.0017027447248995132,0.004396491504516297,-0.205,302.4588151882643,0.0,0.0,0.826148346434121,1736.268790896346,0.0,0.0,-1.0,34.16979089340803
-0.0016469197717262317,0.0009269272048127532,-0.205,302.9871471464552,0.0,0.0,0.9693925462446422,1738.5208769131073,0.0,0.0,-1.0,29.170491120750466
-0.0009596286725868686,-0.002629087787082754,-0.205,302.8077757370771,0.0,0.0,0.935457500111059,1741.9100823262054,0.0,0.0,-1.0,28.922800265100996
0.00010804258729602719,0.001375956544101551,-0.205,302.8701359008288,0.0,0.0,0.9831538917535844,1738.2150236618027,0.0,0.0,-1.0,27.14613070021839
-0.005650389126091638,3.0908933631898696e-05,-0.205,302.30807189291073,0.0,0.0,0.7547687422888767,1737.8108767617982,0.0,0.0,-1.0,33.754957408504524
-0.00504054983252965,0.0010485573281953813,-0.205,302.52254437104034,0.0,0.0,0.7945050476262745,1739.0699576227294,0.0,0.0,-1.0,33.756981893798795
-0.0016005939329880481,-0.0038850637491738794,-0.205,302.60808532427455,0.0,0.0,0.8603138155184568,1738.5120642351496,0.0,0.0,-1.0,32.131137831236074
-0.0012423072314151169,-7.602558869382568e-05,-0.205,302.8768338641087,0.0,0.0,0.9861582186228182,1741.5962885031101,0.0,0.0,-1.0,26.349774351708692
-0.002365506015859421,-0.0013696349446263051,-0.205,302.67719947840567,0.0,0.0,0.938290356406229,1737.236566444787,0.0,0.0,-1.0,29.198971647692495
0.006157721465484035,0.0020521399905699764,-0.205,302.21365679877806,0.0,0.0,0.6808720411721227,1735.7305845524177,0.0,0.0,-1.0,35.75485720815325
0.0004295427054887826,-0.0001711367367429133,-0.205,302.9542786895818,0.0,0.0,0.9978908293250404,1739.3429900945105,0.0,0.0,-1.0,27.450018045313385
-0.004249519825884946,0.001887179174407014,-0.205,302.61269614962566,0.0,0.0,0.8306735083014954,1735.736680622002,0.0,0.0,-1.0,32.289020989467126
-0.005597288324307149,0.0029045773649426124,-0.205,302.2572590903275,0.0,0.0,0.6978983805325302,1738.6790606512782,0.0,0.0,-1.0,32.636880292858095
0.00393924511405567,-0.003713287024516714,-0.205,302.2415341033737,0.0,0.0,0.7739390923517637,1739.3186204366964,0.0,0.0,-1.0,32.40535017419687
0.0003631106872081002,-0.0029931199724179706,-0.205,302.8045041423141,0.0,0.0,0.9256504622852904,1741.674295343888,0.0,0.0,-1.0,29.819871254153984
0.004357095376654814,0.0011885323346528718,-0.205,302.6019156170486,0.0,0.0,0.8397860450748351,1739.4514218562979,0.0,0.0,-1.0,30.446206460322284
0.006029120264844471,0.0016526554228609653,-0.205,302.21287023595056,0.0,0.0,0.7028416701050741,1737.3412153711026,0.0,0.0,-1.0,35.538865858914626
0.0007844314931520583,0.0003389367715879019,-0.205,303.0660208038904,0.0,0.0,0.9932252932973336,1739.5795425058627,0.0,0.0,-1.0,26.124863930746635
-0.006421161060627682,0.00042312118337555665,-0.205,302.2303002005996,0.0,0.0,0.6860445935720552,1736.6379782538331,0.0,0.0,-1.0,34.15059288605034
0.0030339857279727774,0.0008776009458488867,-0.205,302.78418276108283,0.0,0.0,0.9187932150731972,1736.2333442828524,0.0,0.0,-1.0,30.63723626048851
-0.0016347412060924284,0.00510454220622283,-0.205,302.3490032113908,0.0,0.0,0.7781725911545461,1735.6187011995814,0.0,0.0,-1.0,33.489033447635755
-0.0032886514483335583,0.0029225331435540195,-0.205,302.61311691706277,0.0,0.0,0.8475601322834976,1738.046281158296,0.0,0.0,-1.0,31.760760588931443
0.0007733804799575357,0.0035546968313198723,-0.205,302.60766412108904,0.0,0.0,0.893776460879263,1740.2066350362097,0.0,0.0,-1.0,32.87990378917791
-0.004313574557672575,-0.0033789784936340823,-0.205,302.2164354287521,0.0,0.0,0.7686787601203862,1738.638645919706,0.0,0.0,-1.0,32.74661850969387
0.004520662915620867,-9.984204091640306e-05,-0.205,302.5397412580207,0.0,0.0,0.8394169003571561,1737.296902195042,0.0,0.0,-1.0,33.50501300240829
-0.00223348290635947,0.005751748187059034,-0.205,302.2494986353921,0.0,0.0,0.7101457007663147,1741.5694361654052,0.0,0.0,-1.0,36.16770990149596
0.0030701679697680223,-0.004013491071266823,-0.205,302.4860264013658,0.0,0.0,0.8016746681079892,1742.1147567035873,0.0,0.0,-1.0,31.606586641081197
0.00019729323165862292,-0.0012313981845344618,-0.205,302.99125876152436,0.0,0.0,0.986105943090738,1737.6967731232178,0.0,0.0,-1.0,26.820093549731943
-0.0027783533930733433,0.0016653087598759984,-0.205,302.76616948774625,0.0,0.0,0.9147980248244876,1735.6884128078136,0.0,0.0,-1.0,30.717227290467523
0.000477734352443368,0.0034134230114862434,-0.205,302.6281916512169,0.0,0.0,0.9041307475535888,1736.9967545436866,0.0,0.0,-1.0,28.996793798701617
0.0005312989718992011,-0.00019060889387660017,-0.205,302.89110469209083,0.0,0.0,0.9969188596336792,1735.28242265363,0.0,0.0,-1.0,25.92949475321063
-0.00021974434244092971,-2.3123351238131264e-05,-0.205,303.0051350436324,0.0,0.0,0.9994814368740954,1735.8915064667397,0.0,0.0,-1.0,24.466265443140813
-0.0011108913475572934,0.0006972855159847363,-0.205,303.00683057332935,0.0,0.0,0.9847090177112616,1737.4813670320366,0.0,0.0,-1.0,28.30198366792732
0.006039615593832883,-0.0002581627188941077,-0.205,302.21557030542147,0.0,0.0,0.7212047220215059,1740.6931560211378,0.0,0.0,-1.0,35.00401747797459
0.0008625315986948199,-0.002565880251334187,-0.205,302.7804068134569,0.0,0.0,0.9394193369143649,1735.5929578802738,0.0,0.0,-1.0,28.61764988159235
-0.0012454427526580607,-0.0014505197797188443,-0.205,302.8027554954439,0.0,0.0,0.9687123544220198,1739.4365878334636,0.0,0.0,-1.0,27.970314781680234
0.004968374783678959,-0.0009139231377830921,-0.205,302.3530189426159,0.0,0.0,0.8017782556009082,1735.2099155512649,0.0,0.0,-1.0,32.1979274277229
0.003313620010283138,-0.0013416268348696336,-0.205,302.57375875328387,0.0,0.0,0.8972409199562495,1737.4913238695417,0.0,0.0,-1.0,32.11716724233755
-0.005418587736076882,-3.76840543725773e-06,-0.205,302.3487603771311,0.0,0.0,0.7735363990189175,1738.7125518624266,0.0,0.0,-1.0,33.85747146337188
0.002983826095911237,-0.005673889729764367,-0.205,302.2104926881228,0.0,0.0,0.6883073124132638,1739.2687260553719,0.0,0.0,-1.0,34.732341336494606
0.0038533979836587063,-0.0002744316026228563,-0.205,302.56927114605725,0.0,0.0,0.8809292011462709,1740.0251005379102,0.0,0.0,-1.0,32.26713309253961
-0.002378611325202088,0.002617235807840474,-0.205,302.741630247266,0.0,0.0,0.8993222079880552,1740.8184608931247,0.0,0.0,-1.0,31.712188618571144
0.003439600867760734,0.0010517488294615512,-0.205,302.6873620027383,0.0,0.0,0.8960421119431865,1737.2256002926028,0.0,0.0,-1.0,32.267145726508204
0.0012593192244538594,-0.005815685536446758,-0.205,302.291737255096,0.0,0.0,0.729441055161875,1742.2475798085175,0.0,0.0,-1.0,34.63271179688541
-0.004619075633685895,-0.0017179847775816276,-0.205,302.34578641120294,0.0,0.0,0.8108852470840044,1738.3459171398445,0.0,0.0,-1.0,31.3581390003648
9.3853640298763e-05,0.0024561122464589868,-0.205,302.6954964036314,0.0,0.0,0.9495700890509904,1737.8437120699148,0.0,0.0,-1.0,27.827167623846197
0.0007054880084666279,-0.001754485994019122,-0.205,302.8854186508757,0.0,0.0,0.969356760854553,1739.7186913237488,0.0,0.0,-1.0,28.368524663030943
0.0022949861032077203,0.003959830088366634,-0.205,302.47884493552544,0.0,0.0,0.8356822092703633,1740.7495734059912,0.0,0.0,-1.0,33.41454289986758
0.0005225859632036726,0.0042530629575704875,-0.205,302.45499437313856,0.0,0.0,0.8550125174037657,1738.4907814100823,0.0,0.0,-1.0,31.742871877921917
0.0028230475342100963,0.00038169440875621434,-0.205,302.76418971080795,0.0,0.0,0.9332496817147861,1736.0933127198653,0.0,0.0,-1.0,29.37508188314862
0.004519394367303732,0.0031146817420811585,-0.205,302.4452990595362,0.0,0.0,0.7679341173881189,1738.5139246552792,0.0,0.0,-1.0,33.92951892907682
-0.002989854242240476,-0.004609203034682711,-0.205,302.33847370895995,0.0,0.0,0.7675110620093422,1738.4364603356576,0.0,0.0,-1.0,33.94849827523643
-0.0022800757008497085,-5.143295589107997e-05,-0.205,302.783213279557,0.0,0.0,0.9562550331429691,1737.5520421010324,0.0,0.0,-1.0,29.39418131834099
0.004289242671297375,-0.0010209523648089,-0.205,302.54547280247976,0.0,0.0,0.846935347022961,1734.5783183579667,0.0,0.0,-1.0,33.2859206272399
-0.0049340697842399795,-0.004011253606845439,-0.205,302.0271270384928,0.0,0.0,0.6930722060875043,1735.8803312743348,0.0,0.0,-1.0,34.59252798986673
0.005433989044350015,-0.0030031910958828087,-0.205,302.0873176105875,0.0,0.0,0.7067014816116521,1737.900831387523,0.0,0.0,-1.0,34.84243865296007
-0.005367054522462253,-0.0013524931707783311,-0.205,302.2562846003641,0.0,0.0,0.7642156264068827,1739.850345345323,0.0,0.0,-1.0,34.42056780746678
0.002076331865265343,-0.0016378317774882517,-0.205,302.70460167964916,0.0,0.0,0.9420460395717272,1740.5287337137179,0.0,0.0,-1.0,29.628512015905343
0.005529517201273547,0.0024263911314216205,-0.205,302.30934299339896,0.0,0.0,0.7217894235989327,1738.0450866519423,0.0,0.0,-1.0,34.46968774847639
0.002412404699777665,0.00017281867131920136,-0.205,302.81874869540025,0.0,0.0,0.9510917826987504,1736.4217510630292,0.0,0.0,-1.0,29.351478904029435
0.0007707365258911477,0.003282011698793863,-0.205,302.64273445902415,0.0,0.0,0.9080760576975941,1739.2866959176988,0.0,0.0,-1.0,30.73854875746003
0.0018307008111308125,0.004782552081513762,-0.205,302.33725510375444,0.0,0.0,0.796585065130819,1739.544742070112,0.0,0.0,-1.0,33.32760192990117
-0.004774242224213838,-0.004319169559331011,-0.205,302.0853135195363,0.0,0.0,0.6857689346870747,1742.1093772142299,0.0,0.0,-1.0,35.770679308577826
0.0008732800801950313,-0.004261120368469737,-0.205,302.5482064157043,0.0,0.0,0.8508289491188168,1737.1693926134596,0.0,0.0,-1.0,32.3287691377455
0.0006427299260658691,0.003741802449925696,-0.205,302.5661176509963,0.0,0.0,0.8847966111429678,1737.1387714759203,0.0,0.0,-1.0,31.308770706823722
-0.003065228905016733,-0.002939795147524738,-0.205,302.5490278071104,0.0,0.0,0.857441174928749,1741.0466384471317,0.0,0.0,-1.0,32.332959073793766
0.004581692360279852,-0.0005741740040565932,-0.205,302.46031919825094,0.0,0.0,0.8328936209885311,1739.600376497414,0.0,0.0,-1.0,32.83440114576273
-0.0009379414895774674,-0.004114787897452021,-0.205,302.58796443395903,0.0,0.0,0.8591446202419448,1739.0526876672584,0.0,0.0,-1.0,31.330541741407448
0.005405361540654546,-0.00316097548494533,-0.205,302.06283157758634,0.0,0.0,0.7019161561630892,1738.3298530483705,0.0,0.0,-1.0,33.98645756314986
-0.005612069457664534,-0.0014936875017188993,-0.205,302.25185402432453,0.0,0.0,0.7416631228893522,1739.5776479351618,0.0,0.0,-1.0,33.77808539414441
-0.00038746890066775335,-0.002075858237268585,-0.205,302.9426551898413,0.0,0.0,0.9622062690208142,1735.5573499098448,0.0,0.0,-1.0,28.530811299822663
0.0049974290792377885,-0.0029569445244422257,-0.205,302.199667362969,0.0,0.0,0.741725759167041,1744.2515668933956,0.0,0.0,-1.0,34.00111980743014
-0.005208494666879722,0.002906279390427208,-0.205,302.3839006406304,0.0,0.0,0.7282304265296866,1742.0136478145998,0.0,0.0,-1.0,33.525979670469724
0.00025114210732598706,-0.005563772156119378,-0.205,302.40591400636254,0.0,0.0,0.7614078658192112,1737.4091830644904,0.0,0.0,-1.0,34.224638586511354
-0.0018844424651147762,-0.0023150220828085724,-0.205,302.6839544889215,0.0,0.0,0.9270510094884117,1742.3204857055237,0.0,0.0,-1.0,30.21963005503076
-0.0040080417482427355,0.0029652602160397425,-0.205,302.4667231808342,0.0,0.0,0.806672495059116,1740.6657395492234,0.0,0.0,-1.0,32.43642361248692
0.004974213335250158,0.0038182193307943584,-0.205,302.2941709551557,0.0,0.0,0.7011080675783757,1737.8232325915064,0.0,0.0,-1.0,35.54956430978457
0.0046458424264067145,0.0012077109545767632,-0.205,302.57762152249944,0.0,0.0,0.820106180971421,1741.0287898738645,0.0,0.0,-1.0,31.822945243327627
-0.0001572609797269022,-0.0025091007252794014,-0.205,302.88157789158277,0.0,0.0,0.947359918961654,1740.0021775909042,0.0,0.0,-1.0,30.313119952875564
0.002744677864566806,0.003289343134121206,-0.205,302.5758052562006,0.0,0.0,0.8550770735723342,1738.230762778202,0.0,0.0,-1.0,31.870047862124135
-0.004942103383653869,0.0011174427119613425,-0.205,302.49001235921634,0.0,0.0,0.800648999289717,1737.877822775255,0.0,0.0,-1.0,32.30467404172102
-4.469784516912559e-05,-0.0026965692846112914,-0.205,302.8198106938083,0.0,0.0,0.9398452462894442,1738.906696894609,0.0,0.0,-1.0,26.30201723830673
0.003581519683956486,-0.0020267218658131278,-0.205,302.52963412913465,0.0,0.0,0.86573657109686,1735.9623275395795,0.0,0.0,-1.0,30.64800575286972
0.0009262749962059794,0.002560416511562164,-0.205,302.76122335708294,0.0,0.0,0.9387439674884169,1739.4641686684934,0.0,0.0,-1.0,28.940270690010536
-0.004123930773603065,0.002396948392529368,-0.205,302.5572653139649,0.0,0.0,0.8222595717329091,1742.1644510107835,0.0,0.0,-1.0,32.738888367191144
0.00047931919257162794,-0.0019365100574284216,-0.205,302.91811703164745,0.0,0.0,0.9660777491440555,1743.5747518809778,0.0,0.0,-1.0,28.84706047603227
0.0011666511056796526,0.00377756774330346,-0.205,302.62200195484075,0.0,0.0,0.8755759090066817,1740.1731462651978,0.0,0.0,-1.0,32.4597758619235
-0.0012555967505995865,-0.0019208547200960863,-0.205,302.74065819814683,0.0,0.0,0.9557373352307637,1738.9596999470714,0.0,0.0,-1.0,26.468129419172538
9.1775594047666e-06,0.00022998361822191342,-0.205,302.9416156154383,0.0,0.0,0.9994396037800679,1737.7915271018196,0.0,0.0,-1.0,26.54316008294675
0.006326489312615766,-0.0010468418964667873,-0.205,302.120279803357,0.0,0.0,0.6881336533769715,1735.8663968810451,0.0,0.0,-1.0,33.929890397284716
-0.0039346209521132405,0.003929076496543743,-0.205,302.3435952184393,0.0,0.0,0.7621368191969848,1742.211403765421,0.0,0.0,-1.0,34.47685098691843
0.0001831755509129134,0.0050867415415221644,-0.205,302.28618688211276,0.0,0.0,0.798912700308469,1738.5273169835637,0.0,0.0,-1.0,31.739472714477156
0.0019319376265801993,0.001457252595473074,-0.205,302.87958450527213,0.0,0.0,0.9510409063635832,1742.0772990923351,0.0,0.0,-1.0,27.554542393997483
0.003310841366592301,-0.0005817232624555551,-0.205,302.637372379695,0.0,0.0,0.9085798837078096,1741.1714805118706,0.0,0.0,-1.0,30.86695443411574
-0.0034432107745983606,0.0009525955512878441,-0.205,302.6932814458208,0.0,0.0,0.8973700267211149,1737.5633675074419,0.0,0.0,-1.0,30.217368856174925
-0.001712639102723999,-0.003309453161877097,-0.205,302.63115908741185,0.0,0.0,0.8888136681311055,1737.6089247147627,0.0,0.0,-1.0,32.3528350726194
0.00017312045559786949,-0.001731816471052861,-0.205,302.8890180360246,0.0,0.0,0.9738259718801976,1742.4598532062373,0.0,0.0,-1.0,27.193746906580426
-0.00420854603319774,-0.004876601575682479,-0.205,302.2021369416748,0.0,0.0,0.685448532596329,1736.2015722642961,0.0,0.0,-1.0,34.8152959653436
0.00194853854653601,0.002143590213977581,-0.205,302.7475214685598,0.0,0.0,0.9310909824027034,1739.5049753750297,0.0,0.0,-1.0,29.644531425082807
-0.0019339014967586065,-0.0034471426882461565,-0.205,302.68100766660996,0.0,0.0,0.8756388648935771,1737.3683965968323,0.0,0.0,-1.0,31.922688649539886
0.0012955965617968811,0.005258202082336791,-0.205,302.2799309113759,0.0,0.0,0.7737844213685212,1739.26327548005,0.0,0.0,-1.0,32.90757906083983
0.005655508859333945,0.00166280029821742,-0.205,302.31657549899853,0.0,0.0,0.7342226709269277,1738.3171217318811,0.0,0.0,-1.0,33.44214661418203
0.00522051952132116,-0.00046444590977168747,-0.205,302.3704339634713,0.0,0.0,0.7874195464829837,1737.4695957083215,0.0,0.0,-1.0,30.829247671167135
-0.0012942469140034766,-0.0011652764573747566,-0.205,302.78130987995667,0.0,0.0,0.9737949004987807,1740.9346977553296,0.0,0.0,-1.0,29.57276900135628
0.006276114534122512,-0.00024222859858368895,-0.205,302.2313669620631,0.0,0.0,0.7001932845999943,1742.9144901872344,0.0,0.0,-1.0,34.95819573400404
0.0049794964740450635,0.00291482751179096,-0.205,302.409656151812,0.0,0.0,0.7448282502097707,1738.119027200215,0.0,0.0,-1.0,35.2280208361951
0.004405531265832614,0.0010641423618980835,-0.205,302.5598573131184,0.0,0.0,0.8387100871931702,1738.9998328053603,0.0,0.0,-1.0,30.188160414629447
-0.0012774828890910494,-0.0014603943988229387,-0.205,302.894430484344,0.0,0.0,0.9678219274381434,1734.602356260161,0.0,0.0,-1.0,26.742588608294078
0.005090322916800063,0.0020490152759328278,-0.205,302.4075047534592,0.0,0.0,0.7680535249890617,1738.5265623469118,0.0,0.0,-1.0,35.879544576975704
0.004359738023283925,-0.0036409743685241903,-0.205,302.28607203918045,0.0,0.0,0.75231652801126,1738.2387946319366,0.0,0.0,-1.0,35.38113705334756
0.0017176173033866728,0.004943966770986455,-0.205,302.31451712446153,0.0,0.0,0.7879821291620945,1736.7812812805141,0.0,0.0,-1.0,31.322783595725312
-0.004262194420914312,-0.00021721390369850327,-0.205,302.5281934469774,0.0,0.0,0.8561241313011404,1739.5757195749143,0.0,0.0,-1.0,32.31906775431096
-0.005241851412542657,-0.0010101547283389621,-0.205,302.33908027666496,0.0,0.0,0.7798696878594127,1739.994024602394,0.0,0.0,-1.0,34.920381450782216
1.885206531163681e-05,0.00623188155043368,-0.205,302.1288011062257,0.0,0.0,0.7046106470648745,1739.816018441443,0.0,0.0,-1.0,33.4176949749502
-0.001959560270299081,0.003351933934078814,-0.205,302.6649406584651,0.0,0.0,0.8797823335427983,1738.2411898296402,0.0,0.0,-1.0,31.633463733927293
-0.004474810034815838,0.0019421160999630327,-0.205,302.45959515163054,0.0,0.0,0.8145235173505299,1741.1317457386338,0.0,0.0,-1.0,33.194482683340055
-0.0011713206855521734,-0.005550405822983382,-0.205,302.3929805200643,0.0,0.0,0.7529365633563095,1736.6244310694133,0.0,0.0,-1.0,34.24504400574001
0.00439097137572693,0.002313259060074525,-0.205,302.4832215587984,0.0,0.0,0.8083380535887204,1736.1165700508366,0.0,0.0,-1.0,33.2080535662856
-0.004073701606273598,0.004547735475556019,-0.205,302.2774649913632,0.0,0.0,0.7158923859842634,1735.4327491072352,0.0,0.0,-1.0,35.135985819559174
0.005966667818067222,-0.0003329986240181019,-0.205,302.23804953198044,0.0,0.0,0.7272352690634158,1736.5867057464052,0.0,0.0,-1.0,34.96326962443955
-0.000612190534974739,0.000813064584390156,-0.205,303.0821008821348,0.0,0.0,0.9905561923423988,1740.9322403703366,0.0,0.0,-1.0,26.230496644461432
-0.002793659387423645,-0.002220027193414491,-0.205,302.568632182747,0.0,0.0,0.8975998632187535,1741.8698774303389,0.0,0.0,-1.0,30.50404549957777
3.233553623195238e-06,-0.0047035863833721474,-0.205,302.5717098113772,0.0,0.0,0.8269266770291928,1739.1659499824443,0.0,0.0,-1.0,32.51808144224084
-0.0009072230309938894,0.005232104769025604,-0.205,302.2692967897369,0.0,0.0,0.782067695979159,1743.0901342140776,0.0,0.0,-1.0,33.18160638927582
0.0023256862739284264,-0.001189616846859106,-0.205,302.63027724469197,0.0,0.0,0.9433823338267222,1735.5408917154966,0.0,0.0,-1.0,27.83036230485483
-0.003874643535267602,-0.004136407149616325,-0.205,302.2614443724754,0.0,0.0,0.7533470111519364,1739.3370589970095,0.0,0.0,-1.0,34.18431176287767
-0.0039261333862483936,-0.004591879810564718,-0.205,302.14926487909753,0.0,0.0,0.7215216059519087,1737.062357938935,0.0,0.0,-1.0,33.64180843377521
0.004503353636590104,-0.0007729902411595926,-0.205,302.4314820781578,0.0,0.0,0.8362002341114948,1737.863987950024,0.0,0.0,-1.0,31.08031838444368
-0.004486590039429938,-0.001630356895860292,-0.205,302.38581359644866,0.0,0.0,0.8219969588687134,1745.0286886799906,0.0,0.0,-1.0,33.2264902346859
0.004269393311807011,-0.004731946200155041,-0.205,302.10453601265255,0.0,0.0,0.6917467154103147,1738.6779437949858,0.0,0.0,-1.0,33.831002660759786
-0.0005693329633240561,0.0007055199027461199,-0.205,302.9868933846132,0.0,0.0,0.9924196055143935,1741.5053626054232,0.0,0.0,-1.0,26.15623714899561
-0.005420107291366041,0.0022212918388644426,-0.205,302.36045720174604,0.0,0.0,0.7374060410751246,1736.2817191335832,0.0,0.0,-1.0,34.66968243719892
0.003498968372400643,0.002220713646703428,-0.205,302.64154557240255,0.0,0.0,0.8639336092582353,1739.7408057424645,0.0,0.0,-1.0,31.49547366222735
-0.0023380434555702137,0.0056213240448582825,-0.205,302.260311627061,0.0,0.0,0.7174218716797172,1739.0376989728381,0.0,0.0,-1.0,32.71000319156336
-0.0012241086808254416,-0.001826029926621104,-0.205,302.83388755010685,0.0,0.0,0.9592051051907065,1741.0559875905292,0.0,0.0,-1.0,28.377496023746183
0.0028733981324106086,0.0025182411002798093,-0.205,302.66224787791447,0.0,0.0,0.8834017527202691,1740.4823066512997,0.0,0.0,-1.0,31.438148134061922
-0.0027052795202470413,0.0004897945911315478,-0.205,302.73295605929303,0.0,0.0,0.937608569221546,1736.5863360154306,0.0,0.0,-1.0,30.440653569333353
-0.0005768842199315318,-0.0002021574256869187,-0.205,302.9883852318223,0.0,0.0,0.996415152189692,1739.5487712359693,0.0,0.0,-1.0,24.252807205306727
0.0007246405249443174,-0.00143044468793081,-0.205,302.842675239454,0.0,0.0,0.9775995962965038,1741.1822666943842,0.0,0.0,-1.0,27.395315228431596
0.003913740433025837,-0.0017081633874691698,-0.205,302.5117847381415,0.0,0.0,0.8559612658860203,1738.615339536077,0.0,0.0,-1.0,30.453100436050466
-0.0012457636482959735,-0.004613786431407943,-0.205,302.4947395491778,0.0,0.0,0.8216155600018393,1738.9311231942377,0.0,0.0,-1.0,31.59898388253194
0.0003773941804681021,-0.0020245977919258738,-0.205,302.96130004554647,0.0,0.0,0.9639628391493527,1742.8036361335442,0.0,0.0,-1.0,28.22675624440104
-0.0019809149080181154,-7.390131902814353e-05,-0.205,302.8310111119211,0.0,0.0,0.966485442986323,1734.6466096813756,0.0,0.0,-1.0,27.721433248822606
-0.003110110123937019,-0.004292846795917567,-0.205,302.34097261105495,0.0,0.0,0.7827774215437728,1742.601465669735,0.0,0.0,-1.0,32.16119522508823
-0.005654502764335332,0.00047463042400955986,-0.205,302.3272453197873,0.0,0.0,0.752793031861385,1738.2227518510185,0.0,0.0,-1.0,31.57134960769472
0.0018263687437556249,0.00447559848710817,-0.205,302.40694695159453,0.0,0.0,0.8177026187308523,1742.451424067172,0.0,0.0,-1.0,33.05984878651955
-0.0032955987331386304,0.005244950407630799,-0.205,302.22784337667485,0.0,0.0,0.7079804509984325,1735.4523535594622,0.0,0.0,-1.0,33.25521198051879
0.0029979297514322704,-0.0025172943490328926,-0.205,302.61382769774355,0.0,0.0,0.8778966279058982,1739.9474450078797,0.0,0.0,-1.0,30.979837530351176
-0.004364870855929827,0.0009318622632255067,-0.205,302.55238765224,0.0,0.0,0.8433432558508402,1732.5935176866205,0.0,0.0,-1.0,30.173172041558075
0.0021705198138854964,0.0019204167183543642,-0.205,302.76840407966665,0.0,0.0,0.931033450662396,1735.3750737424962,0.0,0.0,-1.0,29.639863884678203
5.10136270740292e-05,-0.004597684315301187,-0.205,302.5192691749188,0.0,0.0,0.8342361699934777,1738.9316032747731,0.0,0.0,-1.0,32.775777803708
0.0008221455251201176,-0.00014558580531740268,-0.205,302.958147427203,0.0,0.0,0.9935173007616546,1739.6369653640709,0.0,0.0,-1.0,27.88367387028315
0.0029408971557092684,-0.004058223873742726,-0.205,302.31372737782914,0.0,0.0,0.8047453696404859,1741.27416249425,0.0,0.0,-1.0,33.47690623974026
0.0034334294345925347,-0.00420365295997786,-0.205,302.31095075604804,0.0,0.0,0.7728181643996439,1739.4707051960302,0.0,0.0,-1.0,33.43243852246775
0.005000730857739444,-0.0010708064282177335,-0.205,302.33946893687136,0.0,0.0,0.7971033871811657,1738.7194333156008,0.0,0.0,-1.0,35.27469272004667
-0.006250060021914685,0.0011228496719779837,-0.205,302.21407718546106,0.0,0.0,0.6938738336936381,1738.5655153892242,0.0,0.0,-1.0,34.20745444901434
0.003387440134528849,0.001848008453916754,-0.205,302.7306991437544,0.0,0.0,0.8811877002304742,1740.7950872269373,0.0,0.0,-1.0,31.386211159915067
-0.0010658960142331455,-0.005119875266832072,-0.205,302.48683931640915,0.0,0.0,0.7883038999667563,1740.7379538344635,0.0,0.0,-1.0,33.25059256549525
0.002222692821796195,-0.004304954386133041,-0.205,302.43563147975345,0.0,0.0,0.8169141869465634,1737.3025317555232,0.0,0.0,-1.0,33.56536734950595
-0.0035873958209671525,0.001700885386678832,-0.205,302.73655417386175,0.0,0.0,0.8745830173593534,1740.2305664166859,0.0,0.0,-1.0,31.619086353904205
-0.004158855934472568,-0.003933779305348228,-0.205,302.227432055582,0.0,0.0,0.7486226972003358,1738.154130366923,0.0,0.0,-1.0,32.844252900852986
-0.0017877177054141638,-0.001775896569254744,-0.205,302.73867362222387,0.0,0.0,0.947127121422302,1740.3873382028198,0.0,0.0,-1.0,27.97604984780175
0.0006250703778053151,-0.0013157994745507627,-0.205,302.98748710045663,0.0,0.0,0.9813348824922964,1738.974932179704,0.0,0.0,-1.0,27.55172755001561
0.00442783856522789,-0.0006997778657706528,-0.205,302.5013127473297,0.0,0.0,0.8420362938251648,1741.7909382680857,0.0,0.0,-1.0,32.42357788174262
-0.0009073221447785014,-0.003039147912299694,-0.205,302.7467742885531,0.0,0.0,0.9181406160758914,1738.1526256647203,0.0,0.0,-1.0,30.712267032761932
-0.005474336039214679,-0.0006122900863862973,-0.205,302.36563580167353,0.0,0.0,0.7663457695454747,1739.3403891310822,0.0,0.0,-1.0,31.542113012809324
0.0051850153650238005,0.0031277258258216338,-0.205,302.27878881859806,0.0,0.0,0.7203100838924814,1738.609808354732,0.0,0.0,-1.0,34.428213326168766
-0.001955328120962871,-0.006138109745171327,-0.205,302.2104345220847,0.0,0.0,0.6854010251183101,1737.070178310622,0.0,0.0,-1.0,37.33199785120889
0.0013704049776257455,-0.0054134063086467435,-0.205,302.408210652062,0.0,0.0,0.7602071081786089,1738.2098814523283,0.0,0.0,-1.0,34.299197130149906
0.0049190691570752745,-0.003990705521721195,-0.205,302.142299615772,0.0,0.0,0.6953241439838662,1736.5888871837897,0.0,0.0,-1.0,35.28825076536141
0.0038159920040129916,0.0008522836443653663,-0.205,302.6532993306197,0.0,0.0,0.8781704435463267,1742.6180891132524,0.0,0.0,-1.0,30.823810031008964
-0.0008984250127107118,-0.004934231473010183,-0.205,302.4636102862224,0.0,0.0,0.8044813675819915,1734.02128755544,0.0,0.0,-1.0,32.78765544003704
-0.004574186273450387,-0.003428913755847055,-0.205,302.33600848000793,0.0,0.0,0.7492791249897635,1741.2320023780048,0.0,0.0,-1.0,34.77693289066817
-0.002759014828969647,0.0015827616771578068,-0.205,302.8331051648787,0.0,0.0,0.9176950625256242,1739.4755787034933,0.0,0.0,-1.0,30.042078191532234
0.005700666963097142,0.00027876074189981444,-0.205,302.31444744576754,0.0,0.0,0.7500467732686168,1738.528823192662,0.0,0.0,-1.0,33.403967142840536
0.001595195446667618,0.005142295888223012,-0.205,302.2828041481466,0.0,0.0,0.7762722349210108,1743.2142203657495,0.0,0.0,-1.0,32.475699981578884
-0.0002225704966976095,7.024921818262388e-05,-0.205,303.0410757594137,0.0,0.0,0.999424581741077,1737.501579097005,0.0,0.0,-1.0,23.27324010021081
0.00419530540320376,0.003759078006335728,-0.205,302.3814528229839,0.0,0.0,0.7562034890994053,1736.3619497909926,0.0,0.0,-1.0,34.356541464986755
-0.0023855255693750314,0.0025755851615006722,-0.205,302.70662362256365,0.0,0.0,0.9007247175207603,1742.2022625352386,0.0,0.0,-1.0,29.59429000616675
-0.0013854334948429105,-0.004782762473814909,-0.205,302.4715676512951,0.0,0.0,0.8071374481551794,1737.3700721094324,0.0,0.0,-1.0,32.04863278442604
0.00038031330089639045,-0.00541973080766542,-0.205,302.4287225113741,0.0,0.0,0.7723860564699963,1739.1869639595468,0.0,0.0,-1.0,34.65205115030045
-0.004488950793385624,0.002982434356239219,-0.205,302.46116797779416,0.0,0.0,0.7758489132203277,1735.0349912267966,0.0,0.0,-1.0,35.246286935962964
-0.0009485236994325894,-0.00588791602197742,-0.205,302.3491364582491,0.0,0.0,0.7282857594170961,1738.5119240384513,0.0,0.0,-1.0,35.99727277495501
-0.005242491731555812,0.0007270275450232642,-0.205,302.4032214286932,0.0,0.0,0.783431263263974,1735.1703470322632,0.0,0.0,-1.0,32.486313321997144
-0.0007896454838085046,-0.004315885409999268,-0.205,302.57632541869435,0.0,0.0,0.8483534557681142,1736.3203395396774,0.0,0.0,-1.0,29.99695451619305
0.0019584418919762,0.0026693683827942153,-0.205,302.76228716764393,0.0,0.0,0.911187702414882,1735.3752568854281,0.0,0.0,-1.0,29.64876943017414
0.004472980648783506,-0.00382252898398461,-0.205,302.2112165637246,0.0,0.0,0.7351702474319992,1737.5025004017934,0.0,0.0,-1.0,34.452722244575796
0.003991399569383784,0.0008921522921393339,-0.205,302.63201245218715,0.0,0.0,0.8673012470332339,1736.8254780057225,0.0,0.0,-1.0,32.79654900360909
-0.002129080184836273,-7.500393823752935e-05,-0.205,302.8417900641173,0.0,0.0,0.9615681630241293,1735.4050476473444,0.0,0.0,-1.0,29.098030517975392
0.005215100514843073,0.0022350010746671933,-0.205,302.3532883484778,0.0,0.0,0.7528380513097664,1737.4183964213964,0.0,0.0,-1.0,32.09210606127169
-0.000976928923314227,-0.0013963816651153414,-0.205,302.85943709064816,0.0,0.0,0.9748521994926862,1736.7513264190034,0.0,0.0,-1.0,27.738192362522568
0.00045667949040611853,0.005960637878751487,-0.205,302.14239093010406,0.0,0.0,0.727048451061725,1738.02205718605,0.0,0.0,-1.0,34.392359217735546
0.005172713304231431,-0.0026781033394875356,-0.205,302.2446250711751,0.0,0.0,0.7401877974602066,1739.0373531007679,0.0,0.0,-1.0,35.614415473899435
0.0019682623792013202,0.003343645738843468,-0.205,302.60705487378294,0.0,0.0,0.8799438079760794,1737.7815899375223,0.0,0.0,-1.0,30.431926813863093
-0.0016061835878309755,-0.005970749259027532,-0.205,302.31376997307217,0.0,0.0,0.7089985528926335,1737.8661666110022,0.0,0.0,-1.0,33.57497796610141
0.005375249182122367,-0.0021922235037806826,-0.205,302.2648914873746,0.0,0.0,0.7418616252226896,1738.5536326123533,0.0,0.0,-1.0,33.05177953041755
-0.0024362355403175695,-0.0029583056913785794,-0.205,302.5599233453657,0.0,0.0,0.8827275828197951,1740.7988956225831,0.0,0.0,-1.0,32.74416499341475
0.0013960715678160583,0.0008856867935898023,-0.205,303.04656247037263,0.0,0.0,0.9762594255957537,1741.6551795902785,0.0,0.0,-1.0,27.119782197449236
0.006067677033513935,0.00232119781166004,-0.205,302.19420758454623,0.0,0.0,0.6803262143251961,1737.1874890486934,0.0,0.0,-1.0,33.537149247353106
-0.004418218923052089,0.0019764651495109103,-0.205,302.51443854187147,0.0,0.0,0.8172544842602124,1736.3028974753886,0.0,0.0,-1.0,31.41236326308121
0.0018774542803860227,0.0018184125486209411,-0.205,302.86655772588335,0.0,0.0,0.9433235839359075,1736.83054242926,0.0,0.0,-1.0,29.68458443141077
0.0006443726165409106,0.0045689046786773135,-0.205,302.4957157017501,0.0,0.0,0.8331279758865244,1735.0526619699006,0.0,0.0,-1.0,31.34774443790161
0.00579934149078087,0.002596103733913729,-0.205,302.27012452377613,0.0,0.0,0.6935271261504823,1739.6594898778176,0.0,0.0,-1.0,35.91681631258326
0.000486120992822077,0.005119686277895427,-0.205,302.330657988979,0.0,0.0,0.7949404433880428,1738.5679870312,0.0,0.0,-1.0,33.230010884089566
0.0018138378741928982,0.0008850393030129332,-0.205,302.9046367740813,0.0,0.0,0.9653212111582758,1741.5649628597862,0.0,0.0,-1.0,28.567670770490075
0.004205763503690005,0.001706191255839152,-0.205,302.5519447536702,0.0,0.0,0.8382742581833742,1740.7009962480472,0.0,0.0,-1.0,32.83487844263976
0.003228486146337247,0.002080623064960938,-0.205,302.70577510780845,0.0,0.0,0.882232303820608,1740.14240136423,0.0,0.0,-1.0,31.97345737433716
-0.0013050369444504017,-0.005032876879268547,-0.205,302.4647077548202,0.0,0.0,0.7906303669232013,1738.2870189403397,0.0,0.0,-1.0,33.75097841795081
-0.0016548782942597858,0.006185941575760351,-0.205,302.169633400254,0.0,0.0,0.6889684114779704,1736.6601253592123,0.0,0.0,-1.0,36.09909621005538
0.002363132564520334,0.0003512745165544821,-0.205,302.8483033372616,0.0,0.0,0.9522185706447356,1738.7842375661521,0.0,0.0,-1.0,29.46287103967098
-0.0023862963279046023,0.004550260287645311,-0.205,302.35314183180185,0.0,0.0,0.7952956550272267,1741.7178527648484,0.0,0.0,-1.0,31.243609886131388
0.0011848740520716097,-0.005352654991960996,-0.205,302.408010447193,0.0,0.0,0.7684561089797892,1739.3464195610186,0.0,0.0,-1.0,34.70734958874479
0.0027854162153260844,-0.000798759098701956,-0.205,302.70792529166795,0.0,0.0,0.9310537092483255,1737.6978631278732,0.0,0.0,-1.0,28.41827504612563
0.0009116721672381333,0.004853958909678166,-0.205,302.35450445709,0.0,0.0,0.8101106048632956,1740.463188712288,0.0,0.0,-1.0,33.58486631339191
-0.0036768190269505646,0.004728309956486161,-0.205,302.26669797900195,0.0,0.0,0.7260461443717786,1738.9378093995758,0.0,0.0,-1.0,35.23223800097198
-0.0005811668592127533,0.002164804376130059,-0.205,302.81178029047726,0.0,0.0,0.9576724955392977,1740.4991185171946,0.0,0.0,-1.0,28.05273406267347
0.0015424186107106971,0.0010282371194899837,-0.205,302.8869193627432,0.0,0.0,0.970494408167161,1739.4170816578899,0.0,0.0,-1.0,27.792505349741305
-0.006157123114237763,0.001537854766714983,-0.205,302.25179969976244,0.0,0.0,0.6942263656306223,1739.0046520484502,0.0,0.0,-1.0,33.225733707444995
-0.00031198830833401215,0.004249402237617455,-0.205,302.4565537814861,0.0,0.0,0.8565648809852555,1738.6900477472207,0.0,0.0,-1.0,31.87177929872457
-0.003675865028403625,0.005265113629947672,-0.205,302.20786293758636,0.0,0.0,0.687319107516592,1741.6339547428024,0.0,0.0,-1.0,34.4628407151534
-0.0033137522110136923,-0.002551639639833711,-0.205,302.5397831534533,0.0,0.0,0.8615452637947889,1738.3424778791712,0.0,0.0,-1.0,30.791285983232036
-0.0005230237838101478,0.004063012611191307,-0.205,302.48374366647846,0.0,0.0,0.8668911531568061,1741.6268657597373,0.0,0.0,-1.0,30.9924265123211
0.005295015872603285,0.002331162351097495,-0.205,302.36796775054194,0.0,0.0,0.7435184362557212,1737.2853596242335,0.0,0.0,-1.0,34.28614979914974
1.401530391508559e-09,-0.002824558677392885,-0.205,302.7566009844451,0.0,0.0,0.9343218754431489,1739.2476839084286,0.0,0.0,-1.0,30.70163661275837
-0.004785452833202102,-0.004152987824682259,-0.205,302.0916210073735,0.0,0.0,0.6951445591250357,1739.1155322745387,0.0,0.0,-1.0,33.71681357335782
0.005016348902552263,-0.003976525576403092,-0.205,302.06097653376617,0.0,0.0,0.6891700642263664,1738.0724433780451,0.0,0.0,-1.0,34.83171008103263
-0.0020508932302172093,-0.0027615580946956366,-0.205,302.653577669651,0.0,0.0,0.9044935679059994,1739.8338668160638,0.0,0.0,-1.0,30.10272833909186
0.0005209510378144456,-0.0029400595729656503,-0.205,302.8170077339773,0.0,0.0,0.927012980646504,1736.3543833123547,0.0,0.0,-1.0,28.88817825109139
0.004584461225995592,-0.0034646920949240557,-0.205,302.16518433263025,0.0,0.0,0.7467963223484867,1737.7362943620208,0.0,0.0,-1.0,34.091781886445894
-0.00574742462750083,-0.002026513711054486,-0.205,302.120279310701,0.0,0.0,0.7168865571203303,1734.8002442533311,0.0,0.0,-1.0,33.32195906253542
0.002883661980341359,0.002931017230357623,-0.205,302.6163360962662,0.0,0.0,0.8659513597172231,1742.5047948505608,0.0,0.0,-1.0,29.34245970391745
0.00405978257907632,-0.003934128581496592,-0.205,302.2632011423927,0.0,0.0,0.7545399972340636,1739.34973456045,0.0,0.0,-1.0,33.556998120256836
0.0044039545083033845,-0.002288180679362059,-0.205,302.3795218929158,0.0,0.0,0.8083470051112648,1734.0490870042072,0.0,0.0,-1.0,30.549739276949847
-0.0006873728998010272,-0.00615515230568709,-0.205,302.30597087319063,0.0,0.0,0.7080678940561342,1738.3827614837667,0.0,0.0,-1.0,35.91698029013155
-0.0014366095286354854,0.0020555305097547426,-0.205,302.83107013065035,0.0,0.0,0.9476073256428075,1737.8796327755363,0.0,0.0,-1.0,28.81705227699699
-0.00018997519979253164,0.00032831758047884615,-0.205,302.98165479711076,0.0,0.0,0.9985521497678684,1740.2130489241201,0.0,0.0,-1.0,26.77996140212
-0.005680271527988003,-0.0015201894066923824,-0.205,302.2102063898357,0.0,0.0,0.7354814659296193,1738.4563036205425,0.0,0.0,-1.0,31.979041900224114
-0.0023095060826099946,0.00018321501792858966,-0.205,302.8966921699406,0.0,0.0,0.954929819735295,1735.2153460633792,0.0,0.0,-1.0,29.050171978606645
0.002532071029583625,0.0029901171966403494,-0.205,302.6416265202883,0.0,0.0,0.877685970435141,1736.438382034925,0.0,0.0,-1.0,30.900666635972946
-0.000850307001160728,0.004785897286545948,-0.205,302.4372782610964,0.0,0.0,0.8157670396116274,1739.2675401866777,0.0,0.0,-1.0,32.83930334419332
0.0053350787234250205,-1.3624461353943283e-05,-0.205,302.3812013799992,0.0,0.0,0.7801204332702827,1742.6247339410922,0.0,0.0,-1.0,33.55706132442831
-0.004526643525149343,-0.002728790483401773,-0.205,302.25245661209647,0.0,0.0,0.7839857441941187,1742.13130644231,0.0,0.0,-1.0,32.88009952375027
-0.0021505835977722485,0.0050293036999286035,-0.205,302.33903052446817,0.0,0.0,0.7694511194215556,1740.3279131197644,0.0,0.0,-1.0,34.814994262426524
-0.0011324417795064887,-0.00313219403118257,-0.205,302.7147491340995,0.0,0.0,0.9101716262792571,1736.5675083819808,0.0,0.0,-1.0,29.96415363078201
0.005493301353275824,0.002625666912959972,-0.205,302.3375280526225,0.0,0.0,0.7173874316021132,1741.1126053598696,0.0,0.0,-1.0,33.74723298923476
-0.004502892384480806,-0.004615612571190969,-0.205,302.0890399558242,0.0,0.0,0.6848233319140229,1738.9714099075738,0.0,0.0,-1.0,35.19922215477037
0.002502829912044663,0.005073066160447091,-0.205,302.27290614872686,0.0,0.0,0.7542411788703992,1736.4100603130942,0.0,0.0,-1.0,33.94966860263731
0.003832783887442832,0.004209425670790648,-0.205,302.39605721576515,0.0,0.0,0.7512556216309151,1740.3594705125097,0.0,0.0,-1.0,35.11478727106161
-0.00011632041534917737,-0.0016885196152060205,-0.205,302.969693299184,0.0,0.0,0.9751784124080931,1740.1740371814233,0.0,0.0,-1.0,27.89751425940512
0.0023839438728956203,0.0037196137848881958,-0.205,302.6182736535669,0.0,0.0,0.8463462144289016,1737.1250760800156,0.0,0.0,-1.0,32.19504902639742
-0.004154097763558331,0.004803444209935641,-0.205,302.19061700376324,0.0,0.0,0.693833714206888,1739.3155229098,0.0,0.0,-1.0,33.62244971344202
-0.0019432516833262192,0.0006414626611969071,-0.205,302.91951867639057,0.0,0.0,0.9643965955797159,1740.2806798559304,0.0,0.0,-1.0,27.019613057482186
-0.002761877009337642,-0.004224094278387975,-0.205,302.42481050569535,0.0,0.0,0.8021403312362292,1741.6951780909794,0.0,0.0,-1.0,33.53427360411338
0.004315771995249576,0.0021252875909576964,-0.205,302.533633180256,0.0,0.0,0.8193622339813008,1739.607796136665,0.0,0.0,-1.0,32.093842286443284
0.0021732214092079908,-0.0004182339663728528,-0.205,302.75050254176284,0.0,0.0,0.9586841666368333,1735.1251197355364,0.0,0.0,-1.0,27.094546966247538
-0.00037866093340077866,0.004514337310323181,-0.205,302.39797997817993,0.0,0.0,0.8388479353778759,1739.5749434462357,0.0,0.0,-1.0,32.48142564828631
-0.00023228024596348774,0.0008284373653530287,-0.205,302.93629484022296,0.0,0.0,0.9931367296266699,1739.4781548579956,0.0,0.0,-1.0,26.890017776236338
0.004298646616247485,-0.0022778434778379176,-0.205,302.3763510806117,0.0,0.0,0.8154774302723058,1734.019173561525,0.0,0.0,-1.0,32.2124406284626
-0.003377202066349215,0.00022875901782991713,-0.205,302.67971857958884,0.0,0.0,0.9073678684393206,1739.5782511151037,0.0,0.0,-1.0,30.00490041884987
-0.0022494629074247567,0.0012254551896210835,-0.205,302.8540624393884,0.0,0.0,0.9454508564304305,1741.017541040775,0.0,0.0,-1.0,29.964504517696444
0.0008517879755412787,-0.0018210722886953046,-0.205,302.9151601291713,0.0,0.0,0.9655756712485227,1737.8318845764818,0.0,0.0,-1.0,29.13967172736925
0.004432202663081157,-0.002202254636424886,-0.205,302.3125200762624,0.0,0.0,0.8093542380432178,1738.5751528857195,0.0,0.0,-1.0,32.53814986035627
-0.0015503340386688088,0.005228652551187909,-0.205,302.31138957952084,0.0,0.0,0.7707438359683919,1736.8914372675376,0.0,0.0,-1.0,32.44248122306985
0.0013290933482980529,-0.00545084914493017,-0.205,302.3942387595487,0.0,0.0,0.758050575571291,1739.6802445360236,0.0,0.0,-1.0,35.436264494038774
-0.002753859211107509,-0.0008839034709836191,-0.205,302.61198394391505,0.0,0.0,0.9312997169789412,1738.9639755727098,0.0,0.0,-1.0,28.363140648735534
0.0018492829612912027,-0.0008272198280243952,-0.205,302.7865189278147,0.0,0.0,0.9650718429711924,1740.4036462312552,0.0,0.0,-1.0,29.549059178950937
-0.001259160742693323,-0.0038907519869658385,-0.205,302.63976997660336,0.0,0.0,0.8673296553643447,1739.192360492527,0.0,0.0,-1.0,32.791379770900846
-0.0023911287670365464,-0.003063002993721681,-0.205,302.51591841924187,0.0,0.0,0.8795994128244932,1739.4774473510624,0.0,0.0,-1.0,30.364671547078544
0.0042293180153334334,0.004565747632291252,-0.205,302.21054239810087,0.0,0.0,0.7053587001750796,1740.3374689279844,0.0,0.0,-1.0,34.66396497377049
0.0016569475991917734,-0.00027359011158780984,-0.205,302.90911616256795,0.0,0.0,0.9755432312422834,1738.8446088724154,0.0,0.0,-1.0,27.183038813762458
0.004949014532671081,-0.003532375947851962,-0.205,302.21465889852124,0.0,0.0,0.7181121753833716,1742.3148938469685,0.0,0.0,-1.0,34.86441784906977
-0.0018395221333818727,-0.005051339631304701,-0.205,302.3754336749648,0.0,0.0,0.7769173735686654,1739.5137464688041,0.0,0.0,-1.0,33.82191500790285
-0.001070283042355362,0.0006032407560770987,-0.205,302.9989038034711,0.0,0.0,0.9864954489605502,1736.7967066333022,0.0,0.0,-1.0,27.246924485531668
-0.0016727814377694007,-0.0012119676277345145,-0.205,302.7459050494836,0.0,0.0,0.9637559075994517,1740.414275416228,0.0,0.0,-1.0,28.680467855217888
0.0018574110886906742,0.004262121381788279,-0.205,302.4521733610797,0.0,0.0,0.830704827734284,1734.8533140097104,0.0,0.0,-1.0,33.10111155444877
0.003675705972568036,-0.004535068681871778,-0.205,302.2913951691293,0.0,0.0,0.7391079133185376,1738.6235144967466,0.0,0.0,-1.0,33.58669266631937
-0.0034888354310280926,0.00140374836841179,-0.205,302.7024903599821,0.0,0.0,0.8868605774293756,1738.6444720047136,0.0,0.0,-1.0,31.192642434007116
0.0024363945295367766,-0.0011496173545280756,-0.205,302.7304660067156,0.0,0.0,0.9399697490611166,1738.6486815713768,0.0,0.0,-1.0,29.73948818645081
0.005010757891068305,-0.003839986900917057,-0.205,302.1247898337609,0.0,0.0,0.6972706156009215,1738.8896797593432,0.0,0.0,-1.0,34.62618518340101
-0.003386503630676424,-0.002646934567931987,-0.205,302.46969138600576,0.0,0.0,0.8541647724828465,1737.7305398661936,0.0,0.0,-1.0,31.90835475313552
-0.0014447673778221412,-0.004822486510489257,-0.205,302.4326997336715,0.0,0.0,0.8030792008260575,1739.4185614328333,0.0,0.0,-1.0,31.168706145533477
-0.003959193654647631,0.0043212093750995976,-0.205,302.32554766563123,0.0,0.0,0.7371416597833171,1740.900336510745,0.0,0.0,-1.0,34.622189797945275
0.0006558967556680811,-0.0019203316571274817,-0.205,302.928966700461,0.0,0.0,0.9649608126974558,1739.3589274377466,0.0,0.0,-1.0,27.396919516814627
-0.0009358029337579802,0.0009545538304134555,-0.205,302.9890073880406,0.0,0.0,0.9841470579966585,1737.9543593332628,0.0,0.0,-1.0,25.424905121514833
-0.0017094473634533692,0.004629988220760885,-0.205,302.40571865466364,0.0,0.0,0.8103551279934192,1739.2626605958606,0.0,0.0,-1.0,33.125048074300004
0.00023043226548423977,-0.0038442318228668624,-0.205,302.67592604353655,0.0,0.0,0.8816324769071237,1738.2070396648273,0.0,0.0,-1.0,31.419182483318053
-0.004388201797874275,-0.004298124227058357,-0.205,302.19038464460516,0.0,0.0,0.7126116828630851,1736.6434121544496,0.0,0.0,-1.0,34.54139551113409
-0.002800572187033533,-0.0002033561988660317,-0.205,302.8071398874447,0.0,0.0,0.9350538962454724,1739.557936903579,0.0,0.0,-1.0,28.828828262678563
-0.004709514134307828,0.0007678569885829548,-0.205,302.440837529494,0.0,0.0,0.822133698509033,1735.4967819287722,0.0,0.0,-1.0,32.80895540092652
-0.005956060838803627,0.0024267375663696933,-0.205,302.15740333732236,0.0,0.0,0.6863804189928464,1739.9660224522197,0.0,0.0,-1.0,35.59598167337575
0.006194807839580804,0.0019378741681110696,-0.205,302.24293091930264,0.0,0.0,0.6808562937213469,1739.5927366433737,0.0,0.0,-1.0,34.86431059143976
-0.004341545210987935,-0.0012850803305256605,-0.205,302.4017517179726,0.0,0.0,0.8390133918508036,1740.3061065975521,0.0,0.0,-1.0,33.82639703443794
0.0006340598557405489,-0.006244337140762357,-0.205,302.26455491311106,0.0,0.0,0.7005868608431067,1739.490506335839,0.0,0.0,-1.0,34.493924570843056
0.004218978420811591,-0.003507422428334036,-0.205,302.2698848452047,0.0,0.0,0.7681125098156006,1740.0460866890912,0.0,0.0,-1.0,35.43733281815725
0.00452526088962849,0.00013093514627065698,-0.205,302.4719509279538,0.0,0.0,0.8390530515603306,1738.5876546834995,0.0,0.0,-1.0,32.10592756189
0.0011688047918823848,-0.005440457874036063,-0.205,302.4155732621173,0.0,0.0,0.7618020859323555,1741.0601195955387,0.0,0.0,-1.0,31.26293117571133
-0.002849460231833307,-0.0056329083483617785,-0.205,302.22104906236444,0.0,0.0,0.6973003033389041,1738.1540025056504,0.0,0.0,-1.0,35.84233180577985
-0.0037144245070592965,0.004220187907518523,-0.205,302.4173441360923,0.0,0.0,0.7571109870633627,1739.2494146956205,0.0,0.0,-1.0,34.884307005228564
-0.0035216272611839614,-0.004098219616750352,-0.205,302.3347045680361,0.0,0.0,0.7747371213278238,1743.0872401154436,0.0,0.0,-1.0,32.11437934366826
-0.0014813607884027506,-0.003929132111235051,-0.205,302.5331812400987,0.0,0.0,0.860487536471099,1740.5828939063479,0.0,0.0,-1.0,31.561417821858537
-0.0010693079344580294,0.0007724143289432137,-0.205,303.1156261504253,0.0,0.0,0.9845422362166685,1739.229312993614,0.0,0.0,-1.0,28.447892959624227
-0.00024688787436615115,-0.0008235685626552921,-0.205,303.07298879478805,0.0,0.0,0.9931459233970055,1740.7537191412214,0.0,0.0,-1.0,25.082372008782762
-0.0018338821312544307,0.0024125916173653333,-0.205,302.8091015442136,0.0,0.0,0.9249272383475634,1739.6749983754721,0.0,0.0,-1.0,30.699882248771257
0.0014926154920894626,0.0011763281607461964,-0.205,302.9673983775658,0.0,0.0,0.9690660873679269,1737.2706243907867,0.0,0.0,-1.0,28.709000149009498
0.0027768642468706498,0.0031592186403177043,-0.205,302.5979229039043,0.0,0.0,0.8600431270938799,1735.2586336434422,0.0,0.0,-1.0,30.67728569658409
0.001664328460720286,0.006111601850850807,-0.205,302.2095936688751,0.0,0.0,0.6953335618821812,1736.4682501549005,0.0,0.0,-1.0,34.56521982264252
0.00046700305101162994,-0.002430947237723404,-0.205,302.8213507993833,0.0,0.0,0.9488859562691028,1738.8431147339338,0.0,0.0,-1.0,29.746418889892205
0.0028384500596606026,0.005215236852076341,-0.205,302.21364381808195,0.0,0.0,0.7305488342925052,1740.2969626299791,0.0,0.0,-1.0,33.966928831642505
0.0019173090335560497,0.00417531415034404,-0.205,302.49175661741657,0.0,0.0,0.8344743985089079,1738.1134666353269,0.0,0.0,-1.0,33.424537640199866
0.0004917343889805185,-0.0032783069005981095,-0.205,302.7465116085796,0.0,0.0,0.9109715983452793,1737.1202833172117,0.0,0.0,-1.0,29.338743227802674
0.002823335763395291,-0.003329933616716917,-0.205,302.52308389521033,0.0,0.0,0.8497811322376961,1740.2359423955588,0.0,0.0,-1.0,32.66980585561487
0.0007092036461540547,0.005807805174685414,-0.205,302.18909288590424,0.0,0.0,0.7379741179737836,1741.7068638798928,0.0,0.0,-1.0,32.69048490728561
0.001794661641062779,0.004964295191622287,-0.205,302.3588303828595,0.0,0.0,0.7845129152076775,1742.472251197825,0.0,0.0,-1.0,32.83004570445172
0.0013628803322518698,0.005146426916869853,-0.205,302.3455649371745,0.0,0.0,0.7810018979428714,1735.645804774229,0.0,0.0,-1.0,33.562020688240764
0.0015478660085027933,-0.006057960337310063,-0.205,302.2896419044336,0.0,0.0,0.7027462393123979,1738.1247293372232,0.0,0.0,-1.0,37.20690236059233
0.002068787307311369,-0.005861330297753461,-0.205,302.199581134347,0.0,0.0,0.70606773629428,1739.5459395243788,0.0,0.0,-1.0,36.00396405570831
-0.0040321403984041404,0.0010307377878566765,-0.205,302.615129782558,0.0,0.0,0.8628332563806053,1741.5124187628644,0.0,0.0,-1.0,31.957532947955052
-0.0048240327447258355,-0.003398663345692286,-0.205,302.10970537041646,0.0,0.0,0.7336957798503376,1739.8556364193357,0.0,0.0,-1.0,32.941791706024155
0.005444232288494993,0.0014209021421587537,-0.205,302.36824269237997,0.0,0.0,0.7567336228742807,1738.4483709759254,0.0,0.0,-1.0,32.780815554295465
-0.0026805944918249862,-0.0051442699045275925,-0.205,302.32099688302196,0.0,0.0,0.7422258420007833,1737.1402126265043,0.0,0.0,-1.0,34.43405986058225
-0.0023884437668708403,0.004938267555675298,-0.205,302.30801820387404,0.0,0.0,0.7681903837104135,1739.0216146434552,0.0,0.0,-1.0,36.18826946125109
-0.003532811617393628,0.002445857980891044,-0.205,302.5931045639781,0.0,0.0,0.8542524403507461,1735.9936881438966,0.0,0.0,-1.0,30.017539207459574
-0.002509254920572887,-0.004099557459236992,-0.205,302.47185847802893,0.0,0.0,0.8196588781216934,1736.7937278680793,0.0,0.0,-1.0,30.777184767035813
0.004918682227326729,0.003105793352303265,-0.205,302.38217710357134,0.0,0.0,0.7408411966290498,1738.823038367022,0.0,0.0,-1.0,35.15398473174853
0.0016641272126910137,0.0050986289799175065,-0.205,302.2428978565926,0.0,0.0,0.7779040742611921,1736.1326274714324,0.0,0.0,-1.0,32.37740006374022
-0.004024853898476493,-0.0037289989867810556,-0.205,302.2580194319491,0.0,0.0,0.7680898865939727,1736.4658798292917,0.0,0.0,-1.0,33.46498781988371
0.0026673545331208992,0.005409622937320161,-0.205,302.21426348699947,0.0,0.0,0.7223992996445252,1736.723769678066,0.0,0.0,-1.0,34.624340696821626
0.0023938442124824015,0.005738528838204319,-0.205,302.185580302842,0.0,0.0,0.7058788876613035,1739.2242450181411,0.0,0.0,-1.0,35.293416041189374
0.0015641536287559047,0.00490734538265565,-0.205,302.3500202516348,0.0,0.0,0.7943430203991287,1735.947283196529,0.0,0.0,-1.0,33.79100682665838
-0.0018824574209685954,0.001714522125289688,-0.205,302.8084845065261,0.0,0.0,0.94607171748214,1738.9745730926913,0.0,0.0,-1.0,28.702569825566798
-0.0006690049910090269,-0.002159685887615271,-0.205,302.92776878244695,0.0,0.0,0.9569710613189315,1737.9549933927556,0.0,0.0,-1.0,29.51224105400219
-0.0004974214413627562,0.001488150461886072,-0.205,302.9162534962451,0.0,0.0,0.9785047955819234,1737.9306019264566,0.0,0.0,-1.0,27.445386765724063
0.0029326095180172854,0.004455557640358246,-0.205,302.4088475765914,0.0,0.0,0.7802015873316509,1736.7666341371894,0.0,0.0,-1.0,33.837255155928226
0.005628051589559344,-0.0003049705760630782,-0.205,302.29329953598045,0.0,0.0,0.755935500168655,1736.5795159396228,0.0,0.0,-1.0,33.60802145017231
0.00013411140397903633,-0.0033274684526661998,-0.205,302.76037717936987,0.0,0.0,0.9101949484625123,1737.6508785347328,0.0,0.0,-1.0,29.34915036607773
0.006000667153487972,-0.001095945570366615,-0.205,302.1850546428846,0.0,0.0,0.7163835993975566,1738.6052474936298,0.0,0.0,-1.0,34.43605237854172
-0.0009938432998416247,-0.005048377576407713,-0.205,302.4438443521642,0.0,0.0,0.7947464374838809,1736.978169108232,0.0,0.0,-1.0,30.883487390699457
0.0003052581212915115,-0.005231771525092832,-0.205,302.4685500032145,0.0,0.0,0.787455704902649,1740.3254485214493,0.0,0.0,-1.0,31.20425873238506
0.0010195147394808353,-0.004777244688743058,-0.205,302.5131254489788,0.0,0.0,0.8140367792777561,1739.2421838711405,0.0,0.0,-1.0,32.89014488065824
-0.0009254009076522503,-0.0006878306947109865,-0.205,302.81897234849987,0.0,0.0,0.9880295171606961,1739.1721359519001,0.0,0.0,-1.0,27.784639594335253
0.00010087612210830352,0.0032394874047863183,-0.205,302.63898818019555,0.0,0.0,0.9147058127688321,1740.959057301977,0.0,0.0,-1.0,30.976306843291646
0.0048989196935743514,0.0008082169204953705,-0.205,302.48765261174606,0.0,0.0,0.8081840687515225,1739.1799951781984,0.0,0.0,-1.0,30.771126479897212
0.0018114542285011886,-0.003642506005987122,-0.205,302.6564669054905,0.0,0.0,0.8686430171661996,1741.3026562451967,0.0,0.0,-1.0,31.0912175667478
-0.0031293602206284186,0.0018600974144356076,-0.205,302.74105405655484,0.0,0.0,0.8936325711779312,1738.2680094466923,0.0,0.0,-1.0,30.75000609820598
0.00013099078712694497,-0.001470479773018226,-0.205,302.93321361723946,0.0,0.0,0.9808553324952046,1739.4861206424264,0.0,0.0,-1.0,26.641525924725503
-0.0027835515388088348,0.00421274854461198,-0.205,302.4126650074382,0.0,0.0,0.8019597378783556,1738.6868452286878,0.0,0.0,-1.0,32.59608061649851
0.0029511403118350327,0.0057797399382364875,-0.205,302.13932740208,0.0,0.0,0.6809741524420605,1742.4976772487087,0.0,0.0,-1.0,32.2432024104717
0.0060998555113318635,-0.0014939444346376797,-0.205,302.1861934427131,0.0,0.0,0.7002523524407132,1738.9163488889292,0.0,0.0,-1.0,35.09148189302357
-0.00517309226094791,-0.00280044816491132,-0.205,302.2252814073984,0.0,0.0,0.7352857277849916,1737.3635234867581,0.0,0.0,-1.0,32.767321770525285
-0.003165888757348039,-0.004565959737695079,-0.205,302.3132896125561,0.0,0.0,0.7624879628983464,1738.4912472346155,0.0,0.0,-1.0,33.333047157039815
-0.0003797687084614202,0.0019972226386352765,-0.205,302.69011392846085,0.0,0.0,0.9648375629072683,1739.1882037824087,0.0,0.0,-1.0,28.720676689819694
-0.002597292694278801,0.002960180808557277,-0.205,302.68960960540676,0.0,0.0,0.8765023881968493,1739.8130331439202,0.0,0.0,-1.0,29.719888911104633
-0.001137443953690202,-0.004373258270635924,-0.205,302.50598771584913,0.0,0.0,0.8396198136976832,1738.5777460596141,0.0,0.0,-1.0,31.224999498938896
-0.0030640360064988904,-0.004109328757124659,-0.205,302.3468164901298,0.0,0.0,0.7962119982653485,1738.2330078461866,0.0,0.0,-1.0,33.58008349735973
-0.0024565260069081465,0.00474056370547564,-0.205,302.36097550080405,0.0,0.0,0.7797959714768927,1740.210462348834,0.0,0.0,-1.0,34.414804500900615
-0.0016120165166445865,-0.0018349585350503348,-0.205,302.77687081449824,0.0,0.0,0.9501700018964964,1736.5604530404771,0.0,0.0,-1.0,26.382728608796935
0.003648173620597772,0.00025539865588433035,-0.205,302.6379305035273,0.0,0.0,0.892706065885304,1738.5345382887049,0.0,0.0,-1.0,30.331549921708707
-0.005547060525213665,0.0015409072601520297,-0.205,302.31435861471164,0.0,0.0,0.7459011460145755,1736.9155721883278,0.0,0.0,-1.0,34.069966002757084
-0.003865300065784867,-0.003165680608298291,-0.205,302.3539230478291,0.0,0.0,0.805897421370072,1736.5675986724143,0.0,0.0,-1.0,33.60481845477941
0.0018375426707288134,0.0040017994277075425,-0.205,302.4739910764874,0.0,0.0,0.8473017772321684,1733.66292248037,0.0,0.0,-1.0,31.966025924536442
0.00463921906283952,0.004040842367086789,-0.205,302.32062489762046,0.0,0.0,0.7117392710496961,1742.1827004256336,0.0,0.0,-1.0,35.754605901918595
0.0008882231447240951,-0.0062408014320324825,-0.205,302.1961226674147,0.0,0.0,0.6981124680343851,1738.9868085454825,0.0,0.0,-1.0,36.61484149952547
-0.002080959816907472,0.0007464822937816765,-0.205,302.93200743364673,0.0,0.0,0.9587657622653762,1740.6016229673783,0.0,0.0,-1.0,29.121957807996907
0.0007570822116340099,-0.0014309036765425115,-0.205,302.9341532432768,0.0,0.0,0.9771910885690052,1738.6266324698076,0.0,0.0,-1.0,26.762603348230368
-0.0021392279148235477,0.0012058511749586229,-0.205,302.88429286759936,0.0,0.0,0.9496567120368185,1737.3520432964758,0.0,0.0,-1.0,29.76329133818495
-0.00255740559294463,0.005105095390078003,-0.205,302.2776574581231,0.0,0.0,0.7498498829478007,1739.320334180537,0.0,0.0,-1.0,35.501726718286065
-0.005906981994382208,-0.002138174777900575,-0.205,302.1429200863284,0.0,0.0,0.7000782039532323,1738.0967739801922,0.0,0.0,-1.0,35.6145081778574
-0.00017011127750705642,-0.0009025736306099966,-0.205,303.0591604773097,0.0,0.0,0.9922297839033623,1738.8198275894679,0.0,0.0,-1.0,26.996115099644136
-0.0021666224522741747,0.0015297862102960358,-0.205,302.82480979528185,0.0,0.0,0.9417244881522909,1739.9317667485057,0.0,0.0,-1.0,28.439892255108873
-0.0006888435626974515,0.005848362676573643,-0.205,302.1660157313691,0.0,0.0,0.7347446369090664,1742.4674030659949,0.0,0.0,-1.0,31.702313945072827
0.004337717368017496,0.0021527836071701736,-0.205,302.52723551576446,0.0,0.0,0.8170825905478758,1737.5845458925455,0.0,0.0,-1.0,30.950599839359043
-0.0036095590909849674,-0.0032439996549813847,-0.205,302.3757618659199,0.0,0.0,0.8163254869847734,1741.50594202904,0.0,0.0,-1.0,34.14720478863258
0.005975093668156871,-3.195503934647147e-05,-0.205,302.22544221425267,0.0,0.0,0.7273023691514452,1737.9685241065843,0.0,0.0,-1.0,35.641909564957984
0.004300468629402066,-0.0014805278309250524,-0.205,302.37311531064677,0.0,0.0,0.8376294890894053,1737.8741365858784,0.0,0.0,-1.0,32.4832028305923
0.005579916648397412,-0.001975786522671177,-0.205,302.1902101436124,0.0,0.0,0.7321195009571643,1735.3796205152887,0.0,0.0,-1.0,32.581125173185264
-0.003925467306611573,0.0008087640355760776,-0.205,302.63954789388623,0.0,0.0,0.8723090796798144,1736.8176267343647,0.0,0.0,-1.0,30.81930775753751
0.0019444623487387086,-0.004773161247625467,-0.205,302.41726717712345,0.0,0.0,0.7940824171575804,1739.7955275827853,0.0,0.0,-1.0,34.3026496848092
-0.0026968728945259506,-0.0009954909737601044,-0.205,302.6626063451238,0.0,0.0,0.9320871949654257,1737.3321743014396,0.0,0.0,-1.0,31.48418734803879
-0.00337769112340908,0.0017521733305528246,-0.205,302.7309977318128,0.0,0.0,0.8843052534671891,1740.35836834553,0.0,0.0,-1.0,30.06180700909419
0.0035538155193524023,5.9933576525679475e-05,-0.205,302.6062510188387,0.0,0.0,0.8983629155179639,1739.6166399693616,0.0,0.0,-1.0,29.67811240788025
-0.005370990575607314,0.0025551036270588592,-0.205,302.3299516673817,0.0,0.0,0.7296732709028265,1736.5724200198636,0.0,0.0,-1.0,35.18096860492375
-0.0029658226380019676,-0.000566666339055782,-0.205,302.6918457274066,0.0,0.0,0.9254438159370411,1737.557304820949,0.0,0.0,-1.0,30.473209953864284
0.0008279281100165287,0.004842954832294473,-0.205,302.372741238862,0.0,0.0,0.8119776512525849,1742.1889329433118,0.0,0.0,-1.0,30.966881809828052
0.0016340550211208385,0.003591056039417541,-0.205,302.5144821005925,0.0,0.0,0.8760695616767813,1740.614054790759,0.0,0.0,-1.0,31.627963989279838
-4.61648180992519e-05,-0.00036122375785810936,-0.205,303.0491177985222,0.0,0.0,0.9986600954409872,1739.3010565972502,0.0,0.0,-1.0,24.408834864674667
0.0004892419443725343,0.002619279173995026,-0.205,302.68263297875546,0.0,0.0,0.9412092592756784,1736.3253956614983,0.0,0.0,-1.0,27.02235310098626
0.0037515722105550165,0.004276214225155153,-0.205,302.35208395221844,0.0,0.0,0.7516143279295114,1737.169153238599,0.0,0.0,-1.0,33.75414931902679
0.0011314571536357317,0.004780637644993403,-0.205,302.38735987718127,0.0,0.0,0.8120145369978774,1737.7046691765438,0.0,0.0,-1.0,31.916506282424383
0.0015500056825776564,0.005890569018714005,-0.205,302.16741457925707,0.0,0.0,0.7171641183706641,1737.176692170191,0.0,0.0,-1.0,33.20866438734154
0.005088779264114911,-0.0018975697789078462,-0.205,302.3173024342135,0.0,0.0,0.7725448366306094,1737.5998740048612,0.0,0.0,-1.0,32.66312465493111
-0.006004116560642871,0.0015142162564339224,-0.205,302.2753502229979,0.0,0.0,0.7081844076005108,1740.2453944749425,0.0,0.0,-1.0,34.54549614758788
0.005646181479580125,-0.0031298243488343215,-0.205,302.0903070497777,0.0,0.0,0.6841374990445446,1738.9167052901958,0.0,0.0,-1.0,34.46235161742949
-0.0008709663491151363,-0.0014931487756933595,-0.205,302.85096746184445,0.0,0.0,0.9741633257644562,1738.2207118683966,0.0,0.0,-1.0,26.754883681765893
0.00036658851027658796,-0.0048596733830899505,-0.205,302.51745474251237,0.0,0.0,0.8148562104250622,1737.397005162173,0.0,0.0,-1.0,31.397303910159927
-0.0006103060552886938,0.0035679867494629067,-0.205,302.54635791249444,0.0,0.0,0.8947754936967716,1738.488642757153,0.0,0.0,-1.0,30.85472260461844
0.003957851472149895,-0.003348088315822557,-0.205,302.3335127664051,0.0,0.0,0.7917981172363723,1737.5026791442162,0.0,0.0,-1.0,33.62009189642302
-0.003138624196601484,-0.002171541904486904,-0.205,302.5331479824512,0.0,0.0,0.8836400189323796,1736.1561405472576,0.0,0.0,-1.0,28.982478941886168
-0.001223273602328317,-0.0003200158650286189,-0.205,302.86140950814155,0.0,0.0,0.9857366606007816,1740.697227448297,0.0,0.0,-1.0,28.378362556638642
0.0034230656735777278,0.002829282633918691,-0.205,302.63771607910877,0.0,0.0,0.8448247030109712,1739.5162041800731,0.0,0.0,-1.0,31.604555030207617
0.001271482140369928,0.0007214414192848942,-0.205,302.96113162120355,0.0,0.0,0.9812087009425501,1735.485709836907,0.0,0.0,-1.0,27.828197658777647
0.001677433232138559,-0.0044764516275069355,-0.205,302.49626559594765,0.0,0.0,0.8215157688899648,1735.4098020538033,0.0,0.0,-1.0,31.502840833040906
0.0061650807083242715,0.001233051655742058,-0.205,302.21138302074365,0.0,0.0,0.6996132007458883,1739.8266111904354,0.0,0.0,-1.0,34.82333407582259
-0.0060223451358476735,0.0004778627832506785,-0.205,302.2867757708211,0.0,0.0,0.7215425514279261,1739.4889236235988,0.0,0.0,-1.0,35.86353539960908
-0.0020287759274385067,0.0005998773828250007,-0.205,302.86053023974273,0.0,0.0,0.9620737133642558,1736.78912224986,0.0,0.0,-1.0,27.718651356877448
0.0038869389183921934,0.001943176412365411,-0.205,302.60269086842453,0.0,0.0,0.8510951340225484,1741.4759027831956,0.0,0.0,-1.0,31.334916873727455
-0.0005158287621640071,-0.004352559324607174,-0.205,302.58104550162005,0.0,0.0,0.8486494877039282,1737.7101920305624,0.0,0.0,-1.0,32.47320621355319
-0.00020627184500706286,0.0036014437201739857,-0.205,302.54107140906615,0.0,0.0,0.8954626676217521,1740.1316865697806,0.0,0.0,-1.0,31.310785020816905
-0.005618531408152747,0.002931689123113582,-0.205,302.2381796157772,0.0,0.0,0.6950375845056258,1736.956984711107,0.0,0.0,-1.0,34.69913745957594
-0.0003129102048510685,0.0018676256334136095,-0.205,302.7441936208273,0.0,0.0,0.9692753267351202,1738.130383251636,0.0,0.0,-1.0,28.764523956633973
0.0020082371251663503,0.0007082698200338822,-0.205,302.9801356928926,0.0,0.0,0.9615999030628275,1739.3094083037433,0.0,0.0,-1.0,27.656330132773252
0.0035002897618608597,-0.0010822961031889343,-0.205,302.5435095519835,0.0,0.0,0.8923327057428991,1736.1103776124262,0.0,0.0,-1.0,30.35248312387721
0.0007514071150175666,0.0002012162020805118,-0.205,303.0625294578123,0.0,0.0,0.9943330313044718,1734.535383651182,0.0,0.0,-1.0,25.994452710278274
0.0004921629678789499,0.0002570926323522246,-0.205,303.0483061607908,0.0,0.0,0.9970134653161453,1738.1550032936616,0.0,0.0,-1.0,25.305024595795558
0.0005741868265484346,0.001030248796293908,-0.205,302.9801276506804,0.0,0.0,0.9875029947741516,1737.989603166415,0.0,0.0,-1.0,27.182192948919543
0.003506755659379714,0.0026620703141552226,-0.205,302.6987659543347,0.0,0.0,0.8473542052376771,1737.8669225412827,0.0,0.0,-1.0,32.692482238121876
0.0010697321460143114,0.001150968037333,-0.205,302.9518105289247,0.0,0.0,0.9784464551453618,1739.1769784484998,0.0,0.0,-1.0,27.60233257991752
0.003251010707232748,0.0034719701959237447,-0.205,302.53163010416375,0.0,0.0,0.8232135000127164,1740.4030366442778,0.0,0.0,-1.0,32.552488630351
-0.003179446036755231,0.0012369025739033125,-0.205,302.6719969738007,0.0,0.0,0.9059784133463296,1737.1799339774527,0.0,0.0,-1.0,29.345464078370316
-0.004758808172740958,-0.0013016002110678821,-0.205,302.3840199195527,0.0,0.0,0.810492572220133,1737.1297918533394,0.0,0.0,-1.0,33.458382659093296
-0.002037556575312837,-0.0021244627527747762,-0.205,302.74638645067307,0.0,0.0,0.928961508722734,1736.7104514409818,0.0,0.0,-1.0,30.47478948197602
7.413971247472549e-05,-0.004652953135573391,-0.205,302.5749993922533,0.0,0.0,0.8304085997994011,1736.1709768911326,0.0,0.0,-1.0,33.0804561243294
-0.00299960615463434,0.0017694014239792778,-0.205,302.7510003395273,0.0,0.0,0.9022248331853095,1734.6081753088338,0.0,0.0,-1.0,30.586154562224632
-0.001941721232752607,-0.00609215471744476,-0.205,302.2377482470732,0.0,0.0,0.6898322258618791,1738.78356107097,0.0,0.0,-1.0,34.96406642959568
-0.002887240733280311,0.000679009474833389,-0.205,302.81423526852814,0.0,0.0,0.9279320034881025,1740.1332514344817,0.0,0.0,-1.0,28.737341580756944
-0.0034874249832483276,-0.0022587646511342866,-0.205,302.4842249367613,0.0,0.0,0.8632578010109277,1738.0638204745476,0.0,0.0,-1.0,30.1793896654685
-0.0011225257852373618,-0.005845741388561606,-0.205,302.3970858711644,0.0,0.0,0.7292619518216045,1738.9658936707517,0.0,0.0,-1.0,36.17996992771953
-0.0015178029008655028,-0.0015957804232586137,-0.205,302.7411887454795,0.0,0.0,0.9590654767508471,1739.3058743371596,0.0,0.0,-1.0,25.334728566941564
0.001457185445981478,0.0010390760375219587,-0.205,302.98644505075737,0.0,0.0,0.9724004178148734,1736.7988974285493,0.0,0.0,-1.0,27.463552708939524
-0.004167752514172876,0.003065235729795049,-0.205,302.47231253215995,0.0,0.0,0.7925963967690323,1738.8664404399494,0.0,0.0,-1.0,33.14115822157586
-0.003935671419785096,-0.0010651095682593246,-0.205,302.55679949991486,0.0,0.0,0.8680794181474839,1740.506708035974,0.0,0.0,-1.0,31.321680114663618
0.005277317456491451,-0.003529764901816241,-0.205,302.1537630225256,0.0,0.0,0.6939800097987924,1735.385874028649,0.0,0.0,-1.0,34.75254768938749
0.003245842731948231,0.0008329611209101822,-0.205,302.75301813003637,0.0,0.0,0.9091237580838547,1736.8285310571791,0.0,0.0,-1.0,29.936649791075084
0.0013936057207529942,0.003514668500659003,-0.205,302.552221910783,0.0,0.0,0.8857015176996624,1734.8316952610105,0.0,0.0,-1.0,30.62286234698405
-0.0048137986488583934,0.003950727817564917,-0.205,302.2832211873178,0.0,0.0,0.7050138183686088,1740.7538054312668,0.0,0.0,-1.0,33.81018711286622
-0.004157352798122061,-0.0031018035523471517,-0.205,302.2654016821238,0.0,0.0,0.7915737652841868,1741.9450240366584,0.0,0.0,-1.0,32.42995208004873
-0.004247387906496291,-0.00021338086580803092,-0.205,302.52751324424133,0.0,0.0,0.857082224941552,1738.840374854483,0.0,0.0,-1.0,31.497212683850755
-0.00047283096367302,0.003577129335057169,-0.205,302.61205007008164,0.0,0.0,0.895413226814137,1738.291220376057,0.0,0.0,-1.0,30.719104999541873
-0.004580413439453095,0.00042303775718855743,-0.205,302.5290425692635,0.0,0.0,0.8341032521341283,1739.7843917451378,0.0,0.0,-1.0,31.445519596254965
0.0019600041392397708,-0.0035836093556019665,-0.205,302.6648339235822,0.0,0.0,0.8676278528542888,1740.140340602322,0.0,0.0,-1.0,30.561464001390235
-0.002450526146323039,-0.0057446866381828275,-0.205,302.2179045534008,0.0,0.0,0.7033838686303914,1736.0204177387518,0.0,0.0,-1.0,34.82157940286527
0.002723370349716772,-0.0035930644666759175,-0.205,302.4636255025297,0.0,0.0,0.8403086663555028,1740.3467730991604,0.0,0.0,-1.0,29.942421305850704
-0.0006785226005639537,-0.002060025194920203,-0.205,302.8917217037012,0.0,0.0,0.9602381089072454,1741.4728321589037,0.0,0.0,-1.0,28.49812439126094
0.0029212280891187953,0.0031453275815873775,-0.205,302.5821213561188,0.0,0.0,0.8545248301489661,1739.8211052968818,0.0,0.0,-1.0,31.170371365637646
-0.002343233540239872,0.0008684692225418696,-0.205,302.83171268022,0.0,0.0,0.9479561703974893,1737.8019211615836,0.0,0.0,-1.0,29.90924875370481
0.0030462341627648395,-0.003373561223423484,-0.205,302.41121844475833,0.0,0.0,0.8378199065878997,1737.0824968455117,0.0,0.0,-1.0,32.88442069707742
-0.0009672087470921007,-0.0019065090994404494,-0.205,302.8501851032798,0.0,0.0,0.961313509026992,1737.529298717461,0.0,0.0,-1.0,27.432383051258494
-0.003258584873627994,0.0028464976145505336,-0.205,302.68017338193204,0.0,0.0,0.8523186961656922,1735.6689871452215,0.0,0.0,-1.0,31.243080769410156
-0.0024173259581641185,-0.004732669823355941,-0.205,302.40238234721784,0.0,0.0,0.7817471874745499,1740.121729044666,0.0,0.0,-1.0,34.084826839243775
0.00182216737478103,0.0018687939594871734,-0.205,302.88256196457655,0.0,0.0,0.943471562378912,1738.8696916055294,0.0,0.0,-1.0,28.802555012450963
-0.0014562907965047936,-0.006057854697498429,-0.205,302.32226399710305,0.0,0.0,0.70474299799451,1737.6478366052713,0.0,0.0,-1.0,35.077767858673575
0.0011216799684721647,-0.00035785311654898166,-0.205,302.9000167819391,0.0,0.0,0.9875446314372269,1736.8393808837725,0.0,0.0,-1.0,25.83462316849921
0.006018531604943927,-0.0016231296642348525,-0.205,302.1638436786676,0.0,0.0,0.7044620211102448,1737.3261163922198,0.0,0.0,-1.0,34.81576602140473
-0.004417548909128247,0.0011232634898586048,-0.205,302.61008308593875,0.0,0.0,0.8369549718678078,1736.705054259548,0.0,0.0,-1.0,33.80351175133311
-0.003202789564538591,0.003223560640349697,-0.205,302.60040656861815,0.0,0.0,0.8379038299131587,1736.2368590786718,0.0,0.0,-1.0,31.158881075812182
-0.0023186243068114023,-0.0008607584635872464,-0.205,302.72787966223876,0.0,0.0,0.9489705346431674,1741.2071293909999,0.0,0.0,-1.0,28.09185633491103
0.0013736020238039963,-0.005395244233723358,-0.205,302.4130172401195,0.0,0.0,0.7615773260722534,1737.2365645191958,0.0,0.0,-1.0,33.699681358687464
0.0004651228534402452,-0.0063245853029029,-0.205,302.2800736704095,0.0,0.0,0.6946479073730172,1737.436542139688,0.0,0.0,-1.0,35.8817604844879
-0.002947713467483351,0.0006845188648044599,-0.205,302.7651753955598,0.0,0.0,0.9251302608005956,1737.7322930987443,0.0,0.0,-1.0,31.11922477125598
0.0026738994156706524,0.001220235491032629,-0.205,302.80514104726296,0.0,0.0,0.9291660954666996,1740.4657688267905,0.0,0.0,-1.0,29.796317064777124
-0.004374848182481085,0.004708550172056561,-0.205,302.2479182056719,0.0,0.0,0.6867692051081884,1736.1821615959627,0.0,0.0,-1.0,35.682342019523404
-0.00029610928473300526,-0.0024829992512456493,-0.205,302.86795854605384,0.0,0.0,0.9478929647198029,1737.5175467465765,0.0,0.0,-1.0,31.33013738507627
0.0024220813382282197,-0.0011066822600740293,-0.205,302.73799289609667,0.0,0.0,0.9412781508009954,1735.567647563674,0.0,0.0,-1.0,28.578296993639384
-0.004848829417105301,-0.00216550101509956,-0.205,302.32025714406143,0.0,0.0,0.7820488454590948,1740.0724097626494,0.0,0.0,-1.0,33.83148923144901
0.00428281542094398,0.0018131181203468977,-0.205,302.5873291104872,0.0,0.0,0.8305987982931364,1734.6685375305203,0.0,0.0,-1.0,32.21594086877595
0.0007066216994679341,0.00546086696147208,-0.205,302.31103278421085,0.0,0.0,0.7665130895489051,1736.7923050833256,0.0,0.0,-1.0,31.906279832311483
-0.00569788927343658,0.0031049911619095887,-0.205,302.2427084674382,0.0,0.0,0.6810296414620434,1740.2553096136162,0.0,0.0,-1.0,35.99753977729318
0.0031802156731069006,-0.0019824220493416724,-0.205,302.5320878062506,0.0,0.0,0.8876109263842404,1742.1834536923898,0.0,0.0,-1.0,29.966925238475167
-0.006047107872230708,0.0018496623558994809,-0.205,302.18553168813196,0.0,0.0,0.6962923809149258,1735.313125993972,0.0,0.0,-1.0,34.428609027746084
0.0018780471092396803,-6.466372341684897e-05,-0.205,302.86234976486963,0.0,0.0,0.9697207057905143,1737.6228944282304,0.0,0.0,-1.0,28.159226077618793
0.000273560095734912,-0.005434729156831886,-0.205,302.41215815719596,0.0,0.0,0.7717048740955774,1738.5998630621789,0.0,0.0,-1.0,33.68621149807657
-0.0049035450671068145,-0.002446698372929141,-0.205,302.31281116482165,0.0,0.0,0.7686299703010426,1738.2628074951238,0.0,0.0,-1.0,33.15080044000649
0.0016654053137271914,-0.003535906105470602,-0.205,302.5901230683672,0.0,0.0,0.8782611052771617,1739.2761809049377,0.0,0.0,-1.0,30.990041113566306
-0.000835726334206708,-0.005278941233525476,-0.205,302.4670098058952,0.0,0.0,0.7793689475682936,1740.0458027909217,0.0,0.0,-1.0,32.49755077122563
0.002752833735667263,-0.0016665685065753244,-0.205,302.59539137802744,0.0,0.0,0.9158548905650604,1735.6367196052945,0.0,0.0,-1.0,30.336771068562612
-0.005140131692450206,-0.0027831732387981426,-0.205,302.18665471348925,0.0,0.0,0.738458149838629,1736.699152255932,0.0,0.0,-1.0,34.354897003979445
-0.0005318457379484164,-0.002472517791984905,-0.205,302.8205212739657,0.0,0.0,0.9467596625104717,1738.9611895304727,0.0,0.0,-1.0,26.447785940444685
0.0026079288304358683,0.004101039278504525,-0.205,302.5087062221768,0.0,0.0,0.8158264393712463,1736.700267055822,0.0,0.0,-1.0,33.47276491492498
0.00522505435513662,0.003752221786591742,-0.205,302.22493351583717,0.0,0.0,0.6862605249583379,1737.1670451905368,0.0,0.0,-1.0,34.83151906463397
0.004840540010833394,-0.002341497922751914,-0.205,302.2269993890616,0.0,0.0,0.7768178898684873,1739.0071624934378,0.0,0.0,-1.0,33.29078332426397
-0.006362012785709806,-0.0005539280393651033,-0.205,302.15751468908303,0.0,0.0,0.6905716299832964,1736.6931490721997,0.0,0.0,-1.0,36.22302032318589
-0.0010806876711624382,-0.0032890681475594135,-0.205,302.7545857756688,0.0,0.0,0.903316987617288,1737.5541675571756,0.0,0.0,-1.0,29.015820062946435
-0.005554383663914013,-0.0013228078022324023,-0.205,302.26431344319957,0.0,0.0,0.7498595333376448,1737.9113283657193,0.0,0.0,-1.0,34.384084901508984
0.0006885862694478977,-0.0029640395452408368,-0.205,302.8285578508542,0.0,0.0,0.9243374722923214,1742.2432850658204,0.0,0.0,-1.0,29.188773771279863
0.004423218022631631,0.0016650313947522226,-0.205,302.560527743881,0.0,0.0,0.8253407219072233,1740.943336625727,0.0,0.0,-1.0,29.19887829798969
-0.001795210550241048,0.0038827642593978833,-0.205,302.5369347641948,0.0,0.0,0.8554851570000181,1740.65409471778,0.0,0.0,-1.0,30.305927338262926
0.0016619403665960788,0.0046225328362316425,-0.205,302.4201823716863,0.0,0.0,0.8120503213128234,1738.33533586265,0.0,0.0,-1.0,33.392975531379825
-0.003181821630036137,0.0001739438568504018,-0.205,302.6668779681737,0.0,0.0,0.9174095426902809,1739.068729655821,0.0,0.0,-1.0,29.85945995142914
0.0058026685146567135,0.001415452212357282,-0.205,302.2231242978229,0.0,0.0,0.7275077107059926,1741.6355491727782,0.0,0.0,-1.0,34.56106711785381
-0.004273781915613282,0.0013398774812006567,-0.205,302.6248482557013,0.0,0.0,0.8422973730632692,1738.9074144920748,0.0,0.0,-1.0,32.18851510211683
0.0027545711078369554,-0.00522224009513642,-0.205,302.2807889427443,0.0,0.0,0.7334251659931649,1738.6118778241955,0.0,0.0,-1.0,33.88231013393509
4.409015306242361e-05,-0.003966450597779853,-0.205,302.76099742130504,0.0,0.0,0.8747927519815455,1736.7494972523398,0.0,0.0,-1.0,30.359790185530926
0.004682813836488557,0.0011296126003423178,-0.205,302.57018561401907,0.0,0.0,0.8189022700847183,1738.9604800786183,0.0,0.0,-1.0,31.57923431182964
-0.002225758068602958,-0.004452435120958735,-0.205,302.48747655011,0.0,0.0,0.807256166614034,1737.6714199849146,0.0,0.0,-1.0,34.57843278484076
0.00301873679573532,0.005143479719440354,-0.205,302.39651068341027,0.0,0.0,0.7282792046420453,1739.2271406941047,0.0,0.0,-1.0,35.51717208588077
-0.003568717113501466,0.00404533550525292,-0.205,302.423548265617,0.0,0.0,0.7754465341977236,1737.1877983111872,0.0,0.0,-1.0,32.442849658868525
0.00027895763629677523,-0.0022988774859616034,-0.205,302.86714125495786,0.0,0.0,0.9549675609043077,1737.5731491459899,0.0,0.0,-1.0,27.1653323296249
0.0025801714769605527,-0.005554562998042864,-0.205,302.2246730291393,0.0,0.0,0.7142019141890468,1735.6120711834294,0.0,0.0,-1.0,35.397719757408396
0.005198693228271375,-0.0012264335090086636,-0.205,302.41369469806256,0.0,0.0,0.7796265637210874,1740.380956425372,0.0,0.0,-1.0,33.46108525025562
0.004446125788998881,-0.002419481611131612,-0.205,302.37429755122355,0.0,0.0,0.8010262516822315,1739.7535666610634,0.0,0.0,-1.0,33.02407335504996
0.001249696274784077,-0.004894843895720782,-0.205,302.51092003683914,0.0,0.0,0.8017691496284023,1735.4862113658885,0.0,0.0,-1.0,31.96034245302273
-0.001035260094714073,-0.003502680317489211,-0.205,302.67176415602995,0.0,0.0,0.8929641852853437,1740.6354003614772,0.0,0.0,-1.0,29.38930843341261
-0.0010578737560120231,-0.0025897184998930024,-0.205,302.78335578531795,0.0,0.0,0.9355142609928317,1737.9956074007491,0.0,0.0,-1.0,29.95255311955722
-0.0009854873155084613,0.0010360975580113894,-0.205,302.9886905301657,0.0,0.0,0.9819818844374413,1741.1278949414152,0.0,0.0,-1.0,27.51341699156392
0.0019204366680796192,-0.002189387513078366,-0.205,302.7761464342667,0.0,0.0,0.9303913237360071,1740.0511793628189,0.0,0.0,-1.0,27.96341897948595
-0.0019926828364418697,0.0006620767437480741,-0.205,302.8729512068828,0.0,0.0,0.9626104785805043,1740.960436427282,0.0,0.0,-1.0,28.02817344133513
0.0048905699926108485,-0.003743460942301652,-0.205,302.2231164673842,0.0,0.0,0.711157511131841,1738.7404867366809,0.0,0.0,-1.0,34.41458082307329
0.003387329792527873,-0.003398178559290891,-0.205,302.4316935760888,0.0,0.0,0.8202604296287497,1737.2586435945243,0.0,0.0,-1.0,31.971797488593143
0.005202434598316167,7.26856286296471e-05,-0.205,302.38356027589,0.0,0.0,0.7903534476879999,1737.2544011873883,0.0,0.0,-1.0,32.90129849324386
-0.003943442891284488,0.0018666055475586591,-0.205,302.5550646375832,0.0,0.0,0.8499662619374273,1739.0988575911263,0.0,0.0,-1.0,31.365466003945816
-0.0028854053833038194,0.0023761349684096743,-0.205,302.6704760615308,0.0,0.0,0.8881598105428782,1736.4874290544458,0.0,0.0,-1.0,32.5142196435025
0.00359514937354883,0.0030694639649629027,-0.205,302.57063628155475,0.0,0.0,0.825269999518039,1737.812204887696,0.0,0.0,-1.0,31.46243551016221
-0.0020625186062679097,0.0004026643880171245,-0.205,302.9113247769201,0.0,0.0,0.9625541602924037,1735.9701634069806,0.0,0.0,-1.0,27.217301772084998
0.0028563924183140276,-0.002286362215742719,-0.205,302.5351709066821,0.0,0.0,0.8926143801784454,1735.7957987382579,0.0,0.0,-1.0,30.764723630461127
-0.005325337745368269,0.0013072775886211615,-0.205,302.3635366230575,0.0,0.0,0.7683583682686869,1741.97412237334,0.0,0.0,-1.0,34.38050841634475
0.0024310086350533664,-0.005788742804590191,-0.205,302.21053592713736,0.0,0.0,0.700402250188896,1738.0165808464494,0.0,0.0,-1.0,35.60661570368709
-0.0037190395751585544,-0.002474037763073031,-0.205,302.46692394868165,0.0,0.0,0.8431067860726885,1742.6513621264073,0.0,0.0,-1.0,31.660091580722725
-0.0046358745919625206,-0.0034992293839606345,-0.205,302.227612028635,0.0,0.0,0.7415938951977199,1736.996508280469,0.0,0.0,-1.0,32.46912581692247
0.001216411500545265,0.0008725460713045229,-0.205,302.96046275039095,0.0,0.0,0.9803422782518105,1738.226981161025,0.0,0.0,-1.0,26.909886020423194
-0.004195786844101137,0.003682959153598359,-0.205,302.40757669904644,0.0,0.0,0.760310570199282,1738.6453927533719,0.0,0.0,-1.0,34.83128967271294
0.0003362753733530797,-0.005756393652186704,-0.205,302.3855173760135,0.0,0.0,0.7451374006165399,1739.561010862387,0.0,0.0,-1.0,34.26508707001266
0.0023430584822048497,0.00048274777890540475,-0.205,302.84041959373076,0.0,0.0,0.9520978632545347,1736.9924328432053,0.0,0.0,-1.0,30.880122398331082
-0.004173156316872051,-0.00020848620842548658,-0.205,302.5650639776617,0.0,0.0,0.8617943138728329,1739.244165459345,0.0,0.0,-1.0,32.67891045510077
0.002299632369847202,-0.0010111403916075578,-0.205,302.74663445503074,0.0,0.0,0.9474359076585738,1737.4150500580822,0.0,0.0,-1.0,28.895202807310827
-0.004311932049548153,-0.0032947273808743623,-0.205,302.2397271020209,0.0,0.0,0.7728998474371688,1735.2896889281249,0.0,0.0,-1.0,32.27440243816569
0.0011354507324846214,0.006262185878188918,-0.205,302.11778352326667,0.0,0.0,0.6925745171963253,1738.250285298094,0.0,0.0,-1.0,37.995276385678224
-0.003111387186082525,-0.002610861122233002,-0.205,302.4331521130026,0.0,0.0,0.8690343267352746,1739.5303765213441,0.0,0.0,-1.0,31.03102215794792
-0.0011697443965452273,-0.0038381039411092208,-0.205,302.6701904685277,0.0,0.0,0.8720376028683156,1735.7797500539386,0.0,0.0,-1.0,31.098601905121317
-0.0036850480253337275,0.0022707517722673244,-0.205,302.62440220207196,0.0,0.0,0.8522065222725838,1735.8487742012956,0.0,0.0,-1.0,30.59867547784303
-0.000256569288500218,-0.00204532245575834,-0.205,302.9593841579198,0.0,0.0,0.9639002934423962,1741.84186841176,0.0,0.0,-1.0,28.84204927741753
0.0029040599637771185,-0.0018429271375426796,-0.205,302.58285930174355,0.0,0.0,0.9045121357462034,1739.9447911363814,0.0,0.0,-1.0,30.62582897847392
-0.0002923917776550519,0.005544829399333806,-0.205,302.294906563757,0.0,0.0,0.7627818980047316,1737.0633801177241,0.0,0.0,-1.0,31.52085341447221
-0.0012149114520302727,-0.005850567580199625,-0.205,302.2883974424668,0.0,0.0,0.7272850606378426,1735.4717172279968,0.0,0.0,-1.0,34.23080025685526
-0.0028666083463261324,0.00045535969761353423,-0.205,302.8056376801041,0.0,0.0,0.9308334652558182,1737.7971975042963,0.0,0.0,-1.0,28.968210199822956
0.004759977903034781,0.002719161531281992,-0.205,302.43668386535035,0.0,0.0,0.7684825513956287,1740.1811336504663,0.0,0.0,-1.0,33.59699631868969
-0.0013586835156111303,-0.004763728195448199,-0.205,302.4324954872882,0.0,0.0,0.8090231361746163,1740.3937162605134,0.0,0.0,-1.0,32.187216711264554
0.0016304511927875745,0.000296422758230958,-0.205,302.93482782696174,0.0,0.0,0.976153985935801,1737.9463154490882,0.0,0.0,-1.0,27.49142424212147
0.0003448529290983072,0.004912571944406672,-0.205,302.42840092022107,0.0,0.0,0.8111444906019367,1737.2306456402648,0.0,0.0,-1.0,31.705211646015734
-0.001177407186305258,0.002977945199895478,-0.205,302.68711983040305,0.0,0.0,0.916635497129208,1741.4203135315313,0.0,0.0,-1.0,30.037678086937905
0.005585456058494472,-0.0008885080904180703,-0.205,302.264163045205,0.0,0.0,0.7543388857250067,1739.475882100171,0.0,0.0,-1.0,33.650228880372545
-0.004968806958501866,0.002159287943228748,-0.205,302.4480760035671,0.0,0.0,0.7736063047038866,1736.660189757071,0.0,0.0,-1.0,32.798625630569056
0.0018668070981113039,-0.00021842974756203947,-0.205,302.8231148208208,0.0,0.0,0.9697089924016258,1737.4754386903924,0.0,0.0,-1.0,27.827842780730595
0.0017739506619534676,-0.0004985892125636759,-0.205,302.7421244676594,0.0,0.0,0.9708275976085843,1740.1603604065463,0.0,0.0,-1.0,28.137580118738203
0.003022559426683836,0.0032275825019843257,-0.205,302.58711347245537,0.0,0.0,0.8460886715671255,1738.3982663347238,0.0,0.0,-1.0,31.549214050798803
0.0019480502245736245,-0.003451637252228795,-0.205,302.629112265815,0.0,0.0,0.8749891182700366,1735.3679672337275,0.0,0.0,-1.0,31.028250360602723
0.0018452993854299125,7.166886665265144e-05,-0.205,302.8588862575229,0.0,0.0,0.9707070255248473,1738.602223417782,0.0,0.0,-1.0,27.50261461070855
-0.004041012035950069,-0.0006164514863744176,-0.205,302.5791248132286,0.0,0.0,0.8674325017493618,1745.1898619871356,0.0,0.0,-1.0,31.556395901458
-0.003689694970865474,-0.0005788810657273761,-0.205,302.5829362064648,0.0,0.0,0.8883319044758423,1739.5360111101509,0.0,0.0,-1.0,30.711487102716948
0.0038763664604425734,0.0022035205293061133,-0.205,302.57381912214174,0.0,0.0,0.8436327317149264,1741.4465941070873,0.0,0.0,-1.0,32.48717481624069
0.0006840319892109001,-0.004864682288866072,-0.205,302.5467270194139,0.0,0.0,0.8120268058610286,1735.663382020498,0.0,0.0,-1.0,31.87366852581006
0.005200517566721149,-0.0032659433216228745,-0.205,302.1270610083358,0.0,0.0,0.7127449598064273,1741.5676716220792,0.0,0.0,-1.0,34.796638157265036
-0.001973091439324549,-0.0006935877725038419,-0.205,302.80933582214385,0.0,0.0,0.9628923074266291,1739.4477176322814,0.0,0.0,-1.0,26.99254091741217
-0.0011833613406800013,0.003648582846127003,-0.205,302.5573104663511,0.0,0.0,0.8825327568080275,1740.8078585182343,0.0,0.0,-1.0,31.24037606147767
0.005031044174046206,-0.0012490948190345028,-0.205,302.32418417414726,0.0,0.0,0.7918175495886617,1739.4144558153278,0.0,0.0,-1.0,32.369272586494645
0.0009564747881670948,0.0036835639016532043,-0.205,302.5908576925456,0.0,0.0,0.8842704994259484,1738.5196912456588,0.0,0.0,-1.0,30.149918234499342
0.00155184733274445,-0.006021946640088859,-0.205,302.16698804383,0.0,0.0,0.7058003412047814,1737.066736090144,0.0,0.0,-1.0,35.56565476764656
-0.003765097079865407,-0.003529573834935701,-0.205,302.4069368782102,0.0,0.0,0.7935680981898349,1743.0010441822963,0.0,0.0,-1.0,33.31798915076823
-0.0008280592911205567,0.0026933030478564855,-0.205,302.663883872862,0.0,0.0,0.9346235407515378,1741.0918587343263,0.0,0.0,-1.0,29.632992290660468
-0.0036173352872142556,0.00041290530055785186,-0.205,302.6941520728237,0.0,0.0,0.8936116217712449,1733.508178137508,0.0,0.0,-1.0,29.243691010292288
0.005428116348515278,0.0021612801241332074,-0.205,302.34884864227064,0.0,0.0,0.7386867032466491,1739.1910532733195,0.0,0.0,-1.0,35.116964635791504
-0.0031298493325836617,0.0012004442824275893,-0.205,302.81346999222365,0.0,0.0,0.9090645293835738,1739.1720461515997,0.0,0.0,-1.0,28.90120499833737
-0.003907357122947763,-0.00027266345785911377,-0.205,302.52829927644814,0.0,0.0,0.8777646839950398,1738.575699568156,0.0,0.0,-1.0,31.27974362391603
-0.0009553455917823569,-0.004121924470626341,-0.205,302.62386919177595,0.0,0.0,0.8584555354677377,1734.5677477085496,0.0,0.0,-1.0,32.19742835930331
-0.004691440397672363,-0.0035218661079144216,-0.205,302.2062790942082,0.0,0.0,0.7366684754898074,1739.558206489946,0.0,0.0,-1.0,36.537183620876384
0.00018895083552070515,-0.0013633609886944047,-0.205,303.01444506754365,0.0,0.0,0.9832418987050233,1738.5316409586624,0.0,0.0,-1.0,26.465949409714764
-0.005681619598311518,0.0022343025640962698,-0.205,302.2869066149845,0.0,0.0,0.7159215906400443,1740.6107736173424,0.0,0.0,-1.0,33.3975550875935
-4.3703604513513565e-05,4.7105767832881754e-06,-0.205,302.9997642935158,0.0,0.0,0.9999758807989602,1741.0585517982154,0.0,0.0,-1.0,24.490402189221708
-0.0030189620234575745,0.0024524018339912275,-0.205,302.69944939044893,0.0,0.0,0.8793803328612084,1739.8188773997485,0.0,0.0,-1.0,30.151850588337798
0.0023040478761103115,-0.004732895929185424,-0.205,302.35504335512354,0.0,0.0,0.7856598527857139,1737.8582817045847,0.0,0.0,-1.0,33.72908743012166
0.0024365719603902844,0.0007413850110456255,-0.205,302.86948961003526,0.0,0.0,0.9460456200281779,1737.7551014080325,0.0,0.0,-1.0,29.030124739398328
-0.004758879758654424,-0.0019567907127394594,-0.205,302.3078193069209,0.0,0.0,0.7947307801687954,1736.3306947454291,0.0,0.0,-1.0,34.57003322092838
0.004177144825976936,-0.003778400399872243,-0.205,302.2397890751252,0.0,0.0,0.7562502497366794,1739.662146224472,0.0,0.0,-1.0,35.168388686641826
-0.0004154799669481591,0.0054759449324874865,-0.205,302.22580092230885,0.0,0.0,0.7676968112710755,1735.4760144772843,0.0,0.0,-1.0,33.5645626018124
0.0017357792187833428,-0.004896134584595793,-0.205,302.3574954434499,0.0,0.0,0.7909828745085509,1738.0089142875827,0.0,0.0,-1.0,35.89507316973058
-0.005675837322571025,-0.0019658490306961817,-0.205,302.1768295454069,0.0,0.0,0.7245680746747829,1738.6380770432584,0.0,0.0,-1.0,34.58274438669153
-0.0034910252569117597,-0.001017536222738349,-0.205,302.56590378198115,0.0,0.0,0.893863006345349,1738.9195407963323,0.0,0.0,-1.0,31.721769608406248
-0.004540670020513011,-0.0009261007981373289,-0.205,302.4316541627782,0.0,0.0,0.8317489513732456,1736.0580136423655,0.0,0.0,-1.0,32.186118394150185
0.0008715392490354299,-0.001904188540745086,-0.205,302.83552653793095,0.0,0.0,0.962800753792239,1737.5966967179804,0.0,0.0,-1.0,28.647645867880417
0.0027776074202641924,-0.005074589575423502,-0.205,302.4558206286753,0.0,0.0,0.7435544603858804,1735.0031907464013,0.0,0.0,-1.0,36.06420443488095
-0.0036350598502849275,0.002143929476522525,-0.205,302.60710121674094,0.0,0.0,0.8591530343494392,1737.0603329048367,0.0,0.0,-1.0,31.371198455138828
-0.004295607894327294,0.0004835039943375562,-0.205,302.6033733745143,0.0,0.0,0.8525802595237775,1738.894880294417,0.0,0.0,-1.0,32.170047209784414
0.00019602679328187457,0.005623854498608736,-0.205,302.2392570337421,0.0,0.0,0.7566785983142489,1739.1535730691269,0.0,0.0,-1.0,33.313941998109435
0.004373949836189236,0.0021565470505075174,-0.205,302.54668697051045,0.0,0.0,0.8146242791639701,1740.329498200592,0.0,0.0,-1.0,32.030095314463225
-0.002639057846786728,0.0010948747823613229,-0.205,302.8288001622148,0.0,0.0,0.9328739693398655,1735.3373098146037,0.0,0.0,-1.0,28.95836975575751
-0.002317701581801285,0.0011111755075055448,-0.205,302.82374846306726,0.0,0.0,0.9450984700265865,1734.362941587288,0.0,0.0,-1.0,28.98473379092251
0.0026505836323517883,0.002390133585967017,-0.205,302.74661351417154,0.0,0.0,0.8975595350045078,1737.0164905141387,0.0,0.0,-1.0,30.506505340718792
0.006096497141600423,-0.0006177133029221238,-0.205,302.2324289389878,0.0,0.0,0.7139240310681267,1738.4638808159364,0.0,0.0,-1.0,36.13865580300788
0.005199332450256149,-0.0021062997772129466,-0.205,302.29884475873905,0.0,0.0,0.758114021382156,1738.3059665167027,0.0,0.0,-1.0,33.86755032952714
-0.00167261918768333,0.00584856957627199,-0.205,302.10987753856483,0.0,0.0,0.7178731732650216,1734.409576134533,0.0,0.0,-1.0,34.02022333555329
0.004534425646549982,0.004647327873231341,-0.205,302.16652916637076,0.0,0.0,0.6806571626187299,1740.1976539592522,0.0,0.0,-1.0,35.44637015033039
0.0011323824040307714,0.003496326676728089,-0.205,302.59619183363293,0.0,0.0,0.8916988580529611,1734.9705919250841,0.0,0.0,-1.0,30.283934920176836
0.005959328895483987,-0.00012878014338115376,-0.205,302.2850372921706,0.0,0.0,0.7285547799254466,1739.9715327372082,0.0,0.0,-1.0,33.06920175783913
0.0030452371726952155,0.0011022591746205985,-0.205,302.7420667049732,0.0,0.0,0.9148293150631533,1741.6510812255917,0.0,0.0,-1.0,30.46744418853664
-0.00333353705404927,0.005406341383182898,-0.205,302.16860528144457,0.0,0.0,0.6937515559072889,1743.6117029435466,0.0,0.0,-1.0,33.62905524927717
0.002486395454917443,-0.002458435809786593,-0.205,302.5959046540028,0.0,0.0,0.9014771195173004,1736.4773628718995,0.0,0.0,-1.0,30.786536599594324
0.0022565793096307194,0.002520039983788314,-0.205,302.74713537947275,0.0,0.0,0.907483637065915,1740.2360346740452,0.0,0.0,-1.0,30.396432417388265
0.003165710785859784,0.0033626675934541822,-0.205,302.52719056881926,0.0,0.0,0.8328364585864313,1735.9048097247578,0.0,0.0,-1.0,31.72049121040308
-0.001336002365489528,0.00025513576969302126,-0.205,302.9847667359981,0.0,0.0,0.9836157343714605,1737.1608712080038,0.0,0.0,-1.0,27.60806807925681
0.0036011239128343267,0.0033534396485228306,-0.205,302.50709862692804,0.0,0.0,0.8114303201416266,1739.8496276584303,0.0,0.0,-1.0,31.353268593415216
-0.0063401319401288755,0.00043251412216873227,-0.205,302.24649027970196,0.0,0.0,0.6934389633451137,1738.0373979933963,0.0,0.0,-1.0,34.2928763433915
0.001991477524160372,-0.0014671426442275232,-0.205,302.7533665989073,0.0,0.0,0.9489581201842086,1738.05413393274,0.0,0.0,-1.0,28.838330411240786
-0.0004264209386571702,-0.002322517194254735,-0.205,302.8442353715959,0.0,0.0,0.9532678913997116,1740.5560615447596,0.0,0.0,-1.0,28.64237472115633
0.0011370543097695433,0.0016487013502900021,-0.205,302.9019593772985,0.0,0.0,0.9658244269902581,1738.364834185584,0.0,0.0,-1.0,27.96669706911064
-0.005118537254454351,0.002737926993150307,-0.205,302.373166717076,0.0,0.0,0.741886948189413,1738.7460519508882,0.0,0.0,-1.0,36.04736416806425
0.004911064696214552,-0.0016399640233679348,-0.205,302.3171745526259,0.0,0.0,0.792285704719235,1738.28895688256,0.0,0.0,-1.0,33.462847281482844
0.004444064834499218,-0.0031013398357932973,-0.205,302.2470287893507,0.0,0.0,0.7734857393526403,1741.153105545958,0.0,0.0,-1.0,33.45981089846023
0.002754675280751043,-0.00043587031921587876,-0.205,302.70694208163155,0.0,0.0,0.9358863133168636,1737.4480298529331,0.0,0.0,-1.0,27.228250143603326
-0.002551616744004468,0.005252723050410763,-0.205,302.28720444711035,0.0,0.0,0.7389320177017247,1737.8880866988907,0.0,0.0,-1.0,33.264784202554594
0.001481435335017477,-0.0027975827773038986,-0.205,302.6904254912828,0.0,0.0,0.918438528557757,1736.4133219080788,0.0,0.0,-1.0,29.777722716771986
-0.0063867017400824865,-0.000788090730619917,-0.205,302.1205463531253,0.0,0.0,0.6860395142753856,1738.9694799280842,0.0,0.0,-1.0,34.88204462983414
0.0033240934071143316,-0.0029676956400337485,-0.205,302.42570182784453,0.0,0.0,0.8438188205546331,1739.3623207913056,0.0,0.0,-1.0,30.828978006939185
-0.00036718390225131434,0.005874645259713342,-0.205,302.1981494173406,0.0,0.0,0.7349740546580413,1738.1377956159715,0.0,0.0,-1.0,35.3828522092839
-0.00020069034374915073,-0.0008541387670453421,-0.205,303.0494404815441,0.0,0.0,0.9928765644132905,1737.0601147334812,0.0,0.0,-1.0,28.84561011307329
0.0021854215629937366,0.005995937760075043,-0.205,302.0883854222564,0.0,0.0,0.6909659635207218,1741.5111409691326,0.0,0.0,-1.0,34.470189323960824
0.005286058434792917,0.0031158582695978115,-0.205,302.30401696574967,0.0,0.0,0.7131848136115969,1742.238701545222,0.0,0.0,-1.0,33.99110891306729
0.002218301339653075,0.00450046467422495,-0.205,302.4495745365094,0.0,0.0,0.8043245629131108,1739.2821193324517,0.0,0.0,-1.0,31.748952172249897
-0.0021772225167982456,0.0016723127471109734,-0.205,302.8137987790422,0.0,0.0,0.9377772446609478,1739.5532473843175,0.0,0.0,-1.0,29.506653289487684
-0.0013883296754738385,0.003254048097316362,-0.205,302.64224463347347,0.0,0.0,0.8992566516506906,1740.832493471133,0.0,0.0,-1.0,30.009680788235503
0.003936295752876217,-0.0014174536997471686,-0.205,302.48658056184934,0.0,0.0,0.8614566789531517,1736.354666191298,0.0,0.0,-1.0,32.132183656489815
0.003466638511447525,-0.002266244816996906,-0.205,302.49356358088215,0.0,0.0,0.8640909230616608,1739.5855751695171,0.0,0.0,-1.0,30.310498307966867
-0.0038740356419415234,-0.0016841292173860416,-0.205,302.4438084268834,0.0,0.0,0.8588949828319496,1736.3706807283004,0.0,0.0,-1.0,32.23667492683938
0.0018554359783415964,-0.005391199682612957,-0.205,302.35028142257505,0.0,0.0,0.7505398174360819,1739.9440922397107,0.0,0.0,-1.0,36.4261763015967
0.00269862459313029,0.005323221778996377,-0.205,302.32843832866075,0.0,0.0,0.7279082935760037,1735.8735195320871,0.0,0.0,-1.0,34.01792739915333
0.0024825107988457563,-0.005119004063927244,-0.205,302.35459157109176,0.0,0.0,0.751565032946479,1737.7726203773277,0.0,0.0,-1.0,34.01991641546368
0.0031321646523287568,0.0010482464117450676,-0.205,302.74882874679923,0.0,0.0,0.9115860626166574,1737.1628521475425,0.0,0.0,-1.0,28.543408650979114
-3.682977340017111e-05,0.004485564871032923,-0.205,302.46919139585896,0.0,0.0,0.8418406090493454,1740.1186016824256,0.0,0.0,-1.0,31.31670581956034
-0.0006620072631923639,0.006298335926462727,-0.205,302.1030052685699,0.0,0.0,0.6954372793668961,1742.184742630113,0.0,0.0,-1.0,35.01347022838623
0.00022250964006428596,-0.005055799806155023,-0.205,302.4960359234666,0.0,0.0,0.8011096444441657,1739.1428197487828,0.0,0.0,-1.0,32.7682967863784
0.005379742254965247,0.00020390051638251815,-0.205,302.38131908181475,0.0,0.0,0.7763063539161748,1737.0458691317135,0.0,0.0,-1.0,35.147896433110645
0.0004478030775726919,0.003389210541645916,-0.205,302.5625263069845,0.0,0.0,0.9056064705482608,1738.6010937874235,0.0,0.0,-1.0,31.174312061438485
-0.003267239578218652,0.0008574351800567945,-0.205,302.7237432554545,0.0,0.0,0.9077348367343648,1739.1746705055905,0.0,0.0,-1.0,31.530912834625536
0.00026538217524762147,0.005338621828698148,-0.205,302.3280085725439,0.0,0.0,0.7793274788025832,1736.7448181763768,0.0,0.0,-1.0,33.397199055045704
-0.004258775303766511,0.0010221137157704991,-0.205,302.5946619517128,0.0,0.0,0.8488663092893838,1738.8943487509457,0.0,0.0,-1.0,29.868566597295363
