x,y,z,T,u,v,w,p,nx,ny,nz,qn
-0.001598350692363613,-0.008348369605151701,0.10871963883088101,281.2483012319045,0.0,0.0,-0.5901320273159141,1112.1416252065856,-0.18804125792513093,-0.9821611300178471,0.0,-5088.610497128664
0.006477388342180231,0.005503947698206048,-0.0009353911162319761,281.70248202286706,0.0,0.0,-0.5968625257397117,727.9605595287886,0.7620456873153212,0.6475232586124762,0.0,-4819.235044403253
-0.008012567083812835,-0.0028370352002396945,0.06995856132714465,281.5129982095352,0.0,0.0,-0.6247319616319699,975.9667478792207,-0.9426549510368041,-0.33376884708702287,0.0,-4702.786093157913
-0.006934182469964485,-0.004916005845525129,-0.162586574227098,281.84956028896653,0.0,0.0,-0.6110167285132141,152.72823172121156,-0.8157861729369982,-0.5783536288853093,0.0,-4738.556096612444
-0.0061221797508438916,0.0058965172007174734,0.1429656297679878,281.19706455234973,0.0,0.0,-0.6243791479648693,1237.7017939862326,-0.720256441275752,0.6937079059667616,0.0,-4885.098122249125
0.008435915425879348,0.0010417921709299164,-0.11131530208268257,281.6575906970557,0.0,0.0,-0.6203666022505907,333.39864732764914,0.9924606383387468,0.12256378481528428,0.0,-4611.744546746656
0.005503969523546315,0.0064773697967518695,-0.01128387276744211,281.67953562187796,0.0,0.0,-0.5969303565559575,684.8625109828939,0.6475258262995665,0.7620435055002199,0.0,-4887.485153382446
0.00849485933881538,-0.0002955753943431716,-0.08768544684857836,281.57926178405324,0.0,0.0,-0.6142679592635734,415.6992366159113,0.9993952163312212,-0.034773575805079004,0.0,-4612.006684904037
0.001352559046228008,-0.008391697326909902,0.08882053675182836,281.235610684969,0.0,0.0,-0.5900372403134377,1044.0376570496705,0.1591245936738833,-0.9872585090482237,0.0,-5087.688820126922
0.0014799219031722015,0.00837017509736273,-0.011512340841785595,281.6358201168744,0.0,0.0,-0.6096729142909666,689.3132108577338,0.17410845919672957,0.984726482042674,0.0,-5058.573270740691
0.0070786922925925545,-0.004705540928181453,-0.18867152506865886,281.78011326648823,0.0,0.0,-0.6483180645405006,57.78674941756392,0.8327873285403005,-0.5535930503742885,0.0,-4719.225527133425
-0.0005379102596625752,0.008482962486805523,-0.08805687751554488,281.77036476371086,0.0,0.0,-0.591207321762538,416.7232871899693,-0.06328355996030297,0.9979955866830027,0.0,-5049.612868138245
0.0030317251831947596,-0.007940947198765567,0.18929316054610115,281.0289007334956,0.0,0.0,-0.623710473934471,1397.4299580990905,0.3566735509640893,-0.9342290822077137,0.0,-5069.810920241385
0.002029801996772414,-0.00825408407116736,-0.10531243225531799,281.796179232666,0.0,0.0,-0.6494136812043924,356.05807905134077,0.23880023491440167,-0.9710687142549834,0.0,-5021.654202038794
0.008400509904407098,0.0012967009470029138,-0.07567815836821828,281.6441773973512,0.0,0.0,-0.6039580152263978,460.8946669127632,0.9882952828714232,0.1525530525885781,0.0,-4624.93597474823
0.0012592455257997228,0.00840620608275537,0.003482020358397092,281.5467417972886,0.0,0.0,-0.617144356630755,737.7671712861727,0.1481465324470262,0.9889654215006317,0.0,-5066.277346750486
0.008067177661640938,-0.0026778059256640442,-0.039563299997931206,281.5236119097742,0.0,0.0,-0.6019880187552434,586.8196451420785,0.9490797248989338,-0.3150359912545934,0.0,-4668.054433443853
0.001862543290988819,0.008293427065405022,-0.1275781729985818,281.98549777680125,0.0,0.0,-0.5953289357999406,271.2147686074125,0.21912274011633162,0.9756973018123555,0.0,-5019.645208579428
0.007822569933140254,0.003325266852619515,0.1272002931054325,281.3955754239301,0.0,0.0,-0.6411084422213822,1179.295970051924,0.9203023450753239,0.3912078650140605,0.0,-4736.466089111834
0.002715573267881956,0.008054542930965414,-0.0737301955997102,281.8534445685962,0.0,0.0,-0.5902006180305142,466.86873186477027,0.31947920798611246,0.947593285995931,0.0,-5010.309263702244
0.006153458194702005,0.005863868368752384,-0.12050744641264946,281.8653133404405,0.0,0.0,-0.6060046239128997,300.442630361694,0.7239362582002359,0.6898668669120451,0.0,-4812.071903277028
0.00018290915850207513,0.008498031786227683,-0.06366066290471345,281.7279215132115,0.0,0.0,-0.5948028200249011,502.57764627811656,0.021518724529655895,0.9997684454385509,0.0,-5057.716565530025
-0.00835513539736794,-0.001562597994254849,0.19618597019239217,281.31735189872126,0.0,0.0,-0.5900372122908818,1424.6216808791792,-0.9829571055726988,-0.1838350581476293,0.0,-4702.505204881343
-0.00611424888381013,0.005904740518162215,-0.1946537035655569,281.9279304111147,0.0,0.0,-0.5954004776040337,38.567914809811306,-0.7193233980953094,0.6946753550779076,0.0,-4795.108329167904
-0.008475284782001545,-0.0006477251453919565,0.11020257174688111,281.38631559664566,0.0,0.0,-0.614207089349292,1120.5966016876187,-0.9970923272942993,-0.07620295828140665,0.0,-4667.121575613776
-0.006064729285015846,0.005955590541623156,0.08090515239414439,281.2452104396973,0.0,0.0,-0.6468342619499885,1017.9684506191014,-0.7134975629430406,0.7006577107791948,0.0,-4872.711600575139
0.005605744305937535,0.006389493780922626,0.17992684548237506,281.0739070449232,0.0,0.0,-0.6467957644162811,1368.381204406779,0.6594993301102982,0.7517051506967795,0.0,-4931.899734882018
0.008168524999211545,-0.002350574256911708,0.16507628018120415,281.3041506905355,0.0,0.0,-0.6388353576939662,1314.9699590717544,0.9610029410837112,-0.2765381478719656,0.0,-4712.937030877918
0.002019309531043014,0.008256657254472832,-0.09131272437684468,281.92332830102555,0.0,0.0,-0.5900701837155802,406.8091214253884,0.23756582718153105,0.9713714417026861,0.0,-5025.668954404023
-0.00846471978283741,-0.0007736400959367261,0.0411117057188676,281.47677200089726,0.0,0.0,-0.6425309522341379,871.0569028774935,-0.9958493862161659,-0.09101648187490895,0.0,-4649.6749298150835
0.005053498597506243,-0.006834628879829719,-0.15152144804067433,281.7992758180719,0.0,0.0,-0.6498033350865192,184.49958898821788,0.5945292467654404,-0.8040739858623198,0.0,-4878.823293070037
-0.001286463775994792,-0.008402083726853311,0.0986930665426757,281.27011587752537,0.0,0.0,-0.5906607820781283,1077.9789890915524,-0.15134867952879905,-0.9884804384533307,0.0,-5091.399801579162
0.0010538540975923818,0.008434417083651233,-0.1297041842967726,282.0163114678048,0.0,0.0,-0.5942873059715663,269.69067975640735,0.12398283501086843,0.9922843627824979,0.0,-5033.437749322156
0.004911954203412822,0.006937053113792276,-0.10413229441222104,281.8844673247528,0.0,0.0,-0.5959575594131669,356.07742399492594,0.5778769651073907,0.8161238957402678,0.0,-4900.127681160057
-0.0054646970000812485,0.006510536590581687,-0.002032546824002751,281.3074192347927,0.0,0.0,-0.63856218526098,722.1936654969885,-0.6429055294213233,0.7659454812449042,0.0,-4892.590573864789
-0.003365155028028284,-0.00780549368312703,-0.007799782740688849,281.6241096876019,0.0,0.0,-0.6350773567646674,700.5807986550491,-0.39590059153273927,-0.9182933744855328,0.0,-5003.942972876826
0.008355466103037126,0.0015608286904710519,0.09577882137588475,281.4661299074593,0.0,0.0,-0.6224474917494727,1068.1579283101466,0.9829960121220148,0.1836269047613002,0.0,-4675.533046621481
-0.002384637046088175,-0.00815864609836852,-0.03227797432823665,281.702240222382,0.0,0.0,-0.641077413636543,613.8293392593035,-0.28054553483390293,-0.9598407174551199,0.0,-5031.709504937328
0.002723276675525088,-0.008051941638421198,-0.19325362100803054,282.06372462561626,0.0,0.0,-0.634544349563092,41.839881438512585,0.3203854912382456,-0.9472872515789643,0.0,-4977.9868478162025
-0.0036134774480885415,-0.007693684470535266,-0.019215171931575736,281.6776004648582,0.0,0.0,-0.6400855111970077,661.4735596014923,-0.4251149938927696,-0.9051393494747372,0.0,-4990.326696435299
0.007631022887441327,0.003743993815612764,0.061792679476420115,281.61700239292344,0.0,0.0,-0.6149922142347449,948.1627322898164,0.8977673985225091,0.4404698606603252,0.0,-4736.944550948022
-0.008428399540593452,0.0011009455863593416,-0.06968715967957143,281.4977472498888,0.0,0.0,-0.6309313087309227,484.2707204542376,-0.991576416540406,0.12952301015992254,0.0,-4623.6849774348075
-0.0028490775183836687,0.008008293032490805,0.1476188858061657,281.0687460289903,0.0,0.0,-0.6353611030540974,1251.2481779658715,-0.33518559039807866,0.9421521214695063,0.0,-5065.1713397189815
-0.0004937904837073786,0.008485644993646626,-0.09455109256314678,281.83430929608386,0.0,0.0,-0.5904843749377644,390.15798413219574,-0.05809299808322101,0.9983111757231323,0.0,-5048.147723274999
-0.006112151701467795,-0.005906911339968152,0.18237588296009402,281.1597356297104,0.0,0.0,-0.5926270935762865,1376.6701379120332,-0.719076670760917,-0.694930745878606,0.0,-4896.418761230167
-0.000952063179436805,0.008446512635541411,0.12858565225128213,281.0774520592176,0.0,0.0,-0.6461529706279546,1185.6449976598237,-0.11200743287491823,0.9937073688872247,0.0,-5103.978497019932
-0.007184271615581655,-0.004542712994846556,0.14034992209217798,281.36917665464813,0.0,0.0,-0.5926925256779939,1225.6817563992145,-0.8452084253625476,-0.5344368229231242,0.0,-4798.328852932994
0.000986904966147091,-0.008442512575518868,-0.05006731429444708,281.68516627591396,0.0,0.0,-0.6381771927615176,551.146536752515,0.1161064666055401,-0.9932367735904549,0.0,-5055.635792822448
-0.001748956465296356,-0.008318121860281809,0.058742901689142396,281.38236849261995,0.0,0.0,-0.6008348847167204,934.2815844289448,-0.20575958415251244,-0.9786025717978597,0.0,-5072.132007850017
0.00554541966201188,-0.006441919028687962,-0.031211935219274678,281.47095900715533,0.0,0.0,-0.6130896571424799,618.5952823734805,0.6524023131778682,-0.757872826904466,0.0,-4879.349403735156
-0.005925789210223261,0.006093851182626762,0.06411496002740139,281.2640208630611,0.0,0.0,-0.649498125249765,955.2556184912348,-0.6971516717909719,0.7169236685443249,0.0,-4878.352575109881
-0.008482706402510757,-0.0005419336571971015,0.08526910286202424,281.49803269464553,0.0,0.0,-0.6259677420313046,1029.0688227982325,-0.9979654591189124,-0.06375690084671783,0.0,-4659.665651036071
0.0071674334771233755,-0.004569233781610559,-0.06642022808198533,281.5479157577932,0.0,0.0,-0.6204385937074443,490.296530071505,0.8432274678968676,-0.5375569154835952,0.0,-4744.325611256337
-0.0020173561605419618,-0.008257134740424393,-0.17837198337943458,282.0286477837701,0.0,0.0,-0.6250295625686172,89.83766401372044,-0.2373360188872896,-0.9714276165205167,0.0,-5002.359612241194
0.004508175816973103,-0.007205994088483482,0.13985732543263682,281.0917599285934,0.0,0.0,-0.6072419054213928,1223.784650458501,0.5303736255262474,-0.8477640104098214,0.0,-4988.752376699596
-0.00841894850596239,0.0011710277767643439,0.13665262363064537,281.41745562037306,0.0,0.0,-0.6087283319268272,1213.7082114160683,-0.9904645301132223,0.13776797373698163,0.0,-4680.014105441398
-0.006565145117502625,-0.005398969307759718,-0.006900577204801223,281.64078610727415,0.0,0.0,-0.645052995609631,706.6232184923853,-0.7723700138238382,-0.6351728597364373,0.0,-4810.664232796116
-0.005139676166354141,0.006770061218704836,-0.12823476160231584,281.71159864333305,0.0,0.0,-0.5909698554652597,273.1240160887897,-0.6046677842769577,0.7964777904358631,0.0,-4879.721374854574
0.008373750811813057,0.001459553815952043,-0.18266472125769995,281.72468560525186,0.0,0.0,-0.6461109673863628,78.67876477763654,0.9851471543309479,0.1717122136414168,0.0,-4598.96582895569
-0.008443236532781817,-0.0009806920268353807,0.19669389863231848,281.2669318624918,0.0,0.0,-0.5900020381372422,1428.5385970606874,-0.9933219450331549,-0.1153755325688683,0.0,-4693.628599726245
-0.0062453016567588,0.005765952411881821,-0.09817428869280821,281.6558604292969,0.0,0.0,-0.6011544068529092,376.7806481025521,-0.7347413713833882,0.6783473425743318,0.0,-4811.128808250343
0.0035497546416550746,0.007723292172645566,-0.06018674747601441,281.77564134719245,0.0,0.0,-0.5907075877048752,519.6986647319087,0.4176181931358911,0.9086226085465371,0.0,-4982.1141557382625
-0.007871874978176534,0.0032068028202491966,0.030972713188633316,281.46109354559667,0.0,0.0,-0.6498844304458054,839.8679425752221,-0.926102938609004,0.3772709200293172,0.0,-4705.9364250428
-0.005024856857085082,-0.006855713935528891,0.1201957016000054,281.24559205962873,0.0,0.0,-0.5919369850449641,1154.52777253607,-0.5911596302453037,-0.8065545806504577,0.0,-4953.480955548562
-0.002016737891058578,-0.008257285769474652,0.15906524270446484,281.08320227133936,0.0,0.0,-0.5957116428711293,1295.3377124176952,-0.23726328130100915,-0.9714453846440767,0.0,-5092.90674027795
-0.004139185788138029,-0.007424091931763519,-0.12333337450193711,281.9196081761957,0.0,0.0,-0.6402932158427036,291.72283197709226,-0.4869630338985916,-0.8734225802074728,0.0,-4937.572039651618
0.0007373517238489618,-0.008467957984977074,0.07488658663564338,281.24558087526253,0.0,0.0,-0.5916806829126803,994.2065472786668,0.08674726162928961,-0.9962303511737732,0.0,-5091.78048478763
0.005363126471412885,0.006594457858810714,0.03468648047474779,281.50873402265256,0.0,0.0,-0.6154806681808751,848.5425915549902,0.6309560554603393,0.7758185716247898,0.0,-4909.139689582148
-0.006822473018941847,-0.005069897622813555,0.08243737226292971,281.48503030056787,0.0,0.0,-0.6102326026009024,1021.6328169964121,-0.8026438845813937,-0.5964585438604182,0.0,-4813.652973377259
-0.007154057634053592,0.004590148076983959,-0.19466913307352182,281.84195195679354,0.0,0.0,-0.5925120158208964,36.409368959506644,-0.8416538393004225,0.5400174208216422,0.0,-4711.083974512642
-0.00819406500394504,0.002259933342185816,0.19976636848540671,281.2274604902966,0.0,0.0,-0.5918117843022612,1438.3949165501024,-0.964007647522946,0.2658745108453901,0.0,-4719.699127387101
0.0052218463555335735,-0.006706886061295565,-0.12544451322136613,281.7300802598586,0.0,0.0,-0.6485707237411197,285.4323069502843,0.614334865356891,-0.7890454189759488,0.0,-4875.284931200439
0.008456813247166647,-0.000855750958250551,-0.002727718124218209,281.5087695328533,0.0,0.0,-0.5903047150404233,719.3513851423382,0.9949192055490171,-0.10067658332359423,0.0,-4638.7279139352595
0.0022846572751419937,0.008187205941903548,0.12260294842579653,281.1867605744578,0.0,0.0,-0.6499806214593783,1162.6968806946952,0.26878320884023454,0.9632006990474762,0.0,-5076.105932091938
-0.007556613111693352,-0.0038919915570545796,-0.04801113514476332,281.6678051313937,0.0,0.0,-0.6489905230527593,556.228723111502,-0.8890133072580413,-0.4578813596534799,0.0,-4714.367313129622
0.0006072169149077465,0.008478283294290768,0.19837795341152195,280.98494632364077,0.0,0.0,-0.625163559201033,1432.8424931315733,0.0714372841067937,0.9974450934459728,0.0,-5125.977907707666
-0.008075471674905183,-0.002652688679020606,-0.11068682407751256,281.6947096027855,0.0,0.0,-0.6257223457322133,337.49358083872175,-0.9500554911653156,-0.31208102106124774,0.0,-4648.157143034512
0.004098070811437768,0.007446866161308514,-0.055174835615906054,281.7384852991329,0.0,0.0,-0.5907373584495199,529.7908066069704,0.48212597781620803,0.8761019013304133,0.0,-4957.9209935890585
-0.008119902684687364,-0.0025134001653550806,0.2020436641109892,281.3581635931276,0.0,0.0,-0.5909691681888632,1447.1293910957786,-0.9552826687867486,-0.2956941371005977,0.0,-4727.678246707597
-0.0026205879581374914,0.008085945755053319,-0.09345649186438675,281.7323201403827,0.0,0.0,-0.5930127453523628,398.27720572956116,-0.3083044656632343,0.9512877358886257,0.0,-5008.103583899701
0.007897380345412213,-0.0031434668250033887,-0.03233242517633378,281.4081879634534,0.0,0.0,-0.6007540769830307,615.6090792760866,0.9291035700484956,-0.3698196264709869,0.0,-4686.502731598092
-0.007504967591642681,-0.003990671804144393,0.07068256956534649,281.48504572459836,0.0,0.0,-0.6199664936757592,980.1125855229819,-0.8829373637226683,-0.4694908004875756,0.0,-4750.949125391533
-0.0067929886746033626,0.005109335070898215,0.06777598153462097,281.27225201819834,0.0,0.0,-0.6477039418650602,968.3329706066319,-0.7991751381886308,0.601098243635084,0.0,-4812.164203264443
0.002652347180071244,-0.008075583844922182,-0.1790300125083274,281.94183329874426,0.0,0.0,-0.6396759139607442,94.63971362620151,0.312040844714264,-0.9500686876379036,0.0,-4984.124982560921
-0.004605755211589368,-0.007144019801968455,0.12957872491108827,281.1761227909525,0.0,0.0,-0.5903720960235407,1189.5737617479226,-0.5418535543046314,-0.8404729178786416,0.0,-4980.5787030591055
-0.0032675987712268584,0.007846833646145223,0.06600002164367078,281.2201181717554,0.0,0.0,-0.6495936670779361,962.8658737994966,-0.3844233848502186,0.9231568995464967,0.0,-5027.683533799342
0.008469150594009925,0.0007235248551234156,-0.0695126839784728,281.5537539526854,0.0,0.0,-0.603290499988814,482.0769741376145,0.9963706581188145,0.08512057119099006,0.0,-4619.538280639517
0.00849609285313083,0.00025769406469538164,0.1846568484016017,281.32524490174313,0.0,0.0,-0.6488197447434408,1382.9662865362598,0.9995403356624506,0.030316948787691957,0.0,-4684.946492927349
-0.0033768362427979556,-0.0078004472300840675,-0.019258034411915287,281.6503408810473,0.0,0.0,-0.6394106489035659,660.2057124904172,-0.3972748520938771,-0.9176996741275373,0.0,-5000.389194712997
0.007858987112920069,0.0032382590320967687,-0.05434965739541692,281.65694159963505,0.0,0.0,-0.592883740278245,540.1523752903178,0.9245867191670668,0.3809716508349139,0.0,-4684.279720046777
0.006511155044752709,-0.005463960100805218,0.19790081898985648,281.0096805742632,0.0,0.0,-0.6407507759631553,1431.144888089956,0.7660182405591421,-0.6428188353888491,0.0,-4869.910405937703
0.0017911844901276099,-0.008309131008855638,-0.18507914130531425,282.0513448110899,0.0,0.0,-0.6348439621475953,71.12056966250279,0.21072758707383643,-0.9775448245712514,0.0,-5005.805929605661
0.006022049733288378,-0.005998742952469408,0.11499056406488686,281.1643014199996,0.0,0.0,-0.6032582666110049,1134.7888922941843,0.7084764392103974,-0.7057344649964008,0.0,-4884.99802638109
-0.008392468007303313,-0.0013477688030186761,0.20322583173949185,281.23664667757856,0.0,0.0,-0.5902611554032916,1448.9793614904893,-0.9873491773298013,-0.158561035649256,0.0,-4700.586308528937
0.008498400138509953,-0.00016490932591583016,0.13341438743731257,281.37952847102815,0.0,0.0,-0.6331665067550608,1203.9901335554036,0.999811781001171,-0.01940109716656825,0.0,-4670.959721077953
-0.008497049259105573,-0.00022395063816262053,-0.05053584300196373,281.5620665528298,0.0,0.0,-0.6419894056093834,549.0538853175499,-0.9996528540124203,-0.026347133901484767,0.0,-4621.747038541556
0.00023194329805787333,-0.00849683484048537,-0.16782293402287432,281.96962117593404,0.0,0.0,-0.6368655010386561,132.96211662819684,0.027287446830338038,-0.9996276282923964,0.0,-5029.646708682362
0.004768919315916661,-0.007036150123347068,-0.18516503530265016,281.9205649090909,0.0,0.0,-0.6434927304708324,73.56447397152932,0.561049331284313,-0.8277823674525963,0.0,-4886.819980955198
-0.002265830014072011,-0.008192436410942135,-0.09846404024338269,281.8634514919128,0.0,0.0,-0.6493534988607119,382.22752172890415,-0.2665682369496483,-0.9638160483461334,0.0,-5017.317023493092
0.008404444844665173,0.0012709472266703257,-0.19558248450667023,281.79039971594347,0.0,0.0,-0.648709222985562,33.87670206764883,0.9887582170194321,0.14952320313768536,0.0,-4592.363813339894
-0.007080991211639598,-0.004702080758630457,-0.13635413074666763,281.798202051392,0.0,0.0,-0.6220197098178344,243.9414774084332,-0.8330577896046586,-0.5531859716035832,0.0,-4733.063660872581
-0.00829026669422233,0.0018765601878618112,0.04997262684909712,281.44365558507167,0.0,0.0,-0.6456815095155571,903.1117611185093,-0.9753254934379212,0.22077178680727189,0.0,-4669.8529701442785
0.008238387711932348,0.0020925983627734426,0.019732148578767622,281.6048033557178,0.0,0.0,-0.5944421149881636,799.0628344157285,0.9692220837567468,0.2461880426792285,0.0,-4666.961754119729
0.0012011981528009675,-0.008414696845264693,-0.0939760184183355,281.84818848743197,0.0,0.0,-0.6488936715182078,397.01833744593944,0.14131742974129027,-0.9899643347370225,0.0,-5040.999850870343
0.008496872984340606,0.00023054172720524065,0.08436677120157324,281.3947292599815,0.0,0.0,-0.6125557053422328,1027.3046102377173,0.9996321158047771,0.027122556141793014,0.0,-4657.958665938277
0.007411355158071158,-0.004161948428432535,0.1288514091460524,281.2938384743893,0.0,0.0,-0.6167708648832628,1186.744376701078,0.8719241362436656,-0.48964099158029817,0.0,-4775.059142538422
0.0013294796845644357,-0.008395384670658663,-0.10146917281192747,281.8134454733743,0.0,0.0,-0.6495529501483555,366.347409451581,0.15640937465463947,-0.9876923141951367,0.0,-5037.012450700785
0.0038815840956288113,-0.007561964355150153,0.14742579442006784,281.07388737298896,0.0,0.0,-0.6080945188017429,1249.4152860434804,0.45665695242691895,-0.8896428653117827,0.0,-5022.797610149649
-0.008443173875890478,-0.000981231319047952,0.20103394070779604,281.24204836425025,0.0,0.0,-0.5900452279191604,1444.291355769514,-0.9933145736341737,-0.11543897871152375,0.0,-4694.79944474647
-0.008453936306497404,0.0008837199362269958,-0.04782021302556766,281.55399186948756,0.0,0.0,-0.6400909798380152,556.7418946344657,-0.994580741940871,0.10396705132082303,0.0,-4626.926211763791
0.004980949138890091,0.006887680718194628,-0.19234314500040658,281.91640364876326,0.0,0.0,-0.6325645030718527,44.85292188527605,0.5859940163400107,0.8103153786111327,0.0,-4872.304587223286
0.0003734489762428592,0.008491792264424699,-0.0836429907435731,281.82346138179594,0.0,0.0,-0.5908961085408329,432.95912390049256,0.04393517367563049,0.9990343840499646,0.0,-5051.709865831584
-0.003529427714047524,0.007732602408718121,-0.19750885467056403,282.03701299858346,0.0,0.0,-0.6044989833418651,27.64771615334333,-0.415226789887944,0.9097179304374259,0.0,-4946.147973180744
-0.0022222598795021,-0.008204362316960125,0.054479402151246775,281.40402398536554,0.0,0.0,-0.6038016433279169,921.1451638580558,-0.26144233876495293,-0.9652190961129559,0.0,-5059.541502507896
-0.004886879735572353,0.006954739854951607,-0.08791018277037622,281.65494758344187,0.0,0.0,-0.5998891802411284,418.40866573174935,-0.5749270277143944,0.818204688817836,0.0,-4905.976262841484
0.0024455721607462688,-0.008140588234678305,0.02842199996266126,281.372328646984,0.0,0.0,-0.6000520549600773,831.0211585160866,0.2877143718525022,-0.9577162629033299,0.0,-5046.202408325118
-0.00510605065897819,-0.00679545779678959,0.09795930132240441,281.4174967489424,0.0,0.0,-0.5973270878201029,1079.8105141607966,-0.6007118422327281,-0.7994656231517163,0.0,-4942.505688114024
0.006910165570459064,0.004949708252901596,0.19200578094299223,281.24449971388344,0.0,0.0,-0.6473626956178077,1415.3885598325571,0.8129606553481251,0.582318617988423,0.0,-4835.715534163272
0.006892754590522896,0.004973925427147611,0.037072879137502374,281.6329325014995,0.0,0.0,-0.608940021853739,858.4566580685363,0.8109123047673995,0.5851676973114837,0.0,-4795.611725157425
0.00234749950180068,0.008169409164012143,-0.1766761837119371,282.00862968970574,0.0,0.0,-0.6153909913194916,99.68933965553776,0.2761764119765506,0.9611069604720167,0.0,-4994.038772028465
0.00815645680731466,-0.0023921146189951593,-0.07585973790516645,281.5313443939692,0.0,0.0,-0.6163199300702977,457.30316715885493,0.9595831538017247,-0.2814252492935481,0.0,-4649.495462604868
5.708121367769575e-06,-0.008499998083373341,-0.0023984031641194614,281.5381928700292,0.0,0.0,-0.6210822732955565,716.3907014611294,0.0006715436903258323,-0.9999997745145106,0.0,-5074.35632755315
-0.005842772749494062,-0.0061734922529934075,-0.13514373364706955,281.9047943691926,0.0,0.0,-0.6292275459684181,245.9653136961798,-0.6873850293522425,-0.7262932062345184,0.0,-4830.842726544942
0.0051553263236157176,-0.006758151411224438,-0.06740493954093152,281.5376719832204,0.0,0.0,-0.6311640359414857,490.3542063963038,0.6065089792489079,-0.7950766366146397,0.0,-4895.06036548784
0.00449458689196801,0.007214477712942868,0.10152812278976522,281.41202285756225,0.0,0.0,-0.6452237820551231,1091.5935784738413,0.5287749284668246,0.8487620838756315,0.0,-4979.213965466749
0.003876326243554051,0.007564660921253123,0.05613891255812817,281.4727944875713,0.0,0.0,-0.6313162844371281,923.5945097172336,0.4560383815945942,0.8899601083827203,0.0,-4998.554417052351
-0.008361271428181181,0.0015294247625434283,-0.03031770886940474,281.4706653930782,0.0,0.0,-0.6439633988634674,623.3965845074594,-0.9836789915507272,0.1799323250051092,0.0,-4641.1112628432
-0.007055660263142364,0.004740006144628279,-0.16457119450437185,281.76455598648533,0.0,0.0,-0.5900117724250699,141.41596665163433,-0.8300776780167486,0.557647781720974,0.0,-4727.674014015612
0.0004761743074244289,-0.008486651756078416,-0.13957281207850053,281.91546954017525,0.0,0.0,-0.6461517407117008,235.65486470371977,0.05602050675581516,-0.9984296183621666,0.0,-5036.1727850258585
-0.0003364124613718232,0.008493340135413968,0.02341952088524149,281.4124934750984,0.0,0.0,-0.6316407780305351,809.7342237706295,-0.0395779366319792,0.9992164865192903,0.0,-5080.594064341222
0.0008200205422412511,0.008460352611463802,0.062033950225394235,281.3041255330599,0.0,0.0,-0.6426181631234895,948.3343436486541,0.09647300496955895,0.9953356013486825,0.0,-5087.548157035864
-0.0029612864998996152,-0.007967482806100826,0.06402567285894298,281.42393987982456,0.0,0.0,-0.6024389577740435,957.5257350247215,-0.34838664704701355,-0.937350918364803,0.0,-5038.773386977631
0.007054827130721477,-0.004741246055166953,-0.01856369158074872,281.4490795671266,0.0,0.0,-0.6007979874073212,662.8269712641976,0.8299796624378207,-0.5577936535490532,0.0,-4766.9183517542
-0.0038514276926736005,0.007577367928780211,-0.029890968635919585,281.53536478355153,0.0,0.0,-0.6203652588639599,622.9241825381456,-0.4531091403145412,0.8914550504447307,0.0,-4976.644998893291
-0.00847060448947447,0.0007062999241787986,-0.03923515621000678,281.5101263874444,0.0,0.0,-0.6432427678690515,589.6177714069333,-0.9965417046440551,0.08309410872691747,0.0,-4627.511532273617
-0.0005670462465392241,0.008481064706408376,-0.19176789758438592,282.1125758763704,0.0,0.0,-0.61201133505055,44.38577262501917,-0.06671132312226166,0.9977723184009853,0.0,-5021.591899979449
-0.006811752632933075,-0.005084292091110554,0.08479554424127303,281.4501804079854,0.0,0.0,-0.6091550298083445,1032.5977007083525,-0.8013826626980087,-0.5981520107188887,0.0,-4815.175788352633
-0.005090584659377996,0.006807051331208354,0.0019987117945038657,281.31510959589394,0.0,0.0,-0.6386941077497444,738.8385915693393,-0.5988923128679995,0.8008295683774533,0.0,-4917.7205586882965
-0.008455249044244767,-0.0008710703759157157,-0.048392605085082446,281.61910242637333,0.0,0.0,-0.6440816720975283,555.4071083434211,-0.994735181675855,-0.10247886775479008,0.0,-4626.637462215878
0.007066551131831403,-0.004723754343868056,-0.0782044063305464,281.54166333973114,0.0,0.0,-0.6264567325609393,450.07578513783193,0.8313589566860474,-0.5557358051609477,0.0,-4749.908935469548
0.007312602466064469,-0.004333110334771993,0.08401990299855752,281.392547186199,0.0,0.0,-0.5981039169958139,1026.835304120715,0.8603061724781728,-0.5097776864437639,0.0,-4771.886172616956
0.00844904673068108,-0.0009293058391979344,0.12307735748236301,281.39551802997096,0.0,0.0,-0.6261303832281476,1163.102730813486,0.9940054977271857,-0.10933009872916874,0.0,-4673.280105461265
-0.007260134703386172,-0.00442045745242365,-0.18791246268609385,281.8733010170882,0.0,0.0,-0.5992885051338146,58.6210121777893,-0.8541334945160202,-0.5200538179321941,0.0,-4703.585089590735
-0.008489129390402536,-0.0004297466614226047,-0.16555071024718881,281.7424761428092,0.0,0.0,-0.596211013669713,138.09757234952102,-0.9987211047532395,-0.05055843075560055,0.0,-4591.708663952346
0.002171346698400848,0.008217983543141454,0.1952751344665495,280.96550455262513,0.0,0.0,-0.6318852658767558,1420.9711698154172,0.2554525527530409,0.9668215933107591,0.0,-5098.678246783388
0.004390007228361808,-0.0072785875370796425,0.12705207895445345,281.0897409383293,0.0,0.0,-0.6018011036094578,1183.2338242902206,0.5164714386308009,-0.8563044161270167,0.0,-4991.720334488719
-0.007322805529748301,0.004315845128533659,-0.0978612093900883,281.6004715873165,0.0,0.0,-0.6066418336555098,382.10930714866964,-0.8615065329115648,0.5077464857098422,0.0,-4722.179410828575
0.008499932585487119,-3.3853244664030256e-05,0.021120199903367526,281.48179821037223,0.0,0.0,-0.5915199283708585,803.4778462650096,0.9999920688808374,-0.0039827346663565,0.0,-4640.673374453211
-0.002338873938756041,0.008171882812339382,-0.05416269044699232,281.61385971964154,0.0,0.0,-0.6042867393778368,535.4973842706725,-0.2751616398536519,0.9613979779222802,0.0,-5027.154418124783
-0.008465065894834915,0.0007698437478493633,0.13144401663873226,281.3461667996139,0.0,0.0,-0.6096322746161456,1200.2910391446974,-0.9958901052746959,0.09056985268816038,0.0,-4673.874743093704
0.007161120710123245,0.004579121113821293,-0.023756492785463573,281.6387398435771,0.0,0.0,-0.5906272712627496,644.0536201048426,0.842484789426264,0.5387201310377991,0.0,-4756.322833831225
-0.007755215069179033,0.0034794596176387,-0.0034482692850270336,281.39892889936544,0.0,0.0,-0.6466844907215369,716.7230899891695,-0.9123782434328274,0.4093481903104353,0.0,-4707.803868582655
0.004303324878026448,-0.0073301701886217254,0.1235874887008315,281.05125671566634,0.0,0.0,-0.6002912815407601,1167.9577075401921,0.5062735150619351,-0.8623729633672618,0.0,-4995.379955216341
-0.008236638743069909,-0.002099471889823671,0.041581007769569495,281.55986747014083,0.0,0.0,-0.6389568146987509,876.4151868041482,-0.9690163227141068,-0.24699669292043183,0.0,-4672.999121311297
-0.007972897436895075,-0.0029466771897769767,0.02429389251993938,281.6923538479654,0.0,0.0,-0.642428773777442,814.3517668291133,-0.9379879337523618,-0.3466679046796443,0.0,-4694.396473502299
0.004849482729786998,-0.006980867944138298,-0.04094421300117096,281.498189230004,0.0,0.0,-0.6206094304749086,584.2909464003193,0.5705273799749409,-0.8212785816633291,0.0,-4920.794311071118
-0.004697645635062593,-0.0070839343226329655,-0.15794627726565552,281.93636225079,0.0,0.0,-0.624053560841391,167.43279067513012,-0.5526641923603051,-0.8334040379568194,0.0,-4898.2315773264945
0.0038884445918586645,-0.0075584389033745,0.10185514804041909,281.185971361638,0.0,0.0,-0.5931888383335409,1091.900902539725,0.45746406963043107,-0.8892281062793529,0.0,-5010.246705936425
0.008377973633016175,-0.0014351159550662757,-0.0828741130777143,281.55232357770115,0.0,0.0,-0.6160778450109737,434.15259423753866,0.9856439568254322,-0.16883717118426772,0.0,-4625.308117621541
-0.0007470393780487922,0.008467108843498144,-0.11188693880534349,281.85326327505226,0.0,0.0,-0.5900467809223119,330.56406214515243,-0.08788698565279907,0.9961304521762522,0.0,-5041.582939214705
-0.008283245444595359,0.0019073135307521507,0.1814520565680939,281.24864608509296,0.0,0.0,-0.595024899898155,1373.9977531260815,-0.9744994640700422,0.22438982714731182,0.0,-4705.836608671213
0.006627310102306517,-0.005322476942915394,0.03747667210043579,281.2956714720534,0.0,0.0,-0.5901568791586975,860.6555234239521,0.7796835414478255,-0.6261737579900463,0.0,-4817.575889990961
0.0054626987651068305,0.006512213310518961,-0.15879677080456,281.9294640779006,0.0,0.0,-0.6196976520136377,164.16878392020675,0.6426704429537448,0.7661427424139953,0.0,-4850.664857092329
-0.00845308329985824,-0.0008918423210734878,-0.1734700644934675,281.76210958505135,0.0,0.0,-0.5950435641807252,112.17288270125051,-0.9944803882186164,-0.10492262600864562,0.0,-4593.303104266919
-0.002960485570773755,-0.007967780442836034,-0.1714850355818334,282.0357086064249,0.0,0.0,-0.6247162351836241,120.24773368068377,-0.34829242009103,-0.9373859344512981,0.0,-4975.616471369085
0.0008428454021641833,-0.008458109222991313,-0.12030457858562274,281.87806361127923,0.0,0.0,-0.6495494379691026,295.4731362003463,0.09915828260755097,-0.9950716732930955,0.0,-5038.396921238623
0.0034944276516861673,-0.007748482134400977,0.1887776437604031,281.0036403341788,0.0,0.0,-0.6252251758148095,1403.927247395864,0.41110913549249023,-0.9115861334589384,0.0,-5051.282943155516
-0.004827695841791589,0.0069959526055533156,0.17051032249761358,281.0361087324446,0.0,0.0,-0.617737707052032,1335.4344817296308,-0.5679642166813633,0.8230532477121547,0.0,-4978.809997260195
0.0005226395166941661,0.008483917016071627,0.03017956692976473,281.49986224153287,0.0,0.0,-0.6317093832669038,835.5585472926323,0.06148700196401954,0.9981078842437208,0.0,-5081.433470360526
-0.007372276410406695,0.0042307848596402275,0.18299363707137364,281.21160500204667,0.0,0.0,-0.6003867663206043,1379.5999940940235,-0.8673266365184347,0.49773939525179145,0.0,-4793.10343630609
0.00034169202783800924,-0.008493129373682705,-0.08326157657707685,281.82695448541114,0.0,0.0,-0.6483319571584979,429.8610637361135,0.04019906209858932,-0.9991916910214945,0.0,-5051.9505038142315
-0.005773068433404222,0.006238724297741625,-0.11290493925619328,281.6535811636935,0.0,0.0,-0.5950250924738503,327.48108793259985,-0.6791845215769673,0.7339675644401911,0.0,-4841.740120617382
0.008495927714105277,-0.0002630822622258806,0.09623173832899043,281.4492894657443,0.0,0.0,-0.6161997599305991,1071.5828336524244,0.9995209075417972,-0.03095085437951536,0.0,-4661.2397716292
-0.0003625093580689573,0.008492266303249825,0.19715270417817862,280.99280938886494,0.0,0.0,-0.6223255886294095,1430.1928988447448,-0.0426481597728185,0.9990901533235087,0.0,-5127.09432711616
-0.008290823726309455,-0.001874097633332968,0.151435305117844,281.3738733575297,0.0,0.0,-0.5952155953938701,1267.5781053409844,-0.9753910266246416,-0.22048207450976093,0.0,-4697.018416179166
-0.003264674005722689,0.007848050945066461,0.20320053257439932,280.9311117752462,0.0,0.0,-0.6092457483314982,1447.703484112645,-0.3840792947909046,0.9233001111842896,0.0,-5064.609777994232
0.007124678269161649,0.004635618573711148,-0.13897592972800327,281.8021835990829,0.0,0.0,-0.6194648614100251,236.49633753813586,0.8381974434307822,0.5453668910248409,0.0,-4728.580795114508
0.006794274831823637,-0.005107624644553267,-0.11809680574672139,281.6114052540776,0.0,0.0,-0.6431916173278039,305.8620825085142,0.7993264508027808,-0.6008970170062667,0.0,-4762.189470161817
-0.0008295930665169465,0.008459419326643349,0.11097787043855054,281.1948436258021,0.0,0.0,-0.6492258019440722,1123.469549817817,-0.09759918429611134,0.9952258031345116,0.0,-5100.583286264347
0.008047315540059054,0.0027369166225378657,0.18054234065179312,281.2830936250427,0.0,0.0,-0.6499669008498838,1371.3046975016496,0.9467430047128298,0.3219901908868077,0.0,-4729.056369487381
0.005622821864684928,-0.006374470509620474,0.041609478516271114,281.30621669040295,0.0,0.0,-0.5906610077166038,878.1387774198902,0.661508454668815,-0.7499377070141734,0.0,-4893.622406963054
-0.008353269475580665,0.001572542231017132,-0.09090342686226632,281.5994876372851,0.0,0.0,-0.6197491649903174,406.13128871714036,-0.982737585362431,0.1850049683549567,0.0,-4625.671084578928
0.005612500267753,-0.006383560193534053,-0.002458861486431374,281.4445792504967,0.0,0.0,-0.6010540122191594,721.6432522076104,0.6602941491474117,-0.7510070815922415,0.0,-4882.505425559606
-0.00352275163393976,-0.007735646122049196,-0.009341715514736587,281.7040986098738,0.0,0.0,-0.6362013153666304,694.3202707566335,-0.4144413686987952,-0.9100760143587289,0.0,-4996.918560922283
-0.008306329305216357,0.0018041323325366002,0.1732163722610258,281.3207836061274,0.0,0.0,-0.5970732366957998,1341.3738388431702,-0.9772152123783949,0.21225086265136472,0.0,-4701.294873867112
0.003680424393864722,-0.007661884642895996,0.09036559732401458,281.1884002084254,0.0,0.0,-0.5910226231331167,1047.816224057756,0.4329911051605555,-0.9013981932818818,0.0,-5016.752657805155
0.0032143624924374794,0.007868791124894034,0.12418511057850254,281.2999897796505,0.0,0.0,-0.6499538292279265,1171.437060472164,0.3781602932279387,0.9257401323404746,0.0,-5045.3956652520055
0.0033037106200505626,-0.007831698164444614,0.16418138545293445,280.9723140499272,0.0,0.0,-0.6132673602935481,1314.7624245622285,0.38867183765300733,-0.9213762546405427,0.0,-5052.579713540603
0.00638667103232412,-0.005608960075171864,-0.03992402493962524,281.42619161632933,0.0,0.0,-0.6129181484020165,589.8497814537437,0.751373062626367,-0.6598776559025722,0.0,-4815.881625369879
0.0031292081550382696,-0.00790304095411646,0.010786703600709241,281.3772729394276,0.0,0.0,-0.6045164050621992,766.1152711091785,0.36814213588685524,-0.929769524013701,0.0,-5018.261395474223
0.008499918107092988,-3.731183073445126e-05,0.05230415574581218,281.4967149953821,0.0,0.0,-0.5990378350170699,912.0289113480004,0.9999903655403515,-0.004389627145229559,0.0,-4649.041300556915
0.0049833575177936065,0.006885938414613505,-0.03903762908552594,281.78538111914486,0.0,0.0,-0.5917788620301546,587.689018795297,0.5862773550345419,0.8101104017192359,0.0,-4913.289189465971
0.008410430819338581,-0.0012307125712853395,-0.05170860395469623,281.50242630379495,0.0,0.0,-0.6022513289246487,545.4581581258778,0.9894624493339507,-0.14478971426886345,0.0,-4630.3511469121395
-0.0018705229206663879,0.008291630961593847,0.19370137823763137,280.99725966852725,0.0,0.0,-0.6185387402203905,1418.6124234719475,-0.22006152007839855,0.975485995481629,0.0,-5105.6607505015445
0.004462434507594347,0.007234409323879262,0.0830792868049314,281.4386903749567,0.0,0.0,-0.6397921587533373,1022.5970124909983,0.5249922950110997,0.8511069792799131,0.0,-4976.0181244312935
0.005322223483609339,-0.0066275136507228175,0.16779297794645684,281.12979210096415,0.0,0.0,-0.6231861616382948,1323.341372824293,0.6261439392481575,-0.7797074883203314,0.0,-4947.512885860368
0.007870414914023963,-0.003210384569036735,-0.07700802201676737,281.55883024887623,0.0,0.0,-0.6198992657686448,454.43236944500325,0.9259311663557603,-0.37769230223961586,0.0,-4677.105960241501
-0.007871160291736866,-0.003208556632161077,0.09923206822764677,281.4953758507396,0.0,0.0,-0.6100805647521715,1083.4456256537976,-0.9260188578513959,-0.37747725084247963,0.0,-4724.318430774756
0.008189346592069859,0.0022769721989857024,-0.06215468121297535,281.6708448539749,0.0,0.0,-0.5966977332716811,509.741931957769,0.9634525402435128,0.267879082233612,0.0,-4649.898403008171
0.003775265542208662,0.007615600441581212,0.11159161101494511,281.33519823353055,0.0,0.0,-0.6484685900727646,1125.1115870314286,0.4441488873186661,0.8959529931272013,0.0,-5018.141189704507
0.004649051590826931,-0.007115920130652788,-0.16615028807081267,281.90325431495455,0.0,0.0,-0.6476700314687497,139.41605621802356,0.546947245979639,-0.8371670741944456,0.0,-4898.796525895143
-0.0028657080002904923,0.00800235700634951,-0.19836426689035477,281.9749092709126,0.0,0.0,-0.6070707986063351,22.80444759132283,-0.33714211768123437,0.9414537654528834,0.0,-4971.767803332755
0.0007882587784677083,-0.008463370965411394,0.07423335215499147,281.2730614783624,0.0,0.0,-0.5917204843687978,994.838462951237,0.0927363268785539,-0.9956907018131053,0.0,-5091.132253630228
0.005873538372269244,-0.006144228754651047,0.08296896281542046,281.25796648237707,0.0,0.0,-0.5931661126069137,1026.691354329303,0.691004514384617,-0.7228504417236525,0.0,-4887.165580517441
-0.00607108904217031,0.0059491073147187054,-0.061509423946665004,281.4476572251866,0.0,0.0,-0.6156036000636349,510.15265111626604,-0.7142457696670952,0.6998949782022006,0.0,-4834.032783049635
0.0007663597915664577,-0.00846538201558974,-0.1506212069854955,281.91258608844646,0.0,0.0,-0.6439338468611033,192.828148755322,0.09015997547840678,-0.9959272959517341,0.0,-5031.012750953747
-0.008352751165210151,-0.0015752929797597888,-0.07482230988086691,281.6727488455653,0.0,0.0,-0.6371998517613646,464.7971508703179,-0.9826766076717824,-0.1853285858540928,0.0,-4630.038263022538
-0.00035330396514529194,-0.008492654255779674,-0.15956317525428415,281.9435076790624,0.0,0.0,-0.6382684723971788,163.65946684578233,-0.04156517237003434,-0.9991357947976087,0.0,-5031.430195650878
0.005867058568175819,-0.00615041655155118,0.008093945773372191,281.3208547371691,0.0,0.0,-0.5967661793944553,758.3806982835786,0.6902421844912728,-0.7235784178295506,0.0,-4867.540466196437
-0.004257923569690934,-0.007356635567613121,-0.11625890381881313,281.9450988768172,0.0,0.0,-0.642244286637444,315.1108305256521,-0.5009321846695216,-0.8654865373662495,0.0,-4933.398043179695
0.005388431372179278,-0.006573797026628837,-0.11704851015136902,281.6657378262937,0.0,0.0,-0.6468324535324536,314.1130832229476,0.6339331026093268,-0.7733878854857456,0.0,-4866.77342260199
-0.0003302495157995419,0.008493582003920029,-0.11736481447081398,281.85445122886216,0.0,0.0,-0.5905338740399245,312.320592248705,-0.038852884211710806,0.9992449416376504,0.0,-5042.847678535326
0.008212947789259148,0.0021903170115084455,-0.13714711078322497,281.6931260494037,0.0,0.0,-0.6280116763058633,240.7603777593612,0.9662291516775467,0.2576843542951112,0.0,-4627.42097332964
-0.0029079092401433177,-0.007987118620071267,-0.1383025180190729,281.9775329114972,0.0,0.0,-0.6386993390674359,239.4039822929238,-0.3421069694286256,-0.9396610141260312,0.0,-4986.398087831206
0.007627534403884941,-0.0037510956956003684,-0.10922717643706846,281.5578246626767,0.0,0.0,-0.6359392906724225,342.4572853233287,0.8973569886923459,-0.44130537595298447,0.0,-4691.38533911698
-0.0049386293309349035,-0.006918087910082487,0.025506780264531237,281.5996082940336,0.0,0.0,-0.6268126865967242,819.3628834959283,-0.5810152154041063,-0.8138926953038219,0.0,-4933.308663076321
-0.0054383459527562175,-0.006532564067664402,0.12474351011877974,281.3526999132872,0.0,0.0,-0.5918536118619081,1167.667733034029,-0.6398054062066137,-0.7685369491369884,0.0,-4928.353349570545
0.0009836792849015122,-0.008442889023578105,-0.0378868924675409,281.64087648905627,0.0,0.0,-0.6334425951057555,596.8533477741896,0.11572697469429555,-0.9932810615974241,0.0,-5058.94242159649
0.004544366034128807,-0.007183226110032764,-0.010263484653635802,281.4572209169165,0.0,0.0,-0.6081302349567727,693.5538500831649,0.5346312981328007,-0.8450854247097369,0.0,-4946.480907191106
0.0012095128842448436,0.008413505724895284,0.03498058007643892,281.51289870854293,0.0,0.0,-0.631496923597961,853.606888651247,0.14229563344056984,0.989824202928857,0.0,-5075.475892868693
0.0014098847385667563,0.008382256559182412,-0.1700170071845635,282.0129151688892,0.0,0.0,-0.6091663652998485,121.8137230909291,0.16586879277255956,0.9861478304920483,0.0,-5017.280200176299
-0.008324768159114758,-0.001717042543732997,0.07667904913549808,281.4815989784587,0.0,0.0,-0.6257334305353647,996.4286778609156,-0.9793844893076186,-0.20200500514505845,0.0,-4673.527077542449
-0.0083032164776677,0.0018184048297856072,-0.0049284207305623495,281.50731484037544,0.0,0.0,-0.6487376593371713,713.5317142033954,-0.9768489973726704,0.2139299799747773,0.0,-4653.814796765689
-0.006109284627465321,-0.005909876592672298,-0.0014686203618545224,281.65970714195265,0.0,0.0,-0.6420261273253485,721.7436409150456,-0.7187393679370965,-0.6952795991379174,0.0,-4847.308017132966
0.007129879714695948,0.004627614423649322,-0.02247997347205502,281.8211225857856,0.0,0.0,-0.5907982479890312,650.9027621265082,0.8388093781995232,0.5444252263116849,0.0,-4759.384271504651
0.006116109842628041,-0.0059028129220659205,-0.04706893724409145,281.53058343134995,0.0,0.0,-0.6175481670252545,561.0840332232651,0.7195423344268282,-0.6944485790665789,0.0,-4834.565633290008
-0.005526710385255242,-0.006457977416924888,-0.10973252752457376,281.83680967307464,0.0,0.0,-0.6404954272034528,336.73275465209707,-0.6502012217947344,-0.7597620490499868,0.0,-4859.54444910381
-0.007270451213972346,0.004403468989926926,-0.060528133961333885,281.55771900122534,0.0,0.0,-0.6229543011396224,513.3618055198486,-0.8553472016438053,0.5180551752855207,0.0,-4736.848456988609
0.0014960120634599102,0.008367314258827765,0.20268564663704522,280.91415718112245,0.0,0.0,-0.6263239060927075,1448.1994400649958,0.17600141923057766,0.9843899128032664,0.0,-5115.749416115694
0.003943684242782307,-0.007529764577543613,-0.02400618621047057,281.4378782535933,0.0,0.0,-0.6165703414981031,640.8826891997753,0.4639628520920361,-0.8858546561816015,0.0,-4973.8442435213465
0.00034391067371747385,-0.008493039823791198,-0.184268944163812,282.0641212344557,0.0,0.0,-0.6305168647262459,73.59738488094133,0.04046007926087927,-0.9991811557401408,0.0,-5024.841702664126
-0.008454529533679887,-0.0008780264028686984,0.06117904385239273,281.462805719335,0.0,0.0,-0.6351596664101484,946.1121812631259,-0.9946505333741044,-0.1032972238669057,0.0,-4656.108829055845
-0.0035953752596798545,0.007702160524299791,0.1761552723433147,280.95931564994055,0.0,0.0,-0.6201591054425531,1356.9239390536407,-0.42298532466821814,0.9061365322705636,0.0,-5043.537873279436
-0.001670747626921975,-0.008334182765402652,-0.15189084063800662,282.08064282565846,0.0,0.0,-0.637334296636417,190.87375525331237,-0.19655854434376174,-0.9804920900473708,0.0,-5017.249283857221
-0.007163810650722074,0.004574911688830833,-0.04309228505613333,281.47264462892076,0.0,0.0,-0.630063542003906,576.3103365042898,-0.8428012530261263,0.5382249045683333,0.0,-4750.900516303783
0.00755445021968965,-0.0038961881215145407,0.005497960876024804,281.3167647003405,0.0,0.0,-0.5922745709509822,747.1144216985907,0.8887588493752528,-0.4583750731193577,0.0,-4728.922454043213
-0.0044495654212982315,-0.007242331638470245,0.12447591339606026,281.2815316967644,0.0,0.0,-0.5906852832299267,1165.1523490867685,-0.5234782848586155,-0.852039016290617,0.0,-4987.822990288649
-0.008461469605417054,0.0008084133327718913,0.08829168664043466,281.44115118314085,0.0,0.0,-0.629237187455588,1038.1882588030558,-0.9954670124020064,0.09510745091434016,0.0,-4662.668001465443
0.008177264557509613,0.0023199880078347635,-0.08945210734350857,281.76727811162755,0.0,0.0,-0.6062423924608579,409.921046594032,0.9620311244128956,0.27293976562761924,0.0,-4643.77894501813
0.0022050534801900546,0.008209003541813205,0.02017127767263424,281.53623916971577,0.0,0.0,-0.6214005527290889,798.5914605711241,0.2594180564929476,0.9657651225662593,0.0,-5050.800805869639
0.0016724824184614156,-0.008333834805174474,-0.19721572688607714,282.094700719905,0.0,0.0,-0.6293614330369337,27.005423276903628,0.19676263746604888,-0.9804511535499381,0.0,-5005.053627897227
0.005496643119767417,0.006483588081757934,0.15167182987557173,281.2053906341708,0.0,0.0,-0.6499619843808858,1268.7247389118993,0.6466638964432255,0.7627750684421098,0.0,-4931.69579637796
-0.008045498471428372,0.0027422535160418235,0.20000337904000112,281.1949992572371,0.0,0.0,-0.5924277150963041,1439.1113544469385,-0.9465292319327495,0.32261806071080273,0.0,-4734.455704919666
-0.008233035754153295,0.002113556782022547,-0.15873430336751876,281.67774284323525,0.0,0.0,-0.5930881873699323,164.61402444378365,-0.9685924416650934,0.24865373906147611,0.0,-4619.617367934678
-0.006617590980992673,0.005334556177254528,0.06013335555735508,281.2718520975588,0.0,0.0,-0.6491180795791333,944.8807193800601,-0.7785401154109026,0.6275948443828856,0.0,-4824.438466322106
-0.008424888054301066,0.0011275022272684136,0.19246701122990892,281.23273103048666,0.0,0.0,-0.591571489016789,1418.6335534775249,-0.9911633005060075,0.13264732085510747,0.0,-4694.379427978997
-0.0034152715641940644,-0.007783695789456795,0.1164444094826391,281.2648826627844,0.0,0.0,-0.5905967047949627,1143.6678215814052,-0.4017966546110664,-0.9157289164066817,0.0,-5035.2073403030045
0.003492785455674695,-0.007749222526203988,0.05152657910982558,281.25889461787915,0.0,0.0,-0.5918988744320333,911.8589136562197,0.4109159359617288,-0.9116732383769397,0.0,-5014.529365323403
-0.00845744911035676,0.0008494436683651538,0.1072637586928343,281.3681328425486,0.0,0.0,-0.620812834232316,1111.620283305165,-0.9949940129831483,0.09993454921942985,0.0,-4668.1723238167
0.005703814734659448,-0.006302102623147435,-0.12095321376625116,281.63813932179056,0.0,0.0,-0.6469765862190954,300.96098625442517,0.6710370276069938,-0.7414238380173452,0.0,-4844.421233105393
-0.005411482383462737,0.0065548347357864386,0.1735452679840864,281.08478269289225,0.0,0.0,-0.6138019331918697,1344.5681532961664,-0.6366449862897336,0.771157027739581,0.0,-4943.22151658685
0.008179254485481924,-0.002312962615721195,-0.08172812046501685,281.61617404127816,0.0,0.0,-0.6187182710881136,436.2224075568374,0.9622652335861087,-0.27211324890837585,0.0,-4645.653016191721
-0.001011150543751316,-0.008439643036163996,0.1623044611547982,281.0333296549936,0.0,0.0,-0.5990397533117122,1301.207501478775,-0.11895888750015482,-0.9928991807251759,0.0,-5112.318563891493
-0.007118340975553876,-0.004645344094440228,0.012123959757453312,281.60740214893264,0.0,0.0,-0.6416624395843239,771.499482471817,-0.8374518794769266,-0.5465110699341444,0.0,-4769.6694834976715
0.002969773430201366,0.007964323309187669,-0.13687939846349906,281.97465242064067,0.0,0.0,-0.6009728561186515,243.6336747603441,0.3493851094354548,0.936979212845608,0.0,-4984.565478882919
-0.003981671515766867,0.00750974646313248,-0.134886953060808,281.85164130395907,0.0,0.0,-0.5900011641887685,249.32189897240733,-0.46843194303139607,0.8834995838979387,0.0,-4942.2622839605365
0.0019139886529210488,-0.00828170558740707,0.1751357753102533,281.0864498999993,0.0,0.0,-0.6131448508800904,1352.9695818797836,0.22517513563777042,-0.9743183044008317,0.0,-5099.677956682283
0.008158707941052255,-0.00238442545125883,-0.1556041071371585,281.7122237004775,0.0,0.0,-0.6467109806700742,175.25319216682723,0.9598479930649712,-0.2805206413245682,0.0,-4627.876961913763
-0.003695214205083938,0.007654762699035542,0.06149053274898034,281.26029638066007,0.0,0.0,-0.6495221401635627,947.0312374043398,-0.4347310829510515,0.9005603175335931,0.0,-5008.341369632954
-0.008250891031843458,-0.002042742563478129,-0.03364502255588603,281.5796309348559,0.0,0.0,-0.64888974772898,610.9751265858039,-0.9706930625698186,-0.24032265452683868,0.0,-4651.385477074032
0.007996405882077333,0.0028822721885829973,0.0247597484840133,281.5733306721837,0.0,0.0,-0.5975527689190278,815.6079293154246,0.9407536331855686,0.33909084571564674,0.0,-4692.235204074556
0.005850854419869241,-0.006165833484412028,0.17713493587978754,281.0956861795062,0.0,0.0,-0.6297827035265353,1358.4639280465708,0.6883358141022636,-0.7253921746367091,0.0,-4914.049282277897
0.0004903234096671243,-0.008485846036426327,0.08583805099593642,281.26647405800514,0.0,0.0,-0.5905839280109741,1034.6953685871288,0.05768510701966168,-0.998334827814862,0.0,-5096.565589507287
-0.008450166550408856,0.000919067609238467,0.19590364685691078,281.2913585916813,0.0,0.0,-0.5909159097989352,1425.335687157066,-0.9941372412245711,0.10812560108687846,0.0,-4692.703619078967
0.007923530675174801,-0.00307695655470856,-0.000752179852707896,281.40098407216766,0.0,0.0,-0.5921616346024299,721.9762659491839,0.9321800794323295,-0.3619948887892423,0.0,-4692.455927433469
0.006273654177297527,0.00573509051922263,-0.07818222544610193,281.9221961760706,0.0,0.0,-0.5930858715893101,450.2629648794208,0.7380769620350032,0.6747165316732505,0.0,-4814.330936147674
0.004830676525309543,-0.006993894788157978,0.1933725064868241,281.02470643055227,0.0,0.0,-0.632404239445412,1421.6360596605025,0.5683148853305344,-0.8228111515479973,0.0,-4984.768432658802
-0.0021692597469499353,0.008218534671719936,0.17415453170453107,281.00153983374696,0.0,0.0,-0.6263898745522364,1349.5545547803831,-0.2552070290529335,0.9668864319670512,0.0,-5093.066910376543
0.008480569096394174,0.0005744108297064906,-0.19352025483829974,281.77511681180096,0.0,0.0,-0.6491146072950177,40.287493198246956,0.9977140113404911,0.06757774467135183,0.0,-4585.0893023216895
-0.0011373758014121592,0.008423560784274194,0.08802683978474893,281.23842197168085,0.0,0.0,-0.6498850001982365,1038.718684598429,-0.1338089178131952,0.9910071510910815,0.0,-5090.738833361432
-0.007239563227605929,0.004454068283434375,0.09192111169240744,281.2936946207502,0.0,0.0,-0.6396383727515854,1055.2973846451753,-0.8517133208948151,0.5240080333452206,0.0,-4780.478906038116
-0.00846804094227887,-0.0007363983975327392,0.1905400737424486,281.27711785271816,0.0,0.0,-0.5902723637751784,1408.4372114360353,-0.9962401108563377,-0.08663510559208697,0.0,-4689.422989858656
-0.0010136973946808748,-0.008439337509071268,-0.20013888549510078,282.0949637264557,0.0,0.0,-0.6186490403168601,15.064900440693302,-0.11925851702127938,-0.9928632363613255,0.0,-5015.046260144403
0.005884633741576004,0.006133602997219921,0.10831128268838144,281.36889032412415,0.0,0.0,-0.6434094274651576,1113.836874199498,0.6923098519501181,0.7216003526141084,0.0,-4893.170234936546
0.007289497646870659,-0.004371867342025274,-0.06751829793913289,281.43195589954775,0.0,0.0,-0.6201243705527358,489.776970491816,0.8575879584553716,-0.5143373343559146,0.0,-4733.28420784469
-0.004695403738658862,-0.007085420504881019,0.07917664828808071,281.43190048630845,0.0,0.0,-0.6023710557836278,1010.1832199459855,-0.5524004398422191,-0.8335788829271786,0.0,-4961.978167181697
0.005884431605264234,0.006133796922214445,0.2032825180675021,281.1431447083982,0.0,0.0,-0.6413311197264709,1447.9221577871085,0.6922860712075569,0.7216231673193464,0.0,-4918.664810233734
0.004452976794078347,0.007240234642012629,0.04017094061049556,281.62676545556633,0.0,0.0,-0.6219250982597214,872.101218671904,0.5238796228327467,0.851792310825015,0.0,-4965.019631375557
-0.0028314126918263884,-0.008014555643862263,-0.17875883067693824,282.01928553179516,0.0,0.0,-0.6218751126517476,90.22936687938827,-0.33310737550898684,-0.9428888992779132,0.0,-4978.217683328688
0.0073831813945247635,0.004211725595945606,-0.15534046621333505,281.73292230049685,0.0,0.0,-0.6286177914116159,176.2330551738158,0.8686095758264427,0.49549712893477715,0.0,-4701.350947656867
-0.005521381088213723,0.006462534400582782,-0.06831836818217615,281.5096805224149,0.0,0.0,-0.6099969740968217,484.70555033723537,-0.6495742456722027,0.7602981647744449,0.0,-4871.014133425352
0.008060192584891476,0.0026987581393041653,-0.13294038315017492,281.7433152307662,0.0,0.0,-0.6242873052793889,254.68812826904383,0.9482579511637029,0.3175009575651959,0.0,-4643.688085479438
0.008080742702710605,-0.0026365882068668427,0.05175808529242751,281.3314240274611,0.0,0.0,-0.5933596692618309,912.1433982459547,0.9506756120836005,-0.3101868478666874,0.0,-4691.221303025629
0.008028181945725578,-0.0027925426847813617,0.1219067661269437,281.3297196243144,0.0,0.0,-0.6188798855563687,1160.0140347719534,0.9444919936147738,-0.3285344335036896,0.0,-4715.198037910071
-0.004308443587681715,-0.007327162742273733,-0.1151458773447219,281.85829186843625,0.0,0.0,-0.6424479664523737,319.08391568994256,-0.5068757161978488,-0.8620191461498509,0.0,-4931.061087303944
-0.007058186442202313,-0.0047362436748030045,-0.12242107136515643,281.7153458242883,0.0,0.0,-0.6284557069539098,294.58650912860116,-0.8303748755532132,-0.5572051382121181,0.0,-4738.765451378659
0.006339203669430363,0.0056625521487647795,0.160014239504528,281.2530167817862,0.0,0.0,-0.6499763870771444,1294.825420681805,0.7457886669918075,0.6661826057370328,0.0,-4873.2023258652625
-0.008362853540965515,0.0015207500295448123,0.12319213210159377,281.32189931961676,0.0,0.0,-0.6158962056635139,1166.572893068997,-0.9838651224665311,0.17891176818174262,0.0,-4682.135692786336
0.00524489602200711,-0.006688876267231589,-0.005396391336182582,281.3366483862685,0.0,0.0,-0.6035019799315355,711.4826217910223,0.6170465908243659,-0.7869266196743046,0.0,-4906.023729781185
0.00824589842477543,0.0020628037154043774,0.19186853433432602,281.2321426221061,0.0,0.0,-0.649971106075105,1407.8403017605976,0.9701056970324033,0.24268279004757382,0.0,-4712.390695943316
0.002309729710567475,-0.008180168009529015,0.11883200720475953,281.1182952490946,0.0,0.0,-0.5940474821860179,1149.3717792039413,0.2717329071255853,-0.9623727070034135,0.0,-5074.392697991979
-0.0034778919969194705,-0.00775591820855297,0.039708086815863713,281.5150424954347,0.0,0.0,-0.6144231472800624,868.6644422085883,-0.4091637643434671,-0.912460965712114,0.0,-5011.990795282964
0.005383397181698388,-0.006577920247622485,0.04217605118563361,281.2451408107239,0.0,0.0,-0.5908498513960538,881.9114452210747,0.6333408449056926,-0.7738729703085276,0.0,-4909.822450564476
-0.008482421680892548,0.0005463720596114505,-0.07854450594067067,281.542782525976,0.0,0.0,-0.6289455548330937,449.1232307520668,-0.9979319624579467,0.06427906583664122,0.0,-4615.7450750261405
0.005119013249098661,-0.006785698442721454,0.17931029182967753,281.1264766320188,0.0,0.0,-0.6274979415989337,1364.1400537978398,0.6022368528351366,-0.7983174638495828,0.0,-4963.524379429758
-0.00837128984655171,0.0014736031708096563,0.029795364868701046,281.4569972071934,0.0,0.0,-0.6488119851439706,829.6654515522642,-0.9848576290060833,0.17336507891878308,0.0,-4656.218276638355
-0.008471205668207589,0.0006990525923903122,-0.1632400332112472,281.63293205986514,0.0,0.0,-0.5945446575474637,150.41139516710487,-0.9966124315538339,0.08224148145768378,0.0,-4594.179904488526
-0.0067273735384804296,-0.005195425417976214,-0.15041811135146238,281.88843782752417,0.0,0.0,-0.6177004140303634,197.64339877541877,-0.7914557104094623,-0.6112265197619074,0.0,-4759.026979067241
0.0013285249325993272,-0.008395535808003082,0.0023991373162482177,281.45741402713503,0.0,0.0,-0.6142250663472605,738.5511797936989,0.15629705089403848,-0.987710095059186,0.0,-5064.89501301529
4.269923980033657e-05,-0.008499892750789299,-0.054846398384854916,281.67481924495127,0.0,0.0,-0.6422487376631791,534.9123587536155,0.0050234399765101845,-0.9999873824457999,0.0,-5060.274009250807
-0.001303912451112615,-0.008399393568575858,-0.04479939726804502,281.75904521141206,0.0,0.0,-0.6423503686278411,570.2283243695276,-0.15340146483677825,-0.9881639492442186,0.0,-5052.626565371261
-0.0041798501363041396,-0.007401273730787038,-0.1219044196700834,281.905916633261,0.0,0.0,-0.6406531045111762,297.229395643396,-0.49174707485931046,-0.8707380859749456,0.0,-4935.895254507693
-0.007614531325827118,-0.0037774214337293003,-0.11823096257480607,281.7102231542207,0.0,0.0,-0.6265302780777872,310.67666526672895,-0.8958272148031903,-0.44440252161521177,0.0,-4690.176682381686
0.00776079577111825,0.003466994231173898,-0.05913209974602812,281.701006694598,0.0,0.0,-0.593474554510656,518.8621851012231,0.913034796602147,0.40788167425575267,0.0,-4692.336972797259
-0.006024637533747089,-0.00599614397650405,-0.1319275159268323,281.85847601404635,0.0,0.0,-0.6297796156728824,259.42936033255427,-0.7087808863231869,-0.7054287031181234,0.0,-4818.561861080602
-0.008479782818938398,0.0005859038689385542,-0.019559622786082004,281.5107315809514,0.0,0.0,-0.647983546143578,659.268639158705,-0.9976215081103997,0.06892986693394755,0.0,-4631.842880010119
0.007416703504556451,0.0041524100382187784,-0.19975050236581499,281.8462143994346,0.0,0.0,-0.6449142054348584,15.590234071204433,0.8725533534772294,0.48851882802573865,0.0,-4686.414685751975
0.0012735033332391173,0.008404057904383385,-0.10600297903145635,281.9097709852875,0.0,0.0,-0.590622520561533,352.3426645492133,0.1498239215575432,0.9887126946333394,0.0,-5036.683405070226
0.005574341494954292,0.0064169086714422514,-0.09133810150553776,281.9190964373398,0.0,0.0,-0.594333653655291,407.0258544083174,0.6558048817593284,0.7549304319343825,0.0,-4861.259436800316
-0.00806975293283604,0.002670035131413844,0.01572605017916795,281.42358113314907,0.0,0.0,-0.649907537863719,785.2105771447389,-0.9493826979807105,0.3141217801663346,0.0,-4682.635081015353
-0.004829885220820179,-0.0069944412753059,0.1814747978769289,281.0865203260252,0.0,0.0,-0.5953408682729988,1377.950250534295,-0.5682217906847269,-0.8228754441536352,0.0,-4981.622918906063
0.004502022744517176,0.007209839887809579,0.051473213940358725,281.5180464064374,0.0,0.0,-0.6268577649921642,914.83820621187,0.5296497346490795,0.8482164573893622,0.0,-4965.377196444835
-0.0036183987035961745,0.007691371192564661,-0.03185272345072515,281.50268257591307,0.0,0.0,-0.6185482884983217,613.2569419052517,-0.4256939651289617,0.9048671991252542,0.0,-4986.719392510103
0.0056172337936784,-0.006379395308895458,0.16911675836177995,281.0911988818626,0.0,0.0,-0.6251359878178576,1328.4675986297168,0.6608510345504,-0.7505170951641715,0.0,-4928.214189287583
-0.00021061674676829114,-0.008497390222061169,0.021789925629795065,281.46759300816024,0.0,0.0,-0.6108726374525698,807.3178470682622,-0.024778440796269546,-0.9996929673013139,0.0,-5080.575930311545
0.004585835499378958,0.007156822812717648,0.07466626553854191,281.4128859417523,0.0,0.0,-0.6362997748787094,993.1989357332063,0.5395100587504656,0.8419791544373703,0.0,-4966.9611271685735
0.0083594926532381,-0.0015391174680505233,0.18065672384967854,281.3505337182696,0.0,0.0,-0.6454948965592475,1372.6942438591118,0.9834697239103646,-0.18107264330006154,0.0,-4697.895290077137
0.008472666123179465,-0.0006811231644328773,0.18036676917490133,281.30366846501755,0.0,0.0,-0.6469118907238859,1371.005066711591,0.9967842497858194,-0.08013213699210321,0.0,-4686.216394539504
-0.0029248517337632706,-0.007980929916714091,0.06390788698883856,281.38663186538207,0.0,0.0,-0.6023717956093406,957.035073769681,-0.34410020397214947,-0.9389329313781284,0.0,-5040.047840296003
-0.002480621919381354,0.008129976315653372,0.024474587717196628,281.36690572104476,0.0,0.0,-0.6386581829456267,818.9384903168107,-0.2918378728683946,0.9564678018415731,0.0,-5044.091841424422
0.004941704903791451,0.006915891312321466,-0.052348882909029726,281.76352557029776,0.0,0.0,-0.5903285706857482,543.6870756276866,0.5813770475048766,0.8136342720378195,0.0,-4912.2354983553
0.006995581138488743,-0.004828234101078834,-0.0028904375510517277,281.41572109344634,0.0,0.0,-0.5960885170572922,719.1426436544397,0.823009545704558,-0.5680275413033923,0.0,-4776.192843333434
0.008123588678649553,-0.002501460969137201,0.0037926314297556663,281.43188772828205,0.0,0.0,-0.5908640771712768,743.8282354596632,0.9557163151352415,-0.29428952578084716,0.0,-4674.1243182547405
-0.008266264398325295,-0.0019796143303633038,-0.11030898438932878,281.72534910207764,0.0,0.0,-0.623453810260764,336.2182270046359,-0.9725016939206229,-0.23289580357215336,0.0,-4629.270706968722
-0.0009508872408655636,-0.008446645100580413,0.06304352704177482,281.34455886989554,0.0,0.0,-0.5973820114664822,949.3043084296943,-0.11186908716065454,-0.9937229530094602,0.0,-5086.407652239858
0.0019372800610204862,0.008276288175575599,-0.09081617751911436,281.8278608855692,0.0,0.0,-0.5900388283653195,404.1732634704221,0.22791530129652776,0.9736809618324233,0.0,-5027.7787148716
0.00820214151344538,-0.0022304426900093054,-0.0691499662073673,281.5030268289076,0.0,0.0,-0.6127067138226749,484.97041856199,0.9649578251112211,-0.2624050223540359,0.0,-4646.74438417484
0.003283436224050065,-0.007840219803206787,0.020032005818767684,281.4179276886844,0.0,0.0,-0.6005912290241459,800.0041482532976,0.3862866145941253,-0.9223788003772689,0.0,-5014.718807195103
0.0009089853577868496,0.00845125704373788,-0.178853338320428,282.02851063897765,0.0,0.0,-0.6113194596080592,92.85539992460905,0.10693945385727642,0.9942655345573975,0.0,-5021.983097423424
0.008044141730232025,-0.0027462308395216403,-0.06774440792559616,281.47743333838184,0.0,0.0,-0.6139330710254767,487.11224075266466,0.9463696153214146,-0.32308598112019293,0.0,-4662.753873570767
0.0012275490231545658,0.008410893139004458,0.1219194122302403,281.1614625903176,0.0,0.0,-0.6496510332667657,1161.735409726879,0.14441753213583125,0.9895168398828774,0.0,-5098.5332598293035
0.003633945578920119,0.007684037970328292,-0.09880786842962655,281.8683685137879,0.0,0.0,-0.5921979587349533,377.50898960346376,0.4275230092847198,0.9040044670974461,0.0,-4968.069165558874
2.0830830603462737e-05,0.008499974475049698,-0.18384907313899723,282.0071224908759,0.0,0.0,-0.6105150632499589,77.46235100628145,0.002450685953348557,0.9999969970646703,0.0,-5025.671996334806
0.00795007366769576,0.003007711535072885,0.041302563252268026,281.5648243689782,0.0,0.0,-0.6036558005033332,875.4027650380227,0.9353027844347953,0.35384841589092764,0.0,-4701.173004135255
0.008493335530711563,0.00033652869528842704,0.07000810050524317,281.523581979511,0.0,0.0,-0.6067264333733868,974.4403029034752,0.9992159447895956,0.03959161121040318,0.0,-4654.472359209587
-0.0027948786720857865,0.008027369009103792,0.12385886094600848,281.12611616524316,0.0,0.0,-0.6436562255383943,1169.6068140235516,-0.3288092555395043,0.9443963540122108,0.0,-5060.659594434951
-0.007640948404366676,0.0037236954066902877,0.1246915608514815,281.27571398516056,0.0,0.0,-0.6233941633243981,1171.0415838507222,-0.8989351063960795,0.4380818125517985,0.0,-4752.896730174192
0.007620727381845218,-0.003764905599293898,0.05217601095924326,281.2953549027555,0.0,0.0,-0.5917246203169135,910.9929552556447,0.8965561625700256,-0.4429300705051645,0.0,-4735.320742802068
0.008493291003474998,-0.0003376506038653742,0.08919128359024822,281.42296036730346,0.0,0.0,-0.6127615001239549,1041.4085215058515,0.9992107062911763,-0.0397236004547499,0.0,-4659.623673118675
0.0020478129447681717,-0.008249634061171435,0.11698881088843802,281.2185833307712,0.0,0.0,-0.593190083928784,1140.8624260091653,0.24091916997272608,-0.9705451836672276,0.0,-5080.848741503126
0.005362516322912654,0.00659495403217455,-0.06431796222255487,281.7937179004197,0.0,0.0,-0.5901426522669553,500.74312665785357,0.6308842732838417,0.7758769449617117,0.0,-4882.617376193097
-0.003299830029708153,-0.00783333401400938,0.018179989007397562,281.60665249343646,0.0,0.0,-0.6235940094431247,793.3433758523649,-0.3882152976127239,-0.9215687075305151,0.0,-5013.564666414139
0.008419868353730191,0.0011643955109209507,0.09105782332461013,281.45602104275923,0.0,0.0,-0.6188623805455572,1052.9616742983173,0.9905727474976694,0.13698770716717065,0.0,-4667.687025763801
-0.008028519296421838,0.0027915726583741672,-0.13341173501653023,281.5938155921367,0.0,0.0,-0.5983055839997394,254.0228252781382,-0.9445316819319808,0.328420312749902,0.0,-4646.664964482259
0.008200392094920655,-0.002236865997229789,-0.14652614461874366,281.7079588905962,0.0,0.0,-0.6442442593291489,205.60363462614103,0.9647520111671359,-0.2631607055564457,0.0,-4626.159672598858
-0.008254034704467896,0.002030002733357659,0.12124451543456408,281.28259859812124,0.0,0.0,-0.6186174218216892,1157.7634931144212,-0.9710629064079878,0.23882385098325398,0.0,-4692.62522232743
0.004856019658997971,-0.006976322317053967,0.05427842106958211,281.1909111441341,0.0,0.0,-0.5902566691409397,921.9650236089848,0.5712964304703495,-0.820743802006349,0.0,-4945.9554741677985
0.007342882928507069,-0.004281596699624972,-0.19124526808756634,281.81354673122735,0.0,0.0,-0.6485042413392664,47.35508606849097,0.863868579824361,-0.5037172587794084,0.0,-4695.331967716313
-0.007708541555294567,-0.003581673783344434,0.04023815287374852,281.5936230361895,0.0,0.0,-0.6348854101926429,869.2661619775348,-0.9068872417993608,-0.4213733862758157,0.0,-4723.9200354815985
0.0084044278568258,0.0012710595577747341,0.1557932517250399,281.36737809279384,0.0,0.0,-0.6446923477218856,1283.8645160749045,0.988756218450094,0.14953641856173341,0.0,-4686.637091296764
0.007279284600191106,0.004388851297255425,0.1411267670633615,281.35135846112036,0.0,0.0,-0.6471898853983415,1229.7602518911046,0.8563864235518948,0.5163354467359323,0.0,-4790.168288132856
0.007994759987256692,-0.00288683438149115,0.013643091629229276,281.3864845907465,0.0,0.0,-0.5902829115760068,778.1864693426307,0.9405599985007872,-0.33962757429307644,0.0,-4689.41297291351
-0.006792626904292385,0.005109816018124649,0.020170553364128707,281.3872327862408,0.0,0.0,-0.6483240649712607,800.5913823315715,-0.7991325769755747,0.6011548256617234,0.0,-4799.421946621387
0.008478646558601555,-0.0006021233547322403,-0.19199046981655113,281.75798999221166,0.0,0.0,-0.6497527661383616,47.94685244301317,0.9974878304237124,-0.07083804173320474,0.0,-4585.698294145437
0.006404434767823129,0.005588668473321558,-0.13862464535516472,281.87168983604226,0.0,0.0,-0.615105616263435,236.04442040353376,0.7534629138615446,0.6574904086260656,0.0,-4788.017222449402
-0.0017149863132506957,-0.008325192006516293,-0.177546036985737,282.0392468716892,0.0,0.0,-0.6264757249551077,97.88173584144927,-0.20176309567655243,-0.9794343537077992,0.0,-5009.454024812197
0.008467196153608263,-0.0007460491246033648,-0.0011624806807281063,281.46700494547963,0.0,0.0,-0.5901674263228738,724.5067677516608,0.9961407239539132,-0.08777048524745468,0.0,-4638.077724494769
-0.007204530109793908,-0.004510515036786042,0.10653349418829619,281.4759335145374,0.0,0.0,-0.6025401816521627,1105.3983441612645,-0.8475917776228127,-0.5306488278571814,0.0,-4787.480955520076
-0.0076124114431020875,-0.0037816916877144286,-0.09106520650957627,281.7033398809096,0.0,0.0,-0.6378268162915928,405.6658663180286,-0.8955778168355396,-0.44490490443699154,0.0,-4697.6616359807795
-0.008361464764061145,-0.0015283674294370147,0.038577604591413545,281.52249132959713,0.0,0.0,-0.6414957830343652,869.157869161198,-0.9837017369483699,-0.1798079328749429,0.0,-4659.575681835615
-0.007887063074069856,-0.0031692642782897977,0.08418999722616036,281.46981275402186,0.0,0.0,-0.6169606528356353,1029.548598881826,-0.927889773419983,-0.3728546209752703,0.0,-4718.756610319759
-0.008383676303551258,0.0014014177240470164,-0.1157871729328297,281.56376304153775,0.0,0.0,-0.6091724406470543,314.5553082430153,-0.9863148592413244,0.16487267341729603,0.0,-4615.8956680388355
0.006204435623593695,-0.005809903492544564,-0.13981023061297937,281.69824160216945,0.0,0.0,-0.6490935276511408,230.4087711380285,0.7299336027757288,-0.6835180579464193,0.0,-4803.056589765317
0.0034799703589446377,0.007754985899462793,-0.14402747267368696,281.954641393628,0.0,0.0,-0.6052869466920723,216.42965586198795,0.40940827752289854,0.9123512822897403,0.0,-4962.607822351329
-0.006654587056752451,0.005288333490250285,-0.1593675388305682,281.74451667845466,0.0,0.0,-0.590011604827717,163.53751960215075,-0.782892594912053,0.6221568812059158,0.0,-4762.557696761724
0.005394262028746284,0.006569013408817647,0.020938613258996014,281.69124742965136,0.0,0.0,-0.609245729052635,801.686716229073,0.6346190622054452,0.7728251069197231,0.0,-4903.411480917634
-0.008490027813395373,0.00041161599552617056,-0.12227534442180976,281.6226928091108,0.0,0.0,-0.6096708509218941,290.6997152148804,-0.9988268015759261,0.048425411238373,0.0,-4603.226228788857
0.0005080519088592659,0.008484803077143539,0.179607499336131,281.00203096934166,0.0,0.0,-0.6330203927300926,1366.3729543758982,0.059770812806972454,0.9982121267227693,0.0,-5121.615455842682
0.007902137374591644,0.0031314892484378526,0.09556142363383782,281.5325504001272,0.0,0.0,-0.6280298721349958,1067.3126912027292,0.9296632205401935,0.36841049981621793,0.0,-4720.358001135957
-0.006641007322788595,-0.005305376682071525,-0.00017288923719394056,281.6719709411229,0.0,0.0,-0.643488378566773,728.3410604276271,-0.7812949791515994,-0.6241619625966499,0.0,-4806.368003525805
-0.0015590271309180743,-0.0083558024393269,0.15918151238549108,281.12872301029046,0.0,0.0,-0.5967517970165656,1290.3826448200361,-0.18341495657859697,-0.9830355810972823,0.0,-5102.905174659692
-0.008298419234640687,-0.0018401734174108377,-0.008133079683975447,281.6020314544256,0.0,0.0,-0.6498687358555064,702.3599352222045,-0.9762846158400807,-0.21649099028362795,0.0,-4653.440027735682
0.0029227802414233508,-0.007981688772455694,-0.08555262285442294,281.73712997270655,0.0,0.0,-0.6445767740094018,424.22851707994056,0.3438564989909824,-0.9390222085241992,0.0,-5000.0224488476915
-0.008383166830090352,0.001404462138639878,0.17555149484918733,281.2652760173459,0.0,0.0,-0.5955364242052291,1352.8527830727364,-0.9862549211871001,0.16523083983998563,0.0,-4694.111722935964
0.006385591088708331,0.005610189519776383,-0.15654182321198945,281.88121205585225,0.0,0.0,-0.6232138400264285,174.65914237476196,0.7512460104362741,0.6600222964442803,0.0,-4784.677924253774
0.008471080883370969,0.0007005631073550349,-0.19280395985197402,281.75191857315616,0.0,0.0,-0.6489178016620527,43.40511252816,0.9965977509848197,0.08241918910059233,0.0,-4586.260994334477
-0.008253830964665124,-0.0020308309645894187,-0.06934336170369451,281.63624719058254,0.0,0.0,-0.6404354411075979,485.27065017757474,-0.9710389370194263,-0.2389212899516963,0.0,-4641.5123718739105
0.00595381908855074,-0.006066468351587176,-0.05742797101545724,281.51995945075987,0.0,0.0,-0.623115803520351,526.1809748582348,0.7004493045353811,-0.713702159010256,0.0,-4843.715635162615
-0.00038088483685128077,-0.008491461990791503,-0.06574634159998807,281.7666357321351,0.0,0.0,-0.646058109489955,493.7859404824428,-0.04480998080603303,-0.998995528328412,0.0,-5056.477246492387
0.008311080217570816,0.001782118294924062,-0.04880882714834689,281.63260616181014,0.0,0.0,-0.5942188908418774,552.500781558885,0.9777741432436253,0.20966097587341906,0.0,-4641.246347727703
0.006902735645004511,-0.004960064577723173,-0.14904970824155744,281.7296572603555,0.0,0.0,-0.649179950410605,195.57707155856428,0.8120865464711189,-0.5835370091439027,0.0,-4744.83784794428
-0.006205053348431161,-0.005809243749673725,0.09351515877218333,281.4576618848959,0.0,0.0,-0.6026967844894002,1060.5956210229403,-0.7300062762860189,-0.6834404411380853,0.0,-4865.609400937847
0.004054071571862247,0.007470910499411593,0.08226096971220279,281.3711721510798,0.0,0.0,-0.6407426606903484,1020.161506151801,0.4769495966896761,0.8789306469895991,0.0,-4996.978412439974
-0.007094140232652487,-0.004682218956804704,-0.15637542330775675,281.8106040315202,0.0,0.0,-0.6128033486485153,171.54296759677536,-0.8346047332532337,-0.5508492890358475,0.0,-4726.556991398715
0.004719687906349977,-0.007069267717851247,-0.12408121877385758,281.7291424395643,0.0,0.0,-0.6490074974089342,288.10525347584553,0.5552574007470561,-0.8316785550413232,0.0,-4906.053173237206
-0.005376143460334546,0.006583850050988563,-0.14140007842073038,281.7381625471205,0.0,0.0,-0.590117733099794,228.6928440983219,-0.6324874659217113,0.7745705942339485,0.0,-4861.045619993288
0.007818791066677438,0.0033341425067991777,-0.025920670276951163,281.6592283820106,0.0,0.0,-0.590000513056296,636.3803113566518,0.9198577725502868,0.3922520596234326,0.0,-4695.744812270818
-0.00397092445137715,0.007515434718062228,-0.029963650624979687,281.4810108573258,0.0,0.0,-0.6208067934673163,623.9322489563564,-0.4671675825149588,0.8841687903602621,0.0,-4970.9329297162785
0.00655418501584875,0.005412269281736056,0.12204504976077388,281.36018325509167,0.0,0.0,-0.6450772338875453,1164.0245578746858,0.7710805900998529,0.6367375625571831,0.0,-4846.135072209612
-0.005098516445139981,-0.0068011124133216016,0.11059287414183736,281.41981882507156,0.0,0.0,-0.5939544149571075,1124.0679907341519,-0.5998254641341154,-0.8001308721554825,0.0,-4946.363400449672
0.005088953426076164,-0.00680827092786617,0.05968456930194041,281.2515848562166,0.0,0.0,-0.5900030510690206,940.8120799632686,0.5987004030677839,-0.8009730503371965,0.0,-4933.298377268598
-0.0033024706356055687,0.007832221121812316,0.1695565155530104,280.9559781474837,0.0,0.0,-0.6243090780064149,1333.265183534788,-0.3885259571300669,0.921437779036743,0.0,-5054.071707945355
-0.004529174439879609,0.0071928143930690466,0.024360274850711183,281.29032893826377,0.0,0.0,-0.6441428758893764,818.0223289658088,-0.5328440517505422,0.8462134580081231,0.0,-4956.609658762721
0.005817058517205374,0.006197727826180207,0.16591215488914438,281.21756998222395,0.0,0.0,-0.6492895958763121,1319.2062249469502,0.6843598255535733,0.7291444501388478,0.0,-4913.439733999425
-0.0033501821586945976,0.007811931867570557,0.147218967428091,281.01446462807087,0.0,0.0,-0.6338628021637464,1250.340862273764,-0.39413907749348204,0.9190508079494772,0.0,-5046.145702289738
0.0012329898010330857,0.00841009727354853,0.1017013053012579,281.19741657892575,0.0,0.0,-0.6496272095745877,1088.052074492384,0.14505762365095123,0.989423208652768,0.0,-5093.027361817561
-0.003181483079379124,0.007882142184433389,-0.09096669462873118,281.6347491594105,0.0,0.0,-0.5945883941524013,404.74806466004065,-0.3742921269857793,0.9273108452274573,0.0,-4988.952679058715
-0.006511346990935484,-0.005463731359028866,-0.06297369846343245,281.83419141469125,0.0,0.0,-0.6489375988299999,505.3799303384991,-0.7660408224629981,-0.6427919245916313,0.0,-4799.904459146314
-0.008338858690545207,0.0016472509642184753,0.19563911622120292,281.2440525154386,0.0,0.0,-0.5917022085938375,1422.027564558503,-0.9810421988876713,0.19379423108452648,0.0,-4704.013273137143
0.00848774149036727,0.00045633802460240055,0.14759694002385135,281.3019911525248,0.0,0.0,-0.6403350993743943,1250.2952770400198,0.9985578223961492,0.053686826423811826,0.0,-4675.867380176632
0.007957957150156986,0.002986790584601693,-0.05749837015296569,281.72227928231405,0.0,0.0,-0.593996802619068,526.4756711798187,0.9362302529596452,0.35138712760019913,0.0,-4673.901689922714
0.006458871903552998,-0.005525665003734274,-0.07729951964180987,281.5978811039896,0.0,0.0,-0.6294795311944704,450.92962744221165,0.7598672827709408,-0.6500782357334439,0.0,-4800.205858019039
0.00849796842390306,-0.00018582967025355948,-0.13913386510903542,281.63875601258457,0.0,0.0,-0.636522743597134,232.6985917716318,0.9997609910474188,-0.021862314147477583,0.0,-4597.881704787066
0.0014115684494522256,-0.008381973187293732,-0.16258905681161245,281.959219050404,0.0,0.0,-0.6418683756589715,149.71604742816166,0.16606687640614418,-0.9861144926227919,0.0,-5019.24413446018
0.0011591588968774655,0.008420590873079503,-0.06410591717732445,281.8415764871171,0.0,0.0,-0.593007308180019,503.0597140777788,0.13637163492676063,0.9906577497740591,0.0,-5049.618073451467
-0.008060838655101592,0.002696827798807328,0.167031757067412,281.3005468580143,0.0,0.0,-0.6014626095944415,1327.0185535411017,-0.9483339594237166,0.31727385868321506,0.0,-4724.104986855243
-0.005876363388421214,0.006141526954041865,0.11512782981371275,281.1395882806002,0.0,0.0,-0.6372827518072677,1136.2708509619447,-0.6913368692260252,0.7225325828284547,0.0,-4895.591420969718
-0.0011698579503005965,-0.008419111139313847,0.07261587122065336,281.33060370059127,0.0,0.0,-0.5951730152328649,985.7946046694273,-0.1376303470941878,-0.9904836634486878,0.0,-5086.1477774387
0.0019267274991203996,0.008278751182644232,0.09873553784617975,281.3031031495578,0.0,0.0,-0.6487784276743813,1079.583710236995,0.22667382342592934,0.9739707273699095,0.0,-5078.882372569302
0.004169655001341828,0.007407022152645765,0.1686823212280312,281.13509575981504,0.0,0.0,-0.646305649111223,1329.2749558875191,0.4905476472166856,0.8714143708995017,0.0,-5014.37595508107
0.00013352229368056954,-0.008498951217479149,0.1000367119752876,281.17927494711773,0.0,0.0,-0.5900072863598319,1083.7707512250247,0.015708505138890532,-0.9998766138210762,0.0,-5101.730544708201
0.004626508355147978,-0.007130597481259614,-0.10030485484954901,281.6613384792686,0.0,0.0,-0.6446033726122189,376.1771133316024,0.5442951006056445,-0.8388938213246605,0.0,-4917.735792502773
-0.0026125482754843915,0.008088546934293176,-0.04678525357691268,281.5653645384768,0.0,0.0,-0.6081915542652875,568.4870410367089,-0.3073586206452225,0.9515937569756677,0.0,-5020.881357255067
-0.007462240496337421,-0.0040700082032868005,0.19086866408036515,281.2297508698146,0.0,0.0,-0.5911912849292039,1407.4321461871182,-0.8779106466279318,-0.4788244945043294,0.0,-4787.088740449205
-0.0001277427417651476,-0.008499040051201449,-0.12140862357556499,281.88810304621285,0.0,0.0,-0.6486172025938449,295.1950123064364,-0.015028557854723245,-0.9998870648472292,0.0,-5042.327577327934
0.007521609967019348,-0.003959215011089347,0.1395421791281062,281.1877130625331,0.0,0.0,-0.6224912793202589,1225.3591399012043,0.8848952902375703,-0.465790001304629,0.0,-4767.900688758497
0.008499581329263822,-8.436366060017822e-05,-0.029686604619712648,281.51543337255356,0.0,0.0,-0.5931835752399057,624.9604590459418,0.999950744619273,-0.009925136541197437,0.0,-4627.078644867149
0.004211247966139251,0.007383453837310018,-0.14539802792710219,281.9408806339302,0.0,0.0,-0.6084544129825261,209.35741406338778,0.495440937192853,0.8686416279188256,0.0,-4927.987615206693
-0.008339503344358104,-0.0016439841755442805,0.06620561995230814,281.49951885597727,0.0,0.0,-0.6306122710109555,965.6441106152712,-0.981118040512718,-0.19340990300520947,0.0,-4669.221735257252
-0.0045383197458177295,-0.007187047647311162,-0.14887166759255063,281.95896724224997,0.0,0.0,-0.6287775189649382,203.6940074250158,-0.5339199700962034,-0.8455350173307249,0.0,-4909.62778572409
-0.008170734955738179,0.0023428807658688543,0.19420467793935028,281.34503550673156,0.0,0.0,-0.5929176108280423,1418.441340521107,-0.9612629359691974,0.2756330312786887,0.0,-4720.532063971315
-0.008195900708494894,0.00225326686757093,-0.19000985763259015,281.7312181448931,0.0,0.0,-0.590022318758222,55.12239155008427,-0.9642236127641051,0.265090219714227,0.0,-4614.941788331988
0.008459220879080893,0.0008316141646953247,0.027508702420775105,281.51001888887276,0.0,0.0,-0.5939588719543305,829.4441624721396,0.9952024563624579,0.09783696055239113,0.0,-4646.592094750363
-0.008447342916357467,0.000944668012301317,-0.13000556233924576,281.649728594389,0.0,0.0,-0.6047593642088617,268.27635271427613,-0.9938050489832314,0.11113741321191964,0.0,-4605.555129715385
-0.003601801836368193,0.007699157326067232,-0.0843272329983715,281.6711389471361,0.0,0.0,-0.5973681959843826,429.10216688627645,-0.423741392513905,0.905783214831439,0.0,-4973.370642614037
0.004525506109325832,0.007195122963122631,0.06064564851996959,281.4731091394727,0.0,0.0,-0.6307907374434928,943.637522799248,0.5324124834500978,0.8464850544850153,0.0,-4966.547040634519
0.008118235985707219,0.0025187783706329477,0.10201188221868715,281.44428429187525,0.0,0.0,-0.6286752284705704,1088.902611798859,0.9550865865537903,0.29632686713328793,0.0,-4701.00527093228
0.006163751967713467,0.005853047213247847,0.19642722882365862,281.1318450660567,0.0,0.0,-0.6442730988791513,1428.087888912282,0.7251472903192313,0.6885937897938642,0.0,-4896.3310074517585
-0.005637676200220361,-0.006361336892624767,0.027537338630188063,281.63715583377433,0.0,0.0,-0.6289560056797969,823.769493621524,-0.6632560235553365,-0.7483925756029137,0.0,-4888.828303237486
-0.008332810782127751,0.0016775769637353475,-0.12452020088251939,281.68371274611036,0.0,0.0,-0.6046758125452778,284.2663538525897,-0.9803306802503235,0.19736199573357027,0.0,-4618.7309144650135
0.0022949331594461927,0.008184331481170244,-0.03162599994444529,281.7680539394136,0.0,0.0,-0.599374835343257,617.6244987390522,0.2699921364054344,0.9628625271964992,0.0,-5034.440843987522
0.008067592392840672,0.0026765561796792798,-0.10716039434917207,281.7162155141254,0.0,0.0,-0.6126092825338257,348.9787891712315,0.9491285168047848,0.31488896231520935,0.0,-4649.877876075261
-0.008499030043032065,0.0001284068831425085,-0.0256948310824984,281.5367339536839,0.0,0.0,-0.6475270424588019,635.134798243873,-0.9998858874155371,0.015106692134412764,0.0,-4628.206678176312
-0.008383046789187575,0.0014051784691959664,-0.18962681532626569,281.8098947834786,0.0,0.0,-0.5900724540026273,52.590457402690106,-0.9862407987279498,0.16531511402305485,0.0,-4596.149311208007
-0.0016244962182058152,-0.008343321403196392,-0.02988247856665799,281.64215163752135,0.0,0.0,-0.6381614302268286,626.9233333100868,-0.1911172021418606,-0.9815672239054578,0.0,-5050.911404272853
-0.0007437301188943234,-0.008467400162402237,-0.16678172003164043,282.00018885475623,0.0,0.0,-0.6343321755852657,136.6464833768575,-0.08749766104639098,-0.9961647249884985,0.0,-5026.885114966581
0.005311775511303447,0.006635890363584755,0.10712680095868096,281.3156116685726,0.0,0.0,-0.6446901137447915,1108.3489795761338,0.6249147660356996,0.7806929839511476,0.0,-4931.9132123264135
0.0028507094161401543,-0.00800771227159979,-0.05477255515260587,281.6073893427687,0.0,0.0,-0.6343136010762009,531.0319346360168,0.3353775783694299,-0.9420837966587988,0.0,-5010.814551395255
0.001872156411089355,-0.00829126229065376,-0.09895784099413128,281.7798912214388,0.0,0.0,-0.6488616699815614,378.4867690270002,0.22025369542227705,-0.975442622429854,0.0,-5027.1051915902835
0.008059441090097872,0.00270100153928909,0.1319853093972326,281.4330772941859,0.0,0.0,-0.6409963892413273,1196.9734019766663,0.9481695400115143,0.31776488697518707,0.0,-4714.839483058627
0.008459462828519716,0.0008291493549977734,0.01547301797893716,281.4906000266954,0.0,0.0,-0.5916659543436423,779.5416516117355,0.9952309210023194,0.09754698294091452,0.0,-4643.338079614129
-0.00708114401881524,-0.004701850634037321,0.14564361569875925,281.2949728166892,0.0,0.0,-0.5915559113682761,1246.544785779037,-0.83307576691944,-0.5531588981220378,0.0,-4808.708413698482
-0.003147375835351139,-0.007895823285196278,0.027869852796850392,281.48984440051544,0.0,0.0,-0.6185668098265411,824.1872401079016,-0.37027951004131043,-0.9289203864936796,0.0,-5022.150234734812
0.005335685184354413,0.006616680709650482,0.1269640222912933,281.3031465801656,0.0,0.0,-0.6486268861311184,1178.805606427544,0.627727668747578,0.7784330246647626,0.0,-4935.685026686754
-0.0008608324035108733,0.008456297509729994,-0.09087596176023084,281.74621413360967,0.0,0.0,-0.5911648976830143,403.98170776055883,-0.10127440041304392,0.9948585305564699,0.0,-5046.105782567022
-0.004485581704933702,0.007220080108168058,0.03672717757238536,281.2757615677558,0.0,0.0,-0.6469866151348221,859.2579002383625,-0.5277154946980825,0.8494211891962421,0.0,-4962.320829935671
-0.005091423957087265,-0.006806423590197562,-0.05832529564824562,281.8471724755559,0.0,0.0,-0.6499819093787492,519.7846317767385,-0.5989910537749723,-0.8007557164938307,0.0,-4901.484025646952
0.008197569860822377,-0.0022471867694823676,0.08481948909407963,281.33320730322544,0.0,0.0,-0.60461436044309,1030.515182871848,0.964419983626162,-0.2643749140567491,0.0,-4688.509850173839
0.00393214267543004,0.0075357981647640945,0.003757172774944223,281.66605543920264,0.0,0.0,-0.6076754021071594,744.8651517596209,0.46260502063882813,0.8865644899722464,0.0,-4981.8465237110995
-0.008376625807071006,0.0014429622615689012,-0.18413802306520796,281.7164773956873,0.0,0.0,-0.5903329344518119,71.77402177535197,-0.9854853890671771,0.16976026606692954,0.0,-4598.277276854444
0.008499963239902292,2.499840614372735e-05,-0.17102711666358772,281.67669972151407,0.0,0.0,-0.6459811926892565,119.92615469856956,0.9999956752826226,0.0029409889580855704,0.0,-4589.118481760149
-0.006065066686813483,0.0059552469373238695,-0.11987467415498541,281.7007914296379,0.0,0.0,-0.5940895886855799,302.15570444487787,-0.7135372572721744,0.7006172867439846,0.0,-4818.818918349161
-0.0016804996779683041,0.008332221842482859,-0.11926314977854824,281.9016436120363,0.0,0.0,-0.5900502297705609,305.53866824066193,-0.1977058444668593,0.9802613932332773,0.0,-5025.804025159614
0.0072156634570796655,0.004492683037358092,-0.014618743593607958,281.67130680633994,0.0,0.0,-0.5916466754977701,675.8165545374779,0.848901583185843,0.5285509455715403,0.0,-4753.998982968662
-0.007561969486489356,-0.0038815740989196538,-0.18036396770933452,281.78102610595033,0.0,0.0,-0.6002405606022773,88.93487941754523,-0.8896434689987477,-0.45665577634348864,0.0,-4678.364846349799
-0.0031595384788664165,-0.0078909642376938,-0.026469864171212498,281.7178220838018,0.0,0.0,-0.6412365058835511,639.0355003890824,-0.37171040927840193,-0.9283487338463294,0.0,-5007.1041326437935
-0.0043749008061334,0.007287677472040961,-0.13466741116914038,281.8153147950075,0.0,0.0,-0.590034109226245,248.32621440413456,-0.5146942124862823,0.857373820240113,0.0,-4922.309260713197
-0.004514858234484913,-0.007201809156212332,-0.039986384691154675,281.8795050744192,0.0,0.0,-0.6476546459631807,586.9232650390501,-0.5311597922923427,-0.8472716654367449,0.0,-4940.134426593526
0.00789631202058881,0.0031461494677628887,-0.1570115439197557,281.7175925758772,0.0,0.0,-0.6332169035348487,169.64295484002244,0.9289778847751539,0.3701352315015163,0.0,-4653.1549910547055
0.004789851978006726,0.007021916976779565,-0.05011576193637571,281.7866138620994,0.0,0.0,-0.5906229856045965,549.0592615162083,0.563511997412556,0.8261078796211252,0.0,-4921.834168432896
-0.006153654203014813,0.005863662673595587,-0.11280673473461374,281.62358644936535,0.0,0.0,-0.5961461204506819,328.3589757426777,-0.7239593180017426,0.6898426674818336,0.0,-4814.123257072354
0.0074241936611065895,0.0041390033199291765,-0.1590754396382964,281.77994948293446,0.0,0.0,-0.6305239922500923,166.2054859634029,0.8734345483654811,0.4869415670504913,0.0,-4696.650542989175
-0.005107803093878046,0.0067941406781262545,-0.1490176832041338,281.85220878369313,0.0,0.0,-0.5900697968497273,197.37613081957727,-0.600918011044476,0.7993106680148534,0.0,-4876.134565330657
0.007651987442883749,-0.0037009577373903427,0.027020153069992225,281.34265647978077,0.0,0.0,-0.5900198836920917,826.2592022068095,0.9002338168098527,-0.43540679263415794,0.0,-4725.664102391906
-0.0017283219793812693,0.00832243372671646,-0.02018937090416198,281.49147319182674,0.0,0.0,-0.6168665522363919,652.7363616361647,-0.20333199757426695,0.9791098502019364,0.0,-5051.392022968999
0.0047615248164712964,-0.0070411562560511315,-0.08002532731139073,281.64713247888744,0.0,0.0,-0.637717298088665,446.71617766798016,0.5601793901730937,-0.8283713242413095,0.0,-4915.457372596662
-0.008266495037777115,0.001978651002679942,0.0013514430282609846,281.48275114881767,0.0,0.0,-0.6493142298026395,731.378045361876,-0.9725288279737782,0.23278247090352255,0.0,-4659.2051609302525
0.0068205690111739214,-0.005072458808488641,-0.05392290113332299,281.41910767943625,0.0,0.0,-0.6168564019234145,537.446831648323,0.8024198836675202,-0.596759859822193,0.0,-4777.2267055135435
-0.001064627017663909,0.008433064052481759,0.15427654787194725,281.04600267741273,0.0,0.0,-0.6381973313115733,1277.0151049632966,-0.12525023737222457,0.9921251826449127,0.0,-5109.488715278063
0.006337306872469599,0.005664674889536874,0.025987271454186806,281.64762632366387,0.0,0.0,-0.6071368636754939,818.2879157082702,0.7455655144081881,0.6664323399455145,0.0,-4837.390302819504
0.005348382696195522,0.006606421310742779,0.17775244853379205,281.1470424237997,0.0,0.0,-0.646710530440878,1363.5799735971702,0.6292214936700613,0.777226036557974,0.0,-4948.485018551535
0.004002831055276164,-0.007498489417403797,-0.08772853286352567,281.62421529003274,0.0,0.0,-0.6426192247379378,418.8634257285913,0.4709213006207251,-0.8821752255769172,0.0,-4953.885653142352
0.008235739836439217,0.002102995327262556,0.20470689005394158,281.2369785910052,0.0,0.0,-0.6491003638383445,1458.436373204396,0.968910568992849,0.2474112149720654,0.0,-4716.854776835519
0.00844282519241867,0.0009842269912274523,-0.09734975335696491,281.6831855245134,0.0,0.0,-0.6141876381974974,382.15610667699525,0.9932735520492553,0.11579141073264144,0.0,-4614.781139841355
0.008162442466722012,0.0023716097860847747,0.035030546665990536,281.56068827195264,0.0,0.0,-0.5995246717204846,851.5889755321884,0.9602873490261191,0.27901291600997347,0.0,-4678.651650561583
0.003696568877366557,-0.007654108604853015,-0.07829363863003064,281.6317774748071,0.0,0.0,-0.6404474294048695,450.45270545533657,0.4348904561607714,-0.9004833652768252,0.0,-4970.777317737567
0.008348472155098327,0.0015978149691212348,0.10815758096470421,281.4477829235473,0.0,0.0,-0.6281696425748441,1110.6938106339294,0.9821731947174502,0.18797823166132172,0.0,-4679.565646430444
-0.008213178906458474,0.0021894502164939897,-0.1375700467791128,281.6237947361177,0.0,0.0,-0.598521953375399,240.47497808341072,-0.9662563419362911,0.2575823784110576,0.0,-4627.284382993137
0.00021002144504437244,0.00849740495637471,-0.016149895108131085,281.58915219507975,0.0,0.0,-0.6119343080959414,671.6260564974605,0.024708405299337932,0.9996947007499658,0.0,-5070.3984789837805
-0.0071184212752675915,-0.004645221044021234,-0.14261018574294804,281.856194523864,0.0,0.0,-0.6189050292717874,224.2717656451684,-0.8374613265020695,-0.5464965934142628,0.0,-4728.148482364225
-0.001088281474983027,-0.008430044094262425,0.13343946027774975,281.2441685703253,0.0,0.0,-0.5917754232257714,1205.7665420101762,-0.12803311470388554,-0.9917698934426381,0.0,-5103.588140283483
0.0009130982722275802,0.00845081366172838,0.0331148756878448,281.33475093187747,0.0,0.0,-0.631678384129262,848.1048307653931,0.1074233261444212,0.9942133719680446,0.0,-5078.806979603111
0.00670612082730668,-0.005222829065704102,-0.12933272923720848,281.66557157815214,0.0,0.0,-0.6463576265208548,270.9353863940727,0.7889553914478447,-0.6144504783181296,0.0,-4766.422706817067
-0.00806085895232725,-0.0026967671294877544,0.005373411534517314,281.5614834018101,0.0,0.0,-0.6475707948421036,749.2700864158552,-0.9483363473326177,-0.31726672111620635,0.0,-4680.73124282131
0.007115857236584964,0.004649147856171216,0.12976318253261823,281.3453869813741,0.0,0.0,-0.645187745982989,1191.3200466326475,0.8371596748923487,0.5469585713142606,0.0,-4801.44653102982
-0.007237355160315304,-0.004457655245020352,-0.1511210832460239,281.84712926104925,0.0,0.0,-0.6142439686326173,192.58406288463513,-0.8514535482723886,-0.5244300288259237,0.0,-4715.467135388233
-0.0009718082334842999,0.008444263659865918,-0.08818962796121918,281.7366439262529,0.0,0.0,-0.5916567122503592,418.4425908433017,-0.11433038040991764,0.9934427835136372,0.0,-5045.587936318709
0.0018812090137046297,-0.008289213029398898,-0.11161401948846862,281.8626458870254,0.0,0.0,-0.6498954880253985,336.3905207568822,0.2213187074946623,-0.9752015328704586,0.0,-5023.502708332863
-0.005842806396045266,-0.006173460408744235,-0.18845584115467734,281.90338156106685,0.0,0.0,-0.6055028120846813,56.382674830711885,-0.6873889877700312,-0.7262894598522629,0.0,-4816.537083740076
0.0005508241175700225,-0.00848213374048672,0.031249617091028775,281.50985437533353,0.0,0.0,-0.604479697671841,838.7980961204426,0.06480283736117912,-0.9978980871160845,0.0,-5081.536304208562
0.008404629118632663,-0.0012697280725540965,0.1745038424767059,281.2866525737414,0.0,0.0,-0.6444635059556606,1350.4713667261992,0.9887798963097251,-0.1493797732416584,0.0,-4691.6364034067565
0.007088983475987641,-0.004690022737383497,-0.1789020817223599,281.83612231249657,0.0,0.0,-0.6494906479467053,92.58721951666726,0.8339980559985459,-0.5517673808686467,0.0,-4720.958667253398
0.005921987964386437,0.006097545288856999,-0.10881558409131774,281.8152319163616,0.0,0.0,-0.600599736358801,344.0952844700134,0.6967044663984043,0.717358269277294,0.0,-4832.230845060117
0.0056548020306842,-0.006346118025515273,-0.14731134220286013,281.77261739244386,0.0,0.0,-0.6499746287231599,204.29109042156225,0.6652708271393176,-0.7466021206488556,0.0,-4840.739924460085
-0.008371872855639825,-0.0014702873491263789,-0.20004654308236752,281.8272026872125,0.0,0.0,-0.5909308493352088,17.354818426496344,-0.9849262183105677,-0.1729749822501622,0.0,-4594.493927819349
0.006943205614864176,0.004903253592230223,0.07997384325809023,281.44019388918343,0.0,0.0,-0.6279921543766706,1014.9166057257031,0.8168477193957854,0.5768533637917909,0.0,-4802.870710431561
0.002982997098964816,0.00795937989466312,-0.01168586574734809,281.67338923855425,0.0,0.0,-0.6046361812423287,688.6032239575075,0.35094083517233127,0.9363976346662494,0.0,-5017.674601018082
-0.008068949201544837,0.0026724630554769047,-0.10495980707944011,281.54214243803375,0.0,0.0,-0.6095011970854617,356.1470914465282,-0.949288141358216,0.3144074182914005,0.0,-4650.334942616906
-0.0025407317087221466,-0.008111392136020417,-0.09190902333990576,281.8667153633989,0.0,0.0,-0.6497012458731325,395.8850823018849,-0.2989096127908408,-0.9542814277671078,0.0,-5011.028820630693
0.008476268481919232,-0.0006347224766956323,-0.14145202755619657,281.64860106332327,0.0,0.0,-0.6386689752739966,227.21113044383424,0.9972080566963802,-0.07467323255242732,0.0,-4599.502936351833
0.008286066244839506,-0.0018950214210217639,-0.15446968777483017,281.7098483042522,0.0,0.0,-0.6455830098065136,181.2190087601025,0.9748313229222947,-0.22294369659079574,0.0,-4615.426625449832
0.007783976262677034,-0.0034146322704034274,0.12202124378981236,281.31674336063776,0.0,0.0,-0.6165803723659444,1157.6540685368373,0.9157619132561217,-0.4017214435768738,0.0,-4738.744658891412
-0.00628469420346655,0.0057229903694584324,0.11362289438661125,281.21833605508874,0.0,0.0,-0.6361433952753957,1132.9059336431264,-0.7393757886431235,0.6732929846421685,0.0,-4864.946506170973
0.0075809579555766145,0.003844356444943632,0.09891218930221632,281.4776367972454,0.0,0.0,-0.6320774209864256,1077.178552081012,0.8918774065384252,0.45227722881689786,0.0,-4751.541480992827
9.910373350532334e-05,-0.00849942224212948,-0.1944645953903646,282.09995169136477,0.0,0.0,-0.6251674877257654,38.451902692809895,0.011659262765332157,-0.9999320284858211,0.0,-5022.766759068817
-0.001670744119323176,0.008334183468567694,-0.016811063928304004,281.480069228644,0.0,0.0,-0.61820765083913,669.2875766802206,-0.19655813168507952,0.9804921727726698,0.0,-5053.490270937948
-0.008499744845387541,6.586017998713472e-05,0.19560903671819405,281.3089242449619,0.0,0.0,-0.5903443657967888,1424.4308971952692,-0.9999699818102988,0.007748256469074673,0.0,-4687.5068888763135
0.007249514518887161,-0.0044378529989674365,-0.023066296117588397,281.4740548068774,0.0,0.0,-0.6014175521287742,643.3688037394943,0.8528840610455483,-0.5221003528196984,0.0,-4748.750544031787
0.007542925887658009,-0.003918452379868695,0.01031068788874645,281.4117481688328,0.0,0.0,-0.5915333900912458,767.2415890344892,0.8874030456068246,-0.4609943976316111,0.0,-4731.273249361495
0.004974685801004006,0.006892205828418732,0.07539932390725537,281.48347602504504,0.0,0.0,-0.6351733916140132,994.6780317514341,0.5852571530592947,0.8108477445198508,0.0,-4944.517675410835
-0.0011183018596870545,0.00842611422606058,0.185270584140912,281.0222883261889,0.0,0.0,-0.6250873775897572,1388.108955264337,-0.13156492466906522,0.9913075560071269,0.0,-5117.090637149188
0.008333517721570784,0.001674061642910946,0.1119617515513289,281.3839827720906,0.0,0.0,-0.63009631612501,1126.9958457107732,0.9804138495965627,0.19694842857775832,0.0,-4682.105539457362
0.0008908761253530861,-0.008453185182478607,0.11436425487623861,281.1274458148308,0.0,0.0,-0.5912255461581367,1131.954371795442,0.10480895592389247,-0.9944923744092479,0.0,-5100.849729185257
-0.008168304520570421,0.002351340311232901,-0.08016574053199567,281.56341653056785,0.0,0.0,-0.6218583690328632,443.8928840768274,-0.9609770024200495,0.27662827190975303,0.0,-4647.1623267545565
-0.007615309876315764,-0.0037758516241621033,-0.05408333958835798,281.75807063613473,0.0,0.0,-0.6479858713761162,538.8632295991055,-0.8959188089783251,-0.444217838136718,0.0,-4707.314810316495
0.008485867132646624,-0.0004899581686917703,0.04534383889609331,281.4878686288598,0.0,0.0,-0.595887290530549,885.1271978533617,0.9983373097231321,-0.05764213749314944,0.0,-4648.627371238137
-0.006589552822744302,0.005369152036985227,0.0758901415969965,281.2637289868563,0.0,0.0,-0.6466194629806941,999.8115069524797,-0.7752415085581531,0.6316649455276737,0.0,-4830.921035196487
0.006812837778931663,0.005082837927571713,0.024470888509110833,281.6178816425403,0.0,0.0,-0.604196694491738,814.7426879923785,0.8015103269331367,0.5979809326554956,0.0,-4798.901086492308
-0.007290839338729512,0.004369629473632086,-0.1623433365552011,281.7485046942528,0.0,0.0,-0.590193974990679,148.50872579216698,-0.8577458045564131,0.5140740557214218,0.0,-4707.724209977295
0.00839131097557575,0.0013549539147815945,-0.18758703521732661,281.76605165033254,0.0,0.0,-0.6473071108315734,64.16906228533102,0.9872130559500881,0.1594063429154817,0.0,-4595.852339190397
0.007359745926236407,-0.004252545108666881,0.0016916572950121944,281.4154376486999,0.0,0.0,-0.5936440993953408,733.2101901899155,0.8658524619101655,-0.5002994245490447,0.0,-4745.585645524078
-0.007306562857518261,0.004343286682816896,0.13067851882904688,281.1846109795152,0.0,0.0,-0.6231289152604141,1193.31467354756,-0.859595630296266,0.5109749038608112,0.0,-4784.942045462798
-0.00831038710075074,0.0017853476512085017,0.05962530144318526,281.4234659335992,0.0,0.0,-0.642904018181596,939.5449880554587,-0.9776926000883224,0.21004090014217666,0.0,-4670.408591176829
0.006880041711302621,0.0049914953722042165,0.027115712025101574,281.6802215520281,0.0,0.0,-0.6048958005730967,824.4429507602295,0.8094166719179553,0.5872347496710842,0.0,-4794.006593666041
-0.005025166703919406,-0.00685548682427585,0.2045569349016235,281.0386114947783,0.0,0.0,-0.602100240241376,1457.756119903995,-0.5911960828140477,-0.8065278616795117,0.0,-4976.095493208789
-0.0006319216740173069,0.008476477747148705,-0.04660819402995889,281.6157857119504,0.0,0.0,-0.6020877261946512,561.590246500347,-0.07434372635497728,0.9972326761351417,0.0,-5060.063487132056
0.001741321061794256,-0.00831972361077889,-0.011299832774942425,281.4718103257488,0.0,0.0,-0.6190055667945192,687.6357431969989,0.2048613013875595,-0.9787910130328106,0.0,-5053.502350313456
-0.0005702969910613396,0.008480846734966173,-0.06797871520996271,281.7939007819252,0.0,0.0,-0.5951753613191952,487.89556019262244,-0.06709376365427525,0.9977466747019026,0.0,-5054.78111594103
0.008183475773542004,-0.0022979826509029874,0.09182415110269768,281.3407196977054,0.0,0.0,-0.6072934302685884,1053.4200957842409,0.9627618557108238,-0.2703509001062338,0.0,-4691.795175899652
0.003631864402554452,-0.007685021858229019,0.16310451675502743,281.0568038100542,0.0,0.0,-0.6140234111648779,1308.8298771609093,0.4272781650064061,-0.9041202186151787,0.0,-5038.430431069544
0.003152071058368263,-0.007893950091240581,0.20202485395598005,280.97260013033065,0.0,0.0,-0.6298435510489011,1447.70421836609,0.37083188921979565,-0.928700010734186,0.0,-5068.694622458329
6.527500902667276e-05,0.008499749359433876,-0.159301810845551,281.98718245981416,0.0,0.0,-0.6008429134881038,160.08459530059454,0.007679412826667384,0.9999705128745735,0.0,-5032.234541485345
-0.007695340633751287,0.003609949103593616,0.0486156502811029,281.3817852076111,0.0,0.0,-0.6486027972204068,901.2565020553859,-0.9053341922060337,0.4246998945404254,0.0,-4727.406023432115
-0.00724801183252403,0.004440306799714595,-0.15432058517396433,281.7295677685096,0.0,0.0,-0.5907696471386913,178.811963329104,-0.8527072744145917,0.5223890352605405,0.0,-4713.668650003432
-0.002664201227289858,-0.008071680854723335,-0.18906607022221603,282.0172431897783,0.0,0.0,-0.6177633673618946,56.80400452995587,-0.3134354385046892,-0.9496095123203923,0.0,-4981.048576160973
0.006175482764443821,0.005840668850915734,-0.19639413689181298,281.94019103503234,0.0,0.0,-0.6388957572841999,30.749696214035893,0.7265273840522142,0.6871375118724392,0.0,-4790.058392599985
0.0074313531341383,-0.004126135067558123,-0.02484805460341405,281.4404279630035,0.0,0.0,-0.6010627861493382,640.8741895766356,0.8742768393103882,-0.48542765500683793,0.0,-4732.015052392931
0.0033737486260864225,0.0078017831428449725,0.026746623323153113,281.5143899633978,0.0,0.0,-0.6200521455394516,826.0343358131706,0.39691160306899087,0.9178568403347026,0.0,-5012.858842244252
0.006033666481557065,0.005987058442117865,0.06895133589717264,281.52162950838147,0.0,0.0,-0.6279265363506871,972.7825563850934,0.7098431154773017,0.7043598167197488,0.0,-4871.793149519412
0.0040936686529428005,0.007449287010171744,0.11725326415993761,281.2642632700668,0.0,0.0,-0.6488613452777374,1145.7539132057807,0.4816080768168,0.8763867070790287,0.0,-5004.40180337512
0.003035631007225166,0.007939454917560344,0.19088538192411494,281.0590584471511,0.0,0.0,-0.6364783661586075,1405.5271737748562,0.3571330596735489,0.9340535197129816,0.0,-5070.093781430745
0.004853443520643049,-0.006978114787815403,-0.0939459347895043,281.6350851286249,0.0,0.0,-0.6421782132169481,393.28068865282745,0.5709933553697705,-0.8209546809194591,0.0,-4906.340291879626
0.00726374557846552,0.004414521511027286,-0.010029311496417115,281.7059887592886,0.0,0.0,-0.5922801694703921,693.6590097880761,0.8545583033488846,0.519355471885563,0.0,-4750.990455828806
0.0006718087185032147,-0.0084734097650086,0.029699445130982577,281.36992585567515,0.0,0.0,-0.6047239187587975,835.2638603569297,0.0790363198239076,-0.9968717370598351,0.0,-5080.219578281054
0.00609881885016776,-0.0059206763661627726,0.018641469202728578,281.33931467542146,0.0,0.0,-0.593458360666175,793.40979082946,0.7175081000197364,-0.6965501607250321,0.0,-4853.481505404768
0.0033715257903038707,0.007802743994603172,0.12648895333252033,281.236085995286,0.0,0.0,-0.6499757170977054,1176.8011581312655,0.39665009297692594,0.9179698817180202,0.0,-5039.7102902964025
0.008212416638505514,-0.0021923076781322926,0.07118677681437499,281.3966561970208,0.0,0.0,-0.5997550306923742,983.2992315764903,0.9661666633535898,-0.257918550368505,0.0,-4683.368561935085
-0.004911795358161229,-0.006937165585420735,-0.02607377583011805,281.747865691026,0.0,0.0,-0.6454951508105871,634.8789928472289,-0.5778582774307328,-0.816137127696557,0.0,-4921.079713658611
0.00015277039597391754,0.008498627018884519,-0.10136941370319445,281.8342414080518,0.0,0.0,-0.5900000062965951,368.38254050674294,0.017972987761637357,0.9998384728099434,0.0,-5047.661195583655
0.0014349453570844063,0.00837800285403281,-0.1886739187486002,282.05583015368154,0.0,0.0,-0.617585657862893,59.22234554567684,0.16881710083345955,0.9856473945920953,0.0,-5011.840514185741
0.0025565470102528742,0.008106421367309196,-0.13696523683446432,282.0208404548505,0.0,0.0,-0.5998352095657643,245.00563229252592,0.30077023650033813,0.9536966314481407,0.0,-4998.449625669607
-0.004086555881748111,0.007453191331594134,-0.16226398311293563,281.888428795464,0.0,0.0,-0.5925385272063103,149.60893060829451,-0.48077128020566,0.8768460390110745,0.0,-4929.763710125178
0.007361628514495139,-0.004249285306327654,0.17525914339468177,281.13901684767393,0.0,0.0,-0.6367287197884474,1350.1036598633314,0.866073942881781,-0.4999159183914887,0.0,-4791.983752991748
-0.006164924172691758,-0.0058518125350151854,0.10375212825615757,281.38396411277427,0.0,0.0,-0.598932854147168,1097.0660402910528,-0.7252851967872656,-0.6884485335311983,0.0,-4871.378945510566
-0.0023272872229182506,0.008175190161827519,0.04448348645060887,281.286721050853,0.0,0.0,-0.6445592640167899,887.001477688048,-0.27379849681391183,0.9617870778620611,0.0,-5053.949722508447
0.008490997146687681,0.0003911105405657859,-0.08791133396321965,281.5957390252302,0.0,0.0,-0.6120096730523911,415.9212954345331,0.998940840786786,0.046013004772445396,0.0,-4612.345598858934
0.0042989323310168425,0.007332747153239235,-0.10550120930788379,281.91090285745,0.0,0.0,-0.5948446771740553,353.36866496192573,0.5057567448255108,0.8626761356752041,0.0,-4934.147248130705
-0.008440640365603881,0.0010027912138318718,0.085798124153001,281.41011195838564,0.0,0.0,-0.6309659642978,1035.804027684263,-0.9930165136004565,0.11797543692139667,0.0,-4664.143018554488
0.0025116528635907073,0.008120443331051367,-0.04034868817283191,281.78630428880433,0.0,0.0,-0.59616280680868,587.3242020571712,0.29548857218714203,0.9553462742413371,0.0,-5025.756803828527
0.007410949056641129,0.004162671507562177,-0.0586019993587176,281.7058241041578,0.0,0.0,-0.5922106140605996,519.2123595945478,0.8718763596048387,0.4897260597131972,0.0,-4724.803422334548
-0.008217352479167904,-0.0021737337079580634,0.07121590297610389,281.51948434615656,0.0,0.0,-0.6265708239145885,982.0479203766109,-0.9667473504903416,-0.255733377406831,0.0,-4682.882512217274
-0.0016344193830479137,0.00834138317548818,-0.050243687719597196,281.58251160459764,0.0,0.0,-0.6036475406908425,547.201845512696,-0.19228463329975454,0.9813391971162565,0.0,-5045.251698932154
-0.005193794719275373,-0.0067286325812922244,-0.1555547107982771,281.89299239211704,0.0,0.0,-0.6230061741058422,177.5087317403799,-0.6110346728559262,-0.7916038330932028,0.0,-4868.985925867878
-0.0005617498790738423,0.00848141716185217,0.09700212891095186,281.2818891893794,0.0,0.0,-0.6499950764326516,1076.909351943224,-0.06608822106751086,0.9978137837473141,0.0,-5099.103194111031
-0.004438384219250557,0.007249189301039643,-0.05260602688736221,281.57658267043035,0.0,0.0,-0.6123805692651519,543.3069031404252,-0.5221628493235949,0.8528458001223109,0.0,-4940.918409774225
0.0011819274402108332,-0.00841742523139212,-0.08984184512187374,281.8093814831201,0.0,0.0,-0.64834720413955,408.2662134511393,0.13905028708362743,-0.9902853213402493,0.0,-5042.388698104418
0.004426406412114119,0.007256509234803952,0.12432368675346409,281.3159556004754,0.0,0.0,-0.6493201999941496,1168.7812643083457,0.5207536955428375,0.8537069688004648,0.0,-4989.0339944449715
0.0014213061136206578,0.008380327495473225,0.19521036155340651,280.9926136645461,0.0,0.0,-0.6293807741342735,1420.5747028796186,0.1672124839553715,0.9859208818203794,0.0,-5115.071105128448
-0.008479087303231417,0.0005958846399931534,0.16299657278285237,281.2963657526664,0.0,0.0,-0.5973247466427762,1311.3471571284167,-0.9975396827331079,0.07010407529331215,0.0,-4680.893203623791
-0.0077594506502220014,-0.0034700036897342577,-0.15940292770233305,281.7822829788639,0.0,0.0,-0.6069103176119086,165.75861630690844,-0.9128765470849413,-0.4082357282040303,0.0,-4665.562181164551
0.008344590759888564,-0.0016179632412333706,-0.12761695100075576,281.6644225228903,0.0,0.0,-0.6363510423236398,277.0207730433478,0.9817165599868899,-0.19034861661569064,0.0,-4616.703648001969
0.0010346263923167525,-0.008436797273155355,0.07899448836684228,281.31143990655124,0.0,0.0,-0.5908470360332625,1009.3998031397305,0.12172075203726498,-0.9925643850771005,0.0,-5089.674628970704
-0.007113698848207215,0.004652449752228964,-0.06488687287944112,281.48920665125996,0.0,0.0,-0.6199167283143766,500.0727626394003,-0.8369057468479076,0.5473470296739957,0.0,-4749.410385981339
0.008038325014422233,-0.0027632102638984663,-0.17780920683466914,281.8465121857069,0.0,0.0,-0.6498901707296839,96.00378633166603,0.9456852958143802,-0.32508356045864306,0.0,-4633.793992212641
-0.004878595972424662,-0.006960553235041155,0.10928666025678566,281.37582594345326,0.0,0.0,-0.5937785074035354,1115.6811465748513,-0.5739524673440778,-0.8188886158871946,0.0,-4959.375379989449
0.005535759805504346,-0.00645022196329417,-0.13340596037302638,281.7187407919893,0.0,0.0,-0.6491710768856674,258.55135072461985,0.6512658594710995,-0.7588496427404905,0.0,-4852.583380299534
-0.004195602555639582,0.007392355456490889,-0.02842411407972678,281.4674695108197,0.0,0.0,-0.6224162681287065,627.5276759521146,-0.4936003006634802,0.8696888772342222,0.0,-4960.171865175098
-0.005326262157209577,-0.006624268369614654,0.14599910758919268,281.2045232779525,0.0,0.0,-0.5900016823258994,1247.0161097981147,-0.6266190773187738,-0.7793256905429005,0.0,-4941.403846333701
-0.005645790825713482,-0.006354136129505685,0.18010790921603867,281.102806686345,0.0,0.0,-0.5931570478923357,1369.2738200973329,-0.6642106853780567,-0.7475454270006687,0.0,-4929.204266968942
-0.0075649652299710456,-0.0038757323268421326,-0.02514497568057647,281.7258509832872,0.0,0.0,-0.6498836053488205,640.9713991391396,-0.8899959094083583,-0.4559685090402509,0.0,-4719.732990756539
-0.008245249069904363,0.0020653977281001453,0.021509782529864713,281.38388695851665,0.0,0.0,-0.6498937457924416,808.7894325158368,-0.9700293023416897,0.2429879680117818,0.0,-4666.7499044074475
-0.0038456125430893213,0.007580320848647113,-0.016239197699393887,281.4515343403117,0.0,0.0,-0.6265650257989805,669.8372653941888,-0.45242500506933186,0.8918024527820133,0.0,-4980.580252587377
-0.00509463341815354,0.006804021629494809,-0.16878435042012008,281.8349597510621,0.0,0.0,-0.5920637809763813,128.55757782224683,-0.5993686374298282,0.8004731328817422,0.0,-4871.649577834549
0.0050127085234628185,-0.006864601463945538,-0.0646994440223509,281.56170717179833,0.0,0.0,-0.6305902299050601,499.06633899763546,0.5897304145250374,-0.8076001722288868,0.0,-4904.617549380386
-0.001493697634099105,-0.008367727730864978,-0.16888371047705739,282.0428263942992,0.0,0.0,-0.6310392439820607,128.29688114492802,-0.1757291334234241,-0.9844385565723502,0.0,-5016.102215746623
0.0017483494999614145,-0.008318249456825919,-0.00630996701237771,281.49049217101776,0.0,0.0,-0.6166927075413499,708.8600130480422,0.20568817646604876,-0.9786175831559903,0.0,-5054.691726608381
0.0014290132249865088,-0.008379016720523576,0.16128663427441528,280.9507072493877,0.0,0.0,-0.6055914653896491,1301.7798178897176,0.16811920293958926,-0.9857666730027737,0.0,-5105.835834615023
-0.005116001867642159,0.006787969128559879,-0.09749430978521968,281.54847204561605,0.0,0.0,-0.5974966978579678,380.11600756486234,-0.6018825726637833,0.7985846033599857,0.0,-4889.4474322960195
-0.007991029584182402,0.0028971444880643497,0.2042915718890325,281.26014397162913,0.0,0.0,-0.5919090366392712,1453.8525609907228,-0.9401211275508707,0.34084052800757053,0.0,-4740.925730755739
0.007462509495424267,-0.004069514962584935,0.01645086290099304,281.3917298594946,0.0,0.0,-0.590911535632791,784.192979188043,0.8779422935793254,-0.4787664661864629,0.0,-4740.269270967825
-0.007048142171382642,-0.004751177952042797,-0.013227724305288457,281.7266013271787,0.0,0.0,-0.6477424698499487,684.1942547506223,-0.829193196633252,-0.5589621120050349,0.0,-4768.924101126255
-0.0052128969443221125,0.006713844312156575,-0.14372056882804748,281.7929251602978,0.0,0.0,-0.5900121917712778,217.4201918497668,-0.6132819934496603,0.7898640367243028,0.0,-4870.950309461934
0.00834350011495349,0.0016235780953717982,-0.17333395233717952,281.808985526399,0.0,0.0,-0.6433748821721361,106.64569369158235,0.9815882488180575,0.19100918769079978,0.0,-4604.548953189359
-0.00838252649448315,-0.0014082789387362313,0.1774305096182022,281.3081890472778,0.0,0.0,-0.5909780682977004,1361.644339922852,-0.9861795875862529,-0.16567987514543897,0.0,-4694.681228710953
-0.006454332318666641,-0.005530966852207244,0.06262007613956452,281.5709240505069,0.0,0.0,-0.6170839613831637,949.5696500890103,-0.7593332139607812,-0.6507019826126169,0.0,-4838.102259110002
0.006303644998024978,-0.0057021101128332035,0.0995961960060994,281.22299713152654,0.0,0.0,-0.5989051050007344,1082.0114602500055,0.7416052938852915,-0.6708364838627298,0.0,-4859.7304293915595
0.006918415236052243,0.004938170776872768,0.030161667929001768,281.6300264199081,0.0,0.0,-0.6059165915608571,832.9637271124225,0.8139312042414403,0.5809612678673844,0.0,-4791.599192505534
-0.006628520605090349,0.005320969327847388,0.09115114060701382,281.2270036451294,0.0,0.0,-0.6425449065278938,1053.6085072450126,-0.779825953540041,0.6259963915114574,0.0,-4831.878636226857
0.008360314717861637,0.0015346458282959356,-0.13160591866890126,281.67147259190665,0.0,0.0,-0.6278428437615491,260.3930280073318,0.9835664373954865,0.18054656803481595,0.0,-4614.033802812097
0.005789555245459825,0.00622342751703341,-0.028747362586163144,281.73514220888006,0.0,0.0,-0.5921506516939348,623.1838335832845,0.6811241465246852,0.7321679431804011,0.0,-4863.158047653937
-0.005159160231858922,0.006755225066717274,0.10028266543016481,281.1473914344874,0.0,0.0,-0.6444468289444608,1085.7634588340168,-0.6069600272775202,0.7947323607902675,0.0,-4939.808896485712
0.006965311425565524,-0.0048718001544487,-0.07679508659655485,281.4949422378798,0.0,0.0,-0.6264421709358274,459.47704668084964,0.8194484030077086,-0.5731529593469059,0.0,-4758.938338696983
-0.00848138874222667,0.0005621788000544949,-0.18585192940112277,281.7923272154177,0.0,0.0,-0.5907713386253547,65.03546168767377,-0.9978104402619611,0.06613868235935233,0.0,-4587.061990367707
-0.007103770428136512,-0.004667595280691463,0.16668929491534304,281.27281560874,0.0,0.0,-0.5900005018175154,1320.3121985286696,-0.8357376974278249,-0.5491288565519368,0.0,-4812.400218631155
-0.008499775768798207,-6.174042558061212e-05,0.15410807908779542,281.39561661386864,0.0,0.0,-0.5985180357023347,1276.872682074099,-0.9999736198586124,-0.0072635794800720134,0.0,-4676.369284217384
0.008223733328093074,-0.002149467410409199,0.16559167185908133,281.23534285226845,0.0,0.0,-0.6395826544631312,1317.8259081024025,0.967498038599185,-0.25287851887167045,0.0,-4707.563953848373
-0.0048228447627155484,-0.006999297707252294,0.13788376708469438,281.289536388497,0.0,0.0,-0.5900559558049784,1218.1309104862296,-0.5673935014959468,-0.8234467890885051,0.0,-4970.3416361656855
0.003586347078823084,-0.0077063684463057665,-0.11235028031569386,281.7843890568398,0.0,0.0,-0.6487931240703424,329.91889346321676,0.4219231857438922,-0.9066315819183254,0.0,-4966.52880501248
0.007554225461767319,0.003896623881360163,0.10799985272425752,281.44921360765096,0.0,0.0,-0.6359484981592499,1115.4919340085912,0.8887324072667434,0.45842633898354856,0.0,-4756.443641883592
0.008452758822956236,-0.0008949124431672146,0.1300549851721811,281.41085521619624,0.0,0.0,-0.6293457222858174,1186.9966253539458,0.9944422144654395,-0.1052838168432017,0.0,-4674.770061019046
-0.007885395011756394,0.0031734122815303047,0.02578303754086622,281.3633310745962,0.0,0.0,-0.6499976520000684,817.7061190338538,-0.9276935307948699,0.3733426213565064,0.0,-4703.246674001235
0.002601189916172324,0.008092206807787565,0.0715152962349754,281.4899598539876,0.0,0.0,-0.6412036630003483,982.5962035773291,0.3060223430790969,0.9520243303279489,0.0,-5052.981173933195
-0.0029994403546749434,-0.007953197945402054,0.1970465461962346,281.0180258577484,0.0,0.0,-0.6060794053119344,1430.828204690702,-0.35287533584411096,-0.9356703465178887,0.0,-5073.076905375731
0.006678424267525714,0.005258198294370767,-0.16440243129046758,281.90158401646505,0.0,0.0,-0.628338825774622,145.19818023320363,0.785696972650084,0.6186115640436196,0.0,-4759.2713481835235
-0.0036383999246184418,-0.007681929834913654,-0.145538414333827,281.90401461343424,0.0,0.0,-0.6335573907512352,209.34363585104006,-0.4280470499551108,-0.9037564511663122,0.0,-4955.334426480341
-0.0032516444470849695,-0.007853458371299965,0.08326649001045108,281.3819948629917,0.0,0.0,-0.5968111687096648,1023.3996612200536,-0.38254640553940816,-0.9239362789764664,0.0,-5032.94941895071
-0.007697604358376205,0.0036051195738709793,-0.06978731696336707,281.5093357050805,0.0,0.0,-0.6218981461720463,480.64229006499073,-0.9056005127501416,0.4241317145730564,0.0,-4695.427166472572
-0.008334542830053764,-0.0016689505127472778,0.1899126826005524,281.27951934962954,0.0,0.0,-0.5900169122887937,1403.6653905767016,-0.9805344505945605,-0.19634711914673855,0.0,-4702.915147263512
-0.005492442324041342,0.006487147086129569,0.01171418377495878,281.29210050075574,0.0,0.0,-0.6431617397062729,768.3247222507881,-0.6461696851813342,0.7631937748387728,0.0,-4894.42731449245
-0.0065002045504665325,0.005476982819225763,-0.1698050680312665,281.8562737242292,0.0,0.0,-0.5903870983374417,126.29553190484,-0.7647299471137097,0.6443509199089132,0.0,-4772.125310237802
0.0018108547182109863,0.008304866355910432,0.15085074067937024,281.1540976213736,0.0,0.0,-0.6459404449540209,1263.2610837839186,0.21304173155423367,0.9770431006953448,0.0,-5095.501967009573
-0.006542523548131844,0.005426360255469619,-0.1618760666850076,281.7852631237481,0.0,0.0,-0.5900149243121648,154.2709411971372,-0.7697086527213934,0.6383953241728964,0.0,-4770.891215334797
-0.006515232937153642,-0.0054590969742832314,-0.0016842790866047064,281.68302041729737,0.0,0.0,-0.64348454198291,719.6636656098821,-0.7664979926063108,-0.6422467028568507,0.0,-4816.039684270476
-0.004288932810321552,-0.007338600367137271,0.13942911724660037,281.21322943084624,0.0,0.0,-0.5900205738323704,1218.2215190076286,-0.5045803306260649,-0.863364749074973,0.0,-5000.383235520138
0.001140817224776515,0.008423095396566112,0.06873409214209872,281.3154159791199,0.0,0.0,-0.6438447488857856,974.4139337605062,0.13421379115017823,0.9909523995960131,0.0,-5085.514983625986
-0.006066384262244372,0.005953904767696055,0.19309972940831807,281.1243977231291,0.0,0.0,-0.6027553648020635,1413.9541520558437,-0.7136922661463967,0.7004593844348299,0.0,-4902.690318142244
0.008489664940165202,0.0004190336546505577,0.16992308141965892,281.31640329561384,0.0,0.0,-0.6464949320467865,1332.0994593415942,0.9987841106076707,0.04929807701771267,0.0,-4681.658451580238
0.008208979953363033,0.002205141293723347,-0.04003945166275899,281.67229452031376,0.0,0.0,-0.5918308529755923,585.9735089878538,0.9657623474544743,0.25942838749686437,0.0,-4653.871066915737
0.004010366497412807,0.007494461992460095,0.20139839020343284,281.06825069850447,0.0,0.0,-0.6355918808965367,1443.9575424819911,0.47180782322503606,0.8817014108776582,0.0,-5031.0885607400305
-0.0006228119915511299,0.008477151952346974,-0.11443187580966065,281.87081180459444,0.0,0.0,-0.5901797278602072,320.83588788657164,-0.07327199900601528,0.9973119943937616,0.0,-5041.9364992578085
4.263037614674116e-06,0.008499998930971128,0.09303213577648636,281.2109607440206,0.0,0.0,-0.6496825924742553,1057.2944059464542,0.0005015338370204843,0.9999998742318973,0.0,-5099.959730629963
-0.001305258122441902,-0.008399184557669836,0.0448948815977164,281.4587561994755,0.0,0.0,-0.6047347888448056,889.5653690756387,-0.15355977911081198,-0.9881393597258631,0.0,-5076.669501698887
-0.004621721646461734,-0.007133700934481838,0.062054648279169095,281.4720681172615,0.0,0.0,-0.6089811177300857,945.9394215793378,-0.5437319584072627,-0.8392589334684515,0.0,-4961.565253333803
0.006610620062349752,0.0053431921536904285,-0.08334725862343283,281.8169839564653,0.0,0.0,-0.5951979622424629,431.3176318956542,0.7777200073352649,0.6286108416106386,0.0,-4786.505240053115
0.008181295326731392,0.0023057334574497364,0.030455067450881612,281.54977674786164,0.0,0.0,-0.5978747680991637,832.5566320700943,0.9625053325566342,0.271262759699969,0.0,-4675.547605067133
0.005876402703632318,-0.00614148933604405,0.03743034054752187,281.313753647993,0.0,0.0,-0.590816473865596,861.0881128417818,0.6913414945449786,-0.7225281571816529,0.0,-4874.7429391732985
-0.005078912199051976,-0.006815764878157185,-0.03784770493425518,281.80121493624824,0.0,0.0,-0.6481772428636265,592.2454241388816,-0.5975190822414089,-0.8018546915479041,0.0,-4907.752954097815
0.0003566042931790079,-0.008492516316032976,0.03438362162883046,281.4391873133203,0.0,0.0,-0.6038391005106286,852.7996997296166,0.04195344625635387,-0.9991195665921148,0.0,-5083.450433768315
0.007470351313713046,0.004055101879078476,0.1085059169832818,281.49976916494705,0.0,0.0,-0.6366748355727129,1113.7615616265698,0.8788648604368289,0.47707080930335005,0.0,-4764.253828700195
0.0033101773724433445,-0.007828967094257332,-0.1502219783089025,281.8891688893729,0.0,0.0,-0.6483684498488841,193.68808215190313,0.38943263205215817,-0.9210549522655683,0.0,-4967.967121445817
0.005897680651922906,-0.006121058971120455,-0.04906667077438412,281.50434537764494,0.0,0.0,-0.6195537520623674,554.2675488951426,0.6938447825791654,-0.7201245848377006,0.0,-4850.010715038227
-0.0009449203496243169,-0.008447314693609199,-0.024747739395937246,281.63840057392247,0.0,0.0,-0.6341360467215079,639.0745603551766,-0.11116709995580198,-0.9938017286599057,0.0,-5062.922787991553
0.0027836309048120357,0.008031276298682255,0.0557940214526835,281.4309472972122,0.0,0.0,-0.6349426549355801,926.3109035616937,0.32748598880141594,0.9448560351390888,0.0,-5042.780415647871
0.0009741505940317713,-0.008443993760072752,0.16841938308968654,281.0746809578907,0.0,0.0,-0.6070663955647586,1328.9647193854032,0.1146059522390319,-0.9934110305967941,0.0,-5114.406497459023
-0.00030908908875340433,-0.008494378372501051,-0.019638607092644617,281.5629509059656,0.0,0.0,-0.6299290624263303,659.3671639187733,-0.03636342220628286,-0.9993386320589471,0.0,-5069.149294085365
0.006386906450409023,0.005608692003820822,0.11415349842439501,281.36538936788713,0.0,0.0,-0.643484917973432,1136.2128731639204,0.7514007588716497,0.6598461180965672,0.0,-4857.201184167292
-0.003400430104306014,-0.0077901909543816325,-0.1624818449701279,282.05301359544785,0.0,0.0,-0.6271314273256615,147.02909582282865,-0.40005060050658986,-0.9164930534566625,0.0,-4960.989497381163
0.006229518374703417,-0.005783001021894473,0.07994724106926102,281.29713488104886,0.0,0.0,-0.59334781106907,1014.2867321977592,0.7328845146709901,-0.6803530613993497,0.0,-4860.1165865874755
-0.007722764736327807,-0.003550901973771131,-0.11122397198750605,281.73951666369703,0.0,0.0,-0.6287875452958821,334.29071805250106,-0.908560557215036,-0.4177531733848389,0.0,-4681.947216253859
-0.00792841016108671,0.003064361649279834,0.07970989614973659,281.3480638568023,0.0,0.0,-0.6397380350088822,1007.8500227839165,-0.9327541365984364,0.3605131352093922,0.0,-4713.572258983574
-0.0013580208304794059,0.00839081518232788,0.06689903211397816,281.24310540156165,0.0,0.0,-0.6478025507235721,967.1866929393027,-0.15976715652698892,0.9871547273326916,0.0,-5081.717281316991
-0.0024420451066049223,0.00814164698923424,0.07648016777674757,281.28823109176307,0.0,0.0,-0.6498273260984295,1002.740156188323,-0.28729942430646144,0.9578408222628517,0.0,-5059.201047352514
-0.007988858372848826,0.0029031262284928677,0.0681511155883309,281.31862599929724,0.0,0.0,-0.6430253571718196,973.8699342672725,-0.9398656909233912,0.34154426217563144,0.0,-4704.611538176692
0.0067445980890005475,-0.005173045197738964,-0.016232374492640145,281.3749530259994,0.0,0.0,-0.6014233550682134,667.7333632801416,0.7934821281177115,-0.6085935526751722,0.0,-4793.614862134524
-0.001554755386223869,0.008356598332396254,-0.10811266187187987,281.7453445477989,0.0,0.0,-0.5901437535933584,345.3263574876028,-0.1829123983792787,0.98312921557603,0.0,-5031.273107876454
0.005764685299426845,0.006246471275734168,0.041347321788071156,281.6087415233748,0.0,0.0,-0.6166569498102962,871.2094736638318,0.6781982705208052,0.7348789736157845,0.0,-4883.7139104739
-0.0017774209081303177,0.008312086074827498,-0.18264559592759058,282.0106732407177,0.0,0.0,-0.6042365805429039,84.94745302026732,-0.20910834213297855,0.9778924793914703,0.0,-5006.7579515939915
-0.008498611443786863,-0.0001536343956768274,-0.0481707917421218,281.52590180007587,0.0,0.0,-0.6425515177079274,558.6504530270411,-0.9998366404455132,-0.018074634785509105,0.0,-4622.219873710753
-0.0032903163763946426,-0.007837334887781001,-0.057546101886427836,281.85455907737304,0.0,0.0,-0.6487350075889162,524.4290026478291,-0.3870960442817226,-0.9220393985624706,0.0,-4993.629729033544
0.003366782162523909,0.007804791981219669,0.002898167762900916,281.6398035943261,0.0,0.0,-0.6093519967424134,739.0120700919705,0.3960920191204598,0.918210821319961,0.0,-5006.746446655874
-0.0029614831089882767,0.007967409729339715,-0.07427480744716411,281.64414358593285,0.0,0.0,-0.5988510103523659,465.11697461093934,-0.34840977752803254,0.9373423210987899,0.0,-5001.661288482188
-0.006897147644145629,-0.004967831959200753,-0.05927273685963563,281.7322454091517,0.0,0.0,-0.6487970738329348,517.1896298644363,-0.8114291346053681,-0.5844508187295003,0.0,-4769.393972589489
0.008038426099923012,0.0027629161833245164,-0.03153190909672415,281.7100545727404,0.0,0.0,-0.5903466114842509,612.9316708428405,0.9456971882262367,0.32504896274406075,0.0,-4673.029223910271
0.004103484919003242,-0.0074438841688672834,-0.17579736991284134,281.93629739319124,0.0,0.0,-0.6444256980872471,104.01781777583895,0.48276293164744016,-0.8757510786902686,0.0,-4925.288430778558
0.0018277859348429673,-0.008301156460180125,-0.009365986103347768,281.5445949094439,0.0,0.0,-0.6178061396389686,693.3550095780669,0.21503363939329026,-0.9766066423741323,0.0,-5052.14180938896
0.0084864855431931,-0.0004791274623464061,0.12079827761344811,281.4313295290572,0.0,0.0,-0.6266645400458878,1154.7339329882734,0.9984100639050706,-0.05636793674663601,0.0,-4668.807325482804
-0.006023841489349374,0.005996943697517355,0.142537616135149,281.11872583276545,0.0,0.0,-0.6250633594883349,1235.0626277404272,-0.7086872340411028,0.7055227879432182,0.0,-4892.257257346048
-0.0012086000790650893,0.008413636897851242,-0.05493930573266617,281.61855640452285,0.0,0.0,-0.6006903526919513,530.0658397735367,-0.14218824459589285,0.9898396350413226,0.0,-5051.364487630291
-0.007725068629922825,0.003545887006516467,0.10172447423097866,281.30880111387756,0.0,0.0,-0.6328380425718667,1093.0003373722989,-0.9088316035203322,0.41716317723723134,0.0,-4738.862983345522
-0.0013488881823803878,-0.008392288166610733,-0.06757222108797142,281.7368761830633,0.0,0.0,-0.6479053694042407,486.6706481163931,-0.15869272733886913,-0.9873280196012627,0.0,-5045.790179560473
0.00849558108292791,0.00027404755681713995,0.17601724005370958,281.3154250038027,0.0,0.0,-0.647490737250676,1353.4864646569833,0.9994801274032835,0.03224088903731058,0.0,-4682.681506542789
-0.007779081384198196,0.0034257689382124245,-0.03687457944329006,281.3921802709554,0.0,0.0,-0.6367125662758002,596.2257145751652,-0.9151860451997877,0.40303163978969697,0.0,-4696.578001324852
0.008231123106489583,0.00212099325925692,-0.09529713491519673,281.6812256657903,0.0,0.0,-0.6093594759766027,389.57404621838197,0.968367424292892,0.2495286187361082,0.0,-4636.828869888436
-0.0068238173095883405,0.0050680881331486875,-0.11255194068435716,281.61523206208597,0.0,0.0,-0.5986290821910856,329.97499552882243,-0.8028020364221576,0.596245662723375,0.0,-4761.227049604404
-0.008213011867409387,-0.0021900767260058713,-0.028325146636546006,281.5979748214994,0.0,0.0,-0.6495496868396843,628.6105788774513,-0.9662366902834572,-0.25765608541245544,0.0,-4656.610700088617
0.002845032871350085,-0.00800973082949343,0.15596638892837508,281.0756047751491,0.0,0.0,-0.6080380016391502,1281.5135136649822,0.3347097495705982,-0.9423212740580504,0.0,-5067.551169690653
0.002462628305640456,-0.008135444783677068,0.06799567953855065,281.2518452588018,0.0,0.0,-0.5908234383020835,967.7688771748192,0.2897209771341713,-0.9571111510208316,0.0,-5056.309915670536
-0.007653864316048396,-0.0036970746586349914,-0.08831686348481001,281.72898562105973,0.0,0.0,-0.6385668948956115,411.3001325062107,-0.9004546254174582,-0.4349499598394107,0.0,-4694.545077476272
-0.008276329207664782,-0.0019371047587456035,-0.10163861130280134,281.70000517938126,0.0,0.0,-0.6272218318897221,368.6257137999209,-0.9736857891370331,-0.22789467749948275,0.0,-4630.582937258955
-0.0028225034522581073,-0.008017697566134,-0.03337501657719982,281.7339969945837,0.0,0.0,-0.64253747568451,607.1142249271539,-0.33205922967742435,-0.9432585371922353,0.0,-5017.529861173632
0.007331873392209424,-0.0043004223700250045,-0.17142805566956848,281.8052280754086,0.0,0.0,-0.6499961709160419,119.81174014390166,0.8625733402599322,-0.5059320435323534,0.0,-4701.632689391524
0.00033513855410739513,0.00849339049788427,-0.1516411144479119,281.94990754770834,0.0,0.0,-0.5989383699139373,189.78720442123011,0.039428065189105306,0.9992224115157965,0.0,-5033.63178673995
-0.007918951703732847,-0.003088722051908631,-0.1309642002595761,281.77442626718204,0.0,0.0,-0.6180718189267573,264.0240192432278,-0.9316413769097466,-0.36337906493042715,0.0,-4657.962775070065
0.006555939373683277,0.005410144076509361,-0.05313992069647566,281.7313872983687,0.0,0.0,-0.5902319252568857,537.9755769711431,0.771286985139209,0.636487538412866,0.0,-4798.994158189966
0.0025285501513934746,-0.008115197725988446,-0.10284763842596154,281.7668325173327,0.0,0.0,-0.6486890118576327,364.07853172143047,0.2974764883992323,-0.9547291442339347,0.0,-5008.470136247861
-0.007296028844785146,0.004360958965189094,0.02741088259721086,281.34282562795545,0.0,0.0,-0.6497890038146396,827.5001591639428,-0.8583563346806053,0.5130539959045993,0.0,-4758.172876427416
0.007863096273503893,0.0032282684203159442,0.14708698422750158,281.3619663396223,0.0,0.0,-0.6463571675632447,1250.9347913703846,0.9250701498239874,0.3797962847430522,0.0,-4737.930257500047
-0.0040923924218397665,0.007449988205740225,0.0043938541919879,281.3742624382855,0.0,0.0,-0.6361801834411807,742.68558281965,-0.481457931981149,0.8764692006753205,0.0,-4974.186073211829
0.006449652707599782,-0.005536423028576376,0.04415113194049006,281.33682981142914,0.0,0.0,-0.590016082157467,891.1244314650332,0.7587826714823273,-0.6513438857148677,0.0,-4833.514922924153
0.004108809781658456,-0.00744094632275679,-0.011907398058244728,281.4349861747894,0.0,0.0,-0.6105048333042857,686.425811038904,0.4833893860774653,-0.8754054497360929,0.0,-4968.992600856443
-0.004537221437764974,0.007187741065500757,0.11796616418863129,281.18117188231804,0.0,0.0,-0.6408991865604667,1148.2520916092094,-0.5337907573841145,0.8456165959412655,0.0,-4981.279126710524
0.0057813699238205415,-0.006231032162005207,-0.09691753366915262,281.5746089493738,0.0,0.0,-0.6401679358604679,384.4330731635886,0.6801611675082989,-0.7330626072947302,0.0,-4845.445280803301
0.005191174002160765,-0.006730654684300048,0.06215240617543391,281.2129339683586,0.0,0.0,-0.5900224127257394,950.6928485107924,0.6107263531953842,-0.7918417275647115,0.0,-4927.560897268739
0.0030443411149555133,-0.007936119150806106,0.013919483211239952,281.4284499045049,0.0,0.0,-0.6035691221540764,776.9913517443766,0.35815777823006034,-0.9336610765654242,0.0,-5022.292618088754
-0.006663981503034018,-0.005276490360762585,0.14781054479874242,281.2449637035593,0.0,0.0,-0.590638613930009,1253.2558442993266,-0.7839978238863551,-0.6207635718544217,0.0,-4844.209348971173
-0.008403552306878568,0.0012768353948555409,0.01150495515940575,281.45276467606175,0.0,0.0,-0.6499902276873353,769.5356977672242,-0.9886532125739491,0.1502159288065342,0.0,-4648.015218404243
-0.008150196528979832,0.002413357938434556,-0.024926556459423682,281.46536054655024,0.0,0.0,-0.6435168837186266,637.7386059656392,-0.9588466504682156,0.28392446334524185,0.0,-4663.782151681163
0.006259373274392655,0.0057506735441875826,0.19949150301342342,281.1576241175039,0.0,0.0,-0.643724568557637,1439.5422013161972,0.7363968558109005,0.6765498287279509,0.0,-4889.918765695377
0.007502523897858971,-0.003995264091653397,-0.12267160148567809,281.63484085698093,0.0,0.0,-0.6414883142048249,291.515143424306,0.8826498703363495,-0.47003106960628194,0.0,-4699.2969577323765
-0.00743557999849616,0.004118513091634389,0.1066283738712013,281.241258774401,0.0,0.0,-0.6328476328018371,1106.385723045294,-0.8747741174701364,0.4845309519569869,0.0,-4766.906519599941
0.0020046429868131955,0.008260230414184624,0.18185553329022972,280.90175440246946,0.0,0.0,-0.6367597809646156,1378.4261470414413,0.23584035138978768,0.9717918134334851,0.0,-5099.317413540316
0.0004818661982259347,-0.008486330477126571,0.035941500312190844,281.3971850309577,0.0,0.0,-0.6028750509229504,856.9589657630877,0.05669014096775702,-0.99839182083842,0.0,-5083.228781830678
0.007693036690726882,-0.003614856356085258,-0.05269131494228291,281.44023968636174,0.0,0.0,-0.6104479740656257,542.7618923828664,0.9050631400855155,-0.4252772183629715,0.0,-4700.442019228953
-0.003941696286177845,0.007530805427544374,-0.0016793595759166668,281.3962458712686,0.0,0.0,-0.6332232947374189,720.9803842748056,-0.46372897484445236,0.8859771091228674,0.0,-4979.929832785252
-0.0071672783036849305,-0.004569477182077538,-0.07572479647550712,281.80546397140864,0.0,0.0,-0.6448797210065143,458.34872618805895,-0.8432092121982271,-0.5375855508326515,0.0,-4741.842809953678
0.008492092187847628,-0.00036656550996689094,-0.12188614822322986,281.60035952506314,0.0,0.0,-0.6300110721263932,296.0713202807423,0.9990696691585444,-0.043125354113751874,0.0,-4603.1171485952445
0.002180061895615119,-0.008215675877935244,0.20129182722357772,280.9605118534368,0.0,0.0,-0.6260350134161207,1439.2340016220603,0.25647787007236694,-0.9665501032864992,0.0,-5100.06152932884
-0.0026697107450571415,-0.00806986025515476,0.17905097978348974,281.07051062059924,0.0,0.0,-0.6002826858053749,1367.484990775034,-0.31408361706554605,-0.949395324135854,0.0,-5079.632719602841
0.003929041297191453,-0.007537415637004777,-0.1814464893610065,281.938063041888,0.0,0.0,-0.6423687767499743,84.26853421479878,0.4622401526107591,-0.8867547808240913,0.0,-4932.306212740009
-0.0010980568701180542,0.008428776370861108,0.0316544063952299,281.4078624860245,0.0,0.0,-0.6373000308826183,840.445898446732,-0.1291831611903593,0.9916207495130714,0.0,-5076.149798398773
-0.00849487922130501,-0.00029500341598089915,-0.1381677957774644,281.709180611314,0.0,0.0,-0.6053052218935074,235.63564576674534,-0.9993975554476482,-0.034706284233046954,0.0,-4598.460582889495
0.0013857953911340895,0.008386272779603077,0.01145008316798557,281.61551066528284,0.0,0.0,-0.6203511400278606,771.969004290089,0.16303475189812816,0.9866203270121267,0.0,-5066.376628189221
-0.006990777298718691,0.004835186941548321,0.07779577518706673,281.3011100683273,0.0,0.0,-0.6449764105080054,1006.1059949909946,-0.8224443880845519,0.5688455225350966,0.0,-4798.249537788931
-0.008074120016900709,-0.0026567999459280517,-0.04332484338031048,281.67679484155167,0.0,0.0,-0.6482215482852509,576.877222053163,-0.949896472576554,-0.31256469952094723,0.0,-4666.362805742225
0.0036408713884838444,-0.007680758786247602,-0.16303910442055425,281.9593087271203,0.0,0.0,-0.6465388534793834,148.38345415068133,0.428337810409864,-0.903618680735012,0.0,-4950.529558129267
-0.0026478814409998824,-0.008077049205892483,0.03547738735672737,281.52917945092935,0.0,0.0,-0.6132513185895835,857.2236310073956,-0.31151546364704497,-0.9502410830461745,0.0,-5041.819894437028
0.007436564962537743,-0.004116734331719261,-0.1837750311707897,281.78431956880536,0.0,0.0,-0.6495135992535827,76.38532260664752,0.8748899955926756,-0.4843216860846189,0.0,-4688.9042019014405
0.005658137589188122,-0.00634314425358721,-0.16590791407079164,281.8637184728632,0.0,0.0,-0.6491162020063992,139.7484954495167,0.6656632457868378,-0.746252265127907,0.0,-4835.520795626907
-0.001980672732755943,-0.008266010859278925,-0.12856872262612565,281.98937966216,0.0,0.0,-0.6441578190303626,271.5345873197204,-0.23302032150069912,-0.9724718657975205,0.0,-5016.614625563954
0.001274510885693981,0.008403905163806144,0.18438218448078095,280.95434079766613,0.0,0.0,-0.6334922167465782,1382.9609611225167,0.14994245714046833,0.9886947251536639,0.0,-5114.575985158797
0.007642921878831659,-0.0037196431487545073,-0.04523668582255097,281.4882088630143,0.0,0.0,-0.6076408233301304,570.7359851414287,0.8991672798625481,-0.43760507632405965,0.0,-4707.122537436768
-0.008431938529770956,-0.001073504834718511,-0.17206836328402703,281.7665381479547,0.0,0.0,-0.5957822603420273,119.27202528838171,-0.9919927682083477,-0.12629468643747188,0.0,-4595.853470209529
0.0046900653703631535,0.007088955270117054,0.09906190953909286,281.3572717087784,0.0,0.0,-0.6441133687887763,1081.9946676778493,0.5517723965133121,0.8339947376608298,0.0,-4967.618363362319
0.003564627418441609,0.007716439034146147,-0.10732289575991757,281.93481984351183,0.0,0.0,-0.5937688820479186,349.646992309566,0.4193679315813657,0.9078163569583702,0.0,-4968.823489060009
-0.0012301180514497187,0.008410517794969437,0.003119418496301596,281.4197698802292,0.0,0.0,-0.6257551330301536,740.5118826467926,-0.14471977075879042,0.9894726817611101,0.0,-5066.621639856215
0.008191911420278725,-0.002267727338616135,0.18724130858716195,281.3019917202006,0.0,0.0,-0.6456970885056583,1394.5307434241395,0.9637542847386734,-0.2667914516018982,0.0,-4716.553651640633
0.008270543162084774,-0.0019616614906993453,-0.10280448971145474,281.5453026236807,0.0,0.0,-0.627059644019731,360.423515041276,0.9730050778923264,-0.23078370478815827,0.0,-4630.85319973252
0.0022450893742979343,0.008198144527965735,-0.1815953870721082,282.0810797973406,0.0,0.0,-0.6172626487984473,80.74212923846216,0.2641281616821099,0.9644875915253805,0.0,-4995.583264646117
0.008122107253820265,-0.002506266896689227,0.14530018632730854,281.32157468823345,0.0,0.0,-0.6304727723069861,1241.6200813860526,0.9555420298612075,-0.29485492902226196,0.0,-4712.236325653759
0.008476758540728328,0.0006281438069338578,0.19400020409312166,281.25390502000283,0.0,0.0,-0.6498658529382403,1414.2409256005535,0.9972657106739209,0.07389927140398327,0.0,-4689.451720262674
0.008461091991261596,-0.0008123560274958829,-0.1434810062924196,281.70320098867745,0.0,0.0,-0.6398658630904438,217.36403035864058,0.9954225872072465,-0.09557129735245681,0.0,-4600.523999938923
-0.006191180674402016,0.005824026258260776,0.027113612796884873,281.2689831755888,0.0,0.0,-0.6482892532896231,824.4170542129818,-0.7283741969884724,0.6851795597953854,0.0,-4848.84163675213
0.00020868021448671698,0.008497438000249356,-0.18176704241675617,281.96885829360434,0.0,0.0,-0.6102364792711004,81.54240941524246,0.024550613469025526,0.9996985882646301,0.0,-5025.968030168783
0.008130461341288732,-0.00247903174199312,-0.07490616707446204,281.60178443221264,0.0,0.0,-0.6162026462650474,463.2720947376316,0.9565248636810272,-0.29165079317566117,0.0,-4652.329704938224
0.008402644580566844,-0.0012827954056164415,0.20033890438673232,281.1946442419472,0.0,0.0,-0.6492576387048604,1438.7398201597207,0.9885464212431581,-0.15091710654311075,0.0,-4698.77089029337
-0.008169247940613304,0.0023480604942772033,-0.03225608350973974,281.4848002902926,0.0,0.0,-0.641449384501026,614.6523058946029,-0.9610879930133298,0.27624241109143566,0.0,-4659.922271476129
-0.00849701975833468,0.0002250671599102625,0.03941320654577346,281.4473231206697,0.0,0.0,-0.6451345820326374,867.2316459701083,-0.9996493833334916,0.026478489401207353,0.0,-4645.882763503341
-0.00765843381156669,-0.0036875997008694044,0.008930360813782567,281.6575955260514,0.0,0.0,-0.6450013934053601,759.2913135162619,-0.9009922131254928,-0.43383525892581226,0.0,-4720.2096844926145
-0.007456058083551393,-0.004081323051990364,-0.17033259998439465,281.8247624126091,0.0,0.0,-0.6046095965864511,123.632786337532,-0.8771833039472227,-0.4801556531753369,0.0,-4690.7427683218275
-0.006014241495039235,-0.0060065713380720144,-0.19006585028713946,281.91093645850367,0.0,0.0,-0.6041363397556625,53.291009891559945,-0.7075578229457924,-0.706655451537884,0.0,-4803.725971056507
0.008084695832287157,-0.0026244415214286393,-0.008228654625398624,281.4341034621041,0.0,0.0,-0.5928573172816796,696.1641185648963,0.9511406861514302,-0.3087578260504281,0.0,-4674.738126038524
0.0009612815239500953,-0.00844546847911424,-0.1691365064453958,282.0746711324697,0.0,0.0,-0.6384630274338433,128.4527575548548,0.11309194399412885,-0.9935845269546164,0.0,-5023.994406274491
-0.008276525384285706,0.0019362663978064489,-0.13344624934041005,281.67461762157956,0.0,0.0,-0.600580470977293,254.99119298306647,-0.9737088687394947,0.22779604680075868,0.0,-4622.029404870682
-0.00841035872165939,-0.0012312051709637295,-0.17225987269777274,281.73375167546607,0.0,0.0,-0.5960648683931865,118.31635484650818,-0.9894539672540459,-0.14484766717220346,0.0,-4598.0155091347815
0.007604083842610845,-0.0037984087345288016,0.1789331390928637,281.2222895401721,0.0,0.0,-0.639510850996761,1366.7379383051689,0.8945980991306876,-0.4468716158269178,0.0,-4770.871918005718
0.0031635875870779187,-0.007889341770951904,0.056375016556855534,281.25490207255496,0.0,0.0,-0.5915752152196226,929.2268997585161,0.37218677495034336,-0.9281578554061063,0.0,-5029.174886444991
0.006491381648499538,0.005487436951211688,-0.12415665772487983,281.80235059706774,0.0,0.0,-0.6091543699963298,285.5081169248711,0.7636919586470045,0.6455808177896103,0.0,-4785.070497806841
0.008003310237904791,0.002863044749187193,-0.026552769980086377,281.5781453678639,0.0,0.0,-0.5900602165084979,635.1489885747673,0.9415659103417401,0.3368287940220227,0.0,-4677.795686155129
0.007446237205518356,0.004099213519585702,-0.16738632361234815,281.8517964310843,0.0,0.0,-0.6341489296699592,133.12264950541578,0.8760279065315713,0.482260414068906,0.0,-4692.424521223066
-0.006754128486193792,-0.005160595740027073,0.018564561337699098,281.64010762432764,0.0,0.0,-0.6377676597507317,794.21204298422,-0.7946033513169166,-0.6071289105914203,0.0,-4802.167162162058
-0.006752127371750439,0.0051632137236084395,-0.04156351588929161,281.40715487823087,0.0,0.0,-0.628319842521282,581.297007867398,-0.7943679260882869,0.6074369086598164,0.0,-4786.199835931156
-0.007699401128774426,-0.003601280641414538,0.07808704894836141,281.470743752552,0.0,0.0,-0.6180998849406916,1004.9146094985463,-0.9058118975028736,-0.4236800754605338,0.0,-4734.932298654781
0.0007357255842192098,0.008468099424589044,0.16433105790402583,281.07936897409166,0.0,0.0,-0.6395529544672538,1312.6483700428873,0.0865559510846129,0.9962469911281229,0.0,-5115.792370039284
-0.007850551805568188,0.003258655604400392,0.15375323403509525,281.31548576113585,0.0,0.0,-0.6085387637873615,1275.3790503684163,-0.9235943300668455,0.3833712475765167,0.0,-4740.9192135940375
0.004659430860416299,-0.007109128220604847,0.0724852891641807,281.16962160248124,0.0,0.0,-0.590216466749,985.0046859322989,0.5481683365195645,-0.8363680259535113,0.0,-4962.23232163103
-0.008258883030132622,0.0020101868307665837,0.19296802327556203,281.29091204826454,0.0,0.0,-0.5926459094629113,1413.5705217487769,-0.9716332976626614,0.23649256832548043,0.0,-4711.3805520278875
0.00689761754788547,0.004967179497773606,-0.09497021595025472,281.79332310209224,0.0,0.0,-0.5997824146758928,390.4366060103311,0.8114844173982905,0.5843740585616006,0.0,-4759.777123705259
-0.0011797624369383382,-0.00841772894505337,0.13516380079135706,281.04891475843516,0.0,0.0,-0.5919370960336363,1208.3195440173065,-0.13879558081627508,-0.99032105235922,0.0,-5102.787204917086
0.0018922276680632807,0.00828670467992047,-0.03810218717173722,281.7714542383522,0.0,0.0,-0.5983043844211762,593.4370582469697,0.22261501977215065,0.9749064329318199,0.0,-5042.972185285926
-0.004576195674652443,0.007162990517046095,0.13218953351345733,281.04555930302575,0.0,0.0,-0.635611509496884,1197.8151243468926,-0.5383759617238169,0.8427047667113052,0.0,-4982.932067089872
-0.0012806898555945852,0.008402965755837467,0.03414968438821145,281.3694403508034,0.0,0.0,-0.6387371720201617,853.2668844850094,-0.15066939477583355,0.9885842065691137,0.0,-5074.173553175887
1.3873566527885782e-05,-0.008499988677883742,-0.08735300893040857,281.7852427205982,0.0,0.0,-0.6491840874039033,419.48214294294604,0.0016321842973983272,-0.9999986679863225,0.0,-5051.562654701074
-0.0014998079973042695,-0.008366634686134095,0.16324620666959297,281.0945880010108,0.0,0.0,-0.5981220538261872,1306.6631913822225,-0.1764479996828552,-0.9843099630745994,0.0,-5105.098848264497
-0.007427932806042912,-0.004132289223773123,0.07074764441282691,281.536489017017,0.0,0.0,-0.6193676246561998,982.1668318582485,-0.8738744477697543,-0.4861516733850733,0.0,-4757.972193125718
0.0053393330209734625,0.006613737437420872,0.1801176846295894,281.1269112380248,0.0,0.0,-0.6461779890449626,1367.368298169627,0.6281568259968779,0.778086757343632,0.0,-4949.708617711393
-0.007931042421193638,0.0030575424957352544,0.17500984439135112,281.23178934010014,0.0,0.0,-0.5996996034839435,1348.9076714585576,-0.9330638142580749,0.35971088185120637,0.0,-4738.886304840118
0.0077098871369857755,-0.003578776373977745,-0.020814240466389966,281.5684780469749,0.0,0.0,-0.598122236955585,655.4175060543604,0.9070455455277382,-0.421032514585617,0.0,-4707.413778051035
-0.0006493097665128162,0.008475163528045409,0.06796589764275232,281.2535826733103,0.0,0.0,-0.6469772190102965,971.1020693317286,-0.07638938429562542,0.9970780621229891,0.0,-5090.667204291555
-0.007256457533742086,0.004426491168069549,-0.12306872121656035,281.63360224798987,0.0,0.0,-0.5972069321718984,291.89826060305234,-0.8537008863225983,0.5207636668317116,0.0,-4721.307273144919
-0.005409204294023852,-0.00655671479519385,-0.1952676020588833,281.98905853553225,0.0,0.0,-0.6045593311486921,31.718067954158133,-0.636376975767512,-0.7713782111992764,0.0,-4844.421842828652
0.007135833468050678,-0.004618428381630253,0.021694054686830833,281.3834143932135,0.0,0.0,-0.5908738787009558,804.7873763911529,0.839509819770668,-0.5433445154859121,0.0,-4770.718591639285
0.007167669565697807,-0.00456886342507296,0.15252657578488052,281.2119238090779,0.0,0.0,-0.6259354956806411,1270.6223723608916,0.8432552430232714,-0.5375133441262305,0.0,-4803.046826085024
-0.008497284305367066,0.00021484746626983112,-0.12403604279238509,281.6638277626538,0.0,0.0,-0.6095634197337564,284.5393432007349,-0.9996805065137723,0.02527617250233307,0.0,-4602.003146654006
0.004334166690026357,-0.007311976415653019,-0.1487955710184854,281.92404284425345,0.0,0.0,-0.6495449169893949,198.76906943453022,0.5099019635325125,-0.8602325194885905,0.0,-4920.679231581524
0.008467843090782821,0.0007386700142023129,0.1141494352663999,281.4260342238274,0.0,0.0,-0.6278728496411351,1133.683368150713,0.9962168342097436,0.08690235461203681,0.0,-4668.9483467065365
-0.008488593901885914,-0.00044019719315924573,-0.12171725071801383,281.67504373819037,0.0,0.0,-0.6127905527639138,297.189971180245,-0.9986581061042251,-0.051787905077558316,0.0,-4603.524226575808
-0.0019692674175600827,-0.008268735443714247,-0.09090464511630687,281.7932686121961,0.0,0.0,-0.6499527944548708,404.8587295221813,-0.23167851971295086,-0.9727924051428526,0.0,-5026.993976812825
-0.00653779632507224,-0.005432054787267147,-0.05138297612086756,281.7648850174161,0.0,0.0,-0.6498671246300831,544.759948493087,-0.7691525088320282,-0.6390652690902525,0.0,-4800.912267469022
0.004359134512239353,0.007297119041389128,-0.014483103431702476,281.6865307282203,0.0,0.0,-0.5993227861810363,676.7455902191683,0.5128393543811003,0.8584845931046032,0.0,-4955.392439826312
-0.007010777803350326,-0.004806141341247715,-0.08924640067434426,281.77539853781207,0.0,0.0,-0.641605402954652,409.3931960552117,-0.8247973886294501,-0.5654283930879664,0.0,-4751.727921513935
0.004539694479062923,-0.007186179376884884,-0.00869739654772636,281.39816839561416,0.0,0.0,-0.6074901958434242,695.6647873288299,0.5340817034191674,-0.8454328678688099,0.0,-4947.159515137799
0.008455119575595115,0.0008723261788965755,-0.13384915851784623,281.67781742388524,0.0,0.0,-0.6310610889018017,251.28260635708438,0.9947199500700135,0.10262660928195005,0.0,-4603.723427364141
0.007229438272320386,-0.004470483448879913,-0.18641289780910306,281.8336369842643,0.0,0.0,-0.6489213166781852,64.55963979564636,0.8505221496847513,-0.5259392292799897,0.0,-4706.696095588708
0.006665959473426228,-0.005273991306272616,-0.15088099718004144,281.6746016625309,0.0,0.0,-0.6496167044625052,191.31687161624987,0.7842305262854385,-0.6204695654438371,0.0,-4763.912024386399
-0.00731119873468123,-0.004335478412124272,-0.1665073952413616,281.8173921328886,0.0,0.0,-0.6070685839864132,135.47457494313002,-0.8601410276095564,-0.510056283779326,0.0,-4704.796545757558
0.005665454840356549,-0.0063366096180749966,0.02471919047299559,281.3118467579974,0.0,0.0,-0.5931510319826224,818.3035235987322,0.6665240988654764,-0.7454834844794113,0.0,-4886.160053209667
0.008010674256927782,0.002842375406133845,0.1297645708839106,281.4028267881511,0.0,0.0,-0.6406413315640093,1192.5406094016187,0.9424322655209154,0.33439710660398175,0.0,-4719.016311829544
-0.006170587979671432,0.005845839887059382,0.005881706053908864,281.3268475399387,0.0,0.0,-0.6435473425057165,749.4153623582715,-0.7259515270201684,0.6877458690658096,0.0,-4844.695546080908
-0.006537330463859817,0.005432615429633354,0.021389603792397155,281.27607684035524,0.0,0.0,-0.6480175419118566,805.2016296432395,-0.7690977016305667,0.6391312270156887,0.0,-4820.473713340699
-0.008230907888128858,-0.0021218283005790405,0.041986083663945406,281.6095178833143,0.0,0.0,-0.638748589941258,879.0111209541271,-0.968342104485748,-0.2496268588916518,0.0,-4673.68252925104
-0.0083961171662619,-0.0013248458515624588,0.11126224446385904,281.40752774236967,0.0,0.0,-0.6113989463466207,1120.8074175375527,-0.9877784901484588,-0.1558642178308775,0.0,-4675.540054011683
0.004980116271903547,0.006888282944124865,-0.1554733679485109,281.91413674836195,0.0,0.0,-0.6160216778531497,174.89103906622253,0.5858960319886526,0.8103862287205723,0.0,-4882.247002457403
-0.0026326796033879054,0.008082016957783825,0.020004678513967755,281.3312160987909,0.0,0.0,-0.6374670366609156,800.1880912555873,-0.30972701216328297,0.9508255244451558,0.0,-5038.15754716162
0.003376697022916688,0.0078005074972994914,-0.17407218540122157,281.99970361085354,0.0,0.0,-0.6180383105243543,109.16012048225089,0.39725847328431624,0.9177067643881754,0.0,-4958.859416733449
0.007088439013627979,-0.004690845590091068,0.17540602129899055,281.19089843321166,0.0,0.0,-0.635235193159117,1353.0738718194516,0.8339340016032916,-0.5518641870695373,0.0,-4816.063947682592
0.007838127678684298,-0.0032884273585778233,0.011684189502969705,281.4028662142668,0.0,0.0,-0.5907112137953462,772.0590084078383,0.9221326680805055,-0.3868738068915086,0.0,-4703.990173231417
-0.008475123391345271,-0.0006498334413311097,-0.14906858421359315,281.71544599643937,0.0,0.0,-0.6021532578101566,199.26296643838845,-0.9970733401582672,-0.07645099309777761,0.0,-4597.57768151331
-0.004834113589266898,0.006991519563447213,0.07749114409598104,281.2189908253755,0.0,0.0,-0.6492658098029713,1004.144395004748,-0.5687192457961057,0.8225317133467309,0.0,-4953.476011515468
-0.0006123849940381271,0.008477911571789183,-0.17918125301885507,282.04320778815594,0.0,0.0,-0.6064729307336799,89.74643147511912,-0.07204529341625024,0.9974013613869627,0.0,-5024.6431502038695
-0.008087548953913368,-0.0026156360446466516,-0.17051772719651712,281.7573837156653,0.0,0.0,-0.6000036792621775,121.5344042004484,-0.9514763475192198,-0.3077218876054884,0.0,-4630.916155932915
-0.003761273345397359,-0.007622520765547535,0.08714686517212336,281.38551418224796,0.0,0.0,-0.5969328959522321,1038.3080169353307,-0.44250274651733634,-0.8967671488879452,0.0,-5012.225046768523
0.0070107389945202716,0.0048061979516779065,-0.0629812593188323,281.7003082589745,0.0,0.0,-0.5919679135132887,504.8201961381483,0.8247928228847378,0.5654350531385772,0.0,-4758.777980663083
-0.00782927812532242,-0.003309441650240699,0.1883403600133519,281.2847191858034,0.0,0.0,-0.5903131569486058,1399.1787712464402,-0.9210915441555786,-0.38934607649890574,0.0,-4752.230102096828
0.0016999742774665184,0.008328270376011587,-0.01465701248806553,281.5689232277576,0.0,0.0,-0.6076038373803663,678.8333635118743,0.1999969738195904,0.9797965148248926,0.0,-5053.468163399607
0.006953100706232495,-0.004889211651073124,0.17863769830143386,281.2124895905576,0.0,0.0,-0.6357814652433631,1361.2185956737878,0.8180118477920582,-0.5752013707144852,0.0,-4828.504098772767
-0.007233611035550998,-0.004463728417629687,-0.13309030990335985,281.7877118987654,0.0,0.0,-0.6225198252253117,256.06458256932655,-0.8510130630059997,-0.5251445197211396,0.0,-4720.634620985448
0.0020543715617687077,0.00824800324237303,-0.01356078114329648,281.6639778581659,0.0,0.0,-0.606899064531521,677.9609552683179,0.2416907719727891,0.970353322632121,0.0,-5045.6593927714885
0.0056938812991119735,0.0063110788104430255,0.10107413402205992,281.47106677357334,0.0,0.0,-0.641829990974865,1087.7056615871481,0.6698683881308204,0.7424798600521206,0.0,-4904.679041327811
-0.008495835686205103,-0.00026603757817996593,0.17232402038731978,281.32236596629303,0.0,0.0,-0.5932454906594447,1343.602451866982,-0.9995100807300121,-0.031298538609407754,0.0,-4681.6642971108495
0.0019502856188087618,-0.008273233104721982,0.035510075384063255,281.2843738108115,0.0,0.0,-0.5989936461648424,853.615118399971,0.22944536691867784,-0.9733215417319979,0.0,-5061.363215779528
-0.00734832968867367,-0.004272241892327391,0.05317807184628895,281.53083990642875,0.0,0.0,-0.6268167691523036,916.5531868394463,-0.8645093751380788,-0.5026166932149871,0.0,-4760.421645299799
0.008489678290484196,-0.00041876308825082066,0.1451074025833198,281.3248706928374,0.0,0.0,-0.6370299188418037,1245.2574453239201,0.9987856812334347,-0.049266245676567136,0.0,-4674.99920605537
0.004553713892172541,0.007177303796568375,-0.02847610679480564,281.6886662282533,0.0,0.0,-0.5947272987998324,625.534799736617,0.535731046137946,0.8443886819492206,0.0,-4941.0766572384455
-0.007543661831038404,0.003917035381373816,-0.12854614519176977,281.65885287800427,0.0,0.0,-0.5969145634945188,272.76411398253583,-0.8874896271809887,0.46082769192633133,0.0,-4693.951360950904
-0.006788974799138545,0.005114667259623226,-0.09855623189709413,281.58291201945747,0.0,0.0,-0.6034284618142837,377.4471203451782,-0.7987029175457111,0.6017255599556737,0.0,-4767.870489906916
0.007673624764435577,0.003655883337121284,-0.10155735173834336,281.78935906386835,0.0,0.0,-0.6067069974751487,364.88645724569784,0.9027793840512442,0.43010392201426867,0.0,-4689.14823447328
-0.006931128774647937,0.004920310346842706,0.026938103601213736,281.28381491261723,0.0,0.0,-0.6493748317406772,827.951786965487,-0.8154269146644632,0.5788600408050242,0.0,-4789.662032698079
0.0014063153422012539,-0.008382856145627776,-0.11234227608124825,281.91498201335065,0.0,0.0,-0.6499964510723434,331.26826819374946,0.1654488637883828,-0.9862183700738559,0.0,-5032.8151256713545
-0.00805816706956964,-0.0027048000811341812,-0.04661659826227696,281.5966295869773,0.0,0.0,-0.647741001352329,563.857812933784,-0.9480196552434869,-0.3182117742510801,0.0,-4667.04695042298
0.008499988777628708,1.3812320082272217e-05,0.1627394920387464,281.2953871667249,0.0,0.0,-0.6439547529708584,1306.1977940943711,0.9999986797210243,0.001624978833208496,0.0,-4678.662976781956
0.00481500331985718,-0.007004694356627157,-0.12909569795936576,281.7950535618497,0.0,0.0,-0.6494335076427541,268.7381927917627,0.566470978806727,-0.8240816890149596,0.0,-4899.1732461148595
-0.0075297970313483965,0.0039436222773862216,-0.0981296161630621,281.5426451121949,0.0,0.0,-0.6078911315222606,380.3679597583867,-0.8858584742762818,0.46395556204543775,0.0,-4703.384637968307
0.00834642684603141,0.0016084647661189766,-0.06479745892769384,281.5765446151226,0.0,0.0,-0.5991555079695481,499.56970882984007,0.9819325701213423,0.1892311489551737,0.0,-4633.371024100802
-0.004940310165838858,0.006916887700787779,0.007841979235442859,281.3023728496411,0.0,0.0,-0.6402373992856206,757.937005055281,-0.5812129606869244,0.8137514942103269,0.0,-4928.46820315353
-0.007907419450312841,-0.003118127264371061,0.04210805745385285,281.6275493568867,0.0,0.0,-0.6356777695998054,877.4413025621998,-0.9302846412132755,-0.366838501690713,0.0,-4705.5082976891135
0.0024830486768212218,0.00812923546642219,0.08771276227401784,281.33835457425533,0.0,0.0,-0.6459888640977558,1044.3370955043442,0.29212337374367314,0.9563806431084928,0.0,-5060.98482350297
-0.003035892490101608,0.007939354935291952,0.017359523507635644,281.33964339839315,0.0,0.0,-0.6377049115081908,791.0337959364715,-0.357163822364895,0.9340417570931707,0.0,-5023.528394893422
0.008474080183751684,-0.0006632986049638776,0.003614900320107084,281.4832715448257,0.0,0.0,-0.5900077404415068,740.0277804709656,0.9969506098531393,-0.0780351299957503,0.0,-4638.649223171314
-0.008012954413621673,0.0028359410369789046,-0.17410426297774886,281.7385993072468,0.0,0.0,-0.5902661786632789,108.4567596741069,-0.9427005192496084,0.33364012199751814,0.0,-4637.268021819569
0.00766875459701449,0.0036660882328128893,-0.08683655480639907,281.7402039311833,0.0,0.0,-0.600997097242599,419.80105970464984,0.9022064231781752,0.4313044979779869,0.0,-4693.552758524327
-0.008152195820302603,-0.0024065957922843593,0.00623068708017846,281.55291084201946,0.0,0.0,-0.6478315934827912,751.4031295636698,-0.9590818612120708,-0.2831289167393364,0.0,-4671.942920490574
-0.007754533002302079,-0.003480979447829003,0.06144765732405236,281.6230237528478,0.0,0.0,-0.6261711820139695,947.876385545587,-0.9122980002708327,-0.4095269938622356,0.0,-4725.2793946718475
-0.006397833702455824,0.005596224076618127,0.1552398443818838,281.179853601181,0.0,0.0,-0.6173166026358675,1278.3158288273607,-0.7526863179359792,0.6583793031315444,0.0,-4867.37356933483
0.008381158476606313,0.0014163977513432294,-0.09440410094140192,281.69427473922644,0.0,0.0,-0.6113787710860208,393.08668023389333,0.986018644306625,0.16663502956979168,0.0,-4621.889653034215
0.0077260130514208575,-0.0035438287669235075,-0.02982551908414588,281.4480501852314,0.0,0.0,-0.6010507328985621,622.2806091883436,0.9089427119318655,-0.41692103140276554,0.0,-4703.480215892646
0.005787649564088119,0.006225199797862765,0.04586701633394827,281.55992916626394,0.0,0.0,-0.6186179108022355,892.4061656845255,0.6808999487162493,0.7323764468073841,0.0,-4883.310899198896
7.642424771776893e-05,0.008499656424489214,0.05253934920058764,281.3700977033981,0.0,0.0,-0.6414403901193046,914.6065327939028,0.008991087966796344,0.9999595793516722,0.0,-5089.060353504611
0.0029378750064778547,0.007976145086839428,-0.09614174207955364,281.8758394902139,0.0,0.0,-0.5909736859177864,386.1533863253793,0.345632353703277,0.9383700102164033,0.0,-4996.642715548572
0.004298982895594362,0.007332717508767615,0.020412548023941712,281.5998444281776,0.0,0.0,-0.6135278834532574,798.3013331167134,0.5057626935993367,0.8626726480903075,0.0,-4967.926340290499
-0.0005217761643415104,-0.008483970157557431,0.13558900664472265,281.0362188552978,0.0,0.0,-0.5929302058637712,1208.206873904055,-0.06138543109900122,-0.9981141361832272,0.0,-5109.719543061563
0.0067480140737976955,0.005168588401084791,-0.03454891569007554,281.76605633713945,0.0,0.0,-0.590230974252464,604.5219052144996,0.7938840086820818,0.6080692236570342,0.0,-4788.419978251199
0.00449429251621657,0.007214661099364248,-0.18547504991376149,281.9246589362676,0.0,0.0,-0.6276514871599163,70.7457335298978,0.5287402960254788,0.8487836587487351,0.0,-4902.22922896056
0.004354073410682154,-0.007300140048957327,0.1625004306555146,281.1068084298769,0.0,0.0,-0.6166021960467801,1305.247502372351,0.5122439306684887,-0.8588400057596854,0.0,-5003.144384934383
-0.0063073552704963265,0.005698005746903229,-0.1969539155407195,281.93345850584643,0.0,0.0,-0.5954343040006376,25.81189158192296,-0.7420417965289795,0.6703536172827328,0.0,-4779.883253356416
-0.008396634461435227,-0.0013215633624758093,-0.12990715214786974,281.653448503802,0.0,0.0,-0.6121746060419722,267.4483750440488,-0.9878393484041442,-0.15547804264421286,0.0,-4610.783167186433
-0.008499928601550268,-3.483918121465938e-05,0.05175034269873699,281.46890169702226,0.0,0.0,-0.6409621374618201,913.4403529705277,-0.9999916001823844,-0.004098727201724633,0.0,-4648.891630093483
0.002702405640311535,-0.008058970390515926,-0.0726384847844809,281.64770551008553,0.0,0.0,-0.6413027382778556,472.10591149213735,0.3179300753307688,-0.9481141635901088,0.0,-5011.036631601507
0.003945461614034987,-0.007528833419074727,0.14773605708742424,281.06090493887984,0.0,0.0,-0.608459593233317,1255.9422425774435,0.4641719545923514,-0.8857451081264384,0.0,-5019.836037611779
0.004362977194502404,0.007294822136299962,0.1333697724601273,281.2421666814303,0.0,0.0,-0.6499347999401134,1201.1279816035446,0.5132914346473416,0.8582143689764661,0.0,-4994.856171446445
0.007322760200391833,-0.004315922039096325,-0.06953204066523794,281.5251480942048,0.0,0.0,-0.6208203591072767,479.89717107121015,0.8615012000460979,-0.5077555340113323,0.0,-4729.783962480965
-0.005443992382457497,-0.006527859292275283,-0.11635891484154136,281.8904971762979,0.0,0.0,-0.6384716367743147,317.3805648880496,-0.6404696920538231,-0.7679834461500333,0.0,-4863.29312692132
0.0068639744954584235,-0.005013567006203895,0.09928730136711941,281.2576613668784,0.0,0.0,-0.6011342462656171,1078.4933859960954,0.8075264112304027,-0.5898314124945758,0.0,-4814.714538337101
-0.004960790791458087,0.006902213755266107,0.08608073906010413,281.157940448732,0.0,0.0,-0.6479528627843937,1033.6683976594707,-0.5836224460538926,0.8120251476783655,0.0,-4948.224162234072
0.0053701771077813805,-0.00658871746480761,0.014215581820627154,281.3572846511221,0.0,0.0,-0.5964684110058842,777.3602263248397,0.631785542091927,-0.7751432311538364,0.0,-4903.18662925961
0.0033297612180568283,0.007820657915464959,0.03365624503573028,281.50314271404034,0.0,0.0,-0.6233904908860031,849.8258427030523,0.3917366138890386,0.9200774018194069,0.0,-5016.508391426929
0.008217774412334046,0.0021721380499378578,0.1388432464302892,281.4220976893041,0.0,0.0,-0.6418393090676194,1220.9028725861692,0.9667969896863583,0.2555456529338656,0.0,-4700.984202613748
0.008440528265888954,-0.0010037343237777642,-0.06448997041850954,281.59644069114955,0.0,0.0,-0.6065705119621991,502.43753056789853,0.9930033253987005,-0.11808639103267812,0.0,-4623.83334694328
0.008300839679460147,-0.0018292240474857028,-0.06842272444871794,281.515101599966,0.0,0.0,-0.6109817807414832,488.01105395651757,0.9765693740541348,-0.21520282911596503,0.0,-4637.020077054677
-0.006654967136604169,0.0052878551805735485,-0.10320696445493704,281.5848575261359,0.0,0.0,-0.6010836089251104,363.17600978101837,-0.7829373101887257,0.622100609479241,0.0,-4777.594360668007
0.0036807968306490175,-0.007661705729893583,0.1388864577154912,281.1324090124324,0.0,0.0,-0.6039293535319967,1222.064870739718,0.43303492125282556,-0.9013771446933626,0.0,-5029.753753431938
-0.008480793338071137,-0.0005710904980195661,-0.08908384036787445,281.63591093804246,0.0,0.0,-0.6280839748337749,414.68945326502904,-0.9977403927142513,-0.0671871174140666,0.0,-4613.0856653106985
-0.006385347454032099,0.0056104668158082705,0.06857375333228297,281.26283994460954,0.0,0.0,-0.648381366701976,973.3105660117827,-0.751217347533188,0.6600549195068554,0.0,-4845.09373483657
-0.006242584801836863,0.00576889374073361,0.025904878967605488,281.35590586074994,0.0,0.0,-0.648191517074112,818.3795694733479,-0.7344217413925721,0.6786933812627776,0.0,-4844.624960017871
-0.00019844581130596745,0.008497683170133795,0.17783231012453402,280.97008796167734,0.0,0.0,-0.6314886176004114,1360.66445256171,-0.02334656603599617,0.9997274317804463,0.0,-5122.471280250292
-0.007689229361705598,-0.003622947946504963,0.09083543096155614,281.53391398932035,0.0,0.0,-0.6122422919503019,1050.9033007386913,-0.904615219024188,-0.4262291701770544,0.0,-4739.305855901812
0.001370699573569753,-0.0083887533447477,0.021427688887277307,281.3746291569881,0.0,0.0,-0.6058721730848565,804.352020315978,0.1612587733611474,-0.9869121582056116,0.0,-5069.306959666675
0.007785078332833549,-0.0034121188947112656,0.06616132408799533,281.31648358626336,0.0,0.0,-0.5952541498367333,965.2610312744772,0.9158915685686527,-0.4014257523189724,0.0,-4723.653358380496
-0.0044313738764822355,-0.007253476791637981,0.018528584516361718,281.6193297618153,0.0,0.0,-0.6278419500809357,791.1283224644922,-0.5213381031155571,-0.8533502107809389,0.0,-4960.381979836275
0.00790582813311813,0.0031221597540161098,-0.1012855300422739,281.7880819590607,0.0,0.0,-0.608463234126607,370.3927808940013,0.9300974274256621,0.36731291223718937,0.0,-4667.190094621606
0.004395359345325744,-0.007275356776506404,-0.18425459873042616,281.94428781254004,0.0,0.0,-0.642762278016079,75.94665965729125,0.5171010994500875,-0.8559243266478122,0.0,-4907.912678661912
0.007317556031937714,-0.004324739728521474,-0.03918417201571886,281.3723069522081,0.0,0.0,-0.6073162674832027,590.0798624889741,0.8608889449338486,-0.5087929092378205,0.0,-4738.390072137538
-0.007554496223725578,0.00389609892144899,-0.045811097601261674,281.4806363602485,0.0,0.0,-0.631477597839258,570.7421673689669,-0.8887642616147738,0.4583645789939988,0.0,-4715.152376118327
-0.0009037831098650364,0.008451814958357921,0.05090056282638414,281.2730187037796,0.0,0.0,-0.6432472848096001,910.4654092876784,-0.10632742469000427,0.99433117157152,0.0,-5083.681819217045
0.008499601531324334,-8.230315127042226e-05,0.09386820706545265,281.44147679125496,0.0,0.0,-0.6157553788754109,1063.7478019783043,0.9999531213322745,-0.009682723678873207,0.0,-4660.2254053757715
0.008222293469437607,0.002154968701035746,-0.1496144767491987,281.7564268930759,0.0,0.0,-0.6334714131417162,197.16159698345044,0.9673286434632478,0.2535257295336172,0.0,-4623.1406606639075
-0.0020666462795265747,0.008244936212932092,0.07916995689153475,281.23842642441804,0.0,0.0,-0.6498122617097597,1009.2227169164986,-0.2431348564148911,0.9699924956390695,0.0,-5070.230314443919
-0.005619401577350285,0.006377485861409113,-0.17440135400495507,281.854355656452,0.0,0.0,-0.5921354444540019,108.13743906932179,-0.661106067923563,0.750292454283425,0.0,-4835.902450287983
0.004633247889774531,0.007126220175654122,-0.18020200052372484,281.9613952975563,0.0,0.0,-0.6258562136751609,87.64438060073252,0.5450879870322978,0.8383788441946025,0.0,-4895.919919823663
0.0069131213178462644,0.004945579202150091,-0.0770799007841104,281.7947362670908,0.0,0.0,-0.5945864408575767,452.2434247560141,0.8133083903348546,0.5818328473117754,0.0,-4763.272989991705
0.0061898508418886024,0.005825439601881644,-0.14825095045835152,281.89297035507013,0.0,0.0,-0.6183822130454942,201.38982136162326,0.7282177461045414,0.6853458355154876,0.0,-4801.892877028782
-0.0072676161517638595,0.004408146489242513,-0.12197901827259314,281.66240159069713,0.0,0.0,-0.5975861326075964,295.4153476397766,-0.8550136649133951,0.5186054693226485,0.0,-4720.6126403638655
-0.008201830952124926,0.0022315844220565702,-0.024455755714993005,281.48052225017057,0.0,0.0,-0.6440551035737001,642.5935745536365,-0.9649212884852852,0.2625393437713612,0.0,-4658.766538778496
0.007315874717701836,-0.004327583288036302,0.15636123695920986,281.189936508977,0.0,0.0,-0.6286143291005993,1285.2905569906263,0.8606911432590395,-0.5091274456513296,0.0,-4791.003308372341
0.00648982094599399,0.005489282657045244,-0.043253593236596,281.7592471171579,0.0,0.0,-0.590023062467695,575.4494547891012,0.7635083465875282,0.6457979596523815,0.0,-4806.899579488447
0.002056022879420232,0.00824759176483054,-0.17021797308526257,281.9990397890607,0.0,0.0,-0.6114582092802444,124.20258185692121,0.24188504463767435,0.9703049135094752,0.0,-5003.588078398066
0.002880154968484099,-0.007997168708831668,-0.1279719268266435,281.7968184288628,0.0,0.0,-0.6499700769244896,277.4057062051366,0.3388417609981293,-0.9408433775096079,0.0,-4990.148023253985
-0.0076398532059597,0.0037259418931845007,-0.19967319833600833,281.80882015956894,0.0,0.0,-0.5920532995584815,16.184235538813002,-0.8988062595246705,0.43834610508052946,0.0,-4665.9739573591305
-0.0017532173597789057,0.008317224830998012,0.030747065275991636,281.39468318228234,0.0,0.0,-0.6388391941105042,838.3944366344227,-0.20626086585634185,0.9784970389409424,0.0,-5064.530052930148
0.004125140297027541,-0.007431905376808799,0.05686018053355327,281.29493169709053,0.0,0.0,-0.590555304505124,933.3502526618455,0.48531062317971063,-0.8743418090363293,0.0,-4986.6235539597765
-0.005018744051301143,0.006860190095582586,0.040943628709916996,281.3386738047149,0.0,0.0,-0.6485540657392201,874.3601656150739,-0.5904404766236638,0.8070811877155982,0.0,-4932.592095163689
-0.008149659888613913,-0.0024151694971404135,0.06908671090766813,281.5049697374733,0.0,0.0,-0.6266623805646538,973.0537223476621,-0.9587835163075191,-0.28413758789887217,0.0,-4689.058493321084
0.006812962996623089,0.005082670086346796,-0.19899269937948852,281.8819321367275,0.0,0.0,-0.642294793037751,20.837311904271925,0.8015250584262458,0.5979611866290347,0.0,-4738.937050315139
-0.008284935132113355,0.0018999604881875512,0.07541474624324343,281.3490728160413,0.0,0.0,-0.6379280483367477,997.3756600150504,-0.9746982508368652,0.22352476331618248,0.0,-4677.21708532069
-0.008435825084032164,0.0010425234537475583,0.05679592659109031,281.47788199290903,0.0,0.0,-0.6420031643485543,929.0993323837437,-0.992450009886137,0.12264981808794803,0.0,-4656.856841790322
-0.0028313394709476194,0.008014581511236508,-0.03981711369108348,281.4141375577702,0.0,0.0,-0.6119806276275181,588.1665533376848,-0.3330987612879552,0.9428919424984126,0.0,-5015.497254441926
0.004343971788472891,-0.007306155562329045,0.10414090261336337,281.18002457577865,0.0,0.0,-0.5946072194159987,1098.766294893918,0.5110555045262224,-0.8595477132151818,0.0,-4988.022041533678
0.008296005630587341,-0.0018510241968335117,0.13782043593010398,281.4027446361159,0.0,0.0,-0.6294869186670452,1216.974883771229,0.9760006624220401,-0.2177675525686484,0.0,-4692.842205576598
0.0053491340033066425,0.006605813001793849,-0.09128754526146896,281.8399349312437,0.0,0.0,-0.5938006322492531,403.5278580608104,0.6293098827419579,0.7771544707992764,0.0,-4876.2546110166495
-0.008373869902645855,-0.0014588704032784787,0.02545324996140727,281.58849893044726,0.0,0.0,-0.6453768892063734,818.6225515345501,-0.9851611650171593,-0.17163181215040924,0.0,-4654.790211455847
-0.006491831798327346,0.0054869044006822226,-0.11015975722782162,281.68490505666347,0.0,0.0,-0.5980843384692677,335.4696224113623,-0.763744917450276,0.6455181647861438,0.0,-4788.790171653083
0.0006271784798158564,-0.008476830018023004,0.12939629261094496,281.11493214281336,0.0,0.0,-0.5934742311490356,1186.4190523514876,0.0737857035077478,-0.9972741197674122,0.0,-5107.320573286837
-0.0003653138992507779,0.008492146121859551,-0.12282489731732045,281.93084357341905,0.0,0.0,-0.5910747793450918,291.1969440052419,-0.04297810579420916,0.9990760143364177,0.0,-5041.234247034354
0.0073432167875492615,-0.00428102408438153,-0.03184460452454024,281.50029963122313,0.0,0.0,-0.6041926105751452,614.9446043851227,0.8639078573587365,-0.50364989228018,0.0,-4738.068139772655
0.0033114753394545304,0.007828418172030957,-0.003118074648882585,281.65668196667536,0.0,0.0,-0.6070060248002148,716.4900461056694,0.3895853340534741,0.9209903731801126,0.0,-5007.38168108268
-0.005661304187274936,-0.006340318201726415,-0.1952877406720141,281.9736320797055,0.0,0.0,-0.6035582098931292,35.26769129417308,-0.6660357867382277,-0.7459197884384018,0.0,-4827.420113657342
0.0026702048179860004,-0.00806969678674511,-0.14891127029975598,281.94510246916064,0.0,0.0,-0.6477279234452935,200.2254384096705,0.31414174329247063,-0.9493760925582482,0.0,-4991.62678042655
0.007496587314858842,-0.004006392221275584,-0.17531451013493463,281.7976591611811,0.0,0.0,-0.6499806867544369,105.80056911596472,0.8819514488069226,-0.4713402613265392,0.0,-4685.715522176738
0.008372068365067492,0.001469173676130951,0.15392312228998892,281.3574680036617,0.0,0.0,-0.6446061212067616,1274.1586858017145,0.9849492194197049,0.1728439618977589,0.0,-4689.441462916042
0.0043430943417631165,-0.007306677188609416,0.11900961791736245,281.17307053464003,0.0,0.0,-0.598869717984105,1152.8690000887977,0.5109522755015431,-0.8596090810128725,0.0,-4992.057629435456
-0.008412081969387317,-0.0012193756354416843,0.07061939087927357,281.4599621921139,0.0,0.0,-0.6301349648991569,982.1571969481638,-0.9896567022808608,-0.14345595711078638,0.0,-4663.00169496311
0.004370392253612411,-0.007290382126443348,-0.09435182855277428,281.66996791063605,0.0,0.0,-0.6436093202343163,392.4769993300647,0.5141637945426366,-0.8576920148756879,0.0,-4933.365755426392
-0.003315010756295224,0.007826921724768107,-0.0884575502125497,281.7305378630171,0.0,0.0,-0.5955111937267012,417.2429885042769,-0.39000126544649694,0.9208143205609538,0.0,-4984.343052226398
-0.0020006001272355775,0.008261210512443379,-0.15898832950830097,282.0105307910132,0.0,0.0,-0.5957253009747497,163.77029059970178,-0.23536472085124438,0.9719071191109857,0.0,-5007.970111720754
-0.005391751316795969,-0.006571074321435495,-0.03474622199847244,281.77100560267434,0.0,0.0,-0.6481689963714823,608.8398866234705,-0.6343236843289375,-0.7730675672277052,0.0,-4888.636566818178
-0.007111991474028443,0.004655059320067441,-0.0831178447495923,281.54949524064585,0.0,0.0,-0.6116364310616644,433.90010165318694,-0.8367048792974638,0.547654037654993,0.0,-4744.667066215356
-0.007098075871333779,-0.004676250519891896,0.05225335232923259,281.6599245338603,0.0,0.0,-0.6255915548764154,914.601256141947,-0.8350677495686798,-0.5501471199872818,0.0,-4782.190407685663
0.0005086938120841088,-0.008484764616979504,0.039272832543822994,281.4205337726848,0.0,0.0,-0.6015654722876486,863.9646378363464,0.059846330833424555,-0.9982076019975886,0.0,-5083.96071695106
0.004623983383015553,-0.0071322351106505215,-0.13278736321760187,281.82319541697234,0.0,0.0,-0.6498152234877747,256.1512032735987,0.5439980450606533,-0.8390864836059436,0.0,-4909.163217930452
0.008049141712345593,-0.0027315412672295988,-0.16097757403255378,281.7237680327215,0.0,0.0,-0.6482070788819245,158.50149739069883,0.9469578485112461,-0.32135779614465865,0.0,-4637.250061354653
-0.0017269280429351433,0.008322723084094784,0.1066781465148707,281.17397122573743,0.0,0.0,-0.6489241280100307,1104.7840831224305,-0.2031680050511933,0.9791438922464452,0.0,-5085.458981296484
0.005134729261090672,-0.006773813948972858,0.12231747311475297,281.1522352578354,0.0,0.0,-0.6026061152271076,1165.0166696249917,0.6040857954224319,-0.7969192881144538,0.0,-4947.252237809081
-0.006197453421411199,0.005817350865251179,-0.1530660951182685,281.77223521185977,0.0,0.0,-0.5900265902671645,185.54423355504352,-0.7291121672248468,0.6843942194413151,0.0,-4800.027483621649
0.001401342570513609,0.008383688865891095,-0.055840737730725565,281.66056052018365,0.0,0.0,-0.5944152659921023,531.041174942421,0.16486383182513048,0.9863163371636582,0.0,-5048.059102118222
-0.006226393355855338,0.005786365506789259,0.06887912206891336,281.28774188235553,0.0,0.0,-0.6485993530979349,970.2644200925114,-0.7325168653947456,0.6807488831516775,0.0,-4857.384142898906
-0.00787424679894177,-0.0032009744374729577,-0.17696820398631571,281.7025322532581,0.0,0.0,-0.5994390221416498,97.8087530006262,-0.9263819763460904,-0.376585227937995,0.0,-4649.919956676257
0.007808900309983648,-0.0033572423130803814,-0.17363207086214325,281.7159566304513,0.0,0.0,-0.6499163964088409,110.35961821729254,0.9186941541157232,-0.39496968389180953,0.0,-4657.056248391436
0.0076212751653411594,0.003763796601060436,-0.19233225720844377,281.7759211689412,0.0,0.0,-0.6438306767803088,45.61631530851818,0.8966206076871952,0.44279960012475716,0.0,-4669.670116483257
-0.0006841445875919811,-0.008472422686768443,-0.04777093546767408,281.73332800224983,0.0,0.0,-0.6417834943543835,559.4244614977056,-0.08048759854023306,-0.996755610208052,0.0,-5059.332976009193
-0.0038208888666892166,-0.0075928129351650955,-0.022214641256695394,281.62606464980644,0.0,0.0,-0.6416593999150999,648.8322670845956,-0.44951633725755485,-0.893272110019423,0.0,-4980.1314018139465
-0.004407319079766038,0.00726811794958848,-0.06416690575338632,281.6457699409221,0.0,0.0,-0.6072695411697939,497.8100271167683,-0.5185081270312986,0.8550726999515859,0.0,-4939.490190469409
-0.0052959647281419185,0.006648515443185546,-0.022741492085248144,281.36965133019913,0.0,0.0,-0.6295545894515623,647.5192715302659,-0.6230546738990492,0.7821782874335936,0.0,-4898.091888341011
-0.007525473353561223,-0.003951866749378071,-0.060484576041567845,281.6950966270268,0.0,0.0,-0.6470993832737436,515.9597258515532,-0.8853498063013203,-0.46492549992683185,0.0,-4713.88094783029
-0.008479054903277581,-0.0005963454931534449,0.143208759996539,281.33837563256657,0.0,0.0,-0.6008098438364771,1241.8728742273956,-0.997535870973833,-0.07015829331216998,0.0,-4675.587624331105
0.0023408854732267998,-0.008171306823344462,-0.19091888939461837,282.0508028814457,0.0,0.0,-0.6342455318434921,51.90709455575285,0.2753982909678588,-0.961330214511113,0.0,-4990.40640272898
-0.0068594002327948215,0.00501982354733056,-0.05703721179670801,281.4658258962554,0.0,0.0,-0.6219470762429606,525.9406493992267,-0.8069882626817436,0.5905674761565364,0.0,-4773.156108733712
-0.008499870692187871,-4.6885137151276334e-05,0.04589602216636643,281.4516775235195,0.0,0.0,-0.6427730321794468,888.6867065289352,-0.9999847873162201,-0.005515898488385451,0.0,-4647.326953982583
0.008464443273880108,-0.0007766595542873287,-0.13479487074925312,281.61913974144807,0.0,0.0,-0.6366013092584228,249.42738873466843,0.995816855750601,-0.09137171226909749,0.0,-4602.508989995222
0.003155722484430529,0.007892491089716834,-0.10922253535802393,281.98504056487315,0.0,0.0,-0.5934372543187598,340.5601674938986,0.37126146875653276,0.928528363496098,0.0,-4985.048958552092
0.007711863654086335,0.00357451520919721,-0.1316683405378121,281.8304317977705,0.0,0.0,-0.6203890737005769,261.6272524329778,0.9072780769513334,0.42053120108202463,0.0,-4677.486803737323
0.004654529422369229,-0.007112338283314368,-0.06319556290997849,281.5699463611885,0.0,0.0,-0.6313773079518586,506.96959252934477,0.5475916967493211,-0.8367456803899256,0.0,-4926.108159684339
0.004832175192589094,-0.006992859422877494,0.057089499212425926,281.19759742828546,0.0,0.0,-0.5901247791448814,936.15052746847,0.5684911991281287,-0.8226893438679405,0.0,-4948.11650777675
-0.007128690550036437,-0.004629446083693081,-0.10605750946593628,281.7415073781054,0.0,0.0,-0.6349439405217084,350.3777876227631,-0.8386694764748749,-0.5446407157285977,0.0,-4737.064290301764
-0.002176219788989149,-0.008216694434504184,-0.010848375251555492,281.727610539074,0.0,0.0,-0.6323739531445985,686.9534853723185,-0.2560258575281351,-0.9666699334710804,0.0,-5043.247794820236
0.0072615669852431055,-0.004418104222268569,-0.04647534235479378,281.4398476619035,0.0,0.0,-0.6107917137232235,562.4193243497256,0.8543019982638947,-0.519776967325714,0.0,-4741.404967845108
7.037945252696902e-05,0.008499708626339024,-0.15043234895876315,281.9843568432775,0.0,0.0,-0.5979033948825127,195.67872065419448,0.008279935591408119,0.9999657207457674,0.0,-5034.609936272173
-0.0067336509428574205,0.005187286861139972,-0.021647698209610017,281.3856556751205,0.0,0.0,-0.6365071241121839,653.358423959357,-0.7921942285714612,0.6102690424870555,0.0,-4793.060534824103
0.00843384573006119,-0.0010584168373229206,0.17327027414086724,281.2517248726273,0.0,0.0,-0.6445705775190174,1344.364820324442,0.992217144713081,-0.12451962792034359,0.0,-4688.309407325186
0.00848540067714368,0.0004979712324317407,0.015115279598504505,281.5195309899152,0.0,0.0,-0.5912548952992887,783.1998410334137,0.9982824326051387,0.05858485087432243,0.0,-4640.565480207538
-0.0044195986676750934,0.007260657519583508,0.0067943622183460894,281.3019702678929,0.0,0.0,-0.6381775135298592,752.7666552185041,-0.5199527844323639,0.8541950023039421,0.0,-4957.86848253119
-0.004962924033701985,-0.006900680041539618,0.09631236735981122,281.4302907636098,0.0,0.0,-0.5974125514356048,1070.4421638185631,-0.5838734157296452,-0.8118447107693668,0.0,-4950.840310575844
0.005827201885067995,0.006188191835315063,0.10867433038291732,281.36185511781565,0.0,0.0,-0.6436861013193622,1115.1800851397775,0.6855531629491759,0.7280225688605956,0.0,-4897.363946402676
0.004890284249593142,-0.006952346363507881,-0.13866624464745447,281.79072404613885,0.0,0.0,-0.6499482192988538,238.17931557488586,0.5753275587756638,-0.8179231015891624,0.0,-4892.15606924197
-0.008020483385170925,0.00281457745819815,0.022395633833970335,281.3955702739386,0.0,0.0,-0.649999510579246,807.7482811286543,-0.9435862806083439,0.33112675978801764,0.0,-4689.252354348156
-0.006242121931562815,0.0057693945775533955,-0.0800322320172599,281.58777443020233,0.0,0.0,-0.6082691867869547,442.632571846952,-0.7343672860662135,0.6787523032415759,0.0,-4816.2380009799945
-0.007791131354367692,0.003398274888673466,-0.010853857205591483,281.3953909362158,0.0,0.0,-0.6451327888114295,691.0910788645971,-0.9166036887491402,0.3997970457262901,0.0,-4702.416567749653
-0.0006522716910642015,-0.008474936084775876,-0.006754585999933005,281.6194095703518,0.0,0.0,-0.6253805185083291,699.7842846089402,-0.07673784600755311,-0.9970513040912795,0.0,-5070.596767315671
0.008451474679283998,0.0009069596162021015,-0.004386573727621773,281.57251212074306,0.0,0.0,-0.5900236157383755,714.438372245624,0.9942911387392938,0.10670113131789428,0.0,-4638.8325721925485
0.0042243838890507444,0.007375946092395776,0.08639441570244386,281.3676032650866,0.0,0.0,-0.6416011676618832,1034.046800361126,0.49698633988832286,0.8677583638112677,0.0,-4989.501003883044
0.007653119400948704,-0.0036986164216937342,0.07820863818741283,281.31688089824485,0.0,0.0,-0.5980156408837273,1008.5340427265754,0.9003669883469063,-0.43513134372867457,0.0,-4739.292091337208
-0.0010578706821215542,0.008433914252582112,-0.17264901693053203,281.9632904906525,0.0,0.0,-0.6025554546356862,117.88068021347557,-0.12445537436724166,0.9922252061861307,0.0,-5021.864310351117
-0.006535778886193447,-0.005434481976305374,-0.12107079993529313,281.8468360072987,0.0,0.0,-0.6319323872769007,298.8585392718441,-0.7689151630815819,-0.6393508207418086,0.0,-4782.376157933882
0.003964431615713518,-0.0075188617465897795,-0.023770353390634186,281.4872877744827,0.0,0.0,-0.6163805212868773,643.702818814378,0.466403719495708,-0.8845719701870328,0.0,-4972.908319108557
-0.0066853969527434255,-0.005249330203392518,0.18665743054465447,281.1812970199551,0.0,0.0,-0.592190981706299,1391.5661051944442,-0.78651728855805,-0.6175682592226491,0.0,-4852.890666940742
-0.007590944967817668,-0.0038245986058099792,-0.1443811411886078,281.776346127162,0.0,0.0,-0.6147735234376438,215.51650163727476,-0.8930523491550196,-0.4499527771541152,0.0,-4685.344897000699
0.006023561197609703,-0.005997225233276699,0.18698660851009083,281.13608461718013,0.0,0.0,-0.6346855330873304,1392.0214419646977,0.708654258542318,-0.7055559097972587,0.0,-4904.203161282489
0.005067227049394061,0.006824456757126471,-0.1146615606836125,281.9328428634682,0.0,0.0,-0.5996447061747077,322.7087850096677,0.5961443587522425,0.8028772655442907,0.0,-4887.866379807882
0.0004954582298316676,-0.008485547780932712,-0.1873479765034347,282.01132360473844,0.0,0.0,-0.6296882693842316,64.11685778585453,0.05828920350960796,-0.9982997389332602,0.0,-5023.240950994837
-0.0017066241465293372,0.0083269102326423,-0.13398838463483115,281.9312118544978,0.0,0.0,-0.5911716650495382,253.61554652582723,-0.2007793113563926,0.9796364979579174,0.0,-5021.314470783041
0.007184065594859518,-0.004543038798948978,0.09556837055905185,281.26835775588825,0.0,0.0,-0.6013677688306323,1067.8792528504032,0.8451841876305315,-0.5344751528175268,0.0,-4786.3323176911335
0.000949187963655202,0.008446836224862662,-0.05982108576211384,281.7468300942047,0.0,0.0,-0.5943018842524053,515.3923132281843,0.11166917219472963,0.9937454382191366,0.0,-5053.4636386370785
0.008207144020232492,0.00221196451851336,0.16764327658895065,281.371249048217,0.0,0.0,-0.6485770972480867,1325.2952296114506,0.9655463553214697,0.26023111982510116,0.0,-4709.774368169882
0.007110043765382774,-0.004658033668227566,0.1258660848558453,281.21213414067984,0.0,0.0,-0.6133976563387172,1176.6454399572508,0.8364757371038557,-0.5480039609679489,0.0,-4800.904619739558
-0.007807811437744435,0.0033597738841516086,-0.17379002979936045,281.75644510878635,0.0,0.0,-0.5900775728388387,112.12041442011171,-0.9185660514993452,0.39526751578254216,0.0,-4657.117426613673
0.008031818434876508,-0.0027820662517592755,0.1285317309762304,281.2539473037568,0.0,0.0,-0.6219631573988621,1185.5256031938934,0.9449198158678244,-0.32730191197167946,0.0,-4716.619801240182
-0.00662681898539348,0.005323088401936279,0.004260913940298483,281.35755885486924,0.0,0.0,-0.6445648310119676,746.1171265707873,-0.7796257629874682,0.6262456943454445,0.0,-4808.703986694694
0.006982338116390648,-0.00484736572051236,0.16543541694044875,281.2238543541475,0.0,0.0,-0.6305016748961515,1317.2407895008337,0.8214515431047821,-0.5702783200602776,0.0,-4822.480751287611
0.004783216699935661,-0.0070264385005105266,0.18626911522862796,281.112665041084,0.0,0.0,-0.6291699973575553,1391.5093762173412,0.562731376463019,-0.8266398235894736,0.0,-4985.6413357664715
-0.00017794250039701286,0.008498137235097611,0.013840691865464466,281.52000492961696,0.0,0.0,-0.6269281612318669,778.9219110851767,-0.020934411811413277,0.9997808511879541,0.0,-5078.520526531078
0.0015934194655288162,0.008349312211606048,0.15948590353936412,280.992112416954,0.0,0.0,-0.6432378245754466,1297.4680732825016,0.18746111359162543,0.9822720248948291,0.0,-5102.32656654162
-0.008444198882529097,0.0009723709334890484,-0.18361557972576378,281.74224669330687,0.0,0.0,-0.5906783801065205,74.63727376311694,-0.9934351626504819,0.11439658041047628,0.0,-4591.495377636438
-0.00667571721901074,0.005261634690075273,-0.20071477196978557,281.8779992012388,0.0,0.0,-0.5952707773056275,14.303447659037106,-0.7853784963542046,0.6190158458912086,0.0,-4749.74916700952
-0.0038507198789124193,0.007577727655052584,-0.12668567770428407,281.7636685523558,0.0,0.0,-0.5901484255895391,280.4348296120637,-0.4530258681073434,0.8914973711826568,0.0,-4950.708887283573
-0.0053863067998377945,-0.00657553792917516,0.06616104824378952,281.5244491281224,0.0,0.0,-0.6103467799021068,965.6074493999992,-0.6336831529220934,-0.7735926975500187,0.0,-4916.0666162877715
-0.00848642139033818,0.00048026241328112933,-0.14205145316317014,281.7687679204401,0.0,0.0,-0.6015437228973523,223.73943990161612,-0.9984025165103739,0.05650146038601521,0.0,-4598.29329712853
0.003848827093637238,-0.007578689200863427,0.13922119291578963,281.1141119423943,0.0,0.0,-0.6046237286997378,1220.3588079491242,0.45280318748673387,-0.8916104942192267,0.0,-5022.138507664467
-0.004811085141281672,0.007007386086361927,0.17676379065015804,281.07809424789144,0.0,0.0,-0.6149558017491539,1360.2178875249213,-0.5660100166213731,0.8243983631014031,0.0,-4981.462802514928
0.008159633699169529,-0.002381255529206599,0.15236867661820516,281.27005247030536,0.0,0.0,-0.6338608686883039,1269.695876665431,0.9599569057846504,-0.2801477093184234,0.0,-4710.411806219907
0.006984675372682103,0.0048439973098927435,-0.07501002664642395,281.78996861246236,0.0,0.0,-0.5943175232330702,463.9644809714517,0.8217265144331886,0.5698820364579698,0.0,-4757.77219431471
0.0006160099728935356,0.008477648949637848,0.03970879761079513,281.4791794051294,0.0,0.0,-0.6353209208634721,870.2159968926208,0.07247176151688654,0.9973704646632762,0.0,-5083.34263111116
-0.008463487998156227,0.0007870012103329439,0.018674305796026885,281.45439710299,0.0,0.0,-0.6494403494359626,793.934349847989,-0.9957044703713207,0.0925883776862287,0.0,-4643.782126984142
-0.004674455452689702,-0.007099258145807879,-0.1805177184621594,281.9788515705609,0.0,0.0,-0.6138313052612915,84.95324882777001,-0.5499359356105531,-0.8352068406832798,0.0,-4893.499422356582
-0.0080984508339802,0.0025816843512725227,-0.11965140983803134,281.66377891520773,0.0,0.0,-0.6037745521496848,302.77414947478906,-0.9527589216447293,0.3037275707379438,0.0,-4643.48859461818
0.00410149174790521,-0.007444982568271432,0.18659499849946667,281.03514187505874,0.0,0.0,-0.6265903700760225,1390.2465309419192,0.48252844093002467,-0.8758803021495801,0.0,-5022.615246393351
-0.00845279860787463,0.0008945365809807442,0.006827193608380883,281.4836160350267,0.0,0.0,-0.6499999901786866,753.0076365543453,-0.9944468950440741,0.10523959776244049,0.0,-4641.704850182421
-0.008424787898141935,0.0011282503584405426,-0.19200766112499423,281.7917724208881,0.0,0.0,-0.5900652714068263,50.740520289507714,-0.9911515174284629,0.13273533628712264,0.0,-4591.237964033942
-0.008390139923234608,0.0013621865028492879,0.1654683573786138,281.24522956476363,0.0,0.0,-0.5983952835229244,1315.8802644982507,-0.9870752850864244,0.16025723562932798,0.0,-4690.694197432088
-0.007631666163081118,0.0037426824037423657,-0.18744493586427738,281.76975340239363,0.0,0.0,-0.5905225707249229,60.002819311013496,-0.8978430780095432,0.44031557691086654,0.0,-4670.016130454879
-0.006301003613820379,0.00570502878683557,0.1944166290233976,281.17369271809633,0.0,0.0,-0.6013044512660402,1418.8585395741368,-0.7412945428023975,0.6711798572747729,0.0,-4885.3728153632865
0.008498370235262148,-0.00016644321677494365,0.06057249540716522,281.4812743795373,0.0,0.0,-0.6015564059071867,940.4932087890767,0.9998082629720174,-0.01958155491469925,0.0,-4651.419869713227
0.0007062917345316863,-0.008470605172343488,0.03114054137290484,281.3131134727841,0.0,0.0,-0.6040539193147085,838.9568172023145,0.0830931452390219,-0.9965417849815866,0.0,-5080.316812247017
0.0034381003144851583,0.007773639188149721,0.05789684611058585,281.55851176364064,0.0,0.0,-0.6336092450263676,932.6364077823974,0.40448238993943036,0.9145457868411436,0.0,-5018.546658516721
-0.00482286914836231,0.006999280904334031,-0.05216078827056092,281.5361382846208,0.0,0.0,-0.6141571244278307,544.7902893963104,-0.5673963703955658,0.8234448122745919,0.0,-4919.352640070565
0.006690394051389068,0.005242959797398582,0.1417958781118562,281.3463630124603,0.0,0.0,-0.6486253137790091,1230.4068252755944,0.7871051825163609,0.6168187996939508,0.0,-4840.4475864951855
-0.008082132381700597,-0.0026323252391501034,0.14985068356153206,281.38450250103364,0.0,0.0,-0.5941202251284183,1260.650174761781,-0.9508391037294819,-0.3096853222529533,0.0,-4717.402041411466
0.0043442312199105165,0.007306001307689097,0.15272788129392303,281.2102033461514,0.0,0.0,-0.6491873565082186,1270.1331907769763,0.5110860258718254,0.8595295656104819,0.0,-5001.043845659837
0.005370696109613936,-0.006588294414958832,-0.08255013577889805,281.58740599801416,0.0,0.0,-0.6364691759419288,435.5497403892364,0.6318466011310513,-0.7750934605833919,0.0,-4877.191146557126
-0.008037809773254192,-0.0027647086734372958,-0.20332179903977426,281.71961708453654,0.0,0.0,-0.5918915659154462,8.32806927553732,-0.9456246792063754,-0.3252598439337995,0.0,-4626.9995941114785
-0.000853925174975743,0.008456997800374708,0.14639431794242233,281.07503226128983,0.0,0.0,-0.6414681799368184,1248.5520552053626,-0.10046178529126389,0.9949409176911421,0.0,-5109.835793392296
-0.007317891229108205,0.004324172517250117,0.04583440034876271,281.25941223943585,0.0,0.0,-0.6495741141103907,890.7386502356732,-0.8609283798950829,0.5087261785000138,0.0,-4761.170057104053
-0.0048952579106982955,0.0069488452269240945,-0.1501613760894902,281.869269703848,0.0,0.0,-0.5902039919797709,194.70724646934374,-0.57591269537627,0.8175112031675404,0.0,-4888.77561115092
-0.003336838396829814,0.007817640917402273,0.08488836480459774,281.16358851470676,0.0,0.0,-0.6497329517193202,1030.904272396022,-0.3925692231564487,0.9197224608708555,0.0,-5029.966265356048
0.004614557082539975,0.007138337546794784,-0.010604513340751798,281.68487942026877,0.0,0.0,-0.5998515601999799,692.2791969940295,0.5428890685341147,0.8398044172699745,0.0,-4942.474328741787
0.008448463997751248,0.0009345887216851126,-0.06794228132448038,281.57666932361,0.0,0.0,-0.6020897690460516,487.48661180204635,0.9939369409119114,0.10995161431589559,0.0,-4622.0909003551815
-0.001616471091397282,-0.008344879939859943,-0.19705208899368593,282.12649113316706,0.0,0.0,-0.6179155424123262,30.311923950271353,-0.19017306957615082,-0.9817505811599933,0.0,-5006.219415955061
0.008386497811138031,-0.001384432903313484,-0.17108472635631705,281.7090433081676,0.0,0.0,-0.6481174584810869,121.39253021344513,0.9866468013103566,-0.16287445921335106,0.0,-4600.771579122239
0.00767335955352061,-0.0036564399574441253,0.09178649492124605,281.3139173797485,0.0,0.0,-0.6028419405684327,1055.6955398789949,0.9027481827671305,-0.43016940675813237,0.0,-4741.045761123554
0.008203430611231443,-0.002225696791279286,0.120358794679195,281.2820806310271,0.0,0.0,-0.620262438470345,1157.4531021563519,0.9651094836742874,-0.2618466813269748,0.0,-4697.459405127979
-0.002219326722523703,-0.00820515623853027,-0.08338536795647852,281.9173082520409,0.0,0.0,-0.6499875851618894,434.97638149348376,-0.2610972614733768,-0.96531249865062,0.0,-5022.632732736601
0.002982862604781702,-0.00795943029877107,-0.09337075402278945,281.70254778515744,0.0,0.0,-0.6463495519147466,392.9558915486437,0.35092501232725903,-0.9364035645613024,0.0,-4995.764029614495
-0.0068731463487776675,0.005000985829642414,-0.050491904572359164,281.4295541032472,0.0,0.0,-0.6250162515114338,547.6919340656319,-0.8086054527973726,0.5883512740755781,0.0,-4773.762569006993
-0.007015958363607611,-0.004798575647014894,0.15003264350873466,281.32423015323843,0.0,0.0,-0.5908777237760668,1264.7959679265255,-0.8254068663067777,-0.564538311413517,0.0,-4815.482202677158
-0.00318811801997937,0.007879460862945055,-0.08380551957810393,281.71534839186205,0.0,0.0,-0.5965033416895884,430.2265823201686,-0.37507270823286704,0.9269953956405946,0.0,-4990.616596265413
0.0007055085669467093,0.008470670437572507,-0.0776032847258859,281.76028241904123,0.0,0.0,-0.5913261242144221,451.82229570019547,0.08300100787608344,0.9965494632438243,0.0,-5051.148372921241
0.007179276395564777,0.0045506033046274685,0.20452879750882327,281.17814570372565,0.0,0.0,-0.6454539387426673,1455.4515082428059,0.8446207524193855,0.5353650946620551,0.0,-4815.984525035745
0.006117589708492271,-0.005901279196797036,-0.12822799130383808,281.6681527990777,0.0,0.0,-0.6475241804002,273.5778601366638,0.7197164362932083,-0.6942681407996513,0.0,-4812.680998771713
-0.007093342724482043,0.004683427056444637,-0.13729821845668722,281.6749837086499,0.0,0.0,-0.5930385688576654,240.92616694178176,-0.8345109087625933,0.5509914184052513,0.0,-4731.744171597923
-0.0049914386243195665,-0.006880082881742836,-0.17155368404551943,281.9468019471305,0.0,0.0,-0.6165554990013897,116.47479186952094,-0.5872280734493607,-0.8094215154991571,0.0,-4877.245205332744
0.00704094502337805,0.004761837164138215,0.03112392406534742,281.6341820696773,0.0,0.0,-0.6056388167050204,840.5282977305518,0.8283464733385941,0.560216136957437,0.0,-4781.440853938009
0.005491735232789364,0.006487745689601278,0.056056229515586226,281.50362569875324,0.0,0.0,-0.6246790277256213,931.061546304598,0.6460864979752193,0.7632641987766209,0.0,-4906.37126055051
0.003515275823073602,-0.007739046187206419,0.1868323687728585,280.98578834902,0.0,0.0,-0.624422224516958,1396.8015777288806,0.4135618615380708,-0.9104760220242846,0.0,-5049.871055615357
0.007800571489397377,0.0033765491909345546,-0.03218881731467291,281.60735219354405,0.0,0.0,-0.5901077500547497,614.1838241874709,0.9177142928702796,0.39724108128641816,0.0,-4695.79618557351
-0.00432511042870427,-0.00731733693221199,0.17406629134779453,281.17375694158443,0.0,0.0,-0.5946288171583324,1350.1297111248502,-0.5088365210240318,-0.8608631684955281,0.0,-5007.778286056574
-0.006815153877987392,0.0050797320420818875,-0.10989916711347122,281.6183072078106,0.0,0.0,-0.5994650591366408,334.7710338477963,-0.8017828091749872,0.597615534362575,0.0,-4762.658361444748
-0.006667000273216407,0.0052726755406465485,0.05962631657981657,281.2688681432378,0.0,0.0,-0.6491068832059114,942.2296615292606,-0.7843529733195772,0.6203147694878292,0.0,-4820.305086275928
0.00676613222590661,0.005144847393416843,0.08003547168980993,281.5133216659841,0.0,0.0,-0.6290330407955879,1014.6411449972791,0.7960155559890129,0.6052761639313932,0.0,-4817.670994663315
0.005545971872096303,-0.00644144362654185,-0.16303967230171884,281.88117643227463,0.0,0.0,-0.6492969150259561,149.40305682749062,0.6524672790701533,-0.7578168972402176,0.0,-4843.943686781488
-0.008402475007009252,-0.001283905664986677,-0.17393406563790506,281.75870884874683,0.0,0.0,-0.5957187397063812,107.02279955346063,-0.9885264714128531,-0.15104772529255023,0.0,-4598.373545616699
0.008467916855796965,-0.0007378239107738643,-0.1093389348161924,281.5955465079076,0.0,0.0,-0.6257163646941319,337.19709927382576,0.9962255124467018,-0.08680281303221932,0.0,-4608.980444303937
-0.006455354096383854,-0.005529774271188671,-0.0251613016533484,281.76971308313045,0.0,0.0,-0.6484511857658243,640.6836037478341,-0.7594534231039828,-0.650561678963373,0.0,-4814.470826053175
-0.003521370320649843,-0.007736275012229492,-0.17158709714409465,281.9214443815431,0.0,0.0,-0.6225438556238387,118.76040987375121,-0.4142788612529227,-0.9101500014387637,0.0,-4953.4485684039355
-0.008112830303266679,0.0025361357357992277,0.035680777362737365,281.4286185626067,0.0,0.0,-0.6491126930960036,856.2002199525704,-0.9544506239137269,0.2983689100940268,0.0,-4683.74345435227
-0.006112387024834957,0.005906667830395515,-0.15841864111761125,281.8217188700834,0.0,0.0,-0.5900444312954922,166.1728961614918,-0.7191043558629361,0.69490209769359,0.0,-4804.968564915672
0.006617706998508868,-0.005334412252712266,-0.03356628095765907,281.3923748386225,0.0,0.0,-0.608929241057489,607.790497647279,0.778553764530455,-0.627577912083796,0.0,-4799.2901881495945
0.00527219945875008,-0.006667376760552487,-0.18872534004640396,281.9093960325839,0.0,0.0,-0.6438403799738109,58.839447402662664,0.6202587598529505,-0.7843972659473514,0.0,-4855.089163345971
-0.008412340766690467,0.0012175889392884826,-0.06580899204200533,281.51094879773694,0.0,0.0,-0.632192908297482,495.81590879616346,-0.9896871490224078,0.1432457575633509,0.0,-4626.3724416706955
0.0045519775339337345,-0.007178405152299679,0.05870555453951912,281.28401660315745,0.0,0.0,-0.590168419045321,936.8698812038799,0.5355267686980864,-0.8445182532117268,0.0,-4964.563145933541
-0.0012409471625396168,-0.008408926812607236,-0.11780467743235012,281.96733254619227,0.0,0.0,-0.647848136938343,307.9097571234293,-0.1459937838281902,-0.9892855073655571,0.0,-5034.015625667097
-0.001683112473544387,-0.00833169444959423,0.1404343337348157,281.1300084829636,0.0,0.0,-0.5921624510048722,1230.2664839607785,-0.19801323218169256,-0.9801993470110859,0.0,-5095.425438520377
0.005889238030883617,-0.006129182279520986,-0.15330360561153672,281.80437486306874,0.0,0.0,-0.6499974175753964,184.25744717837685,0.6928515330451314,-0.7210802681789394,0.0,-4822.650735737209
-0.00011860497512174959,0.00849917248088756,-0.12446035333856632,281.95360313452306,0.0,0.0,-0.5915474269318606,283.838005308405,-0.013953526484911716,0.999902644810301,0.0,-5041.522529488175
0.008418676946843551,0.001172978458747198,0.09656093590272943,281.44942664918403,0.0,0.0,-0.6214221876633267,1072.5422611070362,0.9904325819815942,0.13799746573496446,0.0,-4669.285644800949
0.0062196452240626315,0.005793618324224931,0.13759511549065886,281.3667149227234,0.0,0.0,-0.648806500209831,1221.9928141136393,0.7317229675367801,0.6816021557911683,0.0,-4876.3316221554505
-0.008291904279427437,-0.0018693109481338222,-0.20128970181819308,281.78374928112095,0.0,0.0,-0.591156684783415,10.61590885372095,-0.9755181505208749,-0.2199189350745673,0.0,-4602.275754575562
-0.00629918235877695,0.00570703965387251,0.023499789698240847,281.3390885901278,0.0,0.0,-0.6479043601300254,810.3666379640528,-0.7410802775031706,0.6714164298673541,0.0,-4839.6568314365195
-0.002313732254424418,0.008179036804834425,-0.10420144356010323,281.8153205246343,0.0,0.0,-0.5909297216993866,356.59740426119447,-0.2722037946381668,0.9622396240981675,0.0,-5014.441756583628
0.005902213986955552,-0.006116687833475422,-0.1647978316381629,281.8344671147343,0.0,0.0,-0.6494761598721293,141.22066174069303,0.6943781161124178,-0.7196103333500496,0.0,-4818.635121629508
-0.008408136913265913,0.0012462879473761964,0.009132710844420189,281.42041012482116,0.0,0.0,-0.6499992234278973,761.481992665438,-0.9891925780312838,0.14662211145602308,0.0,-4646.909378664686
-0.006789245836010362,0.005114307477871854,-0.03238415672089373,281.4509626900433,0.0,0.0,-0.6324763231048635,612.4869223495477,-0.7987348042365131,0.6016832326908064,0.0,-4785.6015612095825
-0.0024479628716059824,-0.008139869641415555,0.058851661232459135,281.3639106090911,0.0,0.0,-0.6028198955670961,934.9527863047342,-0.28799563195364497,-0.957631722519477,0.0,-5054.2952171160305
-0.0008521727482469954,-0.008457174564069561,-0.09297490300815385,281.79528518591576,0.0,0.0,-0.6499688884262096,398.3165018467085,-0.10025561744082298,-0.9949617134199483,0.0,-5045.632990742567
0.0036655087917291072,0.0076690315749615105,0.05177018176451051,281.47182621956773,0.0,0.0,-0.6302166536582315,909.738679115515,0.43123632843871845,0.9022390088190012,0.0,-5007.065061736475
0.007393899014907558,-0.004192881748553023,0.08074604580306968,281.26048141812527,0.0,0.0,-0.5974767892670502,1012.9797649042472,0.8698704723420655,-0.4932802057121204,0.0,-4763.726732257091
-0.007508754755717996,-0.003983541391586434,-0.03172728088075005,281.68496532046277,0.0,0.0,-0.6499999640297733,612.0655968671068,-0.8833829124374113,-0.4686519284219333,0.0,-4723.127039896513
0.0010976019784764617,-0.008428835619280078,-0.11353805116466391,281.7931878133944,0.0,0.0,-0.6499764032120949,325.08220090755816,0.12912964452664255,-0.9916277199153032,0.0,-5037.201806996695
0.0009085345236238275,0.008451305521597455,0.04751205003617029,281.3544992211539,0.0,0.0,-0.6374560401539953,896.0406401120587,0.1068864145439797,0.9942712378349947,0.0,-5082.720264905369
0.00651737089443712,0.005456544384896352,0.12868241850375742,281.38362475031806,0.0,0.0,-0.6467127144644611,1187.253126492155,0.7667495169926023,0.6419463982231002,0.0,-4850.8464297101955
0.007792242329144975,-0.0033957266503476563,0.052300372653280774,281.32076427863353,0.0,0.0,-0.5922587381405776,917.9017645103423,0.9167343916641146,-0.39949725298207717,0.0,-4719.254951558921
0.004855213940998704,0.006976883085385038,0.07720894523411023,281.43639880418095,0.0,0.0,-0.6363212320178184,1002.806996825518,0.5712016401174945,0.8208097747511809,0.0,-4952.155217046728
-0.0013415240892875404,-0.008393468479589427,-0.0761044990466617,281.8077376634945,0.0,0.0,-0.6490966981088694,460.2453265032741,-0.15782636344559298,-0.9874668799516972,0.0,-5043.621688928646
-0.007425168268264774,-0.004137254668007989,-0.06201069493893091,281.72302557571686,0.0,0.0,-0.6471175175955965,510.12351169642966,-0.8735492080311499,-0.48673584329505754,0.0,-4722.604167989863
-0.0035296196183262915,0.007732514814077383,0.08607708812596312,281.1284814403849,0.0,0.0,-0.6495337259302447,1037.5162800663963,-0.4152493668619166,0.9097076251855744,0.0,-5022.223756772986
-0.0012300853879349681,0.008410522572253694,0.047411460644402464,281.3805765489266,0.0,0.0,-0.6429646327725189,897.9728868238233,-0.14471592799234917,0.9894732437945521,0.0,-5078.505360059305
0.0014992137893777662,0.008366741182428172,0.18411175788416265,281.0238738034614,0.0,0.0,-0.6343146524140413,1385.4699307664719,0.17637809286797249,0.9843224920503731,0.0,-5110.707775557869
0.006895108589180003,-0.004970661680643348,-0.15346527871401247,281.7047640873404,0.0,0.0,-0.649591820798772,186.9919692513381,0.8111892457858827,-0.5847837271345114,0.0,-4744.294071947089
0.007127536629669311,0.00463122247281668,0.08483344658668843,281.5223866738385,0.0,0.0,-0.6290223213980446,1032.2343172744245,0.838533721137566,0.5448497026843152,0.0,-4788.379120333355
0.00727114997296846,0.004402315080795646,0.09145923281465115,281.46923573940376,0.0,0.0,-0.6309942872559715,1056.666870312718,0.8554294085845247,0.517919421270076,0.0,-4777.563674798914
-0.0058463640233617385,0.006170091385574573,-0.20164487650633153,281.9591169223521,0.0,0.0,-0.5982738447982794,11.557338093986395,-0.6878075321602045,0.7258931041852439,0.0,-4812.74530651329
0.0013636217284836605,-0.00838990678026921,0.16666801716545368,280.96347140557145,0.0,0.0,-0.6075946031809667,1321.4554926466524,0.16042608570396005,-0.9870478565022598,0.0,-5108.391736734725
0.0041468640697087,0.0074198058187097465,0.15687261042727826,281.1464936951406,0.0,0.0,-0.6484428299511962,1284.4466056067795,0.48786636114219994,0.8729183316129113,0.0,-5012.3617955422515
0.006210465309520218,0.005803457645166883,-0.1514041667446438,281.87751147109236,0.0,0.0,-0.619937465710092,191.45362314813718,0.7306429775906138,0.6827597229608098,0.0,-4799.490139188689
-0.008096289143343944,-0.0025884555447932664,-0.051637612225630264,281.6552501510947,0.0,0.0,-0.6465834863955056,548.0934270570034,-0.9525046050992874,-0.30452418174038426,0.0,-4661.949396472497
0.00847474329452529,0.0006547717861199193,-0.18698826392652876,281.7410707961385,0.0,0.0,-0.6481487895134682,63.373656713352666,0.997028622885328,0.07703197483763756,0.0,-4587.4433440601715
-0.008280932702718208,-0.0019173298028904967,0.06267671938332378,281.5187739758509,0.0,0.0,-0.6312044441946449,952.263825079954,-0.9742273767903774,-0.2255682121047643,0.0,-4674.203353257746
0.008449188492528983,0.0009280160654405864,0.07076570847431382,281.45141379437973,0.0,0.0,-0.6089580636736125,979.4099967661208,0.994022175591645,0.10917836064006897,0.0,-4659.230684135894
0.00772277253273165,0.0035508850175252913,0.11204241610737473,281.4560711841416,0.0,0.0,-0.6363705111438048,1125.6253640629468,0.9085614744390176,0.4177511785323872,0.0,-4741.847221171739
0.008478691598756671,-0.0006014887972132576,-0.06370006692944458,281.48947490428145,0.0,0.0,-0.6049952847972717,501.89238813992057,0.9974931292654907,-0.07076338790744206,0.0,-4620.113019250863
-0.00820823742047397,-0.0022079036322110715,-0.1479903254013078,281.7370953426303,0.0,0.0,-0.607374959226703,201.15819685127195,-0.9656749906439964,-0.25975336849542013,0.0,-4624.982876026545
0.0053785989923949866,0.006581844185257476,-0.19327038705338973,281.8932283710447,0.0,0.0,-0.6345241724363009,41.47460812440043,0.632776352046469,0.7743346100302912,0.0,-4846.968368175075
0.008379451674980845,0.0014264605240456986,0.16362178623394955,281.3042076441839,0.0,0.0,-0.646807946371675,1310.881750132687,0.9858178441153934,0.16781888518184687,0.0,-4691.290326432405
-0.007943687910505403,0.0030245367216303245,0.08085029624850829,281.3538030637923,0.0,0.0,-0.6392248788916914,1013.1259113149611,-0.9345515188829886,0.35582784960356756,0.0,-4712.401464659481
-0.008499940896598954,-3.169785993675395e-05,0.02904617934828077,281.5355555245743,0.0,0.0,-0.6470283066921727,830.3630854149512,-0.9999930466587005,-0.0037291599925592884,0.0,-4642.798996305194
-0.001382772376175281,-0.008386771760080668,0.16345588759754717,281.04751334523314,0.0,0.0,-0.5984780153925365,1306.8371882175888,-0.1626791030794448,-0.9866790305977255,0.0,-5107.20964276909
-0.008175515129234862,-0.0023261453891904277,-0.09092131683567958,281.67642140201764,0.0,0.0,-0.633174222977604,410.5235474394636,-0.9618253093217484,-0.27366416343416794,0.0,-4643.558988684089
-0.0010298831076918113,-0.008437377601156124,-0.13455347737381756,281.9807460095731,0.0,0.0,-0.6445433691258577,249.1876295265259,-0.1211627185519778,-0.9926326589595439,0.0,-5032.440908636806
0.008464218073522135,0.0007791100075478652,-0.11842926099385157,281.6260685770175,0.0,0.0,-0.62455208597392,305.9295686105882,0.9957903615908394,0.09166000088798414,0.0,-4606.922980366543
0.0047519503355231895,-0.00704762144334676,0.10287685474446381,281.223731768135,0.0,0.0,-0.5952233161861248,1093.8028894856434,0.5590529806497869,-0.8291319345113835,0.0,-4965.083403894165
0.0072187615323110795,-0.004487703414846596,0.17778165323710723,281.1437921239491,0.0,0.0,-0.6368767442888489,1357.9223098829757,0.8492660626248328,-0.5279651076290113,0.0,-4805.3462648665845
-0.004989672192742311,0.006881364066010034,0.009271208105722517,281.34382405831417,0.0,0.0,-0.6408722746621737,763.2838209871113,-0.5870202579696836,0.809572243060004,0.0,-4925.866572659268
0.0065829825632437,0.00537720564717674,-0.03103571735525404,281.6787398798888,0.0,0.0,-0.5906547289021766,616.7771195085538,0.7744685368522,0.6326124290796163,0.0,-4802.760677711646
-0.0052580915301598434,-0.006678508326000749,0.20131626219740897,281.0582688940668,0.0,0.0,-0.6001416417488149,1446.0983244930237,-0.6185990035482168,-0.785706861882441,0.0,-4960.639200137772
-0.004837788453162427,-0.00698897724151741,0.01126875016778811,281.57945382692316,0.0,0.0,-0.6325819330188962,765.0337756082674,-0.5691515827249913,-0.822232616649107,0.0,-4935.492572603668
0.0032886478787363406,0.007838035157466632,-0.19079340592490185,281.96859530966935,0.0,0.0,-0.625357702665223,50.004446888063654,0.3868997504395695,0.9221217832313684,0.0,-4957.947301807972
-0.005746421244864398,-0.0062632773271324264,0.12139226701457048,281.4190783236504,0.0,0.0,-0.5930241110623296,1162.4048852834485,-0.6760495582193409,-0.7368561561332266,0.0,-4906.46973472974
0.008498775295862505,-0.00014428607152872382,-0.03634425879909833,281.56427154325985,0.0,0.0,-0.5948070436248014,599.8762200382371,0.9998559171602946,-0.016974831944555742,0.0,-4625.375885062403
-0.0068678770015435835,0.0050082197926677235,0.026302874095579798,281.3747797193292,0.0,0.0,-0.6492304873539828,822.5881288593938,-0.8079855295933627,0.5892023285491439,0.0,-4794.806997605592
0.008325504460647334,-0.0017134688429444361,-0.179777418112246,281.70701408088877,0.0,0.0,-0.6494960217534685,92.43378300466615,0.9794711130173334,-0.20158456975816894,0.0,-4604.647023221425
0.005563586894480766,0.006426235357311611,-0.1320184817482558,281.8802052179526,0.0,0.0,-0.6081833880245816,257.14651084644277,0.6545396346447959,0.7560276890954836,0.0,-4851.074668674619
-0.001644669115202615,-0.008339368291513372,0.07362427913862288,281.3922649112052,0.0,0.0,-0.5958876728462652,992.9433400734604,-0.19349048414148412,-0.9811021519427495,0.0,-5078.2798856992
-0.004692594048654354,-0.007087281643517051,0.03908881769544509,281.5602412217871,0.0,0.0,-0.619574455932343,868.7239070892022,-0.5520698880769828,-0.8337978404137707,0.0,-4951.383532790563
0.005371739412637649,-0.006587443789719601,-0.005714558041339329,281.3210400447489,0.0,0.0,-0.6031470677979489,702.9907815940883,0.6319693426632528,-0.7749933870258353,0.0,-4897.7373158622095
-0.008451985474018221,0.0009021870908991089,-0.1459022926586881,281.63345047675784,0.0,0.0,-0.5990842356633923,211.54759266878352,-0.9943512322374377,0.10613965775283633,0.0,-4600.812358314496
-0.0016983417218011053,0.008328603448117197,0.08331363374702569,281.22415340366916,0.0,0.0,-0.6498707225603525,1021.7211965946193,-0.19980490844718884,0.9798356997784937,0.0,-5079.786757688954
-0.008448830159515967,-0.0009312727504084891,-0.07710642440868357,281.62137979868385,0.0,0.0,-0.634354704036174,457.27229315679335,-0.9939800187665844,-0.10956150004805752,0.0,-4619.5945483333235
0.00746858109630036,0.004058361295890858,-0.08758600847870857,281.801872035918,0.0,0.0,-0.6000765446572611,414.89105293119394,0.8786565995647482,0.47745427010480673,0.0,-4711.804850016573
0.008192359222522217,-0.002266109081477583,0.08444780228338186,281.41719742316917,0.0,0.0,-0.6044086912404626,1027.210228735645,0.9638069673555549,-0.2666010684091274,0.0,-4688.930224499714
0.007718224108313652,0.003560760679102984,-0.10247487909477479,281.726677509871,0.0,0.0,-0.6074221233056262,361.5021006411667,0.908026365683959,0.41891302107093925,0.0,-4684.721512213084
0.0077184620870371125,0.003560244796495139,0.1474267183402487,281.4311829408365,0.0,0.0,-0.6470118419728905,1249.5702012303323,0.9080543631808367,0.4188523289994281,0.0,-4751.745910142231
-0.007012817496765082,-0.004803164660623821,-0.20128501036070529,281.84579902550354,0.0,0.0,-0.5962535837914413,14.972741851205564,-0.8250373525605978,-0.5650781953675083,0.0,-4721.494585964483
0.006800279331291639,-0.005099627537027361,-0.16274677573023313,281.7234650736001,0.0,0.0,-0.649999750590807,147.71896605317093,0.8000328625048987,-0.5999561808267483,0.0,-4749.713095223021
0.007179396085304292,-0.004550414470168341,0.17179691295638164,281.26204709536984,0.0,0.0,-0.6343050537887756,1340.5586509536918,0.8446348335652107,-0.5353428788433342,0.0,-4807.192333784053
-0.0016543740744373067,-0.008337448435932286,0.02752245526958505,281.5448443292195,0.0,0.0,-0.6132806452054119,828.342949248606,-0.19463224405144783,-0.9808762865802688,0.0,-5065.716120778229
-0.007891512440869455,0.003158168994148763,-0.053465278877010525,281.57244796618306,0.0,0.0,-0.6308700564904492,536.1475599277155,-0.928413228337583,0.37154929342926624,0.0,-4681.397162963682
0.008056849136620692,0.0027087233136173995,-0.202331678392468,281.84353125958756,0.0,0.0,-0.648021344235055,8.673558926390157,0.9478646043083166,0.3186733310138117,0.0,-4625.39907559875
0.0011266199857792184,-0.008425006077602723,-0.09150864025796787,281.77215613300206,0.0,0.0,-0.6486478723478046,405.1144979165595,0.13254352773873157,-0.9911771856003204,0.0,-5042.719075226216
0.008487981528610303,0.0004518512697451582,0.09958677750225184,281.4024938968552,0.0,0.0,-0.6202561778807938,1078.9467818685919,0.9985860621894473,0.053158972911195077,0.0,-4662.961789336544
0.006531057970130237,-0.005440154574164075,-0.057198722006222974,281.43946817225293,0.0,0.0,-0.6200086098697277,526.4743753856601,0.7683597611917926,-0.6400181851957735,0.0,-4799.888243460732
-0.008389548617185947,0.001365823561033184,0.15643584947736108,281.34449003566993,0.0,0.0,-0.6014841274605498,1281.5101006934285,-0.9870057196689349,0.1606851248274334,0.0,-4688.331265872174
-0.008241349311200389,0.002080904017675228,-0.1413627018390907,281.6538495725377,0.0,0.0,-0.5976029146577396,227.64811214901488,-0.9695705072000456,0.24481223737355626,0.0,-4623.443955347658
-0.00817280906888803,-0.002335635229118962,-0.0244678121088637,281.6902995838407,0.0,0.0,-0.6498601243238757,640.9974544773816,-0.9615069492809446,-0.2747806151904661,0.0,-4661.657395097122
-0.0007802586722166839,0.008464112263222332,0.03595105971712986,281.3604397547875,0.0,0.0,-0.6379848225051734,856.1707250147012,-0.09179513790784516,0.9957779133202743,0.0,-5080.937813434422
0.007999946239064352,-0.0028724310561056327,-0.05774646589464408,281.48195490962064,0.0,0.0,-0.6099636900417293,519.8438089204764,0.9411701457722768,-0.33793306542419205,0.0,-4669.75449868666
-0.007228901732074198,0.004471350998078172,0.03629284229776833,281.32826720174796,0.0,0.0,-0.6499999245315299,859.331040592121,-0.8504590273028468,0.5260412938915496,0.0,-4766.49365889791
0.0066672680232952655,0.0052723369681332444,0.20310320166468435,281.1394530746789,0.0,0.0,-0.6440624242402879,1452.7677419834943,0.7843844733288547,0.6202749374274404,0.0,-4858.777142005917
0.002858073294647481,0.008005086947836538,-0.07672667892320142,281.78051148531955,0.0,0.0,-0.5900406231476092,451.1799142815724,0.3362439170173507,0.9417749350395926,0.0,-5004.6684058979135
0.005721496724006266,0.006286054027542682,0.05392360125832382,281.53350202833445,0.0,0.0,-0.6226352424850551,920.114343019681,0.673117261647796,0.7395357679461978,0.0,-4890.109094566253
-0.005533856573569656,0.006451854882369869,-0.18918559213012737,281.9927935531205,0.0,0.0,-0.5955747017055105,55.80488358341062,-0.6510419498317243,0.7590417508670434,0.0,-4837.746416922402
0.008484379004728862,0.0005150853367317795,0.05841927370463981,281.5538393679517,0.0,0.0,-0.6026938233626026,936.933742770508,0.9981622358504543,0.06059827490962111,0.0,-4652.289210082544
0.0065937945255528365,-0.005363941997709283,-0.02618970128714801,281.4440615641807,0.0,0.0,-0.6059730344106109,636.7104358154993,0.7757405324179807,-0.6310519997305039,0.0,-4803.193210376721
0.005153174435814171,0.006759792395781937,-0.1900608797371307,282.0400697205474,0.0,0.0,-0.6322986401418212,55.53868730812415,0.6062558159781377,0.7952696936214043,0.0,-4862.287766316672
0.007065408543015142,-0.004725463164631449,0.1290896586826545,281.189790257861,0.0,0.0,-0.6145698781144243,1189.467832140298,0.8312245344723695,-0.5559368428978175,0.0,-4805.622751114203
-0.002537025846479519,-0.008112551993934763,-0.19754925297870987,282.09269544590455,0.0,0.0,-0.6143663049787867,27.212639493989258,-0.29847362899759045,-0.9544178816393838,0.0,-4982.800917737075
0.00735572983429751,-0.004259488068398073,0.16238574090965116,281.1847275768312,0.0,0.0,-0.6314847230967311,1304.7695887277005,0.8653799805055893,-0.5011162433409497,0.0,-4789.058601407376
0.005074287171545429,0.006819208876452568,-0.06498246665465121,281.8493653011712,0.0,0.0,-0.590062914753091,497.7267063303724,0.5969749613582858,0.8022598678179491,0.0,-4900.758873702981
-0.0026348499882106616,-0.008081309642602879,-0.1408342424864148,281.94363199627037,0.0,0.0,-0.6385861784647106,226.1249579068482,-0.30998235155419546,-0.9507423108944564,0.0,-4994.936017594322
-0.003496004395315604,-0.0077477708579909614,0.05703612591211374,281.45482595200343,0.0,0.0,-0.6069457479258454,932.0508517324948,-0.4112946347430122,-0.9115024538812895,0.0,-5015.870533554623
0.0036778567202348537,0.007663117508261461,0.14454875948357074,281.16783054975093,0.0,0.0,-0.6494202309594053,1245.8120362118034,0.43268902590998276,0.9015432362660541,0.0,-5031.404665512703
-0.007882458121022359,0.0031807002327048483,0.11897066879442944,281.33666872121347,0.0,0.0,-0.6239224447381098,1153.0708629437536,-0.9273480142379245,0.37420002737704094,0.0,-4728.530250535607
0.00774043693796506,0.0035122124094915026,0.09143894243588332,281.4788037371187,0.0,0.0,-0.627609677606568,1057.7614160557912,0.9106396397605951,0.41320145994017676,0.0,-4734.65599564866
-0.002095540657246667,-0.008237639792672792,0.011345746900677994,281.529222215223,0.0,0.0,-0.6222547912364254,766.1932469068801,-0.24653419497019613,-0.9691340932556224,0.0,-5051.301172788367
0.0067597071603735705,-0.005153286243359114,-0.026387385095260646,281.4301127430984,0.0,0.0,-0.6052225643144529,635.0921874939028,0.7952596659263024,-0.6062689698069545,0.0,-4789.647765707715
0.002991261153333416,-0.007956277817708381,0.0669429818663769,281.2281992419317,0.0,0.0,-0.5905135226660368,966.0764332274395,0.3519130768627548,-0.9360326844362802,0.0,-5038.469474194568
0.005332294317927051,-0.006619413667916737,-0.08512942041732384,281.60562382580696,0.0,0.0,-0.6375888242534098,427.11832011642315,0.6273287432855353,-0.7787545491666749,0.0,-4879.002204453258
-0.008376615952500678,0.001443019467751965,-0.02286357154852728,281.4990204506725,0.0,0.0,-0.6460200463728876,644.1766165457843,-0.9854842297059621,0.16976699620611352,0.0,-4641.547037568328
0.0030024823819830597,0.007952050021590744,0.040278073147824556,281.483492231992,0.0,0.0,-0.6276030704066128,871.4038004431279,0.3532332214097717,0.9355352966577345,0.0,-5030.905880476642
0.007536485477888074,0.0039308251858334,0.17056646674549705,281.26262074638214,0.0,0.0,-0.649966966872711,1334.9327756914192,0.8866453503397733,0.46245002186275286,0.0,-4774.860144977678
0.0061730640319644665,0.0058432251759851445,0.19212278266672103,281.16553504306836,0.0,0.0,-0.6454078573931795,1413.7317775169888,0.7262428272899372,0.6874382559982523,0.0,-4894.476533369387
0.0021039850930745442,-0.008235487036485462,0.13492917209511726,281.10618040664946,0.0,0.0,-0.5979901159020887,1210.539694583908,0.2475276580087699,-0.9688808278218191,0.0,-5084.2417353356
-0.004731770953244721,0.007061185711056576,-0.18035700512383684,281.9457038803369,0.0,0.0,-0.5952868407132863,90.53564806158505,-0.5566789356758495,0.8307277307125382,0.0,-4890.259302743591
0.008447104350531408,0.0009467988652471834,-0.0015297541419547755,281.5249422160893,0.0,0.0,-0.5901165508667703,725.0938229101268,0.9937769824154598,0.11138810179378628,0.0,-4640.0487942143745
0.000775959859192541,-0.008464507445617962,-0.13498110126157106,281.8642583021355,0.0,0.0,-0.647557076210827,247.86426907866476,0.09128939519912246,-0.9958244053668189,0.0,-5035.1187065807535
-0.008137534597786824,-0.0024557138819134576,-0.046206941700635024,281.6445837996683,0.0,0.0,-0.6474531437136062,564.9017997306979,-0.9573570115043321,-0.2889075155192303,0.0,-4659.32873875163
-0.008485363249237083,-0.0004986085924817967,0.1328396587348952,281.3827338959963,0.0,0.0,-0.6049988247732583,1198.5277584475098,-0.9982780293220098,-0.058659834409623135,0.0,-4672.153937957174
-0.008498015406846025,-0.0001836685738160086,0.11416580003494972,281.38688034538364,0.0,0.0,-0.6140285627006828,1134.0128291896121,-0.9997665184524734,-0.021608067507765717,0.0,-4665.83528856569
0.008386402348556336,0.0013850110642622307,0.0023772724703525483,281.53083959707664,0.0,0.0,-0.5905986201922901,737.1906213629097,0.9866355704183923,0.16294247814849772,0.0,-4647.319915330596
-0.004165855715300871,-0.007409159612216157,-0.06488016608704658,281.82680920809884,0.0,0.0,-0.6499379793854476,497.76419247772117,-0.4901006723883377,-0.8716658367313126,0.0,-4951.905711778548
-0.00454958656744052,-0.007179920756203706,0.19517976427395708,281.1722060049632,0.0,0.0,-0.6003248661019122,1425.1648348682536,-0.5352454785224141,-0.8446965595533771,0.0,-5001.3107048074635
0.003287124963149266,-0.007838673961623927,-0.10704911217325792,281.737359390184,0.0,0.0,-0.6484068508933631,348.5042614980433,0.3867205838999136,-0.9221969366616384,0.0,-4980.47627008487
0.0034929558383867874,-0.007749145727825724,0.037323771740253114,281.25312854023457,0.0,0.0,-0.594829696511984,867.2005542877739,0.4109359809866808,-0.9116642032736145,0.0,-5010.7116074505675
-0.00078435210983596,-0.008463733914047386,0.017647871896535328,281.48841633073243,0.0,0.0,-0.6146868941598522,789.4150727770602,-0.09227671880423058,-0.9957334016526336,0.0,-5075.988198052429
-0.008346546774965104,0.00160784232228152,-0.05224302948112283,281.58444162404464,0.0,0.0,-0.636437597032531,544.5701101914219,-0.9819466794076592,0.1891579202684141,0.0,-4636.727093728404
-0.0055876620130427485,-0.0064053128907180686,0.041453203566315766,281.57130540801126,0.0,0.0,-0.6224591042153432,876.3781792751341,-0.657372001534441,-0.7535662224374198,0.0,-4895.980893904104
-0.005600217001122818,0.006394338866554928,-0.014139332171802549,281.36065108165764,0.0,0.0,-0.6344512938490705,681.1883473292519,-0.6588490589556256,0.752275160771168,0.0,-4880.21040434268
0.0018422071265210254,-0.008297967998431613,-0.016482978629163536,281.50304689200425,0.0,0.0,-0.6210238567664237,668.2431622369625,0.21673025017894415,-0.9762315292272485,0.0,-5049.9100568502
0.006518483292600635,0.005455215446165844,0.055054587661856474,281.6084410666451,0.0,0.0,-0.6190922406255421,926.4853973898586,0.7668803873647805,0.6417900524900992,0.0,-4831.004310480337
0.003478361097017299,-0.007755707838666735,-0.0396432664460899,281.51609304807954,0.0,0.0,-0.6255457853289557,586.9749766980118,0.4092189525902704,-0.9124362163137334,0.0,-4990.681535175201
0.004053243057190758,0.0074713600314357045,0.04670201199787907,281.5022619768365,0.0,0.0,-0.6265068028689843,894.0168296830283,0.4768521243753832,0.8789835331100828,0.0,-4987.479110747613
0.005837564153881699,-0.006178417657403508,0.20457648738902376,281.03209276286634,0.0,0.0,-0.6404612067945591,1454.9107136466791,0.6867722533978469,-0.7268726655768832,0.0,-4922.357678328999
-0.0054175967353281545,-0.006549782104265892,-0.08219122977687923,281.83963133633375,0.0,0.0,-0.6478616718792164,439.36503468489656,-0.6373643218033123,-0.7705626005018695,0.0,-4874.206051818675
0.0009525668746933704,0.008446455845455945,-0.1384428728002789,282.00189193329174,0.0,0.0,-0.5963577629090921,236.3454167621797,0.11206669114039651,0.9937006877006994,0.0,-5032.330855188527
0.003082523991098485,0.007921366412703194,0.09428908837076269,281.3209935899452,0.0,0.0,-0.6463713547997084,1062.6530084952462,0.36264988130570414,0.9319254603180228,0.0,-5042.430500468859
-0.007039225952526737,-0.004764378027536655,0.05663484743984429,281.5975321117321,0.0,0.0,-0.623229786336866,928.4423520102087,-0.8281442297090278,-0.5605150620631358,0.0,-4788.432654478629
0.003524371828483137,-0.007734908093480777,0.11621060710241429,281.16042216895573,0.0,0.0,-0.5958951134982778,1137.308737838021,0.4146319798215455,-0.9099891874683267,0.0,-5030.533796940139
0.008073524610366875,-0.0026586087274739034,-0.15214051044700255,281.66295461725144,0.0,0.0,-0.6464424393871023,186.4005948836827,0.9498264247490441,-0.312777497349871,0.0,-4637.226909923634
-0.008499999582990879,2.6625466956912263e-06,0.13313096500576113,281.4113654469509,0.0,0.0,-0.606437450086345,1200.5271658079575,-0.9999999509401033,0.00031324078772837954,0.0,-4670.718106954742
-0.008214165546896347,-0.002185745723587505,-0.16056391960668248,281.715140871003,0.0,0.0,-0.6023316669542453,162.71533848657802,-0.966372417281923,-0.257146555716177,0.0,-4621.016589718821
0.008188299729352649,0.0022807339920041846,0.12405380412683895,281.4045589758414,0.0,0.0,-0.6369877469368186,1171.6393590767377,0.963329379923841,0.26832164611813936,0.0,-4699.96119047771
-0.003129758072708934,0.00790282319214553,-0.12914063979517604,281.82901863276896,0.0,0.0,-0.5900145854342101,267.0184091818514,-0.368206832083404,0.9297439049582976,0.0,-4980.69895194959
-0.0012165792112192287,0.008412486851272293,0.16771482912413674,281.04531486384093,0.0,0.0,-0.6324452604787135,1325.1568965556748,-0.1431269660257916,0.989704335443799,0.0,-5110.983116974679
0.005409804910300817,-0.006556219248353823,-0.20118919545086966,281.971032933656,0.0,0.0,-0.6404114627020254,16.11037532462611,0.6364476365059785,-0.771319911571038,0.0,-4842.7935496104155
0.005844339505205062,0.0061720090528044,-0.1802817583924446,281.93754784498486,0.0,0.0,-0.6311090324119772,89.3641127995541,0.6875693535535367,0.7261187120946352,0.0,-4818.621012341872
0.008029350074488717,-0.0027891822065451485,0.15572471289006815,281.2169655234196,0.0,0.0,-0.6338886856073253,1283.5622185028478,0.9446294205280842,-0.32813908312295864,0.0,-4724.156914483307
-0.007228305109831069,0.0044723154225960035,-0.029762215017874155,281.530396655343,0.0,0.0,-0.6359514083714534,624.3722087107632,-0.850388836450714,0.5261547555995297,0.0,-4748.824099292609
-0.004871504769003767,0.006965518019901575,0.16171744769354532,281.10716531967495,0.0,0.0,-0.6215890259533295,1304.627329281191,-0.5731182081180902,0.8194727082237147,0.0,-4973.863236508125
-0.00683688814761543,0.005050441610096653,-0.08925224541103911,281.49005998700176,0.0,0.0,-0.6074063224877432,409.2908196492663,-0.8043397820724034,0.5941696011878415,0.0,-4766.390782210744
-0.008414873431990207,0.0011999604675093948,-0.13262231447268813,281.6619984437178,0.0,0.0,-0.6029799818806855,260.35126123261267,-0.9899851096459066,0.1411718197069876,0.0,-4608.187375813085
-0.0018699791646606056,0.008291753609685664,-0.04094961856292645,281.5001308416863,0.0,0.0,-0.6081591883596196,581.6813207363404,-0.21999754878360064,0.9755004246689015,0.0,-5042.717991523773
-0.00849094746272378,0.00039218769137317285,-0.04836278097605193,281.6152573891031,0.0,0.0,-0.6411726488426498,560.5409298937551,-0.9989349956145622,0.04613972839684386,0.0,-4622.961324534207
-0.0022530094061190185,0.008195971487013558,0.06918132608584607,281.2127853141855,0.0,0.0,-0.649123391867254,970.836171491227,-0.2650599301316492,0.9642319396486538,0.0,-5062.647866296994
-0.008304380099577851,0.001813083330058315,-0.10459655712613464,281.6531918413751,0.0,0.0,-0.6126626476648924,357.5105107774927,-0.9769858940679825,0.21330392118333116,0.0,-4626.956876692282
-0.003559139575784688,0.007718971789045689,0.0652958784323682,281.20535553313977,0.0,0.0,-0.6497143413646729,958.2290819538293,-0.41872230303349267,0.9081143281230222,0.0,-5015.373924903309
-0.008362286019670104,-0.0015238676206383347,0.19814787651885155,281.30661852028334,0.0,0.0,-0.5900848878846635,1431.5200849233154,-0.9837983552553062,-0.17927854360450995,0.0,-4702.303575734157
0.00331655671274145,0.007826266771019861,-0.16810934135175032,282.05928689213374,0.0,0.0,-0.6150868413425217,131.33954858054557,0.39018314267546467,0.9207372671788071,0.0,-4962.910624459311
0.003948110638603031,0.007527444611908451,-0.17171352185993105,282.0126181277891,0.0,0.0,-0.6191883405218644,116.70131519395184,0.46448360454153304,0.885581719048053,0.0,-4934.0027102147105
0.006564407597723865,0.005399866006758428,-0.016153858646190816,281.7778703240147,0.0,0.0,-0.592867854921323,673.3392974043218,0.7722832467910429,0.6352783537362856,0.0,-4808.240616083583
-0.00849241447630118,-0.0003590213958946724,0.09964885233379564,281.4490648140156,0.0,0.0,-0.62004329021883,1081.014215253754,-0.9991075854471976,-0.04223781128172616,0.0,-4662.520032332036
0.007777883234703679,0.0034284883530960766,0.016688254382305423,281.5790074451206,0.0,0.0,-0.5965025272743545,785.6520569499623,0.9150450864357269,0.4033515709524796,0.0,-4711.062032049121
-0.007236437422573033,0.0044591449213032515,-0.11291522010513157,281.62222227032925,0.0,0.0,-0.6004026356490056,327.1774377832219,-0.8513455791262391,0.524605284859206,0.0,-4725.798382811692
-0.0065390917949244565,0.005430495235017858,0.06289181499424909,281.25189289985013,0.0,0.0,-0.6489070107114902,950.2906045533836,-0.769304917049936,0.638881792355042,0.0,-4831.468189404173
-0.007037901067411105,-0.004766334919551252,-0.1609248393222806,281.79241192834553,0.0,0.0,-0.6111325078967542,159.90937850897123,-0.8279883608718946,-0.5607452846530884,0.0,-4730.176563783352
-0.00238799008565384,0.008157665312503264,0.12514539794164461,281.1006853646533,0.0,0.0,-0.6442087847809042,1168.2900448602772,-0.2809400100769223,0.9597253308827369,0.0,-5073.84758729442
0.0004954225963368631,0.008485549861443209,0.1769207170196447,280.9888467030805,0.0,0.0,-0.6340824635912824,1357.6812686328567,0.05828501133374859,0.9982999836992009,0.0,-5120.971791114222
-0.007863557454206468,-0.0032271448936163215,0.18805258512889714,281.2498106108776,0.0,0.0,-0.5902520427375313,1394.7767419680804,-0.9251244063772315,-0.3796641051313319,0.0,-4748.876858994635
0.002761424344469026,-0.008038938710412825,0.048029031254237936,281.3636608070106,0.0,0.0,-0.5937285419782787,900.2271443062209,0.3248734522904736,-0.9457574953426853,0.0,-5041.447023252199
0.00845971517418915,-0.0008265707299401857,-0.19991957911358918,281.85208474105855,0.0,0.0,-0.6499942724901381,15.245103903934373,0.9952606087281353,-0.09724361528708066,0.0,-4585.523820864218
-0.007306640324487665,-0.004343156360133814,0.19803612013257324,281.14842485605135,0.0,0.0,-0.5927257817714464,1432.5625446817498,-0.8596047440573723,-0.5109595717804487,0.0,-4803.006702944174
-0.0009249149716453176,0.008449528525025899,-0.14773577327059578,281.95754030475416,0.0,0.0,-0.594975420392374,201.04743759873887,-0.10881352607591971,0.9940621794148117,0.0,-5030.15380430385
-0.007718568540165113,-0.0035600140014855853,0.12779607249664968,281.37053075589847,0.0,0.0,-0.5980695246037272,1187.0093318081963,-0.9080668870782485,-0.41882517664536295,0.0,-4746.469143738126
0.00467335778154307,-0.007099980777839532,0.05689106944746389,281.1906806744312,0.0,0.0,-0.5902044596055396,929.267878571899,0.5498067978285964,-0.8352918562164154,0.0,-4957.256951083681
-0.004160529552139135,-0.007412151768938419,-0.16852096543706124,282.0195908699148,0.0,0.0,-0.6214259302082086,131.33914277426643,-0.48947406495754525,-0.8720178551692257,0.0,-4924.369719536404
0.0004656953600492058,0.008487233225947586,-0.15720287580742678,281.9531314735516,0.0,0.0,-0.6011906536516892,169.28658962721906,0.05478768941755362,0.9984980265820688,0.0,-5031.502874684657
0.008470443992555208,-0.0007082221183960547,-0.07301580934342422,281.59062167999275,0.0,0.0,-0.6091956417704613,469.67828523566664,0.9965228226535539,-0.08332024922306525,0.0,-4618.46498874464
0.003786710696962035,-0.0076099160374811835,-0.0307768693826162,281.4072613374045,0.0,0.0,-0.6202976900715453,616.7696745738712,0.4454953761131806,-0.8952842397036685,0.0,-4979.417693880431
0.0002471554477746532,-0.008496405956911153,0.14664339192709577,281.09430126539,0.0,0.0,-0.5971627721226215,1245.0124038722906,0.029077111502900377,-0.999577171401312,0.0,-5113.971338551736
-0.007043076326716833,-0.004758684256813109,0.14848091080572387,281.3533465814228,0.0,0.0,-0.5911025088883572,1255.0778467699924,-0.8285972149078626,-0.5598452066838951,0.0,-4812.744070320137
0.008487820814655829,0.0004548602184136188,-0.025015834956459093,281.531797396862,0.0,0.0,-0.591617030684758,642.8686445288628,0.9985671546653915,0.05351296687219045,0.0,-4629.548435078202
0.007624354927687555,-0.0037575539831979136,-0.034617838755023334,281.4150016584303,0.0,0.0,-0.603499512808022,603.7895762382723,0.8969829326691241,-0.44206517449387217,0.0,-4711.697799303417
0.00426676016743841,0.0073515139715272905,-0.015810849049757547,281.6350186171719,0.0,0.0,-0.5991552645775774,672.6845198712996,0.5019717844045188,0.8648839966502694,0.0,-4959.888769060257
0.004535736607999021,0.007188678141554089,-0.11951243459772017,281.963374741094,0.0,0.0,-0.599612094633769,300.07134144296504,0.5336160715292966,0.845726840182834,0.0,-4917.647399089143
-0.0071588621108449,-0.004582651337152905,0.05523920679637864,281.6821074282051,0.0,0.0,-0.6246270736501413,924.4800470079782,-0.8422190718641058,-0.5391354514297535,0.0,-4777.71377038903
-0.008480033107227248,0.0005822701265991747,-0.09947317714220967,281.6309889535722,0.0,0.0,-0.6193349402661107,376.26625840480443,-0.9976509537914408,0.06850236783519702,0.0,-4610.376807160834
0.008363123117449208,0.0015192668371246192,-0.009822789365141665,281.59914874897567,0.0,0.0,-0.5900127626143853,691.1410316631033,0.9838968373469656,0.17873727495583755,0.0,-4646.421303409202
-0.006421382831924311,-0.005569186881930586,0.10900845926393085,281.4609614448457,0.0,0.0,-0.598184979953188,1116.1053646835237,-0.7554568037558013,-0.6551984566977159,0.0,-4853.13157976763
0.004934623854864012,0.006920945557581496,-0.13181559756743721,281.8668568723348,0.0,0.0,-0.6055608525925875,257.78012717269803,0.5805439829251778,0.8142288891272348,0.0,-4891.341060588352
0.0007431606221477157,0.008467450164582549,0.20200897363220152,280.95893319530995,0.0,0.0,-0.6239895296540565,1447.3840457124184,0.08743066142914302,0.9961706075979468,0.0,-5125.834116465587
-0.005727098074362539,-0.00628095117371827,0.06982247818725992,281.51642986595925,0.0,0.0,-0.6102585291548424,977.8294041258647,-0.6737762440426516,-0.7389354322021493,0.0,-4893.9841121055215
-0.008264555541643005,-0.00198673644429701,0.016355235453065803,281.59233625599916,0.0,0.0,-0.6465184342371212,790.1839978374597,-0.9723006519580004,-0.23373369932906,0.0,-4663.425824568503
-0.007947248679824548,-0.003015168058504696,-0.15523884349727698,281.7769895313962,0.0,0.0,-0.6070701859050478,175.83575592965906,-0.934970432920535,-0.3547256539417289,0.0,-4648.715881591987
0.00017186191490996825,-0.00849826238016946,-0.15871359831871576,281.99231668851263,0.0,0.0,-0.6399960770212858,160.46221580454437,0.02021904881293744,-0.9997955741375835,0.0,-5032.238426518745
-0.002311947281793067,0.008179541537654152,-0.08435808498529544,281.6765607721448,0.0,0.0,-0.5944790873460437,429.9007499233211,-0.27199379785800787,0.9622990044299002,0.0,-5019.815867580508
-0.008121132792107983,0.0025094226772204788,0.03575604957904058,281.420663342787,0.0,0.0,-0.6490802169008265,854.38471967485,-0.9554273873068215,0.2952261973200563,0.0,-4682.942829809413
0.0052305033069031505,-0.006700136950576101,-0.03409345555572357,281.4683713095053,0.0,0.0,-0.6158030924996012,605.4407036193726,0.6153533302239,-0.7882514059501294,0.0,-4899.242698090945
0.0026181441274252043,-0.008086737372267566,0.10908413655919233,281.1724528766563,0.0,0.0,-0.5925345345717974,1116.348841811713,0.30801695616767105,-0.9513808673255959,0.0,-5062.521719736032
-0.004490712531688839,-0.007216889978220039,0.1640500523235703,281.1274105360788,0.0,0.0,-0.5922143947565494,1312.3482813898538,-0.5283191213751575,-0.8490458797905928,0.0,-4996.200147307506
-0.0031439916837646357,-0.007897171410854574,-0.11297871493507779,281.917246192001,0.0,0.0,-0.6457394933885223,331.4619948979288,-0.3698813745605454,-0.9290789895123027,0.0,-4984.491255707851
0.008371117171589056,-0.001474583771620609,-0.19205919956558057,281.7248102463697,0.0,0.0,-0.6499913941331787,47.28773001921792,0.9848373143045948,-0.17348044372007163,0.0,-4596.713926383229
-0.0064640538414423255,0.0055196021536823405,-0.1298918441048484,281.6751229715453,0.0,0.0,-0.5929122802788578,261.9933134777694,-0.7604769225226264,0.6493649592567459,0.0,-4785.687902791424
0.007191669945862825,-0.0045309914356323165,-0.15689750289979804,281.8158737499514,0.0,0.0,-0.6495420436776779,172.38749927521954,0.8460788171603323,-0.5330578159567431,0.0,-4717.931827469626
0.0025587562546793563,0.008105724300094303,0.12652465493907325,281.1974200681552,0.0,0.0,-0.6499416100790788,1178.3996653948714,0.301030147609336,0.9536146235405062,0.0,-5069.073213231328
0.00821951739954657,-0.0021655331257108917,-0.050803231729743686,281.4786083303338,0.0,0.0,-0.604714153273108,547.766515912241,0.9670020470054789,-0.25476860302481075,0.0,-4649.928962736247
-0.00123395296305399,-0.008409956009692934,-0.10375649263712994,281.9226649638544,0.0,0.0,-0.6495928399132128,357.6658761051601,-0.14517093682988116,-0.9894065893756392,0.0,-5037.890067823278
-0.008343822766616568,0.0016219191223026605,-0.17943832172504928,281.79865494399024,0.0,0.0,-0.5905964382971545,87.18802493327311,-0.9816262078372433,0.19081401438854828,0.0,-4602.878406002811
-0.008378772812408033,0.0014304426440972674,-0.12240875671614836,281.6170854505132,0.0,0.0,-0.606301446036449,291.8418843554062,-0.9857379779303568,0.16828736989379614,0.0,-4614.619707347827
-0.007273650820897631,0.004398181867050888,0.006666410928105521,281.38063801163355,0.0,0.0,-0.6471209556034845,750.6284500624954,-0.8557236259879565,0.5174331608295162,0.0,-4754.5928626808445
-0.007627794196912529,0.0037505673823499757,-0.03695913163710793,281.46678142656117,0.0,0.0,-0.6356145764166683,595.1803727881284,-0.8973875525779446,0.44124322145293826,0.0,-4710.750190824828
-0.0017333169739467062,0.008321394851094871,-0.0910925961508297,281.7048375621938,0.0,0.0,-0.5921420276185505,404.28854262730107,-0.20391964399373014,0.9789876295405731,0.0,-5032.263905653051
0.004259742804021572,-0.007355582318456265,0.13699638877026984,281.0869256958741,0.0,0.0,-0.6051659826067781,1217.9963844262536,0.501146212237832,-0.865362625700737,0.0,-5001.250217236719
-0.0002308447097055282,0.008496864758250598,0.008059637278585496,281.43911830092134,0.0,0.0,-0.6245031421442627,758.6309908495205,-0.027158201141826845,0.9996311480294819,0.0,-5076.837811837614
-0.008497721689108654,-0.0001967894673309184,0.14015616269514167,281.3512647311526,0.0,0.0,-0.6030550680102875,1227.3907152022002,-0.9997319634245474,-0.023151702038931576,0.0,-4672.838713493421
0.007620969792667987,-0.0037644148840479947,-0.17828073795636365,281.71520830720056,0.0,0.0,-0.6499635037175268,94.90153518871124,0.8965846814903513,-0.44287233929976405,0.0,-4673.468382422924
0.008439059839923399,-0.0010160064065703898,0.07607616010448345,281.4563893472997,0.0,0.0,-0.6049698972601619,998.88153849889,0.9928305694027527,-0.1195301654788694,0.0,-4661.697159703342
-0.007511473447399537,0.003978412579033468,-0.13891023909224265,281.6203290221103,0.0,0.0,-0.5940513247370955,232.53455739559803,-0.8837027585175925,0.46804853870981966,0.0,-4694.1219504868295
0.00816114136878635,-0.0023760832390057537,0.20344761590992574,281.2565671566479,0.0,0.0,-0.6485963890360362,1452.468284649643,0.960134278680747,-0.2795392045889122,0.0,-4723.96606014451
0.0071699410703471075,-0.004565297914457477,0.1712212047297346,281.17698174263734,0.0,0.0,-0.6340168565049051,1334.40791794959,0.8435224788643655,-0.5370938722891149,0.0,-4807.864120557132
-0.008374678843771497,0.0014542194688856693,-0.1893875041583233,281.73295789444387,0.0,0.0,-0.5900679714164881,58.388963928869586,-0.9852563345613525,0.17108464339831403,0.0,-4597.067498687507
-0.006331907569203013,0.0056707095265997876,-0.16855047254451552,281.8488585634202,0.0,0.0,-0.590441552047548,128.59933078851026,-0.744930302259178,0.6671422972470338,0.0,-4785.613833213909
-0.0016852028707057963,0.008331271888767342,-0.015315109870745247,281.55717271598405,0.0,0.0,-0.6189466124844469,674.4666490232917,-0.19825916125950543,0.9801496339726284,0.0,-5053.596122273197
-0.002521817586635878,0.008117292409401919,0.04491495368812004,281.3575925610972,0.0,0.0,-0.6450730969333218,885.9345584830679,-0.2966844219571621,0.9549755775766963,0.0,-5048.320829086416
0.004454416031526245,0.007239349267584896,0.05692070360697657,281.43066215937694,0.0,0.0,-0.6294570065439797,931.2047687332538,0.5240489448854406,0.8516881491276348,0.0,-4969.43539776516
0.005675453860007436,0.006327655449131748,-0.19735468672733275,281.97932474743027,0.0,0.0,-0.6372830734288243,26.833264913016244,0.6677004541185219,0.7444300528390291,0.0,-4825.888667180504
-0.005978069770998514,0.006042572449964815,-0.027827538210823843,281.40662427088637,0.0,0.0,-0.6303877451750916,628.1569818063978,-0.7033023259998251,0.7108908764664488,0.0,-4849.895043941193
-0.008457977220165667,0.0008441690252305221,0.15787396862887007,281.32477019229435,0.0,0.0,-0.5995701762025824,1289.5914581420302,-0.995056143548902,0.0993140029682967,0.0,-4681.6962699294045
-0.007142952270434287,0.004607410646154483,-0.17890169311238346,281.79205072586734,0.0,0.0,-0.5904474045416391,93.97529373717457,-0.8403473259334455,0.5420483113122921,0.0,-4716.281188365189
0.007049739097922567,-0.004748808129543867,-0.13633330101969615,281.6812084670116,0.0,0.0,-0.6468881118964852,242.63830110006282,0.8293810703438314,-0.558683309358102,0.0,-4735.758670565496
0.008498984583779996,0.00013138129497754824,-0.10214228418651057,281.6696660456244,0.0,0.0,-0.6193718705972188,363.87109041778785,0.9998805392682347,0.015456622938535086,0.0,-4607.701091700099
-0.008432039964585187,0.0010727078053404198,-0.06523644070350632,281.47126119209435,0.0,0.0,-0.6329007327477882,498.17221335703846,-0.9920047017159042,0.1262009182753435,0.0,-4624.505275879417
-5.6723337537875484e-05,0.008499810731009166,-0.1295163878397957,281.8965769430098,0.0,0.0,-0.5924547646597915,269.93976320687494,-0.0066733338279853505,0.9999777330599018,0.0,-5040.232106134342
0.004511433479044368,0.007203955022358041,0.12821579527768243,281.2706116485661,0.0,0.0,-0.6495905631428402,1186.1884475455868,0.5307568798875727,0.8475241202774165,0.0,-4985.45009886753
-0.0065037307989359245,-0.005472795053258646,0.0780436629326208,281.5081074499701,0.0,0.0,-0.6104281106330439,1004.6870797567909,-0.7651447998748145,-0.6438582415598406,0.0,-4838.342055212423
-0.0011478174610000205,0.008422144327677095,0.07714690842201935,281.28338650714977,0.0,0.0,-0.649044367387639,1001.5224060287744,-0.13503734835294356,0.9908405091384818,0.0,-5087.674513441969
-0.006831645231273725,0.005057531357689736,0.11230137943990495,281.19174490959784,0.0,0.0,-0.6340410436470634,1131.2243190936451,-0.803722968385144,0.5950036891399689,0.0,-4820.902570025993
-0.006265802591388221,0.00574366763364252,-0.05430405611711836,281.5327870819291,0.0,0.0,-0.6198993995096069,534.7178182719516,-0.737153246045673,0.6757256039579435,0.0,-4821.336859502033
-0.00786794100843398,-0.0032164428003312712,-0.15919346862864997,281.8231719360827,0.0,0.0,-0.606126781191907,163.81727980818704,-0.9256401186392919,-0.3784050353330907,0.0,-4655.2933203339835
0.0022212899229710477,-0.008204624980954783,0.17394526112843336,281.0052890247864,0.0,0.0,-0.6137018765387532,1347.3921379418955,0.26132822623188795,-0.9652499977593862,0.0,-5091.619566387333
-0.007785133109995836,0.0034119939126039753,-0.1608982221768263,281.7276700182678,0.0,0.0,-0.591029976636031,159.07815416364159,-0.9158980129406865,0.4014110485416441,0.0,-4662.7297494461955
-0.005318529314674491,0.00663047855957231,-0.013852922598023149,281.3903378064316,0.0,0.0,-0.6334190662047223,675.2504620981755,-0.6257093311381754,0.7800563011261541,0.0,-4899.01800871751
-0.005698984902439817,0.006306470572496397,-0.1493894997404292,281.77761843763477,0.0,0.0,-0.590003968798984,198.38699910897748,-0.6704688120517431,0.7419377144113408,0.0,-4837.12738202255
0.008498077115877859,0.0001807908531786533,0.08236383926539739,281.41854080301295,0.0,0.0,-0.6114987262902668,1021.9668635762364,0.9997737783385715,0.021269512138665094,0.0,-4657.296667957179
-0.007399324067809853,0.0041833005318205226,0.06215086485099788,281.262109927762,0.0,0.0,-0.6471694400034531,948.2707766883599,-0.8705087138599826,0.49215300374359083,0.0,-4758.249037078386
0.004913200591215422,0.0069361704095617805,0.13632885959101684,281.3359203149518,0.0,0.0,-0.6498563994487979,1212.3678528701753,0.5780235989665201,0.8160200481837389,0.0,-4964.567071876658
-0.003101933920428761,0.007913785816743681,0.08839995621287536,281.17079985299694,0.0,0.0,-0.6496287673764546,1040.8110695029893,-0.3649334024033836,0.9310336254992566,0.0,-5040.119450619494
0.0025392922711491434,0.008111842870869863,0.01771727928725686,281.533484560753,0.0,0.0,-0.6190444258757004,792.799594350624,0.29874026719401686,0.9543344553964545,0.0,-5040.4852876071545
-0.007130135023153817,-0.0046272210398461975,0.0896035314870455,281.50681396006905,0.0,0.0,-0.6089277873351252,1047.25054389392,-0.8388394144886843,-0.5443789458642585,0.0,-4789.433284010503
0.00534594400767859,0.006608394863108998,-0.15762453651046238,281.95860718479923,0.0,0.0,-0.6186252986798852,169.76965937382968,0.6289345891386575,0.7774582191892939,0.0,-4858.664654541905
0.00761796732558098,-0.003770487213395714,-0.018982184119100826,281.3955810479337,0.0,0.0,-0.5980594736684497,658.1987549609267,0.8962314500683506,-0.44358673098773105,0.0,-4716.485661574564
0.006869179722854624,0.005006432855349493,0.023649316791294783,281.5794773117514,0.0,0.0,-0.6035953539557563,816.2341409991382,0.8081387909240734,0.5889921006293521,0.0,-4793.986084276985
-0.006058090982369993,0.005962342966429169,0.037341516523661966,281.35195813564366,0.0,0.0,-0.6493707295183837,862.2997849421364,-0.7127165861611756,0.7014521136975492,0.0,-4861.513885489424
0.008173028121745021,-0.0023348685875579965,-0.11710359736966086,281.5974885357369,0.0,0.0,-0.6344371161580818,315.52191266345255,0.9615327202052965,-0.27469042206564664,0.0,-4636.782085990136
0.008435340541197225,-0.0010464367893162551,-0.08597969571016634,281.56936097472965,0.0,0.0,-0.6161184801794138,420.6279976758842,0.9923930048467323,-0.12311021050779472,0.0,-4618.600971290448
-0.008311071425190398,-0.0017821592985431043,0.01599235152267156,281.54672959888757,0.0,0.0,-0.6469304917329477,786.4841811652776,-0.9777731088459292,-0.20966579982860048,0.0,-4658.6329198481435
0.004173629667120521,0.007404783278512036,-0.1389710809774211,281.97308363929506,0.0,0.0,-0.605653369274584,234.63744266594915,0.49101525495535536,0.8711509739425924,0.0,-4931.632844371822
-0.0016848363227401173,-0.008331346023637212,0.17435006609051226,281.0236356343634,0.0,0.0,-0.6013882284238179,1348.3124379609446,-0.19821603796942555,-0.9801583557220248,0.0,-5104.489424008243
0.0008307765621140871,-0.008459303180749694,-0.11388031931819217,281.83606175113204,0.0,0.0,-0.6499122432468954,327.4463939074614,0.09773841907224554,-0.9952121389117288,0.0,-5040.243512229952
0.008499941172730847,-3.1623727088221653e-05,0.1035641790611975,281.4034692012087,0.0,0.0,-0.6203776279009663,1098.0770770198744,0.9999930791448055,-0.003720438480967253,0.0,-4662.791601786939
0.0015737726594530243,-0.008353037747811163,-0.027557300454229078,281.55716380307217,0.0,0.0,-0.6270170009405518,630.555648660606,0.18514972464153226,-0.9827103232719013,0.0,-5052.523192891586
-0.007975851006564935,0.002938673292674284,-0.17077260617019652,281.73461669252714,0.0,0.0,-0.5904401891533192,119.34287066463982,-0.9383354125370511,0.3457262697263863,0.0,-4641.774686894917
-0.00849991444311335,3.8137379997260205e-05,0.09326355245455822,281.36059255409816,0.0,0.0,-0.6243654610907086,1061.5087526277866,-0.9999899344839236,0.004486750587912965,0.0,-4660.030786316889
0.00849647260401317,-0.00024485360780198025,-0.18364355974331864,281.72877390772055,0.0,0.0,-0.6486735921107725,75.22387850183115,0.9995850122368436,-0.028806306800232967,0.0,-4586.094890111278
-0.0037438664675640103,-0.007631085366646725,0.08170503886341776,281.38509328185694,0.0,0.0,-0.5985628517307816,1018.0996419092124,-0.4404548785369424,-0.8977747490172617,0.0,-5011.560644073431
0.0048737170952494815,0.0069639702523397505,-0.03525795665309403,281.68825601215065,0.0,0.0,-0.5926054984436789,603.6573536062423,0.5733784817940566,0.8192906179223235,0.0,-4920.884879525863
0.008489402686842007,-0.00042431358762091493,-0.1336550673693288,281.65211582526405,0.0,0.0,-0.6350982999485155,258.26798772568185,0.9987532572755301,-0.049919245602460575,0.0,-4600.237773064585
-0.008499996034457655,8.210615332477864e-06,-0.01079236763831437,281.5032913687717,0.0,0.0,-0.6495858352824321,689.8110519628249,-0.9999995334656064,0.0009659547449973956,0.0,-4632.104897281354
0.0059987442482166906,0.006022048442555672,0.08457307721764504,281.4447348170981,0.0,0.0,-0.6347135917073125,1026.7635887623433,0.7057346174372576,0.7084762873594908,0.0,-4878.543343680402
0.008374056170208538,0.0014578008293976024,-0.07813242945795348,281.6474661595248,0.0,0.0,-0.6044272656360798,451.9489705253677,0.9851830788480631,0.1715059799291297,0.0,-4626.979933383773
-0.007599432058629084,-0.0038077069722183884,-0.15808313130121063,281.8396711873328,0.0,0.0,-0.60866891091126,164.59400723912347,-0.894050830426951,-0.4479655261433398,0.0,-4680.8836221273905
0.003418692753798603,0.007782193768798419,0.14740751771425895,281.16796173333086,0.0,0.0,-0.6488785890716984,1252.6754349729752,0.402199147505718,0.9155522080939316,0.0,-5043.372130539239
-0.008093759415991702,0.0025963548517191713,-0.15113680663094614,281.6978559433186,0.0,0.0,-0.5938916656430069,188.4199618448685,-0.9522069901166706,0.3054535119669613,0.0,-4635.503913768088
0.0003696895672332328,0.008491956760598756,0.006877083351645996,281.50775552678544,0.0,0.0,-0.6218553233820809,751.8328832135328,0.043492890262733265,0.99905373654103,0.0,-5076.012753281626
-0.006354586826583871,-0.005645283541453586,-0.02970520374203689,281.78857343842446,0.0,0.0,-0.6489040658019282,622.2618679680354,-0.7475984501863377,-0.6641510048768924,0.0,-4821.112796393914
0.0009146881517831876,0.008450641726223368,-0.19127681139746108,282.03328783823565,0.0,0.0,-0.616930782961858,46.89994185353016,0.10761037079802206,0.9941931442615727,0.0,-5018.58663465104
-0.0035470290721393532,-0.007724544307685616,0.16990999969794676,281.15597509978295,0.0,0.0,-0.595283684672155,1329.702637475077,-0.4172975378987474,-0.9087699185512489,0.0,-5043.965226215062
0.0019422819188587793,0.008275115766421292,0.08689386403935281,281.30267671235515,0.0,0.0,-0.6467510953197131,1037.926081687778,0.22850375515985638,0.9735430313436815,0.0,-5075.338842819249
0.007405960195437421,-0.0041715409123723735,0.17638010229040776,281.2584408008453,0.0,0.0,-0.6374122046217959,1354.5688719877437,0.8712894347573436,-0.4907695191026321,0.0,-4788.297568045703
0.0021782204664521233,0.008216164287520613,0.18197263573225905,281.02243096454976,0.0,0.0,-0.6372362242227755,1377.4274032969267,0.2562612313473086,0.9666075632377191,0.0,-5094.927206435554
0.008366885032775766,0.0014984107742247782,0.1874449334297322,281.26621089874203,0.0,0.0,-0.64987362798264,1400.369661929559,0.9843394156206782,0.17628362049703272,0.0,-4698.963506627342
0.005887421571288579,0.006130927111124869,-0.036262344349360515,281.76775434942556,0.0,0.0,-0.5909321956832084,598.9002775374092,0.6926378319163033,0.7212855424852787,0.0,-4854.182325216538
0.002818292049287842,-0.008019178880965367,-0.037963119349870095,281.60976423870017,0.0,0.0,-0.6272422890739962,594.9091432885233,0.33156377050445196,-0.9434328095253371,0.0,-5016.443577936456
0.001277518817679342,0.008403448439210846,-0.00473330072056849,281.5984575227216,0.0,0.0,-0.6133534589292234,713.9568328957381,0.15029633149168728,0.9886409928483346,0.0,-5063.79093565624
0.005163327058194661,0.006752040705602632,0.12882533707198748,281.3098226761382,0.0,0.0,-0.6490717084046584,1188.0535876284055,0.6074502421405482,0.7943577300708978,0.0,-4947.204744774288
-0.0018512880961169278,-0.008295946744355086,-0.194535790905173,282.07568816349254,0.0,0.0,-0.6182251569918997,38.20676734284613,-0.21779859954316796,-0.9759937346300102,0.0,-5001.935529549054
-0.003721453007359693,-0.007642040795102674,-0.08250612231229976,281.8662686527863,0.0,0.0,-0.6496774702152075,436.94202172651813,-0.4378180008658462,-0.8990636229532557,0.0,-4968.522986258791
-0.005969480263217715,-0.006051058203905675,-0.10596112927302785,281.9084708862969,0.0,0.0,-0.6402096515564999,351.34874390155437,-0.7022917956726723,-0.7118892004594911,0.0,-4829.557347182958
0.006755348111249118,-0.005158999117643169,0.12105875295018761,281.2129368557126,0.0,0.0,-0.6092132084247736,1160.5991013234834,0.7947468366175432,-0.6069410726639022,0.0,-4829.565262522801
0.007780014202826121,-0.0034236499534595886,-0.04993785357715888,281.46985190061287,0.0,0.0,-0.6085679388192455,548.2227666681337,0.9152957885677789,-0.4027823474658339,0.0,-4692.984831833415
-0.008454374259457985,0.0008795202561705215,-0.1693421214812276,281.75591055794484,0.0,0.0,-0.5928932435120121,128.94937727496526,-0.9946322658185864,0.10347297131417899,0.0,-4594.277676444018
-0.005570911202904379,-0.006419886943658316,-0.09453612061956515,281.8200882497228,0.0,0.0,-0.6448835896326961,392.50428803870017,-0.6554013179887503,-0.7552808169009783,0.0,-4860.634260012071
-0.008499982316836865,1.733820811346425e-05,-0.04199966000788913,281.5886561665732,0.0,0.0,-0.6439607599676578,577.6415345146008,-0.9999979196278665,0.002039789189819323,0.0,-4623.733629260042
-0.005466929202506477,0.006508662312240658,-0.018077783616811754,281.3462755202097,0.0,0.0,-0.6322763352591717,669.6638239511568,-0.6431681414713502,0.7657249779106656,0.0,-4888.137149322442
0.0018914274998721994,0.008286887353688792,0.09828205319075331,281.29842542839543,0.0,0.0,-0.648755548774201,1076.1203077912307,0.2225208823379058,0.9749279239633871,0.0,-5079.581516780471
-0.00473153413527361,-0.007061344399386041,-0.026197345966852192,281.76899848939803,0.0,0.0,-0.6451106847549075,633.1823240290322,-0.5566510747380717,-0.8307463999277696,0.0,-4931.632859401889
0.004966916014320772,-0.006897807282512601,-0.0673608635984044,281.56671019554756,0.0,0.0,-0.63190940547942,493.4482042311783,0.5843430605083261,-0.8115067391191294,0.0,-4906.686575740651
0.006743182456734109,0.005174890371321248,-0.021845748815112476,281.71064367579123,0.0,0.0,-0.5915208416019717,650.967417824247,0.7933155831451892,0.6088106319201467,0.0,-4792.225115077012
-0.0071768325309185645,0.004554456589226539,0.1597106525424282,281.17660396535933,0.0,0.0,-0.6108120368734475,1295.4913217343715,-0.8443332389315957,0.5358184222619458,0.0,-4804.173807382126
-0.00849674031333533,-0.00023538064436618098,-0.12889052174504648,281.67107546239356,0.0,0.0,-0.6089634021690228,270.8094012974705,-0.9996165074512153,-0.02769184051366835,0.0,-4600.757024850838
0.0011721562092992994,0.008418791470335935,0.13701287442071816,281.06692787653515,0.0,0.0,-0.6477408486000001,1216.950595992176,0.13790073050579993,0.9904460553336394,0.0,-5103.392242625277
0.00012331022163728707,0.008499105517008233,0.06599908067627694,281.2801476395924,0.0,0.0,-0.6451940518110516,963.3072459161276,0.014507084898504361,0.9998947667068508,0.0,-5092.614469999952
-0.0072651527147936205,0.004412205347751496,-0.1067479730449833,281.5350314818633,0.0,0.0,-0.6027924120877622,349.8168759796977,-0.8547238487992495,0.5190829820884112,0.0,-4724.917042524032
0.00847806827509914,0.000610211703228885,0.1372987291295968,281.40238929986873,0.0,0.0,-0.6370662291146171,1220.037417740226,0.997419797070487,0.0717896121445747,0.0,-4674.103893701846
0.0008662880070884324,-0.008455740363136439,-0.0008113559262989123,281.5534877267176,0.0,0.0,-0.6173138144390756,721.5036936377909,0.10191623612805085,-0.9947929838984045,0.0,-5070.212074699661
0.008467060033903968,-0.0007475923904549553,-0.19751949458787832,281.780260577212,0.0,0.0,-0.6499894097709716,24.47605290115221,0.996124709871055,-0.08795204593587709,0.0,-4585.410612315762
-0.0001818854393863095,-0.008498053758769667,0.07342149809127704,281.3333836497528,0.0,0.0,-0.5932126277124888,989.3930659199842,-0.021398286986624646,-0.9997710304434901,0.0,-5094.496980565593
0.003047304699154101,-0.007934981667938077,-0.15779841074635761,281.94029083125434,0.0,0.0,-0.6465991458656628,168.58127941394486,0.3585064351946001,-0.9335272550515383,0.0,-4976.112020825856
-0.0052159121436939114,0.006711502105286595,0.07052089833878541,281.2634372931483,0.0,0.0,-0.6495645761725806,977.8903288403523,-0.6136367227875189,0.7895884829748935,0.0,-4928.238228894224
-0.005956389117099173,0.006063944977133496,0.11609576969307464,281.17281416129157,0.0,0.0,-0.6365908027198129,1139.7822736816777,-0.7007516608351967,0.71340529142747,0.0,-4890.084373855564
0.0010908414580952737,-0.008429713216551355,0.06255229616565092,281.29912520713293,0.0,0.0,-0.5934388447084293,953.2626283691142,0.12833428918767925,-0.9917309666531005,0.0,-5084.535659857741
-0.008474690015700413,0.0006554610116458097,0.08761789545409657,281.43241824276356,0.0,0.0,-0.6290161088850837,1043.9369452563087,-0.9970223547882838,0.07711306019362467,0.0,-4661.123666826849
0.008140620156242843,-0.0024454659007585398,0.10299295273049283,281.3327114729193,0.0,0.0,-0.6115862387568674,1092.399542133356,0.9577200183815108,-0.28770187067747527,0.0,-4699.0520968228
-0.005799970839020299,-0.006213721772538112,-0.10576273655408508,281.77173953317276,0.0,0.0,-0.6408802572286948,356.4695609192965,-0.6823495104729763,-0.7310260908868367,0.0,-4841.760255701429
-0.0041516484817004165,-0.007417129827931734,-0.07977159022098484,281.85738313006146,0.0,0.0,-0.6496072995721025,443.53213100130023,-0.48842923314122544,-0.8726035091684392,0.0,-4948.630095092025
-0.005298250356133674,0.006646694153015422,0.021719954778748357,281.32401335203986,0.0,0.0,-0.6453383708402437,809.3965536391843,-0.623323571309844,0.7819640180018144,0.0,-4909.873104138438
-0.004323150113147482,-0.00731849527561458,-0.019526362296787697,281.66629507654676,0.0,0.0,-0.6421946097603335,659.054972382328,-0.5086058956644096,-0.8609994441899506,0.0,-4955.942038745571
5.6783241148807454e-05,0.008499810331032372,0.0758191792823992,281.280294582984,0.0,0.0,-0.647446714158806,998.9811403602639,0.006680381311624406,0.9999776860038084,0.0,-5095.322094929419
-0.000729019750068554,0.00846867936599385,-0.14809396325426225,281.9617312463762,0.0,0.0,-0.5954596008379692,203.2985192962414,-0.08576702941982987,0.9963152195286882,0.0,-5032.030840605626
-0.0007562378739114548,0.008466292239112815,0.013016122345596681,281.46451893574005,0.0,0.0,-0.6285370747571788,774.6352997963377,-0.08896916163664173,0.9960343810720959,0.0,-5075.009305227581
-0.001183392420145914,0.00841721939716087,0.0984009597146748,281.1556229429588,0.0,0.0,-0.649911433520741,1075.9594676769734,-0.13922263766422519,0.9902611055483376,0.0,-5092.871762635625
-0.007908440892075581,0.0031155356933514323,-0.1851035093831655,281.77392523512515,0.0,0.0,-0.59007424844081,68.42699208853259,-0.9304048108324213,0.3665336109825214,0.0,-4644.450713559569
-0.006910992223155319,-0.004948553979849741,-0.16842070421196365,281.91042953609644,0.0,0.0,-0.6086272758560588,131.08598305035432,-0.8130579086065081,-0.582182821158793,0.0,-4738.946165797607
-0.008411748100300629,0.0012216766745292212,0.017415708290318604,281.42424679748297,0.0,0.0,-0.6497745756434203,792.2821618741277,-0.9896174235647798,0.14372666759167307,0.0,-4648.761743292163
-0.00655056625646548,0.00541664856896364,-0.01755066381431314,281.40936697519015,0.0,0.0,-0.6372083188727921,666.7773445192519,-0.7706548537018211,0.6372527728192516,0.0,-4808.971367763074
0.004193871725641178,0.007393337537869314,0.0083268734302894,281.59347989307247,0.0,0.0,-0.6086392429337173,756.4591080742088,0.4933966736048445,0.8698044162199192,0.0,-4970.120317102302
-0.003971630372139974,0.007515061688841636,0.16437430118547872,280.9691863105278,0.0,0.0,-0.6240794396057169,1314.6773922886289,-0.4672506320164675,0.8841249045696041,0.0,-5023.038234896568
0.00757626360799911,-0.003853599582482372,0.17080864957764094,281.22070293832957,0.0,0.0,-0.6363473220641761,1333.461477795191,0.8913251303528364,-0.45336465676263193,0.0,-4771.264096142953
0.0038165458519123386,0.007594996890075119,-0.1855973316452273,282.0235174840384,0.0,0.0,-0.6250254667602818,67.28968109647674,0.44900539434262804,0.8935290458911904,0.0,-4936.499022523379
0.004523658985044912,-0.007196284415378707,0.06976671757801303,281.23620263331134,0.0,0.0,-0.5900531932725531,974.9907795247665,0.5321951747111661,-0.8466216959269066,0.0,-4969.09595008423
-0.007799612328551529,0.0033787642007555093,0.17133529270678802,281.27660745733374,0.0,0.0,-0.6019377488394584,1341.3680856087474,-0.9176014504178268,0.3975016706771187,0.0,-4750.491339764442
0.008433140740203474,-0.0010640193870040309,0.1460255826850694,281.3696584188616,0.0,0.0,-0.6354630369023245,1248.663623875721,0.9921342047298203,-0.12517875141223891,0.0,-4681.072272068787
0.008499544013614004,-8.804294769235631e-05,-0.14980419119873642,281.73042176486956,0.0,0.0,-0.6401240109083266,195.8694851989921,0.9999463545428239,-0.010357993846159565,0.0,-4594.8558383656755
0.007965664304768909,-0.0029661746718172986,0.09598375970440912,281.34478264063057,0.0,0.0,-0.6067804818607189,1069.5868737614983,0.9371369770316363,-0.3489617260961528,0.0,-4714.332426371703
-0.003844765532847646,0.007580750490381989,0.12324704596541511,281.1569048127209,0.0,0.0,-0.6411724776308432,1169.7936109088355,-0.4523253568056054,0.8918529988684692,0.0,-5018.043060124767
-0.003094656698220136,0.007916634380856631,-0.12991649901581176,281.79053342070114,0.0,0.0,-0.5900338539804096,268.8110060331997,-0.36407725861413365,0.9313687506890154,0.0,-4981.8213638169955
-0.00232412699579157,0.008176089145027276,0.014347129227387345,281.38900239407457,0.0,0.0,-0.6342990035658008,781.0094492599599,-0.2734267053872435,0.9618928405914442,0.0,-5045.953877976387
0.007466371119781058,0.004062425667221416,0.07359528128345286,281.4818117230137,0.0,0.0,-0.6216593272426088,991.478143218294,0.8783966023271832,0.4779324314378136,0.0,-4755.249615435119
-0.002811788715014645,-0.008021461476695895,0.03194685517115198,281.5178308598647,0.0,0.0,-0.6154447658020449,842.2385198641248,-0.3307986723546641,-0.9437013501995171,0.0,-5035.422892367035
-0.00441548172674332,-0.007263161923074264,-0.00990020244571152,281.6718339475268,0.0,0.0,-0.6392794015084651,694.0637238614229,-0.5194684384403905,-0.8544896380087369,0.0,-4953.610966368614
-0.007184711733550896,-0.004542016876430127,0.19593079109403003,281.2437926991003,0.0,0.0,-0.5926658725859314,1425.7489441761988,-0.8452602039471642,-0.5343549266388384,0.0,-4813.202280164801
0.008304763019264288,0.0018113285714801484,0.12040287220311377,281.42879457890393,0.0,0.0,-0.6340950236610926,1156.156558701831,0.9770309434428573,0.2130974789976645,0.0,-4687.28384525974
0.008316690502892606,0.0017557502895047309,0.035553421658610224,281.5567257689598,0.0,0.0,-0.5981088771096701,853.3659691658886,0.9784341768108947,0.20655885758879186,0.0,-4663.312010009307
-0.00825714399499402,0.002017318280771337,0.17320168751001366,281.24427483713924,0.0,0.0,-0.5975832976969648,1345.4852407453689,-0.971428705293414,0.2373315624436867,0.0,-4706.252304463579
-0.008384615438545849,-0.0013957879307755247,-0.18770252938965273,281.8537426735248,0.0,0.0,-0.5927315083109066,59.5175308180789,-0.9864253457112762,-0.16421034479712054,0.0,-4596.505401226789
0.0012200237833563002,-0.0084119879914349,-0.16244620842290708,281.9675621626805,0.0,0.0,-0.6414402595866715,151.83236536893838,0.14353220980662354,-0.9896456460511648,0.0,-5022.352213000059
-0.0006102636179680266,-0.008478064538359247,-0.10953307667681836,281.86116624295806,0.0,0.0,-0.6495172513225869,337.71897563696575,-0.0717957197609443,-0.997419357454029,0.0,-5043.34504182371
0.004888708817724145,0.006953454256375474,0.04286969492371803,281.58247503596505,0.0,0.0,-0.6213253683465161,880.0781189527212,0.5751422138498994,0.8180534419265263,0.0,-4940.954656360387
0.0027911466241956466,-0.008028667418833667,0.11157954181505789,281.1602476712913,0.0,0.0,-0.5933036799659546,1122.1203522315802,0.32837019108184073,-0.9445491080980785,0.0,-5057.492102381214
0.0069852271556267425,-0.0048432015841068125,0.016367245162728694,281.35399905063736,0.0,0.0,-0.5918750179671571,782.3290584100195,0.8217914300737343,-0.569788421659625,0.0,-4782.241104118071
-0.008488962933937172,-0.0004330222930067622,0.12393588068556868,281.3571469511743,0.0,0.0,-0.6088872271020751,1170.7861942609406,-0.9987015216396671,-0.05094379917726614,0.0,-4669.39300903686
-0.002141998706528744,0.008225681828348893,0.007370592543404386,281.4016085485694,0.0,0.0,-0.6307840871993633,754.8804440353128,-0.25199984782691104,0.9677272739233992,0.0,-5049.035749794125
-0.001491757789362955,0.008368073774643419,-0.14349837818804767,281.9442672277409,0.0,0.0,-0.5930111551557465,218.6756489220415,-0.17550091639564175,0.9844792676051081,0.0,-5022.948183591768
-0.007838397808731553,0.0032877834162353824,0.03062152100688051,281.4118932289995,0.0,0.0,-0.6499220292305697,836.8908519836498,-0.922164448086065,0.3867980489688685,0.0,-4709.045131528131
0.007075121831057453,-0.004710907670045577,0.1428523778457967,281.1859068012227,0.0,0.0,-0.6209287388454962,1234.6233495612723,0.8323672742420533,-0.5542244317700677,0.0,-4808.478724853902
-0.0067077092946890024,0.005220788831004638,0.14319840833491373,281.17806853087205,0.0,0.0,-0.6211303835930652,1234.2243840081185,-0.789142269963412,0.614210450706428,0.0,-4839.411055376103
-0.005330850009286116,-0.006620576876564022,0.010576153636960822,281.67592842449943,0.0,0.0,-0.6347975078465484,767.9270036504247,-0.627158824621896,-0.7788913972428261,0.0,-4904.7731004618145
-0.00011514149341855439,-0.008499220107544772,-0.16236743901274325,282.03508130833,0.0,0.0,-0.6379108288451791,150.17711166579411,-0.013546058049241692,-0.9999082479464436,0.0,-5031.357266064297
-0.0028719268009184985,0.008000127277122912,-0.07912088011011845,281.6719442638627,0.0,0.0,-0.5971116183273372,444.03741710270526,-0.33787374128452924,0.9411914443674013,0.0,-5003.5426341778975
0.008302931734432663,-0.0018197045401248542,-0.02693710874030858,281.4482252509502,0.0,0.0,-0.5957337452014668,627.9321373688118,0.9768154981685486,-0.21408288707351225,0.0,-4647.938823142373
0.008460159340577105,0.0008220121240261405,-0.047708560666620214,281.54667562241355,0.0,0.0,-0.5958348201266044,556.4205959079667,0.9953128635973064,0.0967073087089577,0.0,-4626.315155825576
0.003124963089352967,-0.00790472046881998,0.13321544943519978,281.0693769161149,0.0,0.0,-0.6001370791609227,1201.7192232900334,0.36764271639446666,-0.9299671139788211,0.0,-5051.269816892396
0.0013515573926514326,-0.008391858710343572,-0.11658297427737697,281.8089708592655,0.0,0.0,-0.6499527456154921,315.61215129679783,0.1590067520766391,-0.9872774953345378,0.0,-5032.59705627691
0.00849887211505479,-0.0001384657789641527,-0.03345820433394989,281.5238818526525,0.0,0.0,-0.5941011271132834,610.9610847183206,0.9998673076535045,-0.01629009164284149,0.0,-4626.140170111053
0.007979282410484586,0.002929343307591535,0.15309538614734078,281.3867529230286,0.0,0.0,-0.6470965416801364,1270.3482129208992,0.9387391071158335,0.3446286244225335,0.0,-4728.33268295259
0.0046219960619400995,0.007133523141015961,0.1851618698023537,281.18222613078063,0.0,0.0,-0.6431017417454726,1386.7423840114075,0.5437642425811882,0.839238016590113,0.0,-4994.578572160669
-0.00845890691137937,0.0008348016917917297,-0.10582241939289785,281.50961648378495,0.0,0.0,-0.6155380339331645,353.1504366250829,-0.9951655189858082,0.0982119637402035,0.0,-4610.852678708822
0.0011554037413019512,-0.008421106945917826,0.05102895644862801,281.2622191248492,0.0,0.0,-0.5961617411815393,909.8285527516183,0.1359298519178766,-0.9907184642256266,0.0,-5080.560848789895
-0.008107883477710848,0.00255190625060237,-0.0390018721847476,281.4575271126343,0.0,0.0,-0.6385865409687683,587.7825243881773,-0.9538686444365704,0.3002242647767494,0.0,-4664.195311103111
0.008273063798293932,0.001951003687684469,0.08919187443414042,281.50224241390646,0.0,0.0,-0.6208293847069258,1047.6978220891062,0.9733016233286977,0.22952984560993753,0.0,-4682.110465298526
-0.005327360203039015,0.006623385332824605,-0.133259644871781,281.7446483873832,0.0,0.0,-0.5906342087502626,255.7249519778114,-0.6267482591810606,0.7792218038617182,0.0,-4866.409524981417
-0.004357273128622627,-0.007298230667948443,-0.07984852993617414,281.8777574045894,0.0,0.0,-0.6494538559849681,445.7348695881719,-0.5126203680732503,-0.8586153726998168,0.0,-4937.954181299696
0.008498663537876972,-0.00015072514707399612,0.1629764336416374,281.3352460976012,0.0,0.0,-0.6436677665112124,1308.4360335497208,0.9998427691619967,-0.017732370243999544,0.0,-4678.863736895529
-0.005740051263606424,0.006269115686535884,-0.15986252794151304,281.73239054372937,0.0,0.0,-0.5902839706560904,160.80089358935035,-0.6753001486595793,0.7375430219453981,0.0,-4831.456725536061
-0.00445866102159048,-0.007236735582743766,0.07292024363055952,281.46520161771844,0.0,0.0,-0.6039297555646586,989.4460698620483,-0.5245483554812329,-0.8513806567933841,0.0,-4973.497537818572
0.008498152358935427,0.00017721874709032207,0.1436966892239663,281.3703962390599,0.0,0.0,-0.6382076972068833,1236.0429661127587,0.9997826304629912,0.0208492643635673,0.0,-4673.744034682381
0.002608102181644866,0.008089981644608306,0.07524078628590511,281.3760039798722,0.0,0.0,-0.6423630415254813,993.8618670729105,0.3068355507817489,0.9517625464245064,0.0,-5053.761408119813
0.008398612208408492,0.0013089358169031226,0.1383901222197367,281.37333025195124,0.0,0.0,-0.6394322880977611,1221.8105390987228,0.9880720245186461,0.15399244904742618,0.0,-4682.563073900899
0.0010559310128828057,-0.00843415731985314,0.17327455908457132,281.0102183310414,0.0,0.0,-0.6093857849335688,1342.1725614048585,0.12422717798621243,-0.9922538023356635,0.0,-5114.698043969579
0.004347121547455721,0.007304281912114715,0.05057395155815722,281.5307813917707,0.0,0.0,-0.6270784500947489,908.6350386060086,0.5114260644065554,0.8593272837782017,0.0,-4973.483708633823
0.00147135312510593,0.008371685611705747,0.07135093293605674,281.31231768376773,0.0,0.0,-0.6438583235433263,983.52180858016,0.17310036765952116,0.9849041896124408,0.0,-5080.958888821848
-0.008356404114226428,0.001555798920085639,0.1396362301307544,281.3651098513958,0.0,0.0,-0.6087322812761372,1223.8992556668004,-0.9831063663795797,0.1830351670688987,0.0,-4687.204202664501
0.007672507509493138,-0.0036582275102529393,0.16678970694620596,281.23569059642386,0.0,0.0,-0.6354322157420751,1318.0188765338091,0.9026479422933102,-0.4303797070885811,0.0,-4761.248202561585
-0.004509711313056213,0.007205033231907596,-0.10105243521067261,281.64301537304334,0.0,0.0,-0.5949297886130737,369.84672846821735,-0.5305542721242603,0.8476509684597171,0.0,-4924.033723346545
0.008437984224294075,-0.0010249010833072265,0.12524522887684678,281.39147015728264,0.0,0.0,-0.6267720179002336,1172.7324731990288,0.9927040263875382,-0.12057659803614428,0.0,-4674.999413516501
-0.007905543905632147,-0.003122879369447759,0.022429014286045573,281.58050149265426,0.0,0.0,-0.6425555474750465,810.0840506898883,-0.9300639888978995,-0.36739757287620695,0.0,-4700.409170102552
-0.008454867266462253,0.0008747682587434933,0.0756300199117669,281.4968929212699,0.0,0.0,-0.6347727727269844,996.0370529829997,-0.994690266642618,0.10291391279335214,0.0,-4659.9511412683705
0.008078904665521974,0.0026422148673806416,-0.06987447336845165,281.6861567835292,0.0,0.0,-0.598146289824334,482.1266832017215,0.9504593724143497,0.31084880792713426,0.0,-4658.769061883356
0.0032336195477201796,0.007860897189290924,0.11716440379940893,281.25934487638045,0.0,0.0,-0.6495899495823074,1145.016281165261,0.3804258291435505,0.9248114340342263,0.0,-5042.7558751878605
-0.008298449436449511,-0.001840037214485291,0.0348399655607288,281.5809756275834,0.0,0.0,-0.6419072780246007,851.2536116518046,-0.9762881689940601,-0.21647496641003422,0.0,-4664.966328709545
0.0014335643613281944,0.008378239267407543,0.06678512201993184,281.3384321949856,0.0,0.0,-0.642617565001153,964.0541774958795,0.16865463074449344,0.9856752079302992,0.0,-5080.402430398836
-0.008468738299513534,0.0007283348229713044,0.10320612689659872,281.3601232092941,0.0,0.0,-0.6222470047709604,1093.8255426909711,-0.996322152883945,0.08568644976132991,0.0,-4665.920002455564
0.00791929759737198,-0.003087835093436565,0.18699018764115685,281.3534848334465,0.0,0.0,-0.6439227990119113,1390.3828160204348,0.9316820702790564,-0.36327471687489,0.0,-4743.234247888271
0.00732494022050039,-0.004312221094296501,-0.08394500163236107,281.5086169030714,0.0,0.0,-0.6273558183019895,431.9265520277074,0.8617576730000458,-0.5073201287407648,0.0,-4725.722604024997
0.005331435561905013,0.006620105350313889,-0.14757995857894737,281.9829052535777,0.0,0.0,-0.613982170997379,201.70403899379477,0.6272277131652956,0.7788359235663399,0.0,-4862.302951135095
0.00833425522950396,0.001670386113892809,-0.03910114012710414,281.57046694818945,0.0,0.0,-0.592384733672753,587.8707218006365,0.9805006152357598,0.196516013399154,0.0,-4641.501609359611
-0.0045901084596821455,-0.007154083052939378,-0.19936309522915147,282.0189611478259,0.0,0.0,-0.6060385015882155,20.71244150565318,-0.5400127599626053,-0.8416568297575738,0.0,-4893.202276698504
-0.008391471706534717,0.001353958122848465,-0.06207402600959819,281.54765290772417,0.0,0.0,-0.6333063737530051,508.90995560602727,-0.9872319654746725,0.1592891909233488,0.0,-4629.510133413622
0.006963101282216701,-0.004874958516089358,0.16968618203540406,281.2240883800755,0.0,0.0,-0.6322003656191615,1329.7403542710504,0.8191883861431412,-0.5735245313046303,0.0,-4825.254931757495
-0.008499771579946495,6.231443439428253e-05,0.07837949265465752,281.4808727418663,0.0,0.0,-0.6310432631272107,1008.4555982864106,-0.9999731270525287,0.007331109928739122,0.0,-4656.052292246788
0.008499167922166925,0.00011893120199831371,-0.1087650683745033,281.61751543569227,0.0,0.0,-0.6224578068367543,344.1174744606282,0.9999021084902264,0.01399190611744867,0.0,-4605.905268309276
-0.00792106793448193,0.0030832909005350413,0.047525230985838635,281.3188034167913,0.0,0.0,-0.6481073288037099,900.6656787264727,-0.9318903452331682,0.36274010594529893,0.0,-4705.646040890839
-0.006104825944931717,-0.005914482241252278,0.124310990638518,281.36306456273235,0.0,0.0,-0.5932120870515304,1168.0541366503442,-0.7182148170507903,-0.6958214401473268,0.0,-4881.385418885928
-0.0029471806415165176,-0.00797271134973983,0.1234480688778459,281.18390113034957,0.0,0.0,-0.5900163866853734,1168.275568571356,-0.3467271342960609,-0.9379660411458622,0.0,-5055.2235431122235
-0.00791430999787902,-0.0031005962745046596,0.1088339376622042,281.50758016592994,0.0,0.0,-0.6064011401250896,1113.9741550689903,-0.9310952938681201,-0.3647760322946658,0.0,-4722.746432773005
0.00849866718690471,0.0001505192553435813,0.15659505093973244,281.3544287515488,0.0,0.0,-0.6424730941798792,1283.8340722537714,0.9998431984593776,0.01770814768748015,0.0,-4677.151280887274
-0.007344088787150413,-0.004279527998091796,-0.029242436206169176,281.62770835542386,0.0,0.0,-0.6499052961615772,625.0219195318118,-0.8640104455471074,-0.5034738821284466,0.0,-4738.6882863285455
-0.008038255233948858,0.002763413250654669,-0.1835139781964969,281.79988476417645,0.0,0.0,-0.5900000516401274,74.8127851855711,-0.9456770863469244,0.32510744125349045,0.0,-4632.270275712778
-0.0058827972898723825,0.006135364377628289,0.1490706628508318,281.21698568386915,0.0,0.0,-0.622777689671633,1258.9481417743632,-0.6920937988085155,0.7218075738386222,0.0,-4904.237284488281
-0.0013290731073005275,0.00839544904549188,-0.14204490379072962,281.90938276470104,0.0,0.0,-0.5929737287007949,225.77653650366645,-0.15636154203535615,0.9876998877049271,0.0,-5026.132861661725
-0.008093978856166705,0.0025956706794056767,0.028221732106729375,281.4230915265512,0.0,0.0,-0.6497764196240092,828.6271492492035,-0.9522328066078476,0.3053730211065502,0.0,-4683.602864312444
-0.008452509244350486,0.0008972666683709952,0.19766268273428036,281.2991609454659,0.0,0.0,-0.5907113463668833,1431.3687265178182,-0.9944128522765276,0.10556078451423473,0.0,-4692.934406325289
-0.00486967634148749,-0.006966796417949718,0.040105274286683146,281.5740132430339,0.0,0.0,-0.6198630949069219,870.681986386282,-0.5729030989985282,-0.8196231079940844,0.0,-4941.344048867359
-0.002959582171416587,-0.007968116049018934,-0.06477718344958566,281.7138984891917,0.0,0.0,-0.6492607246322117,498.76747333703105,-0.3481861378137161,-0.9374254175316391,0.0,-5004.27797757099
0.007352541106871078,-0.004264989949785467,-0.055725753711201254,281.3815745013218,0.0,0.0,-0.6142997207674381,530.1168891391419,0.8650048361024797,-0.5017635235041725,0.0,-4730.826506777204
-0.005634608325887402,0.006364054447743229,-0.10309194471972755,281.74164221415185,0.0,0.0,-0.5973591552379152,357.85459557928607,-0.6628950971632237,0.7487122879697916,0.0,-4853.992025232063
-0.00849973872716792,-6.664510396025266e-05,-0.0866724796778027,281.6525298307298,0.0,0.0,-0.6274335978444977,420.3182299613516,-0.9999692620197552,-0.007840600465912078,0.0,-4611.773456898214
0.0035780509663319113,0.007710223815320233,-0.021050013522076166,281.70789825083943,0.0,0.0,-0.5993959970653258,655.305800055849,0.4209471725096366,0.9070851547435568,0.0,-4991.385965697218
0.007638705905878311,-0.0037282934545847953,-0.1873067228252821,281.8461907933394,0.0,0.0,-0.6494995080520394,62.11022443610958,0.898671283044507,-0.43862275936291706,0.0,-4669.398543816675
0.008342799511892558,-0.001627174331276557,0.20444493982613984,281.2831334266135,0.0,0.0,-0.6493952591903427,1453.4453218376434,0.9815058249285361,-0.19143227426783024,0.0,-4705.975460294565
-0.008393478649158207,-0.0013414604601423529,0.14426948089430966,281.4411120065127,0.0,0.0,-0.5985087640901204,1242.6229611715028,-0.9874680763715536,-0.1578188776638062,0.0,-4684.665437278303
-0.006973679779202258,-0.004859813817127724,-0.12504153280351216,281.8460727838833,0.0,0.0,-0.6278046608133709,285.72085509622093,-0.8204329152002656,-0.5717428020150264,0.0,-4745.2837976155
0.0037018208527666006,-0.0076515699287154374,0.00010366880200968209,281.40936101549556,0.0,0.0,-0.6068918625179505,727.7958715833838,0.43550833561960006,-0.9001846974959338,0.0,-4991.574109007599
-0.000493673651205581,-0.00848565179147161,-0.1777590017312869,282.0330831123721,0.0,0.0,-0.630550032218178,96.50860144653836,-0.058079253083009534,-0.9983119754672483,0.0,-5025.824352670099
0.005504464483293778,-0.0064769491855469555,0.07506091416835695,281.1989829566188,0.0,0.0,-0.5912009731174614,994.6568680382014,0.6475840568580915,-0.7619940218290535,0.0,-4910.617645338583
0.0054016782096387396,-0.0065629164644625815,-0.19551423226393183,281.8332988905792,0.0,0.0,-0.6422190086608021,35.70782564534147,0.6354915540751458,-0.7721078193485389,0.0,-4844.851175343159
-0.0003638417146866046,-0.008492209324236768,-0.12178706800368364,281.86904845942985,0.0,0.0,-0.6482987180603819,295.7093133555024,-0.04280490761018877,-0.999083449910208,0.0,-5041.519226328673
0.005031696818602916,0.006850695375336821,-0.03751582071638329,281.81851777554107,0.0,0.0,-0.591948309978048,595.9339242293792,0.591964331600343,0.8059641618043318,0.0,-4910.7492010575015
0.008317185555162195,0.001753403673145841,-0.017822488610420684,281.52956672900234,0.0,0.0,-0.5900640410845694,666.838137250227,0.9784924182543759,0.2062827850759813,0.0,-4648.941495178507
-0.0024422458863857075,0.008141586763674026,0.09652644309897226,281.14647029412487,0.0,0.0,-0.649402670375722,1073.0646700561433,-0.28732304545714205,0.9578337369028265,0.0,-5064.57334411407
0.008163544440812617,-0.002367813793962144,0.01771507963894703,281.45354923361896,0.0,0.0,-0.5900017561421959,790.0912473460093,0.9604169930367785,-0.2785663287014287,0.0,-4673.89647401852
-0.005846591440151224,0.006169875892751041,-0.20434809234358697,281.9923591180682,0.0,0.0,-0.5991484538825677,0.4110902766065443,-0.6878342870766145,0.7258677520883576,0.0,-4812.003859203754
0.0034191658837707953,-0.007781985907161351,-0.09539107627817786,281.7511421977594,0.0,0.0,-0.6459909152229484,392.349159461813,0.40225480985538764,-0.9155277537836883,0.0,-4978.211342115261
0.0020305486759838384,-0.00825390041583131,0.08095198013815255,281.1836263784016,0.0,0.0,-0.5901187349625859,1014.7559063972485,0.23888807952751037,-0.97104710774486,0.0,-5071.609117541754
-0.006904515248776611,0.004957587031955291,0.1650209947671901,281.18294937720054,0.0,0.0,-0.6101254259876212,1318.7584292659049,-0.8122959116207777,0.5832455331712106,0.0,-4828.951080289578
0.007238950076699744,0.004455064734327526,0.13930574661737313,281.3066054221447,0.0,0.0,-0.6469469553950513,1222.817885325391,0.8516411854940874,0.5241252628620618,0.0,-4793.245920621999
0.006445271601272601,0.005541522713643691,0.1060435858766137,281.38159787620884,0.0,0.0,-0.6407642052047,1106.555697272713,0.7582672472085412,0.6519438486639636,0.0,-4850.464262158762
-0.002171505349439361,0.008217941622897807,-0.19308183663684098,282.0678368244905,0.0,0.0,-0.607195248651311,42.24099774525348,-0.25547121758110125,0.9668166615173891,0.0,-4994.480717098819
0.008264897004124982,0.001985315468938352,0.16260837907253325,281.3501886699114,0.0,0.0,-0.6474667680603399,1305.1878001614402,0.9723408240147037,0.23356652575745318,0.0,-4702.630099947692
-0.0083734513061266,0.0014612710987105487,0.09762186263325515,281.381423270631,0.0,0.0,-0.627350276633051,1078.5490028633046,-0.9851119183678353,0.17191424690712337,0.0,-4674.195215085634
0.007706904021421772,0.0035851960064399455,0.18902192513909008,281.26074801301604,0.0,0.0,-0.6494569798272682,1402.3241032324866,0.9066945907555025,0.421787765463523,0.0,-4763.991363829234
0.007957436823747251,-0.002988176567084228,-0.051884384788439875,281.5035307843102,0.0,0.0,-0.6078645114862066,546.6160660254313,0.9361690380879117,-0.35155018436285035,0.0,-4675.458313338345
0.004904831176869504,0.006942091264626886,0.07793655544873465,281.43277425821134,0.0,0.0,-0.6364223180349592,1008.2028619856131,0.5770389619846475,0.8167166193678689,0.0,-4949.401263554156
-0.008499970561990254,2.2370634749316616e-05,-0.08714344705456847,281.59121734846497,0.0,0.0,-0.6269183109419249,418.10581985429224,-0.9999965367047358,0.002631839382272543,0.0,-4611.6230984847925
0.004514706192900918,0.00720190446977618,0.20144783032921607,281.0644084022873,0.0,0.0,-0.637293662395522,1443.5396235663156,0.5311419050471667,0.8472828787971975,0.0,-5004.917820618076
-0.007042169784558253,0.004760025706385922,0.017543701201616135,281.28654663348306,0.0,0.0,-0.6484243928410213,789.9107065407859,-0.8284905628892061,0.5600030242806967,0.0,-4777.6923370334
-0.006687017383797156,0.005247265812668026,0.13334202472138015,281.16002608155605,0.0,0.0,-0.6257449715371,1204.021205526231,-0.7867079275055477,0.6173253897256501,0.0,-4838.454569751362
0.0038350143200827237,0.007585688180037488,-0.19127959342063997,282.0512786624849,0.0,0.0,-0.6276492541894068,49.61622068311656,0.4511781553038498,0.892433903533822,0.0,-4934.113924449734
-0.008307345621583424,0.0017994467826414704,0.11502998855127702,281.34922371370675,0.0,0.0,-0.6206387589135721,1137.5081353637224,-0.9773347790098145,0.2116996214872318,0.0,-4685.581065330112
0.00833941235636198,0.0016444456666479235,0.014094979790747225,281.5896218434549,0.0,0.0,-0.5924946950129308,779.8949196281227,0.9811073360425858,0.19346419607622628,0.0,-4655.250073815763
0.0008700101817016948,0.00845535819961138,0.10771605523412561,281.2215924122198,0.0,0.0,-0.6499923399564925,1114.9559103705212,0.1023541390237288,0.9947480234836916,0.0,-5099.289826751931
-0.005959483486937709,0.006060903939918268,-0.10968177263398224,281.65292895845295,0.0,0.0,-0.59642773852675,335.6473814837126,-0.7011157043456128,0.7130475223433256,0.0,-4829.285361364638
0.008487735733482073,0.0004564450882324407,-0.1580162506519625,281.7037918915022,0.0,0.0,-0.6414589834111067,166.55189114732747,0.9985571451155381,0.05369942214499302,0.0,-4593.874192459577
0.008439454254840089,0.0010127249777020036,0.17412654018017157,281.26949150281627,0.0,0.0,-0.6481428948297415,1348.0887618031365,0.9928769711576575,0.11914411502376511,0.0,-4687.962817497415
0.00035311066419480925,-0.008492662295112877,0.13340848428730265,281.07898323873775,0.0,0.0,-0.5938944997577545,1200.7802619373717,0.04154243108174226,-0.9991367406015148,0.0,-5110.033179799362
-0.00849403505040104,0.00031838430011325365,0.2017456012792275,281.2349425186758,0.0,0.0,-0.5901143485036822,1447.1304898964781,-0.9992982412236517,0.03745697648391219,0.0,-4689.744199674309
-0.007601780336619657,0.003803016659677254,-0.12106840715526583,281.58497961887684,0.0,0.0,-0.599585340705473,300.11423492596424,-0.894327098425842,0.4474137246679122,0.0,-4690.597010275971
0.008488971044282548,0.00043286326863394795,0.14016839842505832,281.3537911816306,0.0,0.0,-0.6376309085542571,1228.8673702541219,0.9987024757979468,0.05092509042752329,0.0,-4673.747236202438
-0.008343095655338462,-0.001625655217403888,-0.06784087727777163,281.6684424413561,0.0,0.0,-0.6398622629394332,487.95842687327445,-0.9815406653339367,-0.1912535549886927,0.0,-4632.893074833195
-0.008274441801477872,0.0019451511185395451,-0.0791986685278431,281.572171510895,0.0,0.0,-0.6237760176291227,445.986096906942,-0.9734637413503378,0.22884130806347588,0.0,-4636.793648217961
-0.00024269324893465418,-0.008496534586931401,0.11831801305393422,281.1857877328774,0.0,0.0,-0.5906833831549096,1147.7614545537026,-0.028552146933488724,-0.9995923043448707,0.0,-5106.385158119227
-0.0007192703694793011,0.008469512981015444,0.11059409333105727,281.1979478227628,0.0,0.0,-0.6493486467758058,1120.890896691349,-0.08462004346815306,0.9964132918841698,0.0,-5101.520943242766
0.005114428456668003,-0.006789154701553394,0.027440136520789,281.22134452296297,0.0,0.0,-0.5937397734280188,823.0725056980639,0.6016974654903532,-0.7987240825356934,0.0,-4923.064458256934
0.0032376516617252157,-0.007859237349598749,-0.046260333911884916,281.6196697431297,0.0,0.0,-0.6293846579644453,567.2123292233958,0.38090019549708415,-0.9246161587763233,0.0,-4998.7513089726135
-0.006415978885626279,0.005575411638542735,-0.029220738280558656,281.431499059272,0.0,0.0,-0.6318916081450777,623.1027969555195,-0.7548210453677975,0.6559307810050276,0.0,-4816.468173096347
-0.008133230525989993,-0.0024699314182998174,-0.0647026683235434,281.6541725303126,0.0,0.0,-0.643008435470758,495.3777661960787,-0.9568506501164697,-0.290580166858802,0.0,-4654.792954206495
-0.005243891785383225,0.006689663589687477,-0.041624764562203154,281.38815702287894,0.0,0.0,-0.6208081318281796,582.3921954323988,-0.6169284453392029,0.7870192458455855,0.0,-4896.368069305205
-0.007445070871306456,-0.004101331457127569,0.18897861332038648,281.31372701873795,0.0,0.0,-0.5909928757536004,1401.8880771887757,-0.8758906907419359,-0.48250958319147863,0.0,-4788.140398247028
0.005697996387080107,-0.006307363726060362,0.0830409537261648,281.18005872072234,0.0,0.0,-0.5928126002517232,1027.015745557552,0.6703525161270714,-0.742042791301219,0.0,-4899.555382081721
0.0036785424316866364,-0.0076627883683605,-0.157375927705081,281.8825439368406,0.0,0.0,-0.6477083080339026,169.53456627029595,0.43276969784548663,-0.9015045139247647,0.0,-4950.369761123664
0.004659730820096693,0.007108931613417097,0.056545683269939445,281.55682684692056,0.0,0.0,-0.628473260928603,934.2700655933343,0.5482036258937285,0.836344895696129,0.0,-4957.938818277489
0.0033727574642521386,0.007802211679218367,-0.09620176168307078,281.9019051611038,0.0,0.0,-0.5914437807099133,386.5387845519679,0.3967949957943692,0.9179072563786314,0.0,-4979.913413033281
-0.002481520660305475,0.008129702037127628,0.11103535238120796,281.1498445287058,0.0,0.0,-0.6473056067634012,1124.5002509069034,-0.29194360709476175,0.9564355337797208,0.0,-5067.28830191174
0.0036527083916027742,-0.007675136572460108,-0.16680823784906992,281.88732325556776,0.0,0.0,-0.6457108872429111,137.57160119825926,0.42973039901209104,-0.9029572438188361,0.0,-4948.992555365737
0.0013684418656420903,0.008389121936195587,0.10180292041238412,281.2608631636573,0.0,0.0,-0.6495553822698793,1094.0822663187773,0.1609931606637753,0.9869555219053632,0.0,-5090.908707623799
-0.007780273650643436,0.0034230603151425005,0.16615405691862187,281.2731811308855,0.0,0.0,-0.6040387627716208,1319.6904978098444,-0.9153263118404041,0.4027129782520589,0.0,-4750.936124565037
-0.00015152511117719656,-0.008498649312725096,0.04196250689164299,281.3745492439981,0.0,0.0,-0.6024412100824945,876.9284080882343,-0.017826483667905475,-0.9998410956147171,0.0,-5086.1184088075115
-0.003095352650008288,-0.007916362294140325,-0.004275595348762068,281.63761493164856,0.0,0.0,-0.6327307358407085,710.4770975035163,-0.3641591352950927,-0.931336740487097,0.0,-5015.503663692469
-0.0031536610969019343,-0.007893314999788575,-0.10231692042036164,281.87033059250456,0.0,0.0,-0.6478898777873031,366.28725578410365,-0.37101895257669815,-0.9286252940927734,0.0,-4986.980891116322
0.00656421544234005,-0.005400099594131985,0.08618280512082818,281.192952445564,0.0,0.0,-0.5958004821813085,1035.2577012270974,0.7722606402753,-0.6353058346037629,0.0,-4835.712157539924
0.007920572473543584,0.003084563452312775,-0.062415488824298204,281.76143847801103,0.0,0.0,-0.5949909613479701,506.7300277219666,0.9318320557110097,0.36288981791915,0.0,-4676.197549824873
0.0003308361146093863,0.00849355917535577,0.0037106619412501374,281.5574912021091,0.0,0.0,-0.6205379785318296,741.5457233569279,0.038921895836398386,0.9992422559242081,0.0,-5075.328981298433
0.00804823764157729,-0.002734203881333365,-0.015140154561537139,281.5445341502984,0.0,0.0,-0.5945746094810711,676.9378698565389,0.946851487244387,-0.3216710448627488,0.0,-4676.4658021981195
-0.008474820177141603,0.0006537759288269847,0.14815782807899266,281.33395619355247,0.0,0.0,-0.6025028858724502,1254.96419182914,-0.997037667899012,0.07691481515611584,0.0,-4677.352652259745
0.007889937973545992,0.0031621003737384735,0.026785251546825845,281.57649706748754,0.0,0.0,-0.5989199427466398,824.6887644316558,0.9282279968877636,0.3720118086751145,0.0,-4703.0791127496095
0.007461925102917301,0.004070586414566411,-0.18230713993474024,281.8417543289984,0.0,0.0,-0.6398634858459182,79.98516305534746,0.8778735415196824,0.47889251936075417,0.0,-4686.997068154056
0.007737693613403294,0.003518252058209855,0.1641059376962711,281.3374272253829,0.0,0.0,-0.6494023086786356,1310.5898880054458,0.9103168956945051,0.41391200684821816,0.0,-4754.410608050528
-1.4171561774285499e-05,0.008499988186276314,0.17492164286970222,280.9687205614381,0.0,0.0,-0.6332990536614647,1348.3616387136371,-0.0016672425616806469,0.9999986101501545,0.0,-5121.928973800466
-0.00849999205787826,-1.161963882876548e-05,0.1436362982038548,281.4617072516323,0.0,0.0,-0.6022826747068911,1239.7184319851917,-0.9999990656327364,-0.0013670163327959386,0.0,-4673.537390053598
0.007430072948825044,0.004128439896030741,0.019864891554926933,281.6363835489094,0.0,0.0,-0.599349594630232,797.4196875177176,0.8741262292735346,0.48569881129773423,0.0,-4744.127072581576
0.006718770197683565,-0.005206546555128376,0.16525442585957453,281.20812588371683,0.0,0.0,-0.6289354569162177,1316.0398347594303,0.7904435526686546,-0.6125348888386324,0.0,-4844.424108899002
0.007151113474132076,0.004594733515677124,0.11959661752678438,281.46563528311674,0.0,0.0,-0.6422006356722336,1151.564180182791,0.8413074675449501,0.5405568841973087,0.0,-4795.6556652086
0.007466563104578745,-0.004062072796657319,-0.0872927937283054,281.6135055269337,0.0,0.0,-0.6278631872947708,415.28701619638537,0.87841918877397,-0.4778909172538022,0.0,-4712.067062839675
-0.0023250998375405653,0.00817581254343988,0.15712461457592206,280.9777164851477,0.0,0.0,-0.6332272394366812,1286.9330758978322,-0.27354115735771356,0.9618602992282209,0.0,-5084.232487900235
-0.0050316561878959035,-0.00685072521758163,0.18186626722124352,281.1704196421578,0.0,0.0,-0.5949520471478285,1376.3555349075493,-0.5919595515171651,-0.8059676726566622,0.0,-4969.610300088418
-0.007877203969926657,0.0031936902818169026,-0.08014004171654716,281.5251075397699,0.0,0.0,-0.6187247943929184,442.65229437816856,-0.9267298788149008,0.37572826844904733,0.0,-4675.614575151156
0.00849902654128399,-0.000128638448957959,-0.09172552088875958,281.5715149568378,0.0,0.0,-0.6155173698106237,404.0765069994531,0.9998854754451753,-0.015133935171524587,0.0,-4610.491489745155
0.0013508911649317717,-0.008391965983040522,0.11270335987252514,281.1954451976462,0.0,0.0,-0.5914851378467879,1131.5572897247816,0.1589283723449143,-0.9872901156518261,0.0,-5094.123866679138
-0.008426097682319165,-0.0011184265054153476,-0.1801920584095086,281.7340376588624,0.0,0.0,-0.5938490663439892,85.64029655094232,-0.9913056096846077,-0.13157958887239382,0.0,-4594.27359201865
-0.008478177357337215,-0.0006086942562030171,-0.04050550794594554,281.5098094939772,0.0,0.0,-0.6455903376029337,583.7264298693888,-0.9974326302749665,-0.07161108896506084,0.0,-4626.389053747484
0.007192344634854046,0.004529920380479797,-0.06333030246967439,281.80606667643536,0.0,0.0,-0.5924680546943231,500.9273979325853,0.84615819233577,0.5329318094682114,0.0,-4742.976121198791
-0.0004020148125745376,-0.008490487859391277,-0.19579203611263127,282.0907918873084,0.0,0.0,-0.6228097882190399,30.271400163302996,-0.04729586030288677,-0.9988809246342678,0.0,-5021.486194038847
-0.004987443386948165,0.006882979620919056,-0.02844003041714971,281.3921160028897,0.0,0.0,-0.6257014223890535,623.8500843977306,-0.5867580455233135,0.8097623083434182,0.0,-4915.884346182873
-0.008265800703278441,0.001981549578910817,0.10385064925336654,281.4054965822914,0.0,0.0,-0.6263884038923545,1097.212066184896,-0.9724471415621695,0.23312347987186077,0.0,-4686.774854333607
-0.002700086379714604,-0.00805974773439465,0.023100314409269046,281.5576077264437,0.0,0.0,-0.6190776165322165,807.9534152029131,-0.3176572211428946,-0.9482056158111352,0.0,-5036.798956865857
-0.0016601892083535972,0.00833629244883277,-0.07837727815302811,281.725198326577,0.0,0.0,-0.5946825515046322,454.8272911887519,-0.19531637745336436,0.9807402880979729,0.0,-5037.186615351159
-0.006289333395137533,0.00571789169579206,0.20105606692913483,281.1119912675478,0.0,0.0,-0.5990618723089293,1443.0947259406264,-0.7399215758985332,0.6726931406814188,0.0,-4888.04893868386
0.0012100959512933423,0.008413421883435033,-0.13925378998190602,281.99212755317427,0.0,0.0,-0.5971729666855881,233.28010317527844,0.1423642295639226,0.9898143392276507,0.0,-5028.7214945799205
0.008300933806422451,0.0018287968562398828,0.2006373876140262,281.2940682973199,0.0,0.0,-0.6496631694984396,1440.7002639976204,0.976580447814406,0.21515257132233914,0.0,-4709.197419754907
-0.00837439286516763,0.0014558654264146447,0.14594342453720868,281.36285224319647,0.0,0.0,-0.6057850549977565,1246.8554140962538,-0.9852226900197212,0.1712782854605464,0.0,-4687.063503395551
-0.004156973427516804,0.0074141467427424985,0.1501597068300133,281.1048720981533,0.0,0.0,-0.6297046014988876,1258.975471798495,-0.48905569735491805,0.8722525579697057,0.0,-5010.049541562196
-0.0018020130701709746,-0.008306789325300901,0.038550006044940854,281.4664878902372,0.0,0.0,-0.6089518273279828,863.6491797083469,-0.21200153766717347,-0.9772693323883411,0.0,-5065.567037680415
-0.008295884345264426,0.0018515676952238647,-0.11384262424717795,281.570681005592,0.0,0.0,-0.6084996300677635,322.9751797784682,-0.9759863935605207,0.21783149355574877,0.0,-4625.335103126574
-0.0026578273345523405,-0.008073781880860196,-0.1721236404611782,282.03337429012913,0.0,0.0,-0.6255421604238477,115.93904981875912,-0.31268556877086356,-0.9498566918659054,0.0,-4985.800690141812
-0.007360828743372851,-0.004250670560127668,-0.020944874698157534,281.66876876443195,0.0,0.0,-0.6493857196241868,658.7068100095405,-0.8659798521615119,-0.5000788894267845,0.0,-4739.415357459809
0.002752865395116995,-0.008041873669510568,-0.012767146561790621,281.42686644640804,0.0,0.0,-0.6159872948921842,681.931114555364,0.3238665170725876,-0.946102784648302,0.0,-5025.423278808097
0.006058476199647397,-0.005961951537735445,0.027455289359566787,281.3182394453897,0.0,0.0,-0.5918875383409522,825.6495500372001,0.7127619058408702,-0.7014060632629935,0.0,-4858.83305809893
0.007971983524150725,0.002949148807820554,-0.15392852931107234,281.75324687346995,0.0,0.0,-0.6326098652742573,183.15111681235456,0.9378804146059676,0.34695868327300633,0.0,-4646.669446167508
0.00019437855494777408,0.008497777178614207,0.17875971850213104,281.12269793284713,0.0,0.0,-0.6323695751434563,1364.3564504414514,0.02286806528797342,0.9997384916016713,0.0,-5122.7298271757745
-0.0024381729751570447,0.008142807411649489,-0.09852265301996356,281.7791710807756,0.0,0.0,-0.5918382373413351,377.7965478351986,-0.28684387943024053,0.9579773425469986,0.0,-5012.364152178905
0.004630729494160089,0.007127856925606452,0.19239426222740816,281.07129843314635,0.0,0.0,-0.6408694423970188,1410.741639322016,0.5447917051953045,0.8385714030125236,0.0,-4996.0268518908915
-0.0035959453449201564,-0.007701894382315761,0.18147268828882726,281.1251380661114,0.0,0.0,-0.5985344934622863,1374.4461961814516,-0.4230523935200184,-0.9061052214489129,0.0,-5044.939530247227
0.00013029385945193442,0.008499001324284468,-0.05201501564323774,281.6860465714709,0.0,0.0,-0.5982207471990961,542.5723090422703,0.0153286893472864,0.999882508739349,0.0,-5060.941365665069
0.007982431243864233,0.0029207518615897727,-0.15471618488022568,281.71083074447625,0.0,0.0,-0.633033786628649,180.77880192048514,0.9391095581016744,0.343617866069385,0.0,-4645.4430043343955
-0.006807524325701943,0.005089952117159484,-0.15364531550858523,281.7593893402825,0.0,0.0,-0.590314728074597,182.61595465166155,-0.8008852147884639,0.5988178961364099,0.0,-4751.554550085686
-0.002629858809637439,0.008082935273857658,-0.08180798029273362,281.755681216853,0.0,0.0,-0.5957885271516269,444.37270930557537,-0.3093951540749928,0.9509335616303126,0.0,-5010.9323584817985
0.007717961732779622,0.0035613293432859277,0.12069520186716434,281.40562341581204,0.0,0.0,-0.6395813952219267,1157.3312174498606,0.9079954979740732,0.4189799227395209,0.0,-4744.621076815216
0.008461226980462496,0.0008109488178014185,-0.10464060372252819,281.6691536070086,0.0,0.0,-0.6181188351808813,357.3401982558168,0.9954384682897054,0.09540574327075511,0.0,-4610.93068425778
0.0076468749991143075,0.003711509497215461,0.16360686993247384,281.2349999740307,0.0,0.0,-0.6495019347040307,1310.032627009901,0.8996323528369773,0.4366481761429954,0.0,-4762.785643160207
-0.007597043070721756,-0.003812471190920472,0.06362262754095446,281.5099274449687,0.0,0.0,-0.6239090761194371,953.9369512069409,-0.8937697730260888,-0.44852602246123197,0.0,-4740.58674628077
0.004622597496750141,-0.007133133419685864,0.07090120502181027,281.21110734071146,0.0,0.0,-0.5901234587447411,978.40992889915,0.5438349996176636,-0.8391921670218663,0.0,-4963.889411522023
-0.005600599509045251,0.0063940038426077055,0.08252914971356287,281.15782149295035,0.0,0.0,-0.6474740429985398,1024.2041997339106,-0.6588940598876765,0.7522357461891418,0.0,-4906.119758848005
0.0072517387284211175,0.004434217565108561,0.04892153278646186,281.6379420996941,0.0,0.0,-0.61193240996704,905.4306453188561,0.8531457327554255,0.5216726547186542,0.0,-4767.867927103905
0.004977082522466689,-0.006890475278567992,-0.040028161810685386,281.4912370521841,0.0,0.0,-0.6196364183191353,587.6913348045059,0.5855391202901986,-0.8106441504197637,0.0,-4913.404070063485
0.005670217471495481,-0.006332348207888397,-0.02172890750691625,281.4360162315079,0.0,0.0,-0.6083922039155627,652.3054548509289,0.667084408411233,-0.7449821421045173,0.0,-4873.36958561194
0.008304930051611873,-0.0018105625749567505,0.12154431629956894,281.342444078177,0.0,0.0,-0.6223136765496807,1157.9344286019743,0.9770505943072791,-0.2130073617596177,0.0,-4687.573190626586
-0.00664678747274937,0.005298133283723811,-0.17472440036982032,281.860461546448,0.0,0.0,-0.5906528298612361,109.34469044006394,-0.7819749967940435,0.6233097980851542,0.0,-4759.0693677831405
0.0016497760943013403,0.008338359481257199,-0.011773188436766113,281.6142914108075,0.0,0.0,-0.6089907984186503,684.2950593761606,0.1940913052119224,0.9809834683831998,0.0,-5055.265908393795
-0.008308707248034123,0.0017931491478583833,0.03629175746188609,281.47838853312635,0.0,0.0,-0.6482463410775225,855.7974804779606,-0.9774949703569555,0.21095872327745685,0.0,-4664.318389465396
-0.00843392653030276,0.0010577727929263758,0.03748092462826044,281.47998428148213,0.0,0.0,-0.6470183443872253,859.6382970305784,-0.992226650623854,0.12444385799133832,0.0,-4651.869818295472
-0.008120788140793726,0.002510537785484216,-0.05978767167336055,281.5671685491323,0.0,0.0,-0.6304201190131216,513.8425363045636,-0.9553868400933795,0.29535738652755483,0.0,-4657.343238902416
0.005594997824349111,0.006398906105384633,-0.02612804445302619,281.7055421042394,0.0,0.0,-0.5930116423540416,639.1124548409582,0.6582350381587189,0.7528124829864273,0.0,-4877.349756051749
-0.007413805141418211,-0.0041575826299763315,-0.1562645208484321,281.89435993488667,0.0,0.0,-0.6107670304208614,173.35412700194544,-0.872212369578613,-0.4891273682325096,0.0,-4698.343428691086
-0.007835845700833557,-0.0032938612831642238,-0.12265295902807062,281.73681693315865,0.0,0.0,-0.6226692090765783,293.387268762142,-0.9218642000980655,-0.3875130921369675,0.0,-4668.166323047569
0.004568141508974926,-0.00716812968311681,0.05127057134618565,281.2626417355538,0.0,0.0,-0.5907080842976764,908.4313381909404,0.5374284128205795,-0.8433093744843305,0.0,-4961.670627622647
-0.0010621498484924333,0.008433376411577246,-0.005128658406267889,281.49477982062433,0.0,0.0,-0.6214002040453841,710.3064079003414,-0.12495880570499214,0.9921619307737936,0.0,-5066.753549102152
0.006908212408141019,-0.004952433878812163,0.19694060277018002,281.1882953472917,0.0,0.0,-0.6420428445171271,1429.065172155462,0.8127308715460021,-0.5826392798602544,0.0,-4837.2038760863115
-0.0068379612684375075,0.0050489885810277415,-0.15999146725767718,281.7034213301127,0.0,0.0,-0.590043290565436,156.7671220999738,-0.8044660315808831,0.593998656591499,0.0,-4747.32259777834
0.008441524273489017,0.0009953230330378823,-0.20303342654449036,281.768866178241,0.0,0.0,-0.6496742319743619,1.0887553390658544,0.9931205027634137,0.11709682741622143,0.0,-4586.5607507445675
-0.008079106189866344,0.0026415986017681286,0.15384881862525765,281.30496180895545,0.0,0.0,-0.6063892678517812,1271.3600865380865,-0.9504830811607463,0.31077630609036805,0.0,-4718.77255378205
0.0002492868093636107,0.008496343689298198,-0.11636769074544094,281.86735211902004,0.0,0.0,-0.5908731191912477,309.99147142513397,0.029327859925130668,0.999569845799788,0.0,-5043.40094576208
-0.005254178212744238,-0.0066815874841779765,-0.10283580910525066,281.90070876576317,0.0,0.0,-0.6434863292788311,361.87648246576543,-0.618138613264028,-0.7860691157856442,0.0,-4879.287952982691
0.00820315266534502,-0.002226720985898974,-0.04627460581759474,281.44379529682107,0.0,0.0,-0.6031453727818836,563.3182493171572,0.9650767841582376,-0.261967174811644,0.0,-4652.780654152485
-0.005167938747228441,0.0067485116214536485,0.20073630077715113,281.01673500266844,0.0,0.0,-0.603354329987928,1439.7285005189751,-0.6079927937915812,0.7939425437004292,0.0,-4966.207776283212
0.008088238097617939,-0.0026135042521950778,0.19687395685095452,281.22617900853396,0.0,0.0,-0.6471799424801712,1424.0930142590923,0.9515574232491693,-0.30747108849353855,0.0,-4729.4167689961005
0.008088690787318798,0.0026121028592197538,0.060314809851460954,281.5494944849404,0.0,0.0,-0.6101618495620063,944.0775708409041,0.9516106808610351,0.3073062187317357,0.0,-4692.734351466596
0.00826158328595795,0.001999060181480352,-0.001116826641097135,281.6396860876026,0.0,0.0,-0.590724990898509,723.1793496721108,0.9719509748185823,0.23518355076239436,0.0,-4659.037336705747
0.007886953373911498,0.00316953726555566,-0.16234701281381445,281.75609330965716,0.0,0.0,-0.635295949262951,149.36158275629913,0.9278768675189997,0.3728867371241953,0.0,-4652.623072605202
0.006995272718084765,0.004828680937856528,0.12010941005017126,281.44992099094935,0.0,0.0,-0.643007689978214,1153.8480036425287,0.8229732609511488,0.5680801103360621,0.0,-4809.219081041269
0.0060988152136336165,0.005920680112111375,0.19464661530330532,281.030544686549,0.0,0.0,-0.6445564885875982,1420.644423848327,0.7175076721921901,0.6965506014248676,0.0,-4900.702668394301
-0.007693933597884759,-0.003612946967689963,0.08630485169597132,281.48209064917535,0.0,0.0,-0.6143097276476551,1034.5416096553186,-0.9051686585746774,-0.42505258443411326,0.0,-4737.6496280061265
0.005755281662654185,-0.006255136527967754,-0.07977358320495861,281.6452584521009,0.0,0.0,-0.6338191394976125,448.0780915131994,0.677091960312257,-0.7358984150550298,0.0,-4851.877781338677
-0.0016322040355833242,-0.0083418169475376,0.20155017650104715,281.0030809413179,0.0,0.0,-0.6126915294833698,1441.003385209771,-0.1920240041862734,-0.9813902291220705,0.0,-5112.850221597001
-0.007814676187667423,-0.0033437757224287277,0.10408223988389123,281.4318498106344,0.0,0.0,-0.6075331958202208,1103.5182646716544,-0.9193736691373439,-0.3933853791092621,0.0,-4731.015408242136
-0.0009497332353872068,0.008446774933760278,-0.03770292296804906,281.623946387427,0.0,0.0,-0.6065252193145587,596.7060472757018,-0.11173332181025962,0.9937382275012092,0.0,-5059.391474153506
0.005905951970569884,-0.006113078710545262,0.11242716851445281,281.16095795005475,0.0,0.0,-0.6018325309535855,1129.2300932464864,0.6948178788905744,-0.7191857306523837,0.0,-4892.743757351171
-0.008449257692250408,-0.0009273858150453469,0.05431483514261168,281.49971194019935,0.0,0.0,-0.6376527179699479,921.9655611327624,-0.994030316735342,-0.1091042135347467,0.0,-4654.809913783995
0.0023064735121653317,0.008181086721070725,-0.07647309752999593,281.80514561349185,0.0,0.0,-0.5902305783520423,459.1915537881039,0.27134982496062726,0.9624807907142028,0.0,-5022.08530738924
-0.004420528881536369,-0.007260091212064957,0.040528929599420366,281.52311082074056,0.0,0.0,-0.6177767703923362,873.2975336959212,-0.5200622213572198,-0.854128377889995,0.0,-4966.8691410618585
0.008499333814379425,-0.00010641762892728309,0.20150180414628086,281.31811188858404,0.0,0.0,-0.649934427542159,1439.1184001146153,0.9999216252211087,-0.012519721050268598,0.0,-4689.13042675168
-0.00812116319197071,-0.0025093242933865857,0.0470534766207312,281.5828960791035,0.0,0.0,-0.6356813605181426,892.0222601728308,-0.9554309637612601,-0.295214622751363,0.0,-4685.970839817553
-0.006404117418728716,0.005589032124360663,0.11951232488415545,281.2025255214709,0.0,0.0,-0.6332331280554097,1153.0563976954923,-0.7534255786739665,0.6575331911012544,0.0,-4857.298237141904
0.004689618183775088,-0.007089251109278472,-0.06382284260261142,281.5728180193203,0.0,0.0,-0.6315068575818521,503.0983566536124,0.5517197863264809,-0.8340295422680555,0.0,-4923.9431203715085
0.007524389404294756,-0.003953930208354318,-0.10410402851054185,281.64268278699564,0.0,0.0,-0.6346035684185769,357.7539424050724,0.8852222828582065,-0.4651682598063903,0.0,-4702.277515257189
-0.0012954562522268119,-0.008400701940824139,0.20197139658753635,280.9016484639569,0.0,0.0,-0.6140570991440818,1445.4722691032312,-0.15240661790903667,-0.9883178753910752,0.0,-5118.967225904661
-0.004289326840705161,-0.0073383700679106045,0.11500100708443209,281.321492277987,0.0,0.0,-0.5916911809301156,1138.798313320173,-0.5046266871417836,-0.8633376550483064,0.0,-4993.808767644666
0.006479250480665525,0.005501755466103121,0.018556480640722794,281.6777036476058,0.0,0.0,-0.6034983579959141,796.4043219794039,0.7622647624312382,0.6472653489533083,0.0,-4824.317638037264
0.008499585305264852,-8.39621255435759e-05,-0.10695720274837955,281.6081397027899,0.0,0.0,-0.6223431307378137,350.85378758264176,0.9999512123841002,-0.009877897122773633,0.0,-4606.3470971709785
0.006809526122202932,0.005087273728730931,-0.08680626630709312,281.8031269803654,0.0,0.0,-0.5968370787108626,419.52710027958415,0.8011207202591684,0.5985027916154037,0.0,-4769.320974209039
-0.007225432528217049,0.00447695485572314,0.167026724768251,281.1846173857562,0.0,0.0,-0.6073808871883272,1321.1545635161033,-0.8500508856725939,0.5267005712615458,0.0,-4801.87398448614
-0.0053380879442659224,0.006614742406117023,0.05756300604734324,281.2902633311318,0.0,0.0,-0.6499986007121603,930.7631763368049,-0.6280103463842261,0.7782049889549438,0.0,-4916.909055456895
0.006580693995875941,0.00538000618332752,-0.10618734756396248,281.85875270667475,0.0,0.0,-0.6023538067512209,350.30062322238024,0.7741992936324636,0.6329419039208847,0.0,-4782.781511274338
-0.006190011070173343,0.005825269345801228,-0.04464586092289938,281.4807573308922,0.0,0.0,-0.6239352627901024,571.2417543776148,-0.7282365964909815,0.6853258053883797,0.0,-4829.677284385159
0.0050660800649671755,-0.006825308254968575,0.08907079988155506,281.1910900876401,0.0,0.0,-0.5927651674648965,1041.6335612587743,0.596009419407903,-0.8029774417610088,0.0,-4942.597063540565
-0.008358613705241673,-0.0015438837153575052,0.025936485609253074,281.6184671737269,0.0,0.0,-0.6450919104800156,822.7735633357364,-0.9833663182637261,-0.18163337827735354,0.0,-4656.474470315755
0.0019331554995833061,-0.008277252552292386,0.017192954389865733,281.38441049834734,0.0,0.0,-0.6058040685014214,784.6590927947815,0.2274300587745066,-0.9737944179167513,0.0,-5056.853993941658
0.0019091346043441178,-0.008282825910430319,0.16330501500593378,281.1046557396999,0.0,0.0,-0.6079748325877388,1305.3865633281607,0.22460407109930797,-0.9744501071094492,0.0,-5096.616865559419
-0.0052055916268471105,0.006719510087387269,0.1898942463848293,281.0864266834065,0.0,0.0,-0.6075585895107284,1402.702062195156,-0.6124225443349541,0.7905305985161493,0.0,-4960.920232798687
-0.0077984023055577365,-0.003381556073861823,-0.19393132504418256,281.8435062100529,0.0,0.0,-0.5948860197501433,39.879870889964245,-0.9174590947714983,-0.397830126336685,0.0,-4652.607920645609
-0.008496962535500386,0.00022721723152714518,0.10908912149134956,281.46299678936435,0.0,0.0,-0.6177747668436561,1116.9268352201348,-0.9996426512353395,0.02673143900319355,0.0,-4664.582223808765
-0.0017263487325350987,-0.008322843267398135,-0.11731785038125833,281.9142746394859,0.0,0.0,-0.6472488783572417,312.5890613857582,-0.2030998508864822,-0.979158031458604,0.0,-5025.374677416756
0.001566786339619855,-0.008354350996096624,0.1595672387582763,281.0357288964715,0.0,0.0,-0.6053321190414669,1297.2985918101215,0.1843278046611594,-0.9828648230701909,0.0,-5102.8609571823545
0.005981167821527548,0.006039505897896235,-0.01096143555433357,281.66739347868975,0.0,0.0,-0.595623260187214,687.9246890495078,0.7036668025326527,0.7105301056348512,0.0,-4854.194460692326
-0.0015901415535442955,0.008349937115912415,-0.1078204808325534,281.8092699087694,0.0,0.0,-0.5901704474883703,346.1319876759578,-0.18707547688756415,0.9823455430485194,0.0,-5030.673770939781
0.007913370334241132,-0.003102993708203806,-0.024434555746205622,281.4399137801897,0.0,0.0,-0.5980115589916135,642.6825250092983,0.930984745204839,-0.3650580833180948,0.0,-4687.082045328913
0.00774023525423632,0.0035126568589996404,-0.14181087022544275,281.8241304474223,0.0,0.0,-0.6252648508271498,221.3176988763388,0.9106159122630965,0.41325374811760474,0.0,-4672.095791705658
0.008482170267714232,-0.0005502613465478691,-0.06596448111399986,281.5868569295973,0.0,0.0,-0.6057459056196215,497.88807777906027,0.9979023844369684,-0.06473662900563165,0.0,-4619.146178083455
-0.007058707750452306,0.004735466702839811,-0.07524298159621184,281.5194828826686,0.0,0.0,-0.6148300394852145,457.58301281081367,-0.8304362059355653,0.5571137297458602,0.0,-4751.37817005953
-0.002014866921831775,0.008257742505510096,-0.2046982692806453,282.0147883897567,0.0,0.0,-0.6127540158372695,0.4337919360109973,-0.23704316727432645,0.9714991182953053,0.0,-4995.357588357581
0.0019899214248203056,0.008263789247254624,0.020855773255333526,281.60942594711514,0.0,0.0,-0.6224964114098207,800.2815342998413,0.23410840292003596,0.9722104996770145,0.0,-5056.480483861368
-0.004229032658375769,-0.00737328168283236,0.0777900953495865,281.4455883497749,0.0,0.0,-0.6013382655619891,1005.3419214896052,-0.49753325392656095,-0.8674449038626305,0.0,-4986.953204330864
-0.00827353737922179,-0.0019489944162618437,0.1675333593767471,281.4040104696835,0.0,0.0,-0.5917456714818496,1324.5385443188104,-0.9733573387319753,-0.22929346073668747,0.0,-4703.08119056704
-0.0013889902163997231,0.008385744223308142,-0.15134406706520614,281.9669205138119,0.0,0.0,-0.5949783856701849,191.60184261142945,-0.16341061369408505,0.9865581439186047,0.0,-5022.646161588152
-0.002960424941620269,0.007967802969767302,-0.04535726699488479,281.52085485675116,0.0,0.0,-0.610013724303536,567.7808027145344,-0.34828528724944335,0.937388584678506,0.0,-5009.457814969365
0.007440592563621133,-0.0041094503649741175,0.10446197459430609,281.31704527035953,0.0,0.0,-0.6062920796626741,1102.0744542952025,0.8753638310142509,-0.4834647488204844,0.0,-4765.871175302644
-0.006505550997627685,0.005470631244862465,0.1330446593065243,281.21493039531924,0.0,0.0,-0.6268716100118957,1202.0475069792533,-0.7653589408973747,0.6436036758661723,0.0,-4852.954212893351
0.0058210287240374565,0.006193999079264613,-0.12135941258275161,281.85288122197466,0.0,0.0,-0.6049010215827276,298.8970279996625,0.684826908710289,0.7287057740311308,0.0,-4836.085483846526
0.008383481533994326,-0.001402582393008034,0.027436728013710915,281.4204700509972,0.0,0.0,-0.5909677996368333,823.0911748935072,0.9862919451758031,-0.16500969329506282,0.0,-4654.341480877318
0.000650536104876766,0.008475069485039741,0.16643369087246188,281.062304392032,0.0,0.0,-0.6385738252769582,1318.8981360504013,0.07653365939726658,0.9970669982399695,0.0,-5117.075685004463
-0.008141323578222007,0.002443123082181168,-0.08813869747890922,281.53861571582615,0.0,0.0,-0.6178582063320037,418.78062022662954,-0.9578027739084715,0.2874262449624903,0.0,-4647.703124752732
0.00545870217376056,-0.006515563719140636,0.06510958601079905,281.315219798508,0.0,0.0,-0.590231693549326,963.8012663197051,0.6422002557365364,-0.7665369081341924,0.0,-4911.00311138914
0.002443703435007521,-0.008141149398072268,0.04672994371451886,281.35105162245674,0.0,0.0,-0.5946311872059119,893.4415911025485,0.2874945217655907,-0.9577822821261491,0.0,-5051.169937952289
0.0019205945420679355,0.008280176121615945,0.1998215419626481,280.96890278400576,0.0,0.0,-0.6290740022984306,1440.3016032704193,0.22595229906681594,0.9741383672489345,0.0,-5106.146703360159
-0.007611270577122754,0.0037839873416576687,-0.03596981791013104,281.49386847378685,0.0,0.0,-0.6358896780473441,601.7086329412481,-0.8954435973085593,0.4451749813714904,0.0,-4712.5490972257085
0.001077969269646864,-0.008431368943042227,0.1336542753999345,281.120448063051,0.0,0.0,-0.5953180576242916,1206.5692015377933,0.12681991407610166,-0.991925758004968,0.0,-5103.781816264931
0.008492256988913127,0.00036272749310762426,-0.01606121448008138,281.6144856964489,0.0,0.0,-0.5906187325584058,670.1396993920572,0.9990890575191914,0.04267382271854403,0.0,-4631.492157940058
0.00021966744217096192,-0.008497161067959703,-0.06845784845727867,281.75499951727033,0.0,0.0,-0.6456142839823049,483.14896560182655,0.025843228490701402,-0.9996660079952591,0.0,-5056.339396288116
-0.008113785560241648,-0.0025330779463755395,0.04457683716048305,281.54033978669725,0.0,0.0,-0.6365674058600829,891.142926080365,-0.9545630070872527,-0.29800917016182815,0.0,-4686.035804058416
-0.00712930974169044,-0.004628492476718289,-0.1397115033260315,281.849347530693,0.0,0.0,-0.620166993409727,234.81219321233172,-0.8387423225518165,-0.5445285266727398,0.0,-4727.981405135488
0.00790784404675795,0.0031170502934914023,0.11141679163121146,281.46240655497496,0.0,0.0,-0.6347008052439255,1127.2696275107849,0.9303345937362295,0.3667117992342826,0.0,-4724.062429176801
0.006183834517260712,-0.0058318256715316,-0.06760894133022882,281.415410060423,0.0,0.0,-0.6265881840687194,486.23176111548446,0.7275099432071425,-0.686097137827247,0.0,-4823.9819000559555
-0.003665423108474699,0.007669072527748039,0.060139880405347595,281.2535493148114,0.0,0.0,-0.64938210418112,946.3300115298903,-0.4312262480558469,0.9022438267938868,0.0,-5009.314415979427
-0.0014895221589208715,-0.00836847200736692,0.05644287255018174,281.461200193639,0.0,0.0,-0.6009309518260415,930.536456403676,-0.17523790104951428,-0.9845261185137552,0.0,-5076.63154804432
0.0007339797622925027,0.00846825092380623,0.011258065022647229,281.4988552047892,0.0,0.0,-0.6225789082610792,766.9580839574209,0.0863505602697062,0.9962648145654387,0.0,-5074.739631995578
0.0008195639365658678,0.008460396855578388,-0.04970059659380391,281.6807056779328,0.0,0.0,-0.5972995382289138,550.1913552319886,0.09641928665480796,0.9953408065386338,0.0,-5057.575154907614
0.008218409482570072,-0.0021697339875667594,-0.19652473383372845,281.76817860463814,0.0,0.0,-0.6497536653786411,27.450868355332087,0.966871703831773,-0.25526282206667755,0.0,-4610.943859563224
-0.007163690044027528,0.004575100540217766,0.1462249294010299,281.2777093790113,0.0,0.0,-0.6169536066961351,1249.6751435241488,-0.8427870640032384,0.5382471223785606,0.0,-4801.703463109261
0.007745328785908466,0.00350141142943495,0.07003069681136057,281.5561546172468,0.0,0.0,-0.6178114952488912,977.4815535701422,0.9112151512833488,0.41193075640411175,0.0,-4728.450980686287
-0.0012442515587938801,-0.008408438502982526,0.022263263139495226,281.5098058595193,0.0,0.0,-0.6142084735111574,807.7585454504595,-0.14638253632869178,-0.9892280591744147,0.0,-5071.544817943912
-0.008281547267093289,-0.0019146735656240957,0.20154929863624207,281.28291169944964,0.0,0.0,-0.5904546798426651,1446.891158507145,-0.9742996784815633,-0.22525571360283478,0.0,-4711.399862137856
0.004079617452625002,-0.0074569914469736044,0.08911273817899976,281.20406474401176,0.0,0.0,-0.5912998263792992,1048.6707544619226,0.4799549944264709,-0.8772931114086593,0.0,-4997.551305072037
-0.008196495830439817,-0.0022511010864869423,0.19816212142321196,281.2936324825465,0.0,0.0,-0.5903988413560923,1429.9566187761263,-0.9642936271105668,-0.26483542193964027,0.0,-4719.0260795252425
0.0023016466781110387,-0.008182446001602482,0.07583576180224952,281.24792452350266,0.0,0.0,-0.5902706231721238,997.8874413773528,0.27078196213071043,-0.96264070607088,0.0,-5063.084116748969
0.0023101066415184093,-0.008180061570967088,0.14174978173220024,281.1316299218883,0.0,0.0,-0.6008100974975689,1231.0639354414382,0.27177725194334224,-0.9623601848196573,0.0,-5080.53076438872
-0.001047414008986355,0.008435219255821342,0.17001202318614275,280.97252894131833,0.0,0.0,-0.6320310401850178,1332.4680486361628,-0.12322517752780646,0.9923787359789813,0.0,-5113.931826304654
0.0075638613873876175,0.0038778861396883053,-0.13407987694490886,281.75576950167624,0.0,0.0,-0.6203063478670621,247.59246439751425,0.8898660455750138,0.4562218987868594,0.0,-4690.6082552983335
0.00420717363973534,-0.007385776192460485,-0.0443177923020327,281.43364836520044,0.0,0.0,-0.6248201916804249,566.7288141766824,0.49496160467474587,-0.8689148461718217,0.0,-4955.315584956927
-0.0022383603625283025,-0.008199984322391243,0.07693789620345978,281.35730495543675,0.0,0.0,-0.5962674269230847,1000.5715616639794,-0.2633365132386238,-0.9647040379283814,0.0,-5065.129582141115
0.007068808051037371,0.004720376334317981,-0.08735616846633623,281.71196960826114,0.0,0.0,-0.5980483050011729,418.84156363488773,0.8316244765926318,0.5553383922727037,0.0,-4747.259300362052
-0.006604786088162325,0.0053504019222500865,-0.10214101342027694,281.5878475205099,0.0,0.0,-0.6012447571106014,366.5575036089046,-0.7770336574308617,0.6294590496764807,0.0,-4781.932539369241
0.0019526203475713835,0.008272682381081134,0.04971257611668975,281.4367784589322,0.0,0.0,-0.6351672261920527,907.1447978062685,0.229720040890751,0.9732567507154275,0.0,-5065.118149659337
-0.008475383400980536,0.0006464334508544549,-0.1914206118933759,281.8099012409622,0.0,0.0,-0.5902608918299282,48.558464355227635,-0.9971039295271219,0.07605099421817116,0.0,-4586.188102105122
0.00814175310844186,0.0024416912829383947,0.15557831303986588,281.31063777102634,0.0,0.0,-0.6468009542455395,1281.691796365879,0.9578533068755127,0.2872577979927523,0.0,-4713.048021714059
-0.005655934551669119,-0.00634510869467462,0.045342322747092406,281.606520398985,0.0,0.0,-0.6209949486289789,889.0668020282673,-0.6654040649022492,-0.7464833758440729,0.0,-4892.34948280104
0.006909546891560225,0.004950571861242945,0.17261401093353593,281.2364128621636,0.0,0.0,-0.6497644590652492,1340.730058250313,0.8128878695953206,0.5824202189697582,0.0,-4830.564933148624
0.0006857428181926275,0.008472293478586376,-0.16933294846529212,282.00577008977854,0.0,0.0,-0.6065251035601628,129.8404982344417,0.08067562566972088,0.9967404092454559,0.0,-5026.705444054368
0.00792450139011281,-0.003074455678343752,0.014026857598364473,281.46142934085634,0.0,0.0,-0.5903602658892126,778.951427116289,0.9322942811897423,-0.3617006680404414,0.0,-4696.327347492895
-0.0051283497140408845,0.006778645086630276,0.08737215222455189,281.2114991123031,0.0,0.0,-0.6474432607099624,1037.197699061948,-0.6033352604753981,0.7974876572506207,0.0,-4938.275397058933
-0.008234392747578161,-0.0021082637592654777,-0.08870326594555988,281.68611102188896,0.0,0.0,-0.6333743284853811,415.19516374425433,-0.9687520879503717,-0.2480310305018209,0.0,-4638.270095315484
-0.007622040481776523,0.0037622465222470363,-0.02943079412456262,281.4101405407633,0.0,0.0,-0.6384233233693432,624.0073756479194,-0.8967106449148851,0.442617237911416,0.0,-4713.304341774039
-0.004809001502900528,0.00700881620140666,-0.09779474612835276,281.6600149420019,0.0,0.0,-0.5965500958691324,379.5404817966734,-0.5657648826941797,0.8245666119301952,0.0,-4907.922828089494
0.006770601139160424,0.005138964897175266,-0.12116518910290759,281.8005082321115,0.0,0.0,-0.6093419093617186,299.49108572012085,0.7965413104894615,0.6045841055500312,0.0,-4763.321920239086
0.004207636432877075,-0.0073855125515244705,0.01430272905494992,281.35033359872426,0.0,0.0,-0.59983701894955,779.2955160168675,0.4950160509267147,-0.8688838295911141,0.0,-4971.0193256542925
-0.0026450098084245684,-0.008077990041671123,0.06302524999041556,281.4711748263648,0.0,0.0,-0.6018582607291894,951.5417852510861,-0.31117762452053743,-0.9503517696083674,0.0,-5049.303347251075
0.008466873320991063,-0.0007497040524698729,-0.024973099336019267,281.5443635693922,0.0,0.0,-0.593266878620418,638.8929685899944,0.9961027436460075,-0.08820047676116151,0.0,-4631.722802782535
-0.007074855228180404,-0.004711308045573799,-0.198135981249039,281.7848522590697,0.0,0.0,-0.5969138324527079,27.6220829146972,-0.8323359091976945,-0.5542715347733881,0.0,-4717.017017080776
-0.005190190005571885,0.006731413499857346,0.1652469044990392,281.07733214579065,0.0,0.0,-0.6185718961587172,1315.7732269905928,-0.61061058889081,0.7919309999832171,0.0,-4955.282607196545
-0.007588048482167637,0.003830342051602367,-0.09019856532001462,281.5398493068913,0.0,0.0,-0.6117395599823006,406.9658915120795,-0.892711586137369,0.45062847665910194,0.0,-4700.149435463628
-0.003890092630261433,-0.0075575908415305,-0.19411317426555802,282.05890182385195,0.0,0.0,-0.6108905221941232,38.391733705499504,-0.457657956501345,-0.8891283342977059,0.0,-4930.762501419296
-0.0033489495234549317,0.0078124603736179675,-0.16167521469802887,281.9817466520096,0.0,0.0,-0.5936995760699331,153.75519285580103,-0.3939940615829331,0.9191129851315255,0.0,-4963.321941838343
-0.008400740682783774,0.0012952049955978508,0.0919685336055289,281.34982984614294,0.0,0.0,-0.6292764091108113,1053.544796324278,-0.9883224332686792,0.1523770583056295,0.0,-4669.890742500939
0.008197309211028469,-0.0022481373843223707,-0.0009020648154680899,281.42729159774075,0.0,0.0,-0.5911807693125278,724.152171422148,0.9643893189445257,-0.26448675109674946,0.0,-4665.537408872998
0.0032605948521399215,-0.007849746569807121,0.08547092671088577,281.2212165259176,0.0,0.0,-0.5902638426931713,1027.723209635835,0.3835993943694025,-0.9234995964478965,0.0,-5033.185886280854
0.007284219282384812,0.004380656280300169,-0.16409880524775664,281.82305396627976,0.0,0.0,-0.6317530030269457,144.46371501044763,0.8569669743982131,0.5153713270941375,0.0,-4707.840837382932
0.003786612605688659,-0.007609964847122472,-0.09387625729481884,281.6646225657824,0.0,0.0,-0.6448634049551789,393.18997191301287,0.4454838359633716,-0.8952899820144085,0.0,-4962.4931139012015
-0.007215250274572008,0.004493346578585785,0.1183055232670169,281.19688315198323,0.0,0.0,-0.6292878618416652,1149.2967829159677,-0.8488529734790596,0.5286290092453864,0.0,-4789.697903185304
-0.00848558638258156,0.000494796669093879,-0.021444223656835182,281.4905697624588,0.0,0.0,-0.647782794282682,653.8048143339762,-0.9983042803037129,0.05821137283457399,0.0,-4630.737639829831
-0.00842818451575133,0.0011025904808447846,0.1942780805230336,281.2355163881725,0.0,0.0,-0.5912906624041022,1416.8505896344152,-0.9915511195001564,0.12971652715820994,0.0,-4694.526993521313
0.001962270523213342,-0.008270398684085795,0.18411221754800586,281.04576792450547,0.0,0.0,-0.6173889494693338,1382.5525099816978,0.23085535567215784,-0.9729880804806816,0.0,-5100.946514898855
-0.005590761117954215,-0.006402608071869724,0.11770455080972839,281.34040829547814,0.0,0.0,-0.5934569913109242,1147.8035775070346,-0.6577366021122605,-0.7532480084552616,0.0,-4916.227597115839
-0.0049927336990750835,-0.006879143130515605,0.10201842797751251,281.3491742153715,0.0,0.0,-0.5958513776000756,1091.0061919165216,-0.5873804351853039,-0.8093109565312476,0.0,-4950.563856469134
-0.008490227759119114,-0.0004074709784551975,0.1866452415617185,281.25286434312164,0.0,0.0,-0.5908129286130126,1388.5610986768156,-0.9988503246022487,-0.0479377621711997,0.0,-4686.086685392592
0.001941890136093825,0.008275207713365358,0.1553064118068462,281.07231340286864,0.0,0.0,-0.6451142996119292,1279.6593783608203,0.22845766306986173,0.9735538486312185,0.0,-5093.702696220647
0.003845519541531666,0.007580368029040417,-0.20397319445098439,282.0346222775745,0.0,0.0,-0.633149764080796,4.6019887829419215,0.4524140637096077,0.8918080034165197,0.0,-4930.216950997004
-0.007880291050811386,0.0031860654347489474,0.18375092406563828,281.2464596899623,0.0,0.0,-0.5972462783524005,1384.1258670607867,-0.9270930648013395,0.3748312276175232,0.0,-4746.118346054648
-0.007184030682447848,0.004543094006692786,-0.05599614318765006,281.4219302609065,0.0,0.0,-0.6244466532663688,526.3489197270019,-0.8451800802879821,0.5344816478462101,0.0,-4745.671722539767
0.005729080086438847,0.006279143362208722,0.11683699815936158,281.3849068591441,0.0,0.0,-0.6460359062432008,1144.5636327124005,0.674009421933982,0.7387227484951437,0.0,-4906.459483324748
-0.005076959429981552,0.006817219590589803,-0.07843966352141024,281.63765061746636,0.0,0.0,-0.6040146669979248,452.70461967766016,-0.597289344703712,0.8020258341870355,0.0,-4896.983205255464
-0.006221454752630619,-0.005791675125641103,-0.05795695493426292,281.75139643037625,0.0,0.0,-0.6497125453005205,522.531656791924,-0.731935853250661,-0.681373544193071,0.0,-4823.729332025957
0.0011473836325181837,-0.008422203440895346,0.02597830650548985,281.4173189817506,0.0,0.0,-0.6047431598724635,822.0103540501433,0.1349863097080216,-0.9908474636347464,0.0,-5073.952415874473
0.007825738949727866,0.0033178019667714055,-0.01127186735824176,281.59226995115,0.0,0.0,-0.5907780842120061,689.0961759714808,0.9206751705562195,0.3903296431495771,0.0,-4699.013021806223
-0.005772648897981568,-0.006239112493025927,-0.16421539027466014,281.9429855672802,0.0,0.0,-0.6163619944485148,148.1566277496677,-0.6791351644684197,-0.7340132344736384,0.0,-4828.003400853614
0.008487477783626709,-0.00046121673044573945,0.14388858927386702,281.42559156495776,0.0,0.0,-0.6364403704715372,1241.029664699241,0.9985267980737303,-0.05426079181714581,0.0,-4674.899718411437
0.005191709052396283,-0.006730241980439224,-0.19546168469485498,281.9283542669193,0.0,0.0,-0.6415880861595425,35.17633726442724,0.6107893002819156,-0.7917931741693205,0.0,-4858.411089694716
-0.006687257495564491,-0.005246959804307305,0.17470835969577989,281.13985375574487,0.0,0.0,-0.5906044448982932,1346.3363524462109,-0.7867361759487635,-0.6172893887420358,0.0,-4849.533297912073
-0.005659545440683662,0.006341888157704832,0.10252788319947845,281.16407264168674,0.0,0.0,-0.642374597258183,1094.7682457615374,-0.6658288753745484,0.7461044891417449,0.0,-4907.443120694081
0.0002143529745086553,-0.008497296793823274,0.17339636190850502,280.98086805304183,0.0,0.0,-0.6067057530054327,1349.5131919640971,0.025217997001018268,-0.9996819757439146,0.0,-5121.241158302178
-0.007750821137459979,0.0034892365490324113,-0.19134746912496192,281.8497665740436,0.0,0.0,-0.5906829068783344,48.42572582561141,-0.9118613102894092,0.4104984175332248,0.0,-4657.806812488009
0.005343377680983576,-0.006610470101162745,0.08641516929240936,281.16558805371625,0.0,0.0,-0.5927723995013715,1037.9502458579016,0.6286326683510088,-0.7777023648426759,0.0,-4924.305783659068
0.001293544681379323,0.008400996497873051,-0.17708691791272335,282.04996851315934,0.0,0.0,-0.6118539314121073,99.36112531274662,0.1521817272210968,0.9883525291615354,0.0,-5017.298793317954
-0.005699946084215125,-0.006305601845743249,0.14126603257909917,281.2979501042573,0.0,0.0,-0.5902973401385593,1227.8981883045228,-0.6705818922606029,-0.7418355112639116,0.0,-4915.041410226839
0.0069012048987935086,0.004962194166381289,0.1720294700830403,281.31826070765305,0.0,0.0,-0.6497909661682023,1339.1622245217245,0.8119064586815892,0.5837875489860339,0.0,-4831.109725105553
-0.008430800023661818,-0.0010824097934811457,0.15004020845636915,281.3243832497842,0.0,0.0,-0.5973385725002488,1258.1263032000484,-0.991858826313155,-0.12734232864484066,0.0,-4682.389760286123
-0.0044502302147498484,0.007241923158645604,-0.1827435086406553,281.97154788884825,0.0,0.0,-0.5966482992346304,78.93451587778233,-0.5235564958529233,0.8519909598406593,0.0,-4905.362235865428
-0.006815593573614621,-0.00507914207709364,0.19904142167480574,281.165422109385,0.0,0.0,-0.5944105224292824,1433.8745088009712,-0.8018345380723083,-0.5975461267168988,0.0,-4845.508361398626
-0.0013135835822962625,0.008397886530093256,0.0069711067360840595,281.4699323336771,0.0,0.0,-0.6277701581745646,754.5714106377534,-0.1545392449760309,0.9879866505992064,0.0,-5066.362050504578
0.004429487454184857,0.007254628928706069,-0.20353386271476617,282.0068268366826,0.0,0.0,-0.6350542958115882,7.165914269418663,0.5211161710805713,0.853485756318361,0.0,-4900.906045850657
0.006362537184681513,-0.005636321546323015,0.11690849105149739,281.1675142908134,0.0,0.0,-0.6055083531085442,1143.930962524032,0.7485337864331191,-0.66309665250859,0.0,-4859.832447771096
-0.008436977755364653,0.0010331535972361585,-0.11146879824610323,281.6403801512315,0.0,0.0,-0.6123080478910128,334.6991962199449,-0.9925856182781945,0.12154748202778336,0.0,-4611.594204826332
-0.0006132407929142373,0.008477849711448413,0.08809888230468718,281.2717429943739,0.0,0.0,-0.6496698851682319,1042.437191847591,-0.07214597563696909,0.9973940836998132,0.0,-5096.34606710411
-0.007916361744539514,-0.003095354055611623,0.0977873691375998,281.5054599832085,0.0,0.0,-0.6111197886545529,1077.691259341301,-0.9313366758281779,-0.3641593006601909,0.0,-4719.584913975503
0.0035670794648807107,-0.0077153058326437296,-0.034785833651623715,281.5071242144207,0.0,0.0,-0.6229956192872504,601.3749038801983,0.41965640763302475,-0.9076830391345564,0.0,-4988.178155156079
0.008256674621555033,-0.002019238518295712,-0.1074622185419572,281.6322217797322,0.0,0.0,-0.6293200415945863,348.91079192982835,0.9713734848888274,-0.237557472740672,0.0,-4630.999436330281
-0.008341883984687137,-0.0016318613868892985,-0.12249223672679374,281.6805487676507,0.0,0.0,-0.6166114022486232,293.7694296790814,-0.9813981158455455,-0.19198369257521156,0.0,-4618.353633985378
-0.003602207295041,0.0076989676323227525,-0.052364977169529175,281.5741885487805,0.0,0.0,-0.6092954322611934,543.7782008298442,-0.4237890935342353,0.9057608979203238,0.0,-4981.928093632415
0.005763454527626351,0.006247606894482344,0.10981863029257524,281.3853915810382,0.0,0.0,-0.6441885052121074,1118.2267288748938,0.6780534738383942,0.7350125758214522,0.0,-4902.170669067446
0.008461490370893126,-0.0008081959559926822,-0.16120408200198375,281.65764232759733,0.0,0.0,-0.6451604250121712,156.90922057443836,0.9954694553991912,-0.09508187717560966,0.0,-4595.727972222516
0.008369334286162938,0.0014846695276921082,0.07786008556493709,281.5062872006762,0.0,0.0,-0.6139800923852502,1007.335868426332,0.9846275630779927,0.17466700325789508,0.0,-4669.31305854105
0.0064863285571023855,0.005493408946120624,0.15980323681900296,281.20993995690327,0.0,0.0,-0.6499984787398229,1297.502592275448,0.763097477306163,0.6462834054259556,0.0,-4861.654224803308
-0.007790121470055549,-0.0034005892844887324,-0.03971393529800005,281.65736905633827,0.0,0.0,-0.649419643639199,585.912635227372,-0.9164848788300645,-0.40006932758690966,0.0,-4694.769447174687
-0.006419594571511406,-0.005571248113073165,0.12069453586558668,281.4062215462345,0.0,0.0,-0.5948602112394942,1158.207041766071,-0.7552464201778124,-0.6554409544791959,0.0,-4856.40671255777
-0.007729315931199626,-0.0035366191816060253,0.015104292923623863,281.6174803533938,0.0,0.0,-0.6436888515977552,781.8422021650349,-0.9093312860234853,-0.4160728448948265,0.0,-4715.223680666096
0.0077018600579745735,0.003596018860820382,0.15567275290042712,281.36894854888385,0.0,0.0,-0.6484854374331818,1284.605496495955,0.9061011832911262,0.42306104244945664,0.0,-4755.517344615167
0.00593193431082604,0.006087869523244138,0.11861879242654019,281.3941940050434,0.0,0.0,-0.6459535850115256,1148.8342963632003,0.6978746248030635,0.716219943911075,0.0,-4892.53179761029
0.0062015056595129065,0.005813030840708606,0.10570664647781033,281.4155074582079,0.0,0.0,-0.6415669686470697,1102.9291604376008,0.7295889011191654,0.683885981259836,0.0,-4869.14833534677
0.008496900089546745,-0.00022954055907512815,0.16197456688217102,281.28061955397396,0.0,0.0,-0.6432066222609478,1307.2020454435988,0.9996353046525582,-0.027004771655897427,0.0,-4678.777464499291
0.007380734931976207,-0.004216011369043754,-0.19370186617446877,281.87867654179144,0.0,0.0,-0.6482236749121876,39.49776324830317,0.8683217567030831,-0.4960013375345593,0.0,-4691.27883044399
-0.004234027086272967,-0.0073704148209382935,-0.09117025938369257,281.87823882911675,0.0,0.0,-0.6482037058782859,406.28909246203557,-0.49812083367917254,-0.8671076259927404,0.0,-4941.364965930911
-0.008085091684172275,0.0026232217707483924,0.14023241909589554,281.3183325180311,0.0,0.0,-0.6121569831602278,1227.5042804627826,-0.9511872569614441,0.30861432597039906,0.0,-4714.530164917989
0.0084721198447911,-0.0006878846818303441,0.15597527245691892,281.35224197023024,0.0,0.0,-0.640195026468925,1284.1537068763423,0.9967199817401293,-0.0809276096270993,0.0,-4679.72870663769
0.002031032599168799,-0.00825378135045469,-0.12164386013095087,281.87802242790355,0.0,0.0,-0.6499592971366834,296.42066084128726,0.23894501166691753,-0.9710331000534929,0.0,-5017.242166219669
0.0010524291348244503,-0.00843459500605528,-0.1531416617655275,282.04188752331044,0.0,0.0,-0.6438472157143516,182.26017899353096,0.12381519233228826,-0.9923052948300328,0.0,-5027.16792388205
0.006253940814541721,-0.005756580954716892,0.18543444676509682,281.06275298776205,0.0,0.0,-0.63508687528243,1387.5265443193332,0.7357577428872613,-0.6772448182019872,0.0,-4886.561344493495
0.0007982010583992327,0.00846243907336238,-0.20064745149330865,282.1028925372042,0.0,0.0,-0.6208201714216808,14.25480741561348,0.09390600687049797,0.9955810674543977,0.0,-5017.28768814083
-0.005901958783069829,0.006116934078682303,0.09504592262032921,281.19136910080834,0.0,0.0,-0.6438228158635396,1066.8468726931421,-0.6943480921258622,0.7196393033743885,0.0,-4888.367645443981
-0.005970838548170834,-0.006049717929926751,0.13544656995544382,281.38063934319825,0.0,0.0,-0.5911185863952905,1208.2098395833843,-0.702451593902451,-0.711731521167853,0.0,-4894.226497265101
0.008138252034059715,0.002453335246174667,-0.19258478027938278,281.7458328795262,0.0,0.0,-0.6465674086682588,46.118359585414524,0.9574414157717311,0.28862767602054906,0.0,-4619.98552416858
0.005758673578590628,0.0062520139647350625,-0.2042741522625804,281.9262745631302,0.0,0.0,-0.6400780275034592,2.7284712464778726,0.6774910092459562,0.7355310546747131,0.0,-4818.237349888863
-0.007897165713601356,-0.0031440059942562447,-0.06342680534394313,281.6823185857506,0.0,0.0,-0.644875979548797,505.4050646479018,-0.9290783192472183,-0.3698830581477935,0.0,-4678.180981974892
0.008449163055789716,-0.0009282476268098975,-0.157104011800083,281.68758070307814,0.0,0.0,-0.6443363579820229,169.28501967330322,0.9940191830340841,-0.10920560315410557,0.0,-4598.097523230099
-0.004011408540199402,0.007493904291063191,0.13068271653345206,281.13128597570085,0.0,0.0,-0.6380939522522223,1192.8446839704634,-0.47193041649404727,0.8816357989486107,0.0,-5012.065156705538
-0.0077294750332585595,0.003536271441820126,0.02955086317850661,281.4248885200708,0.0,0.0,-0.6499915145050126,832.9661266147341,-0.9093500039127717,0.41603193433177954,0.0,-4719.084611333856
-0.006801300518878821,-0.005098265514064434,0.07419914929600238,281.4796621945472,0.0,0.0,-0.6137597007799637,988.6704768057568,-0.8001530022210377,-0.5997959428311098,0.0,-4813.199364971643
0.0036243101684253322,-0.007688587373701931,0.18370275204715072,281.0583195403344,0.0,0.0,-0.6234161865415667,1378.2943635288884,0.4263894315794508,-0.9045396910237565,0.0,-5044.290607368207
0.002129229286519709,-0.008228996454333103,-0.0627299260818866,281.64253233098555,0.0,0.0,-0.6395124815539501,503.4020456056531,0.25049756311996574,-0.9681172299215415,0.0,-5030.560447014911
0.005435671025052798,-0.006534790012494776,-0.18630901070707134,281.9174904661593,0.0,0.0,-0.644919467070023,65.07296305750491,0.6394907088297409,-0.7687988249993853,0.0,-4845.077374324948
0.007468079563703392,0.004059284127798369,-0.1776143337282609,281.84997478168873,0.0,0.0,-0.6382327955655981,98.28991417914936,0.8785975957298108,0.477562838564514,0.0,-4687.696530380014
-0.007860618760292313,0.0032342963230570813,0.17549043984080973,281.26979116852044,0.0,0.0,-0.6000336414413194,1350.3205437797021,-0.9247786776814485,0.3805054497714213,0.0,-4745.78793574743
-0.0005386896661697041,-0.00848291302817387,0.02187793361435253,281.42603816316114,0.0,0.0,-0.6119443465333533,804.4437250419016,-0.0633752548434946,-0.9979897680204552,0.0,-5079.102463418639
-0.0016627137818320302,-0.008335789277549297,0.1179631719709878,281.232816220639,0.0,0.0,-0.5900241022354545,1149.0430147592874,-0.1956133860978859,-0.9806810914763878,0.0,-5089.812233293555
-0.0075902477034261555,0.003825982200773285,0.12353702066896063,281.2388627715148,0.0,0.0,-0.6243200994378006,1166.8046060530285,-0.8929703180501358,0.45011555303215117,0.0,-4757.289843591896
-0.007013579296211861,-0.004802052212934418,0.11440046945166452,281.5421350891474,0.0,0.0,-0.5988432123199521,1134.8090352599963,-0.8251269760249248,-0.564947319168755,0.0,-4806.125617189099
0.0013945532578756709,0.008384820881268028,-0.19267817881554997,282.02584573038456,0.0,0.0,-0.6192794758194513,42.66853492472754,0.16406508916184362,0.9864495154432974,0.0,-5011.46221893218
0.005074276139961182,-0.006819217085224715,-0.17636131352412743,281.857509497633,0.0,0.0,-0.6464390100556177,101.17224749557965,0.5969736635248449,-0.8022608335558488,0.0,-4870.877425855511
-0.005242486651068238,-0.006690764807805707,-0.19119840099897528,281.9091901358582,0.0,0.0,-0.6068669080145048,44.665727203832546,-0.6167631354197927,-0.7871488009183184,0.0,-4856.3282913310095
0.002534170128605469,0.00811344450645247,-0.19409133915763363,282.0762606073365,0.0,0.0,-0.6240545783303009,39.00913048634519,0.29813766218887866,0.9545228831120551,0.0,-4983.816845013739
0.008053398461194634,0.0027189654696645016,0.16344343503736067,281.311576026457,0.0,0.0,-0.6485585747070667,1310.7857877431504,0.9474586424934863,0.3198782905487649,0.0,-4723.872410829287
-0.0021734696829840724,-0.0082174223170742,-0.06322519596066437,281.762580641527,0.0,0.0,-0.6482494094623487,507.15171393118607,-0.255702315645185,-0.9667555667146118,0.0,-5029.268325887562
-0.008449466574364751,-0.0009254807446364304,0.07417524421529001,281.414614579782,0.0,0.0,-0.629578582489714,990.6141419168467,-0.9940548911017354,-0.10888008760428593,0.0,-4660.116819607028
0.008481980567364381,-0.0005531777787050236,-0.030572569203737604,281.5015111843182,0.0,0.0,-0.5941712484043052,622.9318564583006,0.9978800667487506,-0.06507973867117925,0.0,-4628.661167233988
0.0072859990982279115,-0.0043776954143272765,0.047528256747683545,281.28285613825363,0.0,0.0,-0.5905248423627526,894.75223015258,0.8571763644974013,-0.515022989920856,0.0,-4764.460902782359
0.003767778821450194,0.007619307235742065,-0.17193971406980368,281.987841129355,0.0,0.0,-0.6185784599496762,116.80429706734105,0.44326809664119926,0.89638908655789,0.0,-4942.415726390579
5.43245363558346e-05,-0.008499826400859592,-0.018032241501004437,281.57476145276166,0.0,0.0,-0.6280005000454667,665.2540346271355,0.0063911219242158345,-0.9999795765717167,0.0,-5070.144109115153
-0.00753933388541599,-0.003925359163722249,0.1557639797753965,281.2944610194746,0.0,0.0,-0.5911231981902239,1282.196129106955,-0.8869804571077635,-0.46180696043791164,0.0,-4770.627230269219
-0.007604449612875587,-0.0037976764060720525,0.20408432736193602,281.1484805063673,0.0,0.0,-0.5929753286595405,1453.2536024154172,-0.8946411309265396,-0.4467854595378885,0.0,-4777.585920347224
0.003021416691210476,-0.007944875151824272,0.11219661459315963,281.10785664507097,0.0,0.0,-0.5938470973050175,1126.0325902580194,0.3554607872012324,-0.9346911943322672,0.0,-5049.506487399909
0.008421674971983605,-0.0011512561253973672,0.00741124622078515,281.379784428376,0.0,0.0,-0.5900074478582392,755.2827709202154,0.9907852908216005,-0.1354418971055726,0.0,-4645.059966428691
-0.00823714988319318,-0.0020974655662991458,-0.01163304147861885,281.64638929149703,0.0,0.0,-0.6499242856339302,690.6687820386148,-0.9690764568462563,-0.246760654858723,0.0,-4658.670901237077
0.003957595695428254,-0.007522462117653219,0.08342832466086167,281.14744522054116,0.0,0.0,-0.5905515008353213,1023.2813926975575,0.46559949357979463,-0.8849955432533199,0.0,-5001.998738149779
0.001162734490927633,-0.008420097891569151,-0.13745074349933356,281.96583343569915,0.0,0.0,-0.6476505785712846,235.925776918437,0.13679229305030977,-0.9905997519493118,0.0,-5029.889633423573
0.008345126281938998,0.0016151988541634763,-0.18372234550386224,281.79189314326493,0.0,0.0,-0.6460752815030134,76.43893884887123,0.9817795625810585,0.19002339460746778,0.0,-4601.596550830343
0.008152717615730906,0.002404827536051386,-0.10832215671339165,281.6755351588665,0.0,0.0,-0.6141100777159381,342.94708207767303,0.9591432489095183,0.28292088659428066,0.0,-4641.157418306313
0.004705678903911593,0.00707860057167244,0.02593474434997789,281.59994162442854,0.0,0.0,-0.6143564419215934,823.4196396359025,0.5536092828131285,0.8327765378438164,0.0,-4947.105477415255
0.005805210046797542,-0.006208827289638591,-0.19547029942874766,281.9350613360293,0.0,0.0,-0.6434597803431746,32.31463004429803,0.6829658878585343,-0.730450269369246,0.0,-4817.322091183257
0.0022808007056605364,0.008188281146923231,0.07115774287436152,281.3457858599232,0.0,0.0,-0.6419102637042996,981.6835430747698,0.2683294947835925,0.9633271937556741,0.0,-5062.41078592762
0.0011221798831528857,0.0084255986321357,0.18319265804116122,281.00009806125126,0.0,0.0,-0.6334956181818963,1379.2772184837136,0.1320211627238689,0.9912468978983177,0.0,-5116.4802312592965
0.00849972740298505,6.807404016972932e-05,-0.08046607395372365,281.69130746396485,0.0,0.0,-0.6098350385504203,444.10049858012513,0.999967929762947,0.008008710608203448,0.0,-4613.439762490433
-0.008352808915996959,-0.0015749867341795965,-0.1359279868222638,281.700906538567,0.0,0.0,-0.6103948963235831,245.86354919946595,-0.9826834018819951,-0.18529255696230545,0.0,-4613.638181663489
-0.0033106225681176034,0.007828778845482252,0.16400975808739007,281.03171132658395,0.0,0.0,-0.626783715321068,1311.130397611304,-0.3894850080138357,0.9210328053508531,0.0,-5052.25524657773
-0.00612500285338642,0.005893584651636746,0.003690296657128639,281.33230666555374,0.0,0.0,-0.6427588268969323,741.0331375878334,-0.7205885709866375,0.6933629001925583,0.0,-4847.521008590848
0.00710415440594032,-0.004667010839558738,0.03397292491851939,281.2877367680362,0.0,0.0,-0.5900550858645637,849.5644530709633,0.8357828712870964,-0.5490600987716162,0.0,-4776.760163681024
-0.0029295219167096943,-0.007979216837479576,0.1317789750301415,281.2484387095996,0.0,0.0,-0.59014053129471,1196.689632453234,-0.344649637259964,-0.938731392644656,0.0,-5058.090650880277
0.007588298346775569,0.0038298470204856986,0.0997875133103254,281.5181846528749,0.0,0.0,-0.6323924558199692,1083.20057211512,0.8927409819735962,0.4505702377041998,0.0,-4751.098216874744
0.007108003070900823,-0.004661147106031355,0.11500516862795221,281.23645576197475,0.0,0.0,-0.6086283648656367,1136.0360055886076,0.8362356554000968,-0.5483702477683946,0.0,-4798.167413842177
-0.0002923247806065029,-0.0084949718200029,-0.09123947675619146,281.83486886375204,0.0,0.0,-0.6497141001129201,404.54215166995067,-0.034391150659588574,-0.9994084494121057,0.0,-5050.000705445017
0.002396079393327282,0.00815529297701023,-0.09902191575961149,281.83716459633166,0.0,0.0,-0.5908069495851805,378.11275744104125,0.2818916933326214,0.9594462325894387,0.0,-5013.469456773529
0.003783163860233213,-0.007611679920137561,0.20197833310685484,281.0267617729425,0.0,0.0,-0.6320944599276003,1447.5679013272684,0.4450781012039074,-0.8954917553103012,0.0,-5042.027721766966
-0.0022064445841688614,-0.008208629745395508,0.07446062295734021,281.4428535558393,0.0,0.0,-0.5969063734242831,993.3884600560627,-0.2595817157845719,-0.9657211465171185,0.0,-5065.328866750976
-0.005339400376385003,-0.0066136830601911745,-0.11025216896382901,281.94901138871967,0.0,0.0,-0.6409443503888569,340.0591101761202,-0.6281647501629415,-0.778080360022491,0.0,-4871.800130317393
0.008221739850091406,-0.002157079933015686,-0.040708333549866166,281.45319110078105,0.0,0.0,-0.6008953845447467,582.5517784089587,0.9672635117754594,-0.2537741097665513,0.0,-4652.41482344106
-0.0009928737704890385,-0.008441812700828827,0.1615585275287609,281.0423601867094,0.0,0.0,-0.5988417779683479,1303.2556154065528,-0.11680867888106335,-0.9931544353916266,0.0,-5112.341493117146
-0.006079204320734164,-0.005940814323539079,-0.14783003666750577,281.91769776019083,0.0,0.0,-0.622373807487244,202.70979724630948,-0.7152005083216664,-0.698919332181068,0.0,-4810.273105319732
-0.005310489444241447,-0.006636919606459021,0.05619711997995011,281.52066499313963,0.0,0.0,-0.6144408144248295,928.702351174266,-0.6247634640284055,-0.7808140713481201,0.0,-4918.332346258881
-0.005815551020178155,0.006199142386790679,-0.09573565001847079,281.5869880220966,0.0,0.0,-0.6003620408485464,389.03630765344406,-0.6841824729621357,0.7293108690341975,0.0,-4843.3483368290235
0.00770562823984399,-0.0035879372108941388,-0.13410453788373938,281.5092356217692,0.0,0.0,-0.6438699826925274,251.35114668788952,0.9065444988051753,-0.42211026010519276,0.0,-4677.4186452803815
-0.00649215031397737,0.005486527526653225,0.15487614256752694,281.2362750828501,0.0,0.0,-0.616974771874859,1277.6108818899731,-0.7637823898796905,0.6454738266650852,0.0,-4859.872178611054
-0.008477388584586378,0.000619582751474387,-0.021755699741693724,281.5361533294929,0.0,0.0,-0.6475569768812675,652.643383564352,-0.9973398334807503,0.0728920884087514,0.0,-4631.50093783049
-0.007496071957179852,0.004007356387043936,-0.12149616926601303,281.59549444299415,0.0,0.0,-0.5988579037547844,298.7448462260803,-0.8818908184917472,0.47145369259340425,0.0,-4700.20164385667
0.001460945472266157,0.008373508125455245,0.12358131258188756,281.20035350064717,0.0,0.0,-0.6496616326003959,1168.5681239699197,0.1718759379136655,0.9851186029947347,0.0,-5095.157773177385
-0.00219344786636331,-0.008212112180039083,-0.11637210921834586,281.8621533733379,0.0,0.0,-0.6466980462469127,315.4821084275077,-0.2580526901603894,-0.9661308447104803,0.0,-5014.47809060439
0.005137853982033579,0.006771444193028671,0.08770999785528602,281.4308500323878,0.0,0.0,-0.6392129988284347,1041.5752664743566,0.6044534096510092,0.7966404932974906,0.0,-4937.771823891059
0.005132096057279059,-0.006775809181113408,0.1951094510933181,281.03048484170955,0.0,0.0,-0.6342947105891376,1421.6921809159135,0.6037760067387128,-0.7971540213074597,0.0,-4966.946432920336
-0.005531569684212279,0.006453815679790033,0.029305758153340883,281.2744421945925,0.0,0.0,-0.6474765632568248,833.4478397461924,-0.6507729040249739,0.7592724329164744,0.0,-4896.520156530401
-0.002536808198528149,0.008112620055437107,0.0971328547677098,281.1220905275975,0.0,0.0,-0.6492715747452391,1072.823272037498,-0.2984480233562528,0.9544258888749537,0.0,-5061.868696242059
-0.001747006203651252,-0.008318531680795839,0.16379086724573697,281.0467186892705,0.0,0.0,-0.5976901888977083,1311.7301446451215,-0.20553014160602964,-0.978650785975981,0.0,-5100.357130004489
0.0023806203312423117,-0.008159819044468802,-0.15912291396952385,281.97241030814513,0.0,0.0,-0.6450301142685329,164.94204339118616,0.2800729801461543,-0.9599787111139767,0.0,-4997.794501844483
0.005059830123824411,-0.006829942834170653,0.09517245059991855,281.1725861006648,0.0,0.0,-0.5940449928769472,1070.058235963288,0.5952741322146365,-0.8035226863730179,0.0,-4944.6195034192615
-0.007407276273735865,-0.004169203545588742,-0.169451851518558,281.7968599735663,0.0,0.0,-0.6052665468900205,127.29105943186723,-0.8714442674983369,-0.49049453477514615,0.0,-4695.394659132654
0.005734505948679333,-0.006274188515223412,-0.14419895895941978,281.82835647659925,0.0,0.0,-0.6498457282503599,218.03739149659512,0.6746477586681567,-0.7381398253204013,0.0,-4836.046651184096
-0.007860292737140954,-0.0032350885747455473,-0.0903672128353361,281.74930004066965,0.0,0.0,-0.6363496861314282,408.58698158043893,-0.9247403220165827,-0.3805986558524173,0.0,-4674.491486227922
0.008499798285613027,-5.8558550954142264e-05,-0.045618580560451205,281.6164020837169,0.0,0.0,-0.5971708498348028,569.3485060626837,0.9999762688956503,-0.006889241288722619,0.0,-4622.781751754158
0.00708407696432329,0.004697430527803911,0.054759437666508454,281.590501502804,0.0,0.0,-0.6156328927786645,926.2351617002876,0.8334208193321517,0.5526388856239894,0.0,-4784.071841124751
-0.0011694559939433706,-0.008419166982441311,0.17167129764877628,281.09257274330156,0.0,0.0,-0.6018736068561253,1339.4273626683862,-0.13758305811098476,-0.9904902332283895,0.0,-5112.729349960885
-0.002650081765886538,0.008076327546237567,0.09897320478919128,281.1630243406805,0.0,0.0,-0.6489683358448116,1081.197126970217,-0.3117743253984162,0.9501561819103018,0.0,-5058.784365460598
-0.0006924669078865838,-0.00847174654846815,0.03270664775411472,281.4723776104947,0.0,0.0,-0.6077763050760612,844.4095325006763,-0.08146669504548044,-0.9966760645256646,0.0,-5080.854752418776
0.007410368067795539,-0.0041637056932252335,0.03280958253381833,281.34942670435044,0.0,0.0,-0.5900012458042844,841.7399225750773,0.8718080079759457,-0.4898477286147333,0.0,-4749.380921704473
-0.0016302793153255256,0.008342193317948329,0.016259961625553876,281.35979033643105,0.0,0.0,-0.6328371815875241,786.6543420224258,-0.19179756650888535,0.981434507993921,0.0,-5063.176453860567
0.004464810050677687,0.007232943468005783,0.07131008297777555,281.434515293464,0.0,0.0,-0.6354184521888027,983.40463662828,0.5252717706679632,0.8509345256477391,0.0,-4972.731382935153
0.0023236011237644637,0.00817623861061066,0.029318419737200424,281.49169949071313,0.0,0.0,-0.6251467363896348,831.4914885607278,0.2733648380899369,0.9619104247777246,0.0,-5049.985450220736
-0.0048351257800231485,0.006990819600830474,0.05965736480728437,281.24323686386106,0.0,0.0,-0.6499602807487848,938.797223070866,-0.5688383270615468,0.8224493648035851,0.0,-4948.631735833452
0.003882725970804021,-0.007561378117489165,0.15101064220073443,281.0593126053336,0.0,0.0,-0.6096287498335692,1264.3857182870242,0.456791290682826,-0.8895738961751958,0.0,-5023.705405719318
0.008184082116922209,-0.002295822271752349,0.01269842023069101,281.3833609928577,0.0,0.0,-0.5900933113131908,771.6170258239946,0.9628331902261421,-0.2700967378532175,0.0,-4670.505882264162
-0.0019992960563082235,-0.008261526207622319,-0.11152104263712057,281.9434946101623,0.0,0.0,-0.6479077280379439,335.1234890296453,-0.23521130074214394,-0.9719442597202727,0.0,-5020.737003629492
0.006281935176682775,0.0057260187247297365,0.1756835249902691,281.1684478293239,0.0,0.0,-0.6487484727623811,1352.9014135388597,0.739051197256797,0.6736492617329102,0.0,-4881.808068512332
0.008496984844020896,0.00022638144906155495,-0.16522765405141082,281.7080084343387,0.0,0.0,-0.6441318273719889,142.27050460351012,0.9996452757671641,0.02663311165430058,0.0,-4590.982731360853
0.0021876859457374298,0.008213649018726265,-0.02609099230985762,281.69641216122943,0.0,0.0,-0.6016030616716769,638.5649939668045,0.25737481714557997,0.9663116492619135,0.0,-5038.853587212648
-0.005617171616218853,-0.00637945005732824,0.1751889045416303,281.12472966952123,0.0,0.0,-0.5922756363949221,1351.1227583562445,-0.6608437195551591,-0.7505235361562635,0.0,-4929.847555681266
0.007311912141160177,0.004334275122780557,0.11282244789204318,281.3928225411252,0.0,0.0,-0.6391718002132215,1129.1640361021755,0.8602249577835501,0.5099147203271243,0.0,-4779.675166922097
0.00829242444796959,-0.0018670020821403086,0.1377133042382042,281.30609086130494,0.0,0.0,-0.6293853068423075,1219.1103190078688,0.9755793468199517,-0.21964730378121278,0.0,-4693.175244614463
-0.008349703888388632,0.001591365758154852,-0.13191300989693222,281.5937498194371,0.0,0.0,-0.6021062685520496,257.6784225164198,-0.9823181045163096,0.18721950095939435,0.0,-4615.031206939172
0.0039063359344665045,-0.007549207876797122,-0.1360078840867647,281.83620244089843,0.0,0.0,-0.6499805693800595,246.85611785155174,0.45956893346664757,-0.8881421031526026,0.0,-4945.580493851785
0.006918809990579053,0.004937617675991477,0.1339104875026714,281.368348324557,0.0,0.0,-0.6467523956976547,1205.8400716669469,0.8139776459504768,0.5808961971754679,0.0,-4819.400976397016
-0.0067442200571261254,0.005173538037074599,-0.1616182404600382,281.72055034143165,0.0,0.0,-0.5900016407394922,156.9778343489519,-0.7934376537795441,0.6086515337734821,0.0,-4754.6399520655805
-0.00481814233622017,-0.007002535571342916,-0.09259075793496496,281.89090365615573,0.0,0.0,-0.647002863556597,400.79409352862916,-0.5668402748494317,-0.8238277142756372,0.0,-4908.783102375192
0.006685760398520978,0.005248867296242935,0.12172748413200682,281.3995596783328,0.0,0.0,-0.6445798081597943,1161.3594972147007,0.786560046884821,0.6175137995579922,0.0,-4835.440842067311
0.008326661475843794,-0.0017078374239660123,-0.14856039822225764,281.62082789824456,0.0,0.0,-0.6436513300998413,201.96730373185846,0.9796072324522109,-0.20092204987835438,0.0,-4612.904987040293
-0.008463646703769007,0.0007852926039254619,0.059404708163551506,281.47464255681535,0.0,0.0,-0.6405137810763368,938.0424457407856,-0.9957231416198831,0.0923873651677014,0.0,-4654.693435638442
0.0027681918797915414,0.008036610835212576,-0.18081160547919942,282.03474442635564,0.0,0.0,-0.6188313924244505,86.74793819969067,0.3256696329166519,0.9454836276720677,0.0,-4979.822856947889
0.006583794648800702,0.0053762113074565104,0.019378521904174356,281.6390238710265,0.0,0.0,-0.6033327887817705,799.2850186492763,0.7745640763294943,0.63249544793606,0.0,-4816.221331963156
-0.0075346560712828735,-0.003934330678461096,-0.182661337292801,281.81732611051945,0.0,0.0,-0.5996115386750577,79.63504525343467,-0.8864301260332792,-0.4628624327601289,0.0,-4680.259617681387
-0.0035364081974109405,0.007729412465464934,-0.11029088195688322,281.720726900676,0.0,0.0,-0.5914272575234629,337.6240663946573,-0.4160480232248165,0.9093426429958745,0.0,-4969.24754202054
0.004915792091168,0.006934334006695246,0.19182165448858143,281.06115351002035,0.0,0.0,-0.641906404035903,1407.8967501687216,0.5783284813138823,0.815804000787676,0.0,-4979.300260114723
-0.005959927772865606,-0.006060467056442535,-0.003154477936905098,281.6627383496716,0.0,0.0,-0.6420440896285007,720.2330044574242,-0.7011679732783065,-0.7129961242873569,0.0,-4857.833604880543
0.0074042957729044245,-0.004174494473268553,0.13264511784742813,281.30827972229434,0.0,0.0,-0.6184586067447758,1200.2535964265114,0.8710936203416969,-0.49111699685512383,0.0,-4776.71391256843
-0.00798770055538638,-0.002906310347757126,-0.12778122173996004,281.7197908049046,0.0,0.0,-0.6188461048946704,273.95877855995155,-0.9397294771042798,-0.3419188644420148,0.0,-4652.156977530698
0.006246514871054033,0.005764638060251557,0.14428781397950355,281.34440056108934,0.0,0.0,-0.6494875127958949,1240.6773144316303,0.7348841024769449,0.6781927129707713,0.0,-4876.087321333936
-0.008327684403696715,-0.001702842468470437,0.11036657532207003,281.4586918650585,0.0,0.0,-0.6104988609083751,1122.8367765603048,-0.9797275769054958,-0.2003344080553455,0.0,-4682.269449620993
-1.213066742759699e-06,-0.008499999913439358,-0.11553612895202364,281.916369477842,0.0,0.0,-0.6494024780214123,315.0889089692439,-0.0001427137344423175,-0.9999999898163949,0.0,-5044.002493026909
-0.008171724900984738,-0.002339425601002515,0.10760825460485082,281.46718603701925,0.0,0.0,-0.6095130005334911,1113.1254635459823,-0.9613794001158515,-0.27522654129441354,0.0,-4697.200352907478
0.008257679949317144,-0.002015123285222424,0.09243126104944757,281.39826165539847,0.0,0.0,-0.6084930348557005,1057.3618018788286,0.9714917587431934,-0.2370733276732263,0.0,-4684.528286598652
0.00021050459826670696,-0.008497393001039117,0.17197756157965924,281.00925094924014,0.0,0.0,-0.6061121532267183,1340.1421031422199,0.0247652468549067,-0.9996932942398962,0.0,-5120.870461720636
-0.0008777472707303005,-0.008454558517671134,-0.13891899716865902,282.0213165658964,0.0,0.0,-0.6436709671470133,236.56559344148343,-0.10326438479180006,-0.9946539432554274,0.0,-5033.037094946887
-0.008074370371558866,0.00265603898745714,0.11409605792202085,281.3475841129534,0.0,0.0,-0.6241889614282397,1132.7424783841336,-0.9499259260657489,0.3124751749949576,0.0,-4708.57306088605
-0.0025385931357823025,-0.008112061691762396,0.10489378259331436,281.2387607645967,0.0,0.0,-0.5910598482355348,1101.347481625293,-0.2986580159743885,-0.95436019903087,0.0,-5063.89572573177
-0.002317710042054955,0.008177910500913887,-0.160580465246908,281.92211078200785,0.0,0.0,-0.5954778586197927,160.8612778220649,-0.27267176965352413,0.9621071177545749,0.0,-4999.203482808235
0.006413157069249891,-0.005578657222408468,-0.10887144751498122,281.62301354110326,0.0,0.0,-0.6418021668055103,338.4853252231777,0.7544890669705753,-0.6563126144009962,0.0,-4795.318936293701
0.007836206044912595,-0.0032930039206893326,0.19971172826461356,281.2753743770176,0.0,0.0,-0.6466255557699434,1434.2949846871916,0.9219065935191287,-0.3874122259634509,0.0,-4754.620017831488
-0.003050446648101617,-0.007933774338049048,-0.14662470836832397,281.997951790371,0.0,0.0,-0.6351019852002583,206.8412114885227,-0.35887607624724904,-0.9333852162410645,0.0,-4978.993166843345
-0.00337452767241371,0.007801446211319676,-0.05358050511131604,281.5399455634996,0.0,0.0,-0.6079629886246359,536.967213813694,-0.3970032555780835,0.9178172013317265,0.0,-4991.275645157688
0.0031599849636665574,0.00789078545072677,0.13845952275306736,281.2113719592745,0.0,0.0,-0.6495666966878973,1220.9010463796722,0.3717629369019479,0.9283277000855022,0.0,-5051.3362970844455
-0.006348566424250815,-0.005652053109877439,-0.18191606841448554,281.811199773924,0.0,0.0,-0.6058914075592684,79.12390352702556,-0.7468901675589193,-0.6649474246914634,0.0,-4780.741484083253
0.0013854271015712413,0.008386333629556597,0.185258136550183,281.00976688085615,0.0,0.0,-0.633486535105657,1386.5570732978424,0.16299142371426367,0.9866274858301878,0.0,-5113.014272639137
0.005125272633741456,0.006780971938433378,0.021103764730799307,281.6845001600946,0.0,0.0,-0.6104545455788459,801.0510124542482,0.6029732510284066,0.7977614045215738,0.0,-4920.688219418946
0.007307146934366615,-0.004342303959832452,-0.02806853299883133,281.40853596791777,0.0,0.0,-0.6029503060172628,627.1918657048968,0.8596643452196017,-0.5108592893920532,0.0,-4742.299391941511
-0.0071665643644222305,-0.004570596811204571,-0.20350057790322532,281.8567840806289,0.0,0.0,-0.5950835647398603,3.223007791409968,-0.8431252193437918,-0.53771727190642,0.0,-4707.6238243600355
0.007587807711516913,-0.0038308189898564075,-0.20191144214924947,281.79746757190696,0.0,0.0,-0.6473902160097608,12.948535887833657,0.8926832601784603,-0.45068458704193026,0.0,-4670.199940150901
-0.006275748144086028,-0.00573279907479765,0.20194495787736513,281.109255318664,0.0,0.0,-0.5969276290443872,1446.3688547653087,-0.7383233110689444,-0.674446949976194,0.0,-4889.326977418627
-0.0042799569786796015,-0.0073438387959330765,-0.029741368492128634,281.6967396859886,0.0,0.0,-0.6449725064799097,623.594096055674,-0.5035243504328942,-0.863981034815656,0.0,-4955.464429002629
-0.0071387437939358514,-0.004613928591183696,-0.07393867802607751,281.70308778606307,0.0,0.0,-0.6454285927151978,469.20099310032583,-0.8398522110512766,-0.5428151283745525,0.0,-4744.808029680925
-0.0016147005718806942,-0.0083452227090215,0.07254054092744808,281.33491314043187,0.0,0.0,-0.5961220302152773,987.6014520834486,-0.1899647731624346,-0.981790906943706,0.0,-5078.5839857276205
0.002680248241326993,0.008066366552845436,-0.020810603484563095,281.66006375696657,0.0,0.0,-0.602090958021252,654.6520141122523,0.315323322509058,0.9489843003347572,0.0,-5025.6679963618135
0.008385938713493132,0.0013878155113476638,-0.16268822112234213,281.74179675916207,0.0,0.0,-0.6406321348396138,151.84703210954348,0.9865810251168389,0.16327241309972515,0.0,-4603.081408261432
0.007734557536677575,-0.00352514109105212,0.1847408305642894,281.2086384281382,0.0,0.0,-0.6421923224988574,1387.953252313581,0.9099479454914794,-0.4147224813002494,0.0,-4760.242297136392
0.0064113444209920765,0.005580740337572945,-0.10097402251951125,281.79116781921834,0.0,0.0,-0.5997795327723988,370.0632814273954,0.7542758142343619,0.6565576867732876,0.0,-4797.579326859206
-0.008487651621730126,-0.00045800649355873615,-0.13026939118963682,281.6463306095576,0.0,0.0,-0.6091053369632674,260.199208636061,-0.9985472496153089,-0.053883116889263075,0.0,-4601.327167260197
-0.0016979605505162896,0.008328681166240573,-0.00140774096574392,281.4962849720661,0.0,0.0,-0.625357298843437,725.5435332221375,-0.19976006476662228,0.9798448430871262,0.0,-5057.064516670186
-0.007931435828886724,-0.003056521829179697,0.19385925436338738,281.22868817278066,0.0,0.0,-0.5905808371434225,1415.8319648027168,-0.933110097516085,-0.3595908034329055,0.0,-4743.905459665298
0.00788458777947584,-0.003175417381658708,0.051063858258338785,281.43569941487823,0.0,0.0,-0.5923644530808156,909.5094956458105,0.9275985622912752,-0.37357851548925974,0.0,-4710.106858716195
0.0017860547189549481,-0.008310235167604992,0.14859620676181404,281.05643979027127,0.0,0.0,-0.6017805309964495,1256.5723635805364,0.21012408458293505,-0.9776747256005872,0.0,-5095.4403373792775
-0.00839328998988071,0.0013426403635256503,-0.07027024963576431,281.5285124381478,0.0,0.0,-0.6298713988507695,477.20100001907093,-0.9874458811624364,0.1579576898265471,0.0,-4627.125284176432
0.0029008072999057995,-0.007989700683305553,0.0038944783467849686,281.3535995417874,0.0,0.0,-0.6080981072563874,739.53413517175,0.3412714470477411,-0.9399647862712416,0.0,-5024.799731793433
-0.004057013622946026,0.007469313252450346,0.05711923709066938,281.2553140517405,0.0,0.0,-0.6494145764031684,929.5492464745996,-0.47729572034659135,0.8787427355823936,0.0,-4990.087743314874
-0.0005597216775491875,0.008481551252199184,0.18144379392206764,281.03717781011454,0.0,0.0,-0.6287250041504638,1373.2098789630616,-0.06584960912343382,0.9978295590822568,0.0,-5121.772127022222
-0.005257892507297018,-0.006678665014934489,0.05508488822156801,281.527862440105,0.0,0.0,-0.614710634541171,920.9781844844825,-0.6185755890937668,-0.7857252958746457,0.0,-4921.4191383037005
-0.00789307599979853,-0.0031542592254607833,-0.12733906742707019,281.69949990870913,0.0,0.0,-0.6199858111738199,277.8043396009856,-0.9285971764468858,-0.37108932064244504,0.0,-4661.427064872334
0.008158793340960889,-0.0023841332218423245,0.0641285591914735,281.38196869500104,0.0,0.0,-0.5970249868225722,957.1687479922216,0.9598580401130458,-0.28048626139321464,0.0,-4686.821142043063
0.006775638176596783,0.005132321823487323,0.19392207349561455,281.1853258456211,0.0,0.0,-0.6466306618528199,1415.2001524713457,0.7971339031290332,0.6038025674690968,0.0,-4847.441991189072
0.0007225121595499397,0.00846923704824127,-0.154220321659586,282.00760985610606,0.0,0.0,-0.600832563603087,178.36658998618213,0.08500143053528701,0.9963808292048552,0.0,-5030.44470913517
-0.00454050830232261,0.007185665199307539,0.1392203751186419,281.11243571491997,0.0,0.0,-0.6329009521285444,1223.0995345901174,-0.5341774473320717,0.8453723763891222,0.0,-4986.799768053848
-0.006237281607634461,-0.005774627100260664,-0.13945589884884568,281.86595332019834,0.0,0.0,-0.6253873427822025,232.92804888366942,-0.7337978361922894,-0.6793678941483134,0.0,-4800.662926411657
-0.007633451308568805,-0.0037390401334713164,0.19742124861281038,281.19472082441683,0.0,0.0,-0.5917106608514622,1429.6748448152234,-0.8980530951257417,-0.4398870745260372,0.0,-4773.106957324529
0.007275038304247511,0.004395886448912383,0.10028720164523511,281.4157990449993,0.0,0.0,-0.6346354265892563,1082.7988182986908,0.8558868593232365,0.5171631116367509,0.0,-4779.587703369259
-0.008482248683790874,0.0005490512419874807,0.07655203068809183,281.4186719713375,0.0,0.0,-0.6333799080433583,998.7787112244059,-0.9979116098577498,0.06459426376323302,0.0,-4657.3742140176955
0.006009325574465699,0.00601148951093425,0.08678024270811499,281.46469661796453,0.0,0.0,-0.6355442141291271,1037.5480990035214,0.7069794793489057,0.7072340601099117,0.0,-4878.361711084203
0.0017617517405313123,-0.008315421264417991,-0.20350597450651944,282.07914700187706,0.0,0.0,-0.6268882145605255,6.974445618918523,0.2072649106507426,-0.9782848546374107,0.0,-5001.4989891057
-0.00797728306546067,0.002934783619539001,0.0932042232348225,281.3316057381501,0.0,0.0,-0.634250457127818,1061.36766135759,-0.9385038900541963,0.3452686611222354,0.0,-4712.458608387164
-0.008423865532411203,0.001135116510255464,0.15070773557835368,281.3964558194984,0.0,0.0,-0.6029412667498331,1263.6275542196424,-0.9910430038130825,0.133543118853584,0.0,-4683.280639137126
-0.002947455442510061,-0.007972609761829424,-0.01996108325722462,281.733516643404,0.0,0.0,-0.6383938477896592,656.069241516446,-0.346759463824713,-0.937954089626991,0.0,-5016.7380520879115
-0.00039442213379716645,0.008490843961607757,0.14511428681985375,281.02880150447004,0.0,0.0,-0.642955380028429,1244.6993510196128,-0.04640260397613723,0.9989228190126772,0.0,-5112.985692613375
0.005705811339945286,-0.0063002949893597665,0.05283349582394162,281.3092853588836,0.0,0.0,-0.5900095310515644,913.3124827925288,0.6712719223465042,-0.741211175218796,0.0,-4890.908203101469
-0.007992752949671134,0.002892386607202331,-0.038279962713828,281.5101955854751,0.0,0.0,-0.6378423028981972,594.0572405153317,-0.940323876431898,0.3402807773179213,0.0,-4675.677809362487
-0.00439421711993116,-0.0072760467221495975,0.172936386887269,281.10165206117443,0.0,0.0,-0.5942091324081479,1342.0572227036155,-0.5169667199919011,-0.856005496723482,0.0,-5003.805547798816
-0.0026016717717714547,0.008092051902451417,-0.11127842512701158,281.85234756356977,0.0,0.0,-0.5904663020075366,334.27327341700897,-0.3060790319731123,0.9520061061707548,0.0,-5003.923688292819
0.008479554781448573,0.0005891949663843523,-0.09792490644524957,281.6950054147346,0.0,0.0,-0.6158289978777104,380.89024898238813,0.9975946801704203,0.06931705486874733,0.0,-4610.841599926543
0.005867297890039847,-0.006150188246674566,0.024468962323225207,281.34403115943115,0.0,0.0,-0.592780648444021,815.281246430034,0.6902703400046878,-0.7235515584323019,0.0,-4871.916660942451
0.006887829621281296,-0.004980743228495117,-0.14551255509550853,281.70318873326175,0.0,0.0,-0.6487851268224376,213.29762343610003,0.8103328966213289,-0.5859697915876608,0.0,-4747.038708721334
0.008108927629813923,0.0025485864110208947,-0.13756737350191067,281.74048606006113,0.0,0.0,-0.6269235282985367,240.42716343994053,0.9539914858604615,0.2998336954142229,0.0,-4637.647788038505
-0.006578764063812817,0.005382365966067812,0.03513146454720073,281.297908336252,0.0,0.0,-0.6496750328686811,854.1748072216682,-0.7739722428015078,0.6332195254197425,0.0,-4820.85098052255
0.0005669569816687714,-0.00848107067420954,-0.11004219318634757,281.8682199235858,0.0,0.0,-0.6499642378512192,338.60255082026725,0.06670082137279663,-0.9977730204952399,0.0,-5043.518924943288
-0.007874920993893378,-0.003199315448644812,-0.11501923277578198,281.7922898400376,0.0,0.0,-0.6257847816092511,325.3871323821841,-0.9264612933992208,-0.3763900527817426,0.0,-4666.475749056939
0.007858909877358596,0.0032384464700772053,0.18665122929167513,281.30269228253735,0.0,0.0,-0.6498197392029738,1394.0901469680193,0.9245776326304229,0.3809937023620241,0.0,-4748.945887623644
0.0033299539317785238,-0.007820575861931956,0.05658793828212069,281.3023580827547,0.0,0.0,-0.5913492492131364,931.1661386083298,0.391759286091591,-0.920067748462583,0.0,-5022.6529809578515
-0.0032871140059535947,-0.007838678556482829,0.05837269571469891,281.48255442767623,0.0,0.0,-0.6056836006821248,940.1212100034471,-0.38671929481806994,-0.9221974772332738,0.0,-5024.85816942975
0.003219981348868575,0.007866493508097398,-0.16700161218817863,281.9833532311288,0.0,0.0,-0.6142224165454271,136.07166496066947,0.3788213351610088,0.9254698244820468,0.0,-4967.052223664733
0.008384629993907782,-0.0013957004926781404,-0.015865317985778338,281.50030527088916,0.0,0.0,-0.5924634721250626,671.7096445736644,0.9864270581067978,-0.16420005796213416,0.0,-4642.606581247406
-0.008164581524263565,-0.0023642352957466105,0.0855991812811456,281.5300776304874,0.0,0.0,-0.6193142500468457,1033.3266784445887,-0.960539002854537,-0.2781453289113659,0.0,-4692.006156560152
-0.0013398417079852642,0.008393737200886334,0.10440794947303003,281.1812203268552,0.0,0.0,-0.649474044885851,1102.4116500796724,-0.1576284362335605,0.9874984942219215,0.0,-5092.079330362856
-0.0030089391707553096,0.007949609114081923,0.19880934018511967,280.9893783062481,0.0,0.0,-0.6120858138269377,1432.9288379343209,-0.3539928436182717,0.9352481310684614,0.0,-5073.202280602681
0.0029325021226275293,0.007978122040980888,0.14089591342940408,281.152718305433,0.0,0.0,-0.6491672215935572,1226.2013531360055,0.3450002497208858,0.938602593056575,0.0,-5060.430266812113
0.007189082629847246,-0.0045350954721183785,-0.1301415713146885,281.6254444718045,0.0,0.0,-0.6450210945950154,267.83158254776464,0.8457744270408524,-0.5335406437786328,0.0,-4725.336840839705
0.002404863086367345,0.008152707129280908,0.0018135601648162358,281.59707269788055,0.0,0.0,-0.6123151321503182,737.7587625812674,0.2829250689843935,0.9591420152095185,0.0,-5040.266063271945
-0.0013678841332923522,0.008389212895015064,-0.08905774374764425,281.7552268547675,0.0,0.0,-0.5920045563137515,410.28471737989224,-0.16092754509321788,0.9869662229429487,0.0,-5039.711482095853
-0.0002526279411394564,-0.008496245001372998,0.1770113212275651,280.9718255476276,0.0,0.0,-0.6067179290485419,1357.6490913723758,-0.02972093425170075,-0.9995582354556467,0.0,-5122.102175350137
0.0082066930666921,0.0022136370319245664,-0.04100237696025455,281.6359574445001,0.0,0.0,-0.5919751051420217,587.6324056911425,0.9654933019637766,0.2604278861087725,0.0,-4653.841343178713
0.008108118971953614,-0.0025511579207579188,-0.09099894237441679,281.648921674015,0.0,0.0,-0.6238468859752689,405.2994203757747,0.9538963496416016,-0.30013622597151984,0.0,-4650.221621428652
0.008373586861093603,-0.0014604941217685808,0.13562210138665334,281.27807402841233,0.0,0.0,-0.6298605605422624,1207.2711368238736,0.9851278660110121,-0.17182283785512714,0.0,-4684.376575992979
0.008442665535844194,-0.0009855955812952315,0.17069926027340457,281.2775096924302,0.0,0.0,-0.6440293772407056,1336.868817769988,0.9932547689228463,-0.11595242132885077,0.0,-4686.713146677667
0.0011781171730754064,-0.008417959368309212,0.06940726761540586,281.227792628105,0.0,0.0,-0.5920095233938556,974.2085041766524,0.13860202036181252,-0.9903481609775543,0.0,-5085.168833221872
-0.005394036134870484,0.006569198899082862,-0.08822193052727953,281.61651761182236,0.0,0.0,-0.6014998892488949,415.45821728150537,-0.634592486455351,0.7728469293038661,0.0,-4874.139347064995
0.008145759225174107,-0.0024282929488615955,0.05439200580152828,281.41574942487347,0.0,0.0,-0.5943280239773719,920.5525354777576,0.9583246147263654,-0.2856815233954818,0.0,-4685.503107602472
0.007681799763384573,0.0036386745382439374,-0.04226453756874171,281.6961612987616,0.0,0.0,-0.5906301927490053,578.9682169644627,0.9037411486334791,0.4280793574404632,0.0,-4704.291585780342
0.0022714800062101264,0.008190871661879928,-0.023244630019741225,281.634350847277,0.0,0.0,-0.6024047595551035,646.9540165590897,0.2672329419070737,0.9636319602211679,0.0,-5037.341719942626
-0.008384696314075622,-0.0013953020177462259,-0.09226177258874571,281.631140953519,0.0,0.0,-0.6294882032979096,401.88276192456766,-0.9864348604794849,-0.1641531785583795,0.0,-4622.103198554141
-0.0016679684385093915,0.008334739425329179,-0.09029695260952601,281.68075616308624,0.0,0.0,-0.5921906767100459,406.45505530543034,-0.19623158100110485,0.9805575794504915,0.0,-5033.830981636109
0.007522971269781897,-0.003956627765412885,0.19786229725806245,281.17088965918094,0.0,0.0,-0.6448685191994955,1430.1411834044484,0.8850554435037525,-0.46548561946033934,0.0,-4783.422825828156
0.008319743514604221,0.0017412259621315675,-0.0531328732152786,281.61580199040066,0.0,0.0,-0.595375248342087,536.9576946069072,0.9787933546593202,0.2048501131919491,0.0,-4639.208809198353
0.002534758865525362,-0.008113260595693977,-0.14789165307891686,281.89857036689966,0.0,0.0,-0.6477151541377494,202.67681550127276,0.2982069253559249,-0.9545012465522326,0.0,-4996.193708667671
0.002146741524442024,0.008224445320338407,0.11359733210686926,281.13857270928463,0.0,0.0,-0.6498910321117037,1133.072980979324,0.25255782640494395,0.9675818023927538,0.0,-5077.4117325057905
-0.001081208819003457,-0.008430954126889148,-0.03986799628772941,281.6977870839621,0.0,0.0,-0.6401957680343284,586.0617473442891,-0.12720103752981846,-0.9918769561046056,0.0,-5057.184462575637
-0.00846079556410762,0.0008154375649777348,0.14817937312396337,281.4159588144592,0.0,0.0,-0.6029631154337617,1254.2602583599185,-0.9953877134244259,0.09593383117385114,0.0,-4678.804893553869
0.005338932285505742,-0.006614060934916191,0.10942612859447873,281.14289276570844,0.0,0.0,-0.5987839363766099,1116.1540448845092,0.6281096806477343,-0.778124815872493,0.0,-4930.768650416613
0.006316290958113562,-0.005688098850446683,0.12217093543134369,281.2394708158007,0.0,0.0,-0.6074485811182726,1162.7564132929842,0.7430930538957131,-0.6691881000525508,0.0,-4864.815161873411
0.007204197726159162,0.004511045901163407,0.12168026802805074,281.41157492453186,0.0,0.0,-0.6426050901020658,1160.8351912020444,0.8475526736657837,0.5307112824898126,0.0,-4791.573890327773
-0.008164912399046043,-0.002363092362965147,-0.10852462513449294,281.67026404337145,0.0,0.0,-0.6256479804306987,344.10259335142064,-0.9605779292995344,-0.27801086623119375,0.0,-4639.891255525791
-0.00031213395119780176,0.008494267031151638,0.054492361450298205,281.314057322408,0.0,0.0,-0.6429649747242606,923.6810469601044,-0.03672164131738844,0.9993255330766632,0.0,-5089.02657111846
0.0007635243553046834,-0.008465638225134391,-0.1941705455377456,282.15566455716674,0.0,0.0,-0.6275936983919765,35.239063007488426,0.08982639474172745,-0.9959574382511048,0.0,-5019.3551996677015
-0.0016377035489361727,0.008340739001179804,0.06683879489964392,281.25072065100693,0.0,0.0,-0.6481541442025318,970.0133086768001,-0.19267100575719678,0.9812634119035063,0.0,-5076.598628365046
0.007208938023571166,-0.004503466728233912,-0.0729723301225679,281.54809638105525,0.0,0.0,-0.6231704976547465,470.41308272668215,0.8481103557142547,-0.5298196150863426,0.0,-4738.9339405653
0.008486099299874166,0.00048592043862672845,0.10972681270247917,281.4025081245451,0.0,0.0,-0.625014788959268,1118.9122855949074,0.9983646235146078,0.05716711042667393,0.0,-4665.876855515353
0.0038197344918397026,0.00759339373480989,0.13541615998810444,281.2561617841792,0.0,0.0,-0.6499779267119095,1209.5803719383864,0.4493805284517297,0.8933404393893988,0.0,-5022.476306760173
-0.0009224555966295006,-0.00844979737462662,-0.03301803252508864,281.70756377382867,0.0,0.0,-0.6373022491483408,610.9353126190052,-0.10852418783876476,-0.9940938087796023,0.0,-5060.959403756611
-0.007278541759417309,-0.0043900831263677,0.15545814012102735,281.3538731658549,0.0,0.0,-0.5907002492271515,1280.8559840895239,-0.8562990305196834,-0.5164803678079646,0.0,-4794.079148441548
-0.004142768239805611,-0.00742209345880648,-0.08357225764712829,281.7858068917553,0.0,0.0,-0.6492832782679882,430.6084178885775,-0.4873844988006601,-0.8731874657419387,0.0,-4948.058968922285
-0.007010355354900272,0.004806757513961059,-0.1743704949077851,281.7835201495506,0.0,0.0,-0.5902595931354329,105.50614763769117,-0.8247476888117966,0.5655008839954186,0.0,-4728.925822009735
0.008484915267874416,0.0005061747692167428,0.19260541488490865,281.3706850797283,0.0,0.0,-0.6497454554745572,1408.9546132789542,0.9982253256322843,0.05954997284902856,0.0,-4688.234951182888
-0.006625909533108541,0.005324220399181589,0.010400882700453279,281.29951043325497,0.0,0.0,-0.6460716521622786,765.8287724796371,-0.7795187686010048,0.6263788704919516,0.0,-4810.424696059972
-0.0013664658542808172,-0.008389444026220367,0.08809108200389312,281.2666887420937,0.0,0.0,-0.5921654563026161,1040.3337998997035,-0.16076068873891966,-0.9869934148494549,0.0,-5087.262833153475
0.00780209144523186,0.0033730355883446945,0.041271180325877066,281.5514851247671,0.0,0.0,-0.6048271721362994,874.7645959268534,0.9178931112037482,0.3968277162758464,0.0,-4715.360539715257
0.006907626826098974,0.004953250612613683,0.04642939605437088,281.53394479917466,0.0,0.0,-0.612951049413015,893.4813789120299,0.8126619795410557,0.582735366189845,0.0,-4796.872090317801
0.007790392148763571,0.003399969142283928,0.1953573246917855,281.2456568069531,0.0,0.0,-0.6489626490247726,1422.1457423082363,0.9165167233839495,0.3999963696804621,0.0,-4757.811662904289
0.006834622429259461,0.005053507321599872,0.17326132367542466,281.2392808745717,0.0,0.0,-0.649661825896411,1348.5204086591584,0.8040732269717012,0.5945302731293967,0.0,-4837.009893469952
0.007703252933695018,-0.0035930341272410854,-0.16582442062675118,281.8034296260263,0.0,0.0,-0.6495978250756803,138.4548792224726,0.9062650510229432,-0.4227098973224806,0.0,-4669.131330504791
0.008275280173053255,-0.0019415813290902062,0.03698188311998271,281.388441613769,0.0,0.0,-0.5916803949486421,860.7756963827906,0.973562373300383,-0.2284213328341419,0.0,-4667.879542971185
0.006505713298025407,-0.0054704382350864176,0.13642163979282976,281.15558360092365,0.0,0.0,-0.6146490654646091,1216.87503568286,0.7653780350618126,-0.6435809688336961,0.0,-4853.847371665061
0.0035865819894840252,0.007706259120527211,0.043586883428117174,281.502249987378,0.0,0.0,-0.6269084205413962,885.9349903694238,0.42195082229223824,0.9066187200620247,0.0,-5008.355343464786
-0.006405913576860644,0.005586973352880115,-0.10106137839024247,281.62262661792687,0.0,0.0,-0.6007844771821402,368.39824908183454,-0.7536368913953698,0.6572909826917782,0.0,-4797.979803459684
-0.0071913481400723315,0.004531502171275904,0.15625213934430285,281.17008179129294,0.0,0.0,-0.6122452213704703,1285.048098360344,-0.8460409576555683,0.5331179025030475,0.0,-4801.97577278421
0.008356164430254599,0.0015570857441219643,0.12332795886377515,281.4663311121613,0.0,0.0,-0.6344725134672755,1165.8623687457962,0.9830781682652469,0.18318655813199577,0.0,-4682.8532075987605
0.001992383989728973,-0.008263195873115418,-0.19662627321136691,282.0016370890474,0.0,0.0,-0.630706389116832,26.321562549231917,0.23439811643870273,-0.972140690954755,0.0,-4998.071919750613
-0.008054262136630267,-0.0027164059774717132,-0.20429339342799116,281.8258389303145,0.0,0.0,-0.5916786745974321,4.33757853888366,-0.9475602513682667,-0.3195771738202015,0.0,-4625.126588184818
-0.003246488600244662,0.007855591115153682,-0.09635477426432765,281.7462800665454,0.0,0.0,-0.5934747175260298,383.78898312167445,-0.38193983532290143,0.9241871900180801,0.0,-4984.962382464961
-0.00693480937243104,-0.0049151214601515815,-0.0783450235333143,281.78985756329536,0.0,0.0,-0.6450271955842279,451.3813967431807,-0.8158599261683576,-0.5782495835472449,0.0,-4761.104539026209
0.0022939940261998207,0.008184594761364765,0.042339695208259254,281.46460591265475,0.0,0.0,-0.6310043377758419,876.6606884645295,0.26988165014115534,0.9628935013370311,0.0,-5054.311544185246
0.008487728839909519,-0.00045657325827103167,0.12945322503404658,281.4345468721899,0.0,0.0,-0.630548951294436,1190.4149856691736,0.9985563341070022,-0.053714500973062546,0.0,-4671.00086200842
0.005714973910860019,0.00629198483772723,-0.04504759207523215,281.7567874870615,0.0,0.0,-0.5903065135278522,569.4445723543694,0.6723498718658846,0.7402335103208505,0.0,-4864.0101465755915
0.005882195741782932,-0.006135941105922609,0.18530134770460857,281.0983467291679,0.0,0.0,-0.633383162906148,1387.0134773266275,0.6920230284450507,-0.7218754242261892,0.0,-4914.000812090393
0.00848878530865158,0.00043649053096386504,-0.1244692898995047,281.6298418368294,0.0,0.0,-0.628443402662331,286.5304042610479,0.9986806245472446,0.051351827172219415,0.0,-4602.766084738591
-0.004614360684618338,0.007138464503816531,0.19732593281868702,280.9861406981696,0.0,0.0,-0.6067826692380199,1429.690669995749,-0.5428659628962751,0.83981935339018,0.0,-4998.271584311592
-0.007448484859340443,-0.0040951279955791595,-0.09915603451819283,281.76690811454006,0.0,0.0,-0.6357810168571654,375.67066437776003,-0.8762923363929933,-0.48177976418578344,0.0,-4710.526327589449
0.001548784664476693,-0.008357706985955048,-0.10634536051584344,281.75497606847176,0.0,0.0,-0.6497685259113266,349.90942086362963,0.18220996052666974,-0.9832596454064763,0.0,-5031.8601112357255
0.007858945780456924,0.0032383593407524012,-0.05383154530736428,281.6821815565065,0.0,0.0,-0.5927825342215199,536.443468801289,0.9245818565243439,0.38098345185322363,0.0,-4684.422682141229
-0.00814719885644813,-0.002423458436509753,0.028709822484106,281.5618511927687,0.0,0.0,-0.6423732771471177,835.0103479256301,-0.9584939831115447,-0.2851127572364415,0.0,-4678.469920409759
-0.007158594562510963,0.004583069265196467,-0.19003879114849126,281.7920658487916,0.0,0.0,-0.5917192661686423,52.57579781415138,-0.842187595589525,0.5391846194348784,0.0,-4711.930806550059
0.003461367674361918,-0.0077633068870734704,0.11151284223509797,281.06650219459704,0.0,0.0,-0.5945430358629277,1125.2982073153162,0.40721972639551973,-0.9133302220086436,0.0,-5031.953801175168
0.004928376794377816,-0.006925395452437229,-0.1545582328830233,281.87955913688074,0.0,0.0,-0.6495191171114176,182.12312898432438,0.5798090346326842,-0.8147524061690857,0.0,-4885.614609709042
0.0023099536481591605,0.00818010477581774,0.14495490219860138,281.0880661321739,0.0,0.0,-0.6479108964287712,1240.5776544773992,0.2717592527246071,0.9623652677432635,0.0,-5081.394979380027
-0.008181039040318442,0.002306642629621134,0.17571746017451748,281.35809131698585,0.0,0.0,-0.5975165157788338,1351.9998171102466,-0.9624751812139344,0.2713697211318981,0.0,-4714.545980068079
0.007660896232794665,-0.0036824813523428077,0.18506381385573648,281.24373453199894,0.0,0.0,-0.6418769926350824,1385.8677003126584,0.9012819097405488,-0.4332331002756244,0.0,-4767.235271568776
0.00818476763312951,-0.002293377158619047,-0.15674454795004672,281.72015788617944,0.0,0.0,-0.6467969680599687,171.44871600977393,0.9629138391917069,-0.2698090774845937,0.0,-4624.977237545287
0.008481705840770806,0.0005573742285344811,-0.1167227882372216,281.65311824600354,0.0,0.0,-0.6245525867424948,314.62394106275184,0.9978477459730359,0.06557343865111541,0.0,-4605.57607536201
0.006609656884547731,-0.005344383581719299,-0.19265021395198542,281.9015260250613,0.0,0.0,-0.6464602736097684,43.768172443569426,0.777606692299733,-0.6287510096140351,0.0,-4757.257603352288
0.0006642020087032684,0.008474009422441926,-0.015865364887215183,281.5741052659411,0.0,0.0,-0.6105244149450871,672.4611845678879,0.0781414127886198,0.9969422849931677,0.0,-5068.056763316052
0.0014446764231390414,-0.008376330344036474,0.08950391081501904,281.24444276696846,0.0,0.0,-0.5900120737262765,1047.3271965125462,0.16996193213400485,-0.9854506287101733,0.0,-5086.302938680127
0.00600780989765194,0.006013004260240916,-0.1681096331193274,281.93633011231555,0.0,0.0,-0.626535967879506,127.76117123062804,0.7068011644296399,0.707412265910696,0.0,-4810.087545647369
-0.008083324244755405,-0.0026286629974474635,0.17823391822069332,281.2430652598448,0.0,0.0,-0.5901374933742668,1363.979059632061,-0.9509793229124004,-0.30925447028793684,0.0,-4724.899720160943
0.008368480155704865,-0.0014894763789915885,-0.12610256967498246,281.6197239622332,0.0,0.0,-0.6353686598074841,278.20202710581884,0.9845270771417487,-0.175232515175481,0.0,-4614.67843438281
-0.007273065922021808,-0.004399149019290558,0.20401582457997655,281.1580221139908,0.0,0.0,-0.594099109555332,1449.5802950850004,-0.8556548143555068,-0.5175469434459479,0.0,-4807.592081950998
0.0065154501061252985,-0.00545883778057123,-0.1135338664596532,281.6472916945311,0.0,0.0,-0.642861599227698,326.38670990012395,0.7665235418970939,-0.6422162094789682,0.0,-4786.014024640199
0.005465322760457692,0.006510011299838359,0.06844887885657672,281.52343368552386,0.0,0.0,-0.6303034608624372,975.0552343465736,0.6429791482891403,0.7658836823339245,0.0,-4911.458571892528
0.002140339460541691,0.008226113723602909,-0.14044075771114947,281.9643571487893,0.0,0.0,-0.5998864879256152,229.1234658489966,0.2518046424166695,0.9677780851297539,0.0,-5009.422318026661
0.005607791063106927,-0.006387697503211786,0.045599641408931996,281.2465714603956,0.0,0.0,-0.5903436987357988,890.6172519087817,0.6597401250714031,-0.7514938239072689,0.0,-4895.720955777243
0.008454234650773725,0.000880861209077162,-0.1909656503486149,281.74754287002935,0.0,0.0,-0.6484875077045467,49.33036775658306,0.994615841267497,0.1036307304796661,0.0,-4588.490617772993
0.006496032659980205,-0.005481930287815645,-0.1335337984041946,281.6516407754749,0.0,0.0,-0.6476982859143648,251.37219812328274,0.7642391364682594,-0.6449329750371346,0.0,-4782.1868175724385
-0.008499920892808379,-3.66717329782911e-05,-0.12051483950856053,281.6826380492108,0.0,0.0,-0.6119471753364625,300.9230058735127,-0.9999906932715739,-0.0043143215268577765,0.0,-4602.674940258656
0.0073883023508885355,0.004202735819898147,0.1648657319602105,281.3271391637685,0.0,0.0,-0.649856461689548,1314.2889153245308,0.8692120412810042,0.49443950822331134,0.0,-4786.799257558829
0.0007153561448031414,-0.00846984448417398,0.02691962903200537,281.3508883339528,0.0,0.0,-0.6057016006331788,825.0361639527661,0.08415954644742839,-0.9964522922557623,0.0,-5079.105894622768
0.006959404256942004,0.004880234870214498,0.05557633730088227,281.602551130111,0.0,0.0,-0.6167800777224012,928.166747600116,0.8187534419931769,0.5741452788487644,0.0,-4794.953557180403
0.008373659375070817,0.001460078309642544,-0.06721055922404492,281.63049875174465,0.0,0.0,-0.6003669490567707,486.96899101226927,0.9851363970671548,0.17177391878147577,0.0,-4629.950661581129
-0.007891937204160721,-0.003157107404822309,0.1505522995715293,281.4305683787818,0.0,0.0,-0.5930371533540884,1263.0520507463834,-0.9284632004894966,-0.37142440056733045,0.0,-4736.092757921042
-0.006210974944808755,-0.005802912220166517,0.039113749260074104,281.58367341097033,0.0,0.0,-0.6265451026188937,867.9552943805321,-0.7307029346833829,-0.6826955553137078,0.0,-4850.5661500761535
0.0011982750730569994,-0.008415113596933213,0.19694442868665255,280.988306766648,0.0,0.0,-0.6205398012230362,1424.4588441373385,0.1409735380067058,-0.9900133643450839,0.0,-5119.094392255857
0.0036294444717244975,-0.007686165027285616,0.13445387071652984,281.0544972144806,0.0,0.0,-0.6020855079604219,1206.4645994198052,0.42699346726170556,-0.9042547090924253,0.0,-5030.850684427399
0.0015589950218592651,0.008355808430177062,-0.02638571714334928,281.69460775822154,0.0,0.0,-0.6033387875421923,632.9891901345208,0.18341117904226648,0.9830362859031836,0.0,-5053.119454493685
0.005802068949996282,-0.006211762704698969,-0.015091451969301811,281.4604282297833,0.0,0.0,-0.6050926738790444,676.1369640954512,0.682596347058386,-0.7307956123175258,0.0,-4865.938453734216
0.0030036790131187153,0.007951598102655225,0.1901163337356709,281.04336356852747,0.0,0.0,-0.6366725087506894,1406.4642590034296,0.3533740015433782,0.9354821297241441,0.0,-5071.062619860772
0.008252347345903027,0.002036851315773266,0.025851664957734333,281.61289209416486,0.0,0.0,-0.595904148664827,816.3182804384057,0.9708643936356501,0.23962956656156073,0.0,-4667.201637384648
-0.0063409255208876514,-0.005660623953112914,-0.17708696790363396,281.8668517123763,0.0,0.0,-0.6079246420130274,100.2261538471452,-0.7459912377514883,-0.6659557591897546,0.0,-4782.627574476877
-0.006152943952605427,-0.005864407959555363,0.07648215575936682,281.48641527151295,0.0,0.0,-0.6093567480978505,996.9548490541167,-0.7238757591300502,-0.6899303481829839,0.0,-4864.961312316022
0.005033190018190283,-0.006849598399964022,0.04599587700561156,281.24889069095536,0.0,0.0,-0.590805159022662,893.5569802219562,0.5921400021400333,-0.8058351058781202,0.0,-4933.063253106273
0.0001130092180123532,0.008499248726601913,-0.08991808878464976,281.8023778259507,0.0,0.0,-0.5904821157171539,406.0281433978015,0.013295202119100374,0.9999116148943427,0.0,-5050.797859260583
-0.005955281211955663,0.006065033032599898,0.0645698834078651,281.24582741202494,0.0,0.0,-0.6494314600996073,961.7749451467552,-0.7006213190536074,0.7135332979529291,0.0,-4876.340724862305
-0.006983011451686606,0.004846395677780935,-0.03574652271044332,281.4424184113314,0.0,0.0,-0.6321308503457066,601.6926537494996,-0.8215307590219536,0.5701641973859923,0.0,-4768.447842788268
-0.00849477708601688,-0.0002979299563363483,-0.16114657922986445,281.79669242242744,0.0,0.0,-0.5971926179747633,155.9581960910049,-0.9993855395313975,-0.035050583098393914,0.0,-4592.306110999175
0.0031425603444264548,-0.007897741099937267,0.14086896333177187,281.1556648139374,0.0,0.0,-0.6029594034914882,1226.8161053859471,0.36971298169722994,-0.9291460117573254,0.0,-5052.651529025801
0.00771244856844235,0.0035732530107916455,0.05288746303749883,281.63128886147143,0.0,0.0,-0.6103798864337153,918.2661813587279,0.9073468904049823,0.42038270715195825,0.0,-4726.946832359385
0.007283582787151833,0.004381714479824713,-0.03098965045265495,281.70625901435847,0.0,0.0,-0.5900666579797222,621.0188101954973,0.8568920926060979,0.5154958211558486,0.0,-4743.609517853915
-0.006135856193454779,-0.005882284315913557,0.08183471849000803,281.4629443344705,0.0,0.0,-0.607015632674446,1017.5480499444793,-0.7218654345240917,-0.6920334489310067,0.0,-4867.676185733558
-0.0016545763913945527,-0.008337408288253597,0.12328620931819653,281.1828421111215,0.0,0.0,-0.5902253207802618,1166.5100447255857,-0.19465604604641795,-0.9808715633239526,0.0,-5091.404758310391
-0.00801343914982605,-0.00283457104198063,0.16234668018636064,281.28981157959487,0.0,0.0,-0.591463716987335,1306.1652419088025,-0.9427575470383588,-0.3334789461153682,0.0,-4727.488037692438
-0.0017828772013664849,0.008310917451451892,0.1014651984657258,281.10611024597256,0.0,0.0,-0.6494287450726348,1089.8861542284976,-0.20975025898429234,0.9777549942884579,0.0,-5082.864495016723
0.007036346715798652,-0.0047686292469712455,-0.14347354112335378,281.6529199378331,0.0,0.0,-0.6482091433151769,218.7452184380775,0.8278054959763119,-0.5610152055260288,0.0,-4734.991845488824
-0.0016990073317562076,0.0083284676913967,0.046010039829177424,281.28005895787663,0.0,0.0,-0.6436174780321647,889.6746840146251,-0.1998832155007303,0.9798197283996116,0.0,-5069.764705098219
0.002718068341790412,0.008053701291291895,-0.0362995168809431,281.68739893297135,0.0,0.0,-0.5968439608711837,598.1554693414133,0.3197727460929896,0.9474942695637523,0.0,-5020.2690772037695
-0.00798126909262041,0.002923926071428995,-0.1645128275448619,281.6922688357268,0.0,0.0,-0.5910812406200604,145.08489304684045,-0.9389728344259305,0.3439913025210582,0.0,-4642.927619254569
-0.004765445864630882,-0.007038503087395249,-0.13230733129878913,281.9728293988436,0.0,0.0,-0.634876307474358,255.38486408264055,-0.5606406899565742,-0.8280591867523821,0.0,-4901.202998491566
0.008497586130215002,0.00020255853370731904,0.03690060705825504,281.4648898725574,0.0,0.0,-0.5950605798985331,865.6651094504017,0.9997160153194118,0.023830415730272825,0.0,-4645.150033903394
-0.004441939349275261,-0.007247011440404939,-0.10182193810126909,281.91352833126217,0.0,0.0,-0.6457392108284413,366.0055403357798,-0.5225810999147366,-0.8525895812241104,0.0,-4927.521876411239
-0.008268823914063935,-0.001968895903343898,-0.0888312977582104,281.66304022099365,0.0,0.0,-0.6328657488290208,411.4731640132871,-0.9728028134192865,-0.2316348121581056,0.0,-4634.775274726127
0.00849940142485299,0.00010087328291962797,-0.14471919649679427,281.717878877583,0.0,0.0,-0.6377985810037856,216.48334464543038,0.9999295793944692,0.011867445049367997,0.0,-4596.23486645174
0.008486609986100846,0.00047691817307943073,0.08470016809103406,281.48531134698015,0.0,0.0,-0.6135514565967833,1032.3456761944647,0.9984247042471582,0.05610802036228597,0.0,-4659.109603719046
-0.0022699457557217033,0.00819129698314504,0.092941268984889,281.2364459425398,0.0,0.0,-0.6497702225705619,1060.6104859961495,-0.26705244184961213,0.9636819980170634,0.0,-5068.55597946353
0.008241030007639809,-0.002082168200021364,0.06717524069332406,281.39305869304576,0.0,0.0,-0.5987142103168877,971.02570360215,0.9695329420752716,-0.24496096470839576,0.0,-4679.42521021345
0.00017774527307368217,0.008498141362550988,0.06860504980051715,281.3669320545089,0.0,0.0,-0.6457258990735169,971.8119937614631,0.020911208596903784,0.9997813367707045,0.0,-5093.2138302695175
-0.006047558984406659,-0.005973025224299853,-0.07800524875906487,281.80359074237373,0.0,0.0,-0.6474387076238215,450.85060412743894,-0.711477527577254,-0.7027088499176297,0.0,-4831.343642739182
-0.004529734092481328,-0.007192461960372983,0.14208937823468878,281.2641438894851,0.0,0.0,-0.590029919763703,1233.4213263166653,-0.5329098932330973,-0.8461719953379979,0.0,-4988.164640607476
0.0055574611546950585,0.00643153368288276,0.00960950154865542,281.70116026220524,0.0,0.0,-0.6039284913371423,764.6202843403256,0.6538189593758892,0.7566510215156187,0.0,-4889.487297030755
-0.007757286218280337,-0.0034748396405701893,0.007654608470772151,281.65272651075963,0.0,0.0,-0.6457551435889357,757.1916666857753,-0.9126219080329807,-0.4088046635964928,0.0,-4710.587026753804
-0.005046535414169284,-0.0068397719489421025,-0.1168467561036434,281.878812205262,0.0,0.0,-0.6396747041121846,311.47352429408676,-0.5937100487257981,-0.8046790528167179,0.0,-4888.554556652141
-0.0077811402197206486,-0.0034210900135842235,-0.1444538521218032,281.7585151137929,0.0,0.0,-0.6131983454887989,217.45500204715967,-0.9154282611436056,-0.4024811780687321,0.0,-4667.520171882948
-0.006285197392568235,-0.0057224377442182325,0.1341491654784773,281.3381060075774,0.0,0.0,-0.591790250704904,1205.093141875141,-0.7394349873609688,-0.6732279699080274,0.0,-4870.415035283869
0.008291568212699777,-0.0018708010514607472,0.012667419675628122,281.5136268965197,0.0,0.0,-0.5900115792417571,771.5753684523024,0.9754786132587973,-0.22009424134832317,0.0,-4659.7128250434
-0.007311395837710951,-0.004335146007264691,-0.15705293149820587,281.81640884136993,0.0,0.0,-0.611111173224512,170.38337699459214,-0.8601642162012882,-0.5100171773252578,0.0,-4707.315556960226
-0.0073915008927825515,-0.004197107879480196,0.10337352011649312,281.4485014910274,0.0,0.0,-0.6048387919143733,1097.5068733601065,-0.869588340327359,-0.4937773975859054,0.0,-4770.013451136997
-0.0010119585462408064,0.008439546190447103,-0.14469877686198834,281.9566635110824,0.0,0.0,-0.5940757281591427,214.49892160355188,-0.11905394661656545,0.9928877871114238,0.0,-5029.941886369275
-0.006072108020124113,0.0059480672652504896,0.15547500777917614,281.10669249509687,0.0,0.0,-0.6188976136712958,1281.9803436839272,-0.7143656494263662,0.699772619441234,0.0,-4892.172763289789
-0.007462732113865135,-0.004069106707458779,-0.029439949287823952,281.7213955435291,0.0,0.0,-0.6499654007580709,622.8792725667035,-0.8779684839841334,-0.478718436171621,0.0,-4727.936867117805
0.0028690194278644687,-0.008001170384546017,-0.11072586554732992,281.7915472240147,0.0,0.0,-0.6492884436452442,336.2382137976847,0.33753169739581984,-0.9413141628877666,0.0,-4995.164895894274
-0.007139527636334665,-0.004612715591710978,-0.0734521653131591,281.73164577087636,0.0,0.0,-0.6455438933965443,465.9186861389371,-0.8399444278040782,-0.5426724225542326,0.0,-4744.8703991097345
-0.008371451474717155,0.0014726846934955183,0.0814630163220543,281.45756719136847,0.0,0.0,-0.6342911705628743,1019.4608567421063,-0.984876644084371,0.17325702276417862,0.0,-4670.063849420683
-0.00023761187889621453,0.008496678209453823,0.16228383974008623,280.99658673959374,0.0,0.0,-0.6375932905224296,1307.3997367416853,-0.027954338693672295,0.9996092011122144,0.0,-5118.1957309367435
-0.00848850894715606,0.00044183238230298156,0.05307261029721691,281.4444226960892,0.0,0.0,-0.6417176629172999,917.5929686807577,-0.9986481114301247,0.051980280270939004,0.0,-4650.42785080287
-0.007415622401384498,-0.004154340429007285,0.021802611363286456,281.70541885324377,0.0,0.0,-0.6399170248192119,807.5539419150963,-0.8724261648687643,-0.48874593282438644,0.0,-4745.953419312515
0.007379164872340252,0.004218758796947236,-0.057053468515401995,281.7178171087276,0.0,0.0,-0.5918703496609218,527.0463632051973,0.8681370438047354,0.4963245643467336,0.0,-4728.08172405827
0.0073132727332674615,-0.004331978985272976,-0.1716048642481975,281.81063713643005,0.0,0.0,-0.649992067787108,114.61216765015067,0.8603850274432308,-0.5096445865027031,0.0,-4703.244216570221
0.008057881240252132,-0.0027056514775544876,-0.028961015596419476,281.5285375215996,0.0,0.0,-0.5984161884372885,623.5803618480253,0.9479860282649566,-0.31831193853582207,0.0,-4671.811867119702
0.0022808617254698655,0.00818826414994574,0.12377684445803325,281.214325289962,0.0,0.0,-0.6499556232866698,1170.3033902790344,0.26833667358469004,0.9633251941112635,0.0,-5076.526410712045
-0.0007219748047339598,-0.008469282872907798,0.15475925057047527,281.07300386231674,0.0,0.0,-0.5973634191396812,1277.370798231278,-0.08493821232164232,-0.9963862203420939,0.0,-5113.346394581844
-0.005218827879616934,-0.006709235095220097,0.14226112948427003,281.24635581285844,0.0,0.0,-0.5900401770512138,1231.4219093525487,-0.6139797505431687,-0.7893217759082466,0.0,-4947.300321111634
-0.007966352246633716,-0.0029643265478948083,0.14742507736575097,281.31743669875954,0.0,0.0,-0.5940567719870339,1256.560358011566,-0.9372179113686725,-0.34874429975233034,0.0,-4728.06700764544
0.006006739847995589,-0.006014073195306318,-0.20198439185683914,281.91157619674635,0.0,0.0,-0.6421582133086106,12.891878079778587,0.7066752762347751,-0.7075380229772138,0.0,-4801.077489341126
-0.0016005158332320227,-0.008347954783512763,-0.11898500669056941,281.8778824547534,0.0,0.0,-0.6471162086957902,307.5279434306995,-0.18829598038023795,-0.9821123274720897,0.0,-5027.476827786884
0.0010378007594386493,0.008436407386068347,0.004160197853651154,281.5381439386524,0.0,0.0,-0.6182416514867254,748.1724790980194,0.12209420699278227,0.9925185160080409,0.0,-5069.557072675936
0.008333624217272052,-0.0016735314174812438,0.1188852939343106,281.3535932336217,0.0,0.0,-0.6215868968700192,1149.7087206525798,0.9804263785025943,-0.19688604911544044,0.0,-4683.952265658148
0.008495481109731104,-0.00027712941778521466,0.06406365858848936,281.40268567204885,0.0,0.0,-0.6025289232083938,953.9952278776395,0.9994683658507181,-0.03260346091590761,0.0,-4652.65552453284
0.0032621657436429988,-0.007849093875155408,0.10485114598243309,281.19227878454586,0.0,0.0,-0.5927300494290902,1097.160006837822,0.3837842051344704,-0.9234228088418126,0.0,-5038.323056174873
-0.008104391274629504,0.002562975237435819,-0.11731472888977458,281.6289575083093,0.0,0.0,-0.6047479762437045,311.45002722270567,-0.9534577970152356,0.30152649852186103,0.0,-4643.529337536104
0.00029260013516924706,-0.008494962340169552,-0.1901549208821171,282.07049585428376,0.0,0.0,-0.6277683225999412,54.85864405409827,0.034423545314029066,-0.9994073341375943,0.0,-5023.461434697124
-0.00822873882814449,-0.0021302247060315657,-0.047706725416315154,281.61819229613354,0.0,0.0,-0.6466404965415741,556.5011324897185,-0.9680869209581752,-0.2506146712978312,0.0,-4649.83602857108
0.0039714451968550935,0.007515159549096521,-0.003812966713365229,281.70199982970166,0.0,0.0,-0.6044580541277775,713.7661162862009,0.4672288466888345,0.8841364175407671,0.0,-4977.923779052162
0.008413420958209834,0.0012101023840797656,0.06035226405157587,281.50212498820514,0.0,0.0,-0.6055368161570228,943.7449230605797,0.9898142303776274,0.14236498636232536,0.0,-4660.1098981535615
0.002688170173330763,0.008063729975589143,0.028301964100117427,281.54112056314017,0.0,0.0,-0.6233512965997435,830.260609648085,0.3162553145095015,0.9486741147751931,0.0,-5038.585543340098
-0.0075575275003500674,-0.0038902156857239245,0.11338492810793752,281.4528919914625,0.0,0.0,-0.6020315924339554,1130.7544540986523,-0.8891208823941256,-0.4576724336145793,0.0,-4757.584531421448
-0.004578460505854643,-0.007161543087654312,0.12000905310187224,281.3083958477317,0.0,0.0,-0.5913443549241619,1155.1677652973522,-0.5386424124534874,-0.8425344809005072,0.0,-4979.537865494975
0.004287506352015977,0.007339433852922353,0.08544253046741376,281.3768657910864,0.0,0.0,-0.6411131329691795,1029.2561562018839,0.5044125120018796,0.8634628062261591,0.0,-4985.97353353898
0.004420353744372631,-0.0072601978467952836,0.016270073912660027,281.31210147970774,0.0,0.0,-0.598558141883173,784.9357309169908,0.5200416169850154,-0.8541409231523862,0.0,-4960.370097087034
0.004031380499996605,-0.007483179221710993,0.17773192572895244,281.01577689343645,0.0,0.0,-0.6222857969888353,1361.1660040705356,0.47428005882313,-0.8803740260836461,0.0,-5023.709882548773
0.0059287178432439035,0.006091001948382661,0.15204439245505277,281.21772262232923,0.0,0.0,-0.6499976044363224,1269.3819823811616,0.6974962168522238,0.7165884645156071,0.0,-4901.7319700655535
-0.007927911130819318,0.003065652475710705,-0.20165061794115488,281.85972736494773,0.0,0.0,-0.5915008581694216,11.901207514558989,-0.9326954271552138,0.3606649971424359,0.0,-4638.133480370766
0.004307926280811012,-0.007327466899215432,0.13099923561131918,281.10616524792124,0.0,0.0,-0.6029972941530195,1193.7894658816642,0.5068148565660013,-0.8620549293194625,0.0,-4997.127164895677
0.001502373964173971,0.008366174303214832,-0.11789429873327263,281.938511476039,0.0,0.0,-0.5925295858798152,308.6809283077742,0.1767498781381142,0.9842558003782156,0.0,-5029.623993745465
-0.0014079461165488595,-0.008382582402392176,0.1453895418523304,281.20222614997226,0.0,0.0,-0.5935422763568186,1245.3298602698721,-0.16564071959398347,-0.9861861649873148,0.0,-5101.934737138515
-0.007965221729082822,0.002967362938123155,-0.11956636310241067,281.6002243269679,0.0,0.0,-0.6026141097182637,302.2061263031787,-0.9370849093038612,0.34910152213213586,0.0,-4656.54484366764
-0.007070321641644527,-0.004718108930884603,-0.014382112759831589,281.6965901868226,0.0,0.0,-0.6479909704696736,678.5945478848573,-0.8318025460758266,-0.5550716389276004,0.0,-4766.707375091889
0.008229814585916633,-0.002126064881755455,-0.0833420657483571,281.501814199655,0.0,0.0,-0.6187768589244514,427.9563511623899,0.9682134806960745,-0.25012528020652414,0.0,-4640.167502131001
9.164695248941417e-05,0.008499505917175387,0.02475883139718424,281.463128536684,0.0,0.0,-0.6308104974099707,816.1326113736056,0.010781994410519314,0.999941872608869,0.0,-5081.591462684158
0.008457575207651476,-0.0008481872475574574,-0.0007187422953219835,281.4799278175772,0.0,0.0,-0.5901845179842888,725.8352612937315,0.9950088479589971,-0.09978673500675969,0.0,-4639.188419393911
-0.007853492905967192,0.0032515610367826425,0.0443649105662382,281.4606170364773,0.0,0.0,-0.6487699901158763,888.1837483169464,-0.923940341878493,0.3825365925626638,0.0,-4711.289848529384
0.007674363246854324,-0.003654332874182587,0.10938739869302336,281.23686421055504,0.0,0.0,-0.6100277053229044,1121.922327621254,0.9028662643358027,-0.4299215146097161,0.0,-4745.6741425124355
-0.005372023130220369,-0.006587212421683193,0.08204942979210109,281.5124401319369,0.0,0.0,-0.6037287918578699,1022.5718483464651,-0.6320027212023963,-0.7749661672568462,0.0,-4921.265188224356
0.008491957070827784,-0.00036968244104637653,0.03152054146975872,281.47305448854826,0.0,0.0,-0.592851594792618,834.8847116436809,0.9990537730385628,-0.043492051887809004,0.0,-4644.289016412289
0.001424866715579041,0.008379722838067797,0.07146976275593955,281.41474356312546,0.0,0.0,-0.6439917366021622,984.1258006526949,0.16763137830341657,0.9858497456550348,0.0,-5081.810691641497
-0.008477157323718178,0.0006227388770032393,0.11832772853154902,281.37335688065656,0.0,0.0,-0.614947346958569,1146.7478468004185,-0.9973126263197857,0.07326339729449874,0.0,-4669.108174920945
0.005962508112266321,-0.006057928442228277,0.05179752923838496,281.24232519825154,0.0,0.0,-0.590000003075293,912.4920009807499,0.7014715426195671,-0.712697463791562,0.0,-4872.389475042114
7.073936708105489e-05,-0.008499705638546842,0.11688245163643571,281.1285534646008,0.0,0.0,-0.5907813537678233,1145.759279391729,0.008322278480124104,-0.9999653692408049,0.0,-5106.3282319962
-0.007682802612104868,-0.003636556616283407,0.1812162581018378,281.30942060068406,0.0,0.0,-0.5900903013424262,1371.7339379315347,-0.9038591308358668,-0.42783019015098905,0.0,-4764.156011582141
-0.0059893565401998965,-0.00603138526661701,-0.056570174119176864,281.77697703562245,0.0,0.0,-0.6499087056105821,527.5199417020586,-0.7046301811999878,-0.70957473724906,0.0,-4841.36101161844
-0.0056610501588026515,-0.006340545015968303,0.03050117273677319,281.62129048989675,0.0,0.0,-0.6277534563534128,837.6015401093961,-0.666005901035606,-0.7459464724668591,0.0,-4888.015142971694
-0.002891123282647088,-0.007993210003780456,0.045727352447078234,281.4915944618098,0.0,0.0,-0.6096086680017585,888.8800667852248,-0.34013215089965737,-0.9403776475035829,0.0,-5036.364766837891
0.005726881750143972,0.006281148415685458,-0.02140181609960387,281.738848353357,0.0,0.0,-0.5937236604668669,648.178500061424,0.6737507941345848,0.7389586371394655,0.0,-4869.524390996457
-0.0078567818594892,-0.0032436058349314613,-0.02802319163567127,281.6339530121642,0.0,0.0,-0.6499784296165002,630.0135361427044,-0.9243272775869648,-0.3816006864625248,0.0,-4691.553979651709
0.008478499130737074,0.0006041957382261863,0.07969086680732992,281.4446404813461,0.0,0.0,-0.6117553413962967,1010.6349596095905,0.9974704859690675,0.07108185155602191,0.0,-4658.603633493582
-0.004740551853216938,0.007055293624432754,-0.007509302392659178,281.3903854827358,0.0,0.0,-0.6337614312386443,701.4427246118765,-0.5577119827314044,0.8300345440509121,0.0,-4936.126540613999
0.0009416547634366418,-0.008447679344441116,0.013172638149980181,281.4402450384472,0.0,0.0,-0.6107660150804693,774.1599342663286,0.11078291334548726,-0.9938446287577783,0.0,-5073.134066719184
0.005563523829867537,0.006426289955681744,-0.12062927345618063,281.9116309062414,0.0,0.0,-0.60357423193207,300.99896148987114,0.6545322152785337,0.7560341124331462,0.0,-4854.13458341646
0.005620898416774096,-0.006376166637432437,0.0971434080454934,281.258916919621,0.0,0.0,-0.5959449729941438,1078.311591417683,0.6612821666793054,-0.7501372514626395,0.0,-4908.653459827227
0.005089907750658615,0.006807557498088824,0.08174318956787627,281.43245184998204,0.0,0.0,-0.6372028316604093,1016.8816522260769,0.5988126765480724,0.8008891174222146,0.0,-4939.157386138509
-0.005073411180118752,-0.006819860628887225,0.08116653910241065,281.41711559340894,0.0,0.0,-0.602955211594157,1019.6736728699753,-0.5968719035433826,-0.8023365445749676,0.0,-4940.023718074291
-0.0027015984775071718,-0.008059241010562405,-0.006347061730007347,281.67251346360126,0.0,0.0,-0.6322523427686618,706.5585238598051,-0.3178351150008437,-0.9481460012426358,0.0,-5028.84869923561
-0.0009024475550942176,0.008451957667327994,-0.07857886908587797,281.72473030805145,0.0,0.0,-0.5932932620443443,449.0689662470171,-0.1061703005993197,0.994347960862117,0.0,-5048.95812599068
-0.0026602681900977886,0.008072977960873785,0.0048667479418786075,281.40431397247477,0.0,0.0,-0.6314861695969778,747.6186896999473,-0.3129727282467986,0.9497621130439746,0.0,-5033.206864266907
0.003841872589077715,0.007582217024676444,-0.12730269287490836,282.0221319341603,0.0,0.0,-0.6001799301572559,274.6267990057264,0.45198501047973116,0.8920255323148757,0.0,-4950.957821117501
0.0007806867171228054,-0.008464072793266138,-0.17686432484631162,282.0799744270164,0.0,0.0,-0.6349883363494305,103.45604781085045,0.09184549613209475,-0.9957732697960161,0.0,-5023.83693390265
0.008499578457980902,8.465244607806481e-05,-0.061672978090238,281.4835365645822,0.0,0.0,-0.6021895360041489,509.70336563108066,0.9999504068212826,0.009959111303301743,0.0,-4618.497232159181
0.00272555326888102,-0.008051171304753862,0.14449046916098066,281.0725863618563,0.0,0.0,-0.6030389469905937,1245.587505139929,0.3206533257507082,-0.9471966240886895,0.0,-5068.52557128996
-0.006642310453246921,-0.005303745077083428,0.05594442453238843,281.53315057622575,0.0,0.0,-0.6211890104045218,930.3794844566454,-0.7814482886172848,-0.6239700090686385,0.0,-4821.318451528123
0.00803400376357864,-0.0027757491829782234,-0.1832198323140149,281.7519775477666,0.0,0.0,-0.6499999812767708,75.23563108064111,0.9451769133621928,-0.3265587274092027,0.0,-4632.765324699801
0.0033294086436973093,-0.007820808019845114,0.06028510625949504,281.23004249189466,0.0,0.0,-0.5908919795267437,942.7271053364669,0.3916951345526246,-0.9200950611582487,0.0,-5023.667018388721
-0.008183942902726024,-0.0022963184807252594,0.11168467521485356,281.4005939549827,0.0,0.0,-0.6079233074093343,1127.3949119796644,-0.9628168120854145,-0.27015511537944226,0.0,-4697.077047156104
0.008468277591803745,-0.0007336720167449469,0.19439123021599922,281.37223454598234,0.0,0.0,-0.6490747830821558,1419.4301974196585,0.996267951976911,-0.08631435491117022,0.0,-4690.43181855214
0.006658074709613876,-0.005283941820383729,-0.0769722756623335,281.5367938713336,0.0,0.0,-0.6282799029042895,454.8737623820455,0.7833029070133971,-0.6216402141627916,0.0,-4784.380986231888
0.00523768023377518,-0.006694528046749882,-0.14984091034183977,281.84708635289365,0.0,0.0,-0.6499431250096793,198.24492324227074,0.6161976745617859,-0.7875915349117507,0.0,-4867.730967532634
-0.008107604534664702,-0.0025527923357539987,-0.06591183233421682,281.61318647206247,0.0,0.0,-0.6428473475334964,491.8586128790107,-0.953835827607612,-0.3003285100887057,0.0,-4657.003111814154
0.007127080670176903,-0.0046319241272705204,-0.19377084258815938,281.87874645987705,0.0,0.0,-0.6475822452601224,43.447506702621006,0.8384800788443414,-0.54493225026712,0.0,-4713.671210016753
0.005452873840987074,-0.0065204422299625425,0.04961576725757291,281.26963416648033,0.0,0.0,-0.5901946317283387,904.3422027382501,0.641514569527891,-0.7671108505838284,0.0,-4907.233532429723
-0.0007506699740976334,-0.008466787737388263,0.121283419626838,281.1818906896066,0.0,0.0,-0.5905945722977902,1156.7088518930736,-0.08831411459972158,-0.9960926749868545,0.0,-5104.107725597711
-0.001156536628839461,-0.008420951432359212,-0.14494694519057158,281.96537264534845,0.0,0.0,-0.641179637370882,213.3054171507167,-0.13606313280464247,-0.9907001685128484,0.0,-5027.965997704983
-0.007906274754820333,0.00312102859667942,0.08171901772971593,281.30633805376647,0.0,0.0,-0.6391986690228535,1018.135678997137,-0.9301499711553332,0.3671798349034611,0.0,-4716.245868223134
-0.0024443393412655425,0.008140958492999553,0.2024410049523979,280.91166575138516,0.0,0.0,-0.6125060550516491,1445.219665907979,-0.2875693342665344,0.9577598227058296,0.0,-5092.927146668463
-0.007530759727465941,-0.003941783597202809,-0.10882672614867395,281.78328296233946,0.0,0.0,-0.6312738632697721,344.586035046816,-0.8859717326430518,-0.4637392467297422,0.0,-4700.426384808715
0.0022599338887841344,0.008194064853192524,-0.14028428643986307,281.9740403206316,0.0,0.0,-0.6001588269330866,227.42838960680703,0.2658745751510746,0.9640076297873558,0.0,-5006.259464945397
-0.00011653013327089676,-0.008499201181760547,-0.1523892972019923,281.9349377089074,0.0,0.0,-0.6413641805421166,183.78610374897343,-0.013709427443634912,-0.9999060213835936,0.0,-5034.032369307977
0.005412149867946101,-0.006554283622707443,-0.08234423205359996,281.6359783280213,0.0,0.0,-0.6362311368030021,435.94093346504906,0.6367235138760119,-0.771092190906758,0.0,-4874.524238484839
-0.0009441679430613649,0.008447398824211822,0.16739618813086557,280.9780168435039,0.0,0.0,-0.6334517241063218,1321.0443371552265,-0.11107858153663115,0.9938116263778614,0.0,-5114.482253863831
-0.0048423673324544045,0.006985805509572852,-0.0027312426072407248,281.3969019534813,0.0,0.0,-0.636044051899682,718.7961098103834,-0.5696902744064005,0.8218594717144532,0.0,-4931.466543741753
0.008030675127304909,-0.0027853647875433303,0.04353294963207763,281.4030442170148,0.0,0.0,-0.5916507492510772,883.2928827702614,0.944785309094695,-0.32768997500509767,0.0,-4693.9270885288
0.008493661829099552,-0.00032819008653105794,0.12190363271053326,281.37349062653936,0.0,0.0,-0.6276758058323373,1163.389397379789,0.9992543328352413,-0.03861059841541858,0.0,-4668.361795134834
-0.004056977424776419,0.007469332913644599,0.11623343270986528,281.106350929009,0.0,0.0,-0.6427892860755288,1142.8573223203264,-0.4772914617384022,0.8787450486640703,0.0,-5005.949438150237
-0.00816392097661539,0.0023665152202297793,-0.10289598559393454,281.4931962318095,0.0,0.0,-0.6114728938230966,363.7856979451348,-0.9604612913665166,0.2784135553211505,0.0,-4641.499967388691
0.002911095281310618,0.007985957942734927,0.16174656172651844,281.1096644895883,0.0,0.0,-0.6454433238243696,1301.55915853094,0.34248179780124915,0.9395244638511678,0.0,-5066.78615499672
0.006973680515499872,0.004859812760563667,-0.0036788079369725057,281.63756667101734,0.0,0.0,-0.5944596298081823,714.8395811603295,0.8204330018235143,0.5717426777133726,0.0,-4777.844466136915
-0.004062526661832858,0.007466316168091008,0.12954038404366272,281.1248378042811,0.0,0.0,-0.6383482951683048,1189.5277288788561,-0.47794431315680674,0.8783901374224714,0.0,-5009.245199931715
0.006171754692330305,0.0058446081149807535,-0.05501456338467542,281.80815077099163,0.0,0.0,-0.5901080799191574,531.2983169706754,0.726088787332977,0.687600954703618,0.0,-4828.269827269582
0.00846252363450561,0.0007973040420278545,-0.03043864398951862,281.67447508206266,0.0,0.0,-0.5920577030881715,617.7397709249152,0.9955910158241894,0.09380047553268876,0.0,-4630.704887391867
-0.0015861352301885455,-0.008350699074422136,-0.10980751473097768,281.9294408580143,0.0,0.0,-0.6486628332636021,339.8132737436205,-0.18660414472806416,-0.9824351852261337,0.0,-5030.218160262234
0.006682562389876983,0.005252938216408188,0.19405343971988478,281.1499605666883,0.0,0.0,-0.6463499874202343,1420.6507709824527,0.7861838105737626,0.6179927313421397,0.0,-4855.105725009983
-6.222739831046589e-06,0.008499997722206106,0.11053786544850555,281.17643233223845,0.0,0.0,-0.6497699850934919,1119.046835007012,-0.0007320870389466575,0.9999997320242477,0.0,-5104.656264667554
0.00496019621123997,-0.006902641055856856,-0.01859005904486999,281.3866853547484,0.0,0.0,-0.6100461220820844,658.4332499572697,0.5835524954399964,-0.8120754183361006,0.0,-4920.177676612015
-0.004866813854868556,-0.006968796373984496,0.1423612728952536,281.22766739236914,0.0,0.0,-0.5900000228803262,1234.6691745027474,-0.572566335866889,-0.8198583969393525,0.0,-4968.948315904011
0.00837219842296578,-0.0014684323499873319,-0.001094974591008463,281.4885360282384,0.0,0.0,-0.5905421877567796,722.352929287895,0.9849645203489152,-0.17275674705733315,0.0,-4647.837979536927
0.008028347251283091,-0.002792067408358053,-0.06633393882895561,281.48463457097733,0.0,0.0,-0.6134663766528751,491.8314268173852,0.9445114413274224,-0.32847851863035915,0.0,-4664.678269951178
-0.008450358056267034,0.0009173051405518411,0.06915118295399444,281.448555262283,0.0,0.0,-0.6374113742694548,973.0727273245978,-0.9941597713255335,0.10791825182962836,0.0,-4658.677149996595
-0.0008395004010760393,0.008458441882320478,0.04061026994361669,281.3276342597452,0.0,0.0,-0.6398102132239832,873.5972422695853,-0.09876475306776933,0.995110809684762,0.0,-5081.603468640199
-0.0013685965124296607,-0.008389096708595353,-0.1636557034885776,282.03166305329955,0.0,0.0,-0.6336368363737543,144.83675643866258,-0.1610113544034895,-0.9869525539523943,0.0,-5019.68552348616
-0.005645944769625997,0.00635399934358927,0.13949013486548809,281.0949305676843,0.0,0.0,-0.6282176028724351,1225.1201340071568,-0.6642287964265878,0.747529334539914,0.0,-4918.29622916387
-0.00327949785613193,-0.007841868005241231,0.1889604481618233,281.05215195527654,0.0,0.0,-0.6020383624813166,1398.5601509755088,-0.3858232771919917,-0.9225727064989683,0.0,-5060.198481066197
0.0047828461130933475,-0.007026690761551121,-0.17204971159803173,281.88787533681744,0.0,0.0,-0.646771396081766,119.18928099224797,0.562687778010982,-0.8266695013589553,0.0,-4889.528605648485
-0.00824613323931527,0.0020618648354001896,-0.14957337343610375,281.7305177720865,0.0,0.0,-0.5953144958943339,194.06001018760867,-0.9701333222723847,0.24257233357649285,0.0,-4620.7607466337795
0.008222858464387894,0.002152811806601865,-0.05236605900780569,281.68348716877284,0.0,0.0,-0.594368612428093,539.7696668658409,0.9673951134573991,0.2532719772472782,0.0,-4649.17511509634
0.006966889969329793,0.004869542499583705,-0.14114818066961526,281.8619658419895,0.0,0.0,-0.6194676179604234,224.48018582446008,0.8196341140387992,0.5728873528922006,0.0,-4741.538940323595
-0.005670475830057131,0.006332116854633835,-0.07881118392883146,281.58240446163194,0.0,0.0,-0.6062147938864083,448.3347158587199,-0.6671148035361331,0.7449549240745688,0.0,-4858.03698513639
-0.007244755633451113,-0.004445617596192724,-0.06527930402164109,281.7479977074697,0.0,0.0,-0.6470132579889367,493.541763309703,-0.8523241921707191,-0.5230138348462028,0.0,-4737.845167818272
-0.0026575379140214234,0.008073877150139125,0.19503677434833208,281.0142853672146,0.0,0.0,-0.61506360120789,1425.3422704120326,-0.31265151929663804,0.9498679000163676,0.0,-5084.316511551171
-0.0037327504470564075,0.007636528930083366,-0.050767684724188133,281.58754213175956,0.0,0.0,-0.6104674410971977,544.6184632918352,-0.43914711141840085,0.8984151682451018,0.0,-4976.525320053828
-0.0013275063535446033,0.008395696926479583,-0.10069709017213155,281.7909379212036,0.0,0.0,-0.5905088735322755,368.56629842463246,-0.15617721806407098,0.9877290501740685,0.0,-5037.251525200212
-0.0028078198304029803,-0.008022851600272548,0.01304903839804375,281.5560300492619,0.0,0.0,-0.6240876620922422,776.514121084969,-0.3303317447532918,-0.9438648941497115,0.0,-5030.488574421055
-0.0038686202294546637,0.007568604727441786,0.17663833820008265,281.0290477345143,0.0,0.0,-0.6188638049995795,1353.4941647455291,-0.4551317917005486,0.8904240855813865,0.0,-5031.246996624153
-0.006487099165771947,0.005492498922479723,0.18515093329880264,281.1896476455025,0.0,0.0,-0.6039616320059797,1388.0882020287038,-0.7631881371496407,0.6461763438211439,0.0,-4868.393942259329
-0.007626049181766065,0.0037541142600199503,-0.1158486201613543,281.5480376601608,0.0,0.0,-0.6015587974731523,314.09001883279836,-0.8971822566783605,0.44166050117881767,0.0,-4689.74682213621
-0.008269573591624054,0.0019657447984705576,-0.009257291225212683,281.45439680115885,0.0,0.0,-0.6479125541101146,694.5869352516136,-0.9728910107793004,0.23126409393771266,0.0,-4656.048892204279
-0.001480953290718603,0.008369992673276946,-0.060297503691347565,281.676254492469,0.0,0.0,-0.5995744200442289,516.2547066495807,-0.17422979890807092,0.984705020385523,0.0,-5045.465970916738
-0.006870926160530383,0.005004035740933435,0.1255920747540585,281.2712147740134,0.0,0.0,-0.6281631460912319,1172.845467555315,-0.808344254180045,0.5887100871686394,0.0,-4821.19044405312
-0.00848250614755063,-0.0005450591314396783,0.16973044920370287,281.23210500176623,0.0,0.0,-0.5933395127082509,1333.5225144377116,-0.9979418997118388,-0.06412460369878568,0.0,-4682.346702103028
0.007480617129900387,0.004036132722773239,0.10782946548447095,281.4229991623271,0.0,0.0,-0.6363516437088982,1110.4186982231986,0.8800726035176925,0.47483914385567516,0.0,-4763.137630109934
-0.0074095246407544805,0.004165206429224389,0.015534467274907537,281.4212714207453,0.0,0.0,-0.6488804466455773,783.5768674016107,-0.871708781265233,0.4900242857911046,0.0,-4744.822256195661
-0.007332167524814866,-0.0042999208583473095,-0.16993176173360436,281.87662309479333,0.0,0.0,-0.6055386488209098,123.57234447231188,-0.8626079440958665,-0.5058730421585069,0.0,-4702.007867034397
0.003370700964214929,-0.0078031003460061026,0.05454511121210945,281.18902620605905,0.0,0.0,-0.5915910632638801,925.0398407729815,0.396553054613521,-0.9180118054124826,0.0,-5020.442151173381
0.0065928258168959685,-0.005365132593708195,-0.03586321449584931,281.4119361380367,0.0,0.0,-0.6100488858919673,600.8781743644296,0.7756265666936433,-0.6311920698480229,0.0,-4800.675670741702
-0.008469153061423894,-0.0007234959724658512,-0.20184721429214966,281.7647295735607,0.0,0.0,-0.5902670816403056,11.188991804926749,-0.9963709484028109,-0.08511717323127661,0.0,-4584.033639934962
0.00697907368419359,0.00485206456166821,0.17268033924855694,281.2620015908791,0.0,0.0,-0.649811284633537,1344.7858018357665,0.8210674922580694,0.5708311249021423,0.0,-4824.7020676948105
0.007937233092301692,0.0030414356541723724,0.04639326299680804,281.5515076717848,0.0,0.0,-0.605778125959153,896.8733060959522,0.9337921285060814,0.35781595931439675,0.0,-4703.781167724779
-0.004466890079949727,0.007231659077531706,-0.027631989153211634,281.48401503605396,0.0,0.0,-0.6238850438042196,632.2254562031421,-0.5255164799940855,0.850783420886083,0.0,-4946.072808367515
-0.0074937651273208955,-0.004011668507809345,0.04461447382094452,281.61061998990664,0.0,0.0,-0.6315601040209059,885.4975552247187,-0.8816194267436347,-0.4719610009187465,0.0,-4744.978498889609
-0.008122867089368243,0.002503803156891196,0.17482064309767395,281.2493082796258,0.0,0.0,-0.5982858266467406,1348.410126432673,-0.9556314222786166,0.29456507728131714,0.0,-4720.081276659318
0.0038899679632075595,0.007557655009671905,-0.08955715761505079,281.8752165642225,0.0,0.0,-0.5911435602066928,409.47508651081466,0.4576432897891246,0.8891358834908123,0.0,-4958.8200224049915
0.003006465424450664,0.007950544990853313,-0.04385406364265357,281.7704024649445,0.0,0.0,-0.5942258667674126,573.8045349107524,0.35370181464125455,0.9353582342180367,0.0,-5008.1880871886415
0.00030803397412506337,0.008494416699855543,-0.1425766555770557,281.9209335629594,0.0,0.0,-0.5961250344961554,217.0662075204793,0.036239291073536864,0.9993431411594755,0.0,-5036.169880616792
0.0054245739957400185,-0.006544004658062307,-0.050567845493917796,281.44471150392326,0.0,0.0,-0.6224813291888172,547.8507018693186,0.6381851759694139,-0.7698829009485066,0.0,-4882.229676778678
0.008495323574096417,0.0002819173130577178,-0.1582979569112363,281.69826688198015,0.0,0.0,-0.6419736724332601,164.95418709657366,0.9994498322466373,0.03316674271267268,0.0,-4593.0138308802025
0.008142955770506973,-0.002437677443708905,0.19661119122538886,281.18555661939087,0.0,0.0,-0.6473996736714722,1429.3539453557567,0.9579947965302321,-0.28678558161281237,0.0,-4723.937570708539
0.00565503212500933,0.0063459129890908895,-0.18528975502631323,281.92830795548514,0.0,0.0,-0.6323924780752951,70.24271960999933,0.6652978970599212,0.7465779987165752,0.0,-4830.5347460989
0.0031817792737071473,-0.00788202262451762,-0.20434883965825273,282.0779533374051,0.0,0.0,-0.6315068483473607,3.7603127580723736,0.3743269733773114,-0.9272967793550141,0.0,-4958.521601036063
0.0014072423690918352,-0.008382700574077116,0.11768382091561916,281.1422833635607,0.0,0.0,-0.5923566573582708,1145.4206094510503,0.16555792577551,-0.9862000675384842,0.0,-5094.513560264213
0.0055890220247775185,-0.006404126232871415,0.10858843621261341,281.28658967488775,0.0,0.0,-0.5993333647725765,1111.7504818564087,0.6575320029150021,-0.7534266156319311,0.0,-4913.900215549049
-0.0028891145832940003,-0.00799393625972824,-0.09342022329470151,281.8389194748661,0.0,0.0,-0.6493554810522303,397.6074972817739,-0.3398958333287059,-0.9404630893797931,0.0,-4999.103199546386
-0.006676292415592148,0.005260904825361011,-0.020536680627488646,281.44274480447166,0.0,0.0,-0.6366582920188152,649.8111846101364,-0.7854461665402527,0.6189299794542366,0.0,-4798.042859421617
-0.007327093226734777,-0.004308561807231894,-0.12044182065589189,281.7870860700313,0.0,0.0,-0.6276142965136389,301.2753777409361,-0.8620109678511502,-0.5068896243802228,0.0,-4715.738660973541
0.003794696960466397,-0.007605936824496184,-0.0571306981370619,281.61121553009207,0.0,0.0,-0.6320336689976668,528.0222038102621,0.44643493652545846,-0.894816096999551,0.0,-4971.97842459711
-0.00573866939855922,-0.006270380653041724,-0.13284549066466333,281.91704170861874,0.0,0.0,-0.6306974167208708,256.8966462935846,-0.6751375763010847,-0.7376918415343204,0.0,-4838.801798244017
0.003808216924941832,0.007599176524636508,-0.10112169883376192,281.8719108341792,0.0,0.0,-0.5929014816777897,367.6233457428945,0.44802552058139195,0.8940207676042949,0.0,-4959.549966597191
-0.006707492516075273,0.005221067337891192,0.026847615552238524,281.27587718335616,0.0,0.0,-0.6490674386353994,826.5891428801783,-0.7891167665970908,0.6142432162224931,0.0,-4808.212699423853
-0.008270241639887812,0.001962932300887061,-0.19571063715283274,281.78010863226194,0.0,0.0,-0.5901232548856682,33.29786803021731,-0.9729696046926837,0.230933211869066,0.0,-4605.95753335238
-0.0047498673207179015,-0.00704902549545511,-0.12427665097838549,281.961867998754,0.0,0.0,-0.638014968496761,286.3573772455884,-0.558807920084459,-0.8292971171123658,0.0,-4904.260315602235
-0.007080390487029151,0.004702985280775086,0.11189939471412405,281.2922651453296,0.0,0.0,-0.6328396923805337,1127.1817366197574,-0.8329871161210766,0.5532923859735395,0.0,-4799.7200731513085
-0.0014894011193972928,-0.008368493550546485,-0.08242739651626159,281.85792824934094,0.0,0.0,-0.6497410820799788,437.1674084464728,-0.17522366110556384,-0.9845286530054687,0.0,-5039.375866821034
-0.007600661323430898,-0.003805252612705452,-0.0676421880485148,281.6900630395877,0.0,0.0,-0.6452174476976036,485.5975778778863,-0.8941954498153998,-0.4476767779653473,0.0,-4705.0344748023745
-0.007909157134999435,0.0031137169771653186,-0.1546416921445116,281.6531667857041,0.0,0.0,-0.5923295653009217,179.49740410600094,-0.9304890747058159,0.3663196443723904,0.0,-4652.554401537575
-0.008446093614227965,-0.0009557733307105879,0.050922608784456175,281.50960780009297,0.0,0.0,-0.6388108631353042,908.738402925135,-0.9936580722621134,-0.11244392126006915,0.0,-4654.225362920884
0.0016783896793433012,0.008332647123470061,-0.06649467774445306,281.8384848503499,0.0,0.0,-0.5918499316232212,494.55451652628227,0.197457609334506,0.9803114262905954,0.0,-5040.004581214583
-0.008469882025628187,0.0007149115133641238,0.06674778895894276,281.4648064612764,0.0,0.0,-0.6377252992486924,967.2260810641055,-0.9964567088974337,0.08410723686636751,0.0,-4656.020515388278
-0.008499597321626001,8.273675246299061e-05,-0.03906010212737887,281.58034995870105,0.0,0.0,-0.6446182133419247,588.8572021491224,-0.9999526260736471,0.009733735583881247,0.0,-4624.5621484725525
-0.0034400045911727383,-0.007772796691842035,0.19724483924251965,281.02817035346,0.0,0.0,-0.60469175372384,1431.4201108057823,-0.4047064224909104,-0.9144466696284747,0.0,-5055.8529402154745
0.006849912891336428,-0.0050327620032247725,-0.1353210343966061,281.6693364467862,0.0,0.0,-0.6472165881838597,249.3476849338352,0.8058721048631091,-0.5920896474382085,0.0,-4752.945222890842
-0.006469745122952284,0.005512930077920012,0.12826914709081474,281.1945791724879,0.0,0.0,-0.6291748761614858,1183.1791049720189,-0.7611464850532098,0.6485800091670602,0.0,-4854.502326057834
-0.006097921163084143,0.0059216009227919565,0.03474167749934076,281.3088098814427,0.0,0.0,-0.6491520854033177,848.031259637445,-0.717402489774605,0.6966589320931713,0.0,-4857.867751638363
0.007338611996124186,-0.004288912912422238,-0.08882319553564301,281.5542027359232,0.0,0.0,-0.6294170101087069,414.3636646097376,0.8633661171910806,-0.5045779896967338,0.0,-4723.192923545623
0.0025861855947875074,-0.008097014515814677,0.00523598435221595,281.39892426979077,0.0,0.0,-0.6086110223171504,749.8095265648501,0.3042571287985303,-0.9525899430370208,0.0,-5035.672920102739
-0.005962906603179854,0.00605753620226525,0.14899397549874868,281.1531133268242,0.0,0.0,-0.6224200939788186,1256.3055892466127,-0.7015184239035122,0.7126513179135588,0.0,-4898.4376298330235
0.0052077782548935045,-0.006717815541368963,-0.03081157701757989,281.4320994940336,0.0,0.0,-0.6144148477294963,619.2860744287522,0.6126797946933534,-0.7903312401610544,0.0,-4901.567805773532
-0.008404070391106399,-0.0012734209285734102,0.15938748192853855,281.4242497573359,0.0,0.0,-0.5944027161887417,1294.3304013979398,-0.9887141636595762,-0.14981422689098942,0.0,-4687.637988286295
0.0064298467665553525,-0.005559412789010875,0.07297805381455127,281.28885781825306,0.0,0.0,-0.5924322854546564,989.874315458817,0.7564525607712179,-0.6540485634130441,0.0,-4842.802468105858
0.006808600485060913,-0.005088512497265611,0.185100904471125,281.1026950524155,0.0,0.0,-0.6375293836879351,1388.430062209965,0.801011821771872,-0.5986485290900719,0.0,-4842.348445280692
-0.005520738324873669,-0.006463083501570368,0.1007669254875653,281.43391572855165,0.0,0.0,-0.5977146038164873,1084.6338836605212,-0.6494986264557256,-0.7603627648906315,0.0,-4916.421703851483
0.00354295440872676,-0.007726414049071123,0.19858424645154646,280.9670977614778,0.0,0.0,-0.6297673034334459,1437.8045382942507,0.41681816573256,-0.9089898881260144,0.0,-5051.834251622239
-0.003922508447440176,0.007540817427823092,0.13457201609450645,281.0701023524649,0.0,0.0,-0.6369304707039679,1206.6476261701255,-0.4614715820517854,0.887154991508599,0.0,-5017.404037986662
0.00558704428052693,-0.006405851716003995,0.19051594516768125,281.12704349402725,0.0,0.0,-0.6342579111575674,1406.9195754290472,0.6572993271208153,-0.7536296136475288,0.0,-4936.0153756786485
-0.008437729673412978,-0.0010269946243316552,-0.003081732901816736,281.5700826829211,0.0,0.0,-0.6499181374186142,721.0429097122933,-0.9926740792250562,-0.12082289698019472,0.0,-4640.59638948297
0.0031647328836839185,-0.007888882416092261,0.11708067033328248,281.1347076337056,0.0,0.0,-0.5953241794237202,1147.257646133692,0.3723215157275198,-0.9281038136579131,0.0,-5045.417630290187
-0.007737179488530222,0.00351938255412327,-0.13088057777069945,281.6260026267102,0.0,0.0,-0.5972291126883577,263.45735043609835,-0.9102564104153201,0.4140450063674435,0.0,-4675.316336257924
-0.008456301210236845,-0.0008607960511914921,0.1573985463238791,281.3786956986488,0.0,0.0,-0.5957245926834938,1286.9855994492214,-0.994858965910217,-0.10127012366958729,0.0,-4681.7413589791595
0.007312286449617954,-0.00433364360310509,-0.0032827894705886596,281.3956933952528,0.0,0.0,-0.5949937328960351,715.9789348484509,0.8602689940727004,-0.5098404238947164,0.0,-4748.491645053795
-0.00019079310227119789,0.00849785843563693,0.0020172079319857594,281.51637533640485,0.0,0.0,-0.6216000861626721,735.5883879786326,-0.02244624732602328,0.9997480512514035,0.0,-5075.319515159725
0.008149617457098067,0.0024153126718837936,-0.07225977915738732,281.66940332299737,0.0,0.0,-0.5995168162491066,473.8696768317323,0.9587785243644785,0.2841544319863286,0.0,-4651.140476117853
0.008411655851187394,0.001222311679231161,-0.03906486556045982,281.5603986836981,0.0,0.0,-0.59304375345361,587.1469516276157,0.9896065707279286,0.1438013740271954,0.0,-4633.617869886337
0.0047472498902209,0.007050788500571952,-0.050798315534775235,281.8043712341787,0.0,0.0,-0.5905964765601841,548.7383648321779,0.5584999870848117,0.8295045294790531,0.0,-4924.125399984568
0.0021467107065341437,0.008224453364355086,-0.13602916275523913,281.9713245808532,0.0,0.0,-0.5984448997965323,247.7835597020206,0.25255420076872276,0.967582748747657,0.0,-5010.439576264698
0.006362017308573652,-0.005636908351695038,0.17104458215683352,281.1558137604429,0.0,0.0,-0.629590478185893,1334.0019772420285,0.7484726245380766,-0.6631656884347104,0.0,-4874.397051186473
0.004219526372289798,-0.007378725987157329,-0.025266055297481577,281.5248438102325,0.0,0.0,-0.6160435902749385,639.2503673123825,0.49641486732821155,-0.8680854102538034,0.0,-4959.793105215287
9.687028161745524e-05,0.00849944799081325,0.10824744771737346,281.2039312408314,0.0,0.0,-0.6499118413229149,1114.4821824050277,0.011396503719700616,0.9999350577427351,0.0,-5103.984850837382
-0.0006970301173017002,-0.008471372321859924,0.032496287644316196,281.4081327276899,0.0,0.0,-0.6078794684532159,843.0357869817808,-0.08200354321196472,-0.9966320378658733,0.0,-5080.759700513557
0.007041601662858544,-0.004760866099947341,-0.06104336799424093,281.55662428123463,0.0,0.0,-0.618776113196162,514.7021631820472,0.8284237250421815,-0.5601018941114518,0.0,-4756.656729012319
-0.0031006770139028646,-0.007914278366058047,0.2041195819793538,280.93064594527124,0.0,0.0,-0.6086805654883797,1455.5055178857783,-0.3647855310473958,-0.9310915724774171,0.0,-5071.213657476071
0.005842278281131967,-0.006173960194705965,-0.14321547887650893,281.7974210524377,0.0,0.0,-0.6497316873683433,218.6671604384283,0.6873268566037608,-0.7263482582007017,0.0,-4828.712323499696
-0.008499324260954951,0.00010717792283197602,-0.1048777666429641,281.56127933574095,0.0,0.0,-0.6185291379140291,355.36893080435823,-0.9999205012888177,0.012609167391997177,0.0,-4606.932018693006
0.008432680395173961,-0.0010676616284426247,-0.04184429433475764,281.5297866199793,0.0,0.0,-0.5984042289544056,581.1144917521041,0.9920800464910541,-0.12560725040501466,0.0,-4630.715441803643
-0.006503868102578851,-0.0054726318809378525,0.09169349418466557,281.4001855458443,0.0,0.0,-0.604733243187533,1050.9300703741387,-0.7651609532445707,-0.6438390448162179,0.0,-4841.993328438878
0.008497521575444793,-0.00020524881205564346,0.13229583981437945,281.42092813860165,0.0,0.0,-0.6325733660615105,1193.7212066475468,0.9997084206405639,-0.024146919065369817,0.0,-4670.750558232012
0.0042595857618788575,0.007355673261993012,0.11240837820321112,281.3375159021345,0.0,0.0,-0.6479365245387735,1126.541888920894,0.5011277366916302,0.8653733249403543,0.0,-4994.661581639655
-0.007942267897786827,-0.003028263634458669,0.18392669764837496,281.25143235195253,0.0,0.0,-0.5900256113488497,1381.2901294320895,-0.934384458563156,-0.356266309936314,0.0,-4740.193487956035
0.006143927126591287,-0.005873853885068623,-0.1451671261131066,281.7611747982616,0.0,0.0,-0.6496449615369123,211.7308685574641,0.7228149560695631,-0.6910416335374849,0.0,-4806.169679546485
-0.008159178679215544,-0.002382814151509614,-0.1718623248856154,281.7075848825523,0.0,0.0,-0.5989266343265546,118.64632779466243,-0.9599033740253582,-0.28033107664818985,0.0,-4623.468221277678
0.003337168668081854,-0.007817499938009132,-0.1549650956992065,281.88242728906516,0.0,0.0,-0.6476253574657601,177.9103723083378,0.3926080785978651,-0.9197058750598979,0.0,-4965.601913227511
0.002161420097130722,0.008220599927238854,-0.04910106427142108,281.75225103928335,0.0,0.0,-0.5946018425486148,554.7757858876511,0.2542847173094967,0.9671294032045709,0.0,-5033.375828050903
0.002624657550044129,-0.008084625702220008,-0.18930088077858204,282.0038724065368,0.0,0.0,-0.6357955489693757,57.35321687405209,0.3087832411816622,-0.951132435555295,0.0,-4982.259239200255
0.0023934612009113717,-0.008156061762868885,-0.15863795609573417,281.93078870754454,0.0,0.0,-0.6451780340870054,164.59834693790668,0.2815836706954555,-0.9595366779845746,0.0,-4997.551277160022
0.005062035182469264,0.006828308707977647,-0.05531784527779418,281.79223580128246,0.0,0.0,-0.5901086396324721,532.8973689178256,0.5955335508787369,0.8033304362326643,0.0,-4904.108134378906
-0.006980590504243427,-0.0048498820822847335,-0.06106678318032946,281.8130190617091,0.0,0.0,-0.6483945255102923,513.6315230305123,-0.8212459416756972,-0.5705743626217333,0.0,-4761.860474346566
-0.005713649730363404,0.006293187329066107,0.20322585741111662,281.13560577089936,0.0,0.0,-0.6004454455354565,1450.7994112771078,-0.6721940859251063,0.7403749798901302,0.0,-4930.712259297751
0.00817090149619609,-0.002342299882478864,0.024827405450595752,281.47711189041667,0.0,0.0,-0.5901537906787973,819.7456822641973,0.9612825289642459,-0.2755646920563369,0.0,-4675.072807002019
-0.007547226855691033,-0.003910161990088908,0.050834213162535474,281.5473136060054,0.0,0.0,-0.6292589281609087,907.8075251777873,-0.8879090418460038,-0.4600190576575186,0.0,-4741.75016213342
0.008313265358559065,-0.0017718970280978035,0.14572594581013312,281.3468669200013,0.0,0.0,-0.6331146309239845,1245.7179964214413,0.9780312186540076,-0.20845847389385921,0.0,-4693.217376522239
-0.007831315382082727,0.003304617888100602,0.05842429816082714,281.2985541547513,0.0,0.0,-0.6463842596318228,935.918431814864,-0.9213312214214973,0.388778575070659,0.0,-4717.180275092633
-0.007491671528072237,-0.004015576884517566,0.022667219011093837,281.63215227613586,0.0,0.0,-0.6400371295266695,807.7210504338041,-0.8813731209496749,-0.47242080994324304,0.0,-4739.2812745366455
0.005534393880277511,-0.006451393987189656,-0.0020563267878688785,281.36146223020927,0.0,0.0,-0.6011939609550465,723.4681424052625,0.6511051623855895,-0.7589875279046654,0.0,-4887.915612275636
-0.008446719086781894,-0.0009502297979933276,0.121449113104551,281.3910298099872,0.0,0.0,-0.6082506679872866,1155.247079821081,-0.9937316572684581,-0.11179174094039147,0.0,-4673.082761464596
0.008160697294941687,-0.002377607970278412,0.14588030786666897,281.29300050442964,0.0,0.0,-0.6311636942880682,1252.132471322722,0.960082034699022,-0.2797185847386367,0.0,-4708.565313308942
0.004226843919762109,-0.007374536628017391,0.03704614090592656,281.3228082896319,0.0,0.0,-0.5934264576913639,859.5413291210265,0.4972757552661304,-0.8675925444726341,0.0,-4976.134610754517
0.006600916960575308,0.005355174626432761,-0.06200851246864997,281.79859889388024,0.0,0.0,-0.5910764233655654,506.01956934683744,0.7765784659500361,0.6300205442862071,0.0,-4793.010959763467
0.008096068952042266,0.0025891441682102685,-0.09827978191735252,281.6247194885394,0.0,0.0,-0.6090342135325469,378.67863997469294,0.9524787002402666,0.3046051962600316,0.0,-4649.457356890919
-0.005463674399323568,0.006511394785925382,0.07520592386593442,281.1518256348035,0.0,0.0,-0.6488328966831315,1001.9472435011019,-0.6427852234498315,0.766046445402986,0.0,-4913.381147952385
-0.0029841953689766693,0.007958930707059724,0.00047414745706100825,281.4192009873414,0.0,0.0,-0.6307362854387701,732.3159001974994,-0.35108180811490225,0.93634478906585,0.0,-5020.893498458097
-0.008477838972416565,-0.0006133892383917724,-0.10474502646137289,281.58755385787094,0.0,0.0,-0.6211343758072569,353.71796888407476,-0.9973928202843018,-0.07216343981079675,0.0,-4609.189003127381
0.0064444988046846105,-0.005542421416350315,0.14162660725722906,281.1858758697702,0.0,0.0,-0.616686508529981,1232.889453888064,0.7581763299628953,-0.6520495783941547,0.0,-4860.071589615824
-0.004909680388171115,0.006938662586263144,0.13809175525509218,281.09916973906996,0.0,0.0,-0.6319462032240698,1221.6269213531639,-0.5776094574318958,0.8163132454427228,0.0,-4965.250625968965
0.008341710491759451,0.0016327480123002158,-0.12830635164055854,281.7379277041729,0.0,0.0,-0.6260244247727319,273.7877375375492,0.9813777049128766,0.1920880014470842,0.0,-4616.811376813773
0.003567304019145571,0.00771520200869607,0.0291554939467549,281.487398071346,0.0,0.0,-0.6204112118231708,833.0152215971259,0.41968282578183186,0.9076708245524787,0.0,-5005.323389020294
-0.008222252755229182,-0.0021551240403109378,-0.04131800255487858,281.70661715418953,0.0,0.0,-0.6478948567172861,582.7208138082259,-0.9673238535563743,-0.25354400474246325,0.0,-4652.199889671347
-0.005900855592487431,-0.006117998306358855,0.01307620347400229,281.6730131823942,0.0,0.0,-0.6361116633929963,777.0556712422164,-0.6942183049985212,-0.7197645066304535,0.0,-4866.455065514728
-0.00769980418071822,0.003600418805999412,-0.19596599350783842,281.81591609763507,0.0,0.0,-0.5913305906710514,31.6566659210152,-0.9058593153786141,0.4235786830587543,0.0,-4661.368074165747
-0.006316086730861448,0.005688325624314764,-0.056426587674058865,281.4267428904712,0.0,0.0,-0.6191875858275347,528.7823048272154,-0.7430690271601703,0.6692147793311487,0.0,-4816.914464589625
0.005958145919276457,0.00606221883509737,-0.037366831508841125,281.757806587108,0.0,0.0,-0.5907323709912298,600.6393692902319,0.700958343444289,0.7132022158938082,0.0,-4848.784008854587
5.0349746980616815e-05,-0.008499850875337696,0.04650100730905435,281.32897900577814,0.0,0.0,-0.6002513166446055,898.1364534081146,0.005923499644778448,-0.9999824559220818,0.0,-5087.460441356608
-0.00014743943953872415,0.00849872117507502,0.04531828113925038,281.37666053161956,0.0,0.0,-0.6395968914199849,893.8410669868613,-0.01734581641632049,0.9998495500088257,0.0,-5087.026177199736
0.005257331600818258,-0.006679106559940315,0.0006442453826294436,281.3633344103138,0.0,0.0,-0.6012128817210561,730.1920280149108,0.6185096000962655,-0.7857772423459194,0.0,-4906.849031141222
0.006313172184280083,0.0056915601526850495,0.060966536214715955,281.481313872385,0.0,0.0,-0.622910514950174,945.7066362663902,0.7427261393270685,0.669595312080594,0.0,-4848.634343632337
0.007590881220507538,0.00382472512687461,-0.09645245872095116,281.75293741198954,0.0,0.0,-0.6040794960505548,385.00892694435055,0.893044849471475,0.4499676619852482,0.0,-4698.2097056811535
-0.0026249379959318556,-0.008084534650647077,-0.010239330648254025,281.7044397300977,0.0,0.0,-0.6336097011731849,691.3878744351784,-0.3088162348155124,-0.9511217236055385,0.0,-5030.291177079328
0.0058513417687172725,0.006165370994973834,-0.021219224763888822,281.78165886277657,0.0,0.0,-0.5934785681327285,651.4714951280678,0.6883931492608555,0.7253377641145686,0.0,-4860.797580960786
-0.004975634625064346,-0.006891520882784931,-0.16793420699795814,281.99253367294665,0.0,0.0,-0.6182817186836181,134.807118187995,-0.5853687794193349,-0.81076716268058,0.0,-4879.17557356502
0.006527508482885596,0.005444413008383603,-0.12021781166506437,281.89409806121444,0.0,0.0,-0.6076672446682762,301.72553096973263,0.7679421744571289,0.6405191774568945,0.0,-4783.262960116413
-0.0072902805230243535,0.004370561736849369,-0.003360006243669028,281.3553968811758,0.0,0.0,-0.6449023660111407,718.4951117357022,-0.8576800615322768,0.5141837337469846,0.0,-4750.427896212231
0.003692308351917947,-0.0076561647731979345,0.05931070665932661,281.31645929122504,0.0,0.0,-0.590674855925021,940.4811683737718,0.43438921787269963,-0.9007252674350511,0.0,-5007.887271870132
-0.008467067957057489,-0.0007475026492062255,0.19656859157661385,281.21130321386204,0.0,0.0,-0.5900254021370759,1426.204555289758,-0.9961256420067633,-0.08794148814190887,0.0,-4691.140745161348
-0.00657562506222821,-0.005386200427109657,0.11339066695116182,281.3528867886791,0.0,0.0,-0.5973986081746115,1131.3880227242264,-0.7736029484974365,-0.633670638483489,0.0,-4842.098816608662
-0.005432461113164069,-0.006537458699981226,-0.11440777046959949,281.89933749239606,0.0,0.0,-0.6392108049688187,326.8113618221165,-0.6391130721369492,-0.7691127882330854,0.0,-4864.5804039634495
0.005914735101446077,0.0061045809585688745,0.19563499999707898,281.14876709882776,0.0,0.0,-0.6437424720435141,1426.9208480804532,0.6958511884054208,0.7181859951257499,0.0,-4914.4355334053025
-0.008493120182258432,0.00034192041429915873,-0.04265324647291835,281.61945491746934,0.0,0.0,-0.6430629013623865,574.6245250495875,-0.9991906096774625,0.040225931094018674,0.0,-4624.2684213024895
-0.0069105566303403415,0.004949162258287675,0.033288880149065836,281.27832917459614,0.0,0.0,-0.6498142030555721,843.8328053507095,-0.8130066623929812,0.5822543833279618,0.0,-4793.100036404858
0.008217285766325747,-0.002173985886462993,0.09325842235251494,281.30359411879675,0.0,0.0,-0.6083101929639171,1061.259231520427,0.966739501920676,-0.25576304546623446,0.0,-4688.803035925991
-0.0047755522519946384,-0.007031649926473086,0.10282055949451044,281.39457702526835,0.0,0.0,-0.5950999117690775,1095.7591014455395,-0.5618296767052515,-0.8272529325262453,0.0,-4963.69886609106
-0.004535222981365441,0.007189002191493251,0.04638971928235938,281.23796836908883,0.0,0.0,-0.6486858413783035,891.054906860133,-0.5335556448665225,0.8457649637050882,0.0,-4962.186106732157
0.006402161703162305,-0.00559127226367684,-0.05023192612231009,281.4549452583779,0.0,0.0,-0.617509563491475,551.6111472006953,0.7531954944896829,-0.6577967369031577,0.0,-4811.909622487457
-0.00705541363256804,0.0047403732419898205,-0.10328273602936479,281.5244515706906,0.0,0.0,-0.6029717810949543,361.6277011482203,-0.8300486626550634,0.5576909696458612,0.0,-4744.138453405456
-0.0005548490213328817,0.008481871406919935,0.05787292487185544,281.32246046977195,0.0,0.0,-0.6444410797277905,933.2807351708935,-0.06527635545092725,0.9978672243435217,0.0,-5088.652041147072
0.004102193063699715,0.007444596165550818,0.12072368895999938,281.3097007120222,0.0,0.0,-0.6492481128017471,1160.751600941831,0.4826109486705547,0.8758348430059786,0.0,-5004.907418182157
-0.00021867581336928096,0.008497186645510814,0.14378577901226589,281.00706134077495,0.0,0.0,-0.6437286622631175,1236.8178226136245,-0.025726566278738934,0.9996690171189191,0.0,-5113.285455684428
0.0022066377260618053,-0.008208577827243936,-0.1317132836059186,281.9012021097445,0.0,0.0,-0.6494876659026995,257.4567466147631,0.25960443836021235,-0.9657150384992866,0.0,-5010.008725421084
0.0013639509253479795,0.008389853268874398,0.16562725291011035,281.0283302104166,0.0,0.0,-0.6407662108950449,1317.8250797851554,0.16046481474682112,0.9870415610440466,0.0,-5108.107039069492
-0.002293932537524418,0.008184611995280339,0.10108086106772504,281.1086850157828,0.0,0.0,-0.6490560983282853,1089.4891033575163,-0.26987441617934327,0.9628955288565103,0.0,-5070.073087184832
0.002131696791295482,0.008228357599787491,0.025029133094968875,281.5266554155646,0.0,0.0,-0.6238912100265602,815.2589227720163,0.25078785779946844,0.9680420705632341,0.0,-5054.041531436737
0.00605585610133402,-0.005964612886008238,-0.18827546643846213,281.9303472082494,0.0,0.0,-0.6460120846088933,56.21188097565099,0.712453658980473,-0.7017191630597926,0.0,-4801.147374854273
0.005768954191527676,-0.006242528937542482,0.10838363071080706,281.15733724707536,0.0,0.0,-0.5998904234657627,1116.0264043092243,0.6787004931209031,-0.7344151691226448,0.0,-4901.399416949228
-0.008447811811688518,0.0009404656263234537,0.06009747321866113,281.3750090858951,0.0,0.0,-0.6406824696965946,943.3810109189011,-0.9938602131398256,0.11064301486158279,0.0,-4656.5101380915285
0.00698672473323708,0.004841040952313176,0.1335267404120786,281.355279854376,0.0,0.0,-0.646478771900218,1201.4110927800075,0.8219676156749506,0.569534229683903,0.0,-4813.546712491551
0.0011022112886366405,0.008428234113692023,0.1809267022488066,280.9975648364731,0.0,0.0,-0.6343553141869651,1371.2051405663758,0.12967191631019298,0.9915569545520027,0.0,-5116.14279577243
0.00779421123002478,0.00339120499258827,0.07576646488861946,281.5582239896261,0.0,0.0,-0.6200210287630901,995.0628733418821,0.9169660270617388,0.3989652932456788,0.0,-4725.363842435278
-0.005091842256871969,-0.006806110668445891,0.1822342460084798,281.0490263503704,0.0,0.0,-0.5948997558707703,1377.0221687867222,-0.5990402655143493,-0.8007189021701048,0.0,-4965.9984493114625
0.005017987437412398,0.006860743551392325,-0.0040319298222650235,281.6388619421639,0.0,0.0,-0.6008280298872889,715.185853844974,0.5903514632249879,0.8071463001638028,0.0,-4920.571728672583
-0.0084704037656616,0.0007087030736957597,-0.07052856540803557,281.60240176047284,0.0,0.0,-0.6318614531473371,479.44231069864964,-0.9965180900778351,0.08337683219950114,0.0,-4619.136448268652
0.0068621317264115885,0.00501608893156566,-0.08958177266330015,281.79138805725097,0.0,0.0,-0.5978785200329545,408.15296841672,0.8073096148719515,0.59012810959596,0.0,-4764.196387594355
-0.007987290096037863,-0.002907438206004641,-0.13099829124069118,281.67883137496096,0.0,0.0,-0.6173743873672979,264.9377921653385,-0.9396811877691602,-0.3420515536476048,0.0,-4651.333793739411
0.004282521216305423,-0.007342343769661969,0.06377874710854312,281.24916598973954,0.0,0.0,-0.5900640850172008,956.0306535787951,0.5038260254476968,-0.8638051493719963,0.0,-4980.421479051356
0.00833343150278509,-0.0016744907848026678,-0.18562752390412218,281.75771496321335,0.0,0.0,-0.6498543352604593,67.58154522601927,0.9804037062100105,-0.19699891585913737,0.0,-4602.273265640556
0.005734505436195776,0.0062741889836249835,0.1872189965942813,281.17964493311877,0.0,0.0,-0.6454523651927919,1390.2563344381033,0.6746476983759736,0.7381398804264686,0.0,-4924.963699444589
0.008268053705511263,-0.0019721277653289766,-0.1286373822368615,281.62044495605716,0.0,0.0,-0.6377880787660164,274.1309149925968,0.9727122006483839,-0.2320150312151737,0.0,-4624.1731604672905
0.008125904471414442,0.0024939279302832267,-0.006383738904310238,281.60035459075687,0.0,0.0,-0.5905977349408214,706.1395044035171,0.9559887613428755,0.2934032859156737,0.0,-4671.164904364149
-0.006811450753784349,0.005084696512946534,0.10308774115546357,281.22917843625345,0.0,0.0,-0.6377287296897256,1093.87799577192,-0.801347147504041,0.5981995897584157,0.0,-4820.108496293807
0.00582242168428915,0.006192689700793954,-0.019937695773871555,281.7736679468193,0.0,0.0,-0.5938273837815534,655.6425383780905,0.6849907863869588,0.728551729505171,0.0,-4863.197416038039
-7.211601396816956e-05,-0.00849969406981977,0.13745997202031665,281.0789280070002,0.0,0.0,-0.5940745071187091,1217.221259227509,-0.008484236937431711,-0.9999640082140905,0.0,-5111.847832486757
0.005760516467889387,0.006250315993865845,0.11073873029717804,281.3990477474718,0.0,0.0,-0.6444444957905479,1119.0555937841539,0.6777078197516926,0.7353312933959817,0.0,-4902.6237199162
-0.007209985624473629,0.004501789343681423,-0.16518943945194753,281.70564193563354,0.0,0.0,-0.5900404501344948,140.10904632039862,-0.8482336028792504,0.5296222757272262,0.0,-4714.1007742747115
0.0045144780178308416,0.0072020475023788985,-0.017229770692830576,281.73058752082227,0.0,0.0,-0.5979847584370502,666.8748707742759,0.5311150609212755,0.8472997061622233,0.0,-4946.260767102146
0.007768566727150435,-0.0034495464927742593,-0.16563071661623877,281.73155166387915,0.0,0.0,-0.6494856435389464,141.66498032753827,0.9139490267235805,-0.40582899914991283,0.0,-4663.0292483463845
0.002973187747142526,0.007963049329260842,0.1710539022590731,281.0660722941984,0.0,0.0,-0.6430754984322309,1336.8779419580897,0.34978679378147365,0.9368293328542168,0.0,-5067.058157876464
0.007432959990339131,0.004123239719203542,-0.1714478685382736,281.8446716177158,0.0,0.0,-0.6356845175612001,116.14684493793051,0.8744658812163684,0.4850870257886519,0.0,-4692.537937306712
0.0029408692909327822,0.007975041555606374,0.18977857355006592,281.0275337227846,0.0,0.0,-0.6366048285169653,1402.3828663767008,0.34598462246268025,0.9382401830125144,0.0,-5073.245844708291
-0.004438474691384574,0.0072491339078498635,-0.004865967232593887,281.38243009790534,0.0,0.0,-0.6337155464750092,714.3935894972499,-0.5221734931040675,0.8528392832764544,0.0,-4953.721827559912
0.001776839149263587,-0.008312210454364366,-0.18834800631825527,282.1034475318763,0.0,0.0,-0.6334736554570485,57.98196832723401,0.20903989991336316,-0.9779071122781606,0.0,-5005.240628968409
-0.008144268907128,0.002433286659723447,0.04943539874574057,281.39915760298135,0.0,0.0,-0.6467841880027704,906.0280833621339,-0.9581492831915295,0.28626901879099376,0.0,-4684.321134253658
0.006847595926200307,-0.005035914021454791,-0.0897550658482456,281.50203747971426,0.0,0.0,-0.6327454823556075,409.1134448274067,0.8055995207294478,-0.5924604731123283,0.0,-4765.363513945513
0.003212363829131517,-0.007869607272875027,0.183986357973116,281.0204089508939,0.0,0.0,-0.6219642978886804,1380.1134549033195,0.37792515636841373,-0.9258361497500031,0.0,-5061.518127123463
0.008278938687133626,-0.0019259216533084032,-0.02921886766334711,281.5375466284253,0.0,0.0,-0.5966039042198897,623.5997175425484,0.9739927867216029,-0.22657901803628272,0.0,-4649.749534224803
0.006615146932213537,0.005337586633041737,0.18857263340872202,281.18925769394474,0.0,0.0,-0.6473042399372001,1398.7538474696078,0.7782525802604161,0.6279513685931455,0.0,-4859.0947431237255
0.005093059227206518,-0.0068052000490923525,0.08175975273529637,281.18366215905877,0.0,0.0,-0.5915670294130505,1017.3438017527603,0.5991834384948844,-0.8006117704814532,0.0,-4938.9663945115035
-0.008428526291185527,-0.0010999747991632949,-0.027386604315261104,281.61819012536,0.0,0.0,-0.6487479797584299,630.7319101424229,-0.9915913283747679,-0.1294087999015641,0.0,-4635.020894948467
-0.00404149735676074,0.007477720181666065,-0.06549031935214153,281.545637087628,0.0,0.0,-0.6054036616144163,491.303410909845,-0.47547027726596935,0.8797317860783606,0.0,-4957.957753307393
0.005687275381979794,-0.006317032430621723,0.16013874624689187,281.0931880730393,0.0,0.0,-0.6213643388898056,1298.8435257269794,0.6690912214093875,-0.7431802859554968,0.0,-4920.98350634159
-0.00841148033631801,-0.001223518921690816,-0.0908475380555819,281.64295264052504,0.0,0.0,-0.629522877950471,407.7420196760543,-0.9895859219197659,-0.1439434025518607,0.0,-4619.742939658581
0.0014385243768149567,0.008377389069233274,-0.047782546311673085,281.7714532426864,0.0,0.0,-0.5964570549298084,557.2089910166857,0.1692381619782302,0.9855751846156793,0.0,-5049.578008046267
0.0012912249133907193,0.00840135335663482,-0.191512607191354,282.0644891866312,0.0,0.0,-0.6183750070819626,47.66404561628601,0.1519088133400846,0.9883945125452728,0.0,-5013.465002271347
-0.006785426927906286,0.005119373145810361,0.1341527158545376,281.14811037858806,0.0,0.0,-0.6248174600596413,1201.603265318949,-0.7982855209301513,0.6022791936247484,0.0,-4830.597891970777
0.000631292335495802,0.008476524640862213,0.09747779645960983,281.27693831848995,0.0,0.0,-0.6496572673772697,1077.0372402552605,0.07426968652891788,0.9972381930426132,0.0,-5098.725545549618
0.003209673601614202,0.007870704884005049,0.14431021141150033,281.23053786540675,0.0,0.0,-0.649041047965574,1239.4375123406141,0.37760865901343554,0.9259652804711821,0.0,-5050.978522074082
0.007288025798628387,0.004374320513922942,-0.16119154370069608,281.88060377928633,0.0,0.0,-0.6305364179639332,157.88881581960973,0.8574147998386337,0.5146259428144637,0.0,-4708.2830271232
0.00809228826383439,-0.00260093649576613,-0.15212267851452993,281.75986136524244,0.0,0.0,-0.6463367365085131,185.6900312666351,0.9520339133922812,-0.3059925289136623,0.0,-4635.384426657752
-0.004494525816927988,0.007214515762056926,0.1648364210411076,281.07389494970727,0.0,0.0,-0.621749579414316,1314.9435915616598,-0.5287677431679986,0.8487665602419912,0.0,-4996.202462110585
-0.008482964418534345,-0.0005378797950102554,-0.1200482459391087,281.6503037655548,0.0,0.0,-0.6138753098912866,304.7610360017443,-0.997995813945217,-0.06327997588355946,0.0,-4604.55385036938
-0.0036130890750907217,0.0076938668649424976,0.1695245887196656,280.994461167104,0.0,0.0,-0.6231327771300718,1330.911395590258,-0.4250693029518496,0.9051608076402937,0.0,-5040.9812853123985
-0.006357991245255238,-0.005641449044816212,0.10329395511069453,281.45632181092384,0.0,0.0,-0.599817451500379,1093.780549685121,-0.747998970030028,-0.6636998876254366,0.0,-4856.531930313739
0.007559144987984795,0.0038870717835697826,-0.15879082485515536,281.823410061332,0.0,0.0,-0.6313414803369988,165.7193284896558,0.8893111750570346,0.4573025627729156,0.0,-4684.412862499664
0.008481883502736404,-0.000554664083935554,-0.13874451285538533,281.68619549258324,0.0,0.0,-0.6374491776498505,236.6597157406848,0.9978686473807532,-0.06525459811006518,0.0,-4599.649453937435
0.0010556439171303434,-0.00843419325841101,-0.02992031410728377,281.68426669574757,0.0,0.0,-0.6298349984457279,621.0818775357099,0.12419340201533452,-0.9922580304012951,0.0,-5060.186038168321
0.00329402476584777,-0.007835776977555038,0.12141598812148688,281.17568664358396,0.0,0.0,-0.5968213832941593,1158.6357562582552,0.3875323253938553,-0.9218561150064749,0.0,-5041.495247784251
0.0061005413614356055,-0.005918901511041844,0.029074092873293628,281.3415108522802,0.0,0.0,-0.5915679048937104,830.7936745856472,0.7177107484041888,-0.6963413542402169,0.0,-4856.152530295683
0.001166082200362281,-0.008419634926883605,-0.06269421154010638,281.7278892351284,0.0,0.0,-0.6419989146417623,508.9260802902275,0.13718614121909187,-0.9905452855157181,0.0,-5049.898785351185
-0.007677540044313606,-0.0036476538854393857,-0.15263467877771564,281.79394305560635,0.0,0.0,-0.6104272665327026,190.63365743107934,-0.9032400052133653,-0.429135751228163,0.0,-4675.078529435202
-0.0072175899569966034,0.004489587421207185,-0.08946110042458498,281.5032918706478,0.0,0.0,-0.6095260402713172,410.9248696887538,-0.8491282302348945,0.5281867554361394,0.0,-4733.74999074149
0.007493728588681571,0.0040117367609523585,-0.16044035046894128,281.84697926288624,0.0,0.0,-0.6315831066473239,156.09481857338113,0.8816151280801848,0.4719690307002774,0.0,-4689.967124936637
0.000958903493784951,-0.008445738812537778,-0.17758072293159627,281.9660280861805,0.0,0.0,-0.6352500162173712,96.73882592407256,0.11281217573940598,-0.9936163308867972,0.0,-5021.75669313077
-0.007429822784763742,-0.004128890091417494,0.1034076585963605,281.40049462760476,0.0,0.0,-0.6050641148508509,1095.7510832595658,-0.874096798207499,-0.4857517754608816,0.0,-4766.563624599895
0.006203032224459286,-0.005811401829362662,0.03187221163065193,281.3339989986373,0.0,0.0,-0.5910423310335479,842.9930796726726,0.7297684969952101,-0.6836943328661954,0.0,-4849.223775118274
-0.008119654395805167,-0.0025142021582764285,-0.045423217265514126,281.6239163165872,0.0,0.0,-0.6476803889536583,566.4448747521285,-0.9552534583300195,-0.2957884892089916,0.0,-4661.309248526024
0.0071427888826661,-0.004607663939314757,0.20153475094409104,281.2220336978579,0.0,0.0,-0.6443111085653052,1446.3906215149561,0.8403281038430704,-0.5420781105076184,0.0,-4818.363717306045
-0.005641972065197976,0.006357527130537918,-0.10359922574488356,281.6337385747769,0.0,0.0,-0.5972294273827988,361.6114027340629,-0.663761419435056,0.7479443682985786,0.0,-4853.350228126369
-0.003317828305921508,0.007825727782923836,-0.1223872719608191,281.8493854995823,0.0,0.0,-0.5901387777959507,295.03816157041365,-0.39033274187311856,0.9206738568145689,0.0,-4975.1261447231345
0.0023357617535204427,-0.008172772909532671,0.021944943935131273,281.38409208291057,0.0,0.0,-0.6026990908596612,806.8016661669601,0.2747955004141697,-0.9615026952391377,0.0,-5047.662138383971
0.007632955692884399,-0.003740051789810358,-0.043404186056174576,281.4733234331506,0.0,0.0,-0.606950262324806,572.9436390955086,0.8979947873981645,-0.4400060929188656,0.0,-4708.541333667253
0.008107139258547062,0.0025542695712326476,-0.201411436111921,281.8145293361361,0.0,0.0,-0.648074648503793,15.33521562441277,0.9537810892408307,0.3005023024979585,0.0,-4620.69550430828
0.006448516268592342,0.005537746647662741,0.035284568672345085,281.61274361313133,0.0,0.0,-0.6105485825526353,856.5579627574433,0.7586489727755695,0.6514996056073812,0.0,-4831.225355481911
-0.0083578637858477,-0.001547938285984153,-0.1503232365636861,281.72402484354916,0.0,0.0,-0.604325745542243,193.78837950805504,-0.9832780924526705,-0.18211038658637094,0.0,-4609.261620433245
-0.008301028813125378,-0.0018283655661990295,0.16167711420534922,281.29290859651184,0.0,0.0,-0.5929491217273833,1303.3769321545365,-0.9765916250735738,-0.21510183131753285,0.0,-4698.735057785929
0.0071000930620681935,-0.004673187189699458,0.16190623878227925,281.2381535598663,0.0,0.0,-0.6296725272028526,1308.639451787399,0.8353050661256698,-0.5497867281999362,0.0,-4811.435055647597
-0.007679382807331665,0.0036437727287056266,-0.12850555732504748,281.6573119659021,0.0,0.0,-0.5976294697534056,272.27302465177945,-0.9034568008625488,0.4286791445536031,0.0,-4681.379855203347
-0.006276062716175363,-0.005732454690848723,-0.110889087068862,281.9626164344859,0.0,0.0,-0.6372253221471286,334.56516799599376,-0.7383603195500427,-0.6744064342174968,0.0,-4805.3718462691295
-0.002519702574528435,0.008117949182885711,-0.1282671132392139,281.88725543928393,0.0,0.0,-0.5901322133694527,269.8925350150555,-0.2964355970033453,0.9550528450453777,0.0,-5001.9222842626505
-0.008449650813333686,-0.0009237971274740997,0.1982206271370692,281.27677656693635,0.0,0.0,-0.590000375643825,1432.4519210585413,-0.9940765662745512,-0.1086820149969529,0.0,-4693.378327234915
-0.004221118236586368,-0.007377815451253711,0.014408315012500478,281.61803737578845,0.0,0.0,-0.628833344825104,778.2458830832708,-0.4966021454807491,-0.8679782883827895,0.0,-4970.355621496882
-0.008435833401150911,-0.001042456151608627,0.012839202426279284,281.5964514776437,0.0,0.0,-0.6484797962374718,770.8254001383802,-0.9924509883706953,-0.12264190018925021,0.0,-4645.06271976568
-0.00645165193329015,0.005534093180609943,-0.05264152778075676,281.51945099017803,0.0,0.0,-0.6216515705782113,541.3139424620917,-0.7590178745047235,0.6510697859541109,0.0,-4807.389084398559
-0.002362675652471351,0.00816503299204719,0.03558145271196683,281.4043425400702,0.0,0.0,-0.6420761243274252,850.5978156024489,-0.27796184146721775,0.9605921167114341,0.0,-5050.550617873315
0.008492998319973272,0.0003449341052015711,0.1513548063445768,281.3681570333492,0.0,0.0,-0.6412954704712495,1269.0983956836847,0.9991762729380318,0.04058048296489072,0.0,-4676.331968331029
0.006486162816045623,0.00549360463846345,-0.1364843628780757,281.8687735141651,0.0,0.0,-0.6145721849495841,242.4663052441198,0.7630779783583085,0.6463064280545234,0.0,-4782.175523641505
0.008428572868165504,0.001099617845446476,0.1522548182983827,281.3562866325973,0.0,0.0,-0.643353922122858,1267.6913822787747,0.9915968080194709,0.12936680534664424,0.0,-4683.212592633073
-0.001927474758895281,-0.008278577236084808,-0.042621758730535086,281.7250943327409,0.0,0.0,-0.6431588854256947,577.4282319441924,-0.22676173634062127,-0.973950263068801,0.0,-5040.939704569111
0.0027260145377152314,0.008051015137246062,0.011193909754608211,281.6560279143548,0.0,0.0,-0.6153706260468902,767.8578636020144,0.32070759267238014,0.9471782514407131,0.0,-5032.747765681511
-0.005664760930716077,-0.006337229962517752,0.1941274268760512,281.0646798657363,0.0,0.0,-0.5965740860540271,1424.1362434670891,-0.6664424624371854,-0.745556466178559,0.0,-4931.658923660949
-0.008474206286279854,-0.0006616855881572682,-0.05691073836870986,281.61103235033784,0.0,0.0,-0.641025157866487,527.15416758733,-0.9969654454446886,-0.07784536331261978,0.0,-4622.397621574993
-0.00832507309220537,0.0017155634670387838,-0.06806325036999106,281.4919660525233,0.0,0.0,-0.6295653525288857,486.97133349268756,-0.979420363788867,0.20183099612220984,0.0,-4634.662858387615
-0.005604499692594879,0.006390585512744816,-0.15907083487697599,281.90367264665974,0.0,0.0,-0.5903234698843125,164.5032708543202,-0.6593529050111622,0.7518335897346842,0.0,-4841.034107462916
0.0010462411208901252,0.008435364812321907,0.026222667525982735,281.5047510604751,0.0,0.0,-0.6282462043296887,818.0465540312682,0.1230871906929559,0.9923958602731654,0.0,-5075.369148958463
-0.0015463780558935573,0.008358152601397684,0.09872479578948076,281.17539761863554,0.0,0.0,-0.6497655887111957,1078.8974228425718,-0.18192683010512437,0.9833120707526687,0.0,-5086.924296868439
0.008419359754643573,0.0011680673447571888,-0.09136166739645665,281.6877759185683,0.0,0.0,-0.6108897026334617,404.209124778199,0.9905129123110086,0.1374196876184928,0.0,-4618.797368177408
0.0029913010682957744,0.007956262811069816,-0.09076052790857717,281.87303423502925,0.0,0.0,-0.5904831521722783,408.1369265797025,0.3519177727406793,0.9360309189493901,0.0,-4996.157322204417
0.008294569483802448,-0.001857449078271919,0.05806203513418187,281.4702555086224,0.0,0.0,-0.596475860612195,932.6854685068038,0.9758317039767586,-0.21852342097316693,0.0,-4671.5887128084205
0.006739370312502149,0.00517985403182027,0.1018102582134077,281.4583387571904,0.0,0.0,-0.6380293986131362,1089.4441315678655,0.792867095588488,0.6093945919788553,0.0,-4825.714125568101
0.007832756122246574,-0.003301201528142266,-0.12774920356676722,281.6406130503078,0.0,0.0,-0.641221924463099,275.3693238337887,0.9215007202643027,-0.38837665036967833,0.0,-4667.09384935635
0.008158715347425726,0.002384400108974987,-0.13598830902712175,281.6821652693995,0.0,0.0,-0.6268063044466828,247.33366758853978,0.9598488644030265,0.28051765987941024,0.0,-4633.139001026288
0.0062041150188657,-0.005810245849590624,-0.07631498097403472,281.52478067742516,0.0,0.0,-0.630324840357299,456.82732433905505,0.7298958845724353,-0.6835583352459557,0.0,-4820.116127988023
0.005110784065497136,-0.006791898573731839,0.08099506462044018,281.1673024326803,0.0,0.0,-0.5914810220025342,1017.8262096472222,0.6012687135878982,-0.7990468910272751,0.0,-4937.659794177405
0.006958734973392745,-0.004881189155326873,0.005832560077186744,281.3214242915738,0.0,0.0,-0.5939999862188724,752.9430980589287,0.8186747027520876,-0.5742575476855144,0.0,-4781.664394863904
0.008490993947997972,-0.0003911799778385988,-0.18833436986745627,281.7909481013211,0.0,0.0,-0.6493449193875602,57.83592683217758,0.9989404644703497,-0.04602117386336456,0.0,-4585.403163936181
0.008223910814668634,-0.0021487882427955306,0.07000458472188562,281.40509675005444,0.0,0.0,-0.5994728477499718,973.9777820975121,0.9675189193727803,-0.2527986167994742,0.0,-4681.900859740734
-0.006137468642890083,0.005880601895855642,-0.16853402228761377,281.90469827852144,0.0,0.0,-0.5906293477458416,129.80970196122553,-0.7220551344576568,0.6918355171594873,0.0,-4800.383563429474
-0.0015203350213303054,-0.008362928997840207,0.07805559550661736,281.37147441443665,0.0,0.0,-0.5944940951576614,1006.0510361703682,-0.17886294368591826,-0.9838739997459065,0.0,-5081.865285981365
0.004434818238251225,-0.007251371400891993,0.1963279299281341,280.96158856019684,0.0,0.0,-0.6321230103265808,1426.7689176371655,0.521743322147203,-0.8531025177519991,0.0,-5007.898265603601
0.0002451277572622998,-0.008496464699074524,0.09915636964147337,281.242257583503,0.0,0.0,-0.5900075247745051,1080.5523714059057,0.028838559677917618,-0.9995840822440617,0.0,-5101.236996929704
-0.00636599878815095,-0.005632411511001362,0.15454124995953203,281.20997928175177,0.0,0.0,-0.5900359175975365,1276.9054421670041,-0.7489410339001117,-0.6626366483531014,0.0,-4869.660710780387
0.006243350716112178,0.00576806482588585,-0.12747407025806923,281.8660543445554,0.0,0.0,-0.6093440677446206,274.4578957390557,0.7345118489543738,0.6785958618689235,0.0,-4803.416270934936
-0.006758440779835068,0.005154946966309388,0.1885359294793519,281.1076713189651,0.0,0.0,-0.6014438583790702,1403.2479607440314,-0.7951106799805961,0.6064643489775751,0.0,-4847.414373243669
-0.00835605266769149,-0.0015576854030149817,-0.13534875419496778,281.7213135282438,0.0,0.0,-0.6105885416509848,245.28876214886856,-0.9830650197284105,-0.18325710623705666,0.0,-4613.463513080235
0.007985184092358363,-0.0029132172955594936,0.11292393431773598,281.2997419993036,0.0,0.0,-0.6143319423723489,1129.4521282747708,0.9394334226303955,-0.34273144653641097,0.0,-4716.981196860533
-0.006586172750528635,-0.0053732977304625585,0.1352694299524417,281.30563417347724,0.0,0.0,-0.592187961334821,1209.498840004193,-0.7748438530033688,-0.6321526741720657,0.0,-4847.123279803597
-0.004503875521596579,-0.007208682631796405,0.08702693569679534,281.3961686755174,0.0,0.0,-0.5990035997284734,1036.6438608598257,-0.5298677084231269,-0.8480803096231064,0.0,-4974.814383155981
-0.008277792889910665,0.0019308404573512696,0.17284244783396205,281.27884533000446,0.0,0.0,-0.597484791941612,1343.596715443667,-0.9738579870483134,0.22715770086485523,0.0,-4704.076637320385
0.0020675045468983803,-0.008244721035217294,0.08035854600584916,281.23819383359944,0.0,0.0,-0.5901313572005421,1017.6744392484023,0.24323582904686827,-0.9699671806137993,0.0,-5070.527595749877
0.00433684414785649,0.007310388692621133,0.10059441675757105,281.3453685917696,0.0,0.0,-0.6453434421056788,1085.6901226639998,0.5102169585713517,0.8600457285436627,0.0,-4987.447354241276
0.007675133294510945,-0.0036527152792805483,-0.10568229142941411,281.57685205757923,0.0,0.0,-0.6341971501838348,353.1668072931009,0.9029568581777582,-0.4297312093271233,0.0,-4687.900535893238
-0.006423810985898659,-0.005566385938600351,-0.15425363956748478,281.9317214344164,0.0,0.0,-0.6176292590761561,178.72705704728017,-0.7557424689292539,-0.6548689339529824,0.0,-4782.3103382781665
-0.0047575222134071974,0.007043861326640175,-0.12739116236405157,281.6940413842247,0.0,0.0,-0.5906753104140048,278.48565210364956,-0.5597084956949644,0.8286895678400206,0.0,-4902.981499200809
0.0021707876849859776,0.008218131224719719,0.17493494167819026,281.05115291927683,0.0,0.0,-0.6397587505766781,1353.2354517352403,0.25538678646893853,0.9668389676140845,0.0,-5093.2359041312
-0.004659951804127855,-0.007108786758878449,-0.1899116808066551,282.0167693399594,0.0,0.0,-0.6097406936205442,53.58131501805722,-0.5482296240150417,-0.8363278539856999,0.0,-4891.803568552262
0.007760467970843792,0.003467727912265848,-0.06281332920285079,281.665400882735,0.0,0.0,-0.5943054761318243,504.0471622631804,0.9129962318639754,0.40796798967833503,0.0,-4691.380310849561
-0.006898943475792636,0.004965337744586791,-0.03308821992454389,281.4029935068433,0.0,0.0,-0.6327750102198345,611.7118599514444,-0.8116404089167806,0.584157381716093,0.0,-4776.268205213068
0.00827961219362375,0.0019230241608458605,0.1601882425306743,281.34188819246623,0.0,0.0,-0.6469012677939073,1295.9392415511766,0.9740720227792646,0.22623813657010122,0.0,-4700.498158914922
0.002160497960289971,0.008220842326889799,0.15112865107734516,281.17247956740835,0.0,0.0,-0.6464949269258057,1267.0896386887566,0.2541762306223495,0.9671579208105645,0.0,-5087.120266530764
-0.008499552633684125,8.72068072644685e-05,0.16303262112597852,281.333643621833,0.0,0.0,-0.5961794124980312,1307.3808402268048,-0.9999473686687206,0.010259624384055118,0.0,-4678.786773679182
-0.0009244804763868098,-0.00844957607509274,-0.01153602033977047,281.6169587306276,0.0,0.0,-0.6284567648714958,685.6682770193333,-0.10876240898668349,-0.9940677735403223,0.0,-5066.7000950449665
0.00808197366083368,0.002632812516224929,0.16102017932755433,281.3258602451703,0.0,0.0,-0.6480868111108931,1297.551230709784,0.9508204306863153,0.3097426489676387,0.0,-4720.414359696524
0.008472538601349038,0.0006827075864896234,0.16969911107939015,281.3496625540863,0.0,0.0,-0.6468739069811963,1331.566261120398,0.9967692472175339,0.08031853958701451,0.0,-4683.3674996344
0.0072424921946814816,0.004449304081536554,0.19728418941537754,281.24614408354597,0.0,0.0,-0.6472357544448569,1430.1400537852069,0.8520579052566448,0.5234475390043004,0.0,-4808.488727956746
0.003635749294703644,0.0076831846955583444,-0.08875776967605573,281.82108082993295,0.0,0.0,-0.5907995307303707,410.8447980035396,0.4277352111416052,0.9039040818303934,0.0,-4970.6856790688535
0.008318602509316425,-0.0017466689131013027,0.179438360992026,281.3022810392012,0.0,0.0,-0.6447821882619581,1368.071092299091,0.9786591187431087,-0.20549046036485913,0.0,-4701.7215841829675
-0.0029372104472271494,-0.007976389834298452,-0.05109232094227306,281.755770357038,0.0,0.0,-0.6472062871033445,547.1438046866949,-0.34555417026201757,-0.938398804035112,0.0,-5008.752922919832
0.008309118393575865,0.0017912430101857328,-0.12916259213179332,281.7001172015017,0.0,0.0,-0.6258504803114708,269.8647898299147,0.9775433404206899,0.21073447178655677,0.0,-4619.886589366807
-0.0051089340741919155,0.006793290265074856,0.052838527252512174,281.2768821708028,0.0,0.0,-0.6497975567658036,917.9978746356021,-0.60105106755199,0.7992106194205713,0.0,-4930.220740484108
0.00639781444768796,-0.005596246089384849,0.2003058247524647,281.0850710174447,0.0,0.0,-0.6411024744977156,1444.2286792369935,0.7526840526691717,-0.6583818928688058,0.0,-4879.465942546015
-0.003212776760997371,-0.007869438701965678,-0.0776781808467086,281.8966659879136,0.0,0.0,-0.6499992188936438,452.262622395789,-0.377973736587926,-0.925816317878315,0.0,-4991.299288413656
0.00461852155341614,-0.007135773164880634,-0.09479489003670345,281.63428605407177,0.0,0.0,-0.6430894043473431,391.0463602654479,0.543355476872487,-0.8395027252800745,0.0,-4919.663747955475
-0.008499937594522416,3.25712944860731e-05,-0.10513565958004675,281.5803968745794,0.0,0.0,-0.6186737425793283,354.94228678693275,-0.9999926581791077,0.003831916998361541,0.0,-4606.799332598655
0.005991818220958485,-0.006028939741529177,-0.06827550119463519,281.4991405526678,0.0,0.0,-0.6278283569008741,486.276253242136,0.7049197907009982,-0.7092870284151973,0.0,-4838.040941624665
-0.0020260475094680745,0.008255006449990105,-0.09209240269660987,281.7251008060695,0.0,0.0,-0.5923701577897615,404.46124482567274,-0.2383585305256558,0.9711772294106005,0.0,-5025.293775010635
-0.007305589710073273,-0.004344923358135505,-0.08427866968539346,281.7520430140236,0.0,0.0,-0.6418478430877453,428.5063770402042,-0.8594811423615615,-0.5111674538982947,0.0,-4727.357202603543
0.007635753028366947,-0.003734337382961668,0.0713659591235947,281.32078611860663,0.0,0.0,-0.595915915951121,985.2220657643679,0.898323885690229,-0.4393338097601962,0.0,-4739.073211058216
-0.007784999403716334,0.0034122989734395102,0.016293002339758778,281.42621143814415,0.0,0.0,-0.6496003557013252,787.0419942012268,-0.9158822827901568,0.40144693805170706,0.0,-4710.2815367019475
-0.0029551080726871524,-0.007969776425894219,-0.010877264751246618,281.66234372576065,0.0,0.0,-0.6349523680879878,686.1946196720139,-0.347659773257312,-0.9376207559875551,0.0,-5018.9000895628
0.008057890024137959,-0.002705625317537144,-0.11496206696647979,281.6071846544169,0.0,0.0,-0.6347740673042632,317.8312236155604,0.9479870616632893,-0.3183088608867228,0.0,-4648.7375522231105
0.006724674261841031,-0.0051989187406741395,0.08920703172387598,281.2386296647097,0.0,0.0,-0.597228720082281,1045.0852865352135,0.791138148451886,-0.6116374989028399,0.0,-4823.537783105351
-0.008472585213362853,0.000682128875143944,0.13381732103406804,281.37013230359594,0.0,0.0,-0.6083286095330019,1203.6852643195155,-0.996774730983865,0.08025045589928753,0.0,-4673.735867778009
0.0002177717006463787,0.008497209864796655,0.19048735485980015,281.00397565008984,0.0,0.0,-0.6273647544596989,1406.847378341713,0.025620200076044552,0.9996717487996064,0.0,-5125.817549852119
0.0008424905694521312,-0.00845814457433687,-0.09010540249371456,281.8036719465889,0.0,0.0,-0.6487539577440531,407.8484546294932,0.09911653758260366,-0.9950758322749258,0.0,-5046.50278108892
-0.0031349711710929643,0.007900756657207967,0.1800571691962883,281.01611354803026,0.0,0.0,-0.6201351674320557,1366.6340820365992,-0.3688201377756428,0.9295007832009373,0.0,-5063.455571631191
-0.008346215375005179,-0.0016095617148861301,0.15064214546350854,281.39353729452176,0.0,0.0,-0.5959822621666885,1261.5780630840009,-0.9819076911770798,-0.1893602017513094,0.0,-4691.193391211468
0.004835953878659688,0.006990246782730659,-0.020694742265775168,281.74370017429214,0.0,0.0,-0.5960892195336633,651.7243124927891,0.5689357504305514,0.822381974438901,0.0,-4927.025081303127
0.003384073425001496,0.007797310244834346,-0.16120004434582927,281.95792067671755,0.0,0.0,-0.6122367426234376,154.23956793680995,0.3981262852942936,0.9173306170393348,0.0,-4962.009210435951
-0.004493623515836707,0.007215077802624125,-0.01956951177601693,281.4263268599817,0.0,0.0,-0.6276289856236676,659.6964995648253,-0.528661590098436,0.8488326826616617,0.0,-4946.777089370065
0.007414342476062856,-0.004156624309178079,-0.10023514529693846,281.5816560739129,0.0,0.0,-0.6337535229764711,371.26691946454775,0.8722755854191594,-0.48901462460918577,0.0,-4713.327177300656
-0.003966082272820881,-0.00751799118150693,-0.1518650263233825,281.9776924604654,0.0,0.0,-0.6296884954779627,186.4574296460278,-0.46659791444951537,-0.8844695507655211,0.0,-4938.4617345867455
0.006120372134268937,0.005898393420081803,0.16711172502410307,281.2036626205873,0.0,0.0,-0.6494808937818182,1323.8478373591843,0.7200437805022278,0.6939286376566827,0.0,-4891.711112885674
-0.00531726186333461,-0.0066314950257636,0.18191101917229627,281.1522103087133,0.0,0.0,-0.5942859061837722,1373.5633971920684,-0.6255602192158364,-0.7801758853839529,0.0,-4951.622136726928
0.006376801028069413,0.005620178702533656,-0.07119017429257671,281.7683597430516,0.0,0.0,-0.5920146337521743,476.6109933161838,0.750211885655225,0.6611974944157242,0.0,-4808.260332854534
-0.008499716058640524,6.947605694349996e-05,0.04657937992053554,281.45991231828003,0.0,0.0,-0.6428357458687467,891.5657984786881,-0.9999665951341792,0.008173653758058818,0.0,-4647.526302598881
-0.006373794233172761,0.005623588451618207,-0.006601592638387582,281.400240484679,0.0,0.0,-0.6403761580612763,701.8252522383751,-0.7498581450791483,0.6615986413668479,0.0,-4825.822456393179
-0.001220823540784914,-0.008411871960643802,-0.0679409111079172,281.7690193665691,0.0,0.0,-0.6477984532334506,485.77184455782384,-0.14362629891587222,-0.9896319953698589,0.0,-5047.695404632644
-0.00042785813283659777,0.008489224783109798,-0.15296533403570656,282.0461530176023,0.0,0.0,-0.5975055867699204,179.17291695775594,-0.05033625092195267,0.998732327424682,0.0,-5032.845675347735
-0.006398169700141038,0.005595839926963347,-0.18369993410009308,281.82184467455954,0.0,0.0,-0.5922776965033759,76.48121403563674,-0.7527258470754161,0.6583341090545114,0.0,-4776.412323450428
-0.008332480865490537,-0.0016792148838770135,0.10184579797680651,281.3937717215509,0.0,0.0,-0.6143684908809528,1091.7245529205081,-0.9802918665282984,-0.1975546922208251,0.0,-4679.496739208146
0.0012308503857112023,0.008410410651567175,0.034835751090009553,281.46903808346826,0.0,0.0,-0.6313650059869547,853.408337068812,0.14480592773072967,0.9894600766549617,0.0,-5075.119924171088
0.0072071430599782715,-0.0045063387481421155,-0.07774264990189025,281.4831682415081,0.0,0.0,-0.625352699548151,454.4447645189762,0.8478991835268554,-0.5301574997814253,0.0,-4737.811684692757
-0.007063624235961267,0.004728129931922411,0.016739817184871497,281.36957280260617,0.0,0.0,-0.64834872112339,790.7905155459039,-0.8310146159954431,0.5562505802261659,0.0,-4775.6336419850895
-0.008490905677965666,-0.0003930912971440915,-0.19172220136172774,281.8268742111855,0.0,0.0,-0.5909307186313946,44.15145160104664,-0.9989300797606665,-0.04624603495812841,0.0,-4584.5033623497375
0.007144071771380714,-0.004605674600464219,-0.02771746928796978,281.38920346495297,0.0,0.0,-0.603725236933109,627.6690267273909,0.8404790319271427,-0.5418440706428492,0.0,-4756.745404432746
0.006382970182520619,-0.005613171264895871,0.03634353970818813,281.2919802771834,0.0,0.0,-0.5904042844435141,854.5908618813029,0.7509376685318375,-0.6603730899877495,0.0,-4836.631457686553
0.0022589230679585393,-0.00819434357182104,-0.030256409392752648,281.5176457250646,0.0,0.0,-0.6258037843289186,621.3746440688111,0.26575565505394577,-0.9640404202142399,0.0,-5035.806956743299
-0.0019296762709972706,0.008278064356427176,-0.04181841468102801,281.6368693874273,0.0,0.0,-0.6079910285846277,580.8872243548951,-0.22702073776438475,0.9738899242855501,0.0,-5041.103522564442
0.00812715955559974,0.0024898348454915316,-0.07068112761238826,281.66975388429523,0.0,0.0,-0.5987973584254714,475.26553524241166,0.9561364183058517,0.29292174652841546,0.0,-4653.7901564598515
0.0082359658337704,0.0021021100791744148,0.003533286704974048,281.59411767342465,0.0,0.0,-0.5913760195994844,739.9069866958758,0.9689371569141645,0.24730706813816644,0.0,-4662.858700788109
-0.003877803460648473,0.007563903775206473,0.15162159718919035,281.0804968039676,0.0,0.0,-0.6301256177094263,1269.7545172373157,-0.45621217184099677,0.8898710323772321,0.0,-5024.101964975752
0.008243011868347083,0.0020743083999948367,0.1827971173528731,281.28890680748066,0.0,0.0,-0.6498683171256749,1379.4443455489163,0.9697661021584804,0.2440362823523337,0.0,-4710.246760171806
0.006153815170989968,0.005863493740193957,0.09963852810186011,281.4226858085514,0.0,0.0,-0.6397226663748857,1083.0476056375944,0.7239782554105844,0.689822792963995,0.0,-4871.108701732093
-0.007604643174358416,0.003797288794743423,-0.07066944610964393,281.4740163625498,0.0,0.0,-0.620740330573812,479.4168847951748,-0.894663902865696,0.4467398582051086,0.0,-4703.853565102304
0.0034967913655040194,-0.0077474157075851134,0.19260554490110773,280.9803561841426,0.0,0.0,-0.6269570574872853,1409.5559546579489,0.41138721947106105,-0.9114606714806015,0.0,-5052.209302876685
-0.007168613000155168,-0.004567383020287037,0.1826863117610187,281.2525970500588,0.0,0.0,-0.5907583547888233,1380.2865928554074,-0.8433662353123726,-0.5373391788572984,0.0,-4811.056093695786
-0.006767910785971677,-0.005142507519987525,0.02634381370782743,281.6515497310549,0.0,0.0,-0.6348364361770962,824.3393553389087,-0.796224798349609,-0.6050008847044147,0.0,-4803.119323475172
-0.008109341251525126,0.0025472700026327993,-0.06357539437447216,281.4911742301735,0.0,0.0,-0.6286405676855759,503.3008106253104,-0.9540401472382501,0.29967882383915284,0.0,-4657.458441756494
0.007676111550694617,0.0036506590447880362,-0.08351354136914017,281.7237835203864,0.0,0.0,-0.599884796354413,433.1979633302909,0.9030719471405431,0.4294892993868278,0.0,-4693.756793571979
0.004432382772536177,-0.007252860329395881,-0.048814290209597766,281.46540950887885,0.0,0.0,-0.625945788036998,552.6651871663589,0.521456796768962,-0.85327768581128,0.0,-4942.259919120018
0.007477169631063029,-0.004042515838968201,0.1462463566632178,281.2448650829442,0.0,0.0,-0.625216487266551,1252.0707603817018,0.8796670154191798,-0.47559009870214125,0.0,-4773.758641870194
0.008499231307881595,-0.00011431174535162665,-0.1253892521238335,281.69600064514356,0.0,0.0,-0.6306867018296721,279.4154973410085,0.9999095656331287,-0.013448440629603134,0.0,-4601.43855978187
-0.004233120080363647,0.007370935787620326,-0.17883799906413733,281.9602594088341,0.0,0.0,-0.5960913774432133,91.89662261712445,-0.49801412710160553,0.8671689161906265,0.0,-4917.891122272996
0.0008264131543198535,-0.008459730568899173,0.03978662320845344,281.3138298326507,0.0,0.0,-0.6005109865379097,869.3875702015997,0.09722507697880628,-0.9952624198704908,0.0,-5081.51526502404
0.002528619778214935,-0.008115176031191206,0.14358336100642335,281.0896894783204,0.0,0.0,-0.6021047572588254,1239.3599046734923,0.2974846797899923,-0.9547265919048478,0.0,-5074.583625875773
-0.007778978001453043,0.0034260036854781156,-0.0819560588387642,281.5501110603458,0.0,0.0,-0.617004264573325,439.13154890022065,-0.9151738825238873,0.4030592571150724,0.0,-4684.492765580347
-0.0015860821698177236,-0.008350709152556226,-0.14961491628110846,281.9649242631101,0.0,0.0,-0.6384188440193405,198.48682196364663,-0.1865979023314969,-0.9824363708889676,0.0,-5019.539150757082
-0.004830139161557249,-0.006994265914303734,0.07799221768965128,281.4948941346922,0.0,0.0,-0.6032882640307051,1008.3392941770632,-0.5682516660655587,-0.822854813447498,0.0,-4953.844360697405
-0.0013207101608795123,-0.008396768704147425,0.03427630099462556,281.41461737145295,0.0,0.0,-0.6091719815835009,851.6139834787658,-0.15537766598582498,-0.9878551416644028,0.0,-5073.573504356286
0.0007651133250673321,0.008465494764029118,0.020248562849261242,281.504417140784,0.0,0.0,-0.626551886138219,801.6210275552272,0.09001333236086259,0.9959405604740139,0.0,-5076.86748525105
0.004032704288621753,0.00748246591175207,-0.025703520358989318,281.67214932616605,0.0,0.0,-0.5967213931255838,635.3362364894564,0.47443579866138264,0.8802901072649494,0.0,-4969.064629659579
-0.007278811929114161,0.004389635167139223,-0.18443552330572766,281.7931097658626,0.0,0.0,-0.5907731814179358,72.9742695046988,-0.8563308151899013,0.5164276667222615,0.0,-4702.86421400602
-0.008447848832117128,-0.0009401330276600612,-0.04812022576422728,281.57286641388606,0.0,0.0,-0.6443007034787916,556.7015841103412,-0.993864568484368,-0.11060388560706602,0.0,-4627.472312111679
-9.576743306938857e-05,0.008499460488687697,-0.1269963889508966,281.89203435520056,0.0,0.0,-0.5919670487081343,272.95995980436646,-0.011266756831692773,0.9999365280809055,0.0,-5040.871944570163
-0.006063629676001893,0.0059567100947006965,0.08983146102892511,281.22320354197416,0.0,0.0,-0.6447575364866418,1047.1393199483978,-0.7133681971766933,0.7007894229059642,0.0,-4875.187682403712
0.007775154398195164,0.0034346723401550865,-0.19217670809379428,281.77691079739964,0.0,0.0,-0.6445466267116338,44.36057458188174,0.9147240468464898,0.40407909884177484,0.0,-4655.283559362613
-0.00806093831534325,-0.002696529895297127,-0.03303425041506125,281.64009212800966,0.0,0.0,-0.6494967249258344,613.9821703083742,-0.9483456841580293,-0.31723881121142666,0.0,-4670.418956196756
0.00623178878498855,0.005780554345328044,0.03610400789162305,281.5889628724883,0.0,0.0,-0.6120079885337012,858.0329069051849,0.7331516217633588,0.680065217097417,0.0,-4848.181468924187
-0.008499696492357184,-7.182992281063641e-05,-0.07156082431406216,281.67063828931737,0.0,0.0,-0.6339222127619699,473.5688855819043,-0.9999642932184922,-0.008450579154192518,0.0,-4615.832175859063
-0.00027849421980515016,0.008495436479047744,-0.16256202036730588,282.04747502941177,0.0,0.0,-0.6010633986584432,150.46829743442322,-0.032764025859429426,0.9994631151820874,0.0,-5030.913467601822
-0.0038200955203942866,0.00759321211445219,0.04473493201019779,281.2854526638729,0.0,0.0,-0.647403407564937,886.5639069291901,-0.4494230023993278,0.8933190722884929,0.0,-4998.13039949189
0.007567986217578229,-0.0038698300493104315,-0.037661116181132326,281.4238311013712,0.0,0.0,-0.6050684640523672,594.2649746271057,0.8903513197150857,-0.45527412344828605,0.0,-4716.096590189651
-0.006016203619178926,0.00600460606639423,-0.19347302559890192,281.89144574517206,0.0,0.0,-0.5953725409556732,38.945990714936954,-0.7077886610798736,0.7064242431052036,0.0,-4802.668095836674
0.006217621063971021,0.005795790567719289,0.1897569276313494,281.1442371490432,0.0,0.0,-0.64608360085595,1405.484879381683,0.7314848310554142,0.6818577138493281,0.0,-4890.479569669933
-0.003541657779800057,0.00772700848781608,0.0028432426405125,281.44794195716923,0.0,0.0,-0.6336760220093904,737.8611739615696,-0.41666562115294786,0.9090598220960093,0.0,-4999.374315661895
0.004864845570652077,-0.006970170555567983,-0.05788738857778822,281.58803506226633,0.0,0.0,-0.628226205591574,521.5770945356612,0.5723347730178914,-0.8200200653609391,0.0,-4915.339716552443
0.008319825887665467,0.0017408323293561419,-0.19952313705641614,281.8328370263401,0.0,0.0,-0.648745640167614,18.394164176569983,0.9788030456077019,0.20480380345366372,0.0,-4599.925025333155
0.0007118626580881122,-0.008470138815628688,-0.11131140219852503,281.8396024654301,0.0,0.0,-0.6499607075744305,337.5469266536706,0.08374854801036613,-0.9964869194857279,0.0,-5042.049884774518
0.0020572659105636735,-0.008247281793005053,-0.06672726009555963,281.6549590528288,0.0,0.0,-0.6410583758267286,492.15232486615577,0.24203128359572626,-0.9702684462358885,0.0,-5031.322741779449
0.0070455583150093,0.004755008730780977,0.08307736802240903,281.50247021855915,0.0,0.0,-0.6287517110732397,1022.6233309427503,0.8288892135305058,0.5594127918565855,0.0,-4794.983825502054
-0.0071807081375160125,0.004548343725336875,-0.1667924802940929,281.7760573797602,0.0,0.0,-0.5900065512652276,136.12262736505846,-0.8447891926489426,0.5350992618043382,0.0,-4716.236534762638
-0.00427885726097468,-0.007344479596282113,-0.12749649037676758,281.9091714186193,0.0,0.0,-0.6383983789796432,271.5208632093585,-0.5033949718793741,-0.8640564230920132,0.0,-4929.29476553915
-0.008408421497488848,-0.0012443664735789853,-0.04539628783284447,281.5888348134694,0.0,0.0,-0.6455950525774697,566.7044302318002,-0.9892260585280997,-0.14639605571517472,0.0,-4632.25050239915
-0.008468492088045069,-0.0007311920094736265,-0.012720488690363185,281.58457515391524,0.0,0.0,-0.6498225794603817,685.5063292282415,-0.9962931868288316,-0.0860225893498384,0.0,-4634.843135747641
0.003493305082417384,0.007748988295329712,0.05185441118473785,281.49621673150943,0.0,0.0,-0.6308802045730826,911.3242081036827,0.41097706851969223,0.9116456818034955,0.0,-5014.5952127247665
0.0007803090645483147,-0.008464107617686801,-0.1927307904845349,282.0240665134937,0.0,0.0,-0.6282893489303261,43.04644806866903,0.09180106641744878,-0.9957773667866825,0.0,-5019.583667388328
0.008219401999874466,-0.0021659710904025587,-0.10574575839385368,281.58838731087485,0.0,0.0,-0.6290775154688536,349.432502022288,0.9669884705734665,-0.25482012828265393,0.0,-4635.199837794695
-0.005547547716492851,0.006440086515974375,0.14887372753600633,281.13027124695896,0.0,0.0,-0.6244548414774076,1257.510763805397,-0.6526526725285706,0.7576572371734558,0.0,-4927.5213069561305
-0.004897994578744372,-0.006946916517894162,0.06508837862013564,281.527881274667,0.0,0.0,-0.6087789756824916,957.9712603541085,-0.5762346563228673,-0.8172842962228425,0.0,-4946.362328902439
-0.005876982476741135,0.006140934535400752,-0.10312536968928535,281.6539647491487,0.0,0.0,-0.598128324056852,361.9509745068672,-0.6914097031460158,0.7224628865177355,0.0,-4836.991371742278
0.005177369603072148,0.00674127910660763,-0.013914015853550538,281.75074124012986,0.0,0.0,-0.5971057979863692,680.5204047727611,0.609102306243782,0.7930916596008976,0.0,-4908.024498788907
0.0076951949172149965,0.003610259711719989,-0.06345034277186562,281.79420813886094,0.0,0.0,-0.5941720143307635,503.14516390896995,0.9053170490841171,0.42473643667293987,0.0,-4697.353195185665
0.0036264071114038374,0.0076875985497656995,-0.09614224853884532,281.8651687648239,0.0,0.0,-0.5917509190893104,386.19852324935147,0.42663613075339263,0.9044233587959646,0.0,-4969.117647448636
0.006812566225100739,-0.005083201887454075,0.09830069559954643,281.2656274290069,0.0,0.0,-0.6005501498068639,1077.5414726727586,0.8014783794236163,-0.5980237514651853,0.0,-4818.731616575233
-0.001077633408377029,0.008431411876853704,0.166192379303401,280.93501620124204,0.0,0.0,-0.6335223071223501,1322.0263873233957,-0.1267804009855328,0.9919308090416122,0.0,-5112.515960492719
0.004006083979733963,-0.007496752039871594,0.0843915883144192,281.2250468760041,0.0,0.0,-0.5906796167479,1025.7129833760469,0.4713039976157603,-0.8819708282201875,0.0,-4999.905564051149
0.0029456095329011894,0.007973291947475751,0.023421882536003358,281.5794303341336,0.0,0.0,-0.6201516249548047,813.1941371263422,0.3465422979883752,0.9380343467618529,0.0,-5028.443631414953
-0.0050767626200230835,-0.006817366155630513,-0.0969102283051197,281.88330376722155,0.0,0.0,-0.6455060855115928,385.6768196288494,-0.597266190590951,-0.8020430771330015,0.0,-4892.039857778836
0.007931687004114018,0.003055869969218065,0.18451941842913458,281.22274689851054,0.0,0.0,-0.6499564558959069,1382.605485229942,0.9331396475428255,0.35951411402565464,0.0,-4741.375385023257
-0.006733508150778435,0.005187472215193098,0.1665131978130033,281.1714453678235,0.0,0.0,-0.6104331193601288,1317.5034981077174,-0.7921774295033452,0.6102908488462467,0.0,-4843.554437465585
-0.0066711006009615,0.005267486760481807,0.18988659260379112,281.1167401167382,0.0,0.0,-0.6013511486039438,1406.9001091203907,-0.784835364819,0.6197043247625654,0.0,-4854.919901438453
-0.003520092693745856,-0.007736856430581936,0.20077091066447214,281.0061038338313,0.0,0.0,-0.6058337241495566,1441.0394587170233,-0.4141285522053948,-0.9102184035978748,0.0,-5053.404284865071
-0.007950843542870963,0.0030056757903651433,0.1719438317506389,281.3448706796513,0.0,0.0,-0.600609543877683,1338.2910087847306,-0.935393357984819,0.35360891651354626,0.0,-4736.148548901767
-0.00686490104817845,-0.005012298235212909,0.10286364002508816,281.55555343511037,0.0,0.0,-0.6021747891028502,1093.4589829063345,-0.8076354174327587,-0.5896821453191657,0.0,-4815.596576261564
0.0018927079658970498,0.008286594991661525,0.10808283612896616,281.2131952949665,0.0,0.0,-0.6497106602234516,1116.1738588443104,0.2226715253996529,0.9748935284307675,0.0,-5082.181486464906
-0.003987051543751381,0.007506891499646824,-0.19680991068290388,282.0158970110353,0.0,0.0,-0.6027220466255839,28.387491652956726,-0.46906488750016245,0.8831637058408027,0.0,-4925.387718814657
-0.007591747667500664,-0.0038230050160833204,-0.005453246258829009,281.5982185232253,0.0,0.0,-0.6478271887155703,710.2680658845176,-0.8931467844118428,-0.44976529600980236,0.0,-4722.544015388264
-0.008300840228841375,0.0018292215544456797,-0.15825720843660693,281.69660110360593,0.0,0.0,-0.5936642816146562,166.16858205128446,-0.9765694386872206,0.21520253581713877,0.0,-4612.918086781768
0.006183399304393597,0.005832287119340473,-0.06168013682131904,281.7670068400388,0.0,0.0,-0.5905345208961942,511.3684057591217,0.7274587416933643,0.6861514258047614,0.0,-4825.605333427833
0.006325619435048635,-0.005677723026261055,-0.04149901689463892,281.4499007101694,0.0,0.0,-0.6139412724111036,581.9273246008022,0.7441905217704277,-0.6679674148542417,0.0,-4820.185523033618
0.004265092724122042,-0.007352481489581679,-0.14136167165670638,281.77239774652713,0.0,0.0,-0.6499267424289532,227.74495785735596,0.5017756146025931,-0.8649978223037269,0.0,-4926.291040187884
0.0006087352199849147,-0.00847817441622605,-0.16043657752014323,282.02153558098064,0.0,0.0,-0.6405500215678082,158.8423383013564,0.07161590823351938,-0.9974322842618882,0.0,-5029.699351320193
-0.008352765309151997,-0.0015752179818129771,0.16433020161179931,281.37779117647773,0.0,0.0,-0.5928174730668399,1311.143109210602,-0.9826782716649408,-0.1853197625662326,0.0,-4694.199693011282
0.0007178988139957512,0.008469629348021288,-0.10162714142346681,281.84022499384315,0.0,0.0,-0.590075973201883,366.3598246827351,0.08445868399950014,0.9964269821201515,0.0,-5044.595543076025
-0.0035123485231409093,-0.007740375175144283,-0.12160564631968472,281.95316184527826,0.0,0.0,-0.642578377720797,296.98964614327474,-0.4132174733106952,-0.9106323735463862,0.0,-4967.244675580159
-0.008112253055904161,-0.002537981551740206,0.09339596270911901,281.4776763743596,0.0,0.0,-0.6151111159623354,1060.9210063599016,-0.9543827124593129,-0.29858606491061246,0.0,-4699.285054199638
0.00431645362791929,-0.007322446864131034,-0.19424540379656102,281.8995195198056,0.0,0.0,-0.6392682465272939,38.737665451609814,0.5078180738728576,-0.8614643369565922,0.0,-4909.418533162362
-0.007677987068142564,0.0036467128460348445,-0.2044787624921478,281.86507844638584,0.0,0.0,-0.5927992776878435,1.05394305288849,-0.9032925962520664,0.42902504070998165,0.0,-4661.127337854153
0.0011517220564984925,-0.008421611265344351,-0.20151812869710498,282.0359606904132,0.0,0.0,-0.6256443746415077,10.53067527951381,0.1354967125292344,-0.9907777959228649,0.0,-5012.856042586718
0.00838469096249098,-0.0013953341762897185,0.17613958451062403,281.3013919139586,0.0,0.0,-0.6446377279985133,1354.265575335974,0.9864342308812916,-0.16415696191643747,0.0,-4694.113865282052
-0.0001263940367800656,0.00849906021554539,-0.04383357446384867,281.6708691087536,0.0,0.0,-0.6016807129572905,572.6752261014892,-0.014869886680007714,0.999889437122987,0.0,-5063.142482751676
0.0024809070289634905,0.008129889317428593,-0.00418413554915581,281.61936220611415,0.0,0.0,-0.6094232357790017,713.2924411799493,0.29187141517217535,0.956457566756305,0.0,-5036.394300930159
0.008147018718482599,0.0024240639431941935,-0.19631072571201172,281.80967425126624,0.0,0.0,-0.6473637207275605,34.18886580504924,0.9584727904097173,0.2851839933169639,0.0,-4618.116429130863
-0.008438776021385222,0.0010183610660732354,-0.12614268120284827,281.59067416125345,0.0,0.0,-0.6060823751876665,280.98385043685744,-0.9927971789864967,0.11980718424391004,0.0,-4607.472496642944
0.006325038455586325,-0.005678370235847093,0.11693877186127652,281.2436441837436,0.0,0.0,-0.6053467087137262,1140.0208342862786,0.7441221712454499,-0.6680435571584815,0.0,-4862.737982315652
0.0024097852484544534,-0.008151253588027508,0.17434799713869023,281.03614555949537,0.0,0.0,-0.6145615105630297,1350.885193686393,0.2835041468769945,-0.9589710103561773,0.0,-5086.411467344819
-0.008499986201136357,-1.5316020747085616e-05,-0.11047229609955453,281.6452030250449,0.0,0.0,-0.6163975455286564,338.38597799383217,-0.9999983766042773,-0.001801884793774778,0.0,-4605.36251987744
0.008499255528282986,0.00011249651083969387,-0.06486633979213599,281.5433684058507,0.0,0.0,-0.6033100374579056,495.57672884927985,0.9999124150921159,0.013234883628199278,0.0,-4617.673907009172
-0.008205466311568656,-0.0022181800219350715,-0.0052584071985249115,281.65050822259207,0.0,0.0,-0.6494966892955502,709.3507059960084,-0.9653489778316066,-0.2609623555217731,0.0,-4663.553802264554
0.007324820915343268,-0.004312423745198263,-0.04924041932198003,281.45278474662524,0.0,0.0,-0.6115913392103769,553.0089876619594,0.861743637099208,-0.507343970023325,0.0,-4735.044233516036
-0.0018621122134109423,-0.008293523865322014,0.00820890484442549,281.48195295248405,0.0,0.0,-0.6228476000995699,759.8802062643263,-0.21907202510716967,-0.975708690037884,0.0,-5056.085666143397
-0.008491777548599044,-0.00037378344681009585,-0.09330410662795499,281.6783055757876,0.0,0.0,-0.6255158695381987,401.2097877054106,-0.999032652776358,-0.04397452315412892,0.0,-4610.818044726813
-0.0031227448442372077,-0.007905597044992234,0.15596702359634687,281.06181719946636,0.0,0.0,-0.5928982394450312,1283.2550149202734,-0.3673817463808479,-0.9300702405873216,0.0,-5057.458298276286
0.0066507141919848484,-0.005293203258569553,-0.13974740489298348,281.7253160913021,0.0,0.0,-0.6484029843666436,231.35616735100058,0.7824369637629233,-0.6227297951258297,0.0,-4768.135448813681
0.005551051180573225,0.00643706694004782,0.09699792244844599,281.4764272313777,0.0,0.0,-0.6409883397710536,1069.580762460234,0.6530648447733206,0.7573019929468023,0.0,-4913.366608601349
0.008479452543701131,0.0005906645063997154,0.03405780853167373,281.4279916921928,0.0,0.0,-0.5950964513333965,851.1879245168736,0.9975826522001331,0.06948994192937828,0.0,-4646.262155718484
0.004187070861951809,-0.007397191196460596,0.19472087200518864,281.0016468389033,0.0,0.0,-0.6304992638584012,1422.05475931091,0.49259657199433043,-0.8702577878188936,0.0,-5020.475576766275
-0.007350731738303476,-0.004268107649942532,-0.11871336115954532,281.7587213868415,0.0,0.0,-0.6282212534057079,307.7598938646379,-0.8647919692121736,-0.502130311757945,0.0,-4714.089407829142
-0.008473355772880907,0.0006724893651098179,0.042621481296296726,281.4618563980694,0.0,0.0,-0.6451925877457582,882.1192568644329,-0.9968653850448126,0.07911639589527268,0.0,-4649.18916937106
-0.006966362670246757,-0.004870296823253434,-0.16340265789875932,281.85557310215887,0.0,0.0,-0.6104721789202654,150.3169604515831,-0.8195720788525596,-0.5729760968533452,0.0,-4735.612969843696
0.0031435155992081383,0.007897360931193097,-0.09531123382704058,281.8982814650392,0.0,0.0,-0.5910761314331707,388.05424812247753,0.36982536461272214,0.9291012860227172,0.0,-4989.249541226666
-0.007365406523612096,-0.004242733404532082,0.14699249752569396,281.37502170318874,0.0,0.0,-0.5919907037214931,1251.1756420177805,-0.8665184145425995,-0.49914510641553894,0.0,-4784.061179925059
-0.001817039125464221,0.008303515449286057,-0.0623714133664231,281.643033413263,0.0,0.0,-0.599762497656366,509.16641277393023,-0.21376930887814363,0.9768841705042419,0.0,-5038.1593865059585
0.006505083907969038,0.005471186649190675,0.08308047335562321,281.46003387400486,0.0,0.0,-0.6317290013916514,1027.2971881187677,0.7653039891728279,0.643669017551844,0.0,-4839.58619692412
-0.006684513835041336,-0.005250454722130359,-0.021231483951214353,281.63536030448256,0.0,0.0,-0.6482781728109891,649.6369297802655,-0.7864133923578042,-0.617700555544748,0.0,-4797.187497789138
-0.008012188941912832,0.002838102950755967,-0.18330789398918282,281.75560704663917,0.0,0.0,-0.5900009609647237,75.75630954204212,-0.9426104637544509,0.3338944647948196,0.0,-4634.8734593130475
0.006613843682287995,0.0053392014146554905,-0.07349471326123547,281.78947842143305,0.0,0.0,-0.5929492826876818,467.7459462194504,0.778099256739764,0.6281413429006459,0.0,-4788.888986729057
0.006878905846517628,0.004993060619975047,0.143032900942016,281.2863404341906,0.0,0.0,-0.6484603120778974,1233.0587502136334,0.8092830407667797,0.5874188964676526,0.0,-4825.201503108541
0.0028063527544744003,-0.008023364893699772,0.141106593382648,281.0938753075005,0.0,0.0,-0.6020196117484875,1233.4095144559446,0.3301591475852235,-0.9439252816117378,0.0,-5064.895638914247
0.0017513246164951816,0.008317623584152988,0.19660525083725575,280.99640686238195,0.0,0.0,-0.6298962950040616,1429.4079646921962,0.2060381901759037,0.9785439510768221,0.0,-5109.068986467806
0.007344162854650581,0.004279400888485518,-0.10186985629409069,281.8308086950651,0.0,0.0,-0.6046466291159077,364.3034337646305,0.8640191593706565,0.5034589280571197,0.0,-4719.196255531275
0.0039215396993161865,0.007541321262662607,0.09839243973676573,281.3196233045598,0.0,0.0,-0.6456930457968134,1077.3019515813812,0.46135761168425715,0.8872142661956007,0.0,-5007.743599458732
0.0017157937734613062,-0.00832502562920688,0.17839292059528242,281.00575191893336,0.0,0.0,-0.6139078305543678,1362.422562260447,0.20185809099544777,-0.9794147799066918,0.0,-5104.932972165518
-0.006148612239508338,-0.005868949439905602,-0.18685717719418812,281.96161709229966,0.0,0.0,-0.6048177152897632,63.59913612414253,-0.7233661458245103,-0.6904646399888943,0.0,-4794.633810999435
0.008101535255580446,-0.0025719888224071054,-0.04039974277050731,281.4330787246526,0.0,0.0,-0.6019815279618352,584.7059856318756,0.95312179477417,-0.30258692028318884,0.0,-4664.446936126192
-0.00849800973227856,-0.00018393093839512014,0.1022213751085643,281.454267700242,0.0,0.0,-0.6194789039920121,1094.1255096864422,-0.999765850856301,-0.021638933928837662,0.0,-4662.631274103441
0.0011562478476651007,0.008420991088629048,-0.012361532486105109,281.5674767359379,0.0,0.0,-0.6103954169742274,687.2200529165699,0.13602915854883535,0.9907048339563584,0.0,-5063.541761214994
-0.0053690840997925844,0.006589608177225294,-0.14034448140935762,281.8192891152125,0.0,0.0,-0.5901612477167053,229.07790840535222,-0.6316569529167746,0.7752480208500345,0.0,-4861.790779834742
0.00283530121718006,0.008013180829599273,-0.010146691101621613,281.6343838370178,0.0,0.0,-0.6057337699125489,693.3382805277922,0.33356484908000705,0.9427271564234437,0.0,-5023.320893263138
0.008446677502228252,-0.0009505993758419471,0.10928543724523102,281.4076090971729,0.0,0.0,-0.619757485336457,1116.5695633515784,0.9937267649680296,-0.11183522068728788,0.0,-4669.823614461271
-0.0016630268142930745,-0.008335726831833097,-0.12161842955868568,281.9971613293962,0.0,0.0,-0.6464712937495335,296.6500958556768,-0.19565021344624406,-0.9806737449215407,0.0,-5025.527902590866
-0.004817023372247348,-0.0070033053504201,0.08800355058343931,281.47240340896707,0.0,0.0,-0.5996358299203686,1043.4940137164683,-0.5667086320290997,-0.8239182765200117,0.0,-4957.300892301949
-0.005086999881355622,-0.006809730700041514,0.04809842156723679,281.5532794815473,0.0,0.0,-0.617139053492179,899.3322659198606,-0.598470574277132,-0.8011447882401781,0.0,-4930.310962125555
0.008459968142381947,0.0008239775663709409,-0.11297455062857605,281.64322493274244,0.0,0.0,-0.6219016191443512,328.31406610675833,0.9952903696919936,0.09693853722011068,0.0,-4608.824469908692
-0.002787319376778943,0.00802999692975238,0.07725291535814297,281.1829505524169,0.0,0.0,-0.6499581815387794,1002.31712765293,-0.32791992667987563,0.9447055211473387,0.0,-5048.412541467312
-0.005268889047706713,0.006669993118658838,0.03526526379471609,281.2697976403825,0.0,0.0,-0.6480579894295704,852.7490963667959,-0.6198692997302016,0.7847050727833926,0.0,-4915.396714788482
0.008488419695376058,-0.0004435437691500617,0.15224247409224492,281.33578202461865,0.0,0.0,-0.6395570660130018,1269.5438281509694,0.9986376112207126,-0.052181619900007255,0.0,-4677.043627269998
0.002775881230871538,0.008033958139802268,0.0741609343772072,281.39483213037454,0.0,0.0,-0.6416005301550177,993.031553429985,0.32657426245547505,0.9451715458590904,0.0,-5047.970506537153
-0.004088123448081557,0.007452331626628392,-0.04352213254219042,281.52188900211365,0.0,0.0,-0.6150657608483406,572.9447308612373,-0.4809556997743008,0.876744897250399,0.0,-4961.543240829588
0.004492707448690553,0.007215648257813045,-0.11320576328775665,281.89859603385247,0.0,0.0,-0.5974648326944444,325.40183907093115,0.5285538174930062,0.8488997950368288,0.0,-4921.705301330719
0.008275061235504758,0.001942514233833684,-0.012813959254932339,281.60992157355696,0.0,0.0,-0.5900175394727424,686.6261069655136,0.9735366159417362,0.22853108633337457,0.0,-4654.541749757692
-0.003898765212812887,0.00755312053494184,0.1862921233633821,281.03957317266963,0.0,0.0,-0.6143397737455489,1392.4834527457444,-0.45867826033092784,0.8886024158755105,0.0,-5032.411085125206
0.007075804765015161,0.004709881837943363,-0.16954362909365905,281.8800461226776,0.0,0.0,-0.6327821766705792,122.76328350662388,0.8324476194135483,0.5541037456403957,0.0,-4724.606307687706
-0.005887122489531563,-0.006131214300059305,0.02371846187993193,281.63704381981864,0.0,0.0,-0.6317270035829141,814.6788681990232,-0.6926026458272426,-0.7213193294187417,0.0,-4870.29618276963
0.005625263752880005,0.0063723157258985825,0.072899466381003,281.48811752395085,0.0,0.0,-0.6315154768625747,987.7939447829967,0.6617957356329417,0.749684203046892,0.0,-4901.850011310437
-0.001669150883545567,0.008334502704298504,-0.04232832601219605,281.57735397605893,0.0,0.0,-0.6069234937733232,580.8269657151736,-0.1963706921818314,0.9805297299174709,0.0,-5046.676582401278
-0.00834349784836663,0.0016235897432237683,0.18714557125366796,281.27336705958965,0.0,0.0,-0.59319622967132,1391.336134250822,-0.9815879821607799,0.19101055802632566,0.0,-4701.263202051633
0.008207854915081133,0.0022093251668730204,0.04508871554616603,281.55118995463397,0.0,0.0,-0.6026452360512098,887.6807274588742,0.965629990009545,0.25992060786741417,0.0,-4676.822810317039
0.0030817420097792193,0.007921670668814877,-0.14049781023089092,281.9370445605517,0.0,0.0,-0.60263065630513,228.59796066442092,0.36255788350343754,0.9319612551546914,0.0,-4979.468249235993
0.006276887333417817,-0.005731551744822599,-0.0860914933983318,281.5699480927479,0.0,0.0,-0.6340806153858306,420.0547972941422,0.7384573333432726,-0.6743002052732469,0.0,-4811.961819664863
0.00525071715263046,-0.006684307696618422,0.07345582280456261,281.2142468257332,0.0,0.0,-0.5907280421966236,988.6655461561892,0.6177314297212305,-0.7863891407786379,0.0,-4926.807127300042
0.005629252307719302,0.006368792543020767,0.1708142345067354,281.18365893170835,0.0,0.0,-0.6484479833493662,1334.6990722595776,0.6622649773787413,0.7492697109436196,0.0,-4927.846453142421
0.002984771203364961,-0.007958714774607977,-0.004792316027277893,281.3998371321823,0.0,0.0,-0.611554996983728,712.7314801707462,0.3511495533370542,-0.9363193852479972,0.0,-5019.459612799731
-0.008471935560406933,0.0006901506069782805,0.014592290874503255,281.4575679086366,0.0,0.0,-0.6496965988576648,778.2199699969219,-0.9966983012243449,0.0811941890562683,0.0,-4641.8157032568315
0.00043767319654453864,0.008488724413775399,-0.1273250901684731,281.95190884162116,0.0,0.0,-0.5927555207185423,277.46637879059085,0.05149096429935748,0.9986734604441645,0.0,-5039.67302941683
-0.0009106300517105809,-0.00845107998476654,0.1033740940158174,281.229733844754,0.0,0.0,-0.5901322836574261,1096.8716900451373,-0.10713294726006833,-0.994244704090181,0.0,-5097.684426937637
0.00849785393564394,-0.00019099342517685773,0.12283889366444442,281.4034024269941,0.0,0.0,-0.6285561018525756,1165.0869847858262,0.9997475218404636,-0.022469814726689144,0.0,-4668.178929081492
-0.008468976535437833,-0.0007255593995004296,-0.17859236000347953,281.77835560730296,0.0,0.0,-0.5935322290522003,93.92582543244501,-0.9963501806397449,-0.0853599293529917,0.0,-4590.290956301657
0.005425331763292218,-0.006543376441731941,-0.04132823109658176,281.48068839232207,0.0,0.0,-0.6182338458966723,577.8183202917204,0.638274325093202,-0.7698089931449342,0.0,-4884.658527806278
0.008173148890784583,0.0023344458034117513,-0.184393294068061,281.82212614268127,0.0,0.0,-0.6448610812885028,73.70781889256976,0.961546928327598,0.2746406827543237,0.0,-4618.716730455219
9.408329734975669e-05,0.008499479297766411,0.013703123179862192,281.50557400359867,0.0,0.0,-0.6259285973039673,777.9588477477713,0.011068623217618433,0.9999387409136954,0.0,-5078.622541337631
-0.00794473087649206,0.0030217960388010507,0.06363330165075512,281.36170841972125,0.0,0.0,-0.6445599207969791,955.8074729232335,-0.9346742207637716,0.35550541632953536,0.0,-4707.681353680814
-0.008032435321918916,-0.0027802846615390627,-0.015061572428937992,281.6256343803148,0.0,0.0,-0.6498428241046896,674.300631070667,-0.94499239081399,-0.32709231312224263,0.0,-4678.0344180975535
0.0030612892865982387,-0.007929596957207779,0.12200914840253199,281.05205442517314,0.0,0.0,-0.5964370873682343,1162.2247022059623,0.36015168077626336,-0.9328937596715032,0.0,-5050.662099173508
-0.002137886824036204,-0.008226751480846641,0.16870822535645505,281.0914885633522,0.0,0.0,-0.5982628621247367,1326.7425859827629,-0.25151609694543575,-0.9678531153937224,0.0,-5092.4286297227345
0.0015386037119527582,0.008359587227702407,0.004451848488985305,281.6272840476011,0.0,0.0,-0.6165936119777836,745.7698962709987,0.18101220140620683,0.9834808503179301,0.0,-5061.777614869608
-0.0009706912768559194,0.008444392129989927,-0.017587497933517188,281.6190661155047,0.0,0.0,-0.6153663156266777,670.1401584359041,-0.11419897374775521,0.9934578976458738,0.0,-5064.54318452723
0.0073866901829352976,-0.0042055687060524065,-0.07909956368395182,281.6291046407,0.0,0.0,-0.6247489009594505,445.7807071028856,0.8690223744629761,-0.4947727889473419,0.0,-4721.490215421293
-0.0026079279346843055,-0.008090037817432824,-0.060047975409266985,281.7675751403982,0.0,0.0,-0.6482953658263817,516.73019563087,-0.30681505113933005,-0.9517691549920969,0.0,-5017.469958306647
-0.006875899824471117,-0.004997199376034347,0.1290781168891361,281.4241575638567,0.0,0.0,-0.5941922978771341,1186.243660880371,-0.808929391114249,-0.5879058089452173,0.0,-4821.709339971602
-0.006450276188444968,0.005535696622176819,0.15149731596496277,281.2098120870074,0.0,0.0,-0.6187513241168683,1267.2689617089695,-0.7588560221699963,0.6512584261384493,0.0,-4862.266137907639
-0.0002645460197130742,0.008495882261628512,-0.12543657496444902,281.9141721845126,0.0,0.0,-0.5915264434185489,283.842381908528,-0.03112306114271461,0.9995155601915895,0.0,-5040.920080994282
-0.006525338184757417,-0.005447014005356218,-0.19789994222397483,281.9854365771073,0.0,0.0,-0.5991932581307474,24.957139597342856,-0.7676868452655784,-0.6408251771007315,0.0,-4762.593932896386
0.005911677574659733,-0.006107541915800926,0.1081752009552758,281.1970177597543,0.0,0.0,-0.6003377963457998,1116.3868366827046,0.6954914793717332,-0.718534343035403,0.0,-4891.190919823819
0.008489242201722006,-0.00042751238637272945,0.1286984392264007,281.43578557319347,0.0,0.0,-0.6303199031949298,1187.7973058090645,0.9987343766731772,-0.050295574867379934,0.0,-4670.641893283092
0.002454294155954648,-0.008137962902105592,0.16987730191463304,281.0701218981177,0.0,0.0,-0.6127134509717321,1331.5485838648892,0.2887404889358409,-0.9574074002477166,0.0,-5083.8935663206485
-0.0061102815043787085,-0.005908845905694908,0.12612620072915334,281.3046430970867,0.0,0.0,-0.5928585795730734,1179.7309011024377,-0.7188566475739656,-0.6951583418464597,0.0,-4881.46658968603
-0.007686518062974305,-0.0036286967450545856,0.00808052256917216,281.64177992460736,0.0,0.0,-0.6453392523080423,758.3550803783749,-0.9042962427028594,-0.4269054994181865,0.0,-4717.35719947027
0.008441241840622869,0.0009977154845535175,-0.04264702273463453,281.5675430113329,0.0,0.0,-0.594205861028467,577.5740052565734,0.9930872753673962,0.11737829230041381,0.0,-4629.620287793163
-0.0012441909391280712,0.008408447473047068,0.01614532765583368,281.4403371740927,0.0,0.0,-0.6315256301576252,784.8830785153423,-0.14637540460330248,0.9892291144761255,0.0,-5069.904339281493
-0.006615498008013598,-0.005337151497378365,0.015337484885201147,281.62445288519865,0.0,0.0,-0.6383199363448895,781.7545729673941,-0.7782938832957174,-0.6279001761621605,0.0,-4812.588732707968
0.002505171247243961,0.008122445261248742,0.06420006198125536,281.43265700817835,0.0,0.0,-0.6389729180808633,957.7336643884806,0.2947260290875248,0.9555817954410284,0.0,-5054.004496695471
0.004351881696093142,-0.00730144682259684,-0.18015511224616906,281.93949065046826,0.0,0.0,-0.6438360113920739,89.73807931291282,0.5119860818933107,-0.8589937438349223,0.0,-4911.328612449407
-0.0010160271631109127,-0.008439057340948738,0.14270754155913826,281.1288091449886,0.0,0.0,-0.5936202748128115,1234.2390022727643,-0.11953260742481325,-0.9928302754057339,0.0,-5107.000649734172
-0.004921924943755985,-0.006929982312245296,0.08022709678582271,281.5026951109835,0.0,0.0,-0.6027671737012692,1010.57696143648,-0.5790499933830571,-0.8152920367347406,0.0,-4948.992829311855
0.007991209001092419,0.0028966495647315574,-0.15915400001016455,281.76825453580284,0.0,0.0,-0.6349185015402103,161.92068057244842,0.9401422354226374,0.34078230173312435,0.0,-4643.398480295528
0.0075943414561592424,-0.0038178498984718,0.17303925292763148,281.2419740357663,0.0,0.0,-0.6373131490290481,1343.4406250864754,0.8934519360187343,-0.4491588115849176,0.0,-4770.192366150334
-0.005260788797393476,-0.006676383843759982,0.16737679863192653,281.20013177854725,0.0,0.0,-0.5915883873763901,1321.324123191312,-0.6189163291051147,-0.785456922795292,0.0,-4951.3607044941655
-0.0027194401486025028,0.008053238185858458,-0.1546092580999168,281.9705512241454,0.0,0.0,-0.5932925494652871,180.35585342267183,-0.3199341351297062,0.9474397865715831,0.0,-4988.482012977722
0.005950927178937122,0.006069305208257983,-0.02631354310050027,281.81945458393,0.0,0.0,-0.5922755397496564,634.5523518464588,0.7001090798749555,0.7140359068538803,0.0,-4852.273070485979
0.006667379442955171,-0.005272196066503862,-0.021695189902707496,281.33480791601187,0.0,0.0,-0.6038300129074842,653.5920129973285,0.7843975815241377,-0.6202583607651602,0.0,-4798.456330297992
0.004917177927182193,0.006933351370905144,0.07870975174160769,281.41028232776733,0.0,0.0,-0.6366742842321014,1007.8546399335831,0.5784915208449638,0.8156883965770757,0.0,-4948.870177003872
0.006407979338575054,-0.005584603906849189,-0.058671367514948114,281.44639688579923,0.0,0.0,-0.6213549930792491,519.7148356592044,0.7538799221853004,-0.6570122243351987,0.0,-4809.191529085819
-0.008008998843590503,0.00284709281959089,-0.0940890747781729,281.5386596184483,0.0,0.0,-0.613668228575164,392.5301098907711,-0.9422351580694708,0.3349520964224576,0.0,-4659.121468728693
-0.0027543254299508485,-0.008041373727537235,0.1951677952819785,281.06236961899987,0.0,0.0,-0.6061287467662658,1421.914277166724,-0.3240382858765704,-0.946043967945557,0.0,-5081.161734703032
-0.005211782723690652,0.006714709289391436,0.15810176997048722,281.0796568745764,0.0,0.0,-0.6217589366096056,1290.7320342805624,-0.6131509086694885,0.7899657987519336,0.0,-4951.997771847886
0.004238468756659965,0.007367861467129885,0.06800199962219691,281.4366494976851,0.0,0.0,-0.6349086669491939,968.4062968695589,0.4986433831364665,0.8668072314270452,0.0,-4983.840540562885
-0.008499106761510371,0.00012322441498625834,-0.17466369593087952,281.73757378597116,0.0,0.0,-0.5929918292503686,109.14684152727925,-0.9998949131188671,0.014496989998383333,0.0,-4588.2314800051545
0.007371165265044355,0.004232720476880511,0.17359843858882526,281.33948364500446,0.0,0.0,-0.6499759683789766,1348.991024023466,0.86719591353463,0.497967114927119,0.0,-4790.682539762393
-0.0063977026736074406,0.005596373870651979,0.10040820151378452,281.192184206584,0.0,0.0,-0.6404654754058315,1086.0451020779064,-0.7526709027773459,0.6583969259590563,0.0,-4852.672851101419
-0.008061881853043342,0.0026937076655736874,-0.10618449132760659,281.60601192644526,0.0,0.0,-0.6089021846878784,352.4748100452299,-0.9484566885933344,0.3169067841851397,0.0,-4650.7006382760255
-0.003800764583840185,-0.007602906587498373,0.010849288304518173,281.59417377525193,0.0,0.0,-0.6287885217863189,767.0474901390185,-0.44714877456943347,-0.8944595985292203,0.0,-4989.93629296353
-0.003294640536696877,-0.00783551808969603,-0.10644353764610728,281.9696137047169,0.0,0.0,-0.646901975039152,351.359511463664,-0.387604769023162,-0.9218256576112976,0.0,-4980.337496638123
0.005266448894421697,0.006671919966729553,-0.05865377387218079,281.77593360575065,0.0,0.0,-0.5900002082629048,523.4551364133625,0.6195822228731408,0.7849317607917121,0.0,-4890.355484047863
0.008147796897416222,-0.0024214470298675964,-0.15719011141582373,281.6480568923482,0.0,0.0,-0.6470937736717608,171.30367861869746,0.9585643408724965,-0.28487612116089367,0.0,-4628.534981218058
0.0045120166090377575,0.007203589807850488,0.046766870474433425,281.5256294683221,0.0,0.0,-0.6246942478019134,895.7172300682031,0.5308254834162067,0.8474811538647632,0.0,-4963.565903860296
0.005125618350326761,-0.006780710621077528,-0.03946178658836788,281.47534699123855,0.0,0.0,-0.6187245383504769,587.4224237602788,0.6030139235678542,-0.7977306613032384,0.0,-4904.4173429157745
-0.0043410714605025815,-0.007307879211837726,-0.0340759704685632,281.7804539544038,0.0,0.0,-0.646144580024375,608.3952189281312,-0.5107142894708919,-0.8597504955103207,0.0,-4951.09286885296
0.00839089713727702,0.0013575143578011786,-0.08080170255486985,281.6161718994653,0.0,0.0,-0.6058040600205341,439.11936160219415,0.9871643690914139,0.159707571506021,0.0,-4624.544358130893
0.003868683933888481,-0.007568572165188964,0.17473781543889041,281.0080438908448,0.0,0.0,-0.6202629595959025,1350.913030017388,0.45513928633982126,-0.8904202547281134,0.0,-5030.734098526107
0.00012217071743023586,0.00849912197322774,0.2031778083436375,280.87575967553863,0.0,0.0,-0.6212685712475036,1448.5413911593487,0.014373025580027746,0.9998967027326752,0.0,-5129.420222411404
-0.0020571089819870774,0.00824732093689994,-0.08568030138661821,281.7258901638164,0.0,0.0,-0.5937042149526623,424.8413923323938,-0.24201282141024438,0.9702730513999929,0.0,-5026.241711547148
-0.007178944858759842,0.004551126312780787,0.012628550316209963,281.3951323592962,0.0,0.0,-0.6479537094372746,774.3587018767797,-0.8445817480893931,0.5354266250330337,0.0,-4764.528082795289
-0.007307477681452632,0.004341747336622858,-0.09636061189658217,281.5737377235563,0.0,0.0,-0.6071669401715094,385.1184295398605,-0.8597032566414861,0.5107938043085715,0.0,-4723.947689534605
0.008471219275391505,-0.0006988876792700243,0.0705331528629348,281.4628612317049,0.0,0.0,-0.6037554645106558,977.6819908104252,0.9966140323990005,-0.08222207991412049,0.0,-4656.898135804063
-0.005173345395430245,-0.006744367829498973,-0.09793526214371226,281.8501017306137,0.0,0.0,-0.6450216699556125,381.78047442132356,-0.608628870050617,-0.793455038764585,0.0,-4885.735881124321
-0.007935624929592103,0.003045629159440841,0.1614660979167513,281.2031403729169,0.0,0.0,-0.6046482907591296,1301.4096161471211,-0.9336029328931886,0.358309312875393,0.0,-4734.809820636835
-0.004975357891291405,-0.006891720674371847,0.09341877035948773,281.4524673918737,0.0,0.0,-0.5983473775325435,1060.1353203855988,-0.5853362225048712,-0.8107906675731584,0.0,-4949.311435449913
0.0022575279116483537,-0.008194728044793716,0.17118416161967395,280.9998987203417,0.0,0.0,-0.6125951787112535,1336.5007329188063,0.26559151901745337,-0.9640856523286724,0.0,-5089.8903618069635
-0.006301436702899635,-0.005704550418687645,0.15975347384111768,281.2685184903828,0.0,0.0,-0.5900268702080309,1298.7860788095236,-0.7413454944587805,-0.6711235786691347,0.0,-4876.039705555808
0.00563820934245236,0.006360864360343092,-0.19929796405685235,281.9047993260283,0.0,0.0,-0.637864378805863,18.462212181574987,0.6633187461708658,0.7483369835697755,0.0,-4827.933440551788
-0.008499236302092924,-0.00011393981387475635,0.06884572443721812,281.4232730758173,0.0,0.0,-0.6344443692356374,973.8578861583945,-0.9999101531874027,-0.013404683985265451,0.0,-4653.54986576051
0.005571770066136157,-0.006419141557101628,0.12228200853519514,281.1217997357376,0.0,0.0,-0.6042480233442672,1160.2892804216722,0.6555023607219007,-0.7551931243648973,0.0,-4918.746696382315
-0.0016338758484661041,-0.008341489657836853,0.015678778564069323,281.52690421466855,0.0,0.0,-0.6185950059110559,781.5499364881628,-0.19222068805483578,-0.9813517244513944,0.0,-5062.949032682809
0.00518261934182093,-0.006737244003135376,-0.04842163159499871,281.49087778314083,0.0,0.0,-0.6225871826697585,555.2112349824827,0.6097199225671682,-0.7926169415453383,0.0,-4898.435141598545
0.0076511140646938185,0.0037027629641990913,-0.19738616948240478,281.8558949547683,0.0,0.0,-0.6452989257790657,28.28445895909483,0.9001310664345669,0.4356191722587166,0.0,-4665.538922842238
-0.0033178498129237933,-0.007825718664690264,-0.16098403023636088,282.0017878378277,0.0,0.0,-0.6281043049209568,152.63805001267846,-0.3903352721086815,-0.9206727840812075,0.0,-4964.770047772563
0.006881988882085302,0.004988810381930177,-0.12034185085946773,281.8752394147564,0.0,0.0,-0.6096053626726443,301.4231519288853,0.8096457508335648,0.5869188684623737,0.0,-4754.281615553681
-0.008090394019130443,0.002606822704983672,0.12010096197517192,281.37360051551093,0.0,0.0,-0.6212589190746842,1153.8790837521808,-0.9518110610741696,0.3066850241157261,0.0,-4708.606719077832
-0.008417344828975151,0.0011824999070297185,0.12237243107056431,281.3675403203048,0.0,0.0,-0.6150732722738607,1164.7626972252654,-0.9902758622323706,0.13911763612114333,0.0,-4676.347263187371
-0.005660163627994362,0.00634133642888703,-0.1504522753756369,281.8045287941684,0.0,0.0,-0.5900005690652846,198.67015031627494,-0.6659016032934544,0.7460395798690623,0.0,-4839.527779468755
0.008421613917395624,0.0011517026640276314,0.020659609466647633,281.5430738584045,0.0,0.0,-0.5930195263362978,803.5070292984058,0.9907781079288969,0.13549443106207426,0.0,-4648.6206680255145
-0.008353992904561578,-0.001568694537038619,0.0792882008207885,281.4418459971565,0.0,0.0,-0.6250784521347996,1011.48470168519,-0.9828226946543033,-0.18455229847513163,0.0,-4671.258646506531
0.005127802260988784,0.006779059224715353,0.08386542364696972,281.3945084325493,0.0,0.0,-0.6378587456062541,1025.4617480058062,0.6032708542339745,0.7975363793782767,0.0,-4937.368761145038
0.0078012567249730064,0.003374965705168492,-0.1768108633307624,281.70481283642874,0.0,0.0,-0.6400171893803485,96.18666199843356,0.9177949088203536,0.39705478884335194,0.0,-4656.930041457495
-0.007559315485464116,-0.0038867402011483134,-0.12218960193109234,281.8106457827155,0.0,0.0,-0.6251693435905856,295.73873981078157,-0.8893312335840136,-0.45726355307627214,0.0,-4694.217004939798
-0.008479126352405197,0.000595328732674431,-0.09520059242784713,281.60015627693343,0.0,0.0,-0.6212526219419894,390.0541823832764,-0.9975442767535525,0.070038674432286,0.0,-4611.6167606444515
0.0007979390317322788,-0.008462463784361985,-0.1679348315916177,281.9912934103353,0.0,0.0,-0.6384416128730248,131.4693149264555,0.0938751802037975,-0.9955839746308217,0.0,-5026.066791713769
0.008489297465434054,0.0004264135825404224,0.08534352000664722,281.4872859607309,0.0,0.0,-0.6136660383146944,1030.5310004970997,0.9987408782863593,0.050166303828284985,0.0,-4659.004371490511
-0.008486819817786108,0.0004731695049694013,0.02790477213628384,281.53644654977774,0.0,0.0,-0.6479487169441351,823.6065259010186,-0.9984493903277774,0.055667000584635445,0.0,-4643.850124762705
-0.00047985015513897635,-0.008486444710749792,0.008440993373861588,281.52824754491655,0.0,0.0,-0.6178157173973787,756.7922276502643,-0.05645295942811486,-0.9984052600882107,0.0,-5075.862404642437
0.007960250262098355,-0.0029806737098788698,0.08830360946372304,281.32275187103454,0.0,0.0,-0.6036637839762787,1040.7191265866154,0.9365000308351006,-0.350667495279867,0.0,-4712.796996883322
0.001950539959479693,0.008273173143750406,0.056109330660789464,281.4056455557845,0.0,0.0,-0.637633789508235,932.0230727694569,0.22947528935055211,0.9733144875000477,0.0,-5066.883803154303
0.008429656076638849,0.0010912829282939086,-0.08414519068701341,281.535876557374,0.0,0.0,-0.6080410013893638,428.50878401461,0.9917242443104528,0.12838622685810688,0.0,-4619.676991263811
-0.008340228141601909,-0.0016403031872283813,0.14366436930108364,281.36841575296734,0.0,0.0,-0.5979629032571345,1238.2159039791331,-0.9812033107766951,-0.19297684555628014,0.0,-4689.929726765953
-0.0038390107041419443,0.007583666449250229,-0.10249110665051066,281.7854984988732,0.0,0.0,-0.593235965306326,362.19846054706073,-0.45164831813434636,0.8921960528529681,0.0,-4957.748456580218
0.003170678069807284,-0.007886494822013335,0.1529706881240482,281.069224114183,0.0,0.0,-0.6079021568526017,1270.5728210329548,0.37302094938909225,-0.927822920236863,0.0,-5054.817279705382
0.008417353751719264,-0.0011824363908547611,0.10114367400036436,281.39629278765875,0.0,0.0,-0.6152101395451632,1086.2969043343364,0.9902769119669722,-0.1391101636299719,0.0,-4670.650828213704
0.008480852182819331,-0.0005702159706362201,0.1644417903066693,281.3078823395497,0.0,0.0,-0.6431625134985601,1312.669368965378,0.9977473156258035,-0.0670842318395553,0.0,-4681.0986585377295
0.0005853415677364245,0.008479821651961783,-0.1494682677504509,281.9576195389696,0.0,0.0,-0.5988569450324134,194.61234093568027,0.06886371385134404,0.9976260767013863,0.0,-5032.81218455523
0.008492712972262603,0.0003518897139197298,0.16527689939396725,281.31848734415564,0.0,0.0,-0.6453000085378746,1318.4865147845942,0.9991427026191297,0.04139878987290938,0.0,-4680.096681077529
0.008498857610831488,0.00013935318730368338,0.05903081812191577,281.5554703583747,0.0,0.0,-0.6018500654775162,940.7450425628879,0.9998656012742927,0.01639449262396275,0.0,-4650.95579950019
0.0082725905934405,0.0019530091841360546,0.17122259693993555,281.27520172444883,0.0,0.0,-0.6487831234740833,1335.0058071022947,0.9732459521694704,0.2297657863689476,0.0,-4704.166389208441
-0.00481332661038125,-0.007005846625626038,0.10044207960138737,281.40017895570014,0.0,0.0,-0.5958214516049642,1087.7298553130915,-0.5662737188683823,-0.8242172500736515,0.0,-4960.854868155355
-0.007239162200201553,-0.004454720040493344,-0.07303028092505165,281.7745606379306,0.0,0.0,-0.6452968182920875,469.56580654378376,-0.8516661412001826,-0.5240847106462757,0.0,-4736.2590149263215
-0.007375084289093323,-0.004225888276891482,0.13209752829223917,281.40376181473783,0.0,0.0,-0.5951874127777659,1198.380509896801,-0.8676569751874497,-0.4971633266931154,0.0,-4779.196204573296
0.004744584728893195,-0.007052582204437853,-0.17737291836392144,281.9323657667105,0.0,0.0,-0.645493578510048,97.82005223535205,0.5581864386933171,-0.8297155534632767,0.0,-4890.320419703486
-0.004081860398287295,0.007455763923897664,-0.1626845690681859,281.88325520551547,0.0,0.0,-0.5926246662389224,150.68452306927622,-0.4802188703867406,0.8771486969291369,0.0,-4929.884448564674
0.00794513366358185,0.0030207368418679686,0.036852506657156586,281.55312468796245,0.0,0.0,-0.602018847145629,860.2705090519501,0.9347216074802175,0.35538080492564333,0.0,-4700.457285147851
0.008000099358943843,0.0028720045694647345,0.003108038445150091,281.5826725720934,0.0,0.0,-0.5922789976940339,738.2953429370291,0.9411881598757462,0.3378828905252629,0.0,-4686.066396965361
0.006403227065763283,-0.005590052159352053,0.20068504302651927,281.11853382859346,0.0,0.0,-0.6412465434268543,1443.9118565197348,0.7533208312662685,-0.6576531952178886,0.0,-4879.145727696202
-0.006503822228851186,0.0054726863984245625,-0.16223625544175568,281.7531843160611,0.0,0.0,-0.5900292544968638,154.26476760802794,-0.7651555563354335,0.6438454586381838,0.0,-4773.869468587495
0.008245124591872786,0.0020658945918160046,0.04704214487457534,281.60506405986035,0.0,0.0,-0.6029524972103276,895.6216663279043,0.9700146578673866,0.24304642256658876,0.0,-4673.612551208897
0.0037604658823555633,-0.0076229191487014875,-0.20298773829311664,282.00520030349793,0.0,0.0,-0.6340954584477339,6.163061536893514,0.4424077508653604,-0.8968140174942926,0.0,-4934.421043160762
0.004471612818857785,0.007228739779396319,0.00249824011913799,281.6775119822025,0.0,0.0,-0.6052059397541273,740.2828333676204,0.52607209633621,0.8504399740466256,0.0,-4953.899445304986
0.008460708898651413,-0.0008163362862698126,-0.0938423329590905,281.57489232378185,0.0,0.0,-0.6189055560004738,393.70413125996583,0.9953775174884015,-0.09603956309056619,0.0,-4613.8811716968885
0.008456857492216245,-0.0008553136011697497,0.04616361919370196,281.418968456915,0.0,0.0,-0.5953532006559874,891.1752434888382,0.99492441084897,-0.10062512954938231,0.0,-4651.840544593696
0.007876938064102992,0.003194346057377849,-0.03294735648499034,281.695628398736,0.0,0.0,-0.5902144760707099,608.0556091586099,0.9266985957768226,0.375805418515041,0.0,-4688.301538870812
2.5281856728628097e-06,0.008499999624016298,0.06962921410558562,281.27973990393133,0.0,0.0,-0.646269198661558,977.9175387287454,0.0002974336085720952,0.9999999557666233,0.0,-5093.680969737104
0.008493091798865753,0.00034262471603680855,-0.14081197910787288,281.64956131751785,0.0,0.0,-0.6355988307223432,229.98225860852236,0.9991872704547944,0.040308790121977474,0.0,-4597.936087703795
0.006687024761995158,-0.005247256410016917,0.16459913108789856,281.1985580282435,0.0,0.0,-0.6284727876183226,1314.0902460219795,0.786708795528842,-0.6173242835314019,0.0,-4846.840021743523
-0.0037669183426826715,0.007619732685571119,-0.05308369241263822,281.5875723018753,0.0,0.0,-0.6095899874703034,541.0845716331025,-0.44316686384502013,0.896439139478955,0.0,-4974.34341129045
0.007823932651496801,-0.003322059280753769,-0.048565488600480794,281.5732883354501,0.0,0.0,-0.6076302620472356,554.6494471492244,0.9204626648819765,-0.3908305036180904,0.0,-4689.179567091408
-0.006655581301143247,0.005287082138937541,0.11702065953700583,281.2283077337193,0.0,0.0,-0.6330159963677375,1143.478789495232,-0.783009564840382,0.6220096634044165,0.0,-4836.63003610718
-0.0029411587114868782,0.007974934823172216,-0.09024344351933394,281.7413545660919,0.0,0.0,-0.59428655766638,408.1141546507772,-0.3460186719396327,0.9382276262555547,0.0,-4998.107619036061
0.007335871537344329,0.004293598582492473,0.007491813594774049,281.6676770292098,0.0,0.0,-0.5960151548841356,756.2388597006396,0.8630437102758033,0.5051292449991144,0.0,-4749.278442596815
-0.008154775683961068,-0.0023978393491385754,0.04989063734132246,281.51175263610645,0.0,0.0,-0.6349128909290296,908.0871578124221,-0.959385374583655,-0.28209874695747944,0.0,-4683.400362280625
-0.008038703153646397,-0.0027621099919365065,0.05317808385083064,281.6259681621829,0.0,0.0,-0.6323665450983438,918.79180355094,-0.945729782781929,-0.3249541166984125,0.0,-4695.729169091315
-0.0017522179745510702,0.008317435432250747,-0.1965503038282113,282.0434711192176,0.0,0.0,-0.6100768200414941,29.441216049286577,-0.20614329112365531,0.9785218155589113,0.0,-5003.5691668067175
-0.00740941139634785,-0.004165407874346835,0.040064088467563874,281.5937575206996,0.0,0.0,-0.6329049540253868,868.2404901249391,-0.8716954583938646,-0.4900479852172746,0.0,-4751.413594022805
-0.0069694952589874765,-0.00486581296752671,-0.11081360247170134,281.9081581267551,0.0,0.0,-0.6339088107444212,331.2091617477188,-0.8199406187044089,-0.5724485844149071,0.0,-4749.456369279477
-0.008424699138953783,-0.001128912936462065,-0.018902818693831425,281.54352795506264,0.0,0.0,-0.6496334784461598,659.5163186734554,-0.9911410751710332,-0.13281328664259587,0.0,-4637.689834465628
0.006426580247809502,-0.005563188502869984,0.03739780798513498,281.2992451838398,0.0,0.0,-0.5902951803573271,861.278150801981,0.7560682644481767,-0.6544927650435275,0.0,-4833.512301217415
0.0019741374496612873,0.008267574089770519,0.17725513572591964,281.0689262945454,0.0,0.0,-0.6383834901206816,1359.9034650791764,0.23225146466603377,0.9726557752671199,0.0,-5098.822329077078
-0.004758918162743852,0.007042918281529801,-0.039591615690267534,281.50499078459666,0.0,0.0,-0.6196249174399923,587.7021996849807,-0.5598727250286885,0.8285786213564471,0.0,-4926.456573183388
-0.007318939790489574,-0.004322397522578,0.002529562819188841,281.6528737851786,0.0,0.0,-0.6452209111592518,734.9060860984513,-0.8610517400575969,-0.5085173555974117,0.0,-4749.458219610657
0.008391847194864821,0.001351628890649884,-0.011771963543339758,281.5958576289917,0.0,0.0,-0.5900064336049141,687.970863886944,0.9872761405723319,0.1590151636058687,0.0,-4642.967430110544
-0.0026077058332564158,-0.008090109411324452,0.02221953410877689,281.58134084872233,0.0,0.0,-0.6191393150795568,806.9539146511265,-0.3067889215595783,-0.9517775778028766,0.0,-5039.548783767085
-0.004028844598967082,-0.0074845448223237855,-0.027070856360172646,281.72548576749944,0.0,0.0,-0.6436604891251533,633.7305772418025,-0.47398171752553897,-0.8805346849792688,0.0,-4968.88727315668
-0.00820741182055828,-0.002210970648326254,0.11162678634306908,281.46202858491176,0.0,0.0,-0.6082344130296918,1123.7361081557062,-0.9655778612421506,-0.2601141939207357,0.0,-4694.718783301258
-0.00443226459584099,-0.007252932548456143,0.0801859936536006,281.3316907524006,0.0,0.0,-0.6011292903974723,1016.8294837460788,-0.5214428936283517,-0.8532861821713108,0.0,-4976.876131191654
-0.00814668318082755,-0.0024251913638353426,-0.19783459017687277,281.8380127401203,0.0,0.0,-0.5923581981128899,22.030147485375,-0.9584333153914764,-0.28531663103945204,0.0,-4617.740882202706
0.0014675384239606279,0.008372355162927524,-0.012623444343060453,281.64127087982666,0.0,0.0,-0.6092362418632896,681.0053025711177,0.17265157928948563,0.9849829603444146,0.0,-5058.497452403715
0.0023760014410163415,-0.008161165183494835,-0.03304330552013582,281.5175511541256,0.0,0.0,-0.626637010484426,610.1882477935808,0.27952958129604016,-0.960137080411157,0.0,-5031.754536708634
-0.003556063788496438,0.0077203892604028965,0.16588530841016555,281.0635879374356,0.0,0.0,-0.6250100259084979,1321.3266917816163,-0.41836044570546327,0.9082810894591642,0.0,-5042.494610937923
-0.008497691615342902,0.00019808384722374184,-0.08631910853440805,281.6394922271344,0.0,0.0,-0.6266833504277975,420.5158285932913,-0.9997284253344589,0.023303982026322567,0.0,-4612.080168037896
-0.006226776479787751,0.005785953220581901,-0.13208622710979318,281.72352256065943,0.0,0.0,-0.5920158168536381,257.57972349930736,-0.7325619387985589,0.6807003788919883,0.0,-4803.437554313458
-0.002619342897710347,-0.008086349162892633,-0.044646581714563705,281.759737470119,0.0,0.0,-0.6452028446561968,570.5824666608878,-0.30815798796592314,-0.9513351956344273,0.0,-5021.238656767518
-0.0011840663474633254,-0.00841712462096201,0.08216000402641768,281.29926797784435,0.0,0.0,-0.5930057150884032,1022.567037535484,-0.13930192323097945,-0.9902499554072953,0.0,-5088.504716550553
-0.008260289281663547,0.0020044004049177186,0.05423659603530781,281.4052705966295,0.0,0.0,-0.6448761340381057,920.3262701826982,-0.9717987390192409,0.235811812343261,0.0,-4674.018454633001
-0.004746176190841438,0.007051511296558339,-0.01246277268776183,281.41320274323255,0.0,0.0,-0.6317221643575092,683.1105974341683,-0.5583736695107573,0.8295895643009811,0.0,-4934.472621165613
0.006680442570195029,-0.005255633840587265,0.05973848870343504,281.30685151598607,0.0,0.0,-0.5909244252855419,940.1325060977239,0.7859344200229446,-0.6183098635985017,0.0,-4819.242517874446
-0.0016207831692454605,-0.008344043499304798,0.11347346007837031,281.2296361816397,0.0,0.0,-0.5900084168850978,1135.755887620677,-0.1906803728524071,-0.9816521763887996,0.0,-5089.446137025318
-0.003161129246974363,0.007890327108803748,0.19906035883954823,280.98799690335653,0.0,0.0,-0.611420619646036,1436.878147567287,-0.3718975584675721,0.9282737775063232,0.0,-5067.551008380017
-0.008369602829285002,0.0014831549076291686,0.13517925374532921,281.31993070404343,0.0,0.0,-0.610408858992148,1207.2710195595093,-0.9846591563864708,0.17448881266225513,0.0,-4684.663996790866
0.006935255336754902,-0.004914492182719661,0.10350751125202343,281.27976148483674,0.0,0.0,-0.6030347153230752,1099.5593531400375,0.8159123925594002,-0.5781755509081954,0.0,-4809.856573670802
0.003278583987872026,0.007842250125727257,-0.11702194129114547,281.95210325485965,0.0,0.0,-0.5955580482040094,313.06577424544497,0.3857157632790619,0.9226176618502654,0.0,-4978.142143391235
0.003597756895395263,-0.007701048326145983,-0.09798967259115975,281.7202786809607,0.0,0.0,-0.6462382832754265,380.4183641901517,0.423265517105325,-0.9060056854289391,0.0,-4969.882460734403
-0.003503641204695961,-0.007744320390373621,0.14274776525030444,281.2135009049717,0.0,0.0,-0.5905508674063586,1232.6370361089453,-0.4121930829054072,-0.9110965165145436,0.0,-5038.540800378985
-0.007751751228758165,-0.003487169753173237,-0.006374468036657893,281.7066401256449,0.0,0.0,-0.6484290788875924,703.8709011255787,-0.9119707327950781,-0.4102552650792043,0.0,-4707.345905179306
-0.006924639250143651,0.00492943924350123,0.18507140343161907,281.11860111671575,0.0,0.0,-0.6019222170227609,1386.4738928849922,-0.8146634411933706,0.5799340286472036,0.0,-4832.635633496212
0.005161818887684604,0.006753193745979933,0.10148313588873628,281.4273107265862,0.0,0.0,-0.6435480198945899,1090.4506270550899,0.6072728103158357,0.7944933818799921,0.0,-4939.963865693904
-0.005535569330747009,-0.006450385429142442,0.08840661186913548,281.4486034023242,0.0,0.0,-0.6019497733495112,1042.5621141094318,-0.6512434506761187,-0.7588688740167578,0.0,-4912.106912985485
0.0031536266129706266,0.007893328777262697,-0.053392951852100246,281.7821741808166,0.0,0.0,-0.5920569086894849,543.287599196561,0.3710148956436031,0.9286269149720819,0.0,-5000.108158470866
0.007089988822359702,0.004688502799275532,0.0075080965580847925,281.722831872031,0.0,0.0,-0.5970417506751989,755.9807704349738,0.8341163320423178,0.5515885646206508,0.0,-4770.884343002161
0.0029114789396951593,-0.007985818078550973,0.16622489002626503,281.0501021605019,0.0,0.0,-0.6127344511680907,1320.5120085303097,0.3425269340817834,-0.939508009241291,0.0,-5067.974053462919
0.008422009480382808,0.0011488064729718917,-0.05147158113796646,281.6466128396989,0.0,0.0,-0.5961761668917422,545.1379067073535,0.9908246447509185,0.13515370270257548,0.0,-4629.227821677864
-0.008383342863495551,-0.001403410999343467,-0.053974562511837104,281.5809689435912,0.0,0.0,-0.6436761121743781,534.4748755596424,-0.9862756309994765,-0.16510717639334904,0.0,-4632.5135868803945
1.4804006897150812e-05,-0.008499987108306684,-0.1378726209189744,281.95498282158366,0.0,0.0,-0.6457260427697687,239.86714300241002,0.0017416478702530365,-0.9999984833301979,0.0,-5038.008449963081
0.008498428867948505,0.00016342208057506993,-0.10686483146315204,281.637363495507,0.0,0.0,-0.6214293499151254,347.9327633228276,0.9998151609351182,0.019226127126478813,0.0,-4606.491591000512
0.00845344167050114,0.0008884390375455716,-0.1493604502615025,281.715655202365,0.0,0.0,-0.6372699088514229,198.1800200414977,0.9945225494707223,0.1045222397112437,0.0,-4599.734639457654
0.003992786280417901,-0.007503842863420489,0.008602323032388809,281.37968475696437,0.0,0.0,-0.6025488079550034,758.9746278697355,0.4697395624021059,-0.8828050427553515,0.0,-4980.2196274720445
-0.00038017782057327474,0.00849149367453949,0.184287018939618,281.0121380919925,0.0,0.0,-0.6280794429997852,1384.1958581699423,-0.04472680242038526,0.9989992558281752,0.0,-5123.562644523807
0.005607622872905934,0.006387845154295946,-0.15466417665742163,281.8468606136629,0.0,0.0,-0.6184724014131346,174.13769537838314,0.6597203379889334,0.7515111946230525,0.0,-4842.003126375169
0.008037209671537678,-0.0027664527279064816,0.19566467443786265,281.2350104878264,0.0,0.0,-0.6466847353105623,1422.6099446962382,0.9455540790044327,-0.3254650268125272,0.0,-4734.103493277294
-0.00834645105099218,0.0016083391599384597,-0.10670985648368249,281.556918445932,0.0,0.0,-0.6124361380225936,348.49172950942693,-0.9819354177637858,0.18921637175746583,0.0,-4622.123773859323
-0.008499283116430483,-0.00011039251224501039,0.13196986009307501,281.3621292184849,0.0,0.0,-0.6065578102157002,1200.742413585313,-0.9999156607565273,-0.012987354381765927,0.0,-4670.480763234338
-0.0023645780815232955,0.00816448225525536,0.034563156243875987,281.32473575878,0.0,0.0,-0.6417612621339146,854.5891929876915,-0.27818565664979944,0.9605273241476892,0.0,-5050.222647710189
0.003209646799208028,0.007870715813973573,-0.06798103513968826,281.8547457237495,0.0,0.0,-0.5903010556608422,488.30335316909833,0.37760550578917973,0.925966566349832,0.0,-4994.023381773218
0.0061919429529123295,-0.005823215818418492,0.03900520203858526,281.3103165958797,0.0,0.0,-0.5903688388770085,863.572109207287,0.7284638768132152,-0.6850842139315872,0.0,-4851.97457758147
-0.007779977834477399,-0.0034237325968948526,-0.1516308418166671,281.7183961007613,0.0,0.0,-0.6100418656553225,191.37869051534116,-0.9152915099385175,-0.4027920702229238,0.0,-4665.70479344172
0.0016900010231624234,0.008330299907068772,0.1624081035413187,281.07997315187936,0.0,0.0,-0.6425951744485903,1303.0583437337646,0.1988236497838145,0.9800352831845612,0.0,-5101.1793345942815
0.008093175845281323,0.0025981733462867623,-0.18856083401151938,281.7544022446189,0.0,0.0,-0.6453766633165811,55.592063849453666,0.9521383347389791,0.305667452504325,0.0,-4625.520848217142
0.00847894089974567,-0.0005979642285455754,0.0697971645792562,281.39797591988355,0.0,0.0,-0.6037713373389928,981.519223809754,0.9975224587936081,-0.07034873277006769,0.0,-4655.90360399469
0.008280389366537771,0.0019196749564778445,0.0011008834034674508,281.58294433849534,0.0,0.0,-0.5908935554794283,733.0991759385644,0.9741634548867966,0.22584411252680522,0.0,-4657.737806753635
0.005861350158338145,-0.006155856912026904,-0.17097891617245853,281.842787558746,0.0,0.0,-0.6487598734523781,121.04511982274926,0.6895706068633112,-0.7242184602384593,0.0,-4819.904254242242
0.007876764038698926,0.0031947751530678054,-0.037126753365103876,281.7122567909643,0.0,0.0,-0.590504442478638,596.5245521363896,0.9266781221998734,0.37585590036091826,0.0,-4687.196933179204
0.007519816511358179,-0.003962620299183978,-0.1387829701775422,281.7219883913818,0.0,0.0,-0.645887463387312,232.90184037018068,0.8846842954539034,-0.4661906234334091,0.0,-4693.392371432495
0.005989576391376663,-0.0060311669394789045,-0.05851836134004104,281.51840856548984,0.0,0.0,-0.6234378223049428,518.652626521513,0.7046560460443132,-0.7095490517034004,0.0,-4840.822288815805
0.001913784982816518,0.00828175265505714,-0.0007935098643452598,281.5126822765342,0.0,0.0,-0.6128905275133115,725.3017022740162,0.2251511744490021,0.9743238417714282,0.0,-5052.48216451303
0.008205632174845783,0.0022175663713033906,-0.08804583253976712,281.61060592072846,0.0,0.0,-0.6060017539575459,417.25266284401556,0.9653684911583272,0.26089016132981063,0.0,-4641.325964930005
0.0033499298117715044,-0.007812040082859569,0.1616475278845987,281.04442110871946,0.0,0.0,-0.6123087150358167,1302.2803288813586,0.39410938962017694,-0.9190635391599492,0.0,-5050.027076110462
0.0015265356675320922,-0.008361799379066228,-0.11917519181066635,281.7667109073579,0.0,0.0,-0.6499157262311799,305.4263719468849,0.17959243147436377,-0.9837411034195562,0.0,-5028.834653815932
0.003811924054975292,-0.007597317618679684,-0.03104073861308343,281.4103109581051,0.0,0.0,-0.6203195225653432,621.579791071152,0.4484616535265049,-0.8938020727858451,0.0,-4978.180140896625
0.004655404690034188,0.007111765404736555,-0.0254288192129091,281.75115458157654,0.0,0.0,-0.5952653220764452,638.3707050943716,0.5476946694157868,0.8366782829101829,0.0,-4936.1910754708615
-0.006666190587452858,-0.005273699181007097,-0.0982305339385193,281.78689931484513,0.0,0.0,-0.6401115247909526,382.1651021394025,-0.7842577161709244,-0.6204351977655408,0.0,-4778.0189937399
0.008497727370596356,-0.00019654397731185238,-0.17244778629460247,281.7430758901085,0.0,0.0,-0.6466687223247061,115.10720358388632,0.9997326318348653,-0.023122820860217927,0.0,-4588.968773281823
0.006457892742354144,-0.005526809326207092,0.057493961785575226,281.2294419463599,0.0,0.0,-0.5904489600707459,932.3114037309929,0.7597520873357816,-0.6502128619067167,0.0,-4836.446986206671
0.0026909922279669853,0.008062788650896244,-0.19033929769129385,282.0025719747805,0.0,0.0,-0.6229190730687887,48.67661861166002,0.31658732093729236,0.9485633706936758,0.0,-4979.833245173563
-0.0033668014915994205,-0.007804783643136043,0.09111882512667127,281.2933813071491,0.0,0.0,-0.5949336777794507,1049.3519605087702,-0.3960942931293436,-0.9182098403689462,0.0,-5030.414610876536
-0.0027698347482217334,-0.008036044765153032,-0.16876674814668674,282.0005740195196,0.0,0.0,-0.6266447700767546,125.78999220233882,-0.325862911555498,-0.9454170311944743,0.0,-4982.998996014821
0.008069511047788991,0.0026707660791636953,0.15216846968968403,281.38186006028616,0.0,0.0,-0.6464698048028006,1271.0150039140422,0.9493542409163519,0.31420777401925826,0.0,-4719.265358101736
-0.004753912211952788,-0.0070462982253837484,0.13330327249846677,281.28114660563534,0.0,0.0,-0.5902210389162789,1198.102688966608,-0.5592837896415044,-0.8289762618098527,0.0,-4973.133015385004
-0.0028278326001316403,0.008015819533000524,0.09008187244500351,281.2211775812204,0.0,0.0,-0.6496682917112372,1047.5684941063505,-0.33268618825078117,0.9430375921177087,0.0,-5050.469063306095
0.00847947068244883,0.0005904040527391233,-0.03250613439364061,281.6352697133776,0.0,0.0,-0.5927139958558548,613.7217267911884,0.9975847861704505,0.0694593003222498,0.0,-4628.4016635285025
0.007972434025476337,-0.0029479307504463492,0.05056576329457366,281.35806243414976,0.0,0.0,-0.5926163760910583,909.3367436104215,0.9379334147619219,-0.34681538240545284,0.0,-4701.4900244666815
-0.0012056060658647155,0.008414066437457587,-0.19507721351765772,282.07884032361994,0.0,0.0,-0.6112955720991781,36.81938471687996,-0.14183600774879004,0.9898901691126573,0.0,-5013.810531646047
-0.0012111376263923895,0.008413271994291913,-0.11854197473060708,281.88703104605196,0.0,0.0,-0.5901585854714714,308.5862411103503,-0.14248677957557523,0.9897967052108132,0.0,-5034.2629633244005
0.0009831391080614696,0.008442951941957275,-0.058503234447199015,281.7718673450389,0.0,0.0,-0.5945556204468433,521.7408744954984,0.11566342447781994,0.9932884637596793,0.0,-5053.4176780550115
-0.006074666636700555,0.005945454167089102,-0.2034150559767523,281.9810226268331,0.0,0.0,-0.5980566945775004,8.929484471632268,-0.7146666631412417,0.6994651961281296,0.0,-4795.695915545894
-0.004647032285936402,-0.007117238996511548,-0.14803058085240622,281.9671080385212,0.0,0.0,-0.6287112230051886,204.55982095055288,-0.5467096806984002,-0.8373222348837115,0.0,-4903.772229321378
-0.00012164978814920534,0.008499129445363405,-0.055968211286188674,281.5967320490896,0.0,0.0,-0.5975929184467691,530.2539939906961,-0.01431173978225945,0.9998975818074594,0.0,-5059.894015041351
0.004057216055605955,-0.007469203296077385,-0.04594853146323008,281.52765165823274,0.0,0.0,-0.6261525984668876,562.7842538933043,0.47731953595364174,-0.8787297995385158,0.0,-4962.425411879862
0.0069429790054102315,-0.004903574464656652,0.10958371305793649,281.19227631922627,0.0,0.0,-0.6054500650837993,1114.0545861714154,0.8168210594600271,-0.5768911134890178,0.0,-4810.83398538334
0.006476859132342525,0.0055045704446206566,0.08284999487738196,281.50230950682607,0.0,0.0,-0.6317734708248536,1022.680322405025,0.7619834273344146,0.6475965228965478,0.0,-4841.7558002519145
-0.008499555602813841,8.691694124765608e-05,0.1138034166868915,281.38040195853335,0.0,0.0,-0.6151317026495583,1132.216607105511,-0.9999477179780989,0.010225522499724244,0.0,-4665.578630965738
-0.008418585717365293,-0.0011736330428941976,-0.2048857722911294,281.7872796238023,0.0,0.0,-0.5902946411184826,1.2505799839113232,-0.9904218491017992,-0.13807447563461148,0.0,-4588.419053220057
-0.002287756036772482,0.008186340593709198,0.08292092689346539,281.1916099872328,0.0,0.0,-0.6499886254581625,1025.1590423624816,-0.26914776903205667,0.9630988933775527,0.0,-5065.373248454057
-0.0001222724735008196,-0.008499120509924777,0.013507807831482394,281.5227935017502,0.0,0.0,-0.6142570809732237,779.0014328342684,-0.014384996882449362,-0.9998965305793854,0.0,-5078.532997624033
0.00822838198073124,0.0021316026785443525,-0.1401901779476017,281.740415461375,0.0,0.0,-0.6295540550771874,231.93759349562018,0.9680449389095575,0.2507767857111003,0.0,-4625.059159389149
-0.008191432655824895,-0.002269456112174352,0.014235880745574636,281.59707718708916,0.0,0.0,-0.6464920360142892,780.4091143423141,-0.9636979595088111,-0.2669948367263943,0.0,-4670.185329488021
-0.007502328355301265,-0.003995631270430573,0.04258511810457022,281.5887584440233,0.0,0.0,-0.6324736976662255,881.2644452268538,-0.8826268653295605,-0.47007426710947914,0.0,-4743.651994892377
0.006856729935861039,-0.005023470372826645,-0.1818083064333359,281.8074797361515,0.0,0.0,-0.6488573521473616,81.56330290419326,0.8066741101012986,-0.5909965144501935,0.0,-4739.90398892922
0.00439762463385816,0.0072739877357391736,0.05528131185522425,281.4741073656691,0.0,0.0,-0.6289631531478235,922.7115788931673,0.5173676039833128,0.855763263028138,0.0,-4972.057106906722
0.0011429395940913947,-0.008422807672282338,0.07429043958539308,281.2635388786132,0.0,0.0,-0.5913172598358504,993.3442444591999,0.13446348165781113,-0.9909185496802749,0.0,-5086.976193076381
-0.002731897179430115,0.008049020921889928,0.15913423062070212,281.0713864391922,0.0,0.0,-0.6310071130202155,1294.5264186223403,-0.3213996681682488,0.9469436378694033,0.0,-5072.2435411313145
-0.005937527137382175,-0.0060824149392202966,-0.1559628654299669,281.8892441887587,0.0,0.0,-0.6193442988510325,175.26382922791973,-0.6985326043979029,-0.7155782281435642,0.0,-4818.459272657795
-0.0036277232998060214,0.007686977537370882,-0.1423234281138112,281.8121680470794,0.0,0.0,-0.5904291459236568,222.1857381949082,-0.4267909764477672,0.9043502985142214,0.0,-4956.669429094017
0.005860472381961704,-0.006156692574772929,-0.19880353369708878,281.866872483665,0.0,0.0,-0.6426511634691188,20.881372815941724,0.689467339054318,-0.7243167735026975,0.0,-4812.501773455111
0.0060734527837490735,-0.005946694147471404,0.024576569493371114,281.34959133748754,0.0,0.0,-0.5923474305423404,814.4709939941943,0.7145238569116557,-0.6996110761731062,0.0,-4856.954203244314
0.00843752242879537,0.0010286959043250372,-0.07886554640456714,281.5531374676542,0.0,0.0,-0.6060531845174457,448.4171421381922,0.9926496975053375,0.12102304756765143,0.0,-4620.285445303355
0.0002299692644289922,0.008496888497409979,0.11375956119552724,281.2044548861885,0.0,0.0,-0.6496830387466674,1134.2604159562904,0.027055207579881432,0.999633940871762,0.0,-5105.198784808563
-0.003771962710470183,0.0076172368553710105,-0.13696108682948566,281.8202543763129,0.0,0.0,-0.5900699876800998,240.76974227768798,-0.44376031887884504,0.8961455123965893,0.0,-4951.608125488902
0.0008937654921061475,-0.008452880174539342,0.07342538509425281,281.24766664306355,0.0,0.0,-0.591719564482528,992.9408220400263,0.10514888142425265,-0.9944564911222755,0.0,-5089.834727165373
0.008243009240787849,0.002074318841520304,0.10650168286538594,281.4652525254487,0.0,0.0,-0.6290903762372078,1107.104144812076,0.9697657930338646,0.24403751076709454,0.0,-4689.777517163193
0.0040098109268557934,0.007494759257699202,-0.19173024388269083,281.988768033791,0.0,0.0,-0.6285184370636959,46.51847563060441,0.4717424619830345,0.8817363832587296,0.0,-4925.642160277859
-0.008490527389795513,-0.00040117906616895713,0.09312628881700177,281.40267799196766,0.0,0.0,-0.6228885849315215,1061.7469830188447,-0.9988855752700603,-0.047197537196347894,0.0,-4660.9652491853885
0.008453458708876547,-0.0008882769035156179,0.0006708184594217126,281.50134089294465,0.0,0.0,-0.5901336111255269,731.9793033054726,0.9945245539854759,-0.10450316511948446,0.0,-4639.985176753031
0.008498867072799192,-0.00013877492168869535,0.07159463203519192,281.3896321054035,0.0,0.0,-0.6058826243156197,982.3463245592019,0.9998667144469637,-0.016326461375140627,0.0,-4654.325599381936
-0.008449100250965583,0.0009288191154004904,0.19573988329157307,281.2508532009862,0.0,0.0,-0.5909430565321411,1426.6887038708885,-0.9940117942312449,0.10927283710594003,0.0,-4692.76942173292
-0.004479246110533983,0.0072240123395012415,0.1973206395518929,280.9437130392155,0.0,0.0,-0.6072938814750357,1430.5040868409556,-0.5269701306510568,0.8498838046472048,0.0,-5005.752775598923
0.005760433245504205,0.006250392693590532,-0.03065906895967893,281.8013557104764,0.0,0.0,-0.5918844291183338,617.570637751567,0.6776980288828476,0.7353403168930037,0.0,-4864.693564058022
-0.008458772924301201,0.0008361582476474942,-0.001981497459621673,281.45719971884927,0.0,0.0,-0.6497511281330288,722.6330331376711,-0.9951497558001412,0.09837155854676402,0.0,-4638.72624268395
-0.0069808618013925666,-0.004849491572305096,-0.04355383344753322,281.7964633128127,0.0,0.0,-0.6499454634196868,570.1554235052631,-0.8212778589873607,-0.5705284202711877,0.0,-4766.536003640954
0.0047269925027865365,0.007064385456541842,-0.10118059847684026,281.8949826910641,0.0,0.0,-0.5947346603208062,372.9805757277825,0.5561167650337101,0.8311041713578637,0.0,-4911.7770089798205
-0.004599651764690128,0.007147951010155498,0.16559139025621997,281.0799662953286,0.0,0.0,-0.6209641514982424,1315.9751353926779,-0.5411355017282503,0.8409354129594703,0.0,-4990.582800619924
0.008356745274084492,-0.0015539653870233123,0.1647224705875818,281.2995401202478,0.0,0.0,-0.6408775102130699,1313.4731194549763,0.9831465028334696,-0.18281945729686025,0.0,-4693.899933317458
-0.0010388648585601358,0.00843627641828128,0.03919395341433604,281.4226814741552,0.0,0.0,-0.6398528673706602,867.8338649180221,-0.12221939512472185,0.9925031080330918,0.0,-5078.942915476394
-0.006577893924917422,0.005383429344993254,-0.1853360341763027,281.8303619282149,0.0,0.0,-0.5921906465278672,65.12367121474949,-0.7738698735196966,0.6333446288227357,0.0,-4761.7708824456095
0.008280643816765515,0.0019185770716505105,-0.0707958731581339,281.7176875047555,0.0,0.0,-0.6003646258791626,478.0317354742812,0.9741933902077076,0.2257149496059424,0.0,-4638.422770179526
0.006059565413373033,0.005960844487239482,0.08039232308917418,281.44374298637234,0.0,0.0,-0.6327344383602331,1010.3945639130524,0.7128900486321215,0.7012758220281743,0.0,-4872.9552946152835
-0.006828214694933448,0.005062161996607273,-0.03535386510202679,281.4907037220687,0.0,0.0,-0.6314349386547538,602.570252929487,-0.8033193758745232,0.595548470189091,0.0,-4781.573128031554
0.006704783032536796,-0.005224546342660451,0.13506331666449276,281.21479156066374,0.0,0.0,-0.6151340621307552,1208.999595860226,0.7887980038278583,-0.6146525109012295,0.0,-4837.467491622075
-0.000906742650624645,0.00845149795986121,0.056008493801195575,281.3139899717047,0.0,0.0,-0.6446648886513653,928.8926086285646,-0.10667560595584058,0.9942938776307306,0.0,-5085.019607709953
-0.008304751647090313,0.001811380710991129,0.105034534884578,281.33858377371286,0.0,0.0,-0.625250098370381,1099.780160061417,-0.9770296055400368,0.21310361305777986,0.0,-4683.161783119398
0.0039639538433047855,-0.007519113639794868,0.20056154100038057,280.9814588045931,0.0,0.0,-0.6321543826182727,1439.8178876161528,0.4663475109770336,-0.8846016046817491,0.0,-5033.117993489363
0.008245819433426952,0.0020631194515389603,-0.09638304943157905,281.6658977739736,0.0,0.0,-0.6100262225866284,385.12633070942604,0.9700964039325826,0.24271993547517176,0.0,-4635.062838593244
0.006934161678612328,-0.00491603517225663,0.02124257651218739,281.3946181139808,0.0,0.0,-0.5912627764948384,803.1591774763149,0.815783726895568,-0.5783570790890152,0.0,-4787.8778686549795
0.0024384629472642234,0.008142720580667097,-0.033479467709466415,281.73046023468936,0.0,0.0,-0.598395181132539,610.9183075811632,0.286877993795791,0.9579671271373054,0.0,-5029.806151122574
-0.0035256386934824713,0.0077343307275432194,0.02373784633035153,281.3349185956762,0.0,0.0,-0.6413418441939598,813.1783639263625,-0.41478102276264367,0.9099212620639081,0.0,-5005.669639867504
0.0074439258926828145,0.004103409229439146,-0.13811959487116934,281.67118116933443,0.0,0.0,-0.6212616657560946,235.30737240290085,0.8757559873744487,0.48275402699284065,0.0,-4700.486161581481
0.008495227262893874,-0.0002848047608181219,0.14176511673649114,281.31772118186075,0.0,0.0,-0.6361439531252017,1232.21954853388,0.9994385015169263,-0.03350644244919081,0.0,-4673.528523456333
-0.00521025025457781,0.006715898471885343,0.05169650737476464,281.2585163672761,0.0,0.0,-0.6497887584104303,912.9661378405799,-0.6129706181856246,0.7901057025747462,0.0,-4923.547284007621
0.006571447667894596,-0.005391296277160317,0.1039490736604419,281.17388386336785,0.0,0.0,-0.6014915953092269,1100.0581938974628,0.7731114903405406,-0.6342701502541549,0.0,-4839.900170201627
-0.005643276485366376,0.0063563692867635475,-0.09729821924087612,281.72693575789157,0.0,0.0,-0.5992230667655959,383.44135226646375,-0.6639148806313383,0.7478081513839467,0.0,-4854.951093477424
0.0018142645002702294,0.008304122128380532,-0.16938252616197452,282.0724275336603,0.0,0.0,-0.610257866808459,124.57298523345212,0.21344288238473286,0.9769555445153567,0.0,-5009.510447437171
-0.0002461207603131603,0.008496435992305415,-0.2017168329854345,282.11512585252086,0.0,0.0,-0.6176242866704438,12.598140204051392,-0.028955383566254152,0.9995807049771075,0.0,-5020.511947422348
0.002504858762275782,0.008122541633075835,-0.15026304610992597,281.9463518549158,0.0,0.0,-0.6045835154262708,192.46457336725442,0.294689266150092,0.9555931333030393,0.0,-4996.475148237415
0.004277038787533667,0.007345538728366528,-0.20184493226861527,282.077328218389,0.0,0.0,-0.6338247593723321,12.38460034425265,0.5031810338274902,0.8641810268666503,0.0,-4909.4423743528405
-0.008169795103768404,-0.0023461559970389513,-0.18781360706725522,281.7753742923527,0.0,0.0,-0.5943155586719443,60.55304816687052,-0.9611523651492239,-0.27601835259281776,0.0,-4618.132881095704
0.007117398290973659,0.004646788306738887,0.11615741026293022,281.41780301196803,0.0,0.0,-0.6412618279002613,1143.595951867542,0.8373409754086657,0.5466809772633984,0.0,-4797.662623238007
0.0021996999971106604,0.008210439691192633,0.03693270241394023,281.4711285646648,0.0,0.0,-0.628986482404366,861.381301371133,0.25878823495419534,0.9659340813167803,0.0,-5055.441379576063
0.0071953533577279166,0.004525139783192737,-0.060084629030493386,281.7604348410881,0.0,0.0,-0.5919166575988484,516.5919789489968,0.846512159732696,0.532369386257969,0.0,-4743.583285581608
0.008157892038545299,-0.002387215425435927,-0.006775950275269282,281.5003475516514,0.0,0.0,-0.5922358649995961,701.4196282101166,0.959752004534741,-0.2808488735806973,0.0,-4667.88754162955
-0.004501772545107801,-0.007209996113182978,0.1367758067818022,281.2373883790684,0.0,0.0,-0.5900162164699334,1215.1307961352577,-0.5296202994244471,-0.8482348368450562,0.0,-4988.276977073497
0.003213171247296058,-0.007869277637467743,-0.018542186270063793,281.53202484304614,0.0,0.0,-0.6169005184492943,663.7140743487245,0.3780201467407127,-0.925797369113852,0.0,-5007.149605307853
0.005766256853254317,-0.006245020568604849,-0.020865201038725523,281.3054942385424,0.0,0.0,-0.6076084111543405,656.2641617814922,0.6783831592063901,-0.7347083021888058,0.0,-4866.9123865277825
0.008120724242105795,0.0025107444680164625,-0.05999060579704607,281.69456986223355,0.0,0.0,-0.5955747865441022,512.7408510722363,0.9553793226006817,0.2953817021195838,0.0,-4657.295113397012
0.008369761286047822,-0.001482260440872355,-0.013761001734101275,281.50307169431824,0.0,0.0,-0.5922091905818772,677.2588266623551,0.9846777983585673,-0.17438358127910056,0.0,-4644.6882626296765
-0.008496027026016957,-0.00025985529278707,0.1595420263418549,281.36159627906716,0.0,0.0,-0.596412137723026,1294.6896235101858,-0.9995325912961126,-0.03057121091612588,0.0,-4678.215181819065
0.007495624554798386,-0.004008193175671989,0.1611230381514875,281.22096461178575,0.0,0.0,-0.631885016709077,1301.0765773944665,0.8818381829174572,-0.4715521383143516,0.0,-4776.067156612473
-0.008491652828970209,0.0003766062031383059,0.04748726923022997,281.45135552374865,0.0,0.0,-0.643262648799284,895.631660841906,-0.9990179798788481,0.04430661213391834,0.0,-4648.604240253313
0.007851624977317834,-0.00325606898200249,0.09308839653884918,281.2717483371255,0.0,0.0,-0.6046442765948055,1057.9787508075312,0.9237205855668039,-0.3830669390591165,0.0,-4724.540658768818
0.004904449109457193,0.006942361192904368,-0.19121110820950704,281.9339220641533,0.0,0.0,-0.6317855592640177,48.938598536359,0.5769940128773168,0.8167483756358079,0.0,-4877.213738778701
0.0039024327016646647,0.007551226324841432,0.13638016594121596,281.1958484665172,0.0,0.0,-0.6499732718864639,1211.1611085727159,0.4591097296076076,0.8883795676284036,0.0,-5018.845833337412
-0.0058130912535719,-0.006201449030480367,0.11070406738652164,281.4491762795027,0.0,0.0,-0.5957125883516966,1122.6052424876495,-0.6838930886555176,-0.7295822388800431,0.0,-4898.908798297298
0.005099148891869213,-0.006800638247881517,-0.10515705222583856,281.76725589693024,0.0,0.0,-0.6447149726747052,356.8415074300002,0.5998998696316721,-0.8000750879860608,0.0,-4888.439996752651
0.0025808117147284,-0.008098728967752943,-0.15927532469476777,281.957245675907,0.0,0.0,-0.6453924750139591,161.16499071886707,0.30362490761510585,-0.9527916432650522,0.0,-4991.704838622914
0.008417051895616659,-0.0011845832121451147,0.05050387685216559,281.4669406497809,0.0,0.0,-0.5958326626207333,907.836557662133,0.9902413994843127,-0.13936273084060172,0.0,-4657.095487747708
0.0039544898267109855,0.007524095308436711,0.1696353650557433,281.1097675572567,0.0,0.0,-0.645654754583437,1331.7248673928598,0.46523409726011594,0.8851876833454954,0.0,-5025.277110498566
0.007647477629152325,-0.0037102676334214426,-0.20368942514110522,281.8385359134588,0.0,0.0,-0.6472486420164348,5.460298901660496,0.8997032504885087,-0.4365020745201697,0.0,-4664.18660451165
0.007580818041611948,0.0038446323387250955,-0.1680213261521575,281.8230899888402,0.0,0.0,-0.6352887942428973,133.03374415762943,0.8918609460719938,0.4523096869088347,0.0,-4679.938090881204
-0.003844390477699013,0.007580940697233897,0.018143071638103164,281.3252024820497,0.0,0.0,-0.6403911679969888,790.466700201232,-0.4522812326704721,0.8918753761451643,0.0,-4989.861995458915
0.00443463838387379,-0.007251481393775569,-0.001885728733463432,281.44447661347135,0.0,0.0,-0.6050943798451209,723.3617648242815,0.5217221628086811,-0.8531154580912433,0.0,-4954.72870610589
-0.0006351393120352448,-0.008476237258023598,-0.20317977950154206,282.1439298366039,0.0,0.0,-0.6185935939764419,6.87324571335665,-0.07472227200414644,-0.9972043832968939,0.0,-5018.031647950326
0.006329021609992308,-0.0056739303362176,0.06540736153570473,281.23501217201357,0.0,0.0,-0.5910987697843639,959.2967481853035,0.7445907776461539,-0.6675212160256,0.0,-4848.605529001069
0.006357270948302947,0.005642260725087361,0.1852275321043659,281.17665471812177,0.0,0.0,-0.6473574217359288,1384.9939650171182,0.7479142292121114,0.6637953794220425,0.0,-4878.5698860667
-0.005916212249343743,0.006103149401801914,-0.021286195554903714,281.3751441618934,0.0,0.0,-0.6328768661893532,651.0318222428433,-0.6960249705110285,0.718017576682578,0.0,-4856.130735272323
-0.003408106405687965,-0.0077868357326650135,-0.14884946476386468,281.9975236604821,0.0,0.0,-0.632993302741767,200.85710868825126,-0.4009536947868194,-0.9160983214900015,0.0,-4964.328676986471
-0.0051573289052469105,-0.006756623310730347,-0.023507188469772428,281.69903709373415,0.0,0.0,-0.6454400397170268,642.6511529961628,-0.6067445770878718,-0.7948968600859231,0.0,-4906.71204133414
0.0014544989810825549,-0.008374630303125614,-0.1671684294789591,282.0023012370134,0.0,0.0,-0.6404870337087879,133.5818424267828,0.17111752718618292,-0.985250623897131,0.0,-5017.266201985888
0.008353781787797799,0.0015698184104723123,0.0703049229806024,281.51449485918897,0.0,0.0,-0.6109158737959761,978.6721414203745,0.9827978573879763,0.18468451887909557,0.0,-4668.869979875415
-0.007236152813656631,0.004459606760400432,0.15169946783315771,281.2782046029325,0.0,0.0,-0.6139911548289333,1272.4345914715211,-0.8513120957243094,0.524659618870639,0.0,-4796.817652119863
0.004681677832880044,0.007094497351406907,0.19436924653986457,281.03528840399554,0.0,0.0,-0.640366039743982,1417.7380982354648,0.5507856273976522,0.834646747224342,0.0,-4993.667331399603
-0.000551002738974163,-0.008482122139042975,0.11576251649441963,281.1777835950237,0.0,0.0,-0.5902867633780577,1144.3486976963643,-0.06482385164401917,-0.99789672224035,0.0,-5104.2092981661835
0.008187849878124175,0.002282348433807152,0.09663973220705471,281.4423486988926,0.0,0.0,-0.6254310829490934,1071.717490593336,0.9632764562499028,0.26851158044790024,0.0,-4692.6510593183975
0.001024612810682182,0.008438019233693769,-0.1532900528163242,282.01873619097415,0.0,0.0,-0.6013325801562012,182.0841874186725,0.12054268360966847,0.9927081451404433,0.0,-5027.479963492312
0.0006304309778818136,-0.008476588746785288,0.16317216300455764,281.0307822185303,0.0,0.0,-0.6038927414307211,1307.7376344621705,0.07416835033903689,-0.9972457349159163,0.0,-5116.35748194698
0.007254962427406619,-0.00442894120269374,0.14640572557300982,281.28191033771105,0.0,0.0,-0.623733258904391,1244.4380356949328,0.8535249914596021,-0.5210519061992634,0.0,-4793.737424049542
-0.00795661073206987,0.0029903755045663717,0.18225476389124542,281.2671683694527,0.0,0.0,-0.5972114444906049,1377.0832032974185,-0.9360718508317493,0.3518088828901614,0.0,-4738.356195215964
-0.005124683915304916,-0.006781416870257653,-0.05685115466802115,281.80709680012893,0.0,0.0,-0.6499587832715578,526.4160762589338,-0.6029039900358724,-0.7978137494420767,0.0,-4899.810233858111
0.0008232696157744787,-0.00846003706491541,0.17762280587030402,281.0291882710142,0.0,0.0,-0.6104905922391929,1359.709122408909,0.09685524891464455,-0.9952984782253423,0.0,-5118.527285869315
0.0055764918261840745,0.006415040055409024,-0.10228786202004074,281.8359723340095,0.0,0.0,-0.5972948169659449,364.49932247328877,0.6560578619040087,0.7547105947540028,0.0,-4858.175671074728
-0.006171715567537286,-0.005844649429471192,-0.18397797810490982,281.89051603027997,0.0,0.0,-0.6058692955928294,75.66925074976542,-0.7260841844161512,-0.6876058152319049,0.0,-4793.672827796702
0.008483887842119536,0.0005231128772419201,-0.026878049450500402,281.53799471318183,0.0,0.0,-0.5918221145549042,635.7447261333261,0.9981044520140631,0.061542691440225894,0.0,-4629.455317263756
-0.0003701122138968218,-0.00849193835052542,0.06362996304026416,281.3103733276584,0.0,0.0,-0.5959234030329679,954.9196677360787,-0.04354261339962609,-0.9990515706500495,0.0,-5091.237231458673
0.008004784620962793,-0.002858919931022478,0.17800253863093043,281.3115858792572,0.0,0.0,-0.6418118604175226,1359.3208930742978,0.9417393671720932,-0.3363435212967621,0.0,-4732.532642957133
0.0050248503809218956,0.006855718682191465,-0.10495351179259718,281.82531416388014,0.0,0.0,-0.5964871120938884,356.264117188186,0.5911588683437524,0.8065551390813488,0.0,-4893.075465385126
0.00026808437396967915,-0.008495771346289475,-0.15210059659926206,281.9880770799797,0.0,0.0,-0.6423836831405416,187.3117256359499,0.0315393381140799,-0.9995025113281736,0.0,-5033.754841730196
-0.0036685256853348446,0.007667588884130298,-0.0938253168683741,281.6938101653894,0.0,0.0,-0.5948928805880941,394.7417388759567,-0.431591257098217,0.9020692804859174,0.0,-4967.868108201332
0.002797071848809905,0.00802660507765239,-0.16753815351117618,281.96675252209786,0.0,0.0,-0.6129044420434749,130.02996114175636,0.32906727633057703,0.9443064797238107,0.0,-4982.405219467165
0.0042562178567367255,-0.007357622547806828,-0.08555993960920508,281.67458891949985,0.0,0.0,-0.641241837833324,425.6141388995922,0.5007315125572618,-0.8656026526831562,0.0,-4941.722793277319
0.004380742840995333,0.007284167224952221,-0.01909313499858059,281.72470309992843,0.0,0.0,-0.5977802016974166,660.7286425531324,0.5153815107053333,0.8569608499943789,0.0,-4953.005486891906
-0.00842539711538176,0.0011236918830874927,0.20468108265986376,281.26140392265836,0.0,0.0,-0.5902830424915974,1455.125259470994,-0.991223190044913,0.13219904506911678,0.0,-4697.604135318745
0.0022376706730806418,0.008200172556649942,0.03065716028325574,281.50065144205865,0.0,0.0,-0.62606063159872,838.72826665259,0.2632553733036049,0.9647261831352871,0.0,-5052.731599491096
0.0012976448830118788,-0.008400364144344762,-0.0563352154587389,281.7037505449805,0.0,0.0,-0.6395564889459986,529.8900134707716,0.15266410388375043,-0.9882781346287954,0.0,-5049.630889310877
0.002697972666701926,0.008060455538598877,-0.0008228028634980067,281.6299819577818,0.0,0.0,-0.610119791564578,724.694814182169,0.317408549023756,0.9482888868939854,0.0,-5030.450045735151
-0.003598592104738905,0.007700658079911796,-0.07014508239499892,281.58129534170223,0.0,0.0,-0.602136943322539,477.39716975149247,-0.4233637770281064,0.90595977410727,0.0,-4977.31635706234
0.007523487507648147,-0.003955646056241924,0.16971210735341266,281.1299314877642,0.0,0.0,-0.6355772198747724,1333.3488023672269,0.8851161773703702,-0.4653701242637557,0.0,-4775.8230317322095
0.0030325560247213466,0.007940629947109127,0.05877788809905002,281.44112537343244,0.0,0.0,-0.635319803939522,937.767868563228,0.35677129702604077,0.9341917584834265,0.0,-5034.763943606944
-0.0056617899914312275,-0.006339884391132792,-0.041164288884373706,281.7813292999495,0.0,0.0,-0.6493346469821469,580.7965450477913,-0.6660929401683796,-0.7458687518979754,0.0,-4868.736808319887
-5.035275981344163e-05,-0.008499850857490335,-0.1481408125810857,281.94850896050946,0.0,0.0,-0.642841304685571,203.2375973973868,-0.005923854095699015,-0.9999824538223923,0.0,-5035.239463440827
-0.002421149920057695,0.00814788518970442,0.1291439334794028,281.10017050487744,0.0,0.0,-0.643000160446908,1185.6919777394662,-0.28484116706561113,0.9585747282005199,0.0,-5073.949196596582
-0.004560251041666855,-0.007173152057288091,-0.1944226717466222,281.92912408396523,0.0,0.0,-0.6082018175987094,38.546082819747355,-0.5365001225490418,-0.843900242033893,0.0,-4896.191571917436
0.004066631681887833,-0.0074640811064635515,0.027470057383315233,281.3162039750268,0.0,0.0,-0.5961349121444455,825.8006520798566,0.47842725669268615,-0.8781271889957118,0.0,-4981.657253819068
-0.008075845339645,0.00265155087639935,-0.07814266312908286,281.5673699311838,0.0,0.0,-0.6216800377151239,452.4135404749076,-0.950099451722941,0.3119471619293353,0.0,-4656.851749265788
-0.0068987024708963745,0.004965672584660437,0.1573263954085067,281.1624213633133,0.0,0.0,-0.6135610169369674,1287.1313501890604,-0.8116120553995734,0.5841967746659338,0.0,-4827.37530419259
0.0021079125103926804,-0.008234482670364304,-0.14784940387177062,281.910332638489,0.0,0.0,-0.6470864777052105,204.28743507242254,0.2479897071050212,-0.9687626671016828,0.0,-5008.273573040896
0.0053587806630848315,0.006597989830618724,0.1707175292979997,281.1997289345226,0.0,0.0,-0.6480419109452439,1336.3484745212672,0.630444783892333,0.7762340977198499,0.0,-4945.919588721697
0.0009033213398336334,0.008451864324337038,0.07254061913807056,281.33069264633514,0.0,0.0,-0.6453280650408378,984.2220251790295,0.10627309880395686,0.9943369793337691,0.0,-5089.492769856793
0.0068640430843982985,0.0050134731011070455,-0.1683535875060303,281.9382312548917,0.0,0.0,-0.6310818938921414,129.53782151613177,0.8075344805174468,0.589820364836123,0.0,-4742.902711948834
-0.0048265136114958905,0.006996768279573428,0.19496242500742675,281.06181037145177,0.0,0.0,-0.6069500330157602,1423.6471012150712,-0.5678251307642224,0.8231492093615798,0.0,-4985.4398252591045
0.0081464560618589,-0.0024259541694356852,-0.07935901165625633,281.54040147922217,0.0,0.0,-0.6180453381031599,449.3506697932504,0.9584065955128117,-0.2854063728747865,0.0,-4649.54954882644
0.0025545388451430184,-0.008107054415054544,-0.20081966770919873,282.0116632022483,0.0,0.0,-0.6308293123094458,12.77983650183524,0.30053398178153157,-0.9537711076534757,0.0,-4981.380455915421
0.007868624791611625,-0.0032147696478651336,0.15793181484793187,281.29431209652085,0.0,0.0,-0.6333620777237813,1288.4038592361574,0.9257205637190147,-0.3782081938664863,0.0,-4740.310183004465
-0.008489647601778094,-0.00041938478468282444,-0.08286839635352905,281.55895050943116,0.0,0.0,-0.6302928705045742,432.60855202011135,-0.9987820707974228,-0.04933938643327346,0.0,-4613.838140636057
0.007642990259668268,-0.003719502640221671,-0.06827087422744718,281.4863489406348,0.0,0.0,-0.6178526114451178,485.80577604731764,0.899175324666855,-0.4375885459084319,0.0,-4700.936267612271
-0.008317807707723559,0.0017504499242579211,0.11294053342832674,281.44732517204034,0.0,0.0,-0.6214220625729303,1128.3921190510332,-0.9785656126733598,0.20593528520681423,0.0,-4683.961229069686
0.0067173452809759565,-0.005208384814522642,-0.10549438524088933,281.5518987416556,0.0,0.0,-0.639450738566564,357.10630992257165,0.790275915408936,-0.6127511546497225,0.0,-4771.900778460815
-0.0019210823931366955,0.008280062948962417,-0.019859034115228685,281.4527747281821,0.0,0.0,-0.6177115111337829,656.1297130257418,-0.22600969331019946,0.9741250528191078,0.0,-5047.196598610015
-0.004944715103607498,-0.006913739403836095,0.1427394142780222,281.27854203638896,0.0,0.0,-0.5900002636914161,1236.9619922845986,-0.5817311886597056,-0.8133811063336582,0.0,-4964.395023037904
-0.004614786454695695,0.007138189264621466,0.028286324540733182,281.3460898548792,0.0,0.0,-0.6453632091127653,830.5401873120352,-0.5429160534936112,0.8397869723084077,0.0,-4952.895563799098
0.003246613905065808,0.007855539329125236,0.19348950999639022,280.9795254824452,0.0,0.0,-0.6361461717159168,1416.6432575141541,0.3819545770665656,0.9241810975441453,0.0,-5062.720528220605
-0.007220775941001777,-0.004484461484933272,-0.14017052828973567,281.7888166022377,0.0,0.0,-0.6193538133373307,228.003834105204,-0.8495030518825619,-0.5275837041097966,0.0,-4719.86488142845
0.00632311737227059,-0.005680509369457098,0.0017746660582780294,281.37283279963395,0.0,0.0,-0.5971461769120926,735.5472871385086,0.7438961614435987,-0.6682952199361292,0.0,-4831.988270353446
0.00381586453825982,-0.007595339217286558,0.04567319708809062,281.25345286587714,0.0,0.0,-0.5924304705854844,890.2825788146174,0.4489252397952729,-0.8935693196807715,0.0,-4998.5788813775025
-0.0018820472367338105,0.00828902275293672,0.20267252720919957,280.9081167494918,0.0,0.0,-0.6144049691931374,1445.5864306528456,-0.22141732196868358,0.9751791474043199,0.0,-5107.804278674692
-0.007950466807234454,-0.0030066721715317052,0.0764399322030285,281.5100426966039,0.0,0.0,-0.6211341683187949,996.7803360580388,-0.9353490361452299,-0.3537261378272594,0.0,-4710.562033949658
-0.0036972460953345553,-0.0076537815039713145,-0.013550526981314759,281.6785700624894,0.0,0.0,-0.6383381115401129,680.0762090743456,-0.4349701288628888,-0.9004448828201546,0.0,-4988.116927039791
-0.008406139738238592,-0.0012596883349487824,0.16591813719098783,281.28851955316753,0.0,0.0,-0.5929888949795165,1319.161503436885,-0.9889576162633636,-0.1481986276410332,0.0,-4689.178268796453
0.00034480794762846835,0.008493003442790557,-0.11511358059455969,281.8447989175956,0.0,0.0,-0.5908167499851247,318.88072058555707,0.040565640897466865,0.9991768756224184,0.0,-5043.3918172835465
0.0037995993993079355,0.007603488962626222,0.03858806397813261,281.6487801885732,0.0,0.0,-0.6238275620726408,864.450668480419,0.4470116940362277,0.8945281132501437,0.0,-4997.432335187385
0.007664829586793491,0.003674287332996036,-0.1869759770549838,281.9006708232163,0.0,0.0,-0.6424903006557904,66.38668825137104,0.9017446572698224,0.4322690979995336,0.0,-4667.052605630599
-0.0017636724370116144,-0.008315014103110441,0.13032259022354445,281.2152866053655,0.0,0.0,-0.5907059432515088,1189.1944510847036,-0.20749087494254284,-0.9782369533071106,0.0,-5091.021513575903
0.005462164642476968,-0.0065126613161191225,0.18120544879349496,281.08017833362527,0.0,0.0,-0.6298134501778883,1372.3253854352386,0.6426076049972903,-0.7661954489551909,0.0,-4941.920501057612
0.006196736124516564,0.005818114935536375,-0.17011472085869053,281.91122818667526,0.0,0.0,-0.6283566464063175,124.5300766446735,0.7290277793548898,0.684484110063103,0.0,-4795.50760378418
-0.006395044967839475,0.005599410670714466,-0.1484524572479311,281.7983616397434,0.0,0.0,-0.5903254019896336,200.23685225381666,-0.7523582315105264,0.658754196554643,0.0,-4786.112412208347
0.005015498207578532,0.006862563495500538,0.1472455225914309,281.25109675267345,0.0,0.0,-0.6499553155835751,1250.2746896102715,0.5900586126562978,0.8073604112353573,0.0,-4961.3104631022725
0.0030665759270465413,0.007927553978602647,-0.03410555821640884,281.78327752508727,0.0,0.0,-0.5966546590062992,605.3683482517146,0.36077363847606364,0.9326534092473702,0.0,-5008.580376266929
-0.0083615110309915,-0.001528114288463878,-0.2008260929839426,281.6887465979816,0.0,0.0,-0.5908938830979787,16.812735505489318,-0.983707180116647,-0.17977815158398563,0.0,-4595.340709577885
-0.008499626813462039,-7.964943111637801e-05,-0.07477081409174252,281.5918342579143,0.0,0.0,-0.6326237016677789,463.86613908325694,-0.9999560957014162,-0.009370521307809177,0.0,-4614.978172617319
-0.007333929864405743,0.0042969143282101385,-0.038036225501813986,281.5122440502371,0.0,0.0,-0.6332623233897011,590.0363375184318,-0.8628152781653814,0.5055193327306045,0.0,-4737.237069148042
0.0033452470083708353,0.007814046483927901,0.1024168434026643,281.38144406432036,0.0,0.0,-0.6475639191246239,1097.4686015916984,0.3935584715730394,0.9192995863444589,0.0,-5034.326850652759
0.001468293085331787,-0.0083722228479399,-0.06596971259737736,281.6883709571004,0.0,0.0,-0.6422864382206284,494.6308147629826,0.17274036298021023,-0.9849673938752822,0.0,-5044.171546294222
0.004673794186258487,-0.007099693507785838,-0.15801914065849976,281.8358726097521,0.0,0.0,-0.6489240808706495,170.98703133172353,0.549858139559822,-0.8352580597395103,0.0,-4899.573272397256
0.00016134919793906713,0.008498468475926968,0.08082605789975736,281.3182744162592,0.0,0.0,-0.6481695067429198,1018.9106317244369,0.01898225858106672,0.9998198206972903,0.0,-5096.526496422356
-0.0013164283051219938,0.0083974410696041,0.02007049023522356,281.3386172626332,0.0,0.0,-0.6334010926614029,800.1923418370808,-0.1548739182496463,0.9879342434828352,0.0,-5069.830956229106
-0.007778219815837257,-0.003427724682134875,-0.024115292902036872,281.5778824952341,0.0,0.0,-0.6499689305906609,640.7331639779882,-0.9150846842161479,-0.4032617273099853,0.0,-4700.0828524814815
0.0066539484878019,-0.005289136935425176,0.09808935211200112,281.163384044778,0.0,0.0,-0.5997889164010872,1079.65473102199,0.7828174691531646,-0.6222514041676678,0.0,-4831.683251839682
-0.0033835934310287,0.00779751854717252,0.016180414651526392,281.27642998984993,0.0,0.0,-0.6383312092094291,786.320284586548,-0.39806981541514114,0.9173551231967669,0.0,-5009.618872562083
0.007486589156015126,-0.0040250444480821245,-0.09186269668103494,281.5069302922947,0.0,0.0,-0.6297293670897013,403.58018563225096,0.8807751948253089,-0.47353464095083814,0.0,-4709.017335365945
-0.0037187385758317873,0.007643362048511151,0.13971041997882203,281.0528369254811,0.0,0.0,-0.6356227094242376,1224.5125399964732,-0.43749865598021026,0.8992190645307235,0.0,-5028.265050855776
-0.004000236300201017,0.007499873968444676,0.1417706092614681,281.12424054413776,0.0,0.0,-0.6338265349382333,1236.0106568598214,-0.47061603531776663,0.8823381139346677,0.0,-5015.585057931717
-0.0038191951231165175,0.007593665031561705,0.15316206993450096,281.1268800855747,0.0,0.0,-0.6296760769328107,1274.9751597397492,-0.44931707330782555,0.8933723566543181,0.0,-5027.262496424353
-0.008301943567350301,0.0018242075004042068,-0.06779674341176448,281.5821491027882,0.0,0.0,-0.6293095167444049,485.4396049941341,-0.9766992432176824,0.21461264710637726,0.0,-4637.076408667478
0.0031262017359865116,-0.00790423068400176,0.06535459631303778,281.20332925385753,0.0,0.0,-0.5905548057460612,957.0467944874326,0.36778843952782486,-0.9299094922355011,0.0,-5033.016092036288
-0.007102526529317538,-0.0046694878627468964,0.053941596986095935,281.60484489813615,0.0,0.0,-0.6248554059288899,916.4718689965232,-0.8355913563902986,-0.5493515132643407,0.0,-4782.258453232119
-0.002473300883491562,0.008132206511133363,0.11115899744484128,281.15379472178375,0.0,0.0,-0.6472946126011356,1122.1167046925887,-0.290976574528419,0.9567301777803956,0.0,-5067.569504209245
0.00018791138626407254,0.008497922646795058,0.1384498790392957,281.11065730050615,0.0,0.0,-0.6459021323381755,1218.0860317371278,0.022107221913420298,0.9997556055053008,0.0,-5111.930048623626
-0.004635203894046565,0.0071249480602047595,-0.1429636488008695,281.8175135978968,0.0,0.0,-0.5900281585365708,215.78980140960056,-0.5453181051819488,0.8382291835535011,0.0,-4905.800291332945
-0.0031886034664277176,0.007879264428478406,0.1758873638387136,281.0376012644755,0.0,0.0,-0.6218471230876735,1355.5679225049173,-0.37512981957973146,0.9269722857033419,0.0,-5060.27144486053
-0.005999469828305534,0.006021325583229293,-0.15178512931954757,281.8510444781186,0.0,0.0,-0.5900120067536112,188.20896547691805,-0.705819979800651,0.7083912450857991,0.0,-4815.077149116714
0.004608510699601219,0.007142242584207085,-0.131485245280496,281.90967615090085,0.0,0.0,-0.6042280414305606,258.96068744755166,0.5421777293648492,0.8402638334361275,0.0,-4910.382527081945
-0.005616672781342262,-0.006379889251964252,0.07196281410643987,281.49476375645395,0.0,0.0,-0.6088457963746571,987.7946665672096,-0.6607850330990896,-0.7505752061134414,0.0,-4902.186878081765
0.0036218183640751717,-0.007689761487695692,-0.16369000919903479,281.9840050138938,0.0,0.0,-0.6463625796384379,145.1185709480524,0.42609627812649076,-0.904677822081846,0.0,-4951.197631441045
-0.001916339127184566,-0.008281162016868255,0.026209148888884037,281.50293644623144,0.0,0.0,-0.6147990773022808,821.2921053164619,-0.22545166202171363,-0.974254354925677,0.0,-5059.667204032952
0.00797661954288877,0.0029365865674290895,-0.1058968748593818,281.71832953856597,0.0,0.0,-0.61111449196867,354.52326748976526,0.9384258285751493,0.3454807726387164,0.0,-4659.105707606149
-0.007088649122357403,-0.0046905280747589215,0.18656245769165616,281.2924272925939,0.0,0.0,-0.5913577008293506,1391.5244926369003,-0.8339587202773414,-0.551826832324579,0.0,-4819.038997571804
-0.007092649755721309,0.004684476432075036,0.00567025510832847,281.41115554321476,0.0,0.0,-0.6463733099773944,749.340081886708,-0.8344293830260363,0.551114874361769,0.0,-4770.16143404272
-0.004654491951269642,0.0071123628053949926,-0.050626691548430774,281.53064301232934,0.0,0.0,-0.6141467475499338,551.1324356033252,-0.5475872883846638,0.8367485653405873,0.0,-4929.482420200557
-0.007116462455868475,-0.004648221392555913,0.022764544311124013,281.65474889026046,0.0,0.0,-0.6379960513976357,807.1571927291485,-0.8372308771609971,-0.5468495755948133,0.0,-4772.687122333258
-0.007202194770618543,0.004514243069006688,0.10195767747288761,281.2288089704971,0.0,0.0,-0.6361433316493089,1092.250338084568,-0.8473170318374756,0.5310874198831397,0.0,-4786.458191759766
0.007394922589436788,0.0041910762217165064,0.18415923774009144,281.2923963528514,0.0,0.0,-0.6494242515012324,1385.3318551828202,0.8699908928749163,0.49306779079017715,0.0,-4791.3795483575195
-0.0014237739021081583,0.008379908583968905,0.13687894237255313,281.06080181257147,0.0,0.0,-0.643038767229532,1217.3085338756061,-0.1675028120127245,0.9858715981139886,0.0,-5099.378454191164
0.008035568685349723,0.002771215600242416,-0.1070674807643126,281.78529381450886,0.0,0.0,-0.6122267112265963,352.187708725573,0.9453610218058497,0.32602536473440186,0.0,-4653.043295249614
-0.00402605687590059,0.007486044752204838,-0.12177821155257004,281.7606424562005,0.0,0.0,-0.590586136937886,294.7939382803314,-0.47365375010595173,0.8807111473182162,0.0,-4943.614731905181
-0.0037120120758555577,0.007646631045676424,0.09606685033805115,281.19667259289855,0.0,0.0,-0.6481465803582854,1074.6528945355046,-0.4367073030418303,0.8996036524325204,0.0,-5016.860194864295
-0.008026877089733068,0.002796291148346037,-0.19388423824492262,281.8497851180974,0.0,0.0,-0.5904068144880354,35.84480635156233,-0.9443384811450668,0.3289754292171808,0.0,-4630.601204076642
-0.007862722678247672,-0.0032291782367917933,0.11184403930801898,281.46448291217735,0.0,0.0,-0.6047593170436953,1126.0300859576823,-0.9250261974409026,-0.3799033219755051,0.0,-4728.510612356453
0.004444295583730869,-0.007245566697259111,-0.18754499661721052,281.93681386068033,0.0,0.0,-0.6418871585850545,62.326552050078874,0.5228583039683375,-0.8524196114422483,0.0,-4904.395495035461
0.006854045828321076,0.005027131963980503,0.007344079815219451,281.6198972118883,0.0,0.0,-0.5979549835791038,754.3723986363657,0.806358332743656,0.5914272898800591,0.0,-4790.8763081317975
-0.008492707455581274,0.00035202283152412783,0.13036910415151495,281.3864398053124,0.0,0.0,-0.6087147853176493,1193.1810480301306,-0.9991420535977968,0.04141445076754445,0.0,-4670.731745685823
0.008085186956079819,-0.0026229281128610357,-0.15947925411995678,281.71537412223074,0.0,0.0,-0.6478163446096661,163.71104951821783,0.9511984654211552,-0.3085797779836512,0.0,-4634.1103339683805
0.0036544806625795068,-0.0076742928721044035,-0.12699380634637164,281.81362268458764,0.0,0.0,-0.6499284863046935,274.15002119363663,0.42993890147994196,-0.9028579849534591,0.0,-4959.595609017699
-0.007873403045273147,-0.003203049248245106,0.06013451514054699,281.5474592972706,0.0,0.0,-0.6277956916546873,942.4274135389086,-0.9262827112086055,-0.3768293233229536,0.0,-4713.613799526617
0.008446759087205057,0.0009498741615176214,-0.16922014419818318,281.7753628113057,0.0,0.0,-0.6436941659011792,126.03451972012158,0.9937363632005949,0.11174990135501428,0.0,-4595.094211307061
-0.005716454923470965,0.006290639324259862,-0.01062721440970793,281.4489314991525,0.0,0.0,-0.6363088437445374,689.6320505664036,-0.6725241086436429,0.7400752146188072,0.0,-4873.141778382933
0.003042065184443354,-0.007936991836558585,-0.12282004444359856,281.76487615402635,0.0,0.0,-0.6499552842309879,289.48679493752525,0.3578900216992181,-0.9337637454774806,0.0,-4985.690763001013
0.0034205857370091415,-0.007781361912658325,0.16405672167777538,281.03215888751106,0.0,0.0,-0.6136497508549911,1312.4044872193642,0.40242185141284015,-0.9154543426656853,0.0,-5047.760145553514
0.008473509641762902,0.0006705477991546543,0.18153384232617678,281.26971771239334,0.0,0.0,-0.6488263085635502,1373.473816500943,0.9968834872662237,0.0788879763711358,0.0,-4686.442459238716
-0.004331560171077377,0.007313520799473817,-0.06840560535854909,281.59709882409044,0.0,0.0,-0.6052607637175907,489.27104516896947,-0.5095953142443973,0.8604142117028019,0.0,-4942.384827519189
-0.008291116521939772,0.001872801863416776,-0.09858405397321714,281.55743422636675,0.0,0.0,-0.6151570511035168,376.9059860892476,-0.9754254731693849,0.2203296309902089,0.0,-4629.910484034326
0.00622311211339213,-0.0057898942670960895,-0.11925676135884693,281.68260275541803,0.0,0.0,-0.645343274808245,307.505674223681,0.7321308368696623,-0.6811640314230692,0.0,-4807.157436127863
0.008096217265349741,-0.002588680357296507,0.18906321737275375,281.2405364082766,0.0,0.0,-0.6455176167204767,1396.9995517454124,0.9524961488646754,-0.30455063027017726,0.0,-4726.5347558468175
-0.006401014881803732,-0.005592585134168917,0.04210089418955959,281.5320838400518,0.0,0.0,-0.6261807743000027,875.0223827456019,-0.7530605743298507,-0.6579511922551666,0.0,-4836.771261267334
0.005766056291209222,0.006245205748941068,-0.1686003774323102,281.969772699388,0.0,0.0,-0.6255982632581001,129.68756064644595,0.6783595636716732,0.7347300881107138,0.0,-4827.290205441288
0.0026328453480256686,0.008081962965355608,-0.10842606397156668,281.9339168525781,0.0,0.0,-0.5924357114590771,341.4122273266305,0.3097465115324316,0.9508191723947773,0.0,-5003.695203779008
-0.0044217825582387,-0.007259327724221854,0.07697741280529116,281.39166935873783,0.0,0.0,-0.6022634114873656,1000.1482508107883,-0.5202097127339647,-0.8540385557908062,0.0,-4976.580492708285
0.007222991475681848,0.0044808921145489955,0.17546934879176443,281.2835624889343,0.0,0.0,-0.6498419085373006,1352.581922423514,0.8497637030213938,0.5271637781822347,0.0,-4804.353867930808
0.008166856132331158,0.0023563660398598866,0.02465393771610036,281.56347628087406,0.0,0.0,-0.5962766484527314,813.2479086295946,0.9608066038036656,0.2772195341011631,0.0,-4675.428765932961
0.0022812478788513143,-0.008188156576130942,-0.05132073691098682,281.56822417802556,0.0,0.0,-0.634770015816444,543.6535461825339,0.26838210339427226,-0.9633125383683461,0.0,-5029.538282298543
-0.007679262991464565,0.0036440252342598714,0.18616972584932376,281.2657217814804,0.0,0.0,-0.5976774902857602,1387.9490687640516,-0.903442704878184,0.4287088510893966,0.0,-4765.81613798892
0.008213012661145588,0.002190073749411708,0.10559985761275306,281.48835089643273,0.0,0.0,-0.6290974614105589,1101.525035649185,0.9662367836641869,0.2576557352249068,0.0,-4692.5417193891035
-0.0077752179583892855,0.0034345284537387016,0.03615467882851206,281.38631486855127,0.0,0.0,-0.649714333134157,858.5328011921233,-0.9147315245163865,0.4040621710280825,0.0,-4716.537180527867
-0.004695147727469791,0.007085590153066664,-0.19787997232535032,281.9554934466072,0.0,0.0,-0.6008041476442919,27.370328306745396,-0.5523703208787989,0.8335988415372545,0.0,-4887.660543916736
-0.008316913881597958,0.0017546918493237446,0.1837472910090638,281.288486950536,0.0,0.0,-0.5941709163208753,1384.272423677266,-0.9784604566585833,0.20643433521455817,0.0,-4703.048712977768
-0.0017639331473232446,0.008314958800365419,-0.10922375219533825,281.844357206751,0.0,0.0,-0.590168382965349,339.5605604311546,-0.20752154674391113,0.9782304471018138,0.0,-5026.747381844463
0.002749313263829381,-0.008043088746080816,-0.10136064857974154,281.797167996044,0.0,0.0,-0.6482136275255895,366.7158010374596,0.3234486192740448,-0.946245734833037,0.0,-5001.773315552811
-0.003179316201012975,0.007883016459070502,0.06563440418648883,281.2278140688373,0.0,0.0,-0.6495066739652561,961.8720006382532,-0.3740372001191735,0.9274137010671178,0.0,-5031.051546479381
0.007147919445939632,-0.004599700815744222,-0.10508370825369787,281.5495393306989,0.0,0.0,-0.6372201519083546,355.5431185706114,0.8409316995223096,-0.5411412724404967,0.0,-4735.653715745664
0.0073924883188773065,-0.004195368452861153,0.13896107407865013,281.2412354943041,0.0,0.0,-0.621276630540843,1220.6600679861135,0.8697045081032124,-0.4935727591601356,0.0,-4779.472429564333
0.0075268895065159856,0.003949168818460356,0.19879723062738455,281.2250530076817,0.0,0.0,-0.6477684890851072,1433.3360446460174,0.8855164125312923,0.4646080962894536,0.0,-4783.314542944037
-0.0038413704469032676,0.007582471436784856,-0.07375549793270131,281.63168737965833,0.0,0.0,-0.6015740851438578,463.2860135270166,-0.45192593492979616,0.8920554631511595,0.0,-4965.347637287677
0.0031622207164965894,-0.007889889741952026,-0.01000537217773656,281.4116551370694,0.0,0.0,-0.6132232007650854,694.1143846836541,0.37202596664665755,-0.9282223225825912,0.0,-5011.418171116627
-0.0014572359317254163,0.00837415449100913,-0.08809825299315366,281.7858666391845,0.0,0.0,-0.5922870141224298,417.59202485604914,-0.17143952137946072,0.985194646001074,0.0,-5038.431619167341
0.002375909468424989,-0.008161191959379983,-0.08686492807510054,281.7269186360429,0.0,0.0,-0.6459912693833941,418.5605789129571,0.2795187609911752,-0.9601402305152921,0.0,-5017.317250786226
-0.008458886643913007,0.0008350070331620981,-0.10677164678290142,281.60792724414586,0.0,0.0,-0.6151062538223053,348.24541995658757,-0.9951631345780007,0.09823612154848212,0.0,-4610.600096077931
-0.008396644190352416,-0.001321501547717987,-0.1665346841013459,281.74148897773864,0.0,0.0,-0.5979591409069022,136.18143581052647,-0.9878404929826371,-0.15547077031976317,0.0,-4600.955273388558
-0.008033775873047117,-0.0027764086913936218,0.08671399194412002,281.5222009418012,0.0,0.0,-0.6172790123694072,1035.966187103566,-0.9451501027114254,-0.32663631663454373,0.0,-4705.2088942176
-0.0012081731962493068,-0.008413698207558003,-0.17177460580418458,282.0625809158796,0.0,0.0,-0.6307519836081698,119.38785505163646,-0.14213802308815374,-0.9898468479480003,0.0,-5020.024714402837
-0.008264963656550486,-0.0019850379734150225,-0.03513101332215751,281.62158259110464,0.0,0.0,-0.6486363503895968,604.75832529401,-0.9723486654765278,-0.23353387922529673,0.0,-4649.571358190106
0.002855229020835656,0.008006101875355939,0.0013857635373343558,281.6686582982701,0.0,0.0,-0.6105250275194569,733.0377910254368,0.3359092965689007,0.9418943382771692,0.0,-5025.724365787912
-0.000199367803623979,-0.008497661588865384,-0.08512101143207386,281.83919878820757,0.0,0.0,-0.6491195309105721,426.86320626924186,-0.02345503572046812,-0.9997248928076922,0.0,-5051.920594441159
0.0029717602933560933,-0.007963582156217898,0.10929496337224245,281.137722273973,0.0,0.0,-0.5931357083341151,1117.1945281112132,0.3496188580418933,-0.9368920183785763,0.0,-5050.54036675818
-0.003864099906303,0.007570913545544499,-0.13526712873885444,281.8757274727836,0.0,0.0,-0.5900137049493787,249.44325516047147,-0.45459998897682347,0.8906957112405292,0.0,-4947.777913128643
-0.007919295188934208,-0.00308784127029281,-0.1387319850256915,281.7461528904036,0.0,0.0,-0.6145267763376118,233.45465536866692,-0.9316817869334362,-0.36327544356385993,0.0,-4655.845604604161
-0.004497674797401251,-0.007212553044298644,-0.04704365512238398,281.8261297422987,0.0,0.0,-0.6487277246982956,558.9501137241809,-0.5291382114589707,-0.8485356522704286,0.0,-4939.184142949091
0.007120704305009458,-0.004641720607772486,0.03655340487618616,281.3913081742464,0.0,0.0,-0.5900045979953171,854.1140569294728,0.8377299182364067,-0.5460847773849984,0.0,-4776.018788064657
0.0044403973180358715,0.007247956378040631,0.19996478801135512,281.01840368782814,0.0,0.0,-0.637597327509612,1440.9445753414007,0.5223996844748083,0.8527007503577212,0.0,-5008.572460117134
-0.007378006676330467,0.004220783989263496,0.1557931864503053,281.19910341110216,0.0,0.0,-0.6112182542873783,1282.9137682512583,-0.8680007854506431,0.49656282226629367,0.0,-4785.291012015581
-0.005538908797235962,-0.006447518075655321,0.09639328144012896,281.4594901387435,0.0,0.0,-0.5991704525686427,1068.8315168919985,-0.6516363290865836,-0.7585315383123906,0.0,-4914.024453724101
-0.008463442637387842,-0.0007874888720772804,0.011024735691667453,281.57945725412793,0.0,0.0,-0.6489783046945105,768.0384747582776,-0.9956991338103343,-0.09264574965615063,0.0,-4641.734479286191
0.0028813133059385,-0.007996751442493493,-0.04285936594977119,281.57426877898445,0.0,0.0,-0.6291798279518478,577.3887382014026,0.3389780359927647,-0.9407942873521755,0.0,-5012.9424578111675
0.005638722693707628,0.006360409293706387,-0.0898475075221889,281.8181058617494,0.0,0.0,-0.594137474022012,412.5168512136801,0.6633791404361915,0.7482834463183985,0.0,-4857.262942207604
0.0020678374888685853,0.008244637537189228,0.11555022998804712,281.2386728480208,0.0,0.0,-0.6499686120773603,1140.5656164449954,0.24327499869042177,0.9699573573163798,0.0,-5079.960882221662
-0.0017349537106201823,-0.008321053756706855,0.029124406319678442,281.49834372876546,0.0,0.0,-0.6128464795577782,834.867663788906,-0.2041122012494332,-0.9789475007890417,0.0,-5064.482677202647
0.008424024439538338,-0.0011339366128936897,0.0549253485547819,281.40945587196757,0.0,0.0,-0.5972085009183411,923.1877433905693,0.9910616987692161,-0.1334043073992576,0.0,-4657.566621186831
-0.0070171811187249335,0.004796787377715454,0.03912617396754883,281.29573148357537,0.0,0.0,-0.6499999999959194,867.795912048202,-0.8255507198499921,0.5643279267900534,0.0,-4785.622310126686
0.006496892049262257,-0.005480911758114053,0.14431814457332323,281.188724740828,0.0,0.0,-0.6182034057478744,1241.231236708558,0.7643402410896772,-0.6448131480134179,0.0,-4856.664460377027
-0.008311576088529473,-0.0017798041815281602,0.05520731529163023,281.4757662558438,0.0,0.0,-0.634744786429023,923.9342955526593,-0.9778324810034673,-0.20938872723860708,0.0,-4669.102919938405
-0.00627188511019471,-0.00573702511450995,0.118744864509748,281.4133872487477,0.0,0.0,-0.5949218716591765,1151.2041011348479,-0.7378688364934952,-0.6749441311188176,0.0,-4867.300193541067
-0.0040502292477018345,0.007472994248697147,-0.08195624864030039,281.615013776626,0.0,0.0,-0.5993475840201938,438.1675908220421,-0.47649755855315695,0.8791757939643702,0.0,-4953.109771914543
0.001457629951214148,-0.008374085915807376,-0.06205485480426745,281.60462861749136,0.0,0.0,-0.6410694254596601,509.0276573922522,0.17148587661342918,-0.9851865783302794,0.0,-5045.411877929663
0.0060912819464113074,0.005928430167365024,-0.0923599521761816,281.82483342188965,0.0,0.0,-0.5960009057570592,401.5883822628259,0.7166214054601537,0.6974623726311793,0.0,-4824.260155579637
-0.0030756015547445505,-0.007924056731021865,0.124558288170491,281.2046316496468,0.0,0.0,-0.5900155476269288,1171.3616007718722,-0.3618354770287706,-0.9322419683555134,0.0,-5050.811115841913
-0.007975581265310243,0.002939405293666095,0.04428178584323986,281.39036620689257,0.0,0.0,-0.6484246621295522,885.4863592988066,-0.9383036782717933,0.34581238749012877,0.0,-4699.498410358988
-0.004746413842140976,0.007051351334257324,-0.15319211059181886,281.7792026831364,0.0,0.0,-0.5905085561120447,183.5620172512341,-0.5584016284871737,0.8295707452067439,0.0,-4896.702231019361
0.005619283412212665,0.0063775899784504495,0.13728244364413025,281.3693322378058,0.0,0.0,-0.6494644358221727,1216.1999825141418,0.6610921661426664,0.7503047033471116,0.0,-4919.533020184545
0.0074221405462431495,-0.004142683877851828,0.13118275456437636,281.29098522880724,0.0,0.0,-0.6179160245767411,1194.3344678991198,0.8731930054403705,-0.4873745738649209,0.0,-4774.710322285814
-0.006821859880979233,-0.005070722607704548,0.1406947188681371,281.3502143719207,0.0,0.0,-0.5917806013187292,1228.106041075702,-0.8025717507034391,-0.5965556009064173,0.0,-4829.333940986808
0.0064349530462337115,0.005553501534416596,-0.1066799687479826,281.7494174495769,0.0,0.0,-0.6018934569601652,346.5605168459583,0.7570532995569071,0.6533531216960701,0.0,-4794.201477687254
-0.0018186380608179054,0.00830316539662703,0.19977232882773574,280.9323349055548,0.0,0.0,-0.6159470955518344,1440.1230708972428,-0.21395741891975356,0.976842987838474,0.0,-5108.455232146981
-0.008087151023706602,0.0026168661256856995,-0.01745169389543194,281.40061911270885,0.0,0.0,-0.6450873939039918,667.6805152290034,-0.9514295322007765,0.307866603021847,0.0,-4672.02185013591
0.00308811758661634,0.007919187443875216,-0.05774240947904882,281.74115497177263,0.0,0.0,-0.5914676346642783,522.1008474541878,0.36330795136662825,0.931669111044143,0.0,-5001.431360330672
0.008355922888039314,0.0015583814324935798,0.11675338025316964,281.367458084449,0.0,0.0,-0.6317602254019696,1144.7126362099868,0.9830497515340368,0.1833389920580682,0.0,-4681.113879472801
0.00822234305610943,0.0021547794939735846,0.05664633251600912,281.5640660710811,0.0,0.0,-0.6070483694238011,931.3589547336882,0.9673344771893446,0.2535034698792452,0.0,-4678.473960594645
0.008102407118753466,-0.0025692409155182714,-0.1836733132260906,281.7922744877567,0.0,0.0,-0.6499941423597673,75.74931482146036,0.9532243669121724,-0.3022636371197966,0.0,-4625.921648795463
-0.005547044639025901,0.006440519837144672,-0.12979535125749053,281.76765052618833,0.0,0.0,-0.5912759962057825,264.26903477804666,-0.6525934869442236,0.7577082161346672,0.0,-4852.790422930809
0.00018527060431265408,-0.008497980630901535,-0.17888905859909945,282.0207782247062,0.0,0.0,-0.6322860506834401,91.5199884879601,0.021796541683841656,-0.9997624271648863,0.0,-5026.796335261268
-0.005710484383782249,0.0062960597283204895,0.08205474504229535,281.2435976813604,0.0,0.0,-0.6473515947512571,1021.2437482573798,-0.6718216922096764,0.7407129092141752,0.0,-4898.423157799946
0.0011099120348358798,0.008427223461788971,0.03289240338398214,281.5464820619177,0.0,0.0,-0.6309356495251348,844.9714984130842,0.13057788645127996,0.9914380543281142,0.0,-5076.322534002564
0.0006140791815091592,0.008477789025379026,0.003609259150477856,281.49446545108816,0.0,0.0,-0.6194901363030253,738.8403950644948,0.07224460958931284,0.9973869441622383,0.0,-5073.671853030387
0.008491168134082919,-0.00038738058641964027,0.20435804617156808,281.2652510069482,0.0,0.0,-0.649953928150613,1454.2540189802107,0.9989609569509315,-0.045574186637604736,0.0,-4690.741651339634
0.0033552797153346553,0.007809743787850137,-0.10797750647903988,281.97368142151623,0.0,0.0,-0.5935261390627848,344.32461699681284,0.3947387900393712,0.9187933868058984,0.0,-4977.470191651821
0.008499951855418304,-2.860866251588705e-05,-0.17572493386675553,281.72085417328947,0.0,0.0,-0.6470748317763845,100.03251222067192,0.9999943359315651,-0.0033657250018690643,0.0,-4587.859270401856
0.0038283175259927224,-0.007589070095879796,-0.017680477067280514,281.46676526268084,0.0,0.0,-0.6141501628723225,664.893096350022,0.45039029717561435,-0.8928317759858583,0.0,-4981.00183266462
0.0033446308188803046,0.007814310250136992,-0.11171544451184083,281.985891974872,0.0,0.0,-0.5943562277945141,332.6692282052375,0.3934859786918005,0.9193306176631756,0.0,-4976.901828879656
-0.008444875495872008,0.0009664770350197171,-0.14229708095297167,281.69140762105013,0.0,0.0,-0.6001321416616897,222.8747044176994,-0.9935147642202362,0.11370318059055495,0.0,-4602.511236220091
-0.00849918790481832,-0.0001174945045097842,-0.0728463139263606,281.55249326672043,0.0,0.0,-0.6335400651824529,472.4549629470245,-0.9999044593903904,-0.013822882883504023,0.0,-4615.539938715499
-0.007673748179096737,-0.0036556242809962737,-0.09531242651677907,281.67243380890864,0.0,0.0,-0.635801224447635,390.9790886871878,-0.9027939034231455,-0.430073444823091,0.0,-4690.812167268027
-0.0033485794803706287,0.007812618988766878,-0.1936431821058494,282.0263588129496,0.0,0.0,-0.603585207507874,42.884088603333474,-0.3939505271024269,0.9191316457372796,0.0,-4954.760263308451
0.0051120406009036315,-0.006790952870894692,-0.02164597819087405,281.4305818006026,0.0,0.0,-0.610746824941797,654.0230148612783,0.6014165412827801,-0.7989356318699636,0.0,-4910.043725740036
-0.005904912719533163,-0.006114082578334665,-0.18470732816387186,281.9503865199171,0.0,0.0,-0.6067618668521639,74.67081760542743,-0.6946956140627251,-0.7193038327452547,0.0,-4813.099497043554
0.0001603644651527335,0.008498487114676134,-0.19686962266507976,282.05820825530463,0.0,0.0,-0.6168340295759033,29.32081307630766,0.01886640766502747,0.9998220134913098,0.0,-5022.024706559592
0.0016650990691081458,-0.00833531313689265,0.13803808038514778,281.1334785595848,0.0,0.0,-0.5978820767686682,1219.985818940335,0.19589400813037008,-0.980625074928547,0.0,-5095.149843467193
-0.0020074030880343255,0.008259560087689312,0.06615180478978308,281.3274795748902,0.0,0.0,-0.6484901244712968,964.8149351114672,-0.2361650691805089,0.9717129514928601,0.0,-5068.207511631047
-0.005641106583504398,-0.006358295094877506,0.1577397041135469,281.24988924172646,0.0,0.0,-0.5902187654927202,1290.2434511890344,-0.6636595980593409,-0.7480347170444124,0.0,-4923.525021098341
0.0001339368831264972,0.008498944693980446,-0.12243698540661385,281.91187077618264,0.0,0.0,-0.5915351262349273,293.20022753271087,0.015757280367823197,0.9998758463506405,0.0,-5042.041804266567
-0.00027441492785520267,0.008495569224446956,-0.17904268009740165,282.0610760432702,0.0,0.0,-0.607491652138902,92.39036749533871,-0.03228410915943561,0.999478732287877,0.0,-5026.505562968402
0.0006771517666391385,0.008472984449704691,-0.07927134230231708,281.8137785992254,0.0,0.0,-0.5911372540264627,450.5641712669979,0.07966491372225158,0.9968216999652577,0.0,-5050.939619564016
0.005238149585285001,-0.006694160807911518,0.0912609331129797,281.1724817730614,0.0,0.0,-0.5935546057913574,1053.6217715466364,0.6162528923864706,-0.7875483303425315,0.0,-4932.386884546424
-0.007585487262414172,-0.0038354117108535257,-0.1521852190989584,281.79993902624193,0.0,0.0,-0.6113271683621441,188.80564633946096,-0.8924102661663731,-0.4512249071592383,0.0,-4683.755542676113
-0.0028470974222514923,-0.00800899720740424,0.17100950313832822,281.08281375752676,0.0,0.0,-0.5972167598533087,1335.790308492933,-0.33495263791194024,-0.9422349655769694,0.0,-5071.515559759532
-0.0034561317429468922,0.007765639276672262,0.20472858647864775,280.94798095124975,0.0,0.0,-0.6079159937258389,1453.3865200494827,-0.4066037344643402,0.913604620784972,0.0,-5057.183479110821
-0.007906740527933427,0.003119848429641259,-0.03138036111341147,281.45551173741865,0.0,0.0,-0.6396474753864846,616.2545408896315,-0.9302047679921679,0.36704099172250104,0.0,-4685.8572781517105
0.007260609935483059,-0.004419676839404063,-0.009338877102911036,281.38957732825753,0.0,0.0,-0.596861154170836,694.9866204778438,0.8541894041744775,-0.5199619811063603,0.0,-4751.453050796798
-0.003968761058025976,-0.00751657739029517,-0.040991024706956536,281.826308564679,0.0,0.0,-0.6469238100727372,581.8161576737211,-0.4669130656501148,-0.884303222387667,0.0,-4968.078971220544
-0.008117507646132565,-0.002521124672637064,0.08895752492892836,281.48286286192285,0.0,0.0,-0.6171961813951463,1048.3191502788961,-0.9550008995450077,-0.296602902663184,0.0,-4697.574897051732
-0.0016703756114664536,-0.00833425733443707,-0.021493003786794168,281.6611161380613,0.0,0.0,-0.6350929207663942,649.847442843896,-0.19651477781958276,-0.9805008628749492,0.0,-5052.241638873233
-0.004335891088458829,-0.007310954005396513,-0.1497814637074164,281.964019193461,0.0,0.0,-0.6291777164770241,196.2328151279783,-0.5101048339363329,-0.8601122359290014,0.0,-4920.323674942935
0.006902441254253147,-0.004960474244624626,-0.12359979887705283,281.5971666639859,0.0,0.0,-0.6443410252567177,285.9473070374215,0.812051912265076,-0.583585205249956,0.0,-4751.690622736178
-0.0021895472555918854,-0.008213153037386437,-0.09854854857313203,281.85908448499737,0.0,0.0,-0.6494021417938836,375.5982862810737,-0.2575937947755159,-0.9662532985160514,0.0,-5019.364137737754
-0.00010157866669722212,-0.008499393023885412,0.09336780397603375,281.2322854673416,0.0,0.0,-0.5903454399846817,1060.0218530716968,-0.011950431376143779,-0.9999285910453426,0.0,-5099.987060991283
0.00621921851945956,-0.0057940763722280405,-0.062180854479823605,281.5191550293821,0.0,0.0,-0.623952646202242,506.47969093450155,0.7316727669952423,-0.6816560437915341,0.0,-4822.765515021437
0.0037392484622824555,-0.0076333492607975366,-0.1764545802146296,281.9686721240162,0.0,0.0,-0.6433678342173418,102.85280272587458,0.43991158379793593,-0.8980410895055925,0.0,-4942.508758573262
-0.005245713771671232,0.006688234970879746,-0.14629988953309928,281.8107041351622,0.0,0.0,-0.5900005618276367,211.25949202812507,-0.6171427966672037,0.7868511730446759,0.0,-4868.16810827485
-0.008403585129582095,-0.0012766193519866042,0.1779850435662341,281.3468883137524,0.0,0.0,-0.5910334330276761,1356.8880845650135,-0.9886570740684817,-0.150190511998424,0.0,-4692.677248412748
0.007479842576489047,0.004037567959916181,-0.0072022129807043644,281.6221428354417,0.0,0.0,-0.5921915463606794,703.2955519337166,0.8799814795869466,0.4750079952842565,0.0,-4732.346041013342
-0.008494214463150091,-0.00031356124443529857,-0.005629627943450594,281.6015888230659,0.0,0.0,-0.6499634387288202,711.7544574203788,-0.999319348605893,-0.03688955816885865,0.0,-4634.0883813960045
-0.004482869043873203,0.0072217646829208825,-0.05782570948049623,281.4699155959237,0.0,0.0,-0.6102606403750264,519.6156005445375,-0.5273963581027298,0.8496193744612802,0.0,-4937.101141103721
-0.0059726880404798455,-0.006047891994001632,-0.11806471044357905,281.8978767034417,0.0,0.0,-0.6357605311430933,307.8141801871616,-0.702669181232923,-0.7115167051766625,0.0,-4826.076751644113
0.00576723577760625,-0.006244116549640825,-0.1323561676238684,281.75382132466785,0.0,0.0,-0.6487629204994985,259.06998168608067,0.6784983267772059,-0.7346019470165676,0.0,-4836.931417732913
