x,y,z,T,u,v,w,p,nx,ny,nz,qn
0.003201327103018074,-0.012341470171316128,0.205,287.3134501177673,0.0,0.0,-1.380085506586389,2461.7688969503215,0.0,0.0,1.0,-34.4662700827573
0.014698683501062643,-0.0013003196362034283,0.205,287.40133614338464,0.0,0.0,-1.3977333189856722,2465.3866409959082,0.0,0.0,1.0,-32.32975411491747
0.01743370018368012,-0.008328380261138036,0.205,287.0314197886926,0.0,0.0,-1.1724364449519122,2464.1025023132056,0.0,0.0,1.0,-27.792586864776123
0.007668108475952929,-0.011180590943797702,0.205,287.39913637990213,0.0,0.0,-1.3957558347312813,2461.6551772673783,0.0,0.0,1.0,-32.97199759705602
-5.704340501917585e-05,-0.012851644092343096,0.205,287.39868985985356,0.0,0.0,-1.382698034696827,2463.2585217410233,0.0,0.0,1.0,-33.83240253836241
-0.01863184309924337,-0.0004107882249663729,0.205,287.2841693150836,0.0,0.0,-1.22972560078713,2464.542113929806,0.0,0.0,1.0,-29.976352950535954
-0.00601992095288964,0.007441826449717635,0.205,287.69994881000946,0.0,0.0,-1.2063186848243044,2462.7317590829634,0.0,0.0,1.0,-36.78888103190707
0.0035925770410515836,-0.007938296422711502,0.205,287.69649112351914,0.0,0.0,-1.1287145218993224,2464.2886783208032,0.0,0.0,1.0,-35.05241139108228
0.0005534985001605606,0.010727034859684698,0.205,287.5294906521494,0.0,0.0,-1.2910493518941675,2462.5081540573087,0.0,0.0,1.0,-36.34511750858887
-0.00669040784922685,0.006682679956559705,0.205,287.70994801524125,0.0,0.0,-1.196624808876168,2467.6483063732003,0.0,0.0,1.0,-34.78734408949544
0.0014348828153793332,0.013327855669924154,0.205,287.3680293942355,0.0,0.0,-1.3936790496007714,2461.922403364844,0.0,0.0,1.0,-32.60312879068653
0.011528322945582026,0.00706151952575133,0.205,287.48698451219053,0.0,0.0,-1.3952728346332457,2465.4640162428104,0.0,0.0,1.0,-32.36311801219523
-0.01751103091638371,0.003093777664286974,0.205,287.23227289991615,0.0,0.0,-1.289582907561686,2465.047630296707,0.0,0.0,1.0,-30.125612043829793
0.01915170095804403,-0.0011018995999949725,0.205,287.111490788499,0.0,0.0,-1.1846094290270794,2462.954175240438,0.0,0.0,1.0,-28.86656844660191
-0.0015440748817789687,0.01747819081176186,0.205,287.06519795855377,0.0,0.0,-1.3038427214041326,2462.5285708706265,0.0,0.0,1.0,-28.903105148202922
0.01058506561244748,0.0014396732271597708,0.205,287.7661274065356,0.0,0.0,-1.2873681346544195,2464.743660833049,0.0,0.0,1.0,-36.5677958192048
0.011101316261312307,-0.010263157681172594,0.205,287.2844816824149,0.0,0.0,-1.3933232700790263,2463.998546477563,0.0,0.0,1.0,-33.17952908752737
-0.012180119773646863,0.013803348364673708,0.205,287.1269450454993,0.0,0.0,-1.2469277702762867,2463.263025591697,0.0,0.0,1.0,-30.311107620225954
-0.017001388015701332,0.010093318200747332,0.205,287.04134518956954,0.0,0.0,-1.1301684157731329,2462.647266566231,0.0,0.0,1.0,-28.149003674686092
0.010990840987551476,0.002173915295602146,0.205,287.70716336310824,0.0,0.0,-1.3178772246123374,2466.0026662953774,0.0,0.0,1.0,-36.28341509564073
-0.013038895684435578,-0.00589387230317966,0.205,287.3667195514336,0.0,0.0,-1.3999690820680208,2465.1017360452993,0.0,0.0,1.0,-31.654994877716124
-0.002710433007076269,0.018278455821741264,0.205,287.0047655241703,0.0,0.0,-1.2417751124626881,2463.3313779922146,0.0,0.0,1.0,-30.255372917116272
-0.017082373521748753,0.00763997406195242,0.205,287.15840532869544,0.0,0.0,-1.223723641989949,2463.6134432284475,0.0,0.0,1.0,-32.07074979597358
0.009219403181952503,-0.006937175006590328,0.205,287.6321893514384,0.0,0.0,-1.3349018439532079,2464.6888375861968,0.0,0.0,1.0,-34.421714426132155
0.01707802167249886,0.0068206672815107235,0.205,287.2705268147866,0.0,0.0,-1.2483396159533697,2463.264603014026,0.0,0.0,1.0,-29.46415236214547
-0.0033358509324539773,-0.01653247325398908,0.205,287.1764913294057,0.0,0.0,-1.339451684950359,2463.918024556248,0.0,0.0,1.0,-31.163384655601526
0.012696179808614268,-0.004233896292578929,0.205,287.5003407127425,0.0,0.0,-1.3933557451500598,2463.203260514697,0.0,0.0,1.0,-33.30588555333076
-0.01898091390876515,0.004746568691613767,0.205,287.1737724416208,0.0,0.0,-1.1499590850471524,2463.130316899198,0.0,0.0,1.0,-30.06666056316754
0.0002592399335548486,0.011053573594071076,0.205,287.36928734303615,0.0,0.0,-1.309751146135645,2462.3589431463784,0.0,0.0,1.0,-36.005858282592854
-0.007603435679861457,0.0053070294791029045,0.205,287.7346048778517,0.0,0.0,-1.1807274235329464,2464.070076592009,0.0,0.0,1.0,-34.399784315673685
-0.0006302441169007973,-0.01979876483467374,0.205,286.97149587930375,0.0,0.0,-1.1265362900135776,2463.2568356625125,0.0,0.0,1.0,-27.76212452704999
-0.012018238269535145,0.013953887970418723,0.205,287.0924228079953,0.0,0.0,-1.2464050006537943,2464.3555498698984,0.0,0.0,1.0,-30.065165732266763
0.011286802847101974,-0.011639285883849831,0.205,287.1701093827487,0.0,0.0,-1.3658942709801805,2466.0625461963887,0.0,0.0,1.0,-33.525500010916744
-0.007465114253893533,0.012195213905347837,0.205,287.31626587028836,0.0,0.0,-1.3999790604324207,2462.037742062751,0.0,0.0,1.0,-31.508303275436187
0.01663471749202736,0.001970603041386856,0.205,287.3198220546616,0.0,0.0,-1.3446423770560767,2462.512695378878,0.0,0.0,1.0,-29.95894121791511
-0.005815271763598257,-0.012725189198798607,0.205,287.360702784316,0.0,0.0,-1.399406297685428,2462.3247801672296,0.0,0.0,1.0,-34.07422316016362
0.017506903351659817,0.0023354370343339485,0.205,287.2483769386714,0.0,0.0,-1.2969722008937559,2460.133585293373,0.0,0.0,1.0,-29.73617919674715
1.0420703061761072e-05,-0.013507939403512276,0.205,287.3389765004892,0.0,0.0,-1.395126817569928,2459.981996960821,0.0,0.0,1.0,-33.37708452484917
0.0007905604860563711,0.014720171350345822,0.205,287.1772167674126,0.0,0.0,-1.3978631091104492,2462.507578294171,0.0,0.0,1.0,-32.00271211548195
0.015191251436469183,-0.0024753468676326326,0.205,287.4227074710185,0.0,0.0,-1.3884662823644287,2463.3207343876434,0.0,0.0,1.0,-31.262526011585543
0.00431104073256976,-0.00996113637848233,0.205,287.47802680691177,0.0,0.0,-1.2979356522559355,2468.4792648915372,0.0,0.0,1.0,-36.35980092037735
0.01803499208155,0.007855502313497562,0.205,287.086244001584,0.0,0.0,-1.1398729763551563,2463.239137411453,0.0,0.0,1.0,-28.42030265412841
0.00968036360649144,0.0013039881908593395,0.205,287.7886317369158,0.0,0.0,-1.2222039908884426,2463.4229973575348,0.0,0.0,1.0,-36.82058268730384
-0.003800676319548823,-0.008880756353050839,0.205,287.5921191931921,0.0,0.0,-1.213538263064321,2462.4418012582623,0.0,0.0,1.0,-36.22358871873495
0.010819493860268715,0.015537065176429396,0.205,287.10623703732625,0.0,0.0,-1.205909906127255,2460.11735550199,0.0,0.0,1.0,-28.995272272968318
-0.01152055877474399,-0.009689528873382657,0.205,287.2847618038167,0.0,0.0,-1.394285267349787,2464.7505158111567,0.0,0.0,1.0,-31.876451455810464
-0.017675879764589085,-0.003013772935641537,0.205,287.2225232410857,0.0,0.0,-1.2800880909322303,2461.042851902398,0.0,0.0,1.0,-30.58844533241442
-0.006758722223013118,-0.008980998613987243,0.205,287.5796438984411,0.0,0.0,-1.319821488657602,2464.108239770924,0.0,0.0,1.0,-37.06097991531234
-0.017549751906087294,-0.0011511879528682818,0.205,287.19100376368255,0.0,0.0,-1.30142363121331,2464.0240602920785,0.0,0.0,1.0,-28.972819010077266
-0.01842300412452985,0.0075751996097198245,0.205,287.1226898666757,0.0,0.0,-1.115524745529029,2463.706552878712,0.0,0.0,1.0,-27.793412770371017
-0.009372448219209118,0.007230865153173997,0.205,287.60561224098694,0.0,0.0,-1.348495396146617,2462.9358911809145,0.0,0.0,1.0,-36.73128029244741
0.018177225444532315,0.003254498823637463,0.205,287.1814958418184,0.0,0.0,-1.242675502950811,2464.5130034403487,0.0,0.0,1.0,-30.35194681721555
-0.005053595920531301,-0.01473809059726992,0.205,287.1743802202257,0.0,0.0,-1.3843350156561316,2463.036825111411,0.0,0.0,1.0,-32.917924353706205
0.002865617462085375,-0.018498931255029785,0.205,286.9797164270595,0.0,0.0,-1.2232051116991396,2460.3591051884987,0.0,0.0,1.0,-30.9202950817034
0.00646415311569251,-0.01681073782377813,0.205,287.0086997682862,0.0,0.0,-1.274835383534722,2466.831026668776,0.0,0.0,1.0,-29.72070844465989
0.00281355727843431,-0.01922774683792035,0.205,286.9676634628042,0.0,0.0,-1.1623058278369365,2466.876720409753,0.0,0.0,1.0,-27.18545557494503
0.011581097037672876,-0.010306096455320792,0.205,287.37321181442803,0.0,0.0,-1.3861095570469715,2465.4819347890925,0.0,0.0,1.0,-31.642754681396976
0.012335040403420436,0.012886315560002597,0.205,287.04940381246814,0.0,0.0,-1.2860399098055026,2463.061968901568,0.0,0.0,1.0,-30.785757620151713
-0.01324026456167784,-0.004197783164959621,0.205,287.5182490846715,0.0,0.0,-1.3988516501602302,2465.7115403213234,0.0,0.0,1.0,-32.5469109273663
-0.0029583555102791997,0.014950278759373051,0.205,287.26712716149115,0.0,0.0,-1.3913232741115003,2461.9925887991244,0.0,0.0,1.0,-31.025573176539606
-0.006270630029258102,0.012379201337344152,0.205,287.4516217799215,0.0,0.0,-1.398767364675755,2468.161320412329,0.0,0.0,1.0,-36.47489387320094
0.0022179427434522096,0.010686306528842528,0.205,287.50191226697916,0.0,0.0,-1.3015130847993932,2464.385800147672,0.0,0.0,1.0,-35.38820653759779
-0.0025996429839673443,0.014271443688739387,0.205,287.2674097539948,0.0,0.0,-1.3994187292367932,2466.332445396764,0.0,0.0,1.0,-33.27798210765705
0.013818900729310905,0.008724430247878742,0.205,287.26678632787883,0.0,0.0,-1.3612497442771685,2461.112513143931,0.0,0.0,1.0,-33.282237968206545
-0.001962191926499776,0.014926260133569133,0.205,287.234712850418,0.0,0.0,-1.3942695754673855,2465.0494344002072,0.0,0.0,1.0,-33.28993290092622
-0.00045156706981332634,0.016953914630303837,0.205,287.1376558871383,0.0,0.0,-1.3350088961405306,2462.4582575392506,0.0,0.0,1.0,-29.706488015370557
0.014960642713882323,0.004922588560956677,0.205,287.35909850465515,0.0,0.0,-1.380095964594725,2465.374142350133,0.0,0.0,1.0,-29.655562753730074
-0.007014732561845069,-0.005491640777758651,0.205,287.7123226582147,0.0,0.0,-1.1475149210815645,2465.8722811871444,0.0,0.0,1.0,-35.091220260108116
0.010274885116154766,0.007940519633848968,0.205,287.4355106814208,0.0,0.0,-1.38585099538917,2463.710146908686,0.0,0.0,1.0,-35.26845014557767
-0.018478573657984044,0.0036508141052649873,0.205,287.2776187221783,0.0,0.0,-1.213893025029761,2463.9006479370505,0.0,0.0,1.0,-30.580622318046093
-0.007311155762448741,0.010552369736736502,0.205,287.39179819904507,0.0,0.0,-1.382347047291958,2463.693047959379,0.0,0.0,1.0,-32.8764072331511
0.00434518815665369,-0.013256251713804738,0.205,287.2563935622357,0.0,0.0,-1.3992047203043303,2463.790342218408,0.0,0.0,1.0,-32.6937998353046
-0.0082316218022895,0.010927282658252872,0.205,287.3722733724667,0.0,0.0,-1.3971330312942272,2466.215171727158,0.0,0.0,1.0,-34.36876368154001
0.009027561427500191,-0.0012227105772522888,0.205,287.84389648433097,0.0,0.0,-1.1661879709809055,2461.5767048532807,0.0,0.0,1.0,-37.62570299648151
-0.01799881933565236,0.0009685208307550459,0.205,287.21094441813653,0.0,0.0,-1.2738927587229865,2462.7320153991673,0.0,0.0,1.0,-28.189236607350868
-0.013155579757090965,0.009748192108267186,0.205,287.2145799406025,0.0,0.0,-1.3600877751359968,2462.6169449460626,0.0,0.0,1.0,-29.970089524863294
0.01585483388569294,-0.0073963078930878445,0.205,287.21900097426686,0.0,0.0,-1.3068002557799645,2463.1334943544543,0.0,0.0,1.0,-28.078773724034235
-0.012015788740517551,0.0032563699067054814,0.205,287.5401323598283,0.0,0.0,-1.3713015084601774,2464.0755580663767,0.0,0.0,1.0,-36.18758797347615
-0.012680154509914015,-0.00436530182988392,0.205,287.48380235021904,0.0,0.0,-1.3937633085871315,2461.2667545262325,0.0,0.0,1.0,-32.60220627408032
0.017285668635084486,-0.008228897551573158,0.205,287.1348728644113,0.0,0.0,-1.187996813201025,2462.870920871981,0.0,0.0,1.0,-29.105454666601357
0.013122939483083983,0.009177156741127521,0.205,287.2059248867475,0.0,0.0,-1.3724778181866348,2465.7452171493574,0.0,0.0,1.0,-33.62382336680068
0.00876186561161715,-0.014151594835533602,0.205,287.1461989207445,0.0,0.0,-1.3492597664786667,2462.3543233006444,0.0,0.0,1.0,-30.285197609096414
-0.013132179998996954,0.0009978502668321113,0.205,287.5534076464077,0.0,0.0,-1.3896781645277263,2464.241547834587,0.0,0.0,1.0,-33.58980615921977
-0.003974119321346701,-0.0141925473107251,0.205,287.37270020630933,0.0,0.0,-1.3978885256665392,2465.4768786658324,0.0,0.0,1.0,-34.24031832715877
0.010465804688460615,0.003931682835408265,0.205,287.7046332066624,0.0,0.0,-1.3165876039945152,2467.02822776228,0.0,0.0,1.0,-36.748078047146436
-0.010897638702618803,-0.013156224999225192,0.205,287.17014041110195,0.0,0.0,-1.3289483088874963,2465.0162026220323,0.0,0.0,1.0,-31.585115295762655
0.011719310527059804,0.015723204811108133,0.205,286.95128550218794,0.0,0.0,-1.1457232377268465,2462.2638535834294,0.0,0.0,1.0,-28.886368200949956
0.014124114058056273,-0.0063928504402410435,0.205,287.3920830354118,0.0,0.0,-1.3860940322265443,2462.1766609911942,0.0,0.0,1.0,-33.540687072831105
0.012868091313156301,0.004406349600675947,0.205,287.4018211918794,0.0,0.0,-1.396279371078533,2463.838454568609,0.0,0.0,1.0,-34.74516926620765
0.010185824328931824,-0.011058681823263564,0.205,287.42410186091917,0.0,0.0,-1.3945491300729658,2465.6916589768143,0.0,0.0,1.0,-32.80285329137657
-0.00783558824496228,-0.007631615122430784,0.205,287.65825597846475,0.0,0.0,-1.302917380854908,2462.7435483658714,0.0,0.0,1.0,-36.223775084810576
-0.00983382865910612,0.00611306410565296,0.205,287.6339788693321,0.0,0.0,-1.3368636578143334,2464.324416760657,0.0,0.0,1.0,-35.21192002704862
-0.01964049070141511,-0.0035903106149616205,0.205,287.05515143025525,0.0,0.0,-1.1108550248400944,2462.6482368311326,0.0,0.0,1.0,-29.105616274401775
0.016458472716410454,0.010972959505794626,0.205,287.06554664399664,0.0,0.0,-1.1292660076739829,2462.052944774924,0.0,0.0,1.0,-28.87358032261152
0.002573731927842962,0.015359978664265398,0.205,287.1102479528243,0.0,0.0,-1.3844836461122565,2461.817423628017,0.0,0.0,1.0,-31.764925288335597
-0.01881779342117633,-0.0026020022791833704,0.205,287.1895340839545,0.0,0.0,-1.2005899579692039,2466.9083685974883,0.0,0.0,1.0,-30.68703381266359
2.9349970055381843e-05,-0.014830282850683106,0.205,287.25141538593255,0.0,0.0,-1.3970196890727133,2461.8757564743214,0.0,0.0,1.0,-32.24220851290847
0.01546444026751852,0.005896173699968292,0.205,287.2638072150027,0.0,0.0,-1.3531701294676983,2464.173840338897,0.0,0.0,1.0,-30.440270173750335
-0.019465440898449968,0.0029434113370280326,0.205,287.1635284691683,0.0,0.0,-1.1384148813605643,2461.6630765699133,0.0,0.0,1.0,-29.59043923875264
0.0034135685645099076,-0.014125320422024457,0.205,287.2851502567959,0.0,0.0,-1.3992965457999869,2464.4493123222114,0.0,0.0,1.0,-34.15196086801886
-0.014907336305989232,0.007712524999596396,0.205,287.2315414924575,0.0,0.0,-1.3431612682495733,2460.432271805543,0.0,0.0,1.0,-33.257851725206535
-0.006341355977993373,0.016396006558516085,0.205,287.0615558241069,0.0,0.0,-1.3018887117686795,2461.636521206565,0.0,0.0,1.0,-29.063806564281368
-0.005550152970574678,-0.01177555579334485,0.205,287.47170009468954,0.0,0.0,-1.386567056193243,2461.946306097903,0.0,0.0,1.0,-33.25073832425896
0.005243476883074728,-0.007647421269621279,0.205,287.63028349364555,0.0,0.0,-1.180728876663212,2467.113691818999,0.0,0.0,1.0,-37.30160159208384
-0.015661085990598775,-0.0005942398504216522,0.205,287.4380966359343,0.0,0.0,-1.3820957921625758,2463.1364252280455,0.0,0.0,1.0,-31.76788861634843
0.012205303829893972,0.004091811887980622,0.205,287.5291617587288,0.0,0.0,-1.3832177686663876,2466.814109945344,0.0,0.0,1.0,-32.735702118978416
0.008216106408205361,0.017995853946748484,0.205,286.98517865470734,0.0,0.0,-1.1290977224338477,2465.799589457123,0.0,0.0,1.0,-28.639631327619146
-0.0184496411454642,-0.004690815617679607,0.205,287.09773098182967,0.0,0.0,-1.1972331044958706,2464.2135129376607,0.0,0.0,1.0,-27.261228425867397
-0.012763448803907406,-0.006321113447075073,0.205,287.49637835856703,0.0,0.0,-1.399999562219706,2463.982059993542,0.0,0.0,1.0,-34.00115227777454
-0.003750182351677433,-0.015424533726084506,0.205,287.20045715776195,0.0,0.0,-1.376662882791377,2466.725342574374,0.0,0.0,1.0,-32.90166710670691
0.005340956398154149,0.00858401621284976,0.205,287.5676445825914,0.0,0.0,-1.2483127156875549,2464.6496874839486,0.0,0.0,1.0,-36.94363354496498
-0.015299668485557423,-0.005054474172933496,0.205,287.3644465788603,0.0,0.0,-1.3692852544318943,2464.57116950351,0.0,0.0,1.0,-32.58682811114267
0.01862684119848785,-0.0008356472426980028,0.205,287.1214147688578,0.0,0.0,-1.2290101628547596,2464.1080074539304,0.0,0.0,1.0,-30.43810305882632
-0.017374395177255007,-0.006840358407913951,0.205,287.1706962533063,0.0,0.0,-1.226913565030073,2463.623562617397,0.0,0.0,1.0,-29.750584640535145
0.016143120294530557,-0.008876407112560606,0.205,287.13420199810685,0.0,0.0,-1.245920432335293,2466.149234937408,0.0,0.0,1.0,-30.26717804155396
0.0033633800057042006,-0.012004598076415116,0.205,287.37279050564393,0.0,0.0,-1.3718610732635417,2462.558964059495,0.0,0.0,1.0,-33.53760021568343
0.012226358553853183,0.012886743916342574,0.205,287.1116254489476,0.0,0.0,-1.290733083755495,2463.9768986650743,0.0,0.0,1.0,-30.34311937712023
0.01586212519101991,-0.0024283381896531794,0.205,287.36617230794485,0.0,0.0,-1.3714241513867464,2464.3660402683777,0.0,0.0,1.0,-30.424491871711577
0.015765754940464314,-0.00971077090932603,0.205,287.1643581991489,0.0,0.0,-1.238910421700305,2461.4703093385847,0.0,0.0,1.0,-28.198114502051695
0.00852354556412028,-0.002419431627582326,0.205,287.80421035475564,0.0,0.0,-1.1429179243988727,2461.163544164526,0.0,0.0,1.0,-37.69761827979291
-0.01620343649101092,0.00017385950431292953,0.205,287.39590348661415,0.0,0.0,-1.366197264052579,2459.3258229797207,0.0,0.0,1.0,-30.7102310606353
0.0009178916251489078,-0.01247846993998853,0.205,287.4079859229202,0.0,0.0,-1.3732732320864482,2461.8632233827816,0.0,0.0,1.0,-33.925868191662886
0.01348486947235881,0.009648161318539109,0.205,287.28820364123015,0.0,0.0,-1.3519145431531958,2463.4455540610575,0.0,0.0,1.0,-29.14522119425997
0.019330146625170914,-0.004982980382746251,0.205,287.03046003768935,0.0,0.0,-1.1112464801915471,2464.3091960036923,0.0,0.0,1.0,-26.801473198262702
-0.006654044563098155,-0.01425668829169804,0.205,287.21540347309536,0.0,0.0,-1.3805346807230454,2465.2073710003597,0.0,0.0,1.0,-29.609398041939233
-0.01053533234388828,-0.013808944156823922,0.205,287.0247051162186,0.0,0.0,-1.313909864558163,2465.696188979032,0.0,0.0,1.0,-29.439062481315418
-0.007682475322086483,0.004246200581154487,0.205,287.8342556435312,0.0,0.0,-1.1349946405061289,2463.117423254829,0.0,0.0,1.0,-39.63681166605568
-0.011493538431177947,-0.01143120302227136,0.205,287.28927976389656,0.0,0.0,-1.3659917925509757,2462.7663966161435,0.0,0.0,1.0,-31.058447157066404
-0.018036112332814984,-0.004445318271789572,0.205,287.0579665353799,0.0,0.0,-1.2343919126862584,2466.616465564564,0.0,0.0,1.0,-30.031514580888988
0.007638161708884808,-0.018174398972594073,0.205,287.0755714730778,0.0,0.0,-1.135762611628344,2461.2964281181703,0.0,0.0,1.0,-27.045481296115522
0.012349010461640409,-0.013288176140960744,0.205,287.06640031029133,0.0,0.0,-1.266055614545801,2462.825987318722,0.0,0.0,1.0,-30.198121032364213
-0.003755514838207017,-0.019560008464364998,0.205,286.8809674341062,0.0,0.0,-1.1157587351596194,2463.4838220584998,0.0,0.0,1.0,-28.000193549081242
-0.01563601989658308,0.004094844123854309,0.205,287.33770454288185,0.0,0.0,-1.3676023732683864,2463.0265277349945,0.0,0.0,1.0,-32.61334268234818
-0.010797449076679067,-0.01496404781411565,0.205,287.08056105813944,0.0,0.0,-1.2436758084480348,2463.91074997713,0.0,0.0,1.0,-29.906267606002363
0.017487475018601154,0.009133341825893239,0.205,287.0702145870416,0.0,0.0,-1.1343399409171582,2461.4936023225773,0.0,0.0,1.0,-27.29973637377845
-0.011459713634542583,0.005793350431156779,0.205,287.495171859178,0.0,0.0,-1.3824272119183973,2459.132348421459,0.0,0.0,1.0,-35.217013384775775
0.014987264693789413,-0.0016448557471864472,0.205,287.4366791478165,0.0,0.0,-1.3939435427518723,2464.692416517402,0.0,0.0,1.0,-30.680378104217752
0.01322314390811271,-0.0019141297540110481,0.205,287.4951391237623,0.0,0.0,-1.3930052077230137,2462.9858797553857,0.0,0.0,1.0,-35.04606430638289
0.015540168159627627,-0.00459115475354437,0.205,287.39294123262965,0.0,0.0,-1.3662037243782872,2466.2325815086265,0.0,0.0,1.0,-31.739302634842538
0.007067520920675091,0.016947990032410615,0.205,286.9752778378576,0.0,0.0,-1.2503190174880148,2463.7804574103866,0.0,0.0,1.0,-26.08914273393788
-0.008952351696373163,-0.0031388607081804243,0.205,287.67164965179074,0.0,0.0,-1.1992023482528653,2460.571782598768,0.0,0.0,1.0,-34.57470380277528
-0.016025881434692305,-0.005309103624506586,0.205,287.2001375562931,0.0,0.0,-1.3386742789244754,2465.58567847457,0.0,0.0,1.0,-32.188963826698576
-0.012999161680423513,-0.002572048273707038,0.205,287.58637168777005,0.0,0.0,-1.3911708781335235,2463.8019685168833,0.0,0.0,1.0,-34.10922922578403
-0.008895753329227013,-0.004658931984342008,0.205,287.8225561205981,0.0,0.0,-1.243286121822714,2466.2662623932115,0.0,0.0,1.0,-36.07686207953979
-0.0050594120057440226,0.017773217772881794,0.205,287.07585654509387,0.0,0.0,-1.2417011383309642,2465.28603661954,0.0,0.0,1.0,-27.521970574456823
-0.009458340937759116,-0.017019390303897174,0.205,286.8947716739915,0.0,0.0,-1.1587617894347892,2461.7637776347165,0.0,0.0,1.0,-27.66522256198881
0.007034017105850285,-0.005298178237708879,0.205,287.79143443940416,0.0,0.0,-1.1377275696309477,2466.545993244311,0.0,0.0,1.0,-38.0290767476983
-0.007888988071150136,0.01616577323182489,0.205,287.0897933306549,0.0,0.0,-1.27634302960255,2463.4520887190206,0.0,0.0,1.0,-29.49158047568516
-0.01777753531582269,0.0030835179296733895,0.205,287.187324209739,0.0,0.0,-1.2726796145354342,2463.2933973888526,0.0,0.0,1.0,-30.834512187243426
-0.001846266627239406,-0.01884906590482663,0.205,287.02643272661834,0.0,0.0,-1.2053971053031347,2464.6442697845737,0.0,0.0,1.0,-28.76727185136405
-0.008856326170117581,-0.005659783175646634,0.205,287.6585528538237,0.0,0.0,-1.2762348651840885,2462.7256885804613,0.0,0.0,1.0,-37.29386717697467
-0.009967402411499838,0.012282721159046597,0.205,287.16429542385475,0.0,0.0,-1.378236825239738,2463.0883510673757,0.0,0.0,1.0,-31.616529725671302
-0.013439938304788403,0.004536680498865437,0.205,287.4526489843651,0.0,0.0,-1.3999625761556493,2466.4336860976464,0.0,0.0,1.0,-32.50157274869248
-0.014216736695111361,-0.008723236270422987,0.205,287.3115674608737,0.0,0.0,-1.3477575948638632,2463.1178208645424,0.0,0.0,1.0,-31.23229322296845
0.011660839709645494,0.0059285983903136705,0.205,287.56258257881285,0.0,0.0,-1.3879146837453848,2463.219371360535,0.0,0.0,1.0,-33.27854825109968
0.013628517630935104,0.014040273816336265,0.205,287.0419200981075,0.0,0.0,-1.1498129502510253,2462.64773429445,0.0,0.0,1.0,-27.643845145953485
-0.012586169887366912,-0.00608369014745105,0.205,287.48803227376067,0.0,0.0,-1.3993518572188066,2463.049374708835,0.0,0.0,1.0,-34.137475341279824
0.009896675243442725,-0.006118784507348139,0.205,287.5310220711026,0.0,0.0,-1.3395031974923477,2463.7905132346145,0.0,0.0,1.0,-34.828633265040246
0.01714433191426038,-0.009433535453729443,0.205,287.05001441189444,0.0,0.0,-1.149683256226959,2464.3261618421598,0.0,0.0,1.0,-30.41950963584302
-0.01643443036943455,-0.0007208343050001707,0.205,287.36817150796264,0.0,0.0,-1.357157457559647,2459.49602963258,0.0,0.0,1.0,-29.68633395726774
-0.0018114001927963656,-0.01259769620698979,0.205,287.4241855882167,0.0,0.0,-1.3794793674620203,2467.4515736489548,0.0,0.0,1.0,-32.629925334249364
-0.015350912570374544,0.0013715201494913106,0.205,287.3841526138069,0.0,0.0,-1.388049240285137,2464.460500679488,0.0,0.0,1.0,-32.34066095589975
0.015714872002973862,-0.007754245122719972,0.205,287.1884608002267,0.0,0.0,-1.3051455509419296,2463.4771102912077,0.0,0.0,1.0,-30.984535718383388
-0.005565570723571429,-0.006647856911001584,0.205,287.704077491202,0.0,0.0,-1.1244496702989184,2466.558911252896,0.0,0.0,1.0,-39.63097395741559
0.004267194645917081,-0.013254768085266544,0.205,287.33131387106175,0.0,0.0,-1.399063617369635,2464.8994856483723,0.0,0.0,1.0,-32.90525097019792
-0.0006374785181883063,-0.01770623916176414,0.205,287.10745464763454,0.0,0.0,-1.29357971150843,2465.6352248380317,0.0,0.0,1.0,-29.925941885646456
-0.019560556546144522,-0.001603949019139271,0.205,287.1639456501744,0.0,0.0,-1.1442057994845705,2460.863785981646,0.0,0.0,1.0,-29.477884964995113
-0.0033777461869894053,-0.018362900286127,0.205,287.0237265065118,0.0,0.0,-1.2270284862323109,2462.817330546255,0.0,0.0,1.0,-28.98515902689952
-0.003238549632382312,0.009075394038945835,0.205,287.65751882296655,0.0,0.0,-1.2115879762143003,2463.058086035403,0.0,0.0,1.0,-35.3004836339814
0.008095498697843722,-0.009485975419732073,0.205,287.547196508796,0.0,0.0,-1.3719851282755238,2465.148604416632,0.0,0.0,1.0,-35.114957037181966
-0.010309253252189015,-0.00602557909356387,0.205,287.5712363437302,0.0,0.0,-1.352818308918974,2467.4082836751086,0.0,0.0,1.0,-35.84655574778664
0.0008311930051465247,-0.016714197073723708,0.205,287.1849330505309,0.0,0.0,-1.3453563595243785,2466.125404290237,0.0,0.0,1.0,-30.187121647977612
0.003335873544564774,0.010266311075894262,0.205,287.5845158070601,0.0,0.0,-1.2943391112991571,2460.9607303998077,0.0,0.0,1.0,-34.714083804440946
-0.005822210087204044,0.015224123519354137,0.205,287.1301493184213,0.0,0.0,-1.3628282294881242,2465.2825909836447,0.0,0.0,1.0,-30.514832696283484
-0.015813699454510353,0.01181835987185672,0.205,287.0450142894421,0.0,0.0,-1.1330681991667129,2461.5094424927233,0.0,0.0,1.0,-27.4287782053845
-0.004087954533062232,0.008280232108411665,0.205,287.58947895255216,0.0,0.0,-1.1773670892356063,2464.5438089116024,0.0,0.0,1.0,-38.93675156073253
-0.010863990337247817,0.0027883167888270014,0.205,287.6273702357111,0.0,0.0,-1.3185408425347567,2467.518538232228,0.0,0.0,1.0,-34.64987532539215
0.011966417325038269,-0.007486002158674568,0.205,287.3795738547719,0.0,0.0,-1.3998388921425784,2465.380144467847,0.0,0.0,1.0,-33.056525151638496
0.004159947999185892,-0.016413338100990677,0.205,287.0608655589288,0.0,0.0,-1.3363272179579104,2465.6173750640232,0.0,0.0,1.0,-31.481983263994145
-0.005117711810623223,0.014173955895897988,0.205,287.31532535667725,0.0,0.0,-1.3940555340257361,2464.4006430383406,0.0,0.0,1.0,-32.25491845296589
0.0018240841959596351,0.01899687272007352,0.205,286.88733414918954,0.0,0.0,-1.1931782650865779,2464.3119457751864,0.0,0.0,1.0,-28.703079695037175
0.012792189374451366,-0.003949561271811665,0.205,287.57825177006276,0.0,0.0,-1.3934244722745546,2466.2857368195528,0.0,0.0,1.0,-34.229628943522144
0.004225132253397415,0.00939833838668826,0.205,287.5222939053917,0.0,0.0,-1.262226284762828,2466.2232804879195,0.0,0.0,1.0,-35.83995499682005
-0.0026752956623241103,-0.012089954692822055,0.205,287.3888973766394,0.0,0.0,-1.3691326606487662,2464.630947667159,0.0,0.0,1.0,-33.56789760533922
-0.016406126877169806,-0.010101501275639786,0.205,287.01804459979417,0.0,0.0,-1.1772821037130037,2466.9093010667675,0.0,0.0,1.0,-28.841411202094083
0.0051896931964704966,0.015193946154602343,0.205,287.1648550318557,0.0,0.0,-1.371141021855265,2465.3938947626216,0.0,0.0,1.0,-31.815900908953036
0.0006314910207603602,-0.014948706241682508,0.205,287.33622867422315,0.0,0.0,-1.3955131069950746,2462.1242891957045,0.0,0.0,1.0,-32.41676131101988
-0.016237043460018783,-0.008831354121582334,0.205,287.09125023384803,0.0,0.0,-1.241398269722943,2465.288858821968,0.0,0.0,1.0,-30.314941962231803
0.008431006365909318,-0.004156588749892826,0.205,287.73958905919426,0.0,0.0,-1.191823981303119,2463.7303471679147,0.0,0.0,1.0,-39.066501155269364
-0.010536921015347854,-0.006786994528236397,0.205,287.4792359432668,0.0,0.0,-1.3739265529463842,2462.222240912835,0.0,0.0,1.0,-34.53164693216883
0.007172998054017339,0.00669557006435156,0.205,287.6257186027807,0.0,0.0,-1.2257225232545321,2465.398656211743,0.0,0.0,1.0,-35.660493176775404
0.0028411970061750272,0.012814500088786448,0.205,287.34967079109293,0.0,0.0,-1.3888131304761968,2466.4128890088987,0.0,0.0,1.0,-31.78771343626336
-3.537276913594538e-05,0.01841636327056066,0.205,286.94159556231705,0.0,0.0,-1.246375676876236,2467.180668526173,0.0,0.0,1.0,-29.380595960308842
-0.008037948358314121,0.010755897623208308,0.205,287.3654317617135,0.0,0.0,-1.39401308730122,2464.9726969897815,0.0,0.0,1.0,-32.32827502622864
0.0037004673179290544,-0.011211892985547475,0.205,287.46732794258094,0.0,0.0,-1.3471719531803628,2466.359416665835,0.0,0.0,1.0,-34.68431422820733
-0.005993531668199586,0.008185100531961765,0.205,287.56106410880204,0.0,0.0,-1.2508602365419617,2463.5240338927383,0.0,0.0,1.0,-36.912532023010236
0.005134689427280046,-0.016177813385819775,0.205,287.1102220363892,0.0,0.0,-1.334374737363807,2464.8484462835336,0.0,0.0,1.0,-28.994404838371143
0.0075740420244071165,0.013299280851302178,0.205,287.23998473283024,0.0,0.0,-1.3901535190297638,2463.128403652264,0.0,0.0,1.0,-33.05533308915654
0.004815256397207231,0.01497172144726271,0.205,287.2046577694099,0.0,0.0,-1.3806931689881687,2467.198250581629,0.0,0.0,1.0,-32.34780049755273
0.013668340349523241,0.01123478895460021,0.205,287.2587212530473,0.0,0.0,-1.2950879827261084,2462.7304994760584,0.0,0.0,1.0,-28.218497325729974
-0.010365330021810618,0.016102110141477055,0.205,287.0324232924513,0.0,0.0,-1.1875239198273584,2467.6970900419983,0.0,0.0,1.0,-28.72101897510165
-0.01264868498927984,0.0053402926885114,0.205,287.52623630466263,0.0,0.0,-1.3976053288115682,2463.5824478723075,0.0,0.0,1.0,-33.47527446721062
-0.0008778333774467822,-0.018162926815745307,0.205,287.0329132216814,0.0,0.0,-1.263026816826522,2464.4661045826974,0.0,0.0,1.0,-29.870726224105745
0.014542651950369329,-0.002924997708326687,0.205,287.45185180251957,0.0,0.0,-1.3969828079547324,2463.0926242600017,0.0,0.0,1.0,-32.28906338619409
0.008044203571556087,-0.00735840999364537,0.205,287.6353923770799,0.0,0.0,-1.3008053938963726,2462.182095341084,0.0,0.0,1.0,-33.375113199886336
0.005323043942159306,0.012240609728856069,0.205,287.37004818188757,0.0,0.0,-1.3927986165579258,2464.254540206191,0.0,0.0,1.0,-35.650777166342266
0.002118966713435791,0.0171032438215497,0.205,287.0315524080021,0.0,0.0,-1.3211978493932812,2466.113767920098,0.0,0.0,1.0,-29.155966758652372
-0.005603065811635612,-0.008275348820794908,0.205,287.60567810189497,0.0,0.0,-1.239680744508281,2462.251291936528,0.0,0.0,1.0,-35.418655950124624
0.011512021716223151,0.015646615291939003,0.205,286.96647191426626,0.0,0.0,-1.1629643180637386,2461.700321184717,0.0,0.0,1.0,-29.386283850488056
0.00533525013489829,-0.011997843104441673,0.205,287.29193787149813,0.0,0.0,-1.3889109293768465,2461.984455585626,0.0,0.0,1.0,-33.14925366176826
0.006830089916796016,-0.007489465757476742,0.205,287.5991779805007,0.0,0.0,-1.2502287814319666,2463.3805380323292,0.0,0.0,1.0,-35.53423873698389
-0.005167908654889868,0.01592734096007393,0.205,287.14763519016645,0.0,0.0,-1.3449190791183228,2463.3908626982325,0.0,0.0,1.0,-30.91864780351319
0.0009008629398075032,-0.017018272262815805,0.205,287.07687830027334,0.0,0.0,-1.3310077484801497,2462.3075422429697,0.0,0.0,1.0,-30.36383336622157
0.0001305705454077807,-0.017232388559792807,0.205,287.085511902305,0.0,0.0,-1.3212571489849991,2463.225623874271,0.0,0.0,1.0,-30.694544030200213
0.013299191587543144,0.0013584796139219125,0.205,287.5631060663384,0.0,0.0,-1.393121598850731,2462.1848289859877,0.0,0.0,1.0,-33.18319424528196
-0.017764934239274267,0.004022834923901067,0.205,287.24985446613584,0.0,0.0,-1.2608881697447656,2463.4250987422997,0.0,0.0,1.0,-29.534217146885606
0.014904058734410176,-0.013085542545602796,0.205,287.04661803140016,0.0,0.0,-1.1241133007788278,2464.9933487104336,0.0,0.0,1.0,-27.246710805399605
0.009204000238678489,0.008642589185741506,0.205,287.58213094560625,0.0,0.0,-1.3766504692376849,2465.9295434105024,0.0,0.0,1.0,-34.503070937696144
0.0014328495740796284,0.008515296119823806,0.205,287.7248195786855,0.0,0.0,-1.120978769445538,2465.5124610203266,0.0,0.0,1.0,-36.93326898088943
0.013965029255833167,0.01174084397454194,0.205,287.04351691473187,0.0,0.0,-1.2587757609168833,2463.1551101222103,0.0,0.0,1.0,-30.231628814094666
-0.004404313317457803,-0.016402309558164664,0.205,287.15599277076564,0.0,0.0,-1.3338811968754982,2463.003442815593,0.0,0.0,1.0,-31.78433953451616
-0.013064393556476091,-0.013859660523939436,0.205,287.03461395680984,0.0,0.0,-1.1963967486324998,2460.1759433882016,0.0,0.0,1.0,-29.36494746256492
-0.011910159651797174,-0.002824732002825962,0.205,287.55885312743897,0.0,0.0,-1.3642649879820488,2466.2336308456834,0.0,0.0,1.0,-35.26640216837558
0.002569933741689739,0.014994198664511174,0.205,287.2635784521661,0.0,0.0,-1.3917955697462974,2465.3335929817367,0.0,0.0,1.0,-31.25277843239181
-0.015489799658309003,0.00859617116331552,0.205,287.18465031709513,0.0,0.0,-1.2937342254394189,2462.8614160638404,0.0,0.0,1.0,-30.641931170147796
-0.007199662900701653,0.007627829341581046,0.205,287.5918205732826,0.0,0.0,-1.2748163984324334,2464.113617841941,0.0,0.0,1.0,-36.71877237738193
0.0033607462096795367,0.013246676779677818,0.205,287.3580823588272,0.0,0.0,-1.39698528013711,2464.4506658793657,0.0,0.0,1.0,-33.00291105471419
-0.01211237783078824,0.013229394220648854,0.205,287.09566672138334,0.0,0.0,-1.2797117600195707,2462.2312684089607,0.0,0.0,1.0,-29.239896194311374
-0.01159813962178609,-0.01249523153066934,0.205,287.0531283622965,0.0,0.0,-1.330696433146164,2460.57546316989,0.0,0.0,1.0,-31.454610907818402
-0.0037082102587471205,-0.013233136647589249,0.205,287.3207364754704,0.0,0.0,-1.3977240565303901,2459.3297012431663,0.0,0.0,1.0,-34.34987197420393
-0.00523128692894967,-0.010946313117014026,0.205,287.4453952284987,0.0,0.0,-1.3603041831299874,2465.1451598699946,0.0,0.0,1.0,-35.59745683980721
0.011618564293664275,0.004766764472151931,0.205,287.49676963848646,0.0,0.0,-1.3746755076920476,2467.293891590809,0.0,0.0,1.0,-34.73439680009626
0.005291537467333447,0.007444894694310533,0.205,287.6197603283032,0.0,0.0,-1.1683518717279946,2465.860482913604,0.0,0.0,1.0,-38.08442297911537
-0.006152011906510246,-0.01249485984449877,0.205,287.3473624159772,0.0,0.0,-1.3990782254531473,2464.840757044425,0.0,0.0,1.0,-33.34334044493597
-0.011942703476092383,-0.009222571172174805,0.205,287.29848331387416,0.0,0.0,-1.3937673811730524,2463.4415646821776,0.0,0.0,1.0,-32.421682866224344
-0.018739183773029938,-0.004280355452893282,0.205,287.10883820191515,0.0,0.0,-1.1812390389554122,2462.500510129888,0.0,0.0,1.0,-28.87662608836735
-0.006634196313951834,-0.011442163005484866,0.205,287.39873150360637,0.0,0.0,-1.390726078722203,2462.690809829973,0.0,0.0,1.0,-37.11464212324628
-0.004951163780139872,-0.01325959695225867,0.205,287.30975999006307,0.0,0.0,-1.3999181519851158,2462.8602062177592,0.0,0.0,1.0,-34.46921477370722
-0.0011942625617261775,-0.017373339498086095,0.205,287.03948172274625,0.0,0.0,-1.3113855540426105,2462.97182207257,0.0,0.0,1.0,-30.443281633470896
0.01507913713429813,0.011974175991045465,0.205,286.9997644750227,0.0,0.0,-1.1782952864231344,2463.920615999752,0.0,0.0,1.0,-28.18428379809682
-0.009631917684136862,0.002320142950804431,0.205,287.77122931844576,0.0,0.0,-1.233108203591597,2462.9626487605337,0.0,0.0,1.0,-38.597092851174516
0.016274758168998794,-0.01065598345083082,0.205,287.04256728604423,0.0,0.0,-1.160425843900364,2461.8322324966334,0.0,0.0,1.0,-28.60359995352443
-0.000927101043884581,0.0119133553931491,0.205,287.47380118444363,0.0,0.0,-1.3531585363299417,2464.6263326964636,0.0,0.0,1.0,-38.14363543526959
-0.011422891675388484,-0.006910860031897709,0.205,287.3387345537045,0.0,0.0,-1.3928434683131512,2466.4836777222617,0.0,0.0,1.0,-33.163527729984295
-0.0035314435933445033,0.010022287080089046,0.205,287.50437187822166,0.0,0.0,-1.2837873311070649,2461.533033529548,0.0,0.0,1.0,-36.51568625467833
-0.01470523699632081,0.007718758633106899,0.205,287.2629976712553,0.0,0.0,-1.350796132491555,2467.444414403361,0.0,0.0,1.0,-33.08891743195166
0.007234033937909316,0.011645035882675998,0.205,287.40111008958445,0.0,0.0,-1.3974102990647104,2465.7921598277135,0.0,0.0,1.0,-33.918895968638324
0.011408415622571857,0.007799436448245252,0.205,287.40451169482077,0.0,0.0,-1.39836110601846,2462.6033043449283,0.0,0.0,1.0,-33.849045790251054
-0.016944261028475707,-0.010164374887182125,0.205,286.93800550625247,0.0,0.0,-1.1314026013252458,2465.8747417028108,0.0,0.0,1.0,-31.909285804527123
0.01345112837781265,-0.009443320722848885,0.205,287.1859205023366,0.0,0.0,-1.357748635405635,2462.049036173341,0.0,0.0,1.0,-31.48866286617251
-0.005641415149096955,-0.011704829925953257,0.205,287.4251221986379,0.0,0.0,-1.386025754893271,2463.3596001512938,0.0,0.0,1.0,-34.764416974664016
-0.001119756946574697,0.010993446274762743,0.205,287.5267078385173,0.0,0.0,-1.3093954618839143,2465.670040644422,0.0,0.0,1.0,-36.51058759029055
-0.009177930199332775,0.01410724454149143,0.205,287.19433923287505,0.0,0.0,-1.3410916908897328,2464.7509321930784,0.0,0.0,1.0,-32.92427718516943
-0.018551781699657252,0.0016308795719152179,0.205,287.1603171733289,0.0,0.0,-1.2307366719488497,2462.0350641736673,0.0,0.0,1.0,-29.297861719461405
-0.009151478759809487,-0.008966724194051963,0.205,287.39814591497156,0.0,0.0,-1.3817041088009225,2461.8112605897027,0.0,0.0,1.0,-34.47494185200042
-0.006118055060427128,-0.0069166990789272425,0.205,287.6499153320181,0.0,0.0,-1.177356071042179,2464.4716130525862,0.0,0.0,1.0,-38.55689862172766
0.006386323292509264,0.009079537987816355,0.205,287.59916861149514,0.0,0.0,-1.3122197975746044,2460.244477073278,0.0,0.0,1.0,-36.06095413290399
-0.005522511906353242,0.010047954812193631,0.205,287.5254711131957,0.0,0.0,-1.3313867485666648,2461.532533175689,0.0,0.0,1.0,-34.795298466946235
0.01221076332461134,-0.010619364383104336,0.205,287.23004455907073,0.0,0.0,-1.3669491765259651,2465.652446423928,0.0,0.0,1.0,-30.401283607437357
-0.0045163668358236325,-0.015129241472013708,0.205,287.263548634842,0.0,0.0,-1.3790396791603545,2461.8494049936003,0.0,0.0,1.0,-32.82340388765197
0.010146967848961312,-0.016124489199941097,0.205,287.0658921109846,0.0,0.0,-1.1959697015423505,2463.5452898628346,0.0,0.0,1.0,-31.19855478019814
0.008675147019703332,0.0024997993950315483,0.205,287.82301780174254,0.0,0.0,-1.1586816421742958,2459.257225901093,0.0,0.0,1.0,-37.887395365115665
-0.0011056046871465656,0.01685865124290446,0.205,287.0608044315444,0.0,0.0,-1.3380921321709187,2459.850756469095,0.0,0.0,1.0,-29.77525120016522
-0.017891399213885346,0.0012725001085381745,0.205,287.20516916656715,0.0,0.0,-1.2797211201949956,2466.8385811761414,0.0,0.0,1.0,-29.36472759234848
-0.010987249582006602,-0.013376962362528095,0.205,287.22085870782774,0.0,0.0,-1.3170912882080232,2465.1930962526967,0.0,0.0,1.0,-30.68800738865771
0.006900069241758464,-0.0095539192139692,0.205,287.45672954518204,0.0,0.0,-1.3462298755983242,2463.247469492187,0.0,0.0,1.0,-35.43673450163951
0.003122575573750581,0.014720769066607778,0.205,287.25949363837964,0.0,0.0,-1.3943600187541658,2465.0250949332285,0.0,0.0,1.0,-33.85220609513106
-0.005995864747281778,0.015063211599761239,0.205,287.20627970186626,0.0,0.0,-1.3659094391812177,2463.4559140997408,0.0,0.0,1.0,-32.27849646719397
0.0016098135827233512,0.0168204566191888,0.205,287.1894819726942,0.0,0.0,-1.3379774046022954,2463.8964809980557,0.0,0.0,1.0,-29.174846143176243
0.008997599929309355,-0.007205557519933798,0.205,287.5435667006007,0.0,0.0,-1.334391083130733,2459.292264427019,0.0,0.0,1.0,-35.540700408343994
-0.00099946924497912,-0.011607468910589523,0.205,287.411253544551,0.0,0.0,-1.340193940111249,2467.697435149735,0.0,0.0,1.0,-33.60853415004389
0.0015834524471122274,-0.01073185160833761,0.205,287.51838667546616,0.0,0.0,-1.2975770758781575,2458.6270733634865,0.0,0.0,1.0,-33.39615120340352
0.013102884986970459,-0.013140204957752,0.205,286.9784312540387,0.0,0.0,-1.2358560147303779,2462.903870348511,0.0,0.0,1.0,-31.18721273163196
0.0032317404688085105,-0.011089198485300104,0.205,287.53220855300077,0.0,0.0,-1.3355089487232057,2462.389258559267,0.0,0.0,1.0,-37.264143011479035
0.015817517628799523,-0.005218800664612472,0.205,287.27982768299864,0.0,0.0,-1.3487598774556275,2464.771818158255,0.0,0.0,1.0,-31.00208465729461
0.012207395049814627,0.009792829442679864,0.205,287.31159754483787,0.0,0.0,-1.3826561625193725,2461.267865914219,0.0,0.0,1.0,-32.12695005939757
0.013113160559965475,0.009680329840742475,0.205,287.21651134056407,0.0,0.0,-1.3628374666341654,2469.125041431899,0.0,0.0,1.0,-31.284344993243504
-0.008189139020728922,-0.009166356357696095,0.205,287.5784326448756,0.0,0.0,-1.3660586123370502,2462.6900966539697,0.0,0.0,1.0,-34.749775874784724
-0.005363024848622249,-0.008504082426612582,0.205,287.54375844651435,0.0,0.0,-1.2441794805470408,2461.460663612875,0.0,0.0,1.0,-37.172228827831425
0.012119675838019496,0.009137508417042091,0.205,287.34089400393833,0.0,0.0,-1.3923737765459623,2465.044278648882,0.0,0.0,1.0,-28.557888214303574
-0.018297290412204122,-0.0023901612089930573,0.205,287.19399342725313,0.0,0.0,-1.243683722917209,2464.485209012228,0.0,0.0,1.0,-31.139748344419168
0.0013897256907704633,0.008948708529019507,0.205,287.7177413343153,0.0,0.0,-1.1612483690362354,2459.4927140112436,0.0,0.0,1.0,-36.295335790002945
0.0098156058197004,0.0008757157027031278,0.205,287.7680962731445,0.0,0.0,-1.2290233122094836,2467.2700213658713,0.0,0.0,1.0,-36.1187896129143
0.0037432624539735495,0.012526433011943507,0.205,287.380810534025,0.0,0.0,-1.387756065547361,2464.050359151537,0.0,0.0,1.0,-35.04354170588092
0.012155401077108169,0.015511167889407153,0.205,286.9310612218571,0.0,0.0,-1.1364985830646224,2464.0397945775667,0.0,0.0,1.0,-29.106852906297068
0.018776142557679166,-0.0019125536643964133,0.205,287.16982386636886,0.0,0.0,-1.2108342641997267,2466.539550640254,0.0,0.0,1.0,-30.088558530180315
-0.002178831054284713,0.00859401915746293,0.205,287.57080409050053,0.0,0.0,-1.1434557682603408,2464.32832070468,0.0,0.0,1.0,-36.19830216540955
0.016031287707927992,-0.007751334653632404,0.205,287.12516010831365,0.0,0.0,-1.2880356414731322,2465.000531992975,0.0,0.0,1.0,-27.26513572822272
0.013663321772744928,-0.011614011041152238,0.205,287.15976185020224,0.0,0.0,-1.279993492903283,2462.045533119312,0.0,0.0,1.0,-31.321656154284508
0.011852032862758984,0.005211349769215226,0.205,287.4610615238778,0.0,0.0,-1.3849781492224682,2462.5941200059683,0.0,0.0,1.0,-33.335915927585674
0.013142238546019135,-4.501390236072246e-05,0.205,287.5190919519308,0.0,0.0,-1.3891414787973004,2460.099096878926,0.0,0.0,1.0,-36.430212597128275
0.01516010866696659,0.001396357940017554,0.205,287.33386820542836,0.0,0.0,-1.3915994743123334,2462.71969718504,0.0,0.0,1.0,-32.333814360495275
-0.010018012370203888,-0.0008385321466928502,0.205,287.8172962544539,0.0,0.0,-1.2441139268360955,2461.949415975054,0.0,0.0,1.0,-35.09989004001882
-0.001893933609413398,0.01736960350233044,0.205,287.06946142059184,0.0,0.0,-1.3080950749137437,2465.3847780495576,0.0,0.0,1.0,-30.1873123771116
0.0037976450427976874,0.016290102207025887,0.205,287.1495105887759,0.0,0.0,-1.3457050682790377,2463.6023151126305,0.0,0.0,1.0,-32.08495580409896
-0.011387663976124524,-0.002957238462768874,0.205,287.6470916229922,0.0,0.0,-1.3453665244497164,2465.7724099976776,0.0,0.0,1.0,-36.16047215635561
-0.018219285863978408,0.002817315851522499,0.205,287.20387758278304,0.0,0.0,-1.244939642161489,2463.2226397218146,0.0,0.0,1.0,-30.832584267275983
2.416932281014241e-05,0.018116166666127403,0.205,286.9673031422909,0.0,0.0,-1.2677171940021783,2465.207461427349,0.0,0.0,1.0,-28.902071461650692
-0.009117679126924716,-0.0004900666739193928,0.205,287.751358098505,0.0,0.0,-1.1680811493804415,2464.6299396683,0.0,0.0,1.0,-38.28293438720506
0.006889823450600919,0.015730731461797813,0.205,287.1275654116606,0.0,0.0,-1.324366472527055,2466.405132036626,0.0,0.0,1.0,-30.04073185244924
-0.01351129309670801,0.007387331613529774,0.205,287.29586400331334,0.0,0.0,-1.3883173307984353,2465.4471046363738,0.0,0.0,1.0,-30.435371451505016
-0.01381480507728648,0.0026576993899080957,0.205,287.35203880221,0.0,0.0,-1.399707265626225,2465.424679539987,0.0,0.0,1.0,-33.65947767180307
-0.009555435485175656,0.0036962721180498065,0.205,287.69628762914806,0.0,0.0,-1.2580775638977812,2464.3928597714034,0.0,0.0,1.0,-37.66677975932827
-0.014855969054167096,0.00926492980137438,0.205,287.2303491496518,0.0,0.0,-1.3060478221264975,2464.7275010753356,0.0,0.0,1.0,-32.17431366655981
0.0032363623639926247,-0.010520397901797192,0.205,287.5257050894131,0.0,0.0,-1.3069218884981066,2465.165574203248,0.0,0.0,1.0,-35.51556901450686
0.011349321732581873,0.013100023554278478,0.205,287.1636996175489,0.0,0.0,-1.315906505761988,2463.8866454587437,0.0,0.0,1.0,-30.674869920875054
0.0022222008201203246,-0.012805679401781844,0.205,287.3908877100471,0.0,0.0,-1.3861069273522983,2460.8399718910227,0.0,0.0,1.0,-32.89539071540425
0.012689679999767715,-0.002972928423505082,0.205,287.5733690821922,0.0,0.0,-1.3868984457465032,2460.468455937522,0.0,0.0,1.0,-34.201397250182076
0.011972282671624767,0.004957176062281613,0.205,287.55348239386007,0.0,0.0,-1.3852266268276783,2469.74819341204,0.0,0.0,1.0,-35.13027376390955
0.0013391276999673177,0.011867542590240275,0.205,287.3487197419805,0.0,0.0,-1.352892754570417,2466.545632015756,0.0,0.0,1.0,-34.938571080392826
-0.005451513125981193,-0.016284935418749584,0.205,287.11171618632903,0.0,0.0,-1.3243777145384847,2462.561326612558,0.0,0.0,1.0,-30.482639750356377
-0.008007693004766444,0.010528064603817451,0.205,287.38163854145904,0.0,0.0,-1.3907449981241227,2463.3700643533293,0.0,0.0,1.0,-33.80254599815456
0.011787372053204296,0.005443081905555857,0.205,287.44352013656845,0.0,0.0,-1.3858028352441247,2461.743001303097,0.0,0.0,1.0,-32.25716504676473
0.01303104460270447,0.012454734030720655,0.205,287.0905680205413,0.0,0.0,-1.2738316036226212,2464.8232974347184,0.0,0.0,1.0,-30.385274208097027
-0.00872443960787281,-0.014734576703965973,0.205,287.13798093711137,0.0,0.0,-1.3269124318618895,2463.629500646124,0.0,0.0,1.0,-31.812308630437755
-0.0024096887440529465,0.01584077292578286,0.205,287.187355070546,0.0,0.0,-1.3721799110096669,2463.9737006604596,0.0,0.0,1.0,-33.182066961583104
0.004387984411527873,-0.019236887728424256,0.205,286.95512838227734,0.0,0.0,-1.1341370510765887,2464.7186952215025,0.0,0.0,1.0,-27.47301827062895
-0.005856676867976178,-0.01265461437602091,0.205,287.382702458844,0.0,0.0,-1.399172260822703,2461.33870061693,0.0,0.0,1.0,-33.84576562448374
-0.0009163298212404662,0.012962949441890678,0.205,287.3186427159852,0.0,0.0,-1.3860677523502136,2462.6152099158794,0.0,0.0,1.0,-33.85229647907853
0.014554438619392691,-0.013552147523159789,0.205,287.11554085615427,0.0,0.0,-1.1187884084549813,2464.30654721112,0.0,0.0,1.0,-27.985682318508278
-0.012137450909249224,0.007005524334136253,0.205,287.38508763166556,0.0,0.0,-1.3995075262458232,2464.7840740091874,0.0,0.0,1.0,-34.4672173639124
0.002806799513986835,-0.009353238432767077,0.205,287.6151903044396,0.0,0.0,-1.2220064156901884,2464.2731333282754,0.0,0.0,1.0,-34.52495586847132
0.0070352519850707665,-0.01742862888341258,0.205,286.9877618696768,0.0,0.0,-1.2171876016886232,2464.769056017364,0.0,0.0,1.0,-28.753155491922644
-0.010621049106282832,-0.012384675076334947,0.205,287.25280593184084,0.0,0.0,-1.3622534581490304,2461.729823259169,0.0,0.0,1.0,-28.832410233368705
0.01368769057600354,0.0014305836948832295,0.205,287.4662158666403,0.0,0.0,-1.3978945811975638,2464.1185494973124,0.0,0.0,1.0,-34.73031001733138
0.016068311141547234,-0.0022841547280786673,0.205,287.33316740192134,0.0,0.0,-1.3653101360539466,2466.300251945537,0.0,0.0,1.0,-32.522025519805894
0.0066802410632712346,0.012154865283981499,0.205,287.41529399311037,0.0,0.0,-1.3987195193795225,2464.0375790621038,0.0,0.0,1.0,-33.20624802424288
-0.012962955993534878,-0.012444409002472498,0.205,287.1608191206903,0.0,0.0,-1.277566927684533,2466.6336666948546,0.0,0.0,1.0,-29.294914668183303
-0.0016789147830155162,0.01758424313949042,0.205,287.04968626638333,0.0,0.0,-1.296838077046337,2461.3584456097515,0.0,0.0,1.0,-30.718612664451992
0.011457240216651473,-0.006604063153825225,0.205,287.5311155072688,0.0,0.0,-1.390689290677434,2464.7765887975984,0.0,0.0,1.0,-36.13382402407514
-0.00596556118076116,0.007568741969414092,0.205,287.69444056795044,0.0,0.0,-1.2116845542709287,2463.561804708973,0.0,0.0,1.0,-37.458965198271294
-0.010026356503862605,-0.016029621912163936,0.205,287.0570394128036,0.0,0.0,-1.2080620959714006,2465.628771901259,0.0,0.0,1.0,-28.554824272560307
-0.009963705203707141,-0.017125248054741454,0.205,287.04849414716415,0.0,0.0,-1.1261357336691842,2461.5929360400737,0.0,0.0,1.0,-26.586812722784085
0.0055319562382011266,-0.011134263696058811,0.205,287.4846719263106,0.0,0.0,-1.370775510538648,2464.2870298790267,0.0,0.0,1.0,-36.18866076626432
-0.0031016014920396155,-0.009045381458824338,0.205,287.5406293559138,0.0,0.0,-1.2055330120263057,2463.023537641679,0.0,0.0,1.0,-33.89298537140985
-0.013091629305400337,0.011744615386359344,0.205,287.1438703097923,0.0,0.0,-1.3014106612905265,2464.8120507137346,0.0,0.0,1.0,-30.571828947095412
0.010793225595849896,-0.007571765337246011,0.205,287.43469487364354,0.0,0.0,-1.3899487178176206,2465.906701349557,0.0,0.0,1.0,-33.171302764195964
-0.0070172091300527185,0.012133681431236604,0.205,287.2498088836077,0.0,0.0,-1.3995182461496993,2462.111079922808,0.0,0.0,1.0,-34.18641174808706
0.019678416418762067,0.0007423712422770343,0.205,287.1130692905931,0.0,0.0,-1.1378669031552917,2465.580456888154,0.0,0.0,1.0,-27.67626237109128
-0.0038968457821011585,0.011947739489476129,0.205,287.40327227049266,0.0,0.0,-1.374937951032315,2464.4772299041974,0.0,0.0,1.0,-34.28722102171785
0.0033841426029001176,0.018414102967547072,0.205,286.96791018850337,0.0,0.0,-1.2229739121375582,2464.356049769057,0.0,0.0,1.0,-27.2747328652584
0.005363006210889954,-0.01752016402132939,0.205,287.04217424133554,0.0,0.0,-1.2532142273459699,2462.256359589544,0.0,0.0,1.0,-29.697602558439673
0.017314615821296786,-0.0008408297002460189,0.205,287.28006654480316,0.0,0.0,-1.3157723705896778,2460.888877784546,0.0,0.0,1.0,-29.12484477500072
0.018272753240144806,-0.007655490370909102,0.205,287.16803472290746,0.0,0.0,-1.126258717205783,2462.2131204342563,0.0,0.0,1.0,-27.907231851480024
0.009766643136630627,-0.0029554972968773986,0.205,287.66372407217955,0.0,0.0,-1.255128359217715,2464.7183268645704,0.0,0.0,1.0,-37.15175810064329
-0.015252839959841636,-0.0038661469074669644,0.205,287.2712581163238,0.0,0.0,-1.3804789608215662,2461.9340267392754,0.0,0.0,1.0,-32.033064646574545
-0.013651125025479625,-0.009957565589198492,0.205,287.2396616347317,0.0,0.0,-1.3379953363952122,2461.746352549185,0.0,0.0,1.0,-30.11204446972531
0.00877133688283095,0.004348375872054145,0.205,287.6354931187852,0.0,0.0,-1.223963733625394,2462.6896162842313,0.0,0.0,1.0,-37.34738580530966
-0.017604316228003583,-0.005707180471544186,0.205,287.16492675077285,0.0,0.0,-1.2396728548748979,2462.1047249064354,0.0,0.0,1.0,-28.192747558327536
-0.014825754205681873,0.009133421357969544,0.205,287.2170069339413,0.0,0.0,-1.3114447482221105,2464.091002328705,0.0,0.0,1.0,-31.035091982689238
-0.008548065510717765,0.005129776942667086,0.205,287.6804299757011,0.0,0.0,-1.2378198113221806,2463.1856634428127,0.0,0.0,1.0,-41.00649590581403
-0.0030897192232230792,-0.00934738069589111,0.205,287.6143066080863,0.0,0.0,-1.2282598415867958,2463.748627130925,0.0,0.0,1.0,-36.61579991189883
-0.01086669671053924,0.010412112384544103,0.205,287.37326090465376,0.0,0.0,-1.3943385620977187,2465.5259741135765,0.0,0.0,1.0,-31.656516432638988
-0.015878907279896357,-0.00569142876960894,0.205,287.22781946287336,0.0,0.0,-1.3393398026564325,2459.7035075091976,0.0,0.0,1.0,-28.955451848499948
-0.011059861140705902,-0.00026612296087028155,0.205,287.6833857285839,0.0,0.0,-1.3101153048215977,2465.1285700837634,0.0,0.0,1.0,-35.855515744945656
-0.004754103282231863,0.01187663115084601,0.205,287.3847238823921,0.0,0.0,-1.3812079636687384,2464.16548519654,0.0,0.0,1.0,-34.01481549402963
-0.009147165661903418,-0.011303781980153204,0.205,287.3682902988342,0.0,0.0,-1.3992496163743873,2461.8979324671777,0.0,0.0,1.0,-35.3181574512121
0.01395229218301709,-0.005176290468788118,0.205,287.37382684849274,0.0,0.0,-1.3964702012731516,2463.328535099497,0.0,0.0,1.0,-33.65892978870633
0.004490544007792893,-0.008683156749087277,0.205,287.50953247771133,0.0,0.0,-1.222821989309122,2465.0188788728196,0.0,0.0,1.0,-37.40383321239961
-0.010645039558358976,-0.011055598022141842,0.205,287.2889136515405,0.0,0.0,-1.3893419051173894,2465.069013388799,0.0,0.0,1.0,-32.61512131302628
-0.009448441138476258,0.014014561070490565,0.205,287.2239171846474,0.0,0.0,-1.3377530314708732,2462.991834975644,0.0,0.0,1.0,-31.92538273029102
0.009668073741102696,-0.01641828759579551,0.205,286.988221454711,0.0,0.0,-1.1958097368101432,2463.2230130930284,0.0,0.0,1.0,-30.816090609949114
-0.002372595000992036,0.014346136743660453,0.205,287.22867961555517,0.0,0.0,-1.3992505518411187,2464.6743878875595,0.0,0.0,1.0,-32.02625023233891
-0.0052663138555197565,0.01504387781170757,0.205,287.2135796765873,0.0,0.0,-1.3747531258808734,2459.9453220206174,0.0,0.0,1.0,-32.98115588333529
0.011378267284619291,-0.013973924012622247,0.205,287.1240787948787,0.0,0.0,-1.2741891847543787,2461.369898364236,0.0,0.0,1.0,-30.02692553330779
-0.003445459824331571,-0.015140603028062851,0.205,287.2264106138506,0.0,0.0,-1.385552677646038,2464.065381576965,0.0,0.0,1.0,-30.786650829870574
0.002428993565580514,-0.01878125223767547,0.205,286.9762825918054,0.0,0.0,-1.2055297444240396,2466.7674374751828,0.0,0.0,1.0,-30.41918846083419
-0.0033495872710767806,-0.010825642674093838,0.205,287.43027188155867,0.0,0.0,-1.324645611778661,2465.892489234356,0.0,0.0,1.0,-37.784302777491874
-0.005501878972765698,-0.016987097203559703,0.205,287.0742549934779,0.0,0.0,-1.2849307979314797,2462.992645304584,0.0,0.0,1.0,-30.286760675154696
-0.009916615922347626,-0.0020294053567487098,0.205,287.6717387605426,0.0,0.0,-1.2492045828639753,2462.816981740755,0.0,0.0,1.0,-37.83209538286069
-0.012512654546920339,0.006120950994149164,0.205,287.5111549770979,0.0,0.0,-1.3990912601739909,2462.2209988244213,0.0,0.0,1.0,-33.33148222985043
0.006100851942658199,0.0159563046080879,0.205,287.0775472831028,0.0,0.0,-1.3289787410069913,2462.6682334479774,0.0,0.0,1.0,-30.457523007099343
0.01678580625980413,-0.008883516073554702,0.205,287.04657867870293,0.0,0.0,-1.2010311985116695,2465.727915019331,0.0,0.0,1.0,-28.001354965953453
0.007321493129740024,0.014060184663153515,0.205,287.3208147126772,0.0,0.0,-1.377281171655787,2465.2199808669816,0.0,0.0,1.0,-32.07337414503107
0.007956574948148882,0.01442517444336136,0.205,287.19216215701425,0.0,0.0,-1.3562267303004105,2464.6468364666166,0.0,0.0,1.0,-32.59671328832606
-0.008099632031406826,0.013822913919495115,0.205,287.1721912483294,0.0,0.0,-1.372238344893154,2466.9366770771394,0.0,0.0,1.0,-29.91763303283567
0.0008618674398185224,0.010713816097126603,0.205,287.46196305133606,0.0,0.0,-1.29149115467369,2464.1873410543803,0.0,0.0,1.0,-37.32476252909921
0.0006212697988186491,-0.014123962834301028,0.205,287.194643817204,0.0,0.0,-1.3998882324178379,2464.1179294027625,0.0,0.0,1.0,-32.116824677311364
0.0009650364313830515,0.013937243772019802,0.205,287.32750629747,0.0,0.0,-1.3993092076868165,2459.158200910467,0.0,0.0,1.0,-32.645836755963835
-0.018128631473473263,0.0024977405562321272,0.205,287.10881795337406,0.0,0.0,-1.2548472850771033,2464.4610793367597,0.0,0.0,1.0,-32.02986035984689
-0.0131458132186295,-0.0003921197858579924,0.205,287.62612753457233,0.0,0.0,-1.389323911571569,2465.8561252847367,0.0,0.0,1.0,-31.993627938147398
0.007205356092305007,0.006546833491003608,0.205,287.7022833933307,0.0,0.0,-1.219625355909204,2464.392800567784,0.0,0.0,1.0,-37.568144545912325
0.011244839871050764,-0.0023591123527457927,0.205,287.57483100936395,0.0,0.0,-1.332567388243445,2465.5936776122567,0.0,0.0,1.0,-36.696457792658705
-0.008575217991996217,0.009216635228890973,0.205,287.4792373819476,0.0,0.0,-1.3755812498048912,2462.905608074918,0.0,0.0,1.0,-33.53199254866371
-0.007200760144212515,0.013329889840490347,0.205,287.3003584941409,0.0,0.0,-1.3928239989051006,2461.6842353486586,0.0,0.0,1.0,-31.305560542165942
0.0007501388403395313,0.019455148603770504,0.205,286.9768170556921,0.0,0.0,-1.1588907373452766,2464.8379971841264,0.0,0.0,1.0,-27.54933845268861
-0.01088243870477733,0.007004329882413582,0.205,287.511451625859,0.0,0.0,-1.384852525709736,2462.0398475003717,0.0,0.0,1.0,-30.525762456068094
0.010376369486815662,0.014550905990779675,0.205,287.0641904258513,0.0,0.0,-1.2839179036353876,2461.8969275813824,0.0,0.0,1.0,-29.679890952641475
0.005777698859164268,-0.016991766192264765,0.205,287.14082971485004,0.0,0.0,-1.2790282138415006,2468.764522817472,0.0,0.0,1.0,-29.18856417276783
0.003017332351760188,0.01289962809787744,0.205,287.3807852934054,0.0,0.0,-1.3911114433274352,2462.0197126820813,0.0,0.0,1.0,-34.668018134290286
0.011586918056450306,0.012443284392617963,0.205,287.22645257783165,0.0,0.0,-1.3329408330510515,2465.1647659987716,0.0,0.0,1.0,-30.249957377452787
0.002682572624807658,0.009575037258937033,0.205,287.693364885192,0.0,0.0,-1.235886806283125,2463.357263925565,0.0,0.0,1.0,-35.69500199009191
0.010916484904832506,0.012404676093798382,0.205,287.2584441782304,0.0,0.0,-1.3542327445749258,2464.135575848851,0.0,0.0,1.0,-31.008861390117808
0.0019582965416981572,0.01426853162064921,0.205,287.2768435215614,0.0,0.0,-1.3997947543212899,2461.30212609979,0.0,0.0,1.0,-29.203609518532435
0.00038528584373921036,-0.012504277878933502,0.205,287.44482380742465,0.0,0.0,-1.3732125624648577,2463.179248613611,0.0,0.0,1.0,-34.086315316362445
0.008348018952107747,0.0019767938163941833,0.205,287.8163506094517,0.0,0.0,-1.115372581806746,2463.5911853456155,0.0,0.0,1.0,-37.47952591967965
0.001404294729106868,-0.013418724420160061,0.205,287.2940891101442,0.0,0.0,-1.3949152348763088,2466.1260963782815,0.0,0.0,1.0,-32.19485235490136
-0.008490475124224241,-0.0030475306726931765,0.205,287.7493334222583,0.0,0.0,-1.1580074639366709,2465.7835701049494,0.0,0.0,1.0,-40.25971758714092
0.012476490223837018,0.002638399933304778,0.205,287.5401045230743,0.0,0.0,-1.3801516478533868,2464.986965562728,0.0,0.0,1.0,-34.77670130668727
-0.01090003826040017,-0.00014036282680539736,0.205,287.6824425364901,0.0,0.0,-1.300737781302902,2459.8350189243088,0.0,0.0,1.0,-35.00117373145209
0.01739468607432671,-0.005598161403080598,0.205,287.17501013986123,0.0,0.0,-1.2567450943237182,2463.6427297484056,0.0,0.0,1.0,-30.109160530841525
-0.012791595736289709,-0.009385033697061064,0.205,287.3720013118184,0.0,0.0,-1.3769124515173228,2463.681025481435,0.0,0.0,1.0,-30.402622968982612
-0.016203251604763345,0.006263919678716706,0.205,287.2272455103421,0.0,0.0,-1.3137478871080048,2460.3743159316664,0.0,0.0,1.0,-30.387988483115276
-0.010835615914140654,0.007927346043877506,0.205,287.4483482845221,0.0,0.0,-1.393988905712595,2460.6442051366407,0.0,0.0,1.0,-33.605105177524514
-0.011949646611554374,0.009116040739831308,0.205,287.35805203796133,0.0,0.0,-1.3946178516029775,2460.827446426805,0.0,0.0,1.0,-32.111234920781904
0.0019965946640458808,-0.013340686692516458,0.205,287.3648727196122,0.0,0.0,-1.394878423380806,2465.06643003597,0.0,0.0,1.0,-34.936516090021065
0.0025877577626424566,-0.012140555828887572,0.205,287.42936580379495,0.0,0.0,-1.3701445727387136,2465.82689411915,0.0,0.0,1.0,-35.30548529475868
0.01590144771140563,-0.0061774333072099645,0.205,287.2690911314222,0.0,0.0,-1.330159437202234,2461.84987333505,0.0,0.0,1.0,-31.728181550446898
-0.00430460020779655,0.011872249913446424,0.205,287.36933952515466,0.0,0.0,-1.3767322874497308,2464.3322575089674,0.0,0.0,1.0,-33.29160924405585
0.005890291303893406,0.016774398380865183,0.205,287.01609740073906,0.0,0.0,-1.2898143142358542,2461.9159461406134,0.0,0.0,1.0,-28.062084142236024
-0.012569267602113968,-0.00545887430579584,0.205,287.495384401392,0.0,0.0,-1.3973568265485306,2466.1389096240264,0.0,0.0,1.0,-34.995853190210056
0.0042250503520271585,-0.01072921914392746,0.205,287.5262263008573,0.0,0.0,-1.3345797401515205,2461.2976832835807,0.0,0.0,1.0,-33.04930678867764
-0.0006281647159239399,0.01641114429370532,0.205,287.11455772382465,0.0,0.0,-1.3582051461361566,2464.8318979347205,0.0,0.0,1.0,-31.47012740137398
-0.00037827856129960365,-0.013545573138191035,0.205,287.3513978786166,0.0,0.0,-1.3956741218030484,2467.3246649066286,0.0,0.0,1.0,-31.37811788028057
0.015408781641610582,-0.009243314330494365,0.205,287.22553097077645,0.0,0.0,-1.2776257822640018,2462.1372721863854,0.0,0.0,1.0,-27.17050392458371
0.014698335376989452,0.0018153528085469049,0.205,287.4197968236348,0.0,0.0,-1.3972245128039034,2463.4758975541326,0.0,0.0,1.0,-31.52587390060377
0.008618499145378607,-0.008703856756808678,0.205,287.4609578754138,0.0,0.0,-1.364561570555404,2462.685642588662,0.0,0.0,1.0,-33.53437848316429
-0.014203133198672812,0.00268343624822281,0.205,287.5098394882797,0.0,0.0,-1.3996302386669568,2460.0203019816754,0.0,0.0,1.0,-31.513801571723263
-4.5468473586576204e-05,-0.008809071780184814,0.205,287.5795262859923,0.0,0.0,-1.1380213544484132,2463.0357325672708,0.0,0.0,1.0,-38.27743462328719
0.0006771401369933144,0.013930301191260836,0.205,287.2966266349636,0.0,0.0,-1.3991861528034102,2466.6873512485013,0.0,0.0,1.0,-33.30484493975226
-0.006077988341703915,0.006079746021910698,0.205,287.78509526489154,0.0,0.0,-1.1171704402633318,2463.4293228914635,0.0,0.0,1.0,-38.50337872181892
0.008936898614165347,-0.014123721072242372,0.205,287.2291668029777,0.0,0.0,-1.3462828357669019,2463.7459204412526,0.0,0.0,1.0,-29.6569118822374
0.003540106912420019,-0.013898206181791746,0.205,287.30525440298646,0.0,0.0,-1.399925121191623,2467.1179941252813,0.0,0.0,1.0,-34.33635628890616
0.008518606701989551,-0.016215201095542482,0.205,287.0168829333913,0.0,0.0,-1.253643941298615,2465.0500954256345,0.0,0.0,1.0,-29.296134041071024
0.01532807852712593,-0.0031666530193870087,0.205,287.4042975210693,0.0,0.0,-1.3826104729209108,2460.1748525635535,0.0,0.0,1.0,-30.29096018228937
0.005975926285140872,-0.00789573719872023,0.205,287.6853468252319,0.0,0.0,-1.2327101010641404,2468.07487498471,0.0,0.0,1.0,-35.6741529025591
-0.007691022359297951,-0.012051435028090555,0.205,287.29489555133046,0.0,0.0,-1.3999808930969275,2464.0586770730984,0.0,0.0,1.0,-34.20787516650875
-0.0021879204355897386,0.015215822366507797,0.205,287.1823861322315,0.0,0.0,-1.3888526242730947,2463.9483960975545,0.0,0.0,1.0,-33.16917352551565
-0.013064583670985305,-0.004272969329888887,0.205,287.42631505642055,0.0,0.0,-1.397748443247506,2464.5101595716123,0.0,0.0,1.0,-32.82391288677834
0.01147204308130805,0.003387121884372832,0.205,287.59128332350156,0.0,0.0,-1.3536558740578661,2464.441546322741,0.0,0.0,1.0,-35.65488526648402
0.015838379970964257,-0.00743653837089969,0.205,287.23657605060913,0.0,0.0,-1.3066766862876718,2465.084988967284,0.0,0.0,1.0,-29.66966403274065
-0.011824422288526941,-0.009936783589573558,0.205,287.2906170255315,0.0,0.0,-1.387356220612781,2467.5478164556857,0.0,0.0,1.0,-33.4698755854464
-0.006390262611157306,0.011176462174161638,0.205,287.46176355128324,0.0,0.0,-1.3832522063438288,2465.709792482232,0.0,0.0,1.0,-35.5546521668384
-0.005334748913095008,-0.010953204349968687,0.205,287.4961255613982,0.0,0.0,-1.362198999233985,2464.7108189932137,0.0,0.0,1.0,-37.0131154401912
-0.013005796167932567,0.013771724223388595,0.205,287.0411628326777,0.0,0.0,-1.205144758324415,2462.356810700011,0.0,0.0,1.0,-29.325949165567135
0.001876143370437807,0.010006991584946856,0.205,287.5739328375824,0.0,0.0,-1.2534991062178207,2461.0516389686354,0.0,0.0,1.0,-36.31777301130826
0.014777304616843094,-0.010409326199038985,0.205,287.2248199898991,0.0,0.0,-1.2704881778154458,2464.619388168052,0.0,0.0,1.0,-30.30688901283433
0.003446345699103066,-0.018819351764641626,0.205,286.9503166850701,0.0,0.0,-1.1890452065600292,2463.027002682979,0.0,0.0,1.0,-26.858453798182655
-0.005150441925175585,0.015486831734036003,0.205,287.255270012024,0.0,0.0,-1.3620491658866003,2463.378629495506,0.0,0.0,1.0,-31.681998850962017
-0.019560520040973185,-5.4864907856968965e-05,0.205,287.1073068880692,0.0,0.0,-1.1504110686013598,2463.467093398112,0.0,0.0,1.0,-27.588811529481966
-0.004496506876309126,-0.01657681236042766,0.205,287.03935758047595,0.0,0.0,-1.3242403305974624,2463.6442601641656,0.0,0.0,1.0,-30.97514359301444
0.0046386143299037555,0.014142269725667941,0.205,287.2414464948477,0.0,0.0,-1.3964475963039638,2464.2153243584376,0.0,0.0,1.0,-32.24473336841796
0.009099695011120585,-0.0021463242411337772,0.205,287.7414000065582,0.0,0.0,-1.1874611567067512,2464.149489893469,0.0,0.0,1.0,-36.5285857059745
0.012197766136734832,0.0156582001614592,0.205,286.98637981426475,0.0,0.0,-1.1226111823644054,2464.4425924726256,0.0,0.0,1.0,-28.74809362819361
0.015296507023369585,-0.009287457680513372,0.205,287.2295917221403,0.0,0.0,-1.2824037604473848,2465.620190337673,0.0,0.0,1.0,-28.59354822643122
0.014701518440645184,-0.012371758192825912,0.205,287.11610427037766,0.0,0.0,-1.1818874194177797,2466.049137583606,0.0,0.0,1.0,-29.087657788230235
-0.0030450628481010727,0.008487649837150037,0.205,287.62669644023697,0.0,0.0,-1.1576840809625784,2462.4148645328596,0.0,0.0,1.0,-37.454612581522724
-0.007389092045376208,0.00988824828196859,0.205,287.5271474848171,0.0,0.0,-1.367852203490547,2461.577724833093,0.0,0.0,1.0,-34.97636047048522
2.4639219588390344e-05,-0.018591250156894393,0.205,287.025948291815,0.0,0.0,-1.2332094183614202,2463.9613885759013,0.0,0.0,1.0,-27.907398082639222
0.01495368270908614,0.005790402879472495,0.205,287.3147856494175,0.0,0.0,-1.3717823389530521,2465.6552930238418,0.0,0.0,1.0,-29.4709651872038
-0.0072732493077061165,-0.016977278502463257,0.205,287.0940486897314,0.0,0.0,-1.2424231415963756,2463.377758644812,0.0,0.0,1.0,-31.698927745374093
0.013626843968619184,-0.007390493848146911,0.205,287.33181800613914,0.0,0.0,-1.3861289729198152,2462.2960990581364,0.0,0.0,1.0,-32.62381143365206
0.0031733676277565116,-0.010660528394737542,0.205,287.49734994570946,0.0,0.0,-1.313454527229609,2465.2111761280753,0.0,0.0,1.0,-34.37197979972156
-0.009254378725043902,-0.014574697951773923,0.205,287.23105352450506,0.0,0.0,-1.3195753616104131,2464.6617026482613,0.0,0.0,1.0,-29.19454001552306
-0.002086941320696994,-0.013706776183527964,0.205,287.2506879004389,0.0,0.0,-1.398686455858477,2466.2201528629594,0.0,0.0,1.0,-32.06751559784722
-0.008619801293331354,0.003938426425842848,0.205,287.64632665781363,0.0,0.0,-1.1983795956674976,2465.13009325478,0.0,0.0,1.0,-36.82029564943199
-0.019745674683519232,0.0018801227243898178,0.205,287.0907688385393,0.0,0.0,-1.1239534884259652,2466.4440681789506,0.0,0.0,1.0,-27.00032679834444
0.014274174250932576,0.0018797793472800583,0.205,287.6102044891899,0.0,0.0,-1.399807675449782,2460.603873426918,0.0,0.0,1.0,-32.0595174696727
-0.002301460117069533,0.016588927885408996,0.205,287.1006914449327,0.0,0.0,-1.344784813182825,2462.7408350842497,0.0,0.0,1.0,-30.548513444506508
0.012759509525938956,-0.013473623908023565,0.205,287.1210315405531,0.0,0.0,-1.2358703030419946,2462.6768742347576,0.0,0.0,1.0,-29.615914419717562
-0.008505814901395448,0.01455026465114331,0.205,287.1630388857474,0.0,0.0,-1.3399879956021075,2462.450252360629,0.0,0.0,1.0,-28.731144089922672
0.009242603326211407,0.012008311117739588,0.205,287.3018848358291,0.0,0.0,-1.392777460252448,2462.6646666022384,0.0,0.0,1.0,-30.524415885101934
0.002658104683563461,-0.017810790022121818,0.205,287.0138310791128,0.0,0.0,-1.2750135079967748,2461.1522502511316,0.0,0.0,1.0,-29.193223493696813
0.005935870233989978,0.013049463904689581,0.205,287.36841012391443,0.0,0.0,-1.3999344309700206,2466.0108280608447,0.0,0.0,1.0,-32.806583977164465
-0.015044439160444359,-0.006624268109425702,0.205,287.2653976207127,0.0,0.0,-1.3576227585691099,2463.298070694793,0.0,0.0,1.0,-28.720636659772374
-0.004788261167739713,-0.018362758851021503,0.205,286.9389241778801,0.0,0.0,-1.2022710432267472,2461.207784735689,0.0,0.0,1.0,-27.069133147425593
0.017806186899617514,0.002654543774523313,0.205,287.26824316309916,0.0,0.0,-1.2753510576667777,2464.2980355690393,0.0,0.0,1.0,-28.928408545453223
-0.016274991460987303,-0.009679159187393467,0.205,287.1438693584348,0.0,0.0,-1.2056917725659138,2461.8901204218114,0.0,0.0,1.0,-29.614576975583542
-0.013003893906175285,0.009864549552738014,0.205,287.23787894040146,0.0,0.0,-1.3620024573968257,2464.2336847659435,0.0,0.0,1.0,-31.64106193492224
0.00981066856274367,0.01484829281234162,0.205,287.0699007457665,0.0,0.0,-1.2886789929436686,2461.97669159565,0.0,0.0,1.0,-28.017160364693158
-0.012771948830126171,0.006330904552825629,0.205,287.489892833279,0.0,0.0,-1.3999997849037136,2464.1058314680354,0.0,0.0,1.0,-33.974148214147895
-0.00354724276522705,0.018810975289540233,0.205,286.93315073146556,0.0,0.0,-1.1881627979318625,2464.136571886558,0.0,0.0,1.0,-26.43341546697569
-0.008401833939621024,0.0013666250606132896,0.205,287.8099244734185,0.0,0.0,-1.1086458649652122,2466.124734077152,0.0,0.0,1.0,-37.214754410705574
0.0004174964689259131,0.012976013458922138,0.205,287.33909840726176,0.0,0.0,-1.3857872456014861,2460.9098336578004,0.0,0.0,1.0,-32.955423613709684
0.0064232946456791755,0.007249862021107622,0.205,287.65687345671694,0.0,0.0,-1.2156581939115343,2465.381599972318,0.0,0.0,1.0,-35.12553063595195
0.008409524440176284,0.015615704016251017,0.205,287.1757511495852,0.0,0.0,-1.2924461824640594,2458.5516885656284,0.0,0.0,1.0,-29.553848305076922
-0.007980149986780804,-0.014641405759927284,0.205,287.111507218427,0.0,0.0,-1.347959686821111,2464.861065724732,0.0,0.0,1.0,-30.77587128376833
-0.011828903188007176,0.014543593928281081,0.205,287.00363724614544,0.0,0.0,-1.2210514930531657,2463.723404963881,0.0,0.0,1.0,-29.531924979640614
-0.010098915919019067,-0.014756443987692559,0.205,287.13969218059873,0.0,0.0,-1.2833024056983118,2462.609486325871,0.0,0.0,1.0,-30.451945867983063
-0.01928129526976299,-0.005269443547092302,0.205,286.99318782854164,0.0,0.0,-1.108581297103442,2463.7643860184608,0.0,0.0,1.0,-29.71886001993187
-0.004898130888167809,-0.01933791859495684,0.205,286.9068605065571,0.0,0.0,-1.1126074445479364,2462.4622483386456,0.0,0.0,1.0,-27.56370253835556
-0.00676636656740522,0.015803722603065434,0.205,287.06683429345225,0.0,0.0,-1.3234364318645655,2464.406675966214,0.0,0.0,1.0,-29.709816161751476
0.0040831816161984716,0.017098717326708493,0.205,287.0822387538208,0.0,0.0,-1.3018942772480526,2463.892129978449,0.0,0.0,1.0,-31.22839608056419
-0.010754354292104295,0.015513572647580989,0.205,287.0277979967997,0.0,0.0,-1.210561722652112,2461.077548642647,0.0,0.0,1.0,-30.478369639672618
-0.014120772038952642,0.001530173203914749,0.205,287.4791672323411,0.0,0.0,-1.3999808127067945,2467.24173863149,0.0,0.0,1.0,-31.88021878736975
0.008777073346326351,0.007258449921329397,0.205,287.6091510486653,0.0,0.0,-1.3275891152965233,2460.131540239552,0.0,0.0,1.0,-37.481449132639
-0.014728977396672713,0.002736915534569157,0.205,287.4493285755485,0.0,0.0,-1.3952696079050202,2460.3985098261555,0.0,0.0,1.0,-32.86813626152668
-0.014806425841986662,0.0037880832404636805,0.205,287.30907474674683,0.0,0.0,-1.390550540994759,2463.9457116714316,0.0,0.0,1.0,-34.528214300823166
0.0014589481518360072,-0.008435332594877897,0.205,287.5295195479548,0.0,0.0,-1.113532019046265,2463.946469199491,0.0,0.0,1.0,-37.70238113671918
0.00044548453311319455,-0.01826534525170072,0.205,287.0319398508991,0.0,0.0,-1.25692669321485,2464.604077509034,0.0,0.0,1.0,-29.03037976765452
0.00876915388882831,-2.6792190169973285e-05,0.205,287.84298617427226,0.0,0.0,-1.1341556940276323,2462.937601262477,0.0,0.0,1.0,-35.31963423591247
0.011972603645351883,0.008475800380406462,0.205,287.4412984987073,0.0,0.0,-1.398445576385185,2464.7002105131623,0.0,0.0,1.0,-32.2594812418864
-0.01087099229012239,0.01305768286155392,0.205,287.1673705455301,0.0,0.0,-1.3335278251727567,2461.874551053374,0.0,0.0,1.0,-29.70085532939173
-0.010184447058387603,0.0071214331382525985,0.205,287.44363647548556,0.0,0.0,-1.3705985142202366,2465.5551822941707,0.0,0.0,1.0,-34.697561850861696
0.00043066636258515256,-0.016045756442202717,0.205,287.09065011311725,0.0,0.0,-1.371277383328901,2465.5517816070205,0.0,0.0,1.0,-32.53588471586725
-0.004085893018455072,-0.01625352170543636,0.205,287.15806502303633,0.0,0.0,-1.3442793119602834,2461.973187564284,0.0,0.0,1.0,-31.887979993231433
-0.015566161703601441,-0.0041504171725389475,0.205,287.3748037562985,0.0,0.0,-1.369383630371035,2463.2972864144735,0.0,0.0,1.0,-33.592280544144415
0.001091787716614994,-0.011592100783375687,0.205,287.4857127868218,0.0,0.0,-1.339870598840674,2465.5602371861746,0.0,0.0,1.0,-35.80548561291903
-0.01162905737167712,7.852526128928854e-05,0.205,287.6339351608509,0.0,0.0,-1.3392192862216363,2471.1182540531977,0.0,0.0,1.0,-35.05973406758439
-0.012194289477779684,-0.012884833722089224,0.205,287.18315954669515,0.0,0.0,-1.2921863103310331,2461.675418582269,0.0,0.0,1.0,-31.28784189728759
-0.010269004518122892,-0.009292061433164304,0.205,287.44966699030846,0.0,0.0,-1.3985769413317415,2464.151582154539,0.0,0.0,1.0,-33.02581140525968
0.014793771767629724,-0.013398140281776102,0.205,286.97221121456016,0.0,0.0,-1.1115473101041722,2463.331636616873,0.0,0.0,1.0,-29.603923861409942
-0.010533853679512787,-0.013571023830248014,0.205,287.1672938592232,0.0,0.0,-1.324051067281294,2461.588613526526,0.0,0.0,1.0,-28.98247089000875
0.017188505165202348,0.002902121123828907,0.205,287.2297667521305,0.0,0.0,-1.3104058982072537,2464.681179705521,0.0,0.0,1.0,-28.905858480513423
0.003689387956041074,-0.018124804403932736,0.205,287.0339456775069,0.0,0.0,-1.2404125591949235,2462.718780846187,0.0,0.0,1.0,-28.594025997543643
0.012341532050173172,0.0016413376578610112,0.205,287.5659561109992,0.0,0.0,-1.3713325788110655,2467.072488140488,0.0,0.0,1.0,-32.92015374252408
-3.10228806406368e-05,0.012614376922329163,0.205,287.34595928420174,0.0,0.0,-1.3763252809882793,2464.573823494029,0.0,0.0,1.0,-34.27417501056124
0.0033246607355084147,-0.010018503446767637,0.205,287.6094323714704,0.0,0.0,-1.279220824038531,2465.851683683035,0.0,0.0,1.0,-36.380270754282435
-0.017208531435660826,-0.0017191425036731964,0.205,287.2275053986421,0.0,0.0,-1.317987109121607,2462.20666010528,0.0,0.0,1.0,-30.598839554062213
-0.0017047925059003371,-0.01400124396350495,0.205,287.23110623148034,0.0,0.0,-1.399813031241004,2464.503946900598,0.0,0.0,1.0,-34.467417263355394
-0.0070754803593664145,-0.011260185794552851,0.205,287.3889761299406,0.0,0.0,-1.3919903167322516,2464.525907755468,0.0,0.0,1.0,-35.751557181440084
-0.0026159867364776287,-0.019024565376764165,0.205,286.94280703599117,0.0,0.0,-1.1828414429764333,2464.1920900882083,0.0,0.0,1.0,-29.70818528178033
0.01072201086138971,0.001597236365613459,0.205,287.6374423672008,0.0,0.0,-1.2971121258531424,2462.658397781831,0.0,0.0,1.0,-36.13064102114252
-0.010059235766620763,-0.0006507480078882566,0.205,287.74831429653375,0.0,0.0,-1.2461292713132908,2466.020439952542,0.0,0.0,1.0,-36.20562004598447
-0.008459198610687078,0.012988302227099317,0.205,287.2281395139475,0.0,0.0,-1.3861691421323257,2463.8088048866093,0.0,0.0,1.0,-31.41500221109658
0.013733717621773646,0.004300880691064267,0.205,287.4382922943375,0.0,0.0,-1.3998230396507259,2467.6261460041674,0.0,0.0,1.0,-32.361173032242164
0.003941741694623615,0.009431519741816115,0.205,287.6114009681518,0.0,0.0,-1.2564178034660833,2460.67207967603,0.0,0.0,1.0,-35.776210851642844
-0.018925362371821877,-0.001662167028915115,0.205,287.18493335022345,0.0,0.0,-1.2004741247363504,2463.1290006112304,0.0,0.0,1.0,-29.795563346986174
-0.008070043519175906,0.008694258804848186,0.205,287.5327123563886,0.0,0.0,-1.3495485135779157,2460.309245407976,0.0,0.0,1.0,-34.86362810020093
-0.006356840180690865,-0.01656710503171545,0.205,287.0256636204313,0.0,0.0,-1.2919097547742244,2460.528796235096,0.0,0.0,1.0,-30.77988931113945
0.009496295053528404,-0.014511701032785868,0.205,287.1469871152544,0.0,0.0,-1.3153527307013064,2463.07582896029,0.0,0.0,1.0,-29.769168781216262
-0.0005893315088042342,-0.010721924034694007,0.205,287.5345725779097,0.0,0.0,-1.2908507140629768,2462.106120986006,0.0,0.0,1.0,-36.89515303547359
-0.012756989993781595,-0.004210033078500551,0.205,287.5475599457235,0.0,0.0,-1.3941033749844585,2464.4899459388207,0.0,0.0,1.0,-33.208939446640244
-0.0032840831554364095,0.009965041856552118,0.205,287.422436612918,0.0,0.0,-1.2750331175364813,2464.1375578083325,0.0,0.0,1.0,-35.32844759537528
0.008058977272150278,0.004544699465283197,0.205,287.7059039330375,0.0,0.0,-1.1789384276655135,2463.820884951953,0.0,0.0,1.0,-38.22795233746384
-0.005195225370047366,-0.01565093352579201,0.205,287.1486442413721,0.0,0.0,-1.355568278887018,2464.2542188522575,0.0,0.0,1.0,-31.213139508430938
-0.013551334863191404,0.00677329023502466,0.205,287.49664024097217,0.0,0.0,-1.3928349213609348,2463.6340003584664,0.0,0.0,1.0,-31.188224797520924
0.016616723862909997,-0.007655890159542332,0.205,287.1810732389318,0.0,0.0,-1.2551562561725356,2460.1461032703687,0.0,0.0,1.0,-29.74619165322321
0.013188127782525745,0.003066349624556112,0.205,287.50625638784965,0.0,0.0,-1.395537655515134,2463.786127066793,0.0,0.0,1.0,-33.28247509190182
-0.002268172596705235,0.009681322854632161,0.205,287.663564670347,0.0,0.0,-1.2358679673624644,2463.36988449843,0.0,0.0,1.0,-35.66034051378462
0.015468298100201628,-0.006892206018673185,0.205,287.2835292030735,0.0,0.0,-1.3362319751477374,2459.642086714382,0.0,0.0,1.0,-28.123117923671106
0.004249303773541466,0.00814727998565298,0.205,287.67220050992563,0.0,0.0,-1.173306526542055,2462.7461609314337,0.0,0.0,1.0,-37.93729236994839
0.008686646371758675,0.0013898532239773657,0.205,287.8759523121033,0.0,0.0,-1.136858872772914,2466.8738980151516,0.0,0.0,1.0,-36.63595422985111
-0.003410540106973144,0.008771454395096823,0.205,287.6013257356729,0.0,0.0,-1.1927862149557158,2464.9609923665626,0.0,0.0,1.0,-38.18801333520513
0.0007275150251402755,-0.01729729656775263,0.205,287.1406625902214,0.0,0.0,-1.3169927280396507,2461.531065890537,0.0,0.0,1.0,-30.162569961288824
0.013160913891379394,-0.007477791180038351,0.205,287.3517465982413,0.0,0.0,-1.3930380780876483,2460.9699868925,0.0,0.0,1.0,-30.720319694416087
0.0029151407319537213,-0.012210496805851168,0.205,287.4572112662298,0.0,0.0,-1.3745336612560468,2463.852913479479,0.0,0.0,1.0,-36.17903897875797
0.0016409088968148574,-0.009431698454046209,0.205,287.6430965238369,0.0,0.0,-1.2064453361174658,2463.580715909504,0.0,0.0,1.0,-35.549352608067046
0.018118096260229224,-0.00044126645247642894,0.205,287.20524343926536,0.0,0.0,-1.2672181243820468,2463.3990812521292,0.0,0.0,1.0,-31.09267428391753
0.015283567804902504,-0.011973796973969065,0.205,287.14797033205747,0.0,0.0,-1.163868975351061,2465.8315252323155,0.0,0.0,1.0,-26.335433950003022
0.01362959035489996,0.0012956048543129781,0.205,287.565317722371,0.0,0.0,-1.3972348777120966,2464.2152108747277,0.0,0.0,1.0,-34.804613987892544
0.0055918738718815355,-0.013069907867451807,0.205,287.3471814092768,0.0,0.0,-1.399989703556755,2461.521791276575,0.0,0.0,1.0,-34.31492765713401
-0.004819822540748703,0.007938952577182218,0.205,287.587494673772,0.0,0.0,-1.1820586375127802,2462.76710767936,0.0,0.0,1.0,-37.66145938166228
-0.0011064866342199876,-0.014960965043508663,0.205,287.2466626792672,0.0,0.0,-1.3949976568288018,2463.011810316,0.0,0.0,1.0,-31.846712399975033
-0.0008335175173002667,-0.012331963636477056,0.205,287.3797403620949,0.0,0.0,-1.3683906066978744,2462.5152877566416,0.0,0.0,1.0,-34.53522637652219
0.011698709528627938,0.0010386813526803331,0.205,287.65157562644885,0.0,0.0,-1.3444546137227495,2463.7704301347817,0.0,0.0,1.0,-37.28135006483546
0.017479763646744733,0.004315438874536265,0.205,287.2934839991517,0.0,0.0,-1.2752435650110854,2461.4799248299846,0.0,0.0,1.0,-29.75608557985547
-0.006606807624556505,-0.007368591940426243,0.205,287.69670259283214,0.0,0.0,-1.2322888711924203,2462.8962267143843,0.0,0.0,1.0,-36.50922747273616
-0.017407851047343447,-0.005520659273674991,0.205,287.2185026066474,0.0,0.0,-1.2575305956044638,2462.70209216815,0.0,0.0,1.0,-28.629299945651375
-0.007458037919984548,0.005033930393332666,0.205,287.7656478173272,0.0,0.0,-1.1558822989298014,2463.5047024989553,0.0,0.0,1.0,-39.071476075528174
0.009315085556161605,0.014340056821826262,0.205,287.2245195057554,0.0,0.0,-1.3281195210239358,2465.7676393209754,0.0,0.0,1.0,-30.266469655189645
-0.006163749702822112,0.016399412983910525,0.205,287.01848107530566,0.0,0.0,-1.3053983171548726,2463.6828008641996,0.0,0.0,1.0,-28.791368983873088
0.0026330806852792135,-0.017510714212896263,0.205,287.05812584503724,0.0,0.0,-1.2942009059739168,2464.017652013372,0.0,0.0,1.0,-31.094311441598975
0.018398070792692886,-0.0037328422775332842,0.205,287.03706276486713,0.0,0.0,-1.2189579376670139,2464.097898395533,0.0,0.0,1.0,-28.095214029260315
0.00040575263068514327,-0.009018880860799864,0.205,287.6870493887729,0.0,0.0,-1.1586697374473058,2464.2356690431698,0.0,0.0,1.0,-37.37262436257774
0.00622566149550904,-0.01104491985617513,0.205,287.35966582004477,0.0,0.0,-1.3781493789219945,2460.439547400592,0.0,0.0,1.0,-31.771056852645838
0.006222257352388463,0.006660819975098723,0.205,287.70032427913924,0.0,0.0,-1.1666426256127478,2463.1502296283566,0.0,0.0,1.0,-39.77956557206387
0.006178421316873455,0.017461211958724722,0.205,287.0460869131321,0.0,0.0,-1.2384846125344071,2463.0217397194747,0.0,0.0,1.0,-28.693885985897676
0.013621575354057834,-9.172643980834443e-05,0.205,287.56300986088445,0.0,0.0,-1.3965084514657344,2464.2537409353117,0.0,0.0,1.0,-34.212808396588294
-0.01726189093979913,-0.003925163670660264,0.205,287.24696541739013,0.0,0.0,-1.2945090703869326,2464.2767477022735,0.0,0.0,1.0,-29.60477069047756
-0.0022767992493995287,0.01613744262302051,0.205,287.2137132052789,0.0,0.0,-1.3629074191323076,2463.497660385611,0.0,0.0,1.0,-33.28342870571623
0.008309800151168199,-0.0031539547246964375,0.205,287.8193080714344,0.0,0.0,-1.1455755447629625,2464.0426644854024,0.0,0.0,1.0,-39.1763607959528
0.015446117728100724,-0.008911264197647943,0.205,287.20400356230067,0.0,0.0,-1.2864262678253262,2459.3325054921297,0.0,0.0,1.0,-30.18408393405
0.004639739024845907,0.010171019906813062,0.205,287.5201383193219,0.0,0.0,-1.316552668544182,2467.597793397472,0.0,0.0,1.0,-36.15033085979096
0.006695008349936871,-0.008536153817771782,0.205,287.59730199824423,0.0,0.0,-1.29760232448822,2461.6912308877745,0.0,0.0,1.0,-35.8590348484063
0.011308833969626467,0.01030772670617662,0.205,287.3047081440317,0.0,0.0,-1.3902132250999037,2467.1035370679815,0.0,0.0,1.0,-31.985367131018524
0.012781050389880148,0.011569865145063354,0.205,287.25419199881856,0.0,0.0,-1.320881837111206,2463.991870062099,0.0,0.0,1.0,-32.955178610995254
0.014362072259282599,-0.01123823443667371,0.205,287.0986864791541,0.0,0.0,-1.2593612983202938,2462.4180391625673,0.0,0.0,1.0,-29.492236311348567
-0.015957964017742014,0.00398810427525185,0.205,287.32691160156537,0.0,0.0,-1.3572148640839856,2463.2969438335563,0.0,0.0,1.0,-30.341664320494633
0.008004625191120322,-0.013717291661510696,0.205,287.2880389597214,0.0,0.0,-1.3764287756669251,2464.997116216789,0.0,0.0,1.0,-32.603266274159616
-0.01385193010278122,0.0044258011980030775,0.205,287.4920156322062,0.0,0.0,-1.3992465017532225,2464.6854719713338,0.0,0.0,1.0,-32.449586489332454
-0.008535012160628363,-0.008400095871293575,0.205,287.6344009980975,0.0,0.0,-1.3542086791774577,2463.1024259250617,0.0,0.0,1.0,-34.69253122059065
0.004951008764096602,0.017848983299730895,0.205,287.00260913660736,0.0,0.0,-1.2384195346906215,2462.5804747005645,0.0,0.0,1.0,-29.430489792803403
-0.009494097398611106,0.00289472717845575,0.205,287.7445787616148,0.0,0.0,-1.2345021260599993,2463.7171649636293,0.0,0.0,1.0,-36.09456794517351
-0.011656378257448224,-0.015960491112894135,0.205,287.0357641589021,0.0,0.0,-1.1309436774779642,2464.0359376255547,0.0,0.0,1.0,-26.66535438528849
-0.0049789391175406855,0.013955164944632097,0.205,287.2507145359178,0.0,0.0,-1.3971572315449343,2460.8271776710344,0.0,0.0,1.0,-31.88530270635729
-0.012546842810167647,0.0009791414161094871,0.205,287.5568682703867,0.0,0.0,-1.3754657867454545,2459.5781775489045,0.0,0.0,1.0,-35.34781376389341
-0.017798403527605682,0.0020352404313843816,0.205,287.2760863619713,0.0,0.0,-1.2811656407871508,2465.8169848632406,0.0,0.0,1.0,-28.334479777769157
0.010510228050798194,0.005567424261187719,0.205,287.6196632956399,0.0,0.0,-1.3508657653730893,2464.2959623148013,0.0,0.0,1.0,-32.61530744083942
-0.017846520246092158,-0.005455827145747698,0.205,287.234859617886,0.0,0.0,-1.227742369013059,2461.1163741612736,0.0,0.0,1.0,-29.779880305729222
0.013583535798932712,0.004226478427135677,0.205,287.52414314680846,0.0,0.0,-1.3999948498947798,2463.0638316922855,0.0,0.0,1.0,-35.156025546099045
0.014268038094663496,-0.004102461512725596,0.205,287.48173601931114,0.0,0.0,-1.3968551690383262,2463.7157888357233,0.0,0.0,1.0,-31.00307230021888
-0.013667958663271612,0.012867404329517438,0.205,287.1263162942935,0.0,0.0,-1.2190430732122823,2466.017713390113,0.0,0.0,1.0,-29.494090898108425
0.014170021832870255,0.005727577694619057,0.205,287.38643107909274,0.0,0.0,-1.3905416570604434,2463.8887853711435,0.0,0.0,1.0,-29.669612844062996
0.012772743247501661,0.015276062746503229,0.205,287.0049428803783,0.0,0.0,-1.1162540527082119,2464.5222397888742,0.0,0.0,1.0,-29.199182318690415
0.0032078286410562058,-0.019401942792937114,0.205,286.9210651449311,0.0,0.0,-1.1404686104850226,2464.5079052461942,0.0,0.0,1.0,-28.09636522155351
-0.008743779730651415,0.001991679795985776,0.205,287.7852160269155,0.0,0.0,-1.1530681236756763,2459.1256985906784,0.0,0.0,1.0,-37.4421134515695
-0.00882653188437756,0.011368394775916505,0.205,287.37524865715125,0.0,0.0,-1.3998199401887674,2460.940065347837,0.0,0.0,1.0,-33.641765743114355
0.004491607897524888,-0.009040898218278368,0.205,287.5281832354636,0.0,0.0,-1.2472272385021985,2463.7966291977077,0.0,0.0,1.0,-36.327775591326265
0.006944144741690439,0.010539326679362393,0.205,287.5046388818223,0.0,0.0,-1.3765257066199923,2460.2349078538255,0.0,0.0,1.0,-35.920797031090444
0.007724300105634369,-0.00688756231204388,0.205,287.5711281107927,0.0,0.0,-1.2653289891397739,2464.277853998732,0.0,0.0,1.0,-34.62169227122214
0.010993518435688417,0.0013703088687399274,0.205,287.5880611991759,0.0,0.0,-1.31098914962715,2465.4243553469114,0.0,0.0,1.0,-37.08660766780923
0.01877296338753076,-0.004065296332515799,0.205,287.10613741370065,0.0,0.0,-1.1824456604887872,2464.1916933580947,0.0,0.0,1.0,-29.737167925320374
0.013240935160011525,-0.014005728537943442,0.205,287.0166451153691,0.0,0.0,-1.1766331617420247,2467.6435593059978,0.0,0.0,1.0,-30.04283425509122
-0.0007290433312951524,0.016355751445711376,0.205,287.1494085848614,0.0,0.0,-1.3601502170304152,2461.8202753509763,0.0,0.0,1.0,-31.914787740220376
0.00575286379406109,-0.012757778683289842,0.205,287.26218837915656,0.0,0.0,-1.3994239435525828,2461.7600049083967,0.0,0.0,1.0,-33.02421086662676
-0.009888063517396186,-0.012963076178394395,0.205,287.20693409841664,0.0,0.0,-1.362668869689647,2462.190310565211,0.0,0.0,1.0,-28.862078968515096
-0.005748737369045435,0.015030288342238518,0.205,287.11595603105206,0.0,0.0,-1.3699674379022038,2464.6065290531187,0.0,0.0,1.0,-29.32032226451418
-0.011001978225463829,-0.0017031548182640478,0.205,287.6461267054251,0.0,0.0,-1.3140184884580994,2459.376889472993,0.0,0.0,1.0,-36.75748273623152
-0.016600618655671258,0.01076737885036443,0.205,286.9246791431145,0.0,0.0,-1.1286970894639503,2466.4096503774676,0.0,0.0,1.0,-28.445181236073683
0.004478806455357196,-0.014576285089263175,0.205,287.1893862170216,0.0,0.0,-1.3911702242980724,2463.5671120642187,0.0,0.0,1.0,-29.930517799333717
0.01331444659137309,0.00828333448430049,0.205,287.28842492275254,0.0,0.0,-1.381882065640407,2463.11602158698,0.0,0.0,1.0,-31.7848008616973
-0.015879547861743518,-0.003905982689274582,0.205,287.2869783054559,0.0,0.0,-1.3608647303584473,2466.6458241664573,0.0,0.0,1.0,-30.87536048020946
0.012711475665611798,-0.005527893094333335,0.205,287.455204401604,0.0,0.0,-1.398663776017077,2467.8524212934367,0.0,0.0,1.0,-32.25294084427755
0.0023617512963014673,0.019526657415337375,0.205,286.9910359074197,0.0,0.0,-1.1401208328226096,2463.5451002599543,0.0,0.0,1.0,-28.924397259580093
-0.01548208289238366,-0.0009916884826408749,0.205,287.3495540552598,0.0,0.0,-1.3858647659117056,2462.852007694804,0.0,0.0,1.0,-32.713174062933334
-0.012777326375002897,0.0034246187347112215,0.205,287.4935921308181,0.0,0.0,-1.3907619519386407,2463.658087055538,0.0,0.0,1.0,-34.3662589736585
-0.013468920636571064,0.00778112249153522,0.205,287.35638087592514,0.0,0.0,-1.3849286381887682,2465.694372315115,0.0,0.0,1.0,-32.44884108017442
0.0035737449389311275,0.01688256615255133,0.205,287.19942852370764,0.0,0.0,-1.3199962323829262,2462.496817733969,0.0,0.0,1.0,-31.481375596216605
-0.016743846448366018,-0.001194958884204903,0.205,287.29682932699717,0.0,0.0,-1.3430642170340799,2464.813643352632,0.0,0.0,1.0,-30.907915619443084
0.0017255581609972712,0.010289099355424993,0.205,287.5960695394155,0.0,0.0,-1.2710472416074128,2464.846968679861,0.0,0.0,1.0,-36.68118603096898
0.00997965885569395,-0.016974506460101787,0.205,287.0043055286871,0.0,0.0,-1.1380227545021853,2461.969957931178,0.0,0.0,1.0,-27.65717671367663
-0.009884044520971021,-0.01105101847246582,0.205,287.32339004930867,0.0,0.0,-1.3970606946888455,2462.1845329943835,0.0,0.0,1.0,-31.13791426555082
-0.012271443252610094,-0.001687750551850633,0.205,287.5277756394873,0.0,0.0,-1.3692827611446612,2464.030169166886,0.0,0.0,1.0,-36.06271736896853
0.008807459118418157,0.015496627520572358,0.205,287.1310890247798,0.0,0.0,-1.2869172131875912,2465.518029791342,0.0,0.0,1.0,-30.720303142873515
-0.014818851062244167,0.005775900839504894,0.205,287.3122676434031,0.0,0.0,-1.375768771268185,2463.2606352167,0.0,0.0,1.0,-32.04770003596089
0.010677692260270679,-0.0008442340338889869,0.205,287.69754485561435,0.0,0.0,-1.2891601148118768,2460.39511443464,0.0,0.0,1.0,-37.342866018109035
0.014617857691306326,0.008935974089332534,0.205,287.2524965195803,0.0,0.0,-1.3264517085645477,2462.4204083539325,0.0,0.0,1.0,-30.657327574312784
-0.016158805323835724,0.01116083602527041,0.205,287.01775903688133,0.0,0.0,-1.1430333646773394,2462.1437887070156,0.0,0.0,1.0,-26.304580016106758
-0.014191594576935451,-0.005631586167980002,0.205,287.3555140601561,0.0,0.0,-1.39082609579483,2464.190898699352,0.0,0.0,1.0,-30.20998228066626
-0.0010809515990337886,0.016203832347743162,0.205,287.1647897813505,0.0,0.0,-1.3649588689053944,2461.9551441894614,0.0,0.0,1.0,-31.701011689747453
0.005732870121509385,0.01376006665812354,0.205,287.27522822988834,0.0,0.0,-1.3961851777740726,2462.765898357648,0.0,0.0,1.0,-34.92692259594231
-0.008878935349428223,-0.01192977748936009,0.205,287.31962582009623,0.0,0.0,-1.3965839927274313,2461.467807963354,0.0,0.0,1.0,-33.18915406928261
0.0022553807314629245,0.014066278284090707,0.205,287.3164992476052,0.0,0.0,-1.3999998544255252,2459.8814462529367,0.0,0.0,1.0,-33.379574740457386
0.0005518467321042309,0.014204730779983792,0.205,287.3411269973398,0.0,0.0,-1.399989433536446,2464.0158862007356,0.0,0.0,1.0,-32.26614530538406
-0.016319320379984056,-0.002846602693969714,0.205,287.25693030950464,0.0,0.0,-1.3525415055298375,2462.2055981009185,0.0,0.0,1.0,-31.667838434541036
-0.0032771998171077406,0.017117763455400885,0.205,287.09783167069315,0.0,0.0,-1.3105821469781176,2464.2133425754464,0.0,0.0,1.0,-30.158953245088902
0.0031879289077049117,-0.014659264178676423,0.205,287.3116047118351,0.0,0.0,-1.3949967124127507,2466.2825099120532,0.0,0.0,1.0,-33.84170496980669
-0.004325379669140971,-0.01715230783833295,0.205,287.05852192699984,0.0,0.0,-1.295317684770202,2460.1408544284564,0.0,0.0,1.0,-29.70320394026924
-0.0021701858525223225,0.01536983864290215,0.205,287.2455065975515,0.0,0.0,-1.3856743488342516,2465.1902551603102,0.0,0.0,1.0,-30.335893190116384
-2.818242846719498e-05,0.01281591256231786,0.205,287.3810326102021,0.0,0.0,-1.3818000109247457,2464.857983336794,0.0,0.0,1.0,-33.64057632914325
0.014847347044190882,0.009004268018037078,0.205,287.15711830201417,0.0,0.0,-1.3141633592426438,2463.6880405446523,0.0,0.0,1.0,-30.905645433728928
0.010812923441042836,-0.004266761753479694,0.205,287.6310532536548,0.0,0.0,-1.338986529508816,2462.9605778935875,0.0,0.0,1.0,-34.55111241813682
0.00850409725147661,-0.01359607769257136,0.205,287.1080012795564,0.0,0.0,-1.3717511839149747,2463.841056987047,0.0,0.0,1.0,-31.30035674755792
0.01691437814034182,-0.0008504628600741837,0.205,287.2684303967871,0.0,0.0,-1.336163607064641,2465.7705255785586,0.0,0.0,1.0,-32.053066322886124
0.011049152490579835,-0.0005764509800837949,0.205,287.7671147445029,0.0,0.0,-1.3101783029579013,2461.442903644488,0.0,0.0,1.0,-35.662630034520305
-0.012584397919003705,-0.00827556236481598,0.205,287.27008695482795,0.0,0.0,-1.3941705157923212,2467.1705136759656,0.0,0.0,1.0,-32.39522634941943
0.005243757504987941,0.016373110772284604,0.205,287.03065288289196,0.0,0.0,-1.3233843609646576,2461.7807355284795,0.0,0.0,1.0,-32.21794372980146
0.016330706323999866,0.0008576099189312082,0.205,287.2800719886988,0.0,0.0,-1.3608525265628477,2465.1374218379915,0.0,0.0,1.0,-34.398559894364496
-0.010008163118012909,0.013381879658407193,0.205,287.14761622950215,0.0,0.0,-1.3464257590010171,2466.7593368068524,0.0,0.0,1.0,-30.332819692124158
-0.019697437972880056,8.486871191353771e-05,0.205,287.11138912985507,0.0,0.0,-1.1373651388791515,2464.933100450519,0.0,0.0,1.0,-27.209188868862984
-0.00808093326434563,0.006847273331256597,0.205,287.6513467670171,0.0,0.0,-1.2815680286126125,2463.7419413827897,0.0,0.0,1.0,-36.2297750574488
0.009105415763566146,-0.0038533607727488854,0.205,287.74633914504204,0.0,0.0,-1.2315517097677375,2460.8275676988615,0.0,0.0,1.0,-35.732560008144794
-0.012341429232299294,-0.007181332983881738,0.205,287.4608373874644,0.0,0.0,-1.3999926900355537,2464.8501569232612,0.0,0.0,1.0,-33.51160386249596
0.005152180254565436,-0.012172910199661352,0.205,287.3417437679944,0.0,0.0,-1.390580980193715,2463.3229875633747,0.0,0.0,1.0,-34.5337664694509
0.013624386655693443,-0.009738380725458965,0.205,287.2613886265018,0.0,0.0,-1.3448234489848832,2462.0112151957574,0.0,0.0,1.0,-30.85806770987245
-0.012289257805648225,0.003107186684981811,0.205,287.62158124706,0.0,0.0,-1.3780740116784993,2462.3233293991443,0.0,0.0,1.0,-33.52078926242945
0.0005787737369023683,-0.014023218840913522,0.205,287.3780876050164,0.0,0.0,-1.3995915122118414,2463.9872500519514,0.0,0.0,1.0,-31.636007046372264
-0.018343453635162363,-0.003395903896927691,0.205,287.1710008444992,0.0,0.0,-1.2282648663809135,2464.530489387994,0.0,0.0,1.0,-31.707421911635638
0.015184935290144233,-0.003632773647333901,0.205,287.41540270899884,0.0,0.0,-1.3835484613351825,2463.0315161178387,0.0,0.0,1.0,-33.11763045652898
0.0012558687953881636,0.013838545812350965,0.205,287.35270276237804,0.0,0.0,-1.3988872964480894,2463.132278958891,0.0,0.0,1.0,-34.768713891900276
-0.015125596119009616,-0.008384078118296764,0.205,287.17547796805894,0.0,0.0,-1.3180067071908643,2462.6583187385845,0.0,0.0,1.0,-31.512286579159177
0.01624803846598292,-0.0067635970371284024,0.205,287.24210841631555,0.0,0.0,-1.300707203811116,2462.000359010722,0.0,0.0,1.0,-30.57576859082964
0.0067539226346922205,0.01386848358150779,0.205,287.24006834911245,0.0,0.0,-1.3877683269115497,2460.6366914898945,0.0,0.0,1.0,-33.005425372503026
-0.009806783119917986,-0.001527369587267605,0.205,287.76494109417126,0.0,0.0,-1.23445786611602,2463.01025825451,0.0,0.0,1.0,-37.49789312682864
-0.0003284170627539211,-0.016467109374289954,0.205,287.15700051586896,0.0,0.0,-1.3563690360157512,2464.89001552513,0.0,0.0,1.0,-31.08697317464041
0.01691273389520179,-0.008548772887659746,0.205,287.1312167443364,0.0,0.0,-1.204462596242189,2464.882422835802,0.0,0.0,1.0,-27.599201042032263
-0.009927058484142864,0.006618278588957707,0.205,287.65227452796415,0.0,0.0,-1.3524061892291732,2463.6349039486636,0.0,0.0,1.0,-33.96191479041058
0.0035400018031523585,-0.018118333642308086,0.205,286.9893133521204,0.0,0.0,-1.2430747077496036,2461.7596069134497,0.0,0.0,1.0,-27.688979502393003
0.007150440960283219,-0.006146821758603159,0.205,287.67311051194406,0.0,0.0,-1.1943381084878708,2460.556539105013,0.0,0.0,1.0,-37.027976605425685
0.011672659125860166,-0.013787115735972204,0.205,287.1054796235702,0.0,0.0,-1.2712127318194801,2462.8987090313763,0.0,0.0,1.0,-28.999144867445953
0.017779487455413277,0.005877648296523359,0.205,287.1627026451177,0.0,0.0,-1.2227089102101936,2463.8266990878424,0.0,0.0,1.0,-29.80728791303264
0.01726296677538683,0.0024305113648839588,0.205,287.32513492939415,0.0,0.0,-1.3103244846036475,2462.5609227485393,0.0,0.0,1.0,-32.02559446161039
0.01989066100188466,-0.00040188195021392326,0.205,287.07840169915954,0.0,0.0,-1.1180166152774362,2467.173384198049,0.0,0.0,1.0,-30.412326787916317
0.00741943928996182,0.007958740029914537,0.205,287.5330064196379,0.0,0.0,-1.2995342298622934,2466.60240304171,0.0,0.0,1.0,-35.15040102693606
-0.017745400348360713,-0.007120897004055047,0.205,287.07606879189683,0.0,0.0,-1.1900355224880357,2463.713854502947,0.0,0.0,1.0,-28.953165881200444
0.014628270404227553,-0.00444778791620861,0.205,287.3870311139467,0.0,0.0,-1.3904369621396386,2463.068569100667,0.0,0.0,1.0,-33.2089605706649
-0.013126182897751708,0.00486437108355757,0.205,287.41104378454895,0.0,0.0,-1.3994403477777362,2462.0807256378052,0.0,0.0,1.0,-32.85364783195915
0.011715288679712074,-0.00992759418588578,0.205,287.35999722347816,0.0,0.0,-1.3891755101213714,2461.0127392662557,0.0,0.0,1.0,-32.768435848590336
0.006955519134257199,0.010710612640962631,0.205,287.41610227332785,0.0,0.0,-1.380639333324933,2463.305905036266,0.0,0.0,1.0,-36.46963811241273
0.00263621654662548,0.014968278707364049,0.205,287.20687312062387,0.0,0.0,-1.3920356202521147,2460.0825349085685,0.0,0.0,1.0,-33.31781223099193
-0.011398946747932482,-0.0027919809957223283,0.205,287.57343397517496,0.0,0.0,-1.344062026258064,2463.222741016067,0.0,0.0,1.0,-34.50323205354725
-0.012758054513530537,0.012236967859229122,0.205,287.04302729843084,0.0,0.0,-1.296003727174633,2460.5661092481664,0.0,0.0,1.0,-29.302403381955557
-0.015142726549416237,-0.010749064367228455,0.205,287.10409373028784,0.0,0.0,-1.2348402401381164,2461.3062704633244,0.0,0.0,1.0,-30.442375688749987
-0.01872923672510622,-0.006913538935433131,0.205,287.0727478618868,0.0,0.0,-1.1110016468772839,2461.039322193962,0.0,0.0,1.0,-28.39763874461468
-0.0006152371304000167,-0.01517238880607603,0.205,287.25386514504146,0.0,0.0,-1.3922655486538895,2463.569464364379,0.0,0.0,1.0,-30.710039814529225
0.001738122008212136,-0.016490445442663655,0.205,287.17180522596146,0.0,0.0,-1.3518807754561566,2464.40251193895,0.0,0.0,1.0,-30.161259003566688
-0.00237958570949034,0.015807346990579757,0.205,287.12567222985837,0.0,0.0,-1.3733459384092652,2462.7677469063365,0.0,0.0,1.0,-31.0662897061359
-0.0020064808085064547,-0.017291629371847323,0.205,287.10537841380386,0.0,0.0,-1.311759560159629,2465.718299531216,0.0,0.0,1.0,-29.80021936415756
0.01649420825716541,-0.011084560783908374,0.205,286.9538717504347,0.0,0.0,-1.1202069238866839,2466.4783876206156,0.0,0.0,1.0,-29.132285953652634
0.019844957947614372,0.0003331048427501558,0.205,287.10734044185483,0.0,0.0,-1.1226896006494913,2462.795485220551,0.0,0.0,1.0,-29.10648798512838
-0.0073184128159230364,-0.011371755997372683,0.205,287.4606004435937,0.0,0.0,-1.3953246955219363,2465.1099765903814,0.0,0.0,1.0,-32.87711138104787
0.0020948973936702614,-0.008527556018626939,0.205,287.6426974553657,0.0,0.0,-1.135309845587935,2461.6991456119044,0.0,0.0,1.0,-36.814439231273816
0.016495120792734047,0.006854849156838466,0.205,287.20846229894886,0.0,0.0,-1.284491133412226,2465.8866715770946,0.0,0.0,1.0,-29.017771521142933
-0.01309917290807504,-0.014413605748683765,0.205,287.0230103544346,0.0,0.0,-1.1582383230619815,2464.2821030703526,0.0,0.0,1.0,-27.084627295625044
0.0021469903603346975,0.009022743129654058,0.205,287.6105249935985,0.0,0.0,-1.1809300471228652,2463.250152711483,0.0,0.0,1.0,-39.0844749844807
0.007250571163247391,-0.005357396621862121,0.205,287.7640812227481,0.0,0.0,-1.1574779414462915,2460.4656910850963,0.0,0.0,1.0,-38.00079944268792
-0.0015498950953583598,0.01010851418979909,0.205,287.50645214928926,0.0,0.0,-1.2567430502506007,2461.0769675499314,0.0,0.0,1.0,-37.52566269903249
-0.01749001297381106,-0.004684414631764319,0.205,287.2477202574663,0.0,0.0,-1.2683809396946673,2465.4306989059323,0.0,0.0,1.0,-29.812303197808113
-0.014030951302697565,-0.0016999900045042177,0.205,287.3436041480513,0.0,0.0,-1.3998800136369731,2463.5012358955014,0.0,0.0,1.0,-32.29365260001106
0.007974544328870318,-0.012409745748291866,0.205,287.30734064127455,0.0,0.0,-1.3977777192265182,2465.273441599856,0.0,0.0,1.0,-32.60166091298765
-0.015160078573934144,0.011548907370588436,0.205,287.01022121355777,0.0,0.0,-1.1954226722089134,2464.3637246056905,0.0,0.0,1.0,-28.216619858885537
0.009816238601181733,-0.009663026440802722,0.205,287.4452836142873,0.0,0.0,-1.3979977416773606,2462.7824640317112,0.0,0.0,1.0,-33.33670211940073
-0.006666991326068573,-0.005707624494151652,0.205,287.716743939194,0.0,0.0,-1.1348572600571454,2461.8850008963705,0.0,0.0,1.0,-38.34954800254396
0.006996189244206008,0.016336752292319092,0.205,287.11526532003023,0.0,0.0,-1.2902352469259042,2458.256909415654,0.0,0.0,1.0,-31.376171407669336
0.004648279096751416,-0.013384036017985435,0.205,287.3043934093608,0.0,0.0,-1.3999408356442629,2460.1533586296864,0.0,0.0,1.0,-33.1126049137321
0.011416690955265091,0.011945817544699366,0.205,287.22231816656233,0.0,0.0,-1.3542354757786914,2462.956024959873,0.0,0.0,1.0,-30.266249950803164
-0.006383759360603809,-0.0148457669373559,0.205,287.23524371550405,0.0,0.0,-1.3677109155333418,2466.407743813398,0.0,0.0,1.0,-33.255049804902484
0.010349078807403283,0.01586382759571176,0.205,287.1164640818849,0.0,0.0,-1.2052470477047634,2461.5142098532924,0.0,0.0,1.0,-29.783809143172412
0.018407545101441016,-0.00446306671905229,0.205,287.2140653965654,0.0,0.0,-1.205264093163019,2465.6435984339887,0.0,0.0,1.0,-29.802289086560798
0.012767245951352387,0.014136445935572435,0.205,287.1301190921654,0.0,0.0,-1.1962337990768948,2461.3372665768607,0.0,0.0,1.0,-28.14296947391614
0.012024927588867838,-0.012795238156474986,0.205,287.1061562915348,0.0,0.0,-1.3031005930235031,2464.2713101492423,0.0,0.0,1.0,-27.542864865197235
-0.0037399032364621356,0.007990591954974088,0.205,287.7479185495149,0.0,0.0,-1.1393012590569767,2463.823706010221,0.0,0.0,1.0,-35.96975317216352
-0.005851581218301382,0.010678121549540093,0.205,287.43301017238554,0.0,0.0,-1.3619448645124521,2462.724105057288,0.0,0.0,1.0,-34.666753961023346
-0.0007759087218237915,0.01674815122270059,0.205,287.11637507609635,0.0,0.0,-1.3439727225919214,2467.736358023945,0.0,0.0,1.0,-30.3635759116221
-0.008765772229425716,-0.009919972284352947,0.205,287.4650393415109,0.0,0.0,-1.3909364013597727,2462.027116332674,0.0,0.0,1.0,-31.654278942806677
-0.004148792768586445,-0.00850615402946181,0.205,287.62891416039633,0.0,0.0,-1.1972851624351242,2462.677718464436,0.0,0.0,1.0,-39.54140459619999
-0.012485997381911381,-0.009847300799250766,0.205,287.2790576260185,0.0,0.0,-1.3758514939844848,2459.778798847855,0.0,0.0,1.0,-34.04060963789036
0.0012307663872211739,-0.009262606494058787,0.205,287.6164477727356,0.0,0.0,-1.1869946048889224,2463.2288896398254,0.0,0.0,1.0,-39.102038408071074
0.016932793455155127,-0.00480668192009791,0.205,287.23400192293815,0.0,0.0,-1.3005746344881721,2465.052867222844,0.0,0.0,1.0,-27.831521335721746
0.0070401736549473,0.007377937771640698,0.205,287.6169392999115,0.0,0.0,-1.2546918258918573,2463.7416590945754,0.0,0.0,1.0,-35.8269530450894
0.010839065337416404,0.006089341223919815,0.205,287.4887038838042,0.0,0.0,-1.3707639270930019,2467.1019403600876,0.0,0.0,1.0,-37.056280735656
0.016354685753876975,0.0003206924226535702,0.205,287.1699357805062,0.0,0.0,-1.3606803505900946,2465.500355911362,0.0,0.0,1.0,-31.731895353656185
-0.007280744022153292,-0.016604939557423436,0.205,287.08572194606495,0.0,0.0,-1.2667011278828688,2462.44416923615,0.0,0.0,1.0,-28.4864182273053
-0.012764325761554974,0.01197166510521752,0.205,287.2195956927506,0.0,0.0,-1.3065248825183506,2464.924001695703,0.0,0.0,1.0,-28.622488886339667
0.01869446012329349,0.004408137563846501,0.205,287.15294534526265,0.0,0.0,-1.182528515012977,2460.0286727979133,0.0,0.0,1.0,-28.399305834074347
0.0058600368378755275,-0.010300274285252055,0.205,287.40358827479605,0.0,0.0,-1.3490481685285625,2465.915190836844,0.0,0.0,1.0,-32.92129392992787
-0.01103915002978026,0.005493711393774261,0.205,287.59269254259215,0.0,0.0,-1.3673960980420454,2461.5690867503727,0.0,0.0,1.0,-33.269206932895294
0.001508843401068616,0.01866300163359101,0.205,287.01943913529755,0.0,0.0,-1.2228626358915184,2465.3866471606775,0.0,0.0,1.0,-28.527899316527932
0.0053881210043972465,-0.01716143641941996,0.205,287.02346123636363,0.0,0.0,-1.27638276735489,2461.9782044746544,0.0,0.0,1.0,-28.547103905109623
0.006321729175272526,0.015693460930870765,0.205,287.11536604658284,0.0,0.0,-1.3369621636861122,2465.4304476318853,0.0,0.0,1.0,-29.788142857652957
0.009592165589463788,0.0043733990345932285,0.205,287.6326299270884,0.0,0.0,-1.2783280820205416,2459.71137568752,0.0,0.0,1.0,-35.00925142719862
0.013136935903479263,-0.009834453896148806,0.205,287.21608168918505,0.0,0.0,-1.3587011807806457,2466.0220782908737,0.0,0.0,1.0,-31.135950033274753
-0.014733251834771333,-0.009235373911512395,0.205,287.1356686055014,0.0,0.0,-1.3128253666548553,2465.255386734239,0.0,0.0,1.0,-30.638732095729143
0.0024263014118253456,-0.01833433423673088,0.205,287.0384564679351,0.0,0.0,-1.2405859723912613,2462.9412569549845,0.0,0.0,1.0,-31.812680736411096
0.0041882463878047844,0.008884385691981226,0.205,287.5827067966604,0.0,0.0,-1.226486385583126,2463.4145715930663,0.0,0.0,1.0,-35.79525265994664
-0.013161597652860065,0.0013439003130156129,0.205,287.5190398220341,0.0,0.0,-1.3907931183822655,2460.6801962916993,0.0,0.0,1.0,-32.53701045336415
-0.0004162090722322136,-0.012536045871605247,0.205,287.45186701252595,0.0,0.0,-1.3742112990824706,2465.4159407608304,0.0,0.0,1.0,-35.407622314057576
-0.0005802924207640927,0.014761089537047887,0.205,287.23095226477085,0.0,0.0,-1.397583999570672,2462.6976841498345,0.0,0.0,1.0,-32.30769770669371
-0.011988960747547529,-0.009005067577841136,0.205,287.3738134824562,0.0,0.0,-1.3950984540966627,2463.541929503606,0.0,0.0,1.0,-31.93964006464325
0.01386850916613795,-0.005142144142608536,0.205,287.34346699477607,0.0,0.0,-1.3974086639109906,2460.960114608226,0.0,0.0,1.0,-34.23758143322251
-0.0007416778816232153,0.011237423515112718,0.205,287.47587541792745,0.0,0.0,-1.3209800288868347,2463.28822384374,0.0,0.0,1.0,-35.25410039701728
-0.01626451891143057,-0.002338615747449845,0.205,287.3415514086,0.0,0.0,-1.3578726403249308,2465.6237779574717,0.0,0.0,1.0,-31.604520009656845
-0.0074355828381566106,-0.01480179282903692,0.205,287.0633754753285,0.0,0.0,-1.3525939492345562,2461.0015864448883,0.0,0.0,1.0,-31.07123273336925
-0.016081079955189398,0.0071068603726881065,0.205,287.2505253881646,0.0,0.0,-1.3017767671902236,2463.18522642249,0.0,0.0,1.0,-29.310839126231578
-0.005395020188342273,-0.014614483663381453,0.205,287.1330082112978,0.0,0.0,-1.3843809097527697,2465.1547281262688,0.0,0.0,1.0,-31.52105693033758
-0.009454367178880575,-0.010334122428038519,0.205,287.37055659122404,0.0,0.0,-1.3994748233597616,2464.7185352299757,0.0,0.0,1.0,-33.45146507055011
0.009746556488549642,-0.009317944201428837,0.205,287.4131788526397,0.0,0.0,-1.394807863875413,2464.3556127597267,0.0,0.0,1.0,-33.21880685250563
-0.0038122512127758447,0.01239314671845399,0.205,287.40639076763665,0.0,0.0,-1.3854149735616317,2461.2002189401237,0.0,0.0,1.0,-32.60732215190618
0.016442081931643305,0.0061104422070692235,0.205,287.27534035685494,0.0,0.0,-1.3041613165668762,2461.472233456716,0.0,0.0,1.0,-30.800877681550865
-0.0026436106114903313,-0.00926789007624126,0.205,287.60453147098264,0.0,0.0,-1.2117213562051081,2467.200329019337,0.0,0.0,1.0,-38.44709625763979
-0.017653671330129465,0.0060123611454928,0.205,287.2225115833022,0.0,0.0,-1.228711557064486,2459.1132359563094,0.0,0.0,1.0,-28.33138644332341
-0.016191135133067452,-0.004066600430927692,0.205,287.341238954038,0.0,0.0,-1.3471377150286814,2466.590920134804,0.0,0.0,1.0,-29.755091351321862
-0.013055706412124723,0.0032718678909629444,0.205,287.53077975699574,0.0,0.0,-1.394468974241821,2465.937851353786,0.0,0.0,1.0,-33.549469984270104
-0.012316125645541501,0.003173599509630997,0.205,287.5379556230485,0.0,0.0,-1.379240955487142,2462.21817848891,0.0,0.0,1.0,-34.050565147996195
0.014745602331681946,0.002303442051148225,0.205,287.44460634092155,0.0,0.0,-1.3959745599105033,2461.0269861553015,0.0,0.0,1.0,-33.576533365400266
0.00661047724710248,-0.01788846903521156,0.205,286.8694839487606,0.0,0.0,-1.1943264811406478,2465.07281412552,0.0,0.0,1.0,-28.269467024362193
0.003047325678396421,-0.017573177125087675,0.205,287.0688818098389,0.0,0.0,-1.2862314080057788,2463.7978144023236,0.0,0.0,1.0,-28.95024817442744
-0.010394389126624163,0.015556805780090274,0.205,287.0308365307558,0.0,0.0,-1.223975077021373,2461.0644690418003,0.0,0.0,1.0,-29.584256695454034
0.00906526761308511,-0.0016367674377539216,0.205,287.7705784344541,0.0,0.0,-1.1753627795759862,2464.9873543510453,0.0,0.0,1.0,-37.73256896489895
-0.0018326565204043015,-0.017174621508540988,0.205,287.14120425699326,0.0,0.0,-1.3191717680735608,2464.154550627722,0.0,0.0,1.0,-30.577360858025976
-0.01073770460745991,0.015699938191217018,0.205,287.09386084386915,0.0,0.0,-1.1985813666291754,2466.9260216625094,0.0,0.0,1.0,-26.696307236678937
-0.009637299461928787,0.01320104894198791,0.205,287.17724887349124,0.0,0.0,-1.3611731856034428,2465.240478086839,0.0,0.0,1.0,-32.31808170199948
-0.005752597200556187,-0.009994229309967344,0.205,287.60858566446024,0.0,0.0,-1.334600187800388,2463.1376286425407,0.0,0.0,1.0,-32.82800192715728
-0.012118394771173413,0.003675530862923197,0.205,287.625890319601,0.0,0.0,-1.3777258172188815,2461.6276779373457,0.0,0.0,1.0,-36.19256712684504
-0.005607475069217553,-0.010305352148394122,0.205,287.4611055550829,0.0,0.0,-1.343896776644814,2461.4319677993476,0.0,0.0,1.0,-35.665438210994665
-0.008967853282248868,0.0008403177366625137,0.205,287.8530227027911,0.0,0.0,-1.1567372767069557,2464.952543601731,0.0,0.0,1.0,-37.61156359026165
0.0007057697329931536,0.009724813999762586,0.205,287.63211883894684,0.0,0.0,-1.2208205292869725,2462.8882356581857,0.0,0.0,1.0,-37.4290617951492
0.01689460786389251,0.001001494456914875,0.205,287.23910911570414,0.0,0.0,-1.3367081620528192,2463.5361158094242,0.0,0.0,1.0,-32.15845581264359
0.014760188737547586,0.005741234623437405,0.205,287.3201192069768,0.0,0.0,-1.3776981502328924,2462.869863431859,0.0,0.0,1.0,-30.853811641908354
-0.0024918914665684284,-0.01471240020282519,0.205,287.2906687730853,0.0,0.0,-1.396004258053921,2463.291688639492,0.0,0.0,1.0,-32.7985859473034
0.007622146658637423,-0.01777481899843939,0.205,286.89661678824825,0.0,0.0,-1.1707024638526347,2461.9180513326537,0.0,0.0,1.0,-27.818045734085146
1.2605788788546128e-05,0.01954647210835129,0.205,286.9192588529778,0.0,0.0,-1.1517366117810712,2460.3993399718856,0.0,0.0,1.0,-28.949276563419616
0.0009365337394929867,0.009157531227370843,0.205,287.6026609777857,0.0,0.0,-1.174778411142448,2462.59638453558,0.0,0.0,1.0,-35.79981182381919
-0.019456540184061104,-0.00442276657353364,0.205,287.0642569117688,0.0,0.0,-1.1121749261005616,2463.494004256609,0.0,0.0,1.0,-25.331280728046046
-0.008576592191979385,0.007950546225380297,0.205,287.57114443692655,0.0,0.0,-1.342220043297256,2465.753326897744,0.0,0.0,1.0,-34.81999242589518
0.004715316717417699,0.01272336418579301,0.205,287.39489428769787,0.0,0.0,-1.395895957497775,2466.0517288242177,0.0,0.0,1.0,-35.611468656723495
0.008482605456408538,-0.0012580878475206437,0.205,287.7897692043821,0.0,0.0,-1.1150228261862907,2462.601862321025,0.0,0.0,1.0,-40.27378272817586
0.00141244507800909,0.01629013686772533,0.205,287.08255381919923,0.0,0.0,-1.3609252320690035,2459.7481019754305,0.0,0.0,1.0,-28.571607599263828
-0.013346883330761537,-0.004279587957875692,0.205,287.53217964068347,0.0,0.0,-1.3995162876398322,2461.520956349463,0.0,0.0,1.0,-30.25443911932282
-6.98248582915098e-05,0.009742699952968371,0.205,287.66592984524016,0.0,0.0,-1.220227460649896,2465.124450456959,0.0,0.0,1.0,-35.22215038292519
-0.008610196240192774,0.00588828783053617,0.205,287.64793149764256,0.0,0.0,-1.2709315958680492,2461.606023319835,0.0,0.0,1.0,-36.71941489004869
0.003968570729748866,-0.008270634986521206,0.205,287.6594065953769,0.0,0.0,-1.1719296806591655,2462.8793667650816,0.0,0.0,1.0,-36.39864266346028
0.016776918201026184,-0.010031942228161969,0.205,287.0911476546312,0.0,0.0,-1.1516403992797046,2461.7440983949577,0.0,0.0,1.0,-29.66016145509391
-0.015204297355289316,-0.01145051183414742,0.205,287.1132974874707,0.0,0.0,-1.1974736673497222,2464.597460749716,0.0,0.0,1.0,-28.38612586277785
0.017113341462336385,0.009832342781262446,0.205,287.1103814222626,0.0,0.0,-1.133573463415032,2465.1371898244074,0.0,0.0,1.0,-27.99367201146807
0.00770034147917406,0.01549169089411575,0.205,287.23029660911,0.0,0.0,-1.3176772715498284,2460.295523756414,0.0,0.0,1.0,-31.72473778871227
-0.009106539117693784,0.007687195635235741,0.205,287.6249681280286,0.0,0.0,-1.3518433204974032,2465.288326923881,0.0,0.0,1.0,-34.78058596942224
-0.007339809400713132,-0.010779748323387324,0.205,287.4518342528494,0.0,0.0,-1.38707090190827,2465.6169650875668,0.0,0.0,1.0,-34.451204436089995
0.01794587197225975,-0.005080725409124486,0.205,287.1275630782051,0.0,0.0,-1.2285706286063183,2465.5091511732703,0.0,0.0,1.0,-31.713268262301362
0.004208280711945496,-0.014542385362074825,0.205,287.1919653834812,0.0,0.0,-1.393005069896307,2466.8751989755333,0.0,0.0,1.0,-32.37940010651758
-0.009302292066388674,-0.015367880273120513,0.205,287.0414006012311,0.0,0.0,-1.2779278819007935,2462.6338188047403,0.0,0.0,1.0,-31.118375193444614
-0.006727394385980883,-0.008111044748658197,0.205,287.64331973687814,0.0,0.0,-1.278049661512034,2460.7569046315234,0.0,0.0,1.0,-35.707603514645925
0.01416401383656907,0.004447966142901924,0.205,287.4207532021435,0.0,0.0,-1.396856380937768,2461.415415058471,0.0,0.0,1.0,-32.85752817812135
-0.006588284908412042,-0.013074772103370914,0.205,287.293878963484,0.0,0.0,-1.3986478960489805,2460.1300462674412,0.0,0.0,1.0,-32.45739452040348
-0.013863714384420982,-0.006519944790222536,0.205,287.3860779575142,0.0,0.0,-1.3898616499283296,2464.4057036777463,0.0,0.0,1.0,-32.92545328464635
0.0038269581764785025,0.007990874702283393,0.205,287.7584503192405,0.0,0.0,-1.1428921314516203,2464.1610375528085,0.0,0.0,1.0,-37.02647672747767
0.0010337723328352766,0.01835967024406151,0.205,286.97524934034124,0.0,0.0,-1.2484076428140316,2460.077865580532,0.0,0.0,1.0,-29.742622725009902
-0.00932990789029819,0.015033528089610958,0.205,287.15847092410473,0.0,0.0,-1.2950705238617952,2461.709584970126,0.0,0.0,1.0,-30.439465967451802
0.014087006871251763,-0.004711622617171508,0.205,287.37935821780496,0.0,0.0,-1.3967707527684194,2464.691284678994,0.0,0.0,1.0,-31.21363814329845
-0.009888725460032862,-0.0132052803875461,0.205,287.2899975049755,0.0,0.0,-1.355298288198221,2463.494428857648,0.0,0.0,1.0,-31.665749612291638
0.009649579363706454,-0.006365764716563036,0.205,287.72362047404255,0.0,0.0,-1.3359689054603843,2463.221861147577,0.0,0.0,1.0,-34.02150127907487
0.00869335954305882,-0.015355640890971037,0.205,287.0502514065264,0.0,0.0,-1.297954587814045,2464.0091114952706,0.0,0.0,1.0,-30.76601454852863
-0.012925999869809841,0.0006079440258050732,0.205,287.5355613195104,0.0,0.0,-1.3848193677333334,2462.9750930681816,0.0,0.0,1.0,-36.049435455443955
-0.013696436173704776,-0.010488417377481787,0.205,287.2358078431598,0.0,0.0,-1.320294259998178,2467.1393150739327,0.0,0.0,1.0,-29.76618190677145
-0.010987622497539774,-0.004600088002187105,0.205,287.57290270185985,0.0,0.0,-1.3516119475896713,2462.297729873916,0.0,0.0,1.0,-33.76905802328728
0.009835232756114512,0.012336578463067535,0.205,287.19303911725416,0.0,0.0,-1.3793565013452405,2469.0444390657112,0.0,0.0,1.0,-31.17089294182032
0.0012169389017522908,0.01793068401612637,0.205,287.083569793669,0.0,0.0,-1.2774041711431758,2463.5603214413645,0.0,0.0,1.0,-29.36497090617782
0.0004465963208006572,-0.012142520022377978,0.205,287.35666327578616,0.0,0.0,-1.3609990478061376,2465.2436929255764,0.0,0.0,1.0,-35.455605277190045
-0.006844819196263656,-0.00922351914951204,0.205,287.53067878645004,0.0,0.0,-1.3323822978065885,2463.169844216677,0.0,0.0,1.0,-33.99881341405737
-0.015902013289875557,0.0031832853812971034,0.205,287.2538821229191,0.0,0.0,-1.365741489898645,2465.5645715304177,0.0,0.0,1.0,-31.443551532856752
-0.019343729585481445,0.005013580793991916,0.205,286.99876642322613,0.0,0.0,-1.1091388270852047,2462.004766690549,0.0,0.0,1.0,-27.682577937451768
-0.004671490539079649,0.007509220328749863,0.205,287.7854130775003,0.0,0.0,-1.1413352533857892,2465.084226680398,0.0,0.0,1.0,-37.45490139371913
-0.006633104241765639,-0.0077427884911432055,0.205,287.60191812276435,0.0,0.0,-1.2545188675549324,2462.705502570634,0.0,0.0,1.0,-38.14683513286419
-0.0042356333624299315,0.010008146827524596,0.205,287.55969936964857,0.0,0.0,-1.2987483765549301,2461.407650301184,0.0,0.0,1.0,-35.9584930076235
0.014595221706263692,-0.006245781455622209,0.205,287.3759651168772,0.0,0.0,-1.3766174383426033,2464.686922812979,0.0,0.0,1.0,-32.4550224519576
-0.011934252245619755,-0.001269268883765561,0.205,287.63273501252496,0.0,0.0,-1.355259421369356,2466.626346824409,0.0,0.0,1.0,-34.79433648713852
-0.007031430548917162,-0.015771934425592483,0.205,287.08870774539054,0.0,0.0,-1.3193750130242092,2464.3827278947256,0.0,0.0,1.0,-29.833445226148566
0.005154613505672701,-0.00911857290322438,0.205,287.49052206826366,0.0,0.0,-1.2738603101021553,2459.922942686053,0.0,0.0,1.0,-36.179451342440004
-0.002989463246001929,0.01762950906742643,0.205,287.04765401600275,0.0,0.0,-1.2833100643505715,2463.6836422546035,0.0,0.0,1.0,-30.440602654709107
0.009827670506700623,0.0061928097377930685,0.205,287.58956093913736,0.0,0.0,-1.3386048503302825,2464.8728820339106,0.0,0.0,1.0,-35.116767022546746
-0.010315426740049595,0.008478307958415572,0.205,287.3947557480082,0.0,0.0,-1.392871630407655,2462.5436967687438,0.0,0.0,1.0,-33.33594357851099
-0.00990520266321257,-0.006076844260951207,0.205,287.5763943556957,0.0,0.0,-1.3388194857155775,2462.7724597527904,0.0,0.0,1.0,-35.68663089748331
-0.013602780410403184,-0.009648134142052466,0.205,287.26854484720945,0.0,0.0,-1.3478714048445197,2466.2625791134014,0.0,0.0,1.0,-32.88193020651549
0.0038502308417897022,0.008473662635498928,0.205,287.59730599778214,0.0,0.0,-1.1838008943383977,2464.454008721196,0.0,0.0,1.0,-38.88122818705352
0.012146671882483648,-0.0012927055505300158,0.205,287.63467848440274,0.0,0.0,-1.3633601335921663,2466.1617656020558,0.0,0.0,1.0,-34.04200480264105
0.0071308444109063375,0.013138387185331009,0.205,287.33774488036215,0.0,0.0,-1.3956785923711648,2463.179471390348,0.0,0.0,1.0,-29.232748251528083
-0.00955978428179007,-0.00567865802201037,0.205,287.55388778676365,0.0,0.0,-1.3132540943114226,2465.6261712985925,0.0,0.0,1.0,-36.00083264171341
0.014404377842515291,-0.0046366661110227815,0.205,287.3207750928792,0.0,0.0,-1.3931116544262778,2463.030586797317,0.0,0.0,1.0,-29.951634326140656
-0.013616024682223173,-0.004370903197357941,0.205,287.3870464787589,0.0,0.0,-1.3999775359545172,2464.90387162932,0.0,0.0,1.0,-32.658306289088365
-0.00871950744079446,-0.0010091250529714307,0.205,287.8710675271672,0.0,0.0,-1.1349808306165472,2459.2436887001486,0.0,0.0,1.0,-36.76690353362771
-0.005477393822039404,0.008412758136795786,0.205,287.6764507739717,0.0,0.0,-1.243049640822818,2462.5688657459696,0.0,0.0,1.0,-36.187059113489994
0.016722474081003587,-0.010653039668388481,0.205,287.0377391246452,0.0,0.0,-1.124696052379402,2461.9309612928178,0.0,0.0,1.0,-28.326121973128334
-0.019584696971917257,0.0026368124900690445,0.205,287.05191719681557,0.0,0.0,-1.1311789233489733,2461.8396955766725,0.0,0.0,1.0,-28.155993460727675
-0.0007742439268151548,-0.0162911793581069,0.205,287.14166016296485,0.0,0.0,-1.362460324175599,2462.6175198668257,0.0,0.0,1.0,-31.875195322643847
0.01896637895491648,-0.002099612255706339,0.205,287.15094295775316,0.0,0.0,-1.1933498555147193,2461.6404516433954,0.0,0.0,1.0,-29.5698722037927
-0.013378808601177572,-0.010301418323663603,0.205,287.2162338540381,0.0,0.0,-1.3385413559459372,2463.2314833751793,0.0,0.0,1.0,-30.03825230216349
-0.00838232161627146,0.011995645566685937,0.205,287.39332559390573,0.0,0.0,-1.3986938966480973,2465.939886030655,0.0,0.0,1.0,-33.96923619836581
-0.005177688783464514,-0.010972515552904127,0.205,287.38928410132274,0.0,0.0,-1.3603295534953628,2463.2691677145035,0.0,0.0,1.0,-35.59304771052476
0.0037962966169617046,0.013530877038644895,0.205,287.321923197268,0.0,0.0,-1.399657745406098,2464.226175834266,0.0,0.0,1.0,-35.242983979233294
-0.01561328938501263,0.004714601896749197,0.205,287.36005209787754,0.0,0.0,-1.362459991220697,2464.3596333555397,0.0,0.0,1.0,-30.937839917478634
0.00787926312741461,0.017997754248899645,0.205,286.9686484692399,0.0,0.0,-1.142229888676401,2463.5116042707064,0.0,0.0,1.0,-27.86446421895127
0.018997347263570115,0.0026000110199191364,0.205,287.08474778140373,0.0,0.0,-1.185388572260662,2464.6992189073335,0.0,0.0,1.0,-28.61939655067159
0.010950911741060224,0.009314123223664709,0.205,287.33878111389106,0.0,0.0,-1.3998590344136446,2460.6679746838277,0.0,0.0,1.0,-32.636543021011576
0.010251599843396386,0.005261497139929264,0.205,287.51678313770844,0.0,0.0,-1.3341855833951477,2467.376526743304,0.0,0.0,1.0,-35.180101433621516
-0.013626888608676594,0.010944948737191389,0.205,287.25241595432135,0.0,0.0,-1.3077783860769872,2464.5851595578742,0.0,0.0,1.0,-30.672181239542052
0.002416159018824743,-0.019355759765182005,0.205,286.9556855325074,0.0,0.0,-1.1555184668273906,2465.5289567975497,0.0,0.0,1.0,-28.603686172163655
-0.009223519795784521,0.017391092001675004,0.205,286.9826320539948,0.0,0.0,-1.1385215818393637,2462.807325479002,0.0,0.0,1.0,-28.781283500818773
-0.014317322592602018,0.011719766866227456,0.205,287.1861264633905,0.0,0.0,-1.2399682863610686,2460.475179010501,0.0,0.0,1.0,-29.446847001692767
0.0125138567084404,-0.007461092158072651,0.205,287.4390520597213,0.0,0.0,-1.3990977294363953,2462.208845593061,0.0,0.0,1.0,-33.84204323023749
-0.01820840806194129,-0.0002330699590483475,0.205,287.22149686350974,0.0,0.0,-1.261226354812179,2464.455302796684,0.0,0.0,1.0,-29.43924422440417
0.007382958047300383,0.009893744108138692,0.205,287.40274630383544,0.0,0.0,-1.3678769394314918,2462.259855924167,0.0,0.0,1.0,-32.967335578315115
0.0160418497208239,-0.0012550519040294603,0.205,287.3012546923012,0.0,0.0,-1.370009419048841,2461.963760094428,0.0,0.0,1.0,-30.785788227867652
-0.014871689405011617,0.0016181912069952317,0.205,287.41981632781295,0.0,0.0,-1.3955454433226107,2460.8713896112463,0.0,0.0,1.0,-30.44090346909834
0.016088575412992443,-0.006916405150202531,0.205,287.1541446514823,0.0,0.0,-1.3058168403276171,2464.170630895402,0.0,0.0,1.0,-30.878781187400964
0.01849119284181453,0.001397559419878974,0.205,287.17589547955663,0.0,0.0,-1.2368268117029506,2462.298191613972,0.0,0.0,1.0,-31.10472359221973
-0.007250016398076482,0.004555907385053765,0.205,287.77579447448676,0.0,0.0,-1.113741721996473,2461.376493777311,0.0,0.0,1.0,-39.26597859963839
0.01672463310731053,-0.004088468413120978,0.205,287.228532872892,0.0,0.0,-1.3220876416728402,2462.7996540898907,0.0,0.0,1.0,-30.027125679396246
-0.01644399059669915,-0.004633088987350415,0.205,287.17309130475,0.0,0.0,-1.3289107942622236,2462.0963034671904,0.0,0.0,1.0,-31.00072818715994
-0.0030216425723845843,0.016346229169124826,0.205,287.11584804698003,0.0,0.0,-1.3501582146063829,2460.483895145189,0.0,0.0,1.0,-32.47491807853152
0.015432109410772433,-0.001184610512142978,0.205,287.3553734925283,0.0,0.0,-1.386665141369144,2463.094329032763,0.0,0.0,1.0,-31.760932436363817
0.019113472950095235,0.005422014105005472,0.205,287.0464499215736,0.0,0.0,-1.1207158372166441,2463.3025358185255,0.0,0.0,1.0,-26.378329981156035
0.013499711036832373,0.0031605683161932134,0.205,287.60733569214585,0.0,0.0,-1.3986865425995316,2464.7687795432907,0.0,0.0,1.0,-34.40490024168322
-0.011323219765095476,0.008407205614849202,0.205,287.4318765449836,0.0,0.0,-1.3998089286833864,2463.027119002383,0.0,0.0,1.0,-32.272904436115844
-0.011388139003648663,-0.016028552628794147,0.205,286.9180472687957,0.0,0.0,-1.1407642585037892,2466.0075519518055,0.0,0.0,1.0,-29.099434409947467
0.00661646486397104,0.0064079571288035144,0.205,287.79421693912,0.0,0.0,-1.1752729185337771,2463.2146982523063,0.0,0.0,1.0,-36.67688527679264
0.006289799758722897,-0.011019869661554278,0.205,287.3878979891824,0.0,0.0,-1.3784226045321442,2463.1872129333933,0.0,0.0,1.0,-35.30361294644206
0.01020231186943557,0.01563748539654676,0.205,287.0323997881244,0.0,0.0,-1.2270015774437646,2463.2083439338667,0.0,0.0,1.0,-29.900509146617633
0.0015589801075491722,0.019469339863525625,0.205,286.8896061184472,0.0,0.0,-1.153123943218287,2467.1176295534256,0.0,0.0,1.0,-27.784851587330724
0.008425440119725602,-0.01683401807786135,0.205,287.0849389270577,0.0,0.0,-1.214784054407828,2465.146440387802,0.0,0.0,1.0,-30.006671425551165
-0.015706841499857557,-0.007100210732827396,0.205,287.2512989040986,0.0,0.0,-1.3210339834453237,2462.3395154581576,0.0,0.0,1.0,-29.985342702868344
-0.017528145199516093,-0.006216100638373409,0.205,287.12380001326295,0.0,0.0,-1.232711939270186,2468.2779689034223,0.0,0.0,1.0,-29.298975203098518
0.015824012278302945,-0.01155853278422737,0.205,287.15147473988856,0.0,0.0,-1.1470822855808085,2462.5581253333035,0.0,0.0,1.0,-30.112237172459
0.003294638771371678,-0.010799221380405923,0.205,287.46446812751464,0.0,0.0,-1.3224925143229707,2464.0806110200033,0.0,0.0,1.0,-36.506399225419734
0.003672102813936935,0.008151251721892204,0.205,287.678890544489,0.0,0.0,-1.150486332566819,2461.7093064909022,0.0,0.0,1.0,-34.864769731952194
-0.01561847365135912,-0.0032412942868348346,0.205,287.31750597571073,0.0,0.0,-1.3743858345355837,2463.398366923121,0.0,0.0,1.0,-30.65959846458698
-0.019117282074868427,-0.0050410195089821246,0.205,287.0487138567223,0.0,0.0,-1.130267061793598,2465.406439765525,0.0,0.0,1.0,-27.858397848952855
-0.007110786614115818,0.0069013080754299705,0.205,287.542828460252,0.0,0.0,-1.2332417515538525,2463.705856790841,0.0,0.0,1.0,-38.87782096562095
0.0014927491705591395,-0.015534484684475533,0.205,287.2512604116919,0.0,0.0,-1.383726377059153,2465.8948247919,0.0,0.0,1.0,-32.81198181059602
0.014554996730436177,-0.006670213441000599,0.205,287.30741979812785,0.0,0.0,-1.3725674835653807,2464.186473297756,0.0,0.0,1.0,-29.128150181103695
0.012386756882129882,0.014443056946161768,0.205,287.0789650020394,0.0,0.0,-1.1980321994727077,2466.90452763369,0.0,0.0,1.0,-28.170913921285454
0.009369652548328113,0.012988836514936977,0.205,287.23875374106933,0.0,0.0,-1.3724110063427513,2462.971326812724,0.0,0.0,1.0,-31.63428192956806
0.0011235845972776396,-0.009900499247357353,0.205,287.57395650035744,0.0,0.0,-1.237432969068079,2463.5847117083504,0.0,0.0,1.0,-34.95865323464541
-0.013167320532120129,0.013153693128755617,0.205,287.0877469981752,0.0,0.0,-1.2316302359767144,2463.093524729056,0.0,0.0,1.0,-29.485335293530344
-0.00254612555579839,-0.009147320945345634,0.205,287.62942887230656,0.0,0.0,-1.1999087820483674,2462.61470614499,0.0,0.0,1.0,-35.35644916953032
-0.012597664335522963,-0.013394849044342516,0.205,287.1000525207685,0.0,0.0,-1.2484535503261822,2463.7443191208727,0.0,0.0,1.0,-27.44192183446597
-0.0012344828965696688,0.0114864277818458,0.205,287.392601658176,0.0,0.0,-1.3356071512594252,2462.8285191087857,0.0,0.0,1.0,-35.94170211461696
0.01332344589614534,-0.014516037088368568,0.205,286.9924576388925,0.0,0.0,-1.1367939549133665,2462.858755886199,0.0,0.0,1.0,-27.989431070979244
-0.0005942426022611253,0.011977988497683547,0.205,287.4644499415134,0.0,0.0,-1.3549069611006357,2462.7351003970257,0.0,0.0,1.0,-35.70954296582892
-0.01917743009217742,0.0012297723552622906,0.205,287.12328084748066,0.0,0.0,-1.181679032172786,2465.1991217344516,0.0,0.0,1.0,-29.6938677324305
0.008316702820845194,-0.012988336486573927,0.205,287.26405901781476,0.0,0.0,-1.3878261860849974,2464.432136434956,0.0,0.0,1.0,-32.34931944539887
0.0014510641794013392,-0.018570147073684356,0.205,287.0595988258819,0.0,0.0,-1.2304714578935136,2462.680286751408,0.0,0.0,1.0,-28.5193567964584
-0.010009807348847474,0.011688678464623242,0.205,287.1508736792267,0.0,0.0,-1.3885187489691582,2465.234851916789,0.0,0.0,1.0,-31.74513206079438
-0.01520055969615752,0.010357227456425859,0.205,287.06741623814906,0.0,0.0,-1.2480429673518811,2462.9238859555917,0.0,0.0,1.0,-29.013935755649985
-0.0011905440396574993,-0.01326915064919254,0.205,287.3868861801994,0.0,0.0,-1.3923860419750838,2464.039881364795,0.0,0.0,1.0,-32.964979057844175
-0.0013957047093659252,-0.01630299240671743,0.205,287.0939104332383,0.0,0.0,-1.3605011758251515,2466.141606774634,0.0,0.0,1.0,-29.043292343810595
-0.012559703642850166,0.007518063927602997,0.205,287.4389934789825,0.0,0.0,-1.3986685449289624,2460.854489404531,0.0,0.0,1.0,-32.34830520827429
-0.013532181806662437,-0.0064536777687897815,0.205,287.28992647732906,0.0,0.0,-1.395123250954863,2465.063430075946,0.0,0.0,1.0,-33.69716163880508
0.010621892148438686,-0.007998392024472157,0.205,287.41226702167654,0.0,0.0,-1.3919552410168343,2464.577267450422,0.0,0.0,1.0,-35.38929571183953
0.011607130778429186,0.00880792839374189,0.205,287.3439229173467,0.0,0.0,-1.3990898416825353,2466.1597988012245,0.0,0.0,1.0,-34.84001034702685
-0.005340182621302462,-0.013272702906502318,0.205,287.2585576192769,0.0,0.0,-1.399971530006014,2460.231166301159,0.0,0.0,1.0,-32.643727072963884
0.012583119162844304,-0.011967748824617435,0.205,287.0863679271017,0.0,0.0,-1.314097726984303,2466.1845217350933,0.0,0.0,1.0,-29.447316274925935
-0.010760041451548711,-0.010002189774264501,0.205,287.32459930856356,0.0,0.0,-1.3982797085351242,2463.4587924514813,0.0,0.0,1.0,-31.46471830619884
0.010312851938973747,0.0055170072157977685,0.205,287.5240792547738,0.0,0.0,-1.3422648239438997,2461.353230725119,0.0,0.0,1.0,-33.72721255792756
0.018309849274396005,-0.0010632696865640525,0.205,287.22751042701475,0.0,0.0,-1.2519075204229317,2462.7209221719477,0.0,0.0,1.0,-29.99411135592063
-0.015214600668243757,-0.00551748464217247,0.205,287.3304931739958,0.0,0.0,-1.366893069023159,2462.785547646846,0.0,0.0,1.0,-31.493809027408453
0.003981146459332657,0.013412523929685458,0.205,287.3723717475439,0.0,0.0,-1.3994058879397362,2467.396910389996,0.0,0.0,1.0,-34.61558609552983
-0.0060004816396349425,0.010390363309399115,0.205,287.49910739221707,0.0,0.0,-1.3551399670593676,2466.5209064705105,0.0,0.0,1.0,-34.47850131348671
-0.012674779524543822,-0.0010009608164025538,0.205,287.49584929914585,0.0,0.0,-1.3791270416420305,2463.4387487891327,0.0,0.0,1.0,-32.72915999479753
0.0008964316122425483,0.00963109908159621,0.205,287.53874202428256,0.0,0.0,-1.214581889776707,2462.3096676728605,0.0,0.0,1.0,-36.48260543869165
0.013377313054619436,0.0057883345486372875,0.205,287.3946335568815,0.0,0.0,-1.399059953227988,2462.4914788146434,0.0,0.0,1.0,-33.37242218651385
-0.01498869040394763,0.013201794322537442,0.205,286.99827928025906,0.0,0.0,-1.1100717455875349,2462.567544339563,0.0,0.0,1.0,-29.249096089492568
0.010111751686115228,0.012962366760420844,0.205,287.1731481557725,0.0,0.0,-1.3575586532954043,2462.91349728012,0.0,0.0,1.0,-31.146035814742437
0.011546754577979339,-0.014344084711419498,0.205,287.0915392382538,0.0,0.0,-1.246542579993901,2466.3892603254735,0.0,0.0,1.0,-30.573233594364886
0.007092350931237229,-0.013295200370690066,0.205,287.27892053918526,0.0,0.0,-1.3940691021807838,2463.2308927542376,0.0,0.0,1.0,-30.905795145331115
0.00013319546810144285,0.019000820433478238,0.205,286.98585466237614,0.0,0.0,-1.2002157662497455,2466.9107917524007,0.0,0.0,1.0,-28.136123640779974
0.015381580962150785,0.0008909539828257555,0.205,287.4498724042888,0.0,0.0,-1.3881456497565032,2460.4835055448466,0.0,0.0,1.0,-33.30667533811609
0.00936610842221571,0.007124946344151364,0.205,287.5172692298561,0.0,0.0,-1.34548735795692,2462.3129526839725,0.0,0.0,1.0,-36.36872962560157
-0.008100460165891074,0.015127048755276394,0.205,287.2033177106142,0.0,0.0,-1.3250889401699537,2461.2382699311806,0.0,0.0,1.0,-30.91179840649238
0.009755843430476386,0.010946024744764003,0.205,287.381817164407,0.0,0.0,-1.3984933781629763,2462.5349400811647,0.0,0.0,1.0,-31.29610327072007
0.010853451841878253,-0.00710775069455171,0.205,287.5087613747891,0.0,0.0,-1.3855845816632932,2464.1414071921195,0.0,0.0,1.0,-33.53481741050521
0.016960607910509424,-0.0032948934931871306,0.205,287.22714820057007,0.0,0.0,-1.3188737851074608,2466.189869861785,0.0,0.0,1.0,-31.017975926809072
-0.019360992261394188,-0.004409310979038749,0.205,286.99922816603777,0.0,0.0,-1.121798697227889,2464.653931217488,0.0,0.0,1.0,-27.753908244503595
-0.013176807932835174,0.00747066315867094,0.205,287.33746192550285,0.0,0.0,-1.392875372878645,2459.6681714304814,0.0,0.0,1.0,-33.6883452613765
0.005724787682614723,-0.017388898627198217,0.205,287.0063787197268,0.0,0.0,-1.2543357498010594,2464.6061753462054,0.0,0.0,1.0,-30.850172021804763
0.019266594900878214,0.0016549379944920332,0.205,287.20500593310504,0.0,0.0,-1.1709372304922419,2462.4459160530755,0.0,0.0,1.0,-28.809610156070104
0.01202661299262409,-0.014611910702665045,0.205,286.989234621302,0.0,0.0,-1.2065978650117142,2463.4660689754774,0.0,0.0,1.0,-27.667769921071333
0.0045005574398549525,0.009327843924406326,0.205,287.51016921941863,0.0,0.0,-1.265863202548202,2463.6961856191124,0.0,0.0,1.0,-35.52755191017664
0.015936025379191174,0.008159292633494328,0.205,287.18356797719446,0.0,0.0,-1.2818787685304858,2467.561810549569,0.0,0.0,1.0,-31.090457134351638
0.009886821130857487,-0.012337785404705615,0.205,287.2966052449184,0.0,0.0,-1.3784505726129201,2461.7878821145127,0.0,0.0,1.0,-31.81850482836255
-0.006004493308103293,-0.009027752097444317,0.205,287.57396851274683,0.0,0.0,-1.297227789313753,2460.8024704616096,0.0,0.0,1.0,-34.89202789948267
0.014588402966654824,0.005122514478177466,0.205,287.43750077996515,0.0,0.0,-1.387008160875603,2463.8912595319707,0.0,0.0,1.0,-31.554821845963215
-0.017938558546081753,-0.0034729369755535275,0.205,287.2207678790616,0.0,0.0,-1.2568645990278624,2463.739714356945,0.0,0.0,1.0,-31.008970027628365
0.006132708631655452,0.010785451052768714,0.205,287.46848284755396,0.0,0.0,-1.3699431594082165,2461.666800953138,0.0,0.0,1.0,-34.68129935482538
0.0012576537631365185,0.018073571210602647,0.205,287.0179831038101,0.0,0.0,-1.2676424126772818,2465.5880895995606,0.0,0.0,1.0,-28.180715329617957
-0.003872489626238273,0.015685776841678028,0.205,287.15518673278655,0.0,0.0,-1.3678252729571645,2463.097706164505,0.0,0.0,1.0,-30.97815809416154
-0.007114796981719047,0.007926690767826436,0.205,287.61377968384426,0.0,0.0,-1.2853957322047749,2461.7529712576174,0.0,0.0,1.0,-36.37657032140767
0.008793037077895085,-0.007259530867924525,0.205,287.60963959211387,0.0,0.0,-1.3282455345222246,2462.9472327516346,0.0,0.0,1.0,-35.1898330441413
0.006981986081100709,0.018449908881812273,0.205,286.9890580905698,0.0,0.0,-1.1345425458528164,2466.2595508168683,0.0,0.0,1.0,-28.604326533883462
0.009277618051156485,-0.013843589234039737,0.205,287.13930071076726,0.0,0.0,-1.3483892912693718,2464.152348550976,0.0,0.0,1.0,-30.104596943497874
0.0028338649961066327,-0.012997719832412267,0.205,287.310910435478,0.0,0.0,-1.3920643977465212,2464.591432813214,0.0,0.0,1.0,-33.2602444532083
-0.0036776234575575393,-0.010926267960767603,0.205,287.4868513564189,0.0,0.0,-1.3344566636782147,2465.0704300338475,0.0,0.0,1.0,-37.741982654761465
0.011048807502464012,0.002135863932359923,0.205,287.68539526069304,0.0,0.0,-1.3205290486022614,2460.771690869345,0.0,0.0,1.0,-36.84988111709179
-0.01319970907148918,0.014612391336865633,0.205,286.95885565758243,0.0,0.0,-1.1379571195183915,2464.553325627374,0.0,0.0,1.0,-28.11223869442566
-0.00939113481823577,-0.0009794106479321253,0.205,287.744151145889,0.0,0.0,-1.1954237716678544,2460.0138881495172,0.0,0.0,1.0,-37.750857740386145
-0.00403653733360066,0.018200988541539363,0.205,286.93896246877927,0.0,0.0,-1.2291935156220524,2467.802732014053,0.0,0.0,1.0,-27.755363598944474
0.0017243597050772687,-0.01728495131038816,0.205,287.1175563468403,0.0,0.0,-1.313810053354412,2468.0163130911665,0.0,0.0,1.0,-30.124947099325297
0.009842372097747073,-0.003476129553271791,0.205,287.6801130099296,0.0,0.0,-1.2714116519898089,2463.609227108781,0.0,0.0,1.0,-36.72377755662482
-0.016654633870790584,-0.003480859460182477,0.205,287.41058141410514,0.0,0.0,-1.3323649466904293,2463.4405519775705,0.0,0.0,1.0,-30.611403729499806
-0.018176811699644666,-0.0034187686508874654,0.205,287.0892040149294,0.0,0.0,-1.2404849974773553,2464.9152511649872,0.0,0.0,1.0,-31.124959484059016
0.0010048564267338335,-0.015904431258165583,0.205,287.0972635260064,0.0,0.0,-1.3748390111801483,2461.79401089336,0.0,0.0,1.0,-31.465164920580207
0.014614510830952354,0.004853044926947228,0.205,287.2981782658961,0.0,0.0,-1.3883118744617866,2459.5519460918294,0.0,0.0,1.0,-30.89010913636312
-0.013707052384828852,0.004196094355289064,0.205,287.45386682869156,0.0,0.0,-1.399936150293288,2462.978118763718,0.0,0.0,1.0,-31.95253602440756
-0.013242460032695013,-0.01398168336768365,0.205,286.95121345926935,0.0,0.0,-1.1780906276606802,2463.935555511291,0.0,0.0,1.0,-27.950604926203148
-0.017879082942218728,-0.006795709099852338,0.205,287.0519210397221,0.0,0.0,-1.1895012839461256,2460.922023347155,0.0,0.0,1.0,-28.303116407327668
0.007912626655206777,0.015406387972148577,0.205,287.1249788599698,0.0,0.0,-1.3166155429592283,2462.70039873583,0.0,0.0,1.0,-30.912222399767092
-0.008334416337307134,0.013058228734466397,0.205,287.307879918798,0.0,0.0,-1.3863642228569522,2466.242846895879,0.0,0.0,1.0,-30.483393630574298
-0.00013883327159101323,0.018311826095248524,0.205,286.9409435124558,0.0,0.0,-1.2539526042336113,2464.5794225567965,0.0,0.0,1.0,-28.792364229219913
-0.01691715124530069,-0.005186649657763618,0.205,287.26187422867247,0.0,0.0,-1.2950064587835401,2461.5185185395276,0.0,0.0,1.0,-29.598237865754662
0.0009325254067192098,0.00946492287422212,0.205,287.58863900328237,0.0,0.0,-1.2012267950535538,2466.3287011886605,0.0,0.0,1.0,-37.16493321470626
-0.008803165202730527,0.0072043274873919445,0.205,287.6050666268117,0.0,0.0,-1.326866611748124,2461.936273855136,0.0,0.0,1.0,-34.76196916298715
0.011547056668234055,-0.013585064239527619,0.205,287.11239322472255,0.0,0.0,-1.2866123395947129,2464.5121780162176,0.0,0.0,1.0,-29.500963410218272
0.019030260835586,0.001962940780771013,0.205,287.04593398145397,0.0,0.0,-1.1891385501334775,2463.085543125998,0.0,0.0,1.0,-29.920024033400992
-0.010274282033880621,0.010516927137326054,0.205,287.35740230297364,0.0,0.0,-1.398187076235007,2462.8323168728534,0.0,0.0,1.0,-31.772818314633728
0.011089770894222693,-0.0024102786960380524,0.205,287.6488620971689,0.0,0.0,-1.3255043529582162,2461.7192843900098,0.0,0.0,1.0,-35.463169987566694
0.008365839465955403,0.013135177804837929,0.205,287.31106210391135,0.0,0.0,-1.3845083726758283,2466.126940855098,0.0,0.0,1.0,-30.86735146348648
0.0031303153445110554,0.01584953682030085,0.205,287.1622730498824,0.0,0.0,-1.3678598134836921,2462.310005666687,0.0,0.0,1.0,-30.40801806676467
-0.002706181643228547,-0.010382964305957313,0.205,287.5005989565789,0.0,0.0,-1.2903358732899086,2462.7356670798763,0.0,0.0,1.0,-37.34163240047213
-0.0043358449372063596,0.018945163985695627,0.205,286.96631307346115,0.0,0.0,-1.1620781773987408,2466.1032060853986,0.0,0.0,1.0,-30.046479723843763
-0.004588105389305484,0.014207451863065424,0.205,287.227232126927,0.0,0.0,-1.395908811537366,2462.8979176665903,0.0,0.0,1.0,-31.615065314312663
-0.0014790090075056147,0.01960679739434418,0.205,286.86125966869025,0.0,0.0,-1.1407404766447031,2463.8407068929428,0.0,0.0,1.0,-25.2964451619925
0.014003017146979905,0.006436569432149431,0.205,287.41940430660475,0.0,0.0,-1.3880610277135723,2462.128959525277,0.0,0.0,1.0,-30.66918019235652
0.0022296626596584484,0.010180897256144017,0.205,287.560115583123,0.0,0.0,-1.270330105130678,2463.0900716061587,0.0,0.0,1.0,-35.96905997067335
-0.01039604491440247,0.016777402662888498,0.205,286.9139075897672,0.0,0.0,-1.1335302368339588,2459.9010064490935,0.0,0.0,1.0,-26.85195335355308
-0.0010270011390186972,-0.014486636072110533,0.205,287.250042331334,0.0,0.0,-1.3993404541698256,2466.667901224028,0.0,0.0,1.0,-32.87701592529415
0.00807453051045083,-0.015581148730844516,0.205,287.10464585949796,0.0,0.0,-1.3036782087070242,2463.0580261794316,0.0,0.0,1.0,-31.500057601147653
0.011904188232738868,-0.011147871634151915,0.205,287.2702197945015,0.0,0.0,-1.3624795877841194,2460.7331306882916,0.0,0.0,1.0,-31.4279740491906
0.0061406975305181265,-0.01203134566272612,0.205,287.38443711549576,0.0,0.0,-1.395125314749568,2462.0840353801245,0.0,0.0,1.0,-33.81953622146699
0.014863980117484167,-0.0026565520974851874,0.205,287.47653526495424,0.0,0.0,-1.3936133272065856,2463.3780499617155,0.0,0.0,1.0,-33.57655543728279
-0.011112170284594656,-0.002092442303396659,0.205,287.608471286811,0.0,0.0,-1.3233727053687805,2459.878390876099,0.0,0.0,1.0,-34.7932421112892
0.011835031129249163,0.011923910988235786,0.205,287.24389537011655,0.0,0.0,-1.3424432599549256,2464.6250943132454,0.0,0.0,1.0,-30.80245983337539
-0.012721638120323134,-0.0007052485324827595,0.205,287.55374231455295,0.0,0.0,-1.3798526295121119,2463.5170953299885,0.0,0.0,1.0,-33.877714451667195
0.006156251608060494,0.006877497197965746,0.205,287.6658205982592,0.0,0.0,-1.1770101340369301,2463.8703571254864,0.0,0.0,1.0,-36.84202342238004
0.01268763547362303,0.013513988465831385,0.205,287.0667349217621,0.0,0.0,-1.237386717108042,2463.6468410816665,0.0,0.0,1.0,-29.12594660782989
0.014449025419331093,0.0038436734623450938,0.205,287.3895083203856,0.0,0.0,-1.3956446056768106,2466.504958286619,0.0,0.0,1.0,-32.12423451463332
-0.0018856081845160112,0.014960511079793648,0.205,287.2300766742998,0.0,0.0,-1.3939198459181346,2463.5601392597387,0.0,0.0,1.0,-30.46524394525333
0.007070177351284331,0.017988831364221313,0.205,286.9163471207225,0.0,0.0,-1.1717633259256528,2466.488599659896,0.0,0.0,1.0,-28.371828935248317
0.01031586385837988,0.016298965310068154,0.205,286.99031619980843,0.0,0.0,-1.1752694143418945,2465.0369595777215,0.0,0.0,1.0,-29.87737720923742
0.008920383720383023,0.016411907403670243,0.205,287.0012390116604,0.0,0.0,-1.2263602098973292,2462.0409608263426,0.0,0.0,1.0,-30.127126759354713
0.01810347505327236,-0.006789802669016153,0.205,287.1429752903877,0.0,0.0,-1.1711776300169723,2465.8178253965048,0.0,0.0,1.0,-28.583511914801612
0.013199745336290838,-0.0002282233383351884,0.205,287.4514511398773,0.0,0.0,-1.390274885065606,2462.708518642734,0.0,0.0,1.0,-32.20473953962991
-0.01223202081899527,0.013497195652642428,0.205,287.0208513850342,0.0,0.0,-1.2608486115867115,2465.7156369802747,0.0,0.0,1.0,-28.523604710452194
0.014764258486369374,0.0024472728762771675,0.205,287.37575447039075,0.0,0.0,-1.3954667184088794,2464.520724698215,0.0,0.0,1.0,-31.465934617685722
-0.01413397166683357,0.012825955093764106,0.205,287.04802919314204,0.0,0.0,-1.1930306852914163,2459.3450664680545,0.0,0.0,1.0,-29.64171385778334
0.00930076791740677,-0.0014416275968300554,0.205,287.77674617728775,0.0,0.0,-1.192842531895298,2462.901150654668,0.0,0.0,1.0,-37.30870313644924
0.015169331846428243,0.007352531503858066,0.205,287.2646217592629,0.0,0.0,-1.3398385193580713,2464.1404174825634,0.0,0.0,1.0,-32.25687337159207
-0.008334638704865109,-0.008484582689823982,0.205,287.5484518792043,0.0,0.0,-1.3508539111302424,2464.9923127517804,0.0,0.0,1.0,-35.57766325888373
-0.010203789308219881,-0.0007649287398441535,0.205,287.6072601041645,0.0,0.0,-1.257154172213203,2464.0821262478876,0.0,0.0,1.0,-35.67610719631271
0.01208428839612256,-0.008644098235183438,0.205,287.3096417983948,0.0,0.0,-1.3967320217615409,2463.96592119155,0.0,0.0,1.0,-30.72048185599889
0.012653158749270359,0.0039710792126569335,0.205,287.5360962347553,0.0,0.0,-1.3913554495212388,2462.275284629939,0.0,0.0,1.0,-36.24011788367497
-0.01386164114497568,0.0068998956358094,0.205,287.3369744148469,0.0,0.0,-1.3865241771947525,2461.6403218346863,0.0,0.0,1.0,-32.95465413297395
-0.007346284090063555,-0.008486479464889786,0.205,287.5639735250842,0.0,0.0,-1.318988253706351,2463.714872145775,0.0,0.0,1.0,-35.60351708459257
0.008772543000861246,-0.0006308350659203199,0.205,287.91579073859793,0.0,0.0,-1.1366720153412841,2460.48990522207,0.0,0.0,1.0,-35.49724843336846
-0.014325393779462332,-0.0036820434570821866,0.205,287.37227755128333,0.0,0.0,-1.397409583946485,2462.8295868550163,0.0,0.0,1.0,-32.31300322344668
0.008143584817714692,-0.014212147095334455,0.205,287.2349758302771,0.0,0.0,-1.359850361308702,2463.198290938039,0.0,0.0,1.0,-29.815824652908514
0.01324405158298007,-0.012337786377297011,0.205,287.14150951070286,0.0,0.0,-1.2687923908959617,2463.7182634091732,0.0,0.0,1.0,-28.580010440769147
-0.0081038877925909,-0.010128136291063492,0.205,287.399138403521,0.0,0.0,-1.3855275873058268,2462.5101124407634,0.0,0.0,1.0,-34.450258336805746
-0.014621600044691749,0.00686034605312702,0.205,287.28236875839553,0.0,0.0,-1.368017437274421,2465.340877311932,0.0,0.0,1.0,-30.939449821644065
0.005529327443917174,0.017947123972999048,0.205,287.0152078966891,0.0,0.0,-1.2184254439705837,2466.646324921219,0.0,0.0,1.0,-29.18308959284533
-0.013170417298191565,0.012046604503910532,0.205,287.1384942380658,0.0,0.0,-1.2853800508129947,2463.242965404509,0.0,0.0,1.0,-29.19001739878491
-0.016515933387767995,-0.006540287556469187,0.205,287.1720630189879,0.0,0.0,-1.2907341257986673,2459.5572805221627,0.0,0.0,1.0,-28.013405154587183
0.007620129818847346,0.012478276268396829,0.205,287.30900009142545,0.0,0.0,-1.398781864090837,2467.31864279302,0.0,0.0,1.0,-33.06511846635732
0.001141898294729593,0.01710569038756724,0.205,287.0501465784397,0.0,0.0,-1.3258921438848505,2467.2138602863815,0.0,0.0,1.0,-29.47513281065671
0.016817197226036126,0.0019980977047646203,0.205,287.32583733639296,0.0,0.0,-1.3361761786762707,2464.045213826593,0.0,0.0,1.0,-30.55911816073371
-0.005457034845062127,-0.01863392100360678,0.205,287.0009472142838,0.0,0.0,-1.163767765233173,2461.329036019157,0.0,0.0,1.0,-24.780597300829477
0.015085380376685076,-0.0006360249499013517,0.205,287.40506727754075,0.0,0.0,-1.3936242493205528,2462.15450416674,0.0,0.0,1.0,-31.52630769901332
-0.00532179030691235,-0.015303675858925909,0.205,287.17863919557146,0.0,0.0,-1.3662587563787407,2463.286956633866,0.0,0.0,1.0,-31.132547436067693
-0.015877906353805833,-0.006973011324958444,0.205,287.18477623513843,0.0,0.0,-1.3154131499172115,2463.1201405578736,0.0,0.0,1.0,-31.278264018085302
0.007441032458694388,-0.006494536181909369,0.205,287.6759565986342,0.0,0.0,-1.2307340408849528,2463.21489498168,0.0,0.0,1.0,-36.93829064327675
-0.011126231872994151,-0.015491773976539114,0.205,287.0391518727701,0.0,0.0,-1.1941198157020734,2468.2098887078146,0.0,0.0,1.0,-28.14723585547741
-0.013585747472985845,-0.008996028030303247,0.205,287.284396918056,0.0,0.0,-1.3630183130250662,2467.6792490257203,0.0,0.0,1.0,-32.19380238592707
0.013477353224627099,-0.005036179201462312,0.205,287.36033752307964,0.0,0.0,-1.3998325127301996,2463.108465301861,0.0,0.0,1.0,-29.18157788331498
-0.00476348436137557,-0.008011233569695478,0.205,287.66387565163933,0.0,0.0,-1.1849425345473927,2463.7078187404886,0.0,0.0,1.0,-37.56601211767022
-0.01570299005193462,0.004139120674623761,0.205,287.3045537257069,0.0,0.0,-1.364976675032841,2465.6209201657184,0.0,0.0,1.0,-31.03030774750644
-0.0027181785205324794,-0.017656399503294375,0.205,287.03591375957626,0.0,0.0,-1.284385562105413,2461.0820403273,0.0,0.0,1.0,-32.17564862651318
-0.012132907414524798,-0.013982039420266037,0.205,287.0618839863782,0.0,0.0,-1.2392227653230885,2465.3417895257426,0.0,0.0,1.0,-30.399218866530514
0.005110801044289075,-0.007099635200321855,0.205,287.6785858721671,0.0,0.0,-1.132082285278061,2465.5926785074976,0.0,0.0,1.0,-37.54333118388889
0.019112709545907516,-0.0004462521890222812,0.205,287.18878233548463,0.0,0.0,-1.1902870609166762,2465.030230511405,0.0,0.0,1.0,-27.072299682045397
-0.017630351218011018,0.006864573419366996,0.205,287.04730381903636,0.0,0.0,-1.2070255103595984,2462.6755276148115,0.0,0.0,1.0,-26.88085236513323
-0.015264049600572815,0.0019325223470050916,0.205,287.3100241925209,0.0,0.0,-1.3885812860937796,2462.1656214694444,0.0,0.0,1.0,-31.449955450749655
-0.01399307191416189,-0.007197523096182871,0.205,287.25087994905283,0.0,0.0,-1.3804671131616377,2461.4089033660666,0.0,0.0,1.0,-30.734228217539695
0.00399649794850293,0.014266869290505087,0.205,287.27222882102996,0.0,0.0,-1.3971643051781615,2459.2167913483545,0.0,0.0,1.0,-32.70831381266274
0.01601300947752845,0.005066741680749054,0.205,287.19864740482944,0.0,0.0,-1.342657054791267,2464.383740014475,0.0,0.0,1.0,-30.858742692462148
0.019646798114486393,-0.0010944005143103434,0.205,287.00646501213475,0.0,0.0,-1.139325117726092,2462.7634485533317,0.0,0.0,1.0,-28.20909332457804
-0.019675151697458444,-0.0035466624684409886,0.205,287.0046773023146,0.0,0.0,-1.1081873293558002,2464.4199554613183,0.0,0.0,1.0,-28.979003607815738
-0.00914914248635756,0.008029500579833655,0.205,287.5199037113329,0.0,0.0,-1.361818751785412,2463.508371582955,0.0,0.0,1.0,-34.41526786833934
0.01711577109224185,0.00024741932189727844,0.205,287.3416026218054,0.0,0.0,-1.3272281445905398,2461.6678090816367,0.0,0.0,1.0,-31.31860209129041
0.007042162294032091,-0.008497533700209468,0.205,287.5357648347871,0.0,0.0,-1.308599891050727,2462.410789400799,0.0,0.0,1.0,-34.7454845088387
0.014483433989535032,0.005171248244861604,0.205,287.44495339316586,0.0,0.0,-1.3887208290757669,2464.7879034799735,0.0,0.0,1.0,-31.07619890226269
0.0061064831935632,0.018088438579519635,0.205,287.01260370689107,0.0,0.0,-1.1925675133596003,2464.0625934926807,0.0,0.0,1.0,-29.74000234495305
0.01573407293027681,-0.012045975357010647,0.205,287.00488973533226,0.0,0.0,-1.1258448807636978,2464.306197158026,0.0,0.0,1.0,-27.740678070960634
0.00793368679392226,0.0034803652191185814,0.205,287.81210887977574,0.0,0.0,-1.1238040044685274,2462.0285210553857,0.0,0.0,1.0,-37.26976296995119
-0.01704728394748348,0.0065235374790952524,0.205,287.19344314873985,0.0,0.0,-1.2581998603155566,2462.883914044761,0.0,0.0,1.0,-29.834072514814892
0.00773376573963132,-0.013266460208726015,0.205,287.3395167139008,0.0,0.0,-1.3891723333347756,2464.9356344351213,0.0,0.0,1.0,-31.900662475733416
-0.0071876875788518,-0.009246212986127605,0.205,287.5566655258839,0.0,0.0,-1.3429638368860175,2465.986468965334,0.0,0.0,1.0,-35.19033084661459
0.007548591500320216,-0.004065905438038027,0.205,287.8687113732902,0.0,0.0,-1.1148789681110074,2462.4658931757663,0.0,0.0,1.0,-36.622625153017566
0.013709206327654112,-0.005583635523870876,0.205,287.4644278098954,0.0,0.0,-1.397296754268566,2464.4858270054096,0.0,0.0,1.0,-33.314557153862616
0.009870833225871362,0.008401874499748272,0.205,287.42509492938154,0.0,0.0,-1.385328525307582,2463.689628270636,0.0,0.0,1.0,-33.28348824920352
-0.013092241036947805,0.0077740244145266275,0.205,287.34650293500755,0.0,0.0,-1.3915634632592961,2465.14031639292,0.0,0.0,1.0,-31.05339422611627
-0.010263865282072076,-0.013642320228047526,0.205,287.17936893104627,0.0,0.0,-1.3295124241384952,2463.63013337026,0.0,0.0,1.0,-29.55890165080106
0.011824506012785308,0.0016142067087434194,0.205,287.60319929808423,0.0,0.0,-1.3525376798886821,2461.720127627277,0.0,0.0,1.0,-35.00017268873944
0.00956734766730742,0.0012675241788980053,0.205,287.71551316822337,0.0,0.0,-1.2128130155740562,2461.3389438330514,0.0,0.0,1.0,-35.447978507383766
0.014114781748739341,-0.013353681064686049,0.205,287.10618557441654,0.0,0.0,-1.1624816185721973,2462.799712153298,0.0,0.0,1.0,-28.029360597468255
0.0031461714853955455,0.01782467939951706,0.205,286.97243251861147,0.0,0.0,-1.2688079866396138,2464.0324954362877,0.0,0.0,1.0,-30.21445406469849
-0.00694948681796637,0.008159093307593663,0.205,287.5374154804485,0.0,0.0,-1.2895699364152857,2460.604036966701,0.0,0.0,1.0,-35.08754106552509
0.006005955458872556,0.008697437804939718,0.205,287.54292863628444,0.0,0.0,-1.280126467271066,2465.085303211558,0.0,0.0,1.0,-36.65178448662184
0.013828193104921534,0.013812573211417292,0.205,286.98996464199405,0.0,0.0,-1.1518771886542585,2466.299676143091,0.0,0.0,1.0,-30.6988860608232
0.015952566103610365,0.0013545162402538397,0.205,287.3456686279836,0.0,0.0,-1.3725875255622353,2462.238401580827,0.0,0.0,1.0,-31.877620464881055
-0.009695868769503522,-0.000584435635152124,0.205,287.7870833211093,0.0,0.0,-1.217867759528324,2464.6297616797387,0.0,0.0,1.0,-36.67701557393166
0.0029040768607239914,-0.013703344662762003,0.205,287.3178854678272,0.0,0.0,-1.3994803759876961,2468.5573466934984,0.0,0.0,1.0,-34.08745309880473
-0.0015085066625269898,-0.014047213074948061,0.205,287.2648355905737,0.0,0.0,-1.3998682324189946,2462.7491649157623,0.0,0.0,1.0,-34.19876316921786
-0.015497752831042462,-0.006127705629226477,0.205,287.26649735216154,0.0,0.0,-1.3483765181460905,2469.320923176667,0.0,0.0,1.0,-29.630362634292396
0.008932231107590102,0.016046901260227023,0.205,287.0069638087658,0.0,0.0,-1.250113670927611,2463.5954542886084,0.0,0.0,1.0,-28.329439993488464
-0.004790881994517018,0.01821945384355652,0.205,286.9740900646551,0.0,0.0,-1.2136453544727102,2466.2459147404966,0.0,0.0,1.0,-32.37395522204173
0.007192038220934647,-0.009985261417025881,0.205,287.51908336042703,0.0,0.0,-1.3665455288096,2463.421667822353,0.0,0.0,1.0,-32.996153339732764
-0.006005745584778434,0.01041613603215324,0.205,287.48409930287795,0.0,0.0,-1.356128864159798,2467.005074078381,0.0,0.0,1.0,-33.33243997393642
0.011689224848594087,0.007288713027267512,0.205,287.50889734731635,0.0,0.0,-1.3980071107770435,2466.883868475207,0.0,0.0,1.0,-32.90479315302435
0.005812453868691048,-0.008958671760553687,0.205,287.5236528517958,0.0,0.0,-1.2871497224356714,2461.351519824506,0.0,0.0,1.0,-36.38540102556648
0.007517729532570467,0.009682785868431718,0.205,287.46388155735855,0.0,0.0,-1.3649031906275482,2464.6194622851967,0.0,0.0,1.0,-33.284080720166386
-0.0065593073530424584,0.01840386567688588,0.205,286.86586769600973,0.0,0.0,-1.1525465388187148,2464.5876646294523,0.0,0.0,1.0,-27.42645436430217
0.0073741163432833315,-0.007011880964012133,0.205,287.6382938075067,0.0,0.0,-1.2530894237216539,2463.774593270588,0.0,0.0,1.0,-35.44801167248364
0.007943045066801772,-0.006340053725095194,0.205,287.71977147067975,0.0,0.0,-1.2521809620106774,2463.4716020222463,0.0,0.0,1.0,-36.89104849255571
0.002261605055752173,-0.011141174952343926,0.205,287.418909779679,0.0,0.0,-1.32651402570476,2466.8156913839052,0.0,0.0,1.0,-36.2083475718835
-0.01024547552824344,-0.0036576542495344003,0.205,287.69391093459797,0.0,0.0,-1.2994206817137572,2462.45169045503,0.0,0.0,1.0,-33.80033335436481
-9.380541407363679e-05,-0.010202507278445036,0.205,287.55050548372407,0.0,0.0,-1.2550499936953292,2465.4087056388807,0.0,0.0,1.0,-35.8154859903776
0.019428683646484205,-0.003466187453731876,0.205,287.1454341552033,0.0,0.0,-1.1337043792189456,2460.4405296834384,0.0,0.0,1.0,-26.46307195380189
-0.008249872732131522,-0.009492631669910203,0.205,287.53806603575674,0.0,0.0,-1.37521741227682,2460.813441389233,0.0,0.0,1.0,-33.38367658359401
0.002894621036469503,-0.014611077356290232,0.205,287.31846318220136,0.0,0.0,-1.396317686340634,2463.37902368913,0.0,0.0,1.0,-30.99562845650081
0.007970192932488237,-0.004996457344802058,0.205,287.65652745349195,0.0,0.0,-1.1924145050846329,2464.9566191887106,0.0,0.0,1.0,-38.08215944511415
-0.00682818066130228,-0.005115931800518492,0.205,287.75848983365285,0.0,0.0,-1.1106582916480126,2465.226573259636,0.0,0.0,1.0,-37.71257195686552
0.009013620463600637,-0.009909625584662527,0.205,287.4518445936122,0.0,0.0,-1.3935417949155062,2460.469140573737,0.0,0.0,1.0,-33.81784530302863
0.011301270617105024,-0.0031325822249322548,0.205,287.6659327479419,0.0,0.0,-1.3436832993704502,2466.504511237484,0.0,0.0,1.0,-36.876649141841305
-0.005563884409036866,0.008071061818087536,0.205,287.587180564631,0.0,0.0,-1.2249861184527275,2466.335339965425,0.0,0.0,1.0,-36.606759142154274
0.0195063835974865,0.00018603316367698464,0.205,287.2729664768326,0.0,0.0,-1.1553983915793924,2465.0934339385335,0.0,0.0,1.0,-29.24952431995396
0.004046739221846134,0.01683831474010336,0.205,287.1154133475694,0.0,0.0,-1.316711995361772,2463.8717325663147,0.0,0.0,1.0,-29.4206362496868
-0.0005961557553488602,-0.010835803494757575,0.205,287.5356397562213,0.0,0.0,-1.2978268741906394,2461.4131587816405,0.0,0.0,1.0,-36.18899095209805
0.007904802565092312,0.009849321280367945,0.205,287.41009965502775,0.0,0.0,-1.3767494787282422,2464.8563468636635,0.0,0.0,1.0,-33.45663593421246
-0.006709199355550515,-0.012855153246798732,0.205,287.4061191770421,0.0,0.0,-1.3994440819355638,2465.6494249862217,0.0,0.0,1.0,-33.585610034210276
0.01451325131187176,0.0025372218345596233,0.205,287.478790885613,0.0,0.0,-1.3979323177859677,2461.6169612335843,0.0,0.0,1.0,-33.21171931167286
-0.01506874030678987,-0.009474827822981691,0.205,287.27588914295904,0.0,0.0,-1.2884703074755868,2467.9535497897755,0.0,0.0,1.0,-29.53765899084549
0.008398635370014881,-0.010452596502989707,0.205,287.37165375187783,0.0,0.0,-1.3937365044954906,2462.848126475183,0.0,0.0,1.0,-33.93592359373236
-0.0011448635350406208,-0.015149778089195596,0.205,287.20152233469776,0.0,0.0,-1.3921306480437095,2463.1846622485173,0.0,0.0,1.0,-31.518090693465357
-0.005516593732732934,-0.016843879251049205,0.205,287.08119724009237,0.0,0.0,-1.2931779218226074,2466.5186306803093,0.0,0.0,1.0,-31.151673215015737
-0.008209532827073823,0.017646970337177555,0.205,286.92796756584204,0.0,0.0,-1.1594919666070096,2461.802075880404,0.0,0.0,1.0,-27.274224064631618
-0.017431811114389722,0.006395339945056324,0.205,287.18687332633147,0.0,0.0,-1.234996967817742,2466.6710554286574,0.0,0.0,1.0,-29.753191341462557
0.0067925903633849795,-0.006752422163532611,0.205,287.67058305151113,0.0,0.0,-1.2068124248224619,2462.246943440519,0.0,0.0,1.0,-36.81428941095051
0.002715180529289773,-0.014372193444721364,0.205,287.2819475175699,0.0,0.0,-1.3987460418480986,2462.1663631956117,0.0,0.0,1.0,-31.225008426566248
-0.013838043491711749,0.011742568560416259,0.205,287.1150703375803,0.0,0.0,-1.265474956487128,2463.8563794794245,0.0,0.0,1.0,-30.088147043508524
0.001024858839308028,-0.0086447844337343,0.205,287.5797824854431,0.0,0.0,-1.1279233504693142,2459.9074472723596,0.0,0.0,1.0,-36.7884147659685
-0.012077881748567807,0.009512420892589775,0.205,287.30080696960664,0.0,0.0,-1.3888182694689641,2466.46241824139,0.0,0.0,1.0,-31.925330399282437
-0.009677519171777048,0.003301245640566439,0.205,287.67833736621697,0.0,0.0,-1.25663288054614,2464.2147314103263,0.0,0.0,1.0,-36.38452518495123
0.005918965462046491,0.009280836021154518,0.205,287.5742462076596,0.0,0.0,-1.3069616632778605,2466.4664930161416,0.0,0.0,1.0,-35.12657982418927
0.00843354433793793,-0.014136589236290688,0.205,287.2574210695473,0.0,0.0,-1.3567331232721218,2464.3012029937486,0.0,0.0,1.0,-32.451411812818264
0.009545416181096118,-0.009628792909019069,0.205,287.45491876975115,0.0,0.0,-1.3957662800372292,2465.041826028425,0.0,0.0,1.0,-33.122253015915376
-0.006903765610990999,0.016271520393022938,0.205,287.09193714078395,0.0,0.0,-1.2961529544736106,2463.35654026312,0.0,0.0,1.0,-29.102267149940193
0.006807025781248857,-0.015800921402163763,0.205,287.1310196712506,0.0,0.0,-1.322733511638852,2462.589314438954,0.0,0.0,1.0,-29.957799045157582
-0.005112178472217398,0.008016630775356382,0.205,287.62495876462606,0.0,0.0,-1.2009901800079166,2467.272495395914,0.0,0.0,1.0,-36.19493157730946
-0.005434012222964843,0.018858622433639463,0.205,286.9507932826233,0.0,0.0,-1.1442346376290045,2461.8714501554837,0.0,0.0,1.0,-27.502582382639503
0.007777162879032281,0.011934673180205491,0.205,287.3449137615198,0.0,0.0,-1.3999997808020044,2463.069365346689,0.0,0.0,1.0,-34.296936247199895
-0.002084398168530316,-0.008881481293283176,0.205,287.57554237526676,0.0,0.0,-1.1673518237778089,2464.172624500688,0.0,0.0,1.0,-37.02988086857687
0.002651678642448025,-0.015249679487705324,0.205,287.21757579060505,0.0,0.0,-1.386643500550998,2462.358273138746,0.0,0.0,1.0,-33.39986466132073
0.0005241010944192516,0.0130505149658449,0.205,287.29023764122894,0.0,0.0,-1.3874894293166515,2461.4532540234095,0.0,0.0,1.0,-36.21575164652846
-0.010221976194776687,0.004495906940590198,0.205,287.60854647327665,0.0,0.0,-1.3158828446307291,2464.9071728545896,0.0,0.0,1.0,-34.13006245195935
-0.004542416205876242,0.017383572087767418,0.205,287.04128403252423,0.0,0.0,-1.2777123768185608,2464.060332580545,0.0,0.0,1.0,-31.007369712697468
-0.013279073110276155,-0.014242464343872023,0.205,286.9829342403935,0.0,0.0,-1.1586153245497552,2464.4909102895454,0.0,0.0,1.0,-28.654977157403625
-0.008986288409307586,-0.016735887666184487,0.205,286.9665322591009,0.0,0.0,-1.200670555775945,2465.012802385221,0.0,0.0,1.0,-26.99946648409331
0.006358862106459121,0.012415269694691804,0.205,287.2882373176152,0.0,0.0,-1.399198084272446,2465.2070128319183,0.0,0.0,1.0,-35.44558388197856
0.011573310368082027,-0.014858694092193935,0.205,287.1320305999877,0.0,0.0,-1.2140305235030704,2464.2969971748616,0.0,0.0,1.0,-32.681154909573806
-0.01969081788459654,0.0005670182975146486,0.205,287.13100194401824,0.0,0.0,-1.1372340525722808,2464.20706116791,0.0,0.0,1.0,-25.606392900354933
-0.015235426549281188,0.010658276391760597,0.205,287.18182482803996,0.0,0.0,-1.233040159137755,2464.1199753050305,0.0,0.0,1.0,-28.700802434756643
0.008702545660864766,0.011949111916180769,0.205,287.2764560802886,0.0,0.0,-1.3974926989309577,2459.9031459065322,0.0,0.0,1.0,-31.66598896616786
0.015612801462612251,0.01222523585600768,0.205,286.9655722354951,0.0,0.0,-1.1244780235361442,2467.042584537566,0.0,0.0,1.0,-27.680500992882344
0.017568153151403882,0.009101324686752326,0.205,287.06100052256426,0.0,0.0,-1.1288032474732739,2462.42695644005,0.0,0.0,1.0,-28.57301980438541
0.0065292902420746625,-0.005763920090747438,0.205,287.82224418565903,0.0,0.0,-1.1283276683356391,2460.492795852299,0.0,0.0,1.0,-38.86674385070438
0.010326399894917444,0.009415571191887984,0.205,287.3904500444033,0.0,0.0,-1.3993284409418498,2465.3220721116145,0.0,0.0,1.0,-33.06772159539405
0.0015913105451453005,-0.011557974684669091,0.205,287.49249445698695,0.0,0.0,-1.3409547246161462,2462.21105783405,0.0,0.0,1.0,-32.2980816366722
0.010560262343989595,-0.005080514100660972,0.205,287.61040637359963,0.0,0.0,-1.3432998289224651,2462.1923326101432,0.0,0.0,1.0,-36.57479312378248
-0.009591214319675126,0.007722290826726411,0.205,287.5131285411945,0.0,0.0,-1.3668165848946996,2461.764368617978,0.0,0.0,1.0,-35.73650791971069
-0.017008755962186983,0.004609675060874393,0.205,287.24992992009913,0.0,0.0,-1.2993528549056523,2464.4532747237445,0.0,0.0,1.0,-30.086833763770855
-0.006287966263783835,0.01774061132658965,0.205,286.9241990369028,0.0,0.0,-1.2150085265156774,2468.134493052669,0.0,0.0,1.0,-30.66048227460784
0.003913099752282547,0.01703896454205442,0.205,287.0295401937832,0.0,0.0,-1.307525438957461,2461.741547990963,0.0,0.0,1.0,-31.348955852490594
0.019395486339838005,0.0023869204502856246,0.205,287.1755951984968,0.0,0.0,-1.1521739972373746,2465.9246967386207,0.0,0.0,1.0,-25.780641076521373
0.011187844728035384,-0.012833960712363162,0.205,287.20918465002774,0.0,0.0,-1.331810101500049,2463.077082016041,0.0,0.0,1.0,-29.369350886976523
0.018269694819563354,0.007543988003519249,0.205,287.11529662622695,0.0,0.0,-1.130733602785665,2465.2335100387327,0.0,0.0,1.0,-26.72603404654935
-0.009486949730108586,0.0151516205504038,0.205,287.1218358522237,0.0,0.0,-1.2836022465449028,2464.107845189592,0.0,0.0,1.0,-29.2563479421919
0.002089007356967265,-0.012867502657760684,0.205,287.39867158905946,0.0,0.0,-1.3869564516129131,2471.050678584563,0.0,0.0,1.0,-33.63732022453607
0.004553742131558561,0.009661620087369116,0.205,287.5058158646736,0.0,0.0,-1.2872711588998007,2466.5537675854566,0.0,0.0,1.0,-36.59025254884717
-0.010731716890278058,-0.004364697968106771,0.205,287.6850999785226,0.0,0.0,-1.3371624907797017,2463.0452291516553,0.0,0.0,1.0,-36.232841317423436
0.009779511294004192,-0.014356738337005976,0.205,287.0898050080208,0.0,0.0,-1.3137912616716751,2463.5012351100154,0.0,0.0,1.0,-29.431681401845918
0.007732013795713363,0.014108406274522757,0.205,287.0967139697895,0.0,0.0,-1.3700953563790008,2463.047499066083,0.0,0.0,1.0,-30.151784723811737
0.01167024394181559,-0.011651546843107506,0.205,287.3222825204342,0.0,0.0,-1.355554989879666,2460.638280757195,0.0,0.0,1.0,-31.021364541849792
0.011336020291240843,0.010259967833709815,0.205,287.36234420368845,0.0,0.0,-1.3904350464907074,2466.642731118647,0.0,0.0,1.0,-32.07204245818758
0.014504391443890579,-0.0017731922472124008,0.205,287.47254544892934,0.0,0.0,-1.398837851706039,2465.618238124675,0.0,0.0,1.0,-32.72393211062996
0.008199154266353061,0.009962151556523108,0.205,287.4811994871032,0.0,0.0,-1.3839271129478823,2462.4107617112327,0.0,0.0,1.0,-34.09534309125767
0.008132191240957067,-0.006755548920972463,0.205,287.5579530486745,0.0,0.0,-1.2802898700209646,2466.7632650534424,0.0,0.0,1.0,-35.35578121330298
0.017215085562136603,0.0038501867271233292,0.205,287.14047881411284,0.0,0.0,-1.2982730252015602,2464.6054303925757,0.0,0.0,1.0,-30.18342683558228
0.007889059174117563,0.005624627429590935,0.205,287.8062895098651,0.0,0.0,-1.2158852511297733,2467.0947803986082,0.0,0.0,1.0,-35.030585679638094
-0.015320662039293224,-0.011892455905572993,0.205,287.05320404276534,0.0,0.0,-1.1657640556284241,2462.2656227432044,0.0,0.0,1.0,-27.655864035875783
0.0070600036290752516,-0.01665227823710621,0.205,287.0933644979835,0.0,0.0,-1.269702051037454,2465.33980555517,0.0,0.0,1.0,-29.280403524653238
-0.003116035117563752,-0.01902023045142447,0.205,287.0150273915557,0.0,0.0,-1.1766422839259059,2460.535504236,0.0,0.0,1.0,-28.172809441948377
0.01583822747745255,0.011852233290709589,0.205,287.0516225526781,0.0,0.0,-1.1291726647146272,2462.689249561057,0.0,0.0,1.0,-28.326057466050482
0.013181911972719824,0.008194097387838882,0.205,287.24868503807994,0.0,0.0,-1.385700170153787,2465.2127356347046,0.0,0.0,1.0,-31.65963779023318
0.009266738637482794,0.011178497138884805,0.205,287.35815270290675,0.0,0.0,-1.399354703112582,2459.5802170270035,0.0,0.0,1.0,-32.22161434341077
0.009123616663551364,-0.01571745912073876,0.205,287.05588097333623,0.0,0.0,-1.2637605128409193,2461.1387454254163,0.0,0.0,1.0,-31.171368801550805
0.011039643800965997,-0.01602323486407067,0.205,287.00011617263675,0.0,0.0,-1.1599521389468492,2465.949254775612,0.0,0.0,1.0,-29.00525155114808
-0.009634398392401308,-0.016458594162128085,0.205,286.9838208736384,0.0,0.0,-1.1943013793614157,2465.6034422736575,0.0,0.0,1.0,-26.969506931895417
-0.015878060390826332,-0.009300707930578795,0.205,287.21852792319186,0.0,0.0,-1.2474707691394995,2463.9013906785594,0.0,0.0,1.0,-29.09725872340635
0.015411110245163846,0.010553762316611228,0.205,287.0589919736237,0.0,0.0,-1.2264435842958754,2467.7518449070394,0.0,0.0,1.0,-29.16593742556815
-0.00699659624682324,-0.009532671013479025,0.205,287.6109921119215,0.0,0.0,-1.3479453190266468,2466.0071614570907,0.0,0.0,1.0,-34.00575945747814
-0.01112579250076562,-0.005477569053234927,0.205,287.5440903379843,0.0,0.0,-1.3697468642240496,2462.7932227700057,0.0,0.0,1.0,-34.79191850923963
0.012729423243823531,0.015244624340183038,0.205,286.9862569777058,0.0,0.0,-1.1214319217624724,2461.2396153190402,0.0,0.0,1.0,-27.787361911136838
0.009923724383536163,-0.009438958557424023,0.205,287.36356631457636,0.0,0.0,-1.3972816126135097,2462.9346976637466,0.0,0.0,1.0,-33.63352194995013
0.018272145002783596,-0.0032218262597690597,0.205,287.1605533356463,0.0,0.0,-1.236059578259123,2464.9440973117357,0.0,0.0,1.0,-30.01649286367302
0.005465024034013187,-0.01579938780938038,0.205,287.1579512018135,0.0,0.0,-1.3461007370314517,2465.737572237533,0.0,0.0,1.0,-30.492775062162337
0.003378044011231457,0.012971107506899221,0.205,287.28452199620847,0.0,0.0,-1.3936624030611935,2464.1919184225003,0.0,0.0,1.0,-35.23467339463115
0.004398902911296422,-0.015805469734628763,0.205,287.13648290858214,0.0,0.0,-1.3588552403701066,2466.2451822815465,0.0,0.0,1.0,-30.087750487685096
-0.000861957791720603,0.00997180576023123,0.205,287.5614953960285,0.0,0.0,-1.2408241345116824,2463.5981344549227,0.0,0.0,1.0,-37.29633987032004
-0.018099901811170997,-0.003972489728573276,0.205,287.2709978314263,0.0,0.0,-1.2378302906664602,2467.45263222407,0.0,0.0,1.0,-29.585012629808837
-0.0032586481187849847,-0.013556555514997015,0.205,287.29299310078255,0.0,0.0,-1.3991642941466234,2466.424520871976,0.0,0.0,1.0,-31.848581313020258
0.0029591739295395676,-0.012576835188632755,0.205,287.3190941397716,0.0,0.0,-1.3843518639641803,2465.109749207883,0.0,0.0,1.0,-36.2657177716138
0.01350860085635748,-0.0038405388417372824,0.205,287.49062955389206,0.0,0.0,-1.3996241986868767,2465.1343952211496,0.0,0.0,1.0,-31.84176074669632
0.014891016843214075,0.008948736553249565,0.205,287.1930812811726,0.0,0.0,-1.3136839173483188,2465.1749230726123,0.0,0.0,1.0,-28.275219257576246
0.01171567652547136,-0.010453408508203725,0.205,287.3104180816634,0.0,0.0,-1.3813596911892723,2465.738758674445,0.0,0.0,1.0,-28.734347168449794
0.006421883299294434,0.007256130260954643,0.205,287.58904453706253,0.0,0.0,-1.2159615774616865,2463.3144824329893,0.0,0.0,1.0,-35.548483668670144
-0.0030043535421017857,-0.01961766832049767,0.205,286.9125759665473,0.0,0.0,-1.1228250312130017,2462.127405684195,0.0,0.0,1.0,-27.19353293357585
-0.015589366773410846,-0.00922080561801449,0.205,287.17090533708625,0.0,0.0,-1.2679899311618072,2464.424882055481,0.0,0.0,1.0,-28.46618216730913
-0.01753988785400426,-0.0015905967179993714,0.205,287.3341501171745,0.0,0.0,-1.2999773732364046,2464.6673623576694,0.0,0.0,1.0,-30.858588015663052
-0.015623565812125253,0.011315398851896048,0.205,287.07510769516256,0.0,0.0,-1.175128961927631,2464.580447431379,0.0,0.0,1.0,-27.215299627954977
-0.015629100142186443,-0.011462684763442905,0.205,287.05498166294115,0.0,0.0,-1.1669163121720756,2462.7146860016683,0.0,0.0,1.0,-28.50868175959113
0.008575961279550785,0.000786026679263121,0.205,287.8803521145098,0.0,0.0,-1.118678428577642,2466.5815270685216,0.0,0.0,1.0,-36.727652426739134
0.001782286643978813,0.012543411880940495,0.205,287.4095790032141,0.0,0.0,-1.3778903475042392,2465.0035710277884,0.0,0.0,1.0,-32.88323236762962
0.009245901109815635,0.00656773103643746,0.205,287.59565997805004,0.0,0.0,-1.3251175516870366,2464.3537994707276,0.0,0.0,1.0,-35.23280611323647
-0.009615227133736512,0.005865324578760649,0.205,287.5674598859368,0.0,0.0,-1.321038371442056,2464.2215838969887,0.0,0.0,1.0,-34.0387510882727
0.013146514523933346,0.0002839021797217297,0.205,287.5387199578874,0.0,0.0,-1.3892834283825926,2465.8134013089825,0.0,0.0,1.0,-34.28155890353545
0.018031340969306104,-0.00014429343722451257,0.205,287.1749778317827,0.0,0.0,-1.2734206332201181,2465.9370655142866,0.0,0.0,1.0,-29.933645639685466
-0.01447273044946667,0.002340337079889345,0.205,287.4829129637507,0.0,0.0,-1.3985070037812246,2458.1455527250328,0.0,0.0,1.0,-30.915619485803095
0.011105988289050047,-0.004440383095378464,0.205,287.5324459119261,0.0,0.0,-1.3536213459042599,2466.444570416775,0.0,0.0,1.0,-35.15669805590492
-0.008080778483917802,-0.008893430599394618,0.205,287.46163752298196,0.0,0.0,-1.3558451676938508,2461.70572349797,0.0,0.0,1.0,-33.9636108472131
-0.00497750536244484,-0.018465523160210405,0.205,287.01715564281153,0.0,0.0,-1.1897092186586082,2461.4943378039134,0.0,0.0,1.0,-27.986004355665983
-0.014507851097702402,-0.008772266991994529,0.205,287.28150492220124,0.0,0.0,-1.3353037635884333,2464.553310975542,0.0,0.0,1.0,-31.85077439315206
0.007905014895002171,-0.008647503154039926,0.205,287.45975386953273,0.0,0.0,-1.3431808702910382,2467.046168528793,0.0,0.0,1.0,-35.550918540268
-0.008071023982569852,0.018059907738624675,0.205,287.0720293926879,0.0,0.0,-1.1292300489521845,2461.7711208082733,0.0,0.0,1.0,-28.940171602533162
-0.00832380908087021,-0.008508764142721705,0.205,287.51322586032734,0.0,0.0,-1.35125713122874,2467.1438578948123,0.0,0.0,1.0,-34.08449601944532
0.0022529020095558862,0.014139995078999198,0.205,287.3500387543094,0.0,0.0,-1.399958660700198,2461.3959206492495,0.0,0.0,1.0,-30.587830181508586
0.00659222321727091,-0.01135229976928106,0.205,287.39334069694706,0.0,0.0,-1.38884971512719,2462.6748520076435,0.0,0.0,1.0,-33.3365439607814
-0.007656731052675956,-0.003847725489056011,0.205,287.78269010922764,0.0,0.0,-1.114396463778772,2464.5256378614663,0.0,0.0,1.0,-37.991384420070304
-0.003599529166541849,-0.012006514731751813,0.205,287.46414929527384,0.0,0.0,-1.373954428436741,2462.4485674354323,0.0,0.0,1.0,-36.949585265025114
-0.016760217931909238,0.007719489632932945,0.205,287.11232923521794,0.0,0.0,-1.2437004154349605,2461.786763875085,0.0,0.0,1.0,-28.58482998602518
0.002001912588484407,-0.015522311479810324,0.205,287.2405701237527,0.0,0.0,-1.3826325600392446,2464.120240786976,0.0,0.0,1.0,-30.88919593912805
0.010594605320338771,-0.016477779655200208,0.205,286.97136536143523,0.0,0.0,-1.1476522174635888,2465.4364402539,0.0,0.0,1.0,-29.124108220518412
-0.013842681716576979,0.0018549307375366891,0.205,287.4942022909839,0.0,0.0,-1.3992882609374004,2464.2703062147007,0.0,0.0,1.0,-33.625029762701686
0.013400351570343905,-0.01236846840006212,0.205,287.1164786719343,0.0,0.0,-1.2593972794533022,2463.0635815334117,0.0,0.0,1.0,-27.219264058365564
0.017422962056932716,-0.0014879739449628632,0.205,287.2159428178079,0.0,0.0,-1.3073044061864907,2463.4808029869137,0.0,0.0,1.0,-29.420123108168493
-0.008789126780318327,0.011704592929645381,0.205,287.37814444306605,0.0,0.0,-1.3986735109156747,2460.2964393121797,0.0,0.0,1.0,-32.460372021610425
-0.015945232020651918,-0.0018946528928658274,0.205,287.36719356125565,0.0,0.0,-1.371090021269286,2467.6765584159716,0.0,0.0,1.0,-32.57367820079928
-0.002352049279379531,0.01468609076824257,0.205,287.2166283153683,0.0,0.0,-1.3965623999261125,2461.2961267304704,0.0,0.0,1.0,-33.49152847583724
0.018723312996563785,0.005646912999342191,0.205,287.0242178781027,0.0,0.0,-1.150811910393519,2462.682337947555,0.0,0.0,1.0,-28.96118300147669
-0.005224309416237862,-0.012911275674370363,0.205,287.2771014043655,0.0,0.0,-1.399083483176453,2462.0838478978294,0.0,0.0,1.0,-32.961774062461195
-0.0072325637973418054,0.007091041985031047,0.205,287.60467986968433,0.0,0.0,-1.249691601872762,2465.157585355791,0.0,0.0,1.0,-36.493397590422944
-0.01148485472333591,0.00037941554726945103,0.205,287.5959371901327,0.0,0.0,-1.3326396738564195,2462.958510450444,0.0,0.0,1.0,-35.69505931024278
-0.005809566647731277,-0.009513842547102852,0.205,287.5915105031085,0.0,0.0,-1.3148090423869814,2467.3067112241542,0.0,0.0,1.0,-34.1035474692116
0.014407982598837743,-0.00334978183429953,0.205,287.4597744908566,0.0,0.0,-1.3973977069118821,2465.626935303989,0.0,0.0,1.0,-32.27112974295996
0.013925185615441612,0.0014694648369257826,0.205,287.51405095242114,0.0,0.0,-1.399457905978868,2464.29606884431,0.0,0.0,1.0,-33.19497896081763
0.01069990013677363,-0.004693068619132773,0.205,287.69127580029726,0.0,0.0,-1.3417230464352814,2462.0356708739378,0.0,0.0,1.0,-36.457317736785065
-0.003904664342477763,0.015438895675304907,0.205,287.2483715559888,0.0,0.0,-1.3751702248788469,2463.856999616985,0.0,0.0,1.0,-31.249072171444944
0.004888385240839675,-0.01644068535701818,0.205,287.03825356523225,0.0,0.0,-1.3254675922384491,2463.910786764419,0.0,0.0,1.0,-29.796717693870143
0.018177187058314642,0.00561851361737154,0.205,287.04269231060346,0.0,0.0,-1.198156204676812,2463.539970936847,0.0,0.0,1.0,-27.570468473679874
0.017630426369581627,-0.005491641430968218,0.205,287.20776635171853,0.0,0.0,-1.2427022308024218,2466.0832594591016,0.0,0.0,1.0,-29.56553800596381
-0.013323482750888998,-0.009611447750582319,0.205,287.3143734654146,0.0,0.0,-1.3580001447726577,2463.4003522731336,0.0,0.0,1.0,-32.462941039077315
0.004556797373179563,0.007571597908436763,0.205,287.72949713726626,0.0,0.0,-1.1406977653556556,2462.9723727345645,0.0,0.0,1.0,-37.50800192137225
0.01411710501244586,-0.004670405298572426,0.205,287.48393411194303,0.0,0.0,-1.3966023607753244,2458.655377008058,0.0,0.0,1.0,-34.05696480400064
0.010565745048983726,0.016155310089272693,0.205,286.9912066590948,0.0,0.0,-1.1739832965292736,2464.271812874781,0.0,0.0,1.0,-29.132599714950597
0.006067370864472892,-0.009896979609567232,0.205,287.5581280235022,0.0,0.0,-1.3382615132209545,2461.1252201996617,0.0,0.0,1.0,-35.42145968212303
-0.016534158299851637,-0.009434133000005788,0.205,287.0827696364573,0.0,0.0,-1.1972592580855865,2464.0135825582433,0.0,0.0,1.0,-28.649313353357464
-0.01175309287071863,-0.0043524682442155115,0.205,287.6262118775712,0.0,0.0,-1.3739134285545003,2465.6946663155186,0.0,0.0,1.0,-34.761080401987854
-0.01924251774866805,0.0052302014662858375,0.205,287.0533679828252,0.0,0.0,-1.1134091736331826,2465.350144239905,0.0,0.0,1.0,-25.9803350357952
0.01510680009207694,-0.009069290264582142,0.205,287.17017390394335,0.0,0.0,-1.2994873713654012,2464.958787695376,0.0,0.0,1.0,-31.296422575655882
-0.007778121544833584,-0.016499559275509033,0.205,287.13780980746355,0.0,0.0,-1.2590369235742498,2464.282120956507,0.0,0.0,1.0,-29.46187307760394
0.00475064787794729,-0.01005047686505052,0.205,287.42225493309667,0.0,0.0,-1.313114748782509,2462.607321661238,0.0,0.0,1.0,-35.86318185694912
-0.009904686437190398,0.01005891312311784,0.205,287.4445641277097,0.0,0.0,-1.3998430249692513,2463.2629403570513,0.0,0.0,1.0,-31.5871764110733
-0.004335222621680502,-0.017669917537021847,0.205,287.0171902333677,0.0,0.0,-1.262341384796156,2459.6417535107557,0.0,0.0,1.0,-29.71860223891206
-0.0036185525763588458,0.009212440501610691,0.205,287.4949083627205,0.0,0.0,-1.232354760609055,2462.216538348648,0.0,0.0,1.0,-38.02523954866285
0.01070549038642,-0.01301541167094166,0.205,287.2174658823131,0.0,0.0,-1.3400571990178822,2462.402684356097,0.0,0.0,1.0,-31.906040752065618
0.012533630083815165,0.004675880420053285,0.205,287.6383163699345,0.0,0.0,-1.3932619350633375,2466.2598153980884,0.0,0.0,1.0,-32.330907874232864
0.014502222430306166,0.012582444446254882,0.205,287.1095164581881,0.0,0.0,-1.1831726138613496,2466.014872819222,0.0,0.0,1.0,-30.05363526183771
-0.005105501041604759,-0.006966422390480895,0.205,287.6756259823719,0.0,0.0,-1.1211735450423572,2465.891546178463,0.0,0.0,1.0,-37.559825610338926
0.01098355958416138,-0.004346030594532401,0.205,287.6555588526988,0.0,0.0,-1.3474034222240239,2463.9056578631366,0.0,0.0,1.0,-33.30262769356475
0.0005585584485763033,0.0169623212479277,0.205,287.0959052888081,0.0,0.0,-1.3344518898614557,2462.6777410881896,0.0,0.0,1.0,-29.33523225649778
0.01205745546522788,-0.008681366897742026,0.205,287.38311163923333,0.0,0.0,-1.396732780683866,2460.721996512689,0.0,0.0,1.0,-31.409171752097215
0.004031714631758399,0.012845212904133973,0.205,287.4043507709208,0.0,0.0,-1.3945195991012662,2465.890101671568,0.0,0.0,1.0,-32.44587464728528
0.00915980407204901,-0.005998876381517533,0.205,287.6385312664753,0.0,0.0,-1.3035872612419226,2467.13716533406,0.0,0.0,1.0,-35.42968523757526
-0.01716493233508257,-0.00548826815447372,0.205,287.1779586543475,0.0,0.0,-1.274151277545331,2465.3917292649903,0.0,0.0,1.0,-29.26005387844437
-0.011672511742248747,-0.004562437447877369,0.205,287.55032739645947,0.0,0.0,-1.3738942625612864,2463.267203065451,0.0,0.0,1.0,-34.892179664286765
-0.008245268421137177,-0.015135030804034989,0.205,287.0928248864256,0.0,0.0,-1.321132500250728,2460.317536424675,0.0,0.0,1.0,-31.76439355425565
-0.018594683128494976,-0.0032282259205457732,0.205,287.1781678944199,0.0,0.0,-1.2108726513930708,2466.641072261513,0.0,0.0,1.0,-28.428055431349268
0.008320478311673747,0.016101467381591038,0.205,287.0538456777766,0.0,0.0,-1.2671661373626328,2464.8974055455406,0.0,0.0,1.0,-28.224040470864377
-0.003094398192959332,0.018339006833936262,0.205,287.054873807537,0.0,0.0,-1.2326732684819572,2463.5726166293093,0.0,0.0,1.0,-28.905337542335495
-0.018392669960590524,0.005179117284802045,0.205,287.19653611322764,0.0,0.0,-1.1911455039117764,2463.0230868663884,0.0,0.0,1.0,-28.630325556550144
0.013249994775052462,0.010003929919266217,0.205,287.25969178560035,0.0,0.0,-1.351024901954889,2462.6891156684746,0.0,0.0,1.0,-30.401923518569166
-0.01666978699126758,-0.0036467162005595034,0.205,287.2819545621302,0.0,0.0,-1.3299208215706502,2464.6832346316623,0.0,0.0,1.0,-30.36251333146807
-0.017598049199850124,-0.0028925631627502437,0.205,287.2076024126353,0.0,0.0,-1.286310549883277,2464.197123922192,0.0,0.0,1.0,-29.857746670827247
-0.018725551142763624,0.0063933235727777265,0.205,287.08987548488295,0.0,0.0,-1.12868751848334,2462.967491862298,0.0,0.0,1.0,-26.37359198161145
0.010734182501894852,0.005018035245274102,0.205,287.59623446892226,0.0,0.0,-1.348990216344812,2463.5551240206364,0.0,0.0,1.0,-35.03255779997891
-0.008501327741963568,-0.0006279335743312555,0.205,287.8456726364264,0.0,0.0,-1.1098868035708724,2463.6914100880012,0.0,0.0,1.0,-36.433493924050744
-0.0037941367552340303,-0.014693178855456943,0.205,287.1813947723485,0.0,0.0,-1.392425450901107,2463.166485646116,0.0,0.0,1.0,-32.39378019095298
0.016091979907281385,-0.0004355890681269489,0.205,287.27845256083964,0.0,0.0,-1.3697807656362935,2460.8498472126876,0.0,0.0,1.0,-32.43559592408824
-0.0008590859890122688,-0.012831265903313634,0.205,287.35604794386376,0.0,0.0,-1.3829009191407053,2461.994245373879,0.0,0.0,1.0,-35.08892147468813
0.009564182352617901,-0.006915734856111102,0.205,287.545320368131,0.0,0.0,-1.3469904071143535,2464.652088025949,0.0,0.0,1.0,-35.93127522604902
-0.005654262794123351,0.01415064517195346,0.205,287.2412654486648,0.0,0.0,-1.3913527220822908,2464.114157930007,0.0,0.0,1.0,-30.87506547349223
0.01163400221955178,-0.015221243544345876,0.205,287.11023372606826,0.0,0.0,-1.1868028224630747,2459.5315415745067,0.0,0.0,1.0,-27.97562855414355
-0.017274069556719715,-0.003582674964987018,0.205,287.2090238819453,0.0,0.0,-1.2981948902859877,2464.272385996288,0.0,0.0,1.0,-30.068067796805025
0.016293654344316157,-0.005632312580433624,0.205,287.2001064291388,0.0,0.0,-1.3208985842998744,2463.782860518814,0.0,0.0,1.0,-32.55946255015164
0.0013082350069975055,0.014976858487563492,0.205,287.18118815435474,0.0,0.0,-1.3945619155250792,2461.1435616178615,0.0,0.0,1.0,-33.67405438068844
-0.011745824704307867,-0.002203341897494235,0.205,287.55346618415246,0.0,0.0,-1.3532122931614867,2462.8513387443136,0.0,0.0,1.0,-37.40864918157185
0.011305469072350187,0.007622303671499502,0.205,287.3681407862471,0.0,0.0,-1.396652712248548,2464.024163834999,0.0,0.0,1.0,-32.40584056104169
-0.008987137006609356,-0.005454086337870006,0.205,287.7016945445604,0.0,0.0,-1.2763860431142744,2467.697714862457,0.0,0.0,1.0,-34.84376503588319
0.017211872954970432,0.007142833979019823,0.205,287.1416953877999,0.0,0.0,-1.2298207330533915,2463.106808436241,0.0,0.0,1.0,-31.50566485859072
0.0007262188239279269,-0.012326222255729265,0.205,287.29488758427726,0.0,0.0,-1.367970974266815,2463.0573995138284,0.0,0.0,1.0,-35.78577368057588
0.013188211167201952,-0.012811074146072448,0.205,287.0987890510163,0.0,0.0,-1.248594119056149,2463.8677885127204,0.0,0.0,1.0,-29.673092481504376
-0.014255326698584599,-0.013763245518100185,0.205,287.0508293570828,0.0,0.0,-1.125907784274102,2459.8404984905983,0.0,0.0,1.0,-28.47424560683617
0.009374470664801998,-0.012208934220180557,0.205,287.256695942596,0.0,0.0,-1.388441778173715,2464.007541499035,0.0,0.0,1.0,-33.77092050407785
-0.0032311140532846304,-0.009673366781633597,0.205,287.5447980062957,0.0,0.0,-1.2547484750980593,2464.3598290596824,0.0,0.0,1.0,-36.56900774725676
-0.016574964949508733,-0.009860933022440446,0.205,287.11138794775337,0.0,0.0,-1.1755140990103758,2462.0515496348303,0.0,0.0,1.0,-27.646794737977636
0.008589388281581359,0.015107563696360807,0.205,287.0413974770752,0.0,0.0,-1.3133753721842982,2464.825650750065,0.0,0.0,1.0,-30.6697112529808
0.0011118548703700297,0.01634864628458312,0.205,287.1675854123195,0.0,0.0,-1.3596068117837474,2466.021537958326,0.0,0.0,1.0,-30.126857414476977
-0.011995249577175644,-0.011510262796676145,0.205,287.14700012529096,0.0,0.0,-1.3501043417241758,2465.7121319245043,0.0,0.0,1.0,-30.058807888539167
-0.010288076538929188,0.0010980115398253074,0.205,287.6911515324747,0.0,0.0,-1.265151513804293,2461.032497981044,0.0,0.0,1.0,-37.30471289738606
-0.007205988040864462,0.004732480563016802,0.205,287.80112713317186,0.0,0.0,-1.1195908210959669,2466.203307925795,0.0,0.0,1.0,-40.65008534898029
0.018474762261370636,0.003790234268911485,0.205,287.2630781715529,0.0,0.0,-1.2119574450101687,2464.2041208047826,0.0,0.0,1.0,-30.47779877803397
-0.014991916530780457,-0.008710290779960283,0.205,287.23733853208375,0.0,0.0,-1.315577279054173,2464.7241015480536,0.0,0.0,1.0,-29.99386641980204
0.017578204652832313,0.004150914010388944,0.205,287.1836248587251,0.0,0.0,-1.2714222845117362,2461.237289553349,0.0,0.0,1.0,-30.700643905598096
0.017476022424056752,-0.009042797011346559,0.205,287.14775813969663,0.0,0.0,-1.1393516039142624,2464.7308175531266,0.0,0.0,1.0,-26.565421765986958
0.0031563922901584633,0.014591668405411132,0.205,287.1819797424267,0.0,0.0,-1.3959179958274262,2462.85915410939,0.0,0.0,1.0,-31.584886314895932
0.010567980675049847,0.01334414121636484,0.205,287.17701982738294,0.0,0.0,-1.3319977037243291,2464.50243539677,0.0,0.0,1.0,-30.940266988279035
0.00953487343012354,0.011638187059774045,0.205,287.33538957288073,0.0,0.0,-1.3944023427105574,2460.282650103016,0.0,0.0,1.0,-33.42567003296921
-0.0026049031403196504,0.012584938918720971,0.205,287.36075926403134,0.0,0.0,-1.3826962997383179,2464.3061893805675,0.0,0.0,1.0,-32.88189198840144
0.010419377321690005,0.005206306298923544,0.205,287.52444785766534,0.0,0.0,-1.3400690117288436,2464.698863589853,0.0,0.0,1.0,-33.33921193054207
0.013567181498238766,0.012970784982973287,0.205,286.98256858348674,0.0,0.0,-1.2191997599215565,2465.193270662791,0.0,0.0,1.0,-28.133517311531765
-0.010824962836904957,-0.00969847016815147,0.205,287.3460136032095,0.0,0.0,-1.3992856852111997,2465.660676685115,0.0,0.0,1.0,-31.36720511745015
0.009406716191318608,0.004167433549899466,0.205,287.7006278578728,0.0,0.0,-1.2611161405874403,2462.499802340554,0.0,0.0,1.0,-37.72867964081497
0.006039797133847095,-0.017810018118149914,0.205,287.0782319881857,0.0,0.0,-1.2162793129267422,2462.348419773829,0.0,0.0,1.0,-27.749387511338078
0.013688668629143102,-0.0027800005067036863,0.205,287.5149612127019,0.0,0.0,-1.399296760963991,2461.545640682956,0.0,0.0,1.0,-34.54030007645052
0.01432401420467256,-0.013511868570430187,0.205,287.05824543003695,0.0,0.0,-1.137972587365856,2461.9828101384005,0.0,0.0,1.0,-26.59998258286604
0.008044605466226795,-0.01773078663880629,0.205,286.921897009086,0.0,0.0,-1.1588172868596902,2463.159050584945,0.0,0.0,1.0,-26.532533790565573
-0.013102349467482835,0.009120005135887895,0.205,287.29848445316685,0.0,0.0,-1.3740038623051802,2462.8455866102963,0.0,0.0,1.0,-31.702149417297374
0.009119499442796768,-0.0063260225350277545,0.205,287.6997482184137,0.0,0.0,-1.3121210751825194,2464.8196901960278,0.0,0.0,1.0,-35.71992934075867
0.004008919591874441,-0.010845297813157283,0.205,287.54693151422333,0.0,0.0,-1.3360812335937118,2459.784652771866,0.0,0.0,1.0,-35.85093375849215
0.011937198942441728,-0.011529502473208586,0.205,287.17173267957065,0.0,0.0,-1.351293972341487,2462.4820948130487,0.0,0.0,1.0,-29.614934726575637
0.0020869582733737445,0.015317964950067122,0.205,287.2788086281008,0.0,0.0,-1.3870540409029615,2461.81038847136,0.0,0.0,1.0,-31.843408597052065
-0.004318940584342524,-0.01244934241833669,0.205,287.35915372035663,0.0,0.0,-1.389815203273735,2460.5881263972456,0.0,0.0,1.0,-33.32215055522012
-0.001419848011290657,0.010767665327473011,0.205,287.57936713296476,0.0,0.0,-1.2983484390956967,2461.6945306804037,0.0,0.0,1.0,-37.571550417475805
0.0005065223333151251,0.012907854128951493,0.205,287.3352475598243,0.0,0.0,-1.3842933016093548,2463.579513093483,0.0,0.0,1.0,-32.95668648528116
-0.001903412394947549,-0.017735625829447304,0.205,286.9708173081382,0.0,0.0,-1.2861021205641519,2466.3432737627945,0.0,0.0,1.0,-29.86733398641119
0.003383058629281482,0.014713556548163852,0.205,287.1708969354202,0.0,0.0,-1.3936438350398248,2463.0531397599257,0.0,0.0,1.0,-32.129428451423095
0.004452049897866926,-0.019222837138297956,0.205,287.00368055460154,0.0,0.0,-1.1340732305431154,2463.734046570986,0.0,0.0,1.0,-29.693801903990984
0.014325921276975762,0.002299348105937793,0.205,287.4803780189225,0.0,0.0,-1.3994050843005637,2463.3124648786443,0.0,0.0,1.0,-31.420416756478545
0.008209417045651701,-0.016609064577220133,0.205,287.02009333321155,0.0,0.0,-1.2380991758423103,2463.1482764347743,0.0,0.0,1.0,-27.944844160361434
-0.014420089216414737,-0.0002961025571491621,0.205,287.4617281253512,0.0,0.0,-1.3997347360691659,2464.360952918461,0.0,0.0,1.0,-32.87427792548185
-0.015912732247616544,0.008587301730936654,0.205,287.1655837491645,0.0,0.0,-1.2700496165911308,2462.031152415035,0.0,0.0,1.0,-28.663448161395912
-0.011864052068631536,0.009992651797185394,0.205,287.3156925070318,0.0,0.0,-1.3859148418358453,2461.49944482227,0.0,0.0,1.0,-30.003164021320174
-0.00617504684369048,0.01009302928546492,0.205,287.52317686995366,0.0,0.0,-1.3482646764918067,2464.21754371037,0.0,0.0,1.0,-34.97751632243598
0.012522915296040773,0.00939335430937619,0.205,287.2599719579323,0.0,0.0,-1.382546353947624,2464.7465436527036,0.0,0.0,1.0,-30.941522275318302
0.012678531640259385,-0.001270477135614455,0.205,287.5058979230658,0.0,0.0,-1.3798754950020224,2462.76954884609,0.0,0.0,1.0,-34.89507347873617
-0.0010541817646395326,-0.011540043261971064,0.205,287.4350203000409,0.0,0.0,-1.3372917887251876,2460.843757333636,0.0,0.0,1.0,-34.389501355300666
0.004389594503695632,-0.013565828100683198,0.205,287.21326437296767,0.0,0.0,-1.3999993845823329,2463.2158957595143,0.0,0.0,1.0,-32.417293034942155
-0.01001882118551451,0.0021616070835136906,0.205,287.6924136361263,0.0,0.0,-1.2583559992829774,2464.0308662842704,0.0,0.0,1.0,-36.06704049759112
0.01107134891729851,-0.01476232806425532,0.205,287.0370907818993,0.0,0.0,-1.2436889842947736,2465.8725268768585,0.0,0.0,1.0,-29.99558043158898
0.015401293865702758,-0.00313892874805915,0.205,287.4428018968469,0.0,0.0,-1.380930553552898,2463.4418510714,0.0,0.0,1.0,-31.553245633966615
-0.016579904185871755,0.005745646225582868,0.205,287.2545267305848,0.0,0.0,-1.3037856023443355,2461.4432401750505,0.0,0.0,1.0,-28.81603638829684
0.0011972203350102712,-0.010898935491933463,0.205,287.50391877677265,0.0,0.0,-1.3044692628373613,2463.3160581576567,0.0,0.0,1.0,-36.39714263168013
-0.0002603948751473632,-0.01778880776501497,0.205,287.1126535053987,0.0,0.0,-1.289051813329384,2465.0822697694534,0.0,0.0,1.0,-29.45954085074707
-0.00881552087164099,-0.00026406440053631445,0.205,287.69678807586746,0.0,0.0,-1.1390109560663226,2465.3199069561256,0.0,0.0,1.0,-36.11961777805153
0.01141249616545336,0.0022975602664474038,0.205,287.6029088776797,0.0,0.0,-1.3397815044158896,2461.481199702584,0.0,0.0,1.0,-34.97543961464069
0.01183267707149732,0.009910034993691853,0.205,287.31194722347493,0.0,0.0,-1.3875850940609193,2465.645219459466,0.0,0.0,1.0,-32.93657498432466
0.005913291545750109,-0.013488566889121768,0.205,287.22930759960695,0.0,0.0,-1.3979795263571704,2465.9988559210965,0.0,0.0,1.0,-31.146544119715134
0.0030610822879314145,-0.019739250234259587,0.205,287.0646634699206,0.0,0.0,-1.1099195403956397,2467.744420283392,0.0,0.0,1.0,-26.950466011220595
-0.010775582560096518,-0.014243946957767999,0.205,287.0965882018699,0.0,0.0,-1.2846249198004853,2465.7227876407565,0.0,0.0,1.0,-29.88570359542419
-0.015266485028066538,0.010086413950524755,0.205,287.2775902982246,0.0,0.0,-1.2550130888960622,2460.8379742495217,0.0,0.0,1.0,-29.463328943640867
-0.01864846744293493,-0.007168356547211895,0.205,287.0126763714199,0.0,0.0,-1.1095581360212368,2465.8196680810306,0.0,0.0,1.0,-27.315646173460564
-0.015049598085929199,0.009060824809193171,0.205,287.2025383761043,0.0,0.0,-1.3026466247672122,2460.557683548283,0.0,0.0,1.0,-28.40864770540865
0.007376178939339427,0.007745623790686761,0.205,287.6010498398222,0.0,0.0,-1.28821255185731,2464.85320868966,0.0,0.0,1.0,-35.55308010847849
0.0037334482801656757,0.018956218080918345,0.205,286.9631715127702,0.0,0.0,-1.1724805280367037,2467.3638072267763,0.0,0.0,1.0,-26.270852598359763
0.00016825543558570007,0.011488760037799436,0.205,287.43987973229287,0.0,0.0,-1.3325845711809536,2460.4812877524123,0.0,0.0,1.0,-34.583713977292646
0.004737109917685569,-0.01678459346917091,0.205,287.0415455257205,0.0,0.0,-1.3099276026611468,2466.367181098679,0.0,0.0,1.0,-31.73309256847264
0.010369242310020748,0.0159629391335036,0.205,287.04114511151016,0.0,0.0,-1.1973585886695475,2465.5982128120045,0.0,0.0,1.0,-28.409821851253856
-0.012759973640978183,0.009828697870144773,0.205,287.3112301015159,0.0,0.0,-1.3694970796504082,2461.234267261186,0.0,0.0,1.0,-32.51793141216983
0.015921529848610116,0.009702429319728256,0.205,287.02649562229294,0.0,0.0,-1.2290628847920937,2463.569519710059,0.0,0.0,1.0,-29.167559203643766
-0.0007470188220193183,-0.01953879616748371,0.205,286.96671298506294,0.0,0.0,-1.1511179666775084,2462.472745518936,0.0,0.0,1.0,-28.0264118813029
-0.016365503593198234,0.006563972761986569,0.205,287.22474871623285,0.0,0.0,-1.298727881258348,2464.4870296488552,0.0,0.0,1.0,-29.501203292695497
-0.014284996183265071,-0.00036333146416506033,0.205,287.4205814785018,0.0,0.0,-1.3999861107084517,2461.5195987528546,0.0,0.0,1.0,-33.12446977434664
-0.004474346064583755,0.012568368687768696,0.205,287.40650651125645,0.0,0.0,-1.3926883252728184,2465.7481086543107,0.0,0.0,1.0,-33.69448953519078
-0.0017015370456100938,0.01665608947383351,0.205,287.1446785643684,0.0,0.0,-1.3450072918395786,2460.453830915366,0.0,0.0,1.0,-31.059143130776445
-0.009731613777557055,-0.013401018840099664,0.205,287.3078132118,0.0,0.0,-1.3527043794905094,2463.2108119759314,0.0,0.0,1.0,-30.542871765513596
-0.010912781266533882,0.0041932650175017195,0.205,287.5543876160198,0.0,0.0,-1.3420325856540518,2462.743628306675,0.0,0.0,1.0,-33.66642149760051
0.014722845783221304,0.004696439728466635,0.205,287.3800359364692,0.0,0.0,-1.3871761246654497,2464.7251864070995,0.0,0.0,1.0,-29.82015813910644
0.004948210636457755,0.00697127792868109,0.205,287.6811800141713,0.0,0.0,-1.1123544802057705,2461.9642089159424,0.0,0.0,1.0,-36.666303910230404
-0.00387113010205356,0.00873820590885535,0.205,287.5486910720271,0.0,0.0,-1.2051119947821993,2462.597334446881,0.0,0.0,1.0,-37.3319758769861
-0.010648525085872877,-0.006088594226191259,0.205,287.5599518701495,0.0,0.0,-1.3651749696841884,2462.601012635125,0.0,0.0,1.0,-34.35021207134712
-0.006909835355104015,0.006824165387705118,0.205,287.71300584855436,0.0,0.0,-1.2177173543544226,2462.8130461886267,0.0,0.0,1.0,-36.57978557223535
0.0034943200222090722,0.010384432926834596,0.205,287.5215187159485,0.0,0.0,-1.3040086775660567,2463.8916548430816,0.0,0.0,1.0,-34.32847784354762
0.018858467302992645,-0.005751400449459919,0.205,287.1309369941369,0.0,0.0,-1.1355906308791444,2461.584541307683,0.0,0.0,1.0,-27.883588513521424
0.006758145895988211,-0.01444701104525258,0.205,287.3045905699446,0.0,0.0,-1.374436822390213,2460.9810086947687,0.0,0.0,1.0,-32.1848815142352
0.014569328601525133,0.0024888743069861755,0.205,287.47423813596424,0.0,0.0,-1.397510432564898,2469.0953355689203,0.0,0.0,1.0,-33.49866992109491
0.0007223674094807947,-0.011419040528049073,0.205,287.433398773538,0.0,0.0,-1.3302130467814564,2464.537663627494,0.0,0.0,1.0,-34.47117411641382
-0.013659913104128119,0.004886369355671444,0.205,287.3407787592217,0.0,0.0,-1.399412838504136,2467.269368749118,0.0,0.0,1.0,-32.181770893133795
0.0035293698511357657,0.008312975647937383,0.205,287.7560575967532,0.0,0.0,-1.1589622418621315,2464.0045921524998,0.0,0.0,1.0,-38.63256791806873
0.011225816031039566,0.0007128706253373972,0.205,287.6983844144389,0.0,0.0,-1.320267350862976,2464.733328349947,0.0,0.0,1.0,-34.65850546268233
-0.003812460565482009,-0.017667086549732473,0.205,286.95102180170994,0.0,0.0,-1.270604284118133,2465.630590223815,0.0,0.0,1.0,-29.984224585153974
-0.011948062374826996,-0.011046041379733241,0.205,287.28873844328143,0.0,0.0,-1.363824736009065,2463.988385082393,0.0,0.0,1.0,-31.87205383765928
-0.004379965960352382,-0.012013299421049086,0.205,287.43182951539137,0.0,0.0,-1.3810539832391704,2463.3773253321947,0.0,0.0,1.0,-33.681778444640905
-0.00727431886132051,-0.013417157714151622,0.205,287.25192321576674,0.0,0.0,-1.3909322014914816,2464.730680002336,0.0,0.0,1.0,-34.508982911499196
-0.007925172255002742,-0.014750316207510463,0.205,287.10889364478334,0.0,0.0,-1.3449286861524827,2466.243805345422,0.0,0.0,1.0,-29.675553723134986
-0.00889639961112772,0.013931867621590122,0.205,287.2279815997992,0.0,0.0,-1.3539922569991463,2465.313496437276,0.0,0.0,1.0,-29.7501981034441
0.017098677020305257,0.006353375152065712,0.205,287.1007519957874,0.0,0.0,-1.2590456356346496,2462.4993477791013,0.0,0.0,1.0,-30.104736398642185
-0.013753878617012442,0.005210038686766454,0.205,287.4969141134775,0.0,0.0,-1.3981467994004426,2465.4074947959552,0.0,0.0,1.0,-31.660311000005915
0.007963641630602047,0.014526640734946498,0.205,287.22884955482357,0.0,0.0,-1.3525173608912724,2459.745406923284,0.0,0.0,1.0,-29.116251061745793
-0.010488287879172165,0.004498999877609782,0.205,287.7103035887899,0.0,0.0,-1.3287458735266948,2463.516305105834,0.0,0.0,1.0,-35.682367944512905
-0.00847505931740493,-0.012375514784522548,0.205,287.2850998335485,0.0,0.0,-1.395030775831415,2463.8972806694214,0.0,0.0,1.0,-32.70615190944464
0.012819412192062129,-0.014778583924049616,0.205,287.03409202137914,0.0,0.0,-1.150106056287678,2465.5331244797253,0.0,0.0,1.0,-28.096932791969092
0.010548845850182965,-0.007124137076666704,0.205,287.46066333467513,0.0,0.0,-1.3795305344730082,2464.160324571088,0.0,0.0,1.0,-34.23265522348481
0.015646488882052053,0.0008515429172141838,0.205,287.43992500806365,0.0,0.0,-1.3821639998075026,2461.9088199640496,0.0,0.0,1.0,-32.561101692846655
-0.012482876577257931,-0.001657035632518985,0.205,287.59573180665615,0.0,0.0,-1.3756830096149935,2462.1820047807582,0.0,0.0,1.0,-35.300061218647144
-0.007302039104074617,-0.012383816143813613,0.205,287.4019265472371,0.0,0.0,-1.3998587765136103,2462.3721567391935,0.0,0.0,1.0,-33.477904353660804
-0.0040216394678182395,0.015812755471052018,0.205,287.2695444202928,0.0,0.0,-1.3622198903919793,2462.139303031345,0.0,0.0,1.0,-30.963515801624304
-0.016421853591934942,-0.005766910356947214,0.205,287.29124468062935,0.0,0.0,-1.311907008713455,2465.390191840204,0.0,0.0,1.0,-29.339185463168054
-0.0048770675996125095,0.019254181369548314,0.205,286.9931876914756,0.0,0.0,-1.1212506450178499,2463.4471406223615,0.0,0.0,1.0,-28.523609870339314
-0.009381981378903842,-0.005021314735281803,0.205,287.70118471406596,0.0,0.0,-1.284743926130105,2464.001773228343,0.0,0.0,1.0,-37.7462118439063
-0.012303605535930994,0.01258577235384343,0.205,287.1315397101585,0.0,0.0,-1.3006476117825787,2464.1123536839355,0.0,0.0,1.0,-29.0680844817427
0.011789612138797888,-0.006776806502492308,0.205,287.36499895215496,0.0,0.0,-1.3962440016997635,2467.416060587379,0.0,0.0,1.0,-32.05837555006009
0.016467042815941954,-0.0108664905751646,0.205,287.0054943348771,0.0,0.0,-1.134304546465539,2469.0521429934233,0.0,0.0,1.0,-28.743019014107915
-0.0032735293861811377,-0.013551225383415362,0.205,287.2768676762889,0.0,0.0,-1.3991550459237687,2466.3748291053103,0.0,0.0,1.0,-33.509176080364234
-0.0015864284604032142,0.010644788333204975,0.205,287.4585490633391,0.0,0.0,-1.2923526588189336,2464.509894029568,0.0,0.0,1.0,-34.622359780715165
0.00800875320521735,-0.004867862393440289,0.205,287.80269100556393,0.0,0.0,-1.189425946598797,2458.4419594141286,0.0,0.0,1.0,-37.33886049843897
-0.00108719722724866,-0.01015402731044055,0.205,287.52524629098036,0.0,0.0,-1.2557029964289783,2465.384697155966,0.0,0.0,1.0,-36.21673837914116
0.0074005285052981705,0.012593810195530767,0.205,287.2722699396196,0.0,0.0,-1.3988704811149446,2466.260975109192,0.0,0.0,1.0,-35.15863817454097
0.00896351950009593,0.007613260347911985,0.205,287.6518899376366,0.0,0.0,-1.3451462172570898,2462.4738554722985,0.0,0.0,1.0,-34.92819373995311
-0.010393495606738265,0.011778921563322612,0.205,287.2679593366124,0.0,0.0,-1.3811654320169284,2461.359859711107,0.0,0.0,1.0,-32.246001044236515
-0.010612968849903752,0.016729658447278514,0.205,286.97555111730634,0.0,0.0,-1.1262176347926927,2464.039632994176,0.0,0.0,1.0,-29.642363452756868
-0.009101559059261745,0.0017569160976652154,0.205,287.77140142901396,0.0,0.0,-1.1804818676953346,2460.9405322628268,0.0,0.0,1.0,-35.729705108931654
-0.007554466461244802,0.017642867251218684,0.205,287.06965064948105,0.0,0.0,-1.1838376148551963,2463.8858055044657,0.0,0.0,1.0,-29.636759794597715
0.006881772269137872,-0.013690226656412483,0.205,287.22015325157554,0.0,0.0,-1.3898190467027542,2464.4341798767864,0.0,0.0,1.0,-31.881088181857983
-0.006029340231536849,-0.007976262216051268,0.205,287.73303264107494,0.0,0.0,-1.24004965026044,2463.4020725354394,0.0,0.0,1.0,-36.85224572219809
-0.013944951909593132,0.012944188501455766,0.205,287.0597252743486,0.0,0.0,-1.1980765041362225,2465.3582241633394,0.0,0.0,1.0,-31.40372336944901
0.01792699573355192,-0.00044726550463093195,0.205,287.1892133099767,0.0,0.0,-1.2799833009251977,2463.186342858699,0.0,0.0,1.0,-29.834647649839876
-0.010412479067207853,0.015071108628451393,0.205,287.05324615398763,0.0,0.0,-1.253528726825752,2462.848718285799,0.0,0.0,1.0,-30.187044450263905
-0.011125405099097206,0.01488794969986474,0.205,287.0879234078845,0.0,0.0,-1.2336421548620833,2464.7516098950346,0.0,0.0,1.0,-30.352937499617493
0.002329880372042878,-0.017929220444942204,0.205,287.13583822262547,0.0,0.0,-1.2701837055851284,2462.8006706301003,0.0,0.0,1.0,-28.820443651555703
-0.016547659996259286,0.0059097789737509185,0.205,287.2136246406925,0.0,0.0,-1.302376469448315,2464.133704305749,0.0,0.0,1.0,-29.26541321282272
0.01011844068261206,0.014127014038585677,0.205,287.18123857989997,0.0,0.0,-1.313472065335233,2464.21132518205,0.0,0.0,1.0,-30.15101588549866
-0.015655771681834338,0.00429127751717334,0.205,287.40523054522504,0.0,0.0,-1.3651910073259044,2465.7743682532687,0.0,0.0,1.0,-29.052936738842646
-0.004648726073696974,-0.014023585938907604,0.205,287.2715808516115,0.0,0.0,-1.397569858633213,2465.2936050935814,0.0,0.0,1.0,-31.645632332811196
0.008904434036240076,0.011710174250558935,0.205,287.2840022784296,0.0,0.0,-1.3981182091982078,2464.8843042202693,0.0,0.0,1.0,-33.967852059696
-0.008704741143895406,-0.015391655307188357,0.205,287.01280191092184,0.0,0.0,-1.2957217293456926,2459.19410481288,0.0,0.0,1.0,-30.396224629009136
-0.013329028332232071,0.014098465267622585,0.205,287.0697056227782,0.0,0.0,-1.1651145674549828,2464.1837358312105,0.0,0.0,1.0,-30.926018917227047
-0.011798888831317153,0.013384325953819292,0.205,287.1313014568089,0.0,0.0,-1.28578413193247,2464.7565150615956,0.0,0.0,1.0,-30.35226442987194
0.006249720100473068,-0.01220077600418459,0.205,287.38769225985936,0.0,0.0,-1.3974032500705906,2466.0392557137566,0.0,0.0,1.0,-33.547975819314885
-0.0010427266784895854,0.019762323355113905,0.205,286.9484427282084,0.0,0.0,-1.1284005654975044,2463.0689462614823,0.0,0.0,1.0,-27.654372039467983
-0.017132198140496258,0.007760033404805294,0.205,287.14802278836953,0.0,0.0,-1.2161625808211316,2460.4356443787633,0.0,0.0,1.0,-29.02082449447254
0.00328070168556174,0.01445085964432577,0.205,287.1673440317454,0.0,0.0,-1.3971389622763286,2468.3913441078334,0.0,0.0,1.0,-34.64417070797469
-0.00032998551840414354,-0.01798498942238693,0.205,287.1439784332134,0.0,0.0,-1.2763423344445861,2464.343336745377,0.0,0.0,1.0,-28.574704901414904
0.0078038886688198104,-0.011666117438830868,0.205,287.4316971392888,0.0,0.0,-1.3995933158256895,2462.4068047135456,0.0,0.0,1.0,-33.69046977023021
0.004341083789901651,-0.019121201151908476,0.205,286.9804126268309,0.0,0.0,-1.1459555868314144,2460.7974920562824,0.0,0.0,1.0,-28.11988422696389
0.011040401734168467,-0.00807062575555571,0.205,287.41391854087516,0.0,0.0,-1.3970813800005368,2461.056445947893,0.0,0.0,1.0,-32.76077497602755
-0.003536865061902039,0.010014537483595355,0.205,287.5227766536877,0.0,0.0,-1.2834339990364643,2462.422666966702,0.0,0.0,1.0,-37.76653290976876
0.01637572774234352,0.004826181284239943,0.205,287.34380513069704,0.0,0.0,-1.329517320422996,2464.0831339185065,0.0,0.0,1.0,-31.318205352298875
-0.01238539187666231,0.007154515279930285,0.205,287.3708326740289,0.0,0.0,-1.3999748376133505,2463.3055965461567,0.0,0.0,1.0,-34.806492638027734
0.007531003540204985,0.0176317027489641,0.205,286.9682358539748,0.0,0.0,-1.185539252878769,2462.4294682863906,0.0,0.0,1.0,-29.207547763535405
0.019137063045824302,0.0027798991409628254,0.205,287.14140551569346,0.0,0.0,-1.170903416540355,2462.8903843339835,0.0,0.0,1.0,-26.91676325198397
-0.01586428803798102,0.01200809412626661,0.205,287.0200282875287,0.0,0.0,-1.117840688171366,2462.743107961857,0.0,0.0,1.0,-28.85569006977895
0.0082023674633698,0.006258501049698351,0.205,287.6350027677806,0.0,0.0,-1.263129550815703,2461.6390486790883,0.0,0.0,1.0,-36.13451032256568
0.015255123457148625,-0.0016089352229297614,0.205,287.3691030612472,0.0,0.0,-1.3894905428026212,2463.7940472009054,0.0,0.0,1.0,-31.48092975206464
0.004768014200785289,0.013141263669244993,0.205,287.3453442517588,0.0,0.0,-1.3993525101361253,2461.659368185244,0.0,0.0,1.0,-33.77356181169057
0.0007240594057437582,0.011000251557160426,0.205,287.4787106666432,0.0,0.0,-1.3079015214493253,2461.7242204395598,0.0,0.0,1.0,-36.38668684107682
0.009826327721922235,0.01473471201117556,0.205,287.1529581856394,0.0,0.0,-1.2940103590320706,2464.6579987609807,0.0,0.0,1.0,-31.42202937381592
0.0012120742630726826,0.013400632038146969,0.205,287.36289386000396,0.0,0.0,-1.3944113634592883,2462.3936872380564,0.0,0.0,1.0,-35.82315915122616
0.009846511230377386,-0.0020445334619525997,0.205,287.728728213205,0.0,0.0,-1.2443731118596346,2461.975187470558,0.0,0.0,1.0,-36.287453003303554
0.01147364546422067,-0.0002571870803206015,0.205,287.69803182455144,0.0,0.0,-1.3319252063514424,2465.693448387772,0.0,0.0,1.0,-34.997249472621405
-0.007668522538182145,-0.01043147491594906,0.205,287.4352745026141,0.0,0.0,-1.3849719658522477,2463.2399281160147,0.0,0.0,1.0,-34.47710996718189
0.009748228989186786,-0.006878907119894029,0.205,287.5174605999889,0.0,0.0,-1.352404864628446,2462.68814395736,0.0,0.0,1.0,-34.28420302411994
0.01452029193243707,0.00875346771087453,0.205,287.2324734935919,0.0,0.0,-1.3352590685665353,2460.776953884506,0.0,0.0,1.0,-32.798533876527685
0.012520522146361967,0.0012801966580333398,0.205,287.6275762115403,0.0,0.0,-1.3754896607558975,2463.0781358154068,0.0,0.0,1.0,-33.635126226552146
0.0011853849320306612,-0.013306402294098426,0.205,287.32395387485764,0.0,0.0,-1.3929757618540937,2465.501884313044,0.0,0.0,1.0,-34.77585661248902
-0.00484066220229457,-0.01936867711893636,0.205,286.876543254685,0.0,0.0,-1.111010930824842,2461.962723336083,0.0,0.0,1.0,-27.088446655425322
-0.015592860738616095,-0.003792321462010686,0.205,287.3317307902756,0.0,0.0,-1.371409119864219,2465.1050935615463,0.0,0.0,1.0,-31.21909403683443
0.0013060235114937745,-0.01923167867517836,0.205,287.01220432896076,0.0,0.0,-1.1764477446216899,2464.9896132978856,0.0,0.0,1.0,-26.667314064680326
0.010620014771947123,0.010302581221601274,0.205,287.3028932695572,0.0,0.0,-1.3973596510727715,2463.043753440567,0.0,0.0,1.0,-32.04064385208023
-0.0006427203527436877,0.011935626692365232,0.205,287.4570048919264,0.0,0.0,-1.353302758146052,2463.3088675348854,0.0,0.0,1.0,-35.07844517927688
0.009122406305053324,-0.011362243874928976,0.205,287.2710891950865,0.0,0.0,-1.3990871526996604,2462.928832403584,0.0,0.0,1.0,-32.180989870487714
0.003565252727534033,-0.013287708600312864,0.205,287.346149233075,0.0,0.0,-1.3978551170860427,2462.024392559213,0.0,0.0,1.0,-33.679762922157174
-0.0112638386500833,0.007988370988366435,0.205,287.44122736167907,0.0,0.0,-1.3982787629450504,2465.247827453591,0.0,0.0,1.0,-31.919151436823157
0.001152041387533061,-0.018715955340030555,0.205,286.9893254175074,0.0,0.0,-1.2206796263163298,2468.362419689696,0.0,0.0,1.0,-29.476193231446434
0.012689568118702201,0.0038187924585525008,0.205,287.5576779273977,0.0,0.0,-1.3911806666289452,2460.6770707841274,0.0,0.0,1.0,-34.588214571817296
-0.001410379358656868,-0.01544583119441311,0.205,287.2497091557707,0.0,0.0,-1.3859478976280286,2461.131080471906,0.0,0.0,1.0,-30.55619747823684
-0.008896776386330662,0.013439096458762836,0.205,287.1874237737894,0.0,0.0,-1.3691476198581936,2463.9011164958533,0.0,0.0,1.0,-31.561910555992895
0.001404214290863277,0.015077366414259413,0.205,287.1945128527825,0.0,0.0,-1.392948732186036,2460.8910488832057,0.0,0.0,1.0,-31.250185158160686
-0.0058395906344165666,0.018285610982774515,0.205,287.0018946947245,0.0,0.0,-1.1835557331923843,2460.1137941261636,0.0,0.0,1.0,-29.691042710863545
0.008226337768229515,0.003220343382667983,0.205,287.77162806434086,0.0,0.0,-1.1404252395927232,2462.5521780790555,0.0,0.0,1.0,-36.72481116909746
-0.007078187344298586,-0.005012223197748392,0.205,287.75783645448485,0.0,0.0,-1.1247544719234444,2464.26160469356,0.0,0.0,1.0,-37.84028658163953
0.017106693173686748,-0.0009265408610038923,0.205,287.2472059400397,0.0,0.0,-1.3265052594351356,2464.0519928591016,0.0,0.0,1.0,-30.756467875299432
-0.011055500203867554,-0.013345970728319258,0.205,287.2563494842073,0.0,0.0,-1.3160303395279112,2464.0113915936026,0.0,0.0,1.0,-28.92998098753852
-0.004910566656101964,0.009089551041497673,0.205,287.6123416137364,0.0,0.0,-1.2640917560347869,2461.0904944780173,0.0,0.0,1.0,-36.12422388685564
0.00969349511611138,-0.012309680630686347,0.205,287.28787346233406,0.0,0.0,-1.3822005882081358,2466.1703966813807,0.0,0.0,1.0,-32.436250231925705
-0.0028420102322569752,0.016506529723038177,0.205,287.133279044953,0.0,0.0,-1.3447144453856077,2467.2075976293495,0.0,0.0,1.0,-29.533360526260704
-0.0005523586239719306,-0.019615522630706955,0.205,286.9573072496733,0.0,0.0,-1.1444825870569446,2466.030691216363,0.0,0.0,1.0,-29.95796231116061
0.0025021125350031584,-0.019744256092762043,0.205,287.056723246766,0.0,0.0,-1.1172722313985668,2461.725809742359,0.0,0.0,1.0,-28.235365273561694
-0.017330528060764537,-0.006182263987878465,0.205,287.18804578701526,0.0,0.0,-1.2475673508539273,2460.6715592305623,0.0,0.0,1.0,-28.00553090246213
-0.013131531079891423,0.0013087771866248934,0.205,287.593052586199,0.0,0.0,-1.390179515263845,2462.8854123563024,0.0,0.0,1.0,-35.400343310749236
-0.019839625781651115,-0.0004938869806878823,0.205,287.1926901576455,0.0,0.0,-1.1228858577354413,2463.8884495873735,0.0,0.0,1.0,-28.77274613392806
-0.01324300135572405,0.008242371406211781,0.205,287.287905017353,0.0,0.0,-1.3839064340882135,2461.394668165257,0.0,0.0,1.0,-32.935092821592114
0.005085894861260839,0.014049962821521197,0.205,287.26578215881125,0.0,0.0,-1.3957602879847484,2460.3902838261765,0.0,0.0,1.0,-32.899477934332374
-0.00701031273439185,0.012347789550891237,0.205,287.4151853129283,0.0,0.0,-1.3999770065143529,2461.118962021782,0.0,0.0,1.0,-31.806470774303193
-0.01066120749394842,-0.0031298211295983885,0.205,287.68041677351243,0.0,0.0,-1.3128060522097604,2464.361969749277,0.0,0.0,1.0,-36.268833298058624
0.003787200249148201,-0.011881149421738705,0.205,287.5370716275997,0.0,0.0,-1.3719646299047317,2464.3550889151174,0.0,0.0,1.0,-34.60677658336083
-0.008784075527490342,-0.010038154276639948,0.205,287.4453717647411,0.0,0.0,-1.392652619825283,2466.5683576576657,0.0,0.0,1.0,-34.16696835193514
0.017912252626619725,0.0007330499151606911,0.205,287.30539811972363,0.0,0.0,-1.2803303424476808,2463.3040383768157,0.0,0.0,1.0,-28.60023225176172
-0.0025776218857108796,-0.01688263721417304,0.205,287.1057062503946,0.0,0.0,-1.329208229663442,2463.403643722932,0.0,0.0,1.0,-30.390223453814656
-0.004597850160873944,0.010957951314898544,0.205,287.41696169776066,0.0,0.0,-1.3504365333963848,2460.489902670293,0.0,0.0,1.0,-36.42481413136924
0.0004219776649703901,-0.011381489188720603,0.205,287.55768813842155,0.0,0.0,-1.3275763334777602,2464.3929119742334,0.0,0.0,1.0,-34.5109460182047
0.0011650650043917806,0.011179502315698605,0.205,287.4843554747146,0.0,0.0,-1.3198214561872943,2463.5151378715213,0.0,0.0,1.0,-36.672528182819605
0.00976218753355136,-0.010961743417913502,0.205,287.39071134187174,0.0,0.0,-1.3983745937120395,2465.3165662141932,0.0,0.0,1.0,-31.875945376592448
-0.007783397241158154,0.0077451297920446876,0.205,287.5983200948511,0.0,0.0,-1.305389687012668,2465.3518822131937,0.0,0.0,1.0,-37.368421120070735
-0.007879895000875062,0.017777205125188243,0.205,286.95007648689517,0.0,0.0,-1.1611260368805347,2467.3363401296765,0.0,0.0,1.0,-28.760374638353518
-0.0065630874662901875,0.01699059333685371,0.205,286.9551943041543,0.0,0.0,-1.2609299883494203,2468.211898247017,0.0,0.0,1.0,-28.113441997986136
-0.005369558550306477,-0.01254819382210721,0.205,287.36965673946816,0.0,0.0,-1.396801115946616,2462.495442828311,0.0,0.0,1.0,-31.548543578282445
0.0025509466901576182,-0.014292783672498888,0.205,287.2192606408346,0.0,0.0,-1.3993613106989384,2462.397000847609,0.0,0.0,1.0,-32.020586422132034
-0.009616002221409622,0.009428376728811517,0.205,287.3730402284149,0.0,0.0,-1.3945750936940062,2467.6168456748555,0.0,0.0,1.0,-34.98266445195316
0.0033187865852732784,-0.015834461074892642,0.205,287.09234280697615,0.0,0.0,-1.3670855332944252,2460.938878823551,0.0,0.0,1.0,-30.422014818400406
0.009775138106613611,-0.01080317445758376,0.205,287.3404503363351,0.0,0.0,-1.3990982341419291,2462.209363112714,0.0,0.0,1.0,-34.335886514381144
-0.007015818262504118,0.005093138536516158,0.205,287.7678145696956,0.0,0.0,-1.1244051669971267,2463.703963227308,0.0,0.0,1.0,-37.36779206652782
-0.013019491624608822,-0.006466792635084523,0.205,287.30928321780874,0.0,0.0,-1.3992706576729754,2458.986351768367,0.0,0.0,1.0,-33.33096907428985
-0.017301723408134684,0.007357125287874558,0.205,287.2208755535485,0.0,0.0,-1.216705736066231,2465.59160578866,0.0,0.0,1.0,-29.797839711892824
0.01916881911022121,-0.0024365365654596426,0.205,287.1465483842399,0.0,0.0,-1.1722401064690953,2461.1351579574443,0.0,0.0,1.0,-30.270873580866724
0.0009222253957334024,-0.018977551690470728,0.205,286.9167055293588,0.0,0.0,-1.2003285036373197,2464.754342549302,0.0,0.0,1.0,-29.244312613166514
0.004203659623042825,0.01247319185266773,0.205,287.4095342187018,0.0,0.0,-1.3895335037745926,2461.882954207839,0.0,0.0,1.0,-34.12660070367465
0.014136604522652828,-0.009437017051169588,0.205,287.1347701096248,0.0,0.0,-1.3332144296566208,2465.731824196883,0.0,0.0,1.0,-29.98417876531451
-0.006638808565877858,0.017703049870545166,0.205,287.0513008576833,0.0,0.0,-1.208072667017957,2465.1821852158278,0.0,0.0,1.0,-28.636115695200196
0.010153610670681542,0.010947519475391609,0.205,287.2804597650554,0.0,0.0,-1.3958920320255295,2463.685550758308,0.0,0.0,1.0,-32.589672496521004
-0.002221491997775048,-0.010800144457452778,0.205,287.41965886533245,0.0,0.0,-1.3080266814910027,2463.2737928880133,0.0,0.0,1.0,-36.97611594447017
0.014117883500913656,0.0052402981687449494,0.205,287.4138119397297,0.0,0.0,-1.3942070119004821,2464.0028448839125,0.0,0.0,1.0,-30.97014402212671
0.016201358118322202,-0.007480739446779881,0.205,287.27648917787974,0.0,0.0,-1.2856210284063678,2460.5113982613148,0.0,0.0,1.0,-29.934655238913415
0.0035307539338254898,0.009875536709406985,0.205,287.4827820248835,0.0,0.0,-1.2747323579131513,2462.926089982865,0.0,0.0,1.0,-36.846708902027835
0.011279573473166092,0.006260457911991285,0.205,287.52027782759546,0.0,0.0,-1.3838822617466715,2457.2736598916326,0.0,0.0,1.0,-32.91846753263569
-0.00023265121709650422,-0.018730737727766802,0.205,286.9948865625237,0.0,0.0,-1.222205750641627,2467.045701048181,0.0,0.0,1.0,-27.420147843811584
-0.010540632785907353,-0.012277480681613284,0.205,287.1658261948546,0.0,0.0,-1.366983167211003,2467.870683722746,0.0,0.0,1.0,-31.464278683593204
0.008157384454194042,0.012272474160814046,0.205,287.3018533818991,0.0,0.0,-1.3979076887550197,2466.3877101710723,0.0,0.0,1.0,-34.47825805995586
0.008352215890672011,0.007542618125009923,0.205,287.56183815816723,0.0,0.0,-1.320558589017108,2465.7434505597216,0.0,0.0,1.0,-34.54836830973256
-0.005123364389049752,-0.011933097605126553,0.205,287.4592015684093,0.0,0.0,-1.3858704329152236,2466.309066940253,0.0,0.0,1.0,-33.0495798573018
0.012555685072156503,0.011938827890928065,0.205,287.2857167703339,0.0,0.0,-1.3162790033544103,2466.1603959673325,0.0,0.0,1.0,-29.663455219888327
-0.012145815174212659,0.0077817475022993535,0.205,287.4271497134237,0.0,0.0,-1.3997294228800266,2463.5865367653214,0.0,0.0,1.0,-35.03831548545598
-0.019731517235464912,0.002817621293880547,0.205,287.0667970351636,0.0,0.0,-1.1143121517524708,2466.5406043611674,0.0,0.0,1.0,-27.08538987908612
-0.002331965092699557,-0.010744038805706502,0.205,287.48469579748405,0.0,0.0,-1.3061889274160827,2463.5814864567365,0.0,0.0,1.0,-35.26680644565049
-0.0055439040860154705,-0.01134904228258851,0.205,287.4848097835924,0.0,0.0,-1.3767955674619676,2464.032317635086,0.0,0.0,1.0,-35.601977518105365
0.0008923638388875562,-0.008530867495569605,0.205,287.703185099325,0.0,0.0,-1.1152255865595198,2465.1183605117108,0.0,0.0,1.0,-35.97154716915317
-0.013797746812287858,0.010548188423602306,0.205,287.2925160684425,0.0,0.0,-1.3139703561841904,2463.49825958656,0.0,0.0,1.0,-28.970962917669265
-0.011223575480611417,-0.005187012012274549,0.205,287.51019883102776,0.0,0.0,-1.3685280005874316,2463.525186045907,0.0,0.0,1.0,-34.442763733679854
0.019032349859615924,-0.002238537500999119,0.205,287.1693084383388,0.0,0.0,-1.1863375493628092,2463.235946497894,0.0,0.0,1.0,-27.028657217379127
-0.007173423688052967,-0.012445539657697569,0.205,287.2267112051887,0.0,0.0,-1.399883226255698,2465.6917183960413,0.0,0.0,1.0,-31.063346972373445
-0.016723498036766763,0.008630333269661781,0.205,287.11724160479287,0.0,0.0,-1.215244445146068,2462.258093968492,0.0,0.0,1.0,-28.525643400377724
0.008106639310727368,-0.01528433079334714,0.205,287.16762181103275,0.0,0.0,-1.3176138807538624,2465.2169471317084,0.0,0.0,1.0,-31.909973212387232
-0.009869951324238261,-0.0100227648919622,0.205,287.360889651908,0.0,0.0,-1.3997026191321413,2463.0051289671037,0.0,0.0,1.0,-31.480412948603693
-0.012087198901752248,-0.012440133844251987,0.205,287.1891124089109,0.0,0.0,-1.3152134545989334,2464.927278034309,0.0,0.0,1.0,-29.092543197647146
0.010652601110964105,0.014489204092576586,0.205,287.16703140869924,0.0,0.0,-1.2766250344829313,2462.773333077049,0.0,0.0,1.0,-30.18447458833081
0.01031393370449116,0.012186910557655728,0.205,287.25195671039495,0.0,0.0,-1.3739544703833724,2465.18592793869,0.0,0.0,1.0,-32.314599868517675
0.007427033919633286,-0.011508304392860151,0.205,287.44840210666996,0.0,0.0,-1.3972915085305238,2463.4139107833644,0.0,0.0,1.0,-33.112939894556874
0.0053794939754195584,-0.01542524664114516,0.205,287.1810556065685,0.0,0.0,-1.3614766631618616,2466.72446936455,0.0,0.0,1.0,-32.85073723805861
0.006345499057982744,-0.015269295467901907,0.205,287.16462290602277,0.0,0.0,-1.353779788893569,2461.6135424838462,0.0,0.0,1.0,-31.137135129434203
0.008341393393908101,-0.01113744414492724,0.205,287.3595246205048,0.0,0.0,-1.3990056004536247,2462.655599859159,0.0,0.0,1.0,-33.45731137484568
-0.00594367652123517,0.014799357686429784,0.205,287.21507912666294,0.0,0.0,-1.3744748947286336,2464.718435547684,0.0,0.0,1.0,-31.76937132428488
-0.007912855272046668,0.018339802882810525,0.205,286.91640033369185,0.0,0.0,-1.1100376732173476,2464.9061641076646,0.0,0.0,1.0,-28.565420675722162
0.010371800030491419,0.00852682783367574,0.205,287.514783718557,0.0,0.0,-1.3940039120232521,2462.306203547325,0.0,0.0,1.0,-34.213480768815124
0.0107306047996529,0.003665207132291832,0.205,287.5977992373921,0.0,0.0,-1.3250218252750463,2463.5544736820298,0.0,0.0,1.0,-33.449863281631764
0.0046578296465496485,-0.008172479674544817,0.205,287.59926196999993,0.0,0.0,-1.192397370875579,2464.6221803173216,0.0,0.0,1.0,-36.74104152363667
0.015888820293807653,0.009938144257184207,0.205,287.11008547022107,0.0,0.0,-1.2215135121484377,2462.631659971464,0.0,0.0,1.0,-28.796717514530112
0.013601209922340818,-0.01228120196461939,0.205,287.0392845781079,0.0,0.0,-1.253011857852797,2463.699130358302,0.0,0.0,1.0,-30.516881689790257
-0.017713933595422504,0.0019675075996659027,0.205,287.20009915327836,0.0,0.0,-1.2870277097739304,2462.9352627341746,0.0,0.0,1.0,-30.165015130783654
-0.011787443138242749,-0.012162579864789537,0.205,287.18620674242476,0.0,0.0,-1.3360896412336891,2461.4055488791914,0.0,0.0,1.0,-30.18440710602473
0.009151008545091755,0.006455545244468829,0.205,287.58609825133954,0.0,0.0,-1.3176135423063462,2462.012008354227,0.0,0.0,1.0,-36.29769045276025
0.008114578459782482,0.013273830863117585,0.205,287.2405839038222,0.0,0.0,-1.3848667483633197,2463.883030318491,0.0,0.0,1.0,-31.14678944311147
-0.016616129829765132,0.0029381222182416726,0.205,287.26948314623866,0.0,0.0,-1.3390699494461482,2465.53913755602,0.0,0.0,1.0,-29.374889194779524
-0.004279486358347503,-0.011439444576480367,0.205,287.31427069998693,0.0,0.0,-1.3633043418948827,2464.417298421927,0.0,0.0,1.0,-34.11806186387003
-0.014081734623712488,0.0045033526241537855,0.205,287.41840891691254,0.0,0.0,-1.3974735893491135,2459.883086603241,0.0,0.0,1.0,-31.185933828567048
-0.0020931774777717726,0.018315903657165487,0.205,287.1034720356627,0.0,0.0,-1.2449917359205456,2462.800219943956,0.0,0.0,1.0,-31.00551142531092
-0.00962790951289358,-0.008004647712777594,0.205,287.51065245550325,0.0,0.0,-1.3735383346982006,2462.257987517228,0.0,0.0,1.0,-33.45463181096084
0.0007452700253268059,-0.010131942353527129,0.205,287.4923245153851,0.0,0.0,-1.2519083103927326,2463.3771025348196,0.0,0.0,1.0,-36.07814689566647
0.00977164832493748,0.017288293079218177,0.205,286.9638987376657,0.0,0.0,-1.1215984033520443,2466.592141600438,0.0,0.0,1.0,-27.287724225592072
0.014409535921539636,-0.0009763376566073232,0.205,287.383861075552,0.0,0.0,-1.399671801507756,2461.904518332938,0.0,0.0,1.0,-32.964938793453925
-0.002434774186558295,0.00913368844827132,0.205,287.6268429864187,0.0,0.0,-1.1963223498087008,2465.357310235255,0.0,0.0,1.0,-36.985733019184856
0.01705281624970287,0.009089766753028167,0.205,287.06558342549096,0.0,0.0,-1.1721423627018557,2460.006229105218,0.0,0.0,1.0,-28.472927646486863
0.016992673926072708,0.0065122601519349045,0.205,287.2149251431777,0.0,0.0,-1.2620720150650908,2462.580316954809,0.0,0.0,1.0,-27.65890387555317
-0.0038429196500230074,0.01624786459317875,0.205,287.1666510380554,0.0,0.0,-1.3470456400596627,2463.4662954518335,0.0,0.0,1.0,-28.96046342379113
0.012726717827503816,-0.0076231935730526395,0.205,287.3074355831539,0.0,0.0,-1.3969695254446628,2460.988565873654,0.0,0.0,1.0,-31.950725853177673
-0.015810765771979672,0.010500271539939586,0.205,287.13170320536256,0.0,0.0,-1.2020116168229822,2464.869942498931,0.0,0.0,1.0,-30.71767403866291
0.0007829975546674687,-0.014607096028091737,0.205,287.29312612527855,0.0,0.0,-1.3987350428548557,2465.369555047553,0.0,0.0,1.0,-32.289650825246966
-0.0075243620420523405,-0.016029113080400365,0.205,287.0817848273849,0.0,0.0,-1.2942177292849089,2463.6186402377757,0.0,0.0,1.0,-31.094087866460647
-0.00037019903712847855,-0.015362995917933109,0.205,287.24646881317136,0.0,0.0,-1.3889490613772473,2465.5731124989306,0.0,0.0,1.0,-32.35540107316095
-0.018824892697933405,0.00649021341308352,0.205,287.0997221611254,0.0,0.0,-1.116258099031838,2461.733436478359,0.0,0.0,1.0,-29.237185921036765
0.017553958484283032,0.0050020333566279775,0.205,287.2242289399299,0.0,0.0,-1.2582088558479763,2467.7519631377677,0.0,0.0,1.0,-30.083154325876265
-0.0093024968930213,-0.008213976368829307,0.205,287.4837068646268,0.0,0.0,-1.3700348157491764,2465.0242148581037,0.0,0.0,1.0,-34.277917339386505
0.015800472394846662,0.012073637567799054,0.205,287.0195544766011,0.0,0.0,-1.1189507779162065,2460.962593493148,0.0,0.0,1.0,-26.72870168513845
0.016130341770190088,-0.009848567688076237,0.205,287.09067690988593,0.0,0.0,-1.208703421418753,2463.7172070640604,0.0,0.0,1.0,-28.883226053925288
0.010839358760720837,0.011696116440866879,0.205,287.2273794281241,0.0,0.0,-1.3745290013188904,2463.714293256379,0.0,0.0,1.0,-30.21363806541968
-4.7556961617357076e-05,-0.013133443376181582,0.205,287.33994118202725,0.0,0.0,-1.3889685359656863,2468.1345697923684,0.0,0.0,1.0,-32.13897246883782
0.003277208806506182,-0.009438715893031203,0.205,287.53698171421917,0.0,0.0,-1.2395062099343137,2460.6959662008935,0.0,0.0,1.0,-37.26039538058905
-0.0011601725695145838,0.01453563072053139,0.205,287.29308424032735,0.0,0.0,-1.399025366689917,2462.4489182253456,0.0,0.0,1.0,-33.22440545787019
0.01312264177575129,-0.007698289914922415,0.205,287.3020824245998,0.0,0.0,-1.391774921685271,2463.448526795036,0.0,0.0,1.0,-31.771184438369843
0.002572452607436078,0.009990651393025756,0.205,287.58309638790047,0.0,0.0,-1.2630720622481628,2462.403095426699,0.0,0.0,1.0,-37.08356516021705
-1.0839957200835054e-05,0.012570484163185033,0.205,287.3446487195232,0.0,0.0,-1.3750365605549772,2465.337439871674,0.0,0.0,1.0,-34.784176923823765
-0.01904253776391134,-0.001900540663967885,0.205,287.1873554214689,0.0,0.0,-1.1886272531109334,2460.8411709714305,0.0,0.0,1.0,-30.2621684204847
-3.701320297371665e-05,0.019506642480163705,0.205,286.93596061617524,0.0,0.0,-1.155453576569672,2466.107181442165,0.0,0.0,1.0,-26.12670216889951
0.0025535110992386516,0.012039678754990877,0.205,287.42666504607627,0.0,0.0,-1.3666062152984901,2462.804981094945,0.0,0.0,1.0,-35.16701756678003
-0.013280923132967049,-0.0074476746716355255,0.205,287.3795256099169,0.0,0.0,-1.3915586126951742,2465.6929885688055,0.0,0.0,1.0,-31.73824732325127
-0.014299200669581163,-0.0006837449908523661,0.205,287.5047563669225,0.0,0.0,-1.39996198686483,2460.632324610074,0.0,0.0,1.0,-33.673634195373026
-0.011741602534614664,0.013369619457889202,0.205,287.14181296104516,0.0,0.0,-1.2888712776990932,2461.7036022937646,0.0,0.0,1.0,-31.307733850430964
-0.0029203933743069716,0.01841486476959443,0.205,286.9938743686819,0.0,0.0,-1.2290551777261172,2463.8553980511574,0.0,0.0,1.0,-29.110370390182595
0.013916979369554805,0.00858927420430892,0.205,287.222571593828,0.0,0.0,-1.3608178249248846,2468.6001729985533,0.0,0.0,1.0,-32.87580711545151
-0.011090350608810532,0.001917981722104262,0.205,287.68573594053623,0.0,0.0,-1.3206149620579326,2459.8912517752333,0.0,0.0,1.0,-36.49071647333099
0.01575535778008259,0.0009910297508535534,0.205,287.4145829341153,0.0,0.0,-1.3791069813376104,2464.832056371006,0.0,0.0,1.0,-31.15023797841009
0.011139738113998534,0.012477326573768708,0.205,287.204390172179,0.0,0.0,-1.3457209164855084,2470.214024328453,0.0,0.0,1.0,-29.4996016807081
-0.015525575322274804,0.000545662501714277,0.205,287.3555074834087,0.0,0.0,-1.3853831459148531,2465.0689167653845,0.0,0.0,1.0,-32.03915742163049
-0.0044356341834446925,0.012754835366084011,0.205,287.30805589107064,0.0,0.0,-1.3950761862837546,2463.4486187025364,0.0,0.0,1.0,-34.57126991285027
-0.016566974671415845,0.0051963163046776575,0.205,287.2287856892242,0.0,0.0,-1.3142493770440897,2466.6790867310388,0.0,0.0,1.0,-32.72771467817459
0.01230793230655621,0.014889224426560854,0.205,287.02150427170795,0.0,0.0,-1.1727188634772718,2464.2133722835006,0.0,0.0,1.0,-28.855369874925824
-0.011471279227249002,-0.0002522518560565513,0.205,287.6570025030088,0.0,0.0,-1.3318036446134747,2465.1637893184898,0.0,0.0,1.0,-36.3397958772342
0.010508848560226335,0.0033554135462803337,0.205,287.5448963105166,0.0,0.0,-1.30832793274644,2465.47757966424,0.0,0.0,1.0,-35.61178028416326
-0.0030683797772333215,-0.016944863071480104,0.205,287.0634634382432,0.0,0.0,-1.3219130648511788,2465.4112989658124,0.0,0.0,1.0,-29.2612683635219
-0.016616351948725006,-0.0029618055093881307,0.205,287.38296772666587,0.0,0.0,-1.3388673584414537,2462.0232503452494,0.0,0.0,1.0,-28.49374625011521
-0.010722688070125316,0.005844309405475486,0.205,287.6211040600839,0.0,0.0,-1.3632410069516707,2462.4102376949554,0.0,0.0,1.0,-37.530154601583796
0.007082130897121851,0.015020747656092914,0.205,287.1895404510095,0.0,0.0,-1.3508511425036138,2458.270053024684,0.0,0.0,1.0,-33.02194075663956
-0.0035200972645736016,0.018067182239409497,0.205,287.0193480147335,0.0,0.0,-1.2470748652424393,2460.6125157589604,0.0,0.0,1.0,-27.09880397653687
-0.011527118953089355,-0.013431351233071693,0.205,287.1100697101261,0.0,0.0,-1.294688722467164,2463.536517316845,0.0,0.0,1.0,-30.325117575508948
-0.012458450534391378,-0.006050518254869743,0.205,287.48368537848665,0.0,0.0,-1.3985838262000814,2467.834126675611,0.0,0.0,1.0,-36.209198852683805
-0.0024914261993111714,0.018749556932230575,0.205,286.91749446860507,0.0,0.0,-1.2074590419335867,2461.313268919707,0.0,0.0,1.0,-30.142676101305536
0.01544054405196829,-0.004214907958708754,0.205,287.3801000569017,0.0,0.0,-1.3727267113041965,2460.191874723399,0.0,0.0,1.0,-31.55867787950054
0.009639322221220232,-0.016222385879200843,0.205,287.0326163689193,0.0,0.0,-1.211092297760589,2464.351209851461,0.0,0.0,1.0,-28.43344597026711
0.003299179659894228,-0.010628435663242902,0.205,287.4979450273887,0.0,0.0,-1.3137803383789899,2464.3214921453264,0.0,0.0,1.0,-34.39303305663108
0.008170504053631516,0.015961614337027818,0.205,287.13916102364374,0.0,0.0,-1.2800686219851596,2460.8024637145204,0.0,0.0,1.0,-29.109283239913612
-0.006883149768009461,-0.012664912919295177,0.205,287.29941735101545,0.0,0.0,-1.3997605234120587,2461.9500440982492,0.0,0.0,1.0,-33.28501639709809
-0.006352550992796697,-0.010296666645507538,0.205,287.48848035786574,0.0,0.0,-1.3590382166789419,2464.6796948504198,0.0,0.0,1.0,-35.988931922096256
0.012186792834967897,0.01243998253422439,0.205,287.16919849836864,0.0,0.0,-1.3113664220912478,2463.478408393642,0.0,0.0,1.0,-31.18386267497897
-0.004456356120853188,-0.01655171997446646,0.205,287.1932055025834,0.0,0.0,-1.3260265828920286,2462.385850701706,0.0,0.0,1.0,-28.568879189938954
0.003153877038298653,-0.016903468807627997,0.205,287.1353548494204,0.0,0.0,-1.3232351915146976,2464.6353859946203,0.0,0.0,1.0,-32.14000734185642
-0.00435774345832664,0.015621287315489205,0.205,287.2131813234121,0.0,0.0,-1.3657337452057599,2465.499874542155,0.0,0.0,1.0,-33.03424613510449
-0.009993392435205287,0.015287076923048992,0.205,287.07814847722506,0.0,0.0,-1.2574301436972388,2463.2041292345825,0.0,0.0,1.0,-27.507856473511104
0.015631592807559505,0.0042892941790229275,0.205,287.34716116139555,0.0,0.0,-1.3660229187233284,2462.324621937216,0.0,0.0,1.0,-31.75546398165213
0.012754926038450022,-0.0079338691496812,0.205,287.30427164596557,0.0,0.0,-1.3947374466707112,2464.5848416848744,0.0,0.0,1.0,-31.400101680812455
-0.015437271630781147,0.0042530125201676195,0.205,287.3293072715358,0.0,0.0,-1.3725112140740419,2460.5473904819773,0.0,0.0,1.0,-30.385852027166735
0.015200854239449906,-0.001173263219891103,0.205,287.36850470803085,0.0,0.0,-1.3912195957125795,2461.9178133830087,0.0,0.0,1.0,-31.036161585107955
0.0006193423611351593,-0.016166154564346925,0.205,287.06242852024224,0.0,0.0,-1.36710279373599,2464.9681161751773,0.0,0.0,1.0,-30.46390757315162
-0.0038128399365912266,-0.019078913642957704,0.205,287.0093137150338,0.0,0.0,-1.1601299992292091,2464.096508988067,0.0,0.0,1.0,-28.92583956499093
-0.013456279597505836,-0.012395626359413821,0.205,287.01871973400154,0.0,0.0,-1.2551663393060102,2462.2364642035523,0.0,0.0,1.0,-27.78494285107633
0.01210331039455964,-0.0022287595968029897,0.205,287.59614384297913,0.0,0.0,-1.3665827560924093,2466.3247594882705,0.0,0.0,1.0,-33.505576832822555
0.00020841812893276492,-0.012630360923872035,0.205,287.44130574117884,0.0,0.0,-1.3768339224476998,2466.121969795196,0.0,0.0,1.0,-34.92333875437297
0.008194540719874662,-0.0033140237710188084,0.205,287.83057577426905,0.0,0.0,-1.1409131923416682,2462.6007170232724,0.0,0.0,1.0,-40.00401583938646
-0.008453395461042505,-0.016705318736728158,0.205,287.0190289201877,0.0,0.0,-1.2229824537184086,2460.7410119115884,0.0,0.0,1.0,-30.986799023638124
-0.014119262449378217,-0.010458214025483628,0.205,287.2546137096898,0.0,0.0,-1.3024144826409734,2460.752500789812,0.0,0.0,1.0,-30.972476693371917
-0.018313217035306497,-0.007205814700953624,0.205,287.0297086552012,0.0,0.0,-1.1390729381412494,2460.2222095020247,0.0,0.0,1.0,-28.18698208222846
0.00857624335157593,-0.007229914119004985,0.205,287.62808105884864,0.0,0.0,-1.318594960001455,2461.4387457608245,0.0,0.0,1.0,-34.63225694004247
-0.010164430583391285,0.007799751004944829,0.205,287.5368267750426,0.0,0.0,-1.3817041669611556,2460.611754733625,0.0,0.0,1.0,-35.59798275459583
-0.014167442388227798,-0.013637135242171854,0.205,287.00731915885734,0.0,0.0,-1.1405604013408457,2465.2216241754036,0.0,0.0,1.0,-29.121567396458584
0.007305815399497376,-0.009196790636727412,0.205,287.5218390718866,0.0,0.0,-1.3444871401262453,2465.180512058985,0.0,0.0,1.0,-34.97460048252399
-0.009249075470164094,0.009143204456281234,0.205,287.38024294967545,0.0,0.0,-1.38629391077618,2463.3383260309683,0.0,0.0,1.0,-34.934638807196386
0.003063955920909136,0.01235616093021982,0.205,287.42732403635483,0.0,0.0,-1.3795633623436963,2463.90367088118,0.0,0.0,1.0,-31.356944661128455
-0.006781005133260823,0.01831450757922863,0.205,287.01550553266924,0.0,0.0,-1.153321098495159,2466.762235693052,0.0,0.0,1.0,-29.221787971947503
0.01618875104513291,-0.010416783274086735,0.205,287.0301776977349,0.0,0.0,-1.178700561907749,2465.275372699296,0.0,0.0,1.0,-29.029334995504207
0.00917381594663951,0.0004874348034433752,0.205,287.81358481196065,0.0,0.0,-1.1731199596540411,2460.9815721970253,0.0,0.0,1.0,-38.19842983603185
-0.012699866208030347,-0.00399439402928903,0.205,287.5108140880478,0.0,0.0,-1.392233679760578,2463.090797536601,0.0,0.0,1.0,-32.62291779724546
0.0003660535425369724,-0.0112280832932634,0.205,287.4935275006816,0.0,0.0,-1.319501592548055,2463.803556381261,0.0,0.0,1.0,-34.94156290436664
0.01314884695981195,0.004456180149739593,0.205,287.40884995811274,0.0,0.0,-1.3988108275258684,2463.198967280448,0.0,0.0,1.0,-32.22837634528213
0.008726166069050044,-0.013342373558067623,0.205,287.2396673625678,0.0,0.0,-1.3746474445038628,2464.954245859365,0.0,0.0,1.0,-32.34304040790142
-0.007444299460961044,-0.008406520989862231,0.205,287.5366121169297,0.0,0.0,-1.3192241181835478,2460.7789380924773,0.0,0.0,1.0,-35.23613652316264
0.0041073693281927295,-0.009737744140611264,0.205,287.5320670446007,0.0,0.0,-1.2800562504114388,2463.7841545618144,0.0,0.0,1.0,-35.64970620086964
-0.0190143893518192,0.00390094588819577,0.205,287.12622048903404,0.0,0.0,-1.1643276509000102,2462.826908067274,0.0,0.0,1.0,-28.42367022357399
-0.005127231428990092,0.0160204004533287,0.205,287.15314144955113,0.0,0.0,-1.3415075893123336,2463.53094582572,0.0,0.0,1.0,-29.754114059935784
-0.008836582887396775,-0.013638854771866818,0.205,287.21578974513545,0.0,0.0,-1.364555646038154,2463.728371054068,0.0,0.0,1.0,-31.4752683032782
-0.005196895188642646,-0.015014865329060696,0.205,287.2367238220698,0.0,0.0,-1.3762321740207308,2463.9781031122825,0.0,0.0,1.0,-32.24849080001235
0.0007492702848089646,-0.009210812755184985,0.205,287.533817365424,0.0,0.0,-1.1779762442383703,2463.0098346167156,0.0,0.0,1.0,-37.81525729086251
-0.004614257887185807,-0.016328858822512667,0.205,287.1245844066208,0.0,0.0,-1.3346069591878538,2461.567356047207,0.0,0.0,1.0,-31.515904586035976
0.01631007461046708,-0.0016588697325458496,0.205,287.425496205384,0.0,0.0,-1.3593110491421907,2466.0012155716213,0.0,0.0,1.0,-29.386951391880554
0.0003512649914635552,0.018977291156230255,0.205,286.965143407941,0.0,0.0,-1.2019565881490726,2462.797221213085,0.0,0.0,1.0,-27.765545633535847
0.0034365729122014044,0.013290191019413427,0.205,287.31869751573714,0.0,0.0,-1.3975822206042519,2463.5258636749836,0.0,0.0,1.0,-33.90034108822854
-0.008636694090488875,-0.0015169705329784726,0.205,287.78095568800165,0.0,0.0,-1.1341275202961372,2462.9046344722497,0.0,0.0,1.0,-36.85039601344145
-0.00709668974725083,-0.01849597942104476,0.205,286.9525354424398,0.0,0.0,-1.1263476126021232,2464.867224000635,0.0,0.0,1.0,-26.762658216510985
0.0048950075646867555,-0.013053190486295281,0.205,287.24853142308854,0.0,0.0,-1.399154099593777,2463.9309694365274,0.0,0.0,1.0,-34.79078669735433
-0.010183781953235983,0.006373937611056232,0.205,287.50404721823173,0.0,0.0,-1.3557536563361239,2464.6435454900684,0.0,0.0,1.0,-35.02508440217969
0.0063755137948945636,-0.018475491846799284,0.205,286.93863231499716,0.0,0.0,-1.151913458140993,2463.8621867942265,0.0,0.0,1.0,-28.623352895180595
0.015184266598962999,-0.0026284456020469757,0.205,287.36766828567363,0.0,0.0,-1.3880898494172567,2464.9835983132384,0.0,0.0,1.0,-31.870111519888226
-0.0006954737621658374,-0.018214948508125155,0.205,287.00214440971143,0.0,0.0,-1.2599392665811882,2463.8762460338608,0.0,0.0,1.0,-28.591342110756056
0.015809288834263018,0.001207923395106783,0.205,287.3554634974753,0.0,0.0,-1.3771919686453826,2463.5052448508577,0.0,0.0,1.0,-29.772311740639648
0.01702767816959261,-0.0002630466306585029,0.205,287.3226402060851,0.0,0.0,-1.3316186669820773,2464.616586795119,0.0,0.0,1.0,-29.31799345674758
0.014516969122144003,0.009829681490844027,0.205,287.2155513485885,0.0,0.0,-1.3046829596274536,2466.172902280309,0.0,0.0,1.0,-30.617353029342954
0.017671264859737426,0.0031284483679670815,0.205,287.1964188147038,0.0,0.0,-1.2791031921896927,2465.540672752369,0.0,0.0,1.0,-27.92471561738086
0.0028576944445759546,0.015771256971284023,0.205,287.2035660564112,0.0,0.0,-1.3720207952023185,2465.172462143356,0.0,0.0,1.0,-32.89120185027006
-0.015175515937586547,-0.010690807940069836,0.205,287.1424452459084,0.0,0.0,-1.2353646900501023,2462.3156563620005,0.0,0.0,1.0,-31.5782601407919
0.00876431766904423,-0.0007554621382443132,0.205,287.87166345190985,0.0,0.0,-1.1368285365013506,2462.72147676915,0.0,0.0,1.0,-37.927962497384165
0.0020287647559526605,0.012971379134388325,0.205,287.3881204990378,0.0,0.0,-1.3888802982686674,2465.150276073975,0.0,0.0,1.0,-35.30395836836136
0.013123272920596434,-0.01000911192581585,0.205,287.1896107411553,0.0,0.0,-1.3550130150652475,2463.815790984364,0.0,0.0,1.0,-31.2281055268968
0.006325908020944891,0.016990432900424162,0.205,287.0370541679241,0.0,0.0,-1.2667794101303722,2462.672441494004,0.0,0.0,1.0,-27.985139393739434
-0.013691429057325186,0.006700684435567623,0.205,287.3912396471234,0.0,0.0,-1.3912704734280787,2466.2558059526127,0.0,0.0,1.0,-31.172439259700905
0.0023549049616113475,0.013747188587460366,0.205,287.325394754629,0.0,0.0,-1.3991897973238943,2463.9164526818977,0.0,0.0,1.0,-36.707783415762606
0.010399179840529913,0.0017737971476944074,0.205,287.6982482347476,0.0,0.0,-1.2788038124503482,2460.4270177310377,0.0,0.0,1.0,-34.25450361301296
0.009883862102444213,0.004044760947092261,0.205,287.7220991861428,0.0,0.0,-1.287174583048458,2465.4120772229226,0.0,0.0,1.0,-37.24790066303364
-0.011419664088041712,0.012517887408061309,0.205,287.2594920215679,0.0,0.0,-1.335760620906692,2465.0073662471846,0.0,0.0,1.0,-28.337093071980615
0.00898691651106455,0.011279932262158315,0.205,287.3931878056957,0.0,0.0,-1.3997373968385063,2461.6815958649477,0.0,0.0,1.0,-32.835958539577454
0.011835640829907474,-0.009866676097814745,0.205,287.331090601104,0.0,0.0,-1.3881144796467482,2466.167195066432,0.0,0.0,1.0,-29.68621247406656
0.012123015908817408,-0.004125343490886102,0.205,287.5417094746608,0.0,0.0,-1.3815390962421423,2464.0792675250377,0.0,0.0,1.0,-34.52725282018847
-0.003256052608196052,-0.01505669684727356,0.205,287.2172142743027,0.0,0.0,-1.3881993300617972,2460.98917626174,0.0,0.0,1.0,-32.57760227919413
0.012689141671075958,0.0028904408292289743,0.205,287.5920751044396,0.0,0.0,-1.3864840425030938,2463.155772189552,0.0,0.0,1.0,-30.353269500345547
0.00912335070049673,-0.0027370277498659193,0.205,287.8570306543019,0.0,0.0,-1.2024257019584002,2458.4454622582903,0.0,0.0,1.0,-34.38923223787419
-0.014769997773123942,-0.0022199583224578353,0.205,287.32616719278917,0.0,0.0,-1.3958365082361444,2459.158615607233,0.0,0.0,1.0,-31.444222023753856
0.006357142479799864,-0.017637699869685414,0.205,286.8800032441788,0.0,0.0,-1.2209184976015743,2465.295003211905,0.0,0.0,1.0,-31.075186690337596
-0.013370542178976819,0.0034511840308229097,0.205,287.5445990651483,0.0,0.0,-1.3982770489356238,2461.7520348147987,0.0,0.0,1.0,-34.28633822887991
0.014279498652112175,-0.009423744429027665,0.205,287.2581261172813,0.0,0.0,-1.3276720411292193,2464.3930684593006,0.0,0.0,1.0,-28.359479616856987
0.010581125702032889,0.001411403979288803,0.205,287.6235980129118,0.0,0.0,-1.286882769456986,2460.043993766693,0.0,0.0,1.0,-36.280176717932356
0.015097558632099151,-0.001142876214033674,0.205,287.4334266041036,0.0,0.0,-1.392978101473109,2462.2567121475204,0.0,0.0,1.0,-31.190094339375605
0.0036640567971265143,0.017185161929483272,0.205,287.11181702009077,0.0,0.0,-1.3023688348839162,2464.771006851668,0.0,0.0,1.0,-29.989198547015164
-0.018118188645090648,0.007919344588029955,0.205,287.06789176391425,0.0,0.0,-1.1300138985981014,2463.268570105275,0.0,0.0,1.0,-27.622567481469254
0.010797130042512638,0.011964412754533613,0.205,287.2506446963054,0.0,0.0,-1.369185291365944,2466.458192303311,0.0,0.0,1.0,-31.010677366850096
0.010594850478526562,0.00843649804303901,0.205,287.3518330277198,0.0,0.0,-1.3955821598095892,2465.4356924251288,0.0,0.0,1.0,-33.83233133057509
-0.00443893553387147,-0.018735589482192897,0.205,286.99966402765847,0.0,0.0,-1.1783753487047146,2461.6879633825015,0.0,0.0,1.0,-31.36699811854485
0.013822224691074777,0.0050920803966233025,0.205,287.47240881723206,0.0,0.0,-1.3979580166325805,2462.996815779469,0.0,0.0,1.0,-32.67669258861057
0.0012941586603048344,-0.008638798249564704,0.205,287.6213746210434,0.0,0.0,-1.1308474481984503,2461.9093841207873,0.0,0.0,1.0,-37.36082687507205
-0.007765234155119184,0.0043003385757694685,0.205,287.72190425411014,0.0,0.0,-1.1444608185774114,2462.989958740035,0.0,0.0,1.0,-36.50980144595247
0.002983363634585568,0.00964990977924598,0.205,287.6341594191432,0.0,0.0,-1.247623289070304,2462.2491453776483,0.0,0.0,1.0,-38.328630159572896
0.0045505175027807645,0.01661703367719225,0.205,287.08026093637324,0.0,0.0,-1.3214703344026981,2463.6007450819343,0.0,0.0,1.0,-28.426432988840975
0.009200862609380024,-0.01415492343538256,0.205,287.12285319915486,0.0,0.0,-1.3386711420883253,2464.8790242369887,0.0,0.0,1.0,-30.677437267175556
-0.008281117210679707,-0.016194499166576806,0.205,287.02736260316317,0.0,0.0,-1.262689281870402,2460.6671009398265,0.0,0.0,1.0,-28.514178747646255
0.006387367154450811,-0.009656287854899461,0.205,287.48409674469156,0.0,0.0,-1.336799568043975,2465.5356899489975,0.0,0.0,1.0,-35.907805979916255
0.0008309030303907856,0.009794130958555972,0.205,287.6331499913384,0.0,0.0,-1.227050984149809,2464.8246273705204,0.0,0.0,1.0,-35.66680191786879
0.011775114003856595,-0.006160939868203834,0.205,287.42558769846283,0.0,0.0,-1.3918352240564702,2464.7242219079058,0.0,0.0,1.0,-32.95387245621789
0.011114367518391025,-0.0065071760416215855,0.205,287.47910258620186,0.0,0.0,-1.3833689951872525,2463.6369601790534,0.0,0.0,1.0,-34.836422619311634
-0.009158960402609684,-0.004340509148054838,0.205,287.7231085866563,0.0,0.0,-1.2501725617353079,2464.397768194673,0.0,0.0,1.0,-35.104993885346815
-0.009467027014467834,-0.012921779543983523,0.205,287.1682542132819,0.0,0.0,-1.3723165657555332,2462.6641542911057,0.0,0.0,1.0,-33.465651135919906
0.001812284715147545,-0.013520211112766875,0.205,287.2978839719054,0.0,0.0,-1.396719161764688,2465.0487981342712,0.0,0.0,1.0,-33.85837145212282
0.009074449595500671,-0.00021555155231622717,0.205,287.78898852250575,0.0,0.0,-1.1631780096694222,2464.319020298862,0.0,0.0,1.0,-35.68370489479811
0.0035550833734842077,0.008092109009981783,0.205,287.62945867323583,0.0,0.0,-1.140845984308849,2463.033690815337,0.0,0.0,1.0,-39.80186721156235
-0.007916409983031588,-0.017574888807024527,0.205,286.9177861739407,0.0,0.0,-1.176486736677988,2466.9645705047024,0.0,0.0,1.0,-28.39980988735657
0.0032028395030926768,0.008958736439265138,0.205,287.63310649414564,0.0,0.0,-1.2015034667602236,2465.63221472735,0.0,0.0,1.0,-37.28322643857108
-0.006502558561088602,0.012210523259647783,0.205,287.28111773324656,0.0,0.0,-1.3984686277965142,2464.339031635254,0.0,0.0,1.0,-32.637496733513984
0.009176542579824599,-0.003202420876009138,0.205,287.64143501728626,0.0,0.0,-1.21833436187133,2463.1957128692657,0.0,0.0,1.0,-36.362159801651416
0.00817108383149977,-0.007869806758541332,0.205,287.5267457024156,0.0,0.0,-1.3252960369061382,2462.178641332008,0.0,0.0,1.0,-34.77071460238985
-0.009491075865972658,-0.010665376508437283,0.205,287.353453276279,0.0,0.0,-1.3999935810446535,2461.8160571863546,0.0,0.0,1.0,-35.1126185126205
0.011408103131573376,-0.0060713214264932576,0.205,287.5055996080509,0.0,0.0,-1.3844176095085474,2462.1285611452704,0.0,0.0,1.0,-36.80895455478028
0.008587787848792655,-0.004281667475655245,0.205,287.78189736690865,0.0,0.0,-1.208311674259979,2462.9579290988386,0.0,0.0,1.0,-36.540564813947576
0.017533400002770445,-0.008783399826999416,0.205,287.04562067276225,0.0,0.0,-1.1457067412147786,2464.33226140757,0.0,0.0,1.0,-28.448433428467123
0.010496682022716522,0.008032819799853626,0.205,287.47697952389757,0.0,0.0,-1.3905684208886533,2463.278880751504,0.0,0.0,1.0,-32.89896487675163
-0.00983920826463461,-0.0023532062285300534,0.205,287.72523218919844,0.0,0.0,-1.2488066475484219,2460.17443253773,0.0,0.0,1.0,-36.61939536848128
0.0024313650167808684,-0.01765551561385913,0.205,287.0971222252631,0.0,0.0,-1.287073410657768,2464.966401710514,0.0,0.0,1.0,-31.20364745462028
0.019786563960530926,0.002689366275313388,0.205,287.04199100073794,0.0,0.0,-1.1105975732143019,2463.358714912522,0.0,0.0,1.0,-29.1106627459886
3.44712994635668e-05,0.016537624250976934,0.205,287.163798790813,0.0,0.0,-1.3536850012345443,2465.7156570389348,0.0,0.0,1.0,-33.56355112885898
-0.0054200797422612685,0.008527145298253021,0.205,287.5482695356736,0.0,0.0,-1.2478712950760842,2461.61692145542,0.0,0.0,1.0,-38.57705629854136
-0.008742407507680069,0.012423397972617331,0.205,287.26537078653365,0.0,0.0,-1.3921613700599877,2465.3397900010964,0.0,0.0,1.0,-31.072850488754874
-0.01385482692377468,-0.006076611201156974,0.205,287.4246433183981,0.0,0.0,-1.3931648779081585,2465.168020076195,0.0,0.0,1.0,-34.303167742048764
0.009159131262179604,-0.00881541466366797,0.205,287.6032322158014,0.0,0.0,-1.3790727647439132,2460.9452195874032,0.0,0.0,1.0,-34.35214766930776
-0.017633089771522337,-0.004503232795233502,0.205,287.07231079329614,0.0,0.0,-1.2619866444098988,2466.5736834463332,0.0,0.0,1.0,-28.946867404915682
-0.01255533102448297,0.014985153116162045,0.205,286.9200476014294,0.0,0.0,-1.1514333829495518,2462.296274972324,0.0,0.0,1.0,-27.563438660109455
-0.0006461945661471146,0.016396591751025782,0.205,287.127454599217,0.0,0.0,-1.3587358678460482,2466.808286310425,0.0,0.0,1.0,-32.25808655991118
0.011199146024710786,-0.009447729790839396,0.205,287.39397576601294,0.0,0.0,-1.3985699738407025,2465.67544037069,0.0,0.0,1.0,-32.07259243390342
0.003948485820639292,0.012306881165639355,0.205,287.47836425058233,0.0,0.0,-1.38445765784563,2465.4733299478694,0.0,0.0,1.0,-32.637969042853335
-0.014745564440912106,0.005049605163440552,0.205,287.3591776011095,0.0,0.0,-1.3841986901409509,2461.19645428264,0.0,0.0,1.0,-29.70642720143524
-0.010538129266416568,-0.012095638414555287,0.205,287.3272866966995,0.0,0.0,-1.371569867142531,2464.604474267956,0.0,0.0,1.0,-32.83176793770884
0.017302191686680034,-0.009478774257719261,0.205,287.0528853938075,0.0,0.0,-1.1343810248111126,2461.2707856461934,0.0,0.0,1.0,-28.07393036942523
0.002447748488288544,-0.011282232723146728,0.205,287.48871483003177,0.0,0.0,-1.3352309667868765,2463.5398105377208,0.0,0.0,1.0,-37.12620459252589
0.011016501884578046,6.764646136375102e-05,0.205,287.7044854926972,0.0,0.0,-1.3074816102884725,2467.492582234448,0.0,0.0,1.0,-34.420984014469866
-0.01144606625455005,-0.009473115335806928,0.205,287.38375337898435,0.0,0.0,-1.396731338883256,2463.164082521377,0.0,0.0,1.0,-32.979434699252806
-0.0066721303772320825,-0.015661486803396813,0.205,287.1918733048759,0.0,0.0,-1.3319239380621857,2465.0195519329604,0.0,0.0,1.0,-29.199682437300858
-0.006658081031944638,0.010097528958200402,0.205,287.5591936082017,0.0,0.0,-1.358902566498166,2464.049173867541,0.0,0.0,1.0,-34.14922023773974
0.01811811931842683,0.0028116630061302216,0.205,287.2281297171343,0.0,0.0,-1.2523206780622407,2462.6946280791385,0.0,0.0,1.0,-31.185224427583368
-0.015813124421805155,0.008632613496661197,0.205,287.21843539134596,0.0,0.0,-1.274482721994181,2462.9175237807335,0.0,0.0,1.0,-30.33247180542377
-0.01349210938752103,-0.007185572389603478,0.205,287.2636898220942,0.0,0.0,-1.3904968307062868,2463.701911173258,0.0,0.0,1.0,-34.3375580956529
0.011146107678654137,0.004550597152327765,0.205,287.57019518885966,0.0,0.0,-1.3567470134103965,2462.1182626703553,0.0,0.0,1.0,-35.46582126413949
0.006119206190800168,0.011670490957039589,0.205,287.2922762862056,0.0,0.0,-1.3898192873449688,2465.048961128484,0.0,0.0,1.0,-33.21388385141681
-0.017005777282795988,-0.005367508167343824,0.205,287.28637947168335,0.0,0.0,-1.2864024034913946,2461.2665276333432,0.0,0.0,1.0,-29.595182006074484
-0.012898371841151895,-0.010162125068635005,0.205,287.2860982364232,0.0,0.0,-1.3583028389228202,2459.9422669625787,0.0,0.0,1.0,-28.5327737498083
-0.009579509795360725,0.00684158898965319,0.205,287.5868332255817,0.0,0.0,-1.3456467967341461,2464.0846842776264,0.0,0.0,1.0,-34.43476573302238
-0.0011510156177186245,-0.01405443773071052,0.205,287.3357214857805,0.0,0.0,-1.3998048168033967,2463.400672645283,0.0,0.0,1.0,-31.39218849028127
0.009614052201525374,0.014367217486421942,0.205,287.1217796995574,0.0,0.0,-1.318363842576357,2464.0391317883164,0.0,0.0,1.0,-30.86700321495978
-0.008698496350085448,-0.0077350861697307385,0.205,287.5408205543415,0.0,0.0,-1.339725061294072,2463.8062012291884,0.0,0.0,1.0,-35.77646567693925
0.016806063260347674,-0.006890435907221592,0.205,287.21567291106044,0.0,0.0,-1.2644420067335005,2463.1294132058565,0.0,0.0,1.0,-27.779068240753038
-0.01829833956534117,0.006651666423860123,0.205,287.20941668983534,0.0,0.0,-1.1588708511361832,2463.8966123383607,0.0,0.0,1.0,-27.62560034031865
0.013001807645601174,-0.005496792526621573,0.205,287.42853390594473,0.0,0.0,-1.3998411141263563,2464.391765696333,0.0,0.0,1.0,-33.50082570589211
0.013861763977629437,0.002059785298821071,0.205,287.4371727670989,0.0,0.0,-1.399506949606152,2459.0287876924563,0.0,0.0,1.0,-34.184545660708054
-0.013028444300733558,0.012461222152431591,0.205,287.1863563128985,0.0,0.0,-1.2736574981063886,2464.1969187157333,0.0,0.0,1.0,-28.85336500560986
0.009763533552777441,-0.012846015200013421,0.205,287.1939587246163,0.0,0.0,-1.3685455379524478,2463.8854536289305,0.0,0.0,1.0,-32.42335241221958
-0.011707667993476273,-0.012304423954992203,0.205,287.19672694562814,0.0,0.0,-1.3338319017636937,2464.2660482545807,0.0,0.0,1.0,-31.312218173533655
0.005481236257661547,0.018151942469944858,0.205,287.0253967017141,0.0,0.0,-1.2035510761839734,2465.8129898679217,0.0,0.0,1.0,-28.818071880923984
-0.005036361393026482,0.008240985264132042,0.205,287.6602887984396,0.0,0.0,-1.2133944034834507,2465.129414471663,0.0,0.0,1.0,-36.71311907509654
-0.01375089206986379,0.003782386901296151,0.205,287.5266239607865,0.0,0.0,-1.3999988073649121,2464.1354906290912,0.0,0.0,1.0,-34.01937216908106
0.008487492729206429,-0.0099509879133144,0.205,287.43509746597147,0.0,0.0,-1.3878642127622223,2466.7675970842806,0.0,0.0,1.0,-31.94775260569388
-0.009581688251788522,-0.003098293258911968,0.205,287.68128614283495,0.0,0.0,-1.2453829268254457,2463.454421962798,0.0,0.0,1.0,-36.45971105822123
0.006000108645437382,0.007595436665393871,0.205,287.6920031362399,0.0,0.0,-1.2151269936997662,2463.20485610209,0.0,0.0,1.0,-36.854345507788004
0.008202745935737615,0.010950953797198374,0.205,287.36298037808416,0.0,0.0,-1.3971489603111404,2465.4327479450867,0.0,0.0,1.0,-32.48372092965315
-0.0017623099503038765,0.008429858443256692,0.205,287.6041766255548,0.0,0.0,-1.1186975474993455,2465.0038823074956,0.0,0.0,1.0,-36.20283439762827
-0.010392642121375275,0.00713421150595046,0.205,287.5858493236698,0.0,0.0,-1.3760726712026081,2463.6223883893067,0.0,0.0,1.0,-34.683274775325216
0.004499761904188396,-0.015446545329623718,0.205,287.12329117708555,0.0,0.0,-1.370082761034248,2460.7738683163457,0.0,0.0,1.0,-29.553483834681984
-0.003941233354005851,0.019230890592658003,0.205,286.9481905066458,0.0,0.0,-1.1437876164076148,2468.0030451674797,0.0,0.0,1.0,-25.57596121645385
0.0033817316585354057,-0.01576197648538012,0.205,287.1277592014089,0.0,0.0,-1.3690305746841391,2464.3958134251825,0.0,0.0,1.0,-31.091108551055214
0.004951370778549772,-0.0171563445079544,0.205,287.07280412260525,0.0,0.0,-1.2848877490559332,2465.064175542091,0.0,0.0,1.0,-29.160047031165362
-0.004049610251708948,-0.008274854631980438,0.205,287.671758940324,0.0,0.0,-1.1754328467518749,2462.859493958541,0.0,0.0,1.0,-38.282537138318695
-0.0032455227953940556,-0.019070588226577204,0.205,287.0213685088692,0.0,0.0,-1.1702843616074345,2464.4521182009803,0.0,0.0,1.0,-27.181369591103724
-0.017120512182992185,0.00512728577280203,0.205,287.24134880686125,0.0,0.0,-1.2839123655874396,2464.353747586789,0.0,0.0,1.0,-29.33153438294022
-0.0018591665014713963,-0.017938881384374397,0.205,287.12957448623314,0.0,0.0,-1.2732166023107978,2466.03450572149,0.0,0.0,1.0,-28.76091500005656
-0.01004308695164339,0.010297184713813677,0.205,287.36113337948893,0.0,0.0,-1.399841408143055,2467.3312580423712,0.0,0.0,1.0,-33.15967968107987
0.004780465846168578,-0.008202598383214792,0.205,287.64380183517636,0.0,0.0,-1.199816752548409,2461.9659585816216,0.0,0.0,1.0,-36.83177577564392
0.009498018837115478,0.004588319192155219,0.205,287.660481984182,0.0,0.0,-1.278728473453269,2459.6813231845454,0.0,0.0,1.0,-37.2371130461398
-0.0006137100426665242,0.010000135341389462,0.205,287.4976042973554,0.0,0.0,-1.2415708569879913,2458.0685280516286,0.0,0.0,1.0,-37.461619426607335
-0.003942608255825633,-0.012673318602386898,0.205,287.3793126355871,0.0,0.0,-1.3915424964163368,2466.9436420600637,0.0,0.0,1.0,-35.46386674900154
-0.008981466138755214,0.013419196079580023,0.205,287.2075940271453,0.0,0.0,-1.368136066770256,2463.008698302258,0.0,0.0,1.0,-33.01237024933822
-0.010107714134153876,-0.00999392616560716,0.205,287.39701090540666,0.0,0.0,-1.3999886790746383,2462.9749045757976,0.0,0.0,1.0,-32.52694270654002
-0.007065868794741893,0.009644945681971181,0.205,287.4704017053854,0.0,0.0,-1.3534373504806216,2467.933871235386,0.0,0.0,1.0,-35.81841316983727
-0.009748472117296802,-0.010697446853195632,0.205,287.43245990540544,0.0,0.0,-1.3995598554870585,2463.21422593617,0.0,0.0,1.0,-35.3940027001564
0.007633865584922864,-0.01658175287242706,0.205,287.013958652913,0.0,0.0,-1.2580756272798113,2464.1105165624544,0.0,0.0,1.0,-30.91756217003169
-0.010395193752030444,0.008265447317746888,0.205,287.4516849660699,0.0,0.0,-1.3916855769931242,2462.5610063726976,0.0,0.0,1.0,-35.05658193209321
0.007354862706778192,-0.016064289428816166,0.205,287.08225756971035,0.0,0.0,-1.2966138311935238,2463.6221672462857,0.0,0.0,1.0,-29.0435836913923
-0.01231040422969511,0.013333316122240733,0.205,287.14578647100046,0.0,0.0,-1.2655813925136639,2466.0227483534436,0.0,0.0,1.0,-31.73045989980023
0.00818922400859084,0.007279724714916365,0.205,287.58233593793216,0.0,0.0,-1.3040381019063578,2464.240060023707,0.0,0.0,1.0,-34.268322701418114
-0.009668424328404618,0.013823356350188115,0.205,287.18357360125384,0.0,0.0,-1.3392964568438421,2466.5624481909244,0.0,0.0,1.0,-30.83978160105022
-0.009304676301478304,0.012247109277061111,0.205,287.2919035731673,0.0,0.0,-1.3886837588526315,2465.4592401152636,0.0,0.0,1.0,-32.37907908655172
-0.01773893185927249,-0.008327978112258114,0.205,287.1214039542635,0.0,0.0,-1.1470198045655506,2462.9659073179923,0.0,0.0,1.0,-26.0892064107909
-0.011104020512057701,0.0091220061783246,0.205,287.4117683009329,0.0,0.0,-1.3998715715062306,2465.6294162174277,0.0,0.0,1.0,-32.53052799801851
0.011614710028063913,0.0006247233416118786,0.205,287.5639794273291,0.0,0.0,-1.3393202014174026,2465.8653804815367,0.0,0.0,1.0,-34.23027910341685
-0.001512958374301465,0.018648972932158395,0.205,287.10095663302684,0.0,0.0,-1.2239419496590713,2463.713386583131,0.0,0.0,1.0,-28.698291678203088
-0.014725972621963802,0.0021169107227244524,0.205,287.4229285380261,0.0,0.0,-1.3965169461503613,2463.7543627473165,0.0,0.0,1.0,-33.48129702576847
0.018725377573511098,-0.002850332231627554,0.205,287.148635461953,0.0,0.0,-1.205247703164409,2463.8999914841897,0.0,0.0,1.0,-28.490079864136145
0.010737173063485322,0.015434151279732253,0.205,287.0874449671899,0.0,0.0,-1.216656493170415,2464.8899423417965,0.0,0.0,1.0,-29.569026379243372
0.006261031636492803,0.01877480932738554,0.205,286.9623201198913,0.0,0.0,-1.1282586502062677,2464.7576185058997,0.0,0.0,1.0,-27.775905124191056
-0.004354599232064945,-0.011719384075390948,0.205,287.4384302713342,0.0,0.0,-1.3729671126970187,2467.4795298504114,0.0,0.0,1.0,-34.865401932491764
-0.01757162586901872,-0.0012031070331622348,0.205,287.200144337151,0.0,0.0,-1.2999235820458606,2465.7721685767697,0.0,0.0,1.0,-30.305526116195995
-0.009862624611311576,-0.006468033245226923,0.205,287.5594405937738,0.0,0.0,-1.3466333830349322,2464.8400275215963,0.0,0.0,1.0,-34.29375956768026
0.009783919367526286,0.012005837237845313,0.205,287.3204436204244,0.0,0.0,-1.3864453963793528,2465.6017284764093,0.0,0.0,1.0,-30.44363330290034
0.008267685967736284,-0.01553172227352203,0.205,287.00417771022,0.0,0.0,-1.3009697687350716,2463.355152421827,0.0,0.0,1.0,-29.841034766663068
-0.0019744892681266718,0.014471935669830967,0.205,287.35853222998503,0.0,0.0,-1.3988783349823135,2462.146050840599,0.0,0.0,1.0,-31.469807013625992
-0.004656924630840462,0.018715530691987704,0.205,286.943820347433,0.0,0.0,-1.175535885106718,2462.644695885179,0.0,0.0,1.0,-29.716885992426104
0.010441103624552087,-0.0005053046592588685,0.205,287.79650432448506,0.0,0.0,-1.2724308209929645,2465.6146529165785,0.0,0.0,1.0,-36.846104720201076
0.005372883796666535,0.01399216166302122,0.205,287.3137417285138,0.0,0.0,-1.395176324001322,2461.678879668687,0.0,0.0,1.0,-30.567421638520358
0.013124675398358855,-0.007277381129765158,0.205,287.43215391091593,0.0,0.0,-1.3949252971421546,2463.9005604700133,0.0,0.0,1.0,-31.78292607675825
-0.018871722236219846,-0.00013853015846592042,0.205,287.2840671932328,0.0,0.0,-1.2109216238732754,2463.1564722460544,0.0,0.0,1.0,-29.910137774934878
-0.007551863575784461,0.0065277107278929715,0.205,287.6305841318384,0.0,0.0,-1.2387966998667201,2461.4281720639024,0.0,0.0,1.0,-35.570483992361225
0.01687261872769483,-0.0028701856701370725,0.205,287.30855291991134,0.0,0.0,-1.3273579793729822,2460.6193527574746,0.0,0.0,1.0,-30.000606221842187
-0.0063987665713885035,0.015237106576832742,0.205,287.23926799024224,0.0,0.0,-1.3541498931928004,2462.6049046108515,0.0,0.0,1.0,-30.723408876191044
0.015332495572670647,-0.0003825980794364436,0.205,287.3724723018802,0.0,0.0,-1.3895380615817183,2467.7467236174175,0.0,0.0,1.0,-31.672010585563747
0.009766680668624935,-0.012307418575271387,0.205,287.202705277153,0.0,0.0,-1.3810890437823036,2461.8714367975663,0.0,0.0,1.0,-30.58567631767958
-0.015411029272346756,0.00022211537663583458,0.205,287.3504548553584,0.0,0.0,-1.3880375107529264,2461.963570307712,0.0,0.0,1.0,-31.462895712027986
-0.015994276975016687,0.003914277360220353,0.205,287.2902016647173,0.0,0.0,-1.3565300728334049,2464.9865575402778,0.0,0.0,1.0,-30.964313477978454
-0.014833916494176147,-0.01004727306250908,0.205,287.0479993002232,0.0,0.0,-1.281043600021045,2463.9084544949505,0.0,0.0,1.0,-29.746384224067647
0.012158800838385385,0.014747036299191841,0.205,287.0673353408035,0.0,0.0,-1.19069993733898,2463.609773674464,0.0,0.0,1.0,-28.841388591763916
-0.01644310931375986,0.008732790191640697,0.205,287.20634140579523,0.0,0.0,-1.2311332362261402,2465.897806759494,0.0,0.0,1.0,-29.788858017878084
-0.0072010234873890735,-0.012803375833934804,0.205,287.2653557804149,0.0,0.0,-1.3982906131257655,2462.9161981061084,0.0,0.0,1.0,-33.50953531535233
-0.0033966857904670685,0.009882934202669981,0.205,287.54419961611376,0.0,0.0,-1.272231057961007,2463.9727024937843,0.0,0.0,1.0,-33.23889798554392
0.0023579336007841997,0.01138787464737171,0.205,287.4637708653018,0.0,0.0,-1.3392240690757395,2460.981029980593,0.0,0.0,1.0,-35.9360732130056
-0.017221395964744785,0.0022221539153791836,0.205,287.3029777570986,0.0,0.0,-1.3141730568288357,2463.036847322552,0.0,0.0,1.0,-30.825748830982977
0.00939022991490047,-0.006067445259050441,0.205,287.5787189221856,0.0,0.0,-1.3165854462632034,2469.0936192781987,0.0,0.0,1.0,-33.991643400073116
-0.007277985768117943,-0.01352363310537576,0.205,287.21623595583935,0.0,0.0,-1.3891419510387484,2462.1379179782994,0.0,0.0,1.0,-31.654700691686706
0.0069199301289878,-0.008938030919007458,0.205,287.58129766552196,0.0,0.0,-1.323177221961616,2459.4491908405444,0.0,0.0,1.0,-34.668998453755506
-0.004880474078253098,0.014834278990537719,0.205,287.199121446173,0.0,0.0,-1.3834745386408116,2463.779687244091,0.0,0.0,1.0,-32.56372243246671
-0.01492569996386921,0.003586559922810834,0.205,287.37269125442396,0.0,0.0,-1.3892805567502797,2465.94968622223,0.0,0.0,1.0,-32.58054115582768
-0.018504324355176634,0.00038429203540430535,0.205,287.15034225818704,0.0,0.0,-1.239522529883654,2466.6283706087684,0.0,0.0,1.0,-28.200492933265764
0.008996503745212022,-0.011800631617337942,0.205,287.31101150946887,0.0,0.0,-1.396931163992254,2468.4361478835754,0.0,0.0,1.0,-32.45652324552918
-0.010802001258013241,-0.006996462008847456,0.205,287.56203714152036,0.0,0.0,-1.3831432144546232,2465.8755345071822,0.0,0.0,1.0,-32.82496607488004
-0.012681109289578019,-0.007278890136724625,0.205,287.4165739977174,0.0,0.0,-1.3987775898320978,2465.049768061321,0.0,0.0,1.0,-33.22184935806282
-0.01678379270088637,-0.004944655353338802,0.205,287.2348594149495,0.0,0.0,-1.3066948659630935,2465.4199128603454,0.0,0.0,1.0,-32.0172420851259
