x,y,z,T,u,v,w,p,nx,ny,nz,qn
0.004157692090926439,-0.004292096080298079,-0.205,302.134259682239,0.0,0.0,0.7272608149703319,1737.172869307517,0.0,0.0,-1.0,33.12727533951921
-0.00350537679355407,-0.000802330307764003,-0.205,302.60242229450574,0.0,0.0,0.8960850862474364,1736.0662415812512,0.0,0.0,-1.0,30.41744969874892
-7.450493350029292e-05,-0.0036460800032127342,-0.205,302.7167381535427,0.0,0.0,0.8932773478431452,1734.7993805347544,0.0,0.0,-1.0,32.334527766965365
-0.0030653696583858928,0.004968914446340521,-0.205,302.2807153473437,0.0,0.0,0.7390428960721376,1734.0914284297808,0.0,0.0,-1.0,33.52332572763705
0.003840963865569896,0.00443139010460522,-0.205,302.35521969537257,0.0,0.0,0.7368351829946813,1735.2858699648125,0.0,0.0,-1.0,33.59694115235235
1.429949112724132e-06,0.005665951025876435,-0.205,302.24586421393803,0.0,0.0,0.753490887553802,1733.8710487477997,0.0,0.0,-1.0,31.70643979186832
0.0030504283298098647,-0.0025459499043235306,-0.205,302.54738462658776,0.0,0.0,0.8743974237403357,1736.5964706318362,0.0,0.0,-1.0,30.19545818222719
0.0063117456346699855,-0.000747278585296948,-0.205,302.1553828899874,0.0,0.0,0.6933508624752421,1735.695917454101,0.0,0.0,-1.0,34.024260967846196
0.0020441654492663972,0.0008716492054166653,-0.205,302.9197414193387,0.0,0.0,0.9583590839409715,1733.592963326986,0.0,0.0,-1.0,31.584605303126875
-0.004356307883145921,0.004404537143212,-0.205,302.21956218459883,0.0,0.0,0.7079306362971425,1737.9405404352933,0.0,0.0,-1.0,35.006428200258654
-0.004217691750612241,-0.0013085200759711813,-0.205,302.45012726130835,0.0,0.0,0.846477589591371,1732.2549891909541,0.0,0.0,-1.0,30.89144017026495
-0.004719649137417361,-0.003082477879053659,-0.205,302.2767358131803,0.0,0.0,0.7558713744456098,1736.3222027876132,0.0,0.0,-1.0,33.5479837503391
0.005929117042546072,0.0013057623346244757,-0.205,302.28492688977883,0.0,0.0,0.7189161175309566,1733.2671738852505,0.0,0.0,-1.0,34.63527375223167
0.002574394109513469,0.004407905850259869,-0.205,302.4560630262901,0.0,0.0,0.797816833419211,1739.1977983099796,0.0,0.0,-1.0,33.50302796610849
0.001738055973336692,0.004727551071677643,-0.205,302.4539205512892,0.0,0.0,0.802881021763714,1737.0845125834908,0.0,0.0,-1.0,33.70257786658188
-0.004431608611828375,-0.0010816628732029326,-0.205,302.5021080745213,0.0,0.0,0.8367112690795642,1737.7587654444446,0.0,0.0,-1.0,31.497135950460695
0.005049648523919061,0.001754632887092166,-0.205,302.4294865165351,0.0,0.0,0.7792806954527469,1736.8974479511664,0.0,0.0,-1.0,32.47658570228997
0.0006318969434514869,0.0015088608107301483,-0.205,302.8384079641877,0.0,0.0,0.9767341234703386,1734.2023567786202,0.0,0.0,-1.0,27.052522622474637
0.003667801741506014,-0.00010028122129367602,-0.205,302.65884522466985,0.0,0.0,0.8920322577054332,1738.1233114635775,0.0,0.0,-1.0,29.535976106352646
-0.004333455029820879,0.004157613708690655,-0.205,302.31952564805175,0.0,0.0,0.7246776396061865,1735.4235194979774,0.0,0.0,-1.0,35.37633048513099
-5.982762898197378e-05,-0.0014633811335839466,-0.205,302.9641657577109,0.0,0.0,0.9811425579342565,1736.5450605383273,0.0,0.0,-1.0,28.4658369344547
0.0017013364953033484,-0.0034879346328173127,-0.205,302.5688573080117,0.0,0.0,0.87989675789494,1736.381802449389,0.0,0.0,-1.0,31.119838402829952
0.0007511142065507857,-0.004131853555386544,-0.205,302.62893126698447,0.0,0.0,0.8604583915337786,1731.329868182566,0.0,0.0,-1.0,30.918244533688423
-0.003810913997313482,0.0016606070229919835,-0.205,302.66339374831864,0.0,0.0,0.8631334199219833,1735.244525549955,0.0,0.0,-1.0,31.60786892232891
-0.003479736284428514,-0.005263235663197483,-0.205,302.17056287618834,0.0,0.0,0.6975807793357007,1736.3927049405604,0.0,0.0,-1.0,34.9141104866238
0.0022140648570046287,-0.002721574226369597,-0.205,302.5763715977848,0.0,0.0,0.900841969608696,1737.1932147120126,0.0,0.0,-1.0,30.060608958627004
-0.0001376382616247221,0.004677629929962868,-0.205,302.3931135103548,0.0,0.0,0.8285960608372713,1735.1600209499786,0.0,0.0,-1.0,33.648143961718276
0.0036259907883940913,0.003662067164059746,-0.205,302.47712977879536,0.0,0.0,0.7941226036870888,1737.262880247035,0.0,0.0,-1.0,34.186508047847795
0.0011999730349945773,-0.0011618549889377498,-0.205,302.8397538621993,0.0,0.0,0.97579443229673,1736.6773883731892,0.0,0.0,-1.0,28.920010898647405
0.0031635537046226982,0.0017481223192767656,-0.205,302.79574832462475,0.0,0.0,0.8950730424664683,1735.757274571008,0.0,0.0,-1.0,30.60977212921534
-0.0006511558034253527,-0.003810817206014456,-0.205,302.68665379839206,0.0,0.0,0.8807598578936227,1735.6187964917008,0.0,0.0,-1.0,30.650691212179513
-0.0013399284078901663,-0.00020537676037196757,-0.205,302.8700720875699,0.0,0.0,0.9837201543191934,1735.6255303216449,0.0,0.0,-1.0,28.055562052852512
0.004844357381347745,0.0011211017259778332,-0.205,302.5190408179888,0.0,0.0,0.8076516178108302,1735.5894492626473,0.0,0.0,-1.0,32.87875264323138
-0.0028042215402731795,-0.0008179618447946451,-0.205,302.63626932102414,0.0,0.0,0.9299919917833662,1737.3917708957085,0.0,0.0,-1.0,27.58161626356167
0.0013915106922948472,-0.003894195323713114,-0.205,302.7000428518688,0.0,0.0,0.8644852833913147,1735.7465209680702,0.0,0.0,-1.0,29.571857572395736
0.004236718421668195,-0.0029912853780618884,-0.205,302.24522633178634,0.0,0.0,0.7916267271169518,1735.5597996010058,0.0,0.0,-1.0,31.23295232947752
-0.0029774128687120667,-8.446049624764755e-05,-0.205,302.73911608023144,0.0,0.0,0.9273491528964427,1735.1745327794074,0.0,0.0,-1.0,27.452365913202943
0.0013166598428010993,0.002205928720940921,-0.205,302.7776585990151,0.0,0.0,0.9451516582279968,1740.6150662918476,0.0,0.0,-1.0,30.310920522033722
0.0013029746639612243,-0.005115743182143626,-0.205,302.4646649075928,0.0,0.0,0.784486951556419,1734.7686193593088,0.0,0.0,-1.0,33.256621018318214
-0.0019607879752271563,-0.00567059329032229,-0.205,302.314443969485,0.0,0.0,0.7251437493209535,1737.1161100956554,0.0,0.0,-1.0,33.10556744598032
0.0028090873657483834,0.003681156061154898,-0.205,302.52363879419494,0.0,0.0,0.8319980382695353,1735.5188971559455,0.0,0.0,-1.0,30.979267750535307
0.0017072857002470936,-0.005933408530448335,-0.205,302.27873103422866,0.0,0.0,0.7097905211397602,1735.2887942080192,0.0,0.0,-1.0,34.76406995709875
0.003605725211610123,-0.0011283788672279394,-0.205,302.53378198365453,0.0,0.0,0.8858575308713852,1737.1917766531744,0.0,0.0,-1.0,32.237467520039665
-0.00023624341275841137,-0.004068955518796898,-0.205,302.6692662313949,0.0,0.0,0.8681680604173154,1736.2047499681794,0.0,0.0,-1.0,32.35701718112983
0.004193881011700945,-0.0027064408811071547,-0.205,302.3107720133529,0.0,0.0,0.8062565860086666,1738.3115431736599,0.0,0.0,-1.0,32.81647426090386
0.004465461679322536,0.0006228438986966979,-0.205,302.4617051284083,0.0,0.0,0.8402980369879387,1737.7928400173107,0.0,0.0,-1.0,31.256983617031473
0.004553937777517767,-0.002669739870152305,-0.205,302.2882624646093,0.0,0.0,0.7845068682396349,1740.21019374727,0.0,0.0,-1.0,33.876967454485296
0.005243836691847653,0.0032094562150123754,-0.205,302.3611094439804,0.0,0.0,0.7121178744182413,1735.2032326150645,0.0,0.0,-1.0,32.68835096086038
0.0009475422602124207,-0.002472887383755012,-0.205,302.74706474814406,0.0,0.0,0.941893630863079,1735.9105740303849,0.0,0.0,-1.0,30.51379648265647
-0.0005122008342277925,0.005916324107588068,-0.205,302.20619884169054,0.0,0.0,0.7304780688071579,1737.8584903958524,0.0,0.0,-1.0,33.88379107111771
0.003175618827978767,0.00017500986274509374,-0.205,302.77107380178353,0.0,0.0,0.9177113999696842,1738.229714044308,0.0,0.0,-1.0,30.746362166141008
-0.002888211557168676,0.0037955076334315043,-0.205,302.5282559098865,0.0,0.0,0.8222931347382082,1737.0307956875763,0.0,0.0,-1.0,33.82878736774182
0.000685067980664963,-0.006113470943877918,-0.205,302.28284459638365,0.0,0.0,0.7117893039384922,1735.5588005649024,0.0,0.0,-1.0,35.79083968754593
-0.0023331503025677556,-0.0032606127520493113,-0.205,302.54607265841383,0.0,0.0,0.8722200236892802,1737.1877441098143,0.0,0.0,-1.0,31.65084717974862
0.0002846565150913432,-0.002773569482482506,-0.205,302.83263550953785,0.0,0.0,0.9359215658028852,1736.8359028942134,0.0,0.0,-1.0,30.083715695414043
0.0019511978417518425,0.000388628180048466,-0.205,302.91870149302497,0.0,0.0,0.9662527835430765,1741.0296080436258,0.0,0.0,-1.0,27.248572370357273
-0.004414001143049489,0.004212961532393897,-0.205,302.29466360300273,0.0,0.0,0.7162145364938537,1738.3760280076717,0.0,0.0,-1.0,34.689734024374516
0.0009132080540328475,-0.000659551455925909,-0.205,302.8677781548608,0.0,0.0,0.9885477931163962,1736.5636781769829,0.0,0.0,-1.0,27.121089695206813
0.0006989958887916204,-0.0023448551132254918,-0.205,302.8344668023253,0.0,0.0,0.9500012308520152,1738.7029772843691,0.0,0.0,-1.0,28.20329395024589
-0.002298554580898429,-0.003195948727935884,-0.205,302.6370086883817,0.0,0.0,0.8765868025780646,1737.0800564092615,0.0,0.0,-1.0,31.98537449556688
-0.005016706049821515,-0.002227768249515509,-0.205,302.2261254765009,0.0,0.0,0.7679039442872422,1736.7251024319714,0.0,0.0,-1.0,33.41130672898091
0.002656201610087104,0.004292835761675606,-0.205,302.40571308323604,0.0,0.0,0.8020450701017092,1737.5753891373847,0.0,0.0,-1.0,32.330475883620444
-0.0010516238732269155,-0.0034132520125509675,-0.205,302.7149034877719,0.0,0.0,0.8974230169823503,1736.9720919243528,0.0,0.0,-1.0,31.30327609817843
0.005916272080704164,0.0005094087242902604,-0.205,302.3158955523401,0.0,0.0,0.7305032489649386,1735.1433697440623,0.0,0.0,-1.0,33.35615187569549
-0.004173089665266131,-0.004573538066349458,-0.205,302.1807647358892,0.0,0.0,0.7082591599977619,1735.5227381417094,0.0,0.0,-1.0,34.40430434015628
-0.0001148545017314276,-0.0010574280875164375,-0.205,303.0703701624023,0.0,0.0,0.9897309523077319,1737.885085808436,0.0,0.0,-1.0,25.42064521334033
-0.0021903742984089054,0.0025519773240633716,-0.205,302.7641235542402,0.0,0.0,0.908501066046184,1735.9747850699146,0.0,0.0,-1.0,30.305179789796295
-0.0013143907007086566,-0.004009576041884569,-0.205,302.6203173592313,0.0,0.0,0.8591963896154527,1736.5541143749226,0.0,0.0,-1.0,30.80792916011564
-0.004123334179080152,-0.00226066081515128,-0.205,302.3953309398307,0.0,0.0,0.827010384547304,1734.1575462450776,0.0,0.0,-1.0,32.34338640049489
-0.002533805564938751,-0.004601108729310112,-0.205,302.35981052496254,0.0,0.0,0.7865312624534755,1735.3577034650343,0.0,0.0,-1.0,30.834866456283454
0.0011462313055517368,0.0011210327048512183,-0.205,302.9543937290329,0.0,0.0,0.9776055168341371,1733.8440646495865,0.0,0.0,-1.0,29.018827165621797
-0.005344949339726035,0.0024835563608522474,-0.205,302.3347531933733,0.0,0.0,0.7343182161323192,1734.1819756732564,0.0,0.0,-1.0,34.362764983061545
-0.0031976897228293572,0.0016122664533585575,-0.205,302.7291772830626,0.0,0.0,0.8969004031068631,1737.3168083408898,0.0,0.0,-1.0,28.84961737206307
0.0016966448310478178,-0.0039690590685855405,-0.205,302.58971472227927,0.0,0.0,0.8529849331038056,1736.147345369242,0.0,0.0,-1.0,32.01031039926612
0.005329382055771298,0.0029319479981622485,-0.205,302.29798177903774,0.0,0.0,0.7179078598094424,1736.1434153742794,0.0,0.0,-1.0,35.20566820291019
0.0022854671065436396,-0.0005623408357478241,-0.205,302.7964843370281,0.0,0.0,0.9535572286749991,1735.218902751448,0.0,0.0,-1.0,28.19318651212161
2.1124761917923328e-05,0.006028746634774194,-0.205,302.2226055385069,0.0,0.0,0.722635402061558,1734.02946841499,0.0,0.0,-1.0,34.958548688923585
-0.005044161276108747,-0.0015424638028742243,-0.205,302.3142131870861,0.0,0.0,0.7848235374166576,1741.092488012533,0.0,0.0,-1.0,32.85474994682634
-0.0014944140814513928,0.005555378349286002,-0.205,302.1958610858767,0.0,0.0,0.746256383358561,1736.449749716951,0.0,0.0,-1.0,33.407033583791986
0.0003314784563007629,0.006325835653290481,-0.205,302.10418381727914,0.0,0.0,0.6953017612067186,1739.2016700100735,0.0,0.0,-1.0,36.00299455056466
-0.00401203973978793,0.0003506110000634802,-0.205,302.61614679065303,0.0,0.0,0.8711313094501364,1736.5576297367356,0.0,0.0,-1.0,30.450152470584637
0.0017394045732649478,-0.004492431086512308,-0.205,302.5648604622994,0.0,0.0,0.818882287007232,1738.035218853278,0.0,0.0,-1.0,32.02339554708947
0.005525034141709898,0.0013292009554273067,-0.205,302.3445137215947,0.0,0.0,0.7521067334743121,1737.8990927064522,0.0,0.0,-1.0,33.25629408439081
0.002046027673259495,0.004891648551862639,-0.205,302.3723307791673,0.0,0.0,0.7826809572704214,1737.9283379186943,0.0,0.0,-1.0,32.84688814262951
0.0011259203995251932,-0.005270341233694476,-0.205,302.3938660907328,0.0,0.0,0.7758591804206311,1738.7295886037994,0.0,0.0,-1.0,33.43602994474256
-0.0034404873357145455,-0.0023924563188680308,-0.205,302.4896936517002,0.0,0.0,0.8610265974399657,1738.0263365388782,0.0,0.0,-1.0,31.734672929375083
-0.0032417544784342158,-0.001941194997042886,-0.205,302.5472259925609,0.0,0.0,0.8858368918544771,1736.4164498724392,0.0,0.0,-1.0,30.64201155778077
-8.26558661201564e-05,0.004500383262045465,-0.205,302.36089020276336,0.0,0.0,0.840805594254074,1736.9277053998626,0.0,0.0,-1.0,30.627350348923812
0.00566280845109106,-0.002350813897053859,-0.205,302.14717770024333,0.0,0.0,0.7135992184682155,1737.360801128638,0.0,0.0,-1.0,34.49504979764854
-0.0014299225326101957,-0.004532230304797277,-0.205,302.51269703036763,0.0,0.0,0.8234945491076294,1738.5843951360396,0.0,0.0,-1.0,31.275692747725873
-0.0029322566082789214,-0.0010284843542126359,-0.205,302.69005115635116,0.0,0.0,0.921264951070712,1737.291808014976,0.0,0.0,-1.0,31.65955861334758
0.0037244133048893583,-0.0031840453712880107,-0.205,302.3921598052932,0.0,0.0,0.8129417651018123,1738.012600800695,0.0,0.0,-1.0,32.728810384620445
0.0034128722206326527,-0.004883666893985376,-0.205,302.2281215156888,0.0,0.0,0.7287891129916564,1739.07599318819,0.0,0.0,-1.0,34.809002960707026
-0.005323397572835342,-0.00042588275364171255,-0.205,302.33578466228755,0.0,0.0,0.7797044387720519,1743.5814979244115,0.0,0.0,-1.0,31.9423355138033
-0.003326452393480759,-0.0048996053898017885,-0.205,302.1623363980749,0.0,0.0,0.7318855222227448,1734.4152237840879,0.0,0.0,-1.0,33.49981466478058
0.006457497648491821,0.00016918106483510752,-0.205,302.12066032877885,0.0,0.0,0.6837578277182262,1737.8299858009786,0.0,0.0,-1.0,35.93693528149082
-0.0025354968129907237,-0.0042022598355756354,-0.205,302.40075051280473,0.0,0.0,0.8123620357172381,1735.3836256783816,0.0,0.0,-1.0,33.50521973552452
0.0029319149072416215,0.0051527949776711945,-0.205,302.28840903650155,0.0,0.0,0.7313335776129825,1735.7947597381842,0.0,0.0,-1.0,34.285195978343964
0.0022128700225457045,-0.004825958126351374,-0.205,302.4174894142735,0.0,0.0,0.7821507253219501,1736.3452044397159,0.0,0.0,-1.0,32.98246790025714
0.0006983315080402216,-0.0029195525199276905,-0.205,302.75036478488903,0.0,0.0,0.9262656733274229,1734.4669766194413,0.0,0.0,-1.0,29.420663133298167
-0.002173054190740456,0.0019487328046430801,-0.205,302.86948798432417,0.0,0.0,0.9300932916714708,1735.0098642276794,0.0,0.0,-1.0,29.739959078123974
0.00026993880748009413,-0.00014070273170822283,-0.205,302.96530898040317,0.0,0.0,0.9990468065163662,1737.9128205605782,0.0,0.0,-1.0,25.625535701473172
-0.004362580187052276,-0.0021995296846427275,-0.205,302.3603735294706,0.0,0.0,0.8139734064605163,1731.4849931179065,0.0,0.0,-1.0,31.624368785847857
0.0031604137463362983,-0.004981882438407467,-0.205,302.21443551188617,0.0,0.0,0.7338035726414682,1734.7191382725891,0.0,0.0,-1.0,32.51600533033815
0.002216141481217367,-0.004726542500855274,-0.205,302.3710444516802,0.0,0.0,0.7890229106339625,1734.7564698826059,0.0,0.0,-1.0,32.18006434471612
0.00015995272727166316,0.0015822783310683946,-0.205,302.81464315055035,0.0,0.0,0.977948054151204,1734.6669443343908,0.0,0.0,-1.0,26.898377372216988
-0.004082447682152423,0.0048071116654239575,-0.205,302.23470124762684,0.0,0.0,0.6978370688341711,1734.5749483503935,0.0,0.0,-1.0,36.453810580422825
-0.003884129644709176,0.0014078385735088294,-0.205,302.6311381738642,0.0,0.0,0.8647306118182667,1735.2957822487215,0.0,0.0,-1.0,31.78010138652527
-0.0009066580648746264,-0.0058690701194038086,-0.205,302.327919938425,0.0,0.0,0.7304579405615998,1737.6014025937234,0.0,0.0,-1.0,34.690737568398525
-0.0011230015549426606,0.005848123095090115,-0.205,302.16374530294325,0.0,0.0,0.7290520322205283,1734.8437725258505,0.0,0.0,-1.0,33.09074918671451
-0.0007736368093327957,-0.0003732355030020648,-0.205,302.8584772334952,0.0,0.0,0.9931582571031383,1737.5575176929417,0.0,0.0,-1.0,24.424826515046963
0.00419326959014996,0.002880012176461009,-0.205,302.5507543056714,0.0,0.0,0.7991376891395927,1736.9175770075822,0.0,0.0,-1.0,34.25969806664632
0.004591290366045216,-0.0022174279761579554,-0.205,302.28644693975536,0.0,0.0,0.7982606456380437,1737.6789825718813,0.0,0.0,-1.0,32.79306420317597
-0.0003320555612486405,-0.005999565265744066,-0.205,302.34728484289053,0.0,0.0,0.724384213900886,1737.3585423197626,0.0,0.0,-1.0,33.072050293560466
0.002071303916742381,0.0020351018906391303,-0.205,302.8412426208289,0.0,0.0,0.9307777495538871,1733.8403575045304,0.0,0.0,-1.0,30.386472002902014
-0.00018799981948007077,0.0034260650927329657,-0.205,302.6559410284665,0.0,0.0,0.904946807561845,1738.0300850678973,0.0,0.0,-1.0,29.97154635506091
0.00044562556635325607,-0.0007449232296279736,-0.205,302.8729008428087,0.0,0.0,0.9930202521741575,1734.1551697223927,0.0,0.0,-1.0,24.867398472333463
-0.0006970031178097532,0.0009473106414235984,-0.205,302.93105376558765,0.0,0.0,0.9875703599343434,1733.8811393250728,0.0,0.0,-1.0,26.991005544435605
-0.002229688885672216,0.0029641751061451746,-0.205,302.6913624016006,0.0,0.0,0.8897858032256293,1736.1625003014358,0.0,0.0,-1.0,30.85213920607874
0.004001926651098456,-0.0012828799004052905,-0.205,302.56600045603295,0.0,0.0,0.8602719022762997,1734.8373161144737,0.0,0.0,-1.0,30.07584884110449
-0.0025394735652815217,0.00041250484577655514,-0.205,302.8035204619705,0.0,0.0,0.9449987274143414,1734.8732572682688,0.0,0.0,-1.0,27.069738202409248
-0.0026439014180385657,8.26087340447325e-05,-0.205,302.7454990014304,0.0,0.0,0.9420193372428135,1735.7346412837264,0.0,0.0,-1.0,29.931281274474056
0.002582135118896048,-0.0007437917581712716,-0.205,302.70641230731457,0.0,0.0,0.9402604477414156,1732.600525843812,0.0,0.0,-1.0,29.01883780650797
-0.0015074242104423,0.004313330638125906,-0.205,302.4820089694686,0.0,0.0,0.8362044001521565,1734.66790110093,0.0,0.0,-1.0,32.30445212727488
-0.00012050962190174635,-0.002583485296490429,-0.205,302.89091519690083,0.0,0.0,0.94444761215732,1735.6748862094985,0.0,0.0,-1.0,29.21825627365743
0.00635684419170914,-0.0011936875566628277,-0.205,302.10831688322565,0.0,0.0,0.6829913925007517,1736.7319069327384,0.0,0.0,-1.0,35.44809632753101
0.0010955889231718619,0.0060558659282355124,-0.205,302.134836428122,0.0,0.0,0.711572387717096,1733.3105458824818,0.0,0.0,-1.0,34.43136806068828
0.002925980265365268,-0.0022080148000882495,-0.205,302.50154445687076,0.0,0.0,0.8922313904737806,1735.7453911643252,0.0,0.0,-1.0,30.559824129123395
0.0029104484992787793,-0.001691348629076107,-0.205,302.57682513882094,0.0,0.0,0.908339351812152,1732.8467663130034,0.0,0.0,-1.0,31.47334856352751
0.0058063181572193924,-0.001528968509709562,-0.205,302.1661928333118,0.0,0.0,0.7247756137364447,1735.7153294468485,0.0,0.0,-1.0,35.71659595017295
-0.00020859772480135843,-0.001336996881287673,-0.205,303.0341806017653,0.0,0.0,0.9837749842205328,1735.8257379805839,0.0,0.0,-1.0,28.423183737607125
0.0010829087253999019,0.004689623626206299,-0.205,302.3415014028137,0.0,0.0,0.8191952067802604,1735.665521430472,0.0,0.0,-1.0,31.867738406191066
0.001585962067999956,-0.0026758887748376753,-0.205,302.75610343331346,0.0,0.0,0.9211119870811808,1737.3999304913614,0.0,0.0,-1.0,28.521211019050458
-0.0037332160064091043,0.00010742241627600451,-0.205,302.58007117491707,0.0,0.0,0.8883357902866234,1736.616194317479,0.0,0.0,-1.0,29.6125863479659
0.0052988240140390604,0.0026691021462564154,-0.205,302.3620197965465,0.0,0.0,0.7309398507328612,1735.7562694711478,0.0,0.0,-1.0,34.86750328304691
-0.0020429733105662095,0.002737855360894456,-0.205,302.7009694090529,0.0,0.0,0.9057421592735603,1736.4127202712057,0.0,0.0,-1.0,30.101965302352365
-0.0045964869519537,0.0005277801031987793,-0.205,302.4618432906538,0.0,0.0,0.8322633167559561,1736.4183047897739,0.0,0.0,-1.0,31.765098222125026
-0.0029397515924977596,-0.003359727002714503,-0.205,302.44050479420673,0.0,0.0,0.8432727306542471,1738.3970580758519,0.0,0.0,-1.0,33.405403824439496
-0.000575257203569449,0.0034701804680123947,-0.205,302.6085954547178,0.0,0.0,0.9003520638673286,1737.6280056474036,0.0,0.0,-1.0,31.396072066879654
0.0034183577579408975,0.0029724320382670095,-0.205,302.4799677899097,0.0,0.0,0.8388636268645435,1736.6888787539597,0.0,0.0,-1.0,31.335492547654326
0.005376850638033683,0.00021083049618238046,-0.205,302.36113983757804,0.0,0.0,0.776513344372954,1734.7695541830017,0.0,0.0,-1.0,34.26232844279931
0.00032105878481327317,-0.001447193241082032,-0.205,302.9955324805634,0.0,0.0,0.9807053416370275,1736.0090247983237,0.0,0.0,-1.0,27.10532508288754
-0.0016824706542329594,-0.002117404665448237,-0.205,302.7270453722221,0.0,0.0,0.939526094766989,1736.1396989897564,0.0,0.0,-1.0,29.0641138595649
0.005937209150572594,-0.002237500010062829,-0.205,302.11590309113194,0.0,0.0,0.6943583815313809,1732.423370366883,0.0,0.0,-1.0,36.11390997706021
-0.0015406029742037447,0.002280178508108671,-0.205,302.8181031368885,0.0,0.0,0.9374969420868015,1735.402802506265,0.0,0.0,-1.0,29.219920311290828
0.0033183881826501166,-0.004721585102242508,-0.205,302.2250143055218,0.0,0.0,0.7447302315136998,1737.235169790764,0.0,0.0,-1.0,33.4827276918193
-0.004642386345040999,0.0005011656622460727,-0.205,302.4913705576117,0.0,0.0,0.8293118029637436,1735.8942654896166,0.0,0.0,-1.0,30.895359379458437
0.00510865513886534,-0.0028891198481255887,-0.205,302.1907453993198,0.0,0.0,0.7364342813205671,1732.5958679619232,0.0,0.0,-1.0,35.19559696562477
-0.0025092857552674,-0.0030739368389198834,-0.205,302.5550635842822,0.0,0.0,0.8747101397104433,1739.0759385584472,0.0,0.0,-1.0,31.755981417154977
-0.004478892112121155,-0.002400940894923693,-0.205,302.32705034617334,0.0,0.0,0.7995284342816691,1738.9200025771988,0.0,0.0,-1.0,33.40290887817576
0.0028883783405891906,-0.004308661107313271,-0.205,302.3957322117561,0.0,0.0,0.7915552017134337,1739.9262068056883,0.0,0.0,-1.0,32.206415624045874
-0.00036806995247199695,0.0054608371083139,-0.205,302.3065863899686,0.0,0.0,0.7691779860860243,1740.9979217710109,0.0,0.0,-1.0,33.275886821969664
-0.003920722999416749,-0.0027226779356946625,-0.205,302.3457102174742,0.0,0.0,0.8220155838301471,1735.3667425050328,0.0,0.0,-1.0,33.44070950614398
0.002248356426495589,0.0033571680581481853,-0.205,302.5952799370708,0.0,0.0,0.870329132224597,1734.0720622100166,0.0,0.0,-1.0,33.40144735561986
0.001737633257084658,0.003911505689775581,-0.205,302.4778406076521,0.0,0.0,0.8553305541982095,1729.4706317408861,0.0,0.0,-1.0,30.754265347518885
0.001542541528108001,0.0052722350400096285,-0.205,302.23803329707374,0.0,0.0,0.7675702176111491,1735.7906342476376,0.0,0.0,-1.0,33.362197194761414
-0.0008904844844149043,0.006383995560354702,-0.205,302.0099432900247,0.0,0.0,0.6850505809928479,1738.0904290481835,0.0,0.0,-1.0,34.38230445644821
0.006083379469369829,-0.0009097711615433644,-0.205,302.1841279385098,0.0,0.0,0.7118519288881112,1735.6286191120985,0.0,0.0,-1.0,35.93547330974086
0.0038003189690868737,-0.004667276811591251,-0.205,302.1930204683203,0.0,0.0,0.7235078583696462,1736.1294687081368,0.0,0.0,-1.0,36.066798436806344
0.0038465818940467142,0.0023447040760489757,-0.205,302.640139536402,0.0,0.0,0.8405551827560142,1737.833401937166,0.0,0.0,-1.0,31.63782456928195
-0.002153376234079561,-0.0006869387947265711,-0.205,302.70489217921096,0.0,0.0,0.956994225600466,1737.7103382225064,0.0,0.0,-1.0,27.910869018823988
0.00023170382595721903,-0.005010470562929719,-0.205,302.5225805602544,0.0,0.0,0.8044467045247577,1733.898808362573,0.0,0.0,-1.0,33.288096854547604
0.00017353527948700358,0.005240958744409087,-0.205,302.2879039356193,0.0,0.0,0.7872120170753681,1737.1414632541,0.0,0.0,-1.0,34.55154287035257
-0.005437183083127623,0.0032341747265259135,-0.205,302.29674697219815,0.0,0.0,0.6960464846523026,1735.1070150244525,0.0,0.0,-1.0,33.825567897910965
0.004082987417291268,-0.0013932215858896743,-0.205,302.4916935706544,0.0,0.0,0.8531362119667543,1736.2149408297053,0.0,0.0,-1.0,31.470409454927267
-0.000364234537423914,-0.0031453386976745636,-0.205,302.8519039631805,0.0,0.0,0.9184021709586215,1734.6316190676287,0.0,0.0,-1.0,29.351253289168696
0.0011400982545247398,-0.0022213680549049864,-0.205,302.8099971429647,0.0,0.0,0.9480407447869164,1733.0030167945517,0.0,0.0,-1.0,29.854363583606474
0.00040328915547179964,0.003847901729724882,-0.205,302.48173041935394,0.0,0.0,0.8805881380217822,1741.4723979432924,0.0,0.0,-1.0,31.843894221280983
-0.002990235903124871,-0.004762868415485976,-0.205,302.31326174853393,0.0,0.0,0.7569686970490032,1733.7627362745836,0.0,0.0,-1.0,33.0773541614656
0.0009173555987395507,-0.002781314686156648,-0.205,302.8401240025295,0.0,0.0,0.9296449307786483,1734.8584380854309,0.0,0.0,-1.0,29.026149801120006
0.003583066622054613,-0.0014523786155676785,-0.205,302.5104522459555,0.0,0.0,0.8807489562739759,1736.665886516585,0.0,0.0,-1.0,30.15351899233332
0.0011642666565206375,0.0037113262373755147,-0.205,302.6043738278748,0.0,0.0,0.8793723582890219,1740.2643797628978,0.0,0.0,-1.0,32.203944817380176
0.0009766703471923792,0.0016281680934863694,-0.205,302.8998649454626,0.0,0.0,0.9691216857433815,1734.756539970881,0.0,0.0,-1.0,27.966483068546527
0.0014943371249677977,0.00480123265280892,-0.205,302.3512598399196,0.0,0.0,0.8035136310159651,1736.4327237253788,0.0,0.0,-1.0,32.6231985192265
-0.0009018337070644436,0.001815409098241785,-0.205,302.85699533682975,0.0,0.0,0.9650324371915715,1738.1389863303748,0.0,0.0,-1.0,27.220225391109732
-0.0032723195969834615,0.002694256106250737,-0.205,302.6184621262487,0.0,0.0,0.8579737921163558,1737.28680808163,0.0,0.0,-1.0,31.896995976592255
-0.00401662296575672,-0.0049268173636082165,-0.205,302.135966367105,0.0,0.0,0.6932770818425713,1734.3349869089502,0.0,0.0,-1.0,34.01307348297969
-0.002575679087373405,0.001338936366376648,-0.205,302.7811290113683,0.0,0.0,0.930817262224485,1736.9862193525873,0.0,0.0,-1.0,29.610392409739887
-0.0025393606078544803,0.0005923237906285348,-0.205,302.7532569039058,0.0,0.0,0.9435778654659688,1737.3820629049094,0.0,0.0,-1.0,29.104967273611873
0.0015434934795756112,0.002423417665314419,-0.205,302.77646425032196,0.0,0.0,0.9321559004882244,1736.3570268368112,0.0,0.0,-1.0,29.09898610084183
0.0027914922209933534,-0.0038814529744659355,-0.205,302.39994565925247,0.0,0.0,0.8214734422856114,1736.964755549768,0.0,0.0,-1.0,31.62495728936365
0.001727492029720835,-0.002136713235033312,-0.205,302.71720734395075,0.0,0.0,0.9376765115799437,1732.4164122924842,0.0,0.0,-1.0,27.964191381468897
-0.0011301948756940717,0.0024399101130468553,-0.205,302.7450191095469,0.0,0.0,0.9401830013481829,1738.7501474069963,0.0,0.0,-1.0,29.14469118317321
0.003582348222752618,-0.0008747248878137771,-0.205,302.5707337526347,0.0,0.0,0.8909999036680151,1738.3735588560132,0.0,0.0,-1.0,29.2508700188254
-0.004435906901185831,-0.0004478584082799178,-0.205,302.420224769224,0.0,0.0,0.8436616655204447,1737.9706748994504,0.0,0.0,-1.0,30.898862432775267
0.002587166896238517,0.0003983270351355203,-0.205,302.8727183318528,0.0,0.0,0.9431609348350198,1734.2069971790631,0.0,0.0,-1.0,30.828039676765528
-0.000767500931846233,0.0042404074686590645,-0.205,302.52582374459456,0.0,0.0,0.8534491222840321,1739.7550924983248,0.0,0.0,-1.0,30.939442069041828
-0.0008325876774645671,0.00219241013596039,-0.205,302.7789210443685,0.0,0.0,0.9538736609441347,1737.545604235404,0.0,0.0,-1.0,28.416420468080368
-0.0032440187393426856,-0.002979580804268699,-0.205,302.51187239257587,0.0,0.0,0.8472224977483906,1737.6385954323337,0.0,0.0,-1.0,30.960671610575915
-0.0007921464310639036,-0.004735606897416306,-0.205,302.5332829950009,0.0,0.0,0.8200242193935952,1739.0572337369172,0.0,0.0,-1.0,33.265133585137285
0.0017327388858465278,0.0035822257860666,-0.205,302.5813430257628,0.0,0.0,0.8740365299101168,1735.5558307399372,0.0,0.0,-1.0,32.25261915955088
-0.0018367015328080059,0.002923820345303774,-0.205,302.6770760124698,0.0,0.0,0.9038048642117411,1740.0225102760055,0.0,0.0,-1.0,29.312438581794208
-0.004577143489761535,0.003187015034309341,-0.205,302.44955449297737,0.0,0.0,0.7607599414990724,1736.0472453167515,0.0,0.0,-1.0,32.17031396194332
0.0008531863314539594,-0.0029935771844394024,-0.205,302.6358598498589,0.0,0.0,0.9210052965457979,1736.2580607854106,0.0,0.0,-1.0,28.21440545238027
-0.000910628668179745,-0.0028610708451206938,-0.205,302.81036876254404,0.0,0.0,0.9262383342454175,1734.6022867846116,0.0,0.0,-1.0,28.545590180660234
-0.001676807661998356,0.0008477444083954027,-0.205,302.9389919543011,0.0,0.0,0.9697279380102153,1737.1289746524108,0.0,0.0,-1.0,26.438003182607773
-0.0030871336866772543,0.0014052240607826678,-0.205,302.71326569275584,0.0,0.0,0.9070052027498995,1735.1972980200817,0.0,0.0,-1.0,28.085281776802237
0.004543045619272089,0.0018330915570123245,-0.205,302.5368757667703,0.0,0.0,0.8130151237770219,1739.4060164509667,0.0,0.0,-1.0,31.188938250567393
-0.005096881962443842,-0.0013610768488432272,-0.205,302.2955291557249,0.0,0.0,0.784764919688365,1735.7732941875156,0.0,0.0,-1.0,32.735229055818735
-0.005757259508091725,-0.0013829928943332095,-0.205,302.2279686380009,0.0,0.0,0.7319778457111279,1737.8997855240386,0.0,0.0,-1.0,33.11707281206707
0.0022780249416368146,0.0005722725188559967,-0.205,302.82576364097145,0.0,0.0,0.9537379931312797,1739.270390477938,0.0,0.0,-1.0,30.251474955100406
0.0033890075530846886,-0.004839100126367533,-0.205,302.2660038791798,0.0,0.0,0.7331141804763218,1736.7882939406102,0.0,0.0,-1.0,35.85591917227833
0.0055265269815168066,-0.0006509922425552144,-0.205,302.2903668211913,0.0,0.0,0.7617903577544609,1736.286255369822,0.0,0.0,-1.0,32.06695495881438
-0.003025135798117809,-0.0012164252758624032,-0.205,302.66222669938475,0.0,0.0,0.9137289007739041,1735.3939012688745,0.0,0.0,-1.0,29.735380759230605
0.0031789271263334812,-0.0018268634135289146,-0.205,302.5989474989428,0.0,0.0,0.8921832533732358,1736.9945421467264,0.0,0.0,-1.0,30.825198259252716
0.003236676941258808,-0.004052933329323251,-0.205,302.3756261157844,0.0,0.0,0.7915915853427833,1740.5631221789013,0.0,0.0,-1.0,33.383979468295195
-0.004610921868546085,-0.0023854557864794695,-0.205,302.3222173100377,0.0,0.0,0.7912335350833571,1737.2304376392094,0.0,0.0,-1.0,33.90321033011
0.0010568030176630954,-0.002592328632151064,-0.205,302.7586475321255,0.0,0.0,0.9354261063911413,1731.7861658196432,0.0,0.0,-1.0,29.21926230388935
0.0022177413412357155,-0.00041770628276045687,-0.205,302.78185936492923,0.0,0.0,0.9571226572967124,1737.2345903679463,0.0,0.0,-1.0,27.936206941554723
-7.937347802670419e-05,-0.0006677365987620773,-0.205,303.0819667764111,0.0,0.0,0.9957031185664497,1740.9033140523518,0.0,0.0,-1.0,24.552496531811954
-0.0003799117988642599,-0.0024937665855101114,-0.205,302.85150396350485,0.0,0.0,0.9470206404251014,1736.0826409076828,0.0,0.0,-1.0,28.91143223323429
0.0039031207467863926,-0.004146457127169428,-0.205,302.2863806552443,0.0,0.0,0.7511246611236257,1736.255646511115,0.0,0.0,-1.0,34.903302063328404
-0.0020082392465285404,-0.004311273035343917,-0.205,302.47455071428703,0.0,0.0,0.8232398358319596,1736.0074321637117,0.0,0.0,-1.0,31.395373345566263
-0.0003588026618623867,-0.003198167084762654,-0.205,302.78902098783476,0.0,0.0,0.9158435594877692,1736.2307790163954,0.0,0.0,-1.0,30.785480874146124
-0.0004473971876484908,0.0008941439322166128,-0.205,302.9594818889588,0.0,0.0,0.9908699466472111,1733.9615015556274,0.0,0.0,-1.0,26.235196297689768
-0.0006349236468384958,0.003811988724832095,-0.205,302.56770603048676,0.0,0.0,0.8808503951823048,1736.2280264126164,0.0,0.0,-1.0,31.399514274182977
-0.0029785785516079845,-0.004240885041724807,-0.205,302.346333832895,0.0,0.0,0.7919250591413078,1737.456152715392,0.0,0.0,-1.0,32.000114548289986
0.00011355426759768727,-0.003256445337858218,-0.205,302.77904863757834,0.0,0.0,0.9138353392634582,1736.1677935453656,0.0,0.0,-1.0,29.53824786072463
-0.0022335054895963823,0.0012237592476532528,-0.205,302.8482654702732,0.0,0.0,0.9460487901968813,1736.4954195352802,0.0,0.0,-1.0,30.294777918089412
-0.0005475193797145592,-0.006236548944540316,-0.205,302.2393842026999,0.0,0.0,0.7020272286078536,1736.5780843852606,0.0,0.0,-1.0,33.195358487364786
5.6829611420403443e-05,-0.00395562938020931,-0.205,302.6726424209072,0.0,0.0,0.8754311719786396,1735.3710538436144,0.0,0.0,-1.0,31.01668957752034
-0.0024302768276371588,0.0013727004969608277,-0.205,302.8179151481014,0.0,0.0,0.9357897403812077,1739.5102642095337,0.0,0.0,-1.0,29.48189319066402
0.003083679307505403,0.0018895332357590116,-0.205,302.73645811262026,0.0,0.0,0.894955463168818,1734.07539381503,0.0,0.0,-1.0,31.285544983363035
-0.0019347435596058524,0.003300773829115763,-0.205,302.6462359318464,0.0,0.0,0.8830953317534618,1739.357320045415,0.0,0.0,-1.0,31.636425802662206
-0.0044472866748762295,-0.0014793182372292355,-0.205,302.42145370295054,0.0,0.0,0.8280936367415443,1736.6375169036223,0.0,0.0,-1.0,31.25819662102175
0.0007881231885000144,0.002121709494728328,-0.205,302.8201573116443,0.0,0.0,0.9568832742954585,1736.3492209718877,0.0,0.0,-1.0,28.874444094830604
0.0007575880281284293,-0.006428902269779374,-0.205,302.1991263977838,0.0,0.0,0.6824848616756988,1736.6539953227536,0.0,0.0,-1.0,33.767693672009656
-0.001957103533380212,0.006041140913312861,-0.205,302.10657786740796,0.0,0.0,0.6938623224354927,1737.219719649323,0.0,0.0,-1.0,34.10860053332864
0.0027229929925169033,-0.0022088176047899903,-0.205,302.6552177324777,0.0,0.0,0.9009604665982839,1735.245753800373,0.0,0.0,-1.0,28.952627956812094
0.00613542057005867,0.0015037218941578376,-0.205,302.24345060050075,0.0,0.0,0.6968999181291428,1736.0478264396324,0.0,0.0,-1.0,34.39538366937523
-0.0048115873991884,-0.0036167065097693716,-0.205,302.15909861939997,0.0,0.0,0.7234640478162918,1735.938721350525,0.0,0.0,-1.0,35.168632340646354
-0.003322633858790764,-0.004905851867631566,-0.205,302.21911585257135,0.0,0.0,0.7316250944098539,1738.6156389485775,0.0,0.0,-1.0,34.935883296746255
-0.004070252950047448,-0.0024556218685457022,-0.205,302.37094754194175,0.0,0.0,0.823411044451308,1735.430188944206,0.0,0.0,-1.0,33.6058315130367
0.0006930776868069664,-0.005584197206337626,-0.205,302.3220074935449,0.0,0.0,0.7566972186168369,1734.7706206496925,0.0,0.0,-1.0,35.21123069689326
0.004241158967448185,-0.0049066908040781435,-0.205,302.06540483784687,0.0,0.0,0.6813453469999026,1736.5343666837016,0.0,0.0,-1.0,36.01506709975006
0.0026117755209957945,0.0011040912221522829,-0.205,302.87983930713006,0.0,0.0,0.9338350790310267,1737.9654922096458,0.0,0.0,-1.0,30.045707905630287
-0.0013021779595287527,-0.006328834746426927,-0.205,302.24035116439745,0.0,0.0,0.6836000217397687,1733.3791837567067,0.0,0.0,-1.0,36.85621018789339
0.0030568492559672,0.0022361922680635632,-0.205,302.64863652480255,0.0,0.0,0.8853228827079606,1739.0905577061824,0.0,0.0,-1.0,32.262442401303446
0.0022496104087957893,-0.003317578708604285,-0.205,302.53828077683806,0.0,0.0,0.872281269553757,1736.6763125255018,0.0,0.0,-1.0,30.837767424713498
0.0017153870892703815,0.0004896501281333042,-0.205,302.9986016839536,0.0,0.0,0.9725703683952089,1738.522187590895,0.0,0.0,-1.0,27.41020723434298
0.0044942747677333625,0.0038681856066116417,-0.205,302.3417172876005,0.0,0.0,0.73123231684105,1736.4710358918317,0.0,0.0,-1.0,34.74270269669424
0.0006107304915136834,-0.0004917352552511492,-0.205,302.95251602349333,0.0,0.0,0.9942468114318066,1733.5356291706826,0.0,0.0,-1.0,26.770955322133187
0.001941679574739518,0.004694039523252812,-0.205,302.3343880205153,0.0,0.0,0.7996823084706508,1737.179014537048,0.0,0.0,-1.0,31.00741839136169
0.0007821738611751035,0.0005974723338930593,-0.205,303.0383785543281,0.0,0.0,0.991138160473747,1737.294349462619,0.0,0.0,-1.0,26.98540777797301
-0.001593507534157961,0.003903285699884421,-0.205,302.4913693368826,0.0,0.0,0.8594174111863507,1739.067883887803,0.0,0.0,-1.0,31.310521395626257
0.004921860422362624,-0.0020100282923514287,-0.205,302.33865061220763,0.0,0.0,0.781576164982901,1735.7846124286468,0.0,0.0,-1.0,33.93448795796416
-0.0035417812906572647,0.002181265627945082,-0.205,302.6640638648429,0.0,0.0,0.8629720062921098,1734.8701219317181,0.0,0.0,-1.0,30.228276355307635
-0.0019624575650730902,0.0009043147506182986,-0.205,302.9742575525688,0.0,0.0,0.9605197878284739,1738.8039611082215,0.0,0.0,-1.0,27.123427892863447
-0.0033995584961492766,-0.004023649509922165,-0.205,302.296365837842,0.0,0.0,0.7853819890464699,1735.7640395355697,0.0,0.0,-1.0,33.659127526397974
0.0039114235479806685,0.0011280844627717264,-0.205,302.5645818235742,0.0,0.0,0.8684726660478078,1737.4789649187296,0.0,0.0,-1.0,30.075940890746253
-0.0021270191906130618,-0.0034792271251581595,-0.205,302.5211468273494,0.0,0.0,0.8680397334670592,1734.4715853468074,0.0,0.0,-1.0,32.266401243212506
0.003246644008579312,0.002559739701558026,-0.205,302.61261040024795,0.0,0.0,0.8645462210637236,1739.9314064038208,0.0,0.0,-1.0,30.339314890182685
-0.003144078965316622,-0.0032158131495863785,-0.205,302.41782649317776,0.0,0.0,0.8410563756326793,1737.6438427282526,0.0,0.0,-1.0,32.96595420890228
-0.005016948558888523,-0.00378380809044556,-0.205,302.15497033545944,0.0,0.0,0.6999139631271475,1737.531442368211,0.0,0.0,-1.0,35.31990399963653
0.0035888714420804295,0.0036264186266363953,-0.205,302.4605063291739,0.0,0.0,0.7980101771547542,1738.8833720444845,0.0,0.0,-1.0,34.89855350060681
0.004881329114735466,0.0029336811668058235,-0.205,302.33408455853277,0.0,0.0,0.7510779922178041,1736.5025081744673,0.0,0.0,-1.0,34.21623812356527
0.0015933600566164954,-0.005633812578493999,-0.205,302.3143830557354,0.0,0.0,0.737646410919326,1737.7760718397014,0.0,0.0,-1.0,34.26934214351508
0.003388309078953841,-0.00014230512742164527,-0.205,302.7273320707347,0.0,0.0,0.9070371460840904,1737.5854167773111,0.0,0.0,-1.0,29.57347016739159
-0.0006127011470403753,0.003360080456083408,-0.205,302.63483841329617,0.0,0.0,0.9057732255746608,1737.0116513563767,0.0,0.0,-1.0,31.965197409537087
-0.0021037804162613036,-0.00017260274882057857,-0.205,302.82966450053834,0.0,0.0,0.9622355432980549,1736.0370302369734,0.0,0.0,-1.0,26.611102557146708
0.00043705082635280365,0.00013283448604028527,-0.205,303.1329122336425,0.0,0.0,0.9979389964950443,1733.9476123260245,0.0,0.0,-1.0,26.986989812202637
0.004724540184665186,-0.0036526141524856875,-0.205,302.0504721414326,0.0,0.0,0.7275918618972774,1735.3274235966855,0.0,0.0,-1.0,33.45090915817757
-0.005793966943978211,-0.0015210540542876492,-0.205,302.20750422570666,0.0,0.0,0.7259899584687542,1737.6701211939642,0.0,0.0,-1.0,34.928981858482786
0.0031732205981253123,0.004933636007388547,-0.205,302.26189679442524,0.0,0.0,0.7366907249430945,1735.429401337785,0.0,0.0,-1.0,33.06915228992559
-0.005168107384624187,0.0034844570170719067,-0.205,302.2509186060454,0.0,0.0,0.7045089718410755,1737.8811563648653,0.0,0.0,-1.0,34.24891023233679
0.004755920426263415,-0.003923378799707917,-0.205,302.1161501422602,0.0,0.0,0.7105751510411009,1738.5058429945261,0.0,0.0,-1.0,33.628254519972145
-0.003952476569984514,0.004087202767687745,-0.205,302.4015449648063,0.0,0.0,0.7518549989425382,1738.0121308962623,0.0,0.0,-1.0,34.26749639381091
0.002639383610704226,0.005929658403697498,-0.205,302.13235384338543,0.0,0.0,0.6808836816183083,1735.447405884796,0.0,0.0,-1.0,35.002234678478885
-0.003541485458417509,-0.003395803636341092,-0.205,302.49479479728194,0.0,0.0,0.8124666049392681,1735.9411619389543,0.0,0.0,-1.0,32.50212536551349
-0.005372048079901709,-9.062909615888366e-05,-0.205,302.3178185140349,0.0,0.0,0.7771576126014297,1740.240521352093,0.0,0.0,-1.0,32.93519307854713
-0.001454071012943867,0.004269619358635356,-0.205,302.43162011020223,0.0,0.0,0.8401809435866352,1736.476754150964,0.0,0.0,-1.0,30.772973847673068
-0.0005002403658692686,-0.0025130060091391867,-0.205,302.7775655747488,0.0,0.0,0.945422300965483,1737.458610126771,0.0,0.0,-1.0,29.491942342341403
-0.00013507315421485845,-0.005174714255738142,-0.205,302.47489730114205,0.0,0.0,0.7923749632388531,1737.035190532351,0.0,0.0,-1.0,33.264126568127026
-0.0042789790309248855,-0.0036045099775032273,-0.205,302.2889912397528,0.0,0.0,0.7593365658195614,1735.697215000575,0.0,0.0,-1.0,32.51149697022685
0.0032715786857407114,0.0010943560686165078,-0.205,302.71271771508214,0.0,0.0,0.9039685655553427,1736.2600856583779,0.0,0.0,-1.0,30.655846274318943
0.0017861671652736387,-0.0015876719794343727,-0.205,302.7308023355445,0.0,0.0,0.9521922781689169,1737.508062982336,0.0,0.0,-1.0,29.017911841436582
-0.0029519083534958767,-0.0011599420741306005,-0.205,302.6307041240873,0.0,0.0,0.9181439012782717,1736.1685373039554,0.0,0.0,-1.0,30.481106276662832
-0.0003563424137677884,0.005833174651162208,-0.205,302.1696060685624,0.0,0.0,0.7385606918823002,1736.1767613900472,0.0,0.0,-1.0,34.44433135360439
0.0010024491683310694,-0.002984019653090243,-0.205,302.7842692989331,0.0,0.0,0.9193035374915375,1738.1399451520801,0.0,0.0,-1.0,29.67087378014401
0.001320094965252149,0.002066559452491637,-0.205,302.7909324178442,0.0,0.0,0.9497919782053452,1739.9717217212187,0.0,0.0,-1.0,28.30084062988566
0.005008082317136793,-0.0019146643940806303,-0.205,302.280390702598,0.0,0.0,0.77803983547281,1736.7309296002202,0.0,0.0,-1.0,32.20993096209902
0.0024290462144767122,-0.004475329202598463,-0.205,302.3811811513572,0.0,0.0,0.7987626979803283,1741.7026362211916,0.0,0.0,-1.0,32.28707791956168
0.0010947506148630787,0.0006774436796480991,-0.205,302.97680324641954,0.0,0.0,0.9852404617457805,1736.2429138582272,0.0,0.0,-1.0,26.17951374359656
0.000488307086088413,-0.0015404839216519243,-0.205,302.97073725097255,0.0,0.0,0.9772665377100767,1732.3627059935734,0.0,0.0,-1.0,27.958450730328092
0.0032883826041209116,-7.503277381104429e-05,-0.205,302.6959150343279,0.0,0.0,0.9122805701629535,1738.3418348891541,0.0,0.0,-1.0,29.232238827659945
0.00048578299796863436,0.004426222440234202,-0.205,302.4485191265339,0.0,0.0,0.8440383902356776,1738.3955628016497,0.0,0.0,-1.0,32.354356420684056
-0.004288670736613464,-0.0007552237680146538,-0.205,302.5741475638303,0.0,0.0,0.8505046821835984,1735.5476706607087,0.0,0.0,-1.0,31.69457299913923
-0.0037100957413139634,0.0003363921096743201,-0.205,302.6795636302673,0.0,0.0,0.8888718077468353,1736.529265810047,0.0,0.0,-1.0,31.016810194777747
0.0022011346651780272,-0.0030849040587148696,-0.205,302.67681942554213,0.0,0.0,0.8851957256812146,1733.331477419533,0.0,0.0,-1.0,32.257730979737254
0.001094479709054636,-0.002000056128513901,-0.205,302.88007881038345,0.0,0.0,0.9562812414749648,1737.3305972192363,0.0,0.0,-1.0,29.100204486573368
0.004044865975403778,-0.0024976030722952233,-0.205,302.3111714669576,0.0,0.0,0.8233967605814883,1740.0471751818343,0.0,0.0,-1.0,31.785830344678136
0.002004917376350935,0.002604823409271768,-0.205,302.8225476892178,0.0,0.0,0.9123906524516601,1735.6898087658742,0.0,0.0,-1.0,31.36255551505734
0.0017948490257818305,-0.005267927784113044,-0.205,302.43493484905315,0.0,0.0,0.7617446485086187,1737.689912310961,0.0,0.0,-1.0,33.869786835618946
-0.0030485541759462495,-0.0031408434953956363,-0.205,302.50306123121067,0.0,0.0,0.8490407391036701,1735.5364289596891,0.0,0.0,-1.0,31.72905773626954
-0.0050052130976028465,0.002100245163115929,-0.205,302.45685521735925,0.0,0.0,0.7727884787924194,1736.7871298020566,0.0,0.0,-1.0,33.34957821287148
-0.0057702012079934376,-0.002045326951461152,-0.205,302.09855336273347,0.0,0.0,0.7144326050948072,1736.678434270296,0.0,0.0,-1.0,35.142736310131184
0.002973664177323248,0.0021141289866106455,-0.205,302.727272843464,0.0,0.0,0.8931800026217042,1736.072037128241,0.0,0.0,-1.0,29.74611964615611
-0.002664320804251844,-0.005305457986034704,-0.205,302.26071849477285,0.0,0.0,0.7306142125298305,1735.0282494546634,0.0,0.0,-1.0,34.01762461397398
0.002315573841981246,0.004695128381732618,-0.205,302.3692858040054,0.0,0.0,0.7878858365040495,1735.330083640405,0.0,0.0,-1.0,32.60865677229118
-0.003896571164222842,-0.004533645850099097,-0.205,302.1754711847855,0.0,0.0,0.7270524311758629,1735.1254458496765,0.0,0.0,-1.0,33.91214935020309
-0.004965817279351519,-0.000974334164854151,-0.205,302.31421370709427,0.0,0.0,0.8011240596569212,1739.0399288343967,0.0,0.0,-1.0,32.233466040155086
-0.0013196653337891524,-0.005662037080219568,-0.205,302.2766131376613,0.0,0.0,0.7411264560933574,1736.3080351812755,0.0,0.0,-1.0,33.24571663214613
0.004185102167358188,-0.0022000985326499018,-0.205,302.307767447159,0.0,0.0,0.8252045909140571,1738.6988856594203,0.0,0.0,-1.0,32.454085207196755
0.0057673087598483445,0.00283100236723492,-0.205,302.21837013736126,0.0,0.0,0.6870092017239913,1731.3645469824253,0.0,0.0,-1.0,34.124007340063585
0.00162849138575481,-0.0003317975102956384,-0.205,302.8921122571347,0.0,0.0,0.9760233716067324,1733.6940289427682,0.0,0.0,-1.0,28.16043630336396
-0.0001572373434878837,-0.00248936905251044,-0.205,302.82116952509153,0.0,0.0,0.9481406569449985,1736.6388839059764,0.0,0.0,-1.0,27.407520580274152
-0.00035625377921526843,-0.004956602445151374,-0.205,302.5378165846196,0.0,0.0,0.8078721828849911,1733.5876435584612,0.0,0.0,-1.0,32.369696872741
-0.004822586973539987,0.0004124779532004015,-0.205,302.3440528090921,0.0,0.0,0.8172514441445674,1735.539039192583,0.0,0.0,-1.0,31.99600260001322
0.003570467176218615,-0.002125455721303678,-0.205,302.5001658908156,0.0,0.0,0.8632454072169089,1737.5310703308164,0.0,0.0,-1.0,32.718342763580345
-0.0023235638024378122,0.00137803688880178,-0.205,302.8850140507317,0.0,0.0,0.9396531565057846,1734.7374345064131,0.0,0.0,-1.0,29.384168467389237
-0.0014611552009086556,-0.005073184812551894,-0.205,302.3947599776163,0.0,0.0,0.7844604498825781,1734.928172789865,0.0,0.0,-1.0,34.5238519925232
-0.002781924223957586,0.0011848718630923904,-0.205,302.8150354856434,0.0,0.0,0.9252433287711908,1737.0145434750677,0.0,0.0,-1.0,29.75921162693483
-0.0022194194228476634,0.004829531295304013,-0.205,302.2321542547879,0.0,0.0,0.7816842945117892,1735.6120130761267,0.0,0.0,-1.0,31.715070211094865
0.0002954591545874969,-0.0054398525049447494,-0.205,302.471478861699,0.0,0.0,0.7712055675603351,1739.1143671003306,0.0,0.0,-1.0,33.26787894211119
-0.003224405147945139,-0.002430872104862445,-0.205,302.55457646361026,0.0,0.0,0.8704782097374254,1735.882812134231,0.0,0.0,-1.0,31.486884579418593
-0.002806899927867752,-0.001914957199958501,-0.205,302.58732076449996,0.0,0.0,0.9066927088595403,1739.357077763087,0.0,0.0,-1.0,30.995616704543387
7.94077463190937e-05,-0.0064618499617901635,-0.205,302.20586891462824,0.0,0.0,0.6835136721346116,1736.261619035719,0.0,0.0,-1.0,33.85645663074301
0.002492725367038033,-0.0005068487959428004,-0.205,302.8056457969915,0.0,0.0,0.9461717375111407,1734.998664386214,0.0,0.0,-1.0,28.168964937488017
0.0008169919159606931,-0.00223861249863711,-0.205,302.8553335248034,0.0,0.0,0.9524486524299578,1734.8780840077688,0.0,0.0,-1.0,29.00501301157763
-0.0017840373182285508,-0.003443288884974001,-0.205,302.6584282753141,0.0,0.0,0.8800574255108506,1734.6199235611273,0.0,0.0,-1.0,31.356846822458
-0.0007805017172679014,0.003985789594418961,-0.205,302.51696752927455,0.0,0.0,0.8690465774517744,1735.2093592908443,0.0,0.0,-1.0,31.873627300849673
0.004270666645462621,0.003821602165249126,-0.205,302.38218342584094,0.0,0.0,0.7480941498218219,1737.1493493500711,0.0,0.0,-1.0,33.21981343421856
-0.002409940698467459,0.005318935274895686,-0.205,302.233440517253,0.0,0.0,0.7389535511130916,1735.790467968034,0.0,0.0,-1.0,32.656377017706504
-0.0016263202014461548,0.0002066735212072692,-0.205,302.92855852927096,0.0,0.0,0.9766376883613712,1736.101315404794,0.0,0.0,-1.0,28.531498749156384
-0.0023179388187177206,-0.0029785700380209872,-0.205,302.64914745066864,0.0,0.0,0.8860837140264024,1736.1575091753402,0.0,0.0,-1.0,30.59686568223586
0.0005573591387994246,-0.004351022896516481,-0.205,302.5498905286834,0.0,0.0,0.8484160007488593,1736.2284052424225,0.0,0.0,-1.0,29.83441662978466
0.0018812172398155098,0.0047871229565175435,-0.205,302.3338789077647,0.0,0.0,0.7948813459387599,1735.1024208004214,0.0,0.0,-1.0,31.739135374756895
0.00040279151474731877,-0.003362307539621069,-0.205,302.82298065062,0.0,0.0,0.9072946873158969,1738.299158339071,0.0,0.0,-1.0,30.641638645922566
0.00465830362453933,-0.0009785250681682955,-0.205,302.34659196747486,0.0,0.0,0.8229636609179767,1739.0133272414218,0.0,0.0,-1.0,31.881095342546217
0.0020603423521177726,-0.002375775217459786,-0.205,302.63789591730824,0.0,0.0,0.9194579561120075,1737.1013033691263,0.0,0.0,-1.0,29.975319571908816
-0.0010133238493930613,0.0025612801324126455,-0.205,302.74856370570166,0.0,0.0,0.937384744798545,1735.802283124348,0.0,0.0,-1.0,28.34456713704037
-0.003907813011451882,-0.004091358012142252,-0.205,302.25075845836784,0.0,0.0,0.7541678183033028,1738.3099853495678,0.0,0.0,-1.0,32.85187539512499
-0.0033855106504461032,0.0034756742432466405,-0.205,302.5215859236458,0.0,0.0,0.816402958015372,1739.9277925933254,0.0,0.0,-1.0,33.305124881109734
0.0024355152987126116,0.004901678829197366,-0.205,302.4055878172633,0.0,0.0,0.7691635458431373,1732.5869688832458,0.0,0.0,-1.0,32.20062431202266
0.004084968437323026,-0.003167146613222445,-0.205,302.3898140863469,0.0,0.0,0.7929500996315554,1736.0267438008004,0.0,0.0,-1.0,32.6347716688406
-0.0015958938093419953,0.003668565999393493,-0.205,302.58644955832244,0.0,0.0,0.8727481716244163,1735.0593082488128,0.0,0.0,-1.0,31.587841022877875
-0.0036363390641614974,0.0006971439057257765,-0.205,302.59590676505366,0.0,0.0,0.8901577986504956,1735.6755344770997,0.0,0.0,-1.0,31.730513700889166
-0.0037805838574730705,0.0032628328555599005,-0.205,302.47955848885056,0.0,0.0,0.8060687009928913,1736.569333200442,0.0,0.0,-1.0,32.912182227453094
0.0034896747048303693,-0.0037158919704863803,-0.205,302.36269585483706,0.0,0.0,0.7983435929504259,1733.2008179263114,0.0,0.0,-1.0,32.99814051709417
-0.0008878087727815183,0.0028947963297137414,-0.205,302.6449407521281,0.0,0.0,0.9250489477198686,1736.585270201059,0.0,0.0,-1.0,30.005669852485827
-0.002364804173013131,0.004044401492070738,-0.205,302.504135023422,0.0,0.0,0.8282219508266011,1735.8175490098818,0.0,0.0,-1.0,31.89740400689879
0.002235242720041941,-0.006039134367869004,-0.205,302.19219829865915,0.0,0.0,0.6856332516369414,1736.3610227987979,0.0,0.0,-1.0,34.6360611536569
0.0013340691075596055,0.001606670943591052,-0.205,302.8571705661892,0.0,0.0,0.9629972618936024,1736.5283865290241,0.0,0.0,-1.0,27.160050516359
-0.0034222403491410004,-0.0042170926907264825,-0.205,302.27143963186063,0.0,0.0,0.7725510319531387,1733.3317531125756,0.0,0.0,-1.0,33.34023273634613
0.0007935057604541579,-0.005376307073559582,-0.205,302.4802006655546,0.0,0.0,0.7722673207111291,1736.2261549486298,0.0,0.0,-1.0,32.9212524961194
-0.0013378851937796607,-0.004816256035065726,-0.205,302.5038715848797,0.0,0.0,0.8057188005536876,1738.3578169324783,0.0,0.0,-1.0,32.82875883778789
0.005074833449241188,0.0026728024636395796,-0.205,302.400844488536,0.0,0.0,0.747696538698124,1736.797878505424,0.0,0.0,-1.0,32.78997760191567
0.005081534392795108,0.0013808007473876927,-0.205,302.43614988836816,0.0,0.0,0.7855153663298519,1734.243138751697,0.0,0.0,-1.0,32.19219141014494
0.0009247466164980732,0.00018444196888946375,-0.205,303.0390679022185,0.0,0.0,0.9918313074753639,1734.264877480174,0.0,0.0,-1.0,29.017227805449373
-0.002440560524434623,-0.000785719550890533,-0.205,302.6923020381766,0.0,0.0,0.9453571408759252,1737.2496686858406,0.0,0.0,-1.0,29.247541527655375
-0.0026426266136733855,0.00272340039365788,-0.205,302.71629574161057,0.0,0.0,0.8849014102751489,1733.4409177462699,0.0,0.0,-1.0,32.28867238125696
0.00016488684334590092,0.0024691080579845267,-0.205,302.7450853678266,0.0,0.0,0.9489169737775235,1736.471499337435,0.0,0.0,-1.0,30.54992759614751
-0.00187935521357477,0.00514207235783998,-0.205,302.3399810158227,0.0,0.0,0.7690559864761826,1735.2883662674112,0.0,0.0,-1.0,33.20262854073684
0.0008580614435159884,-0.0034326842242769864,-0.205,302.76951736650426,0.0,0.0,0.8992314020786942,1741.0628053074968,0.0,0.0,-1.0,31.061162298598568
-0.001066225222942418,-0.0023497714911235807,-0.205,302.86983654365594,0.0,0.0,0.9446895164991396,1738.003694664043,0.0,0.0,-1.0,27.831335244258916
-0.0008892987080595526,-0.002064070463112981,-0.205,302.8287118289827,0.0,0.0,0.9574555779668663,1735.1513561868887,0.0,0.0,-1.0,28.569881601645662
-0.0024053021406002166,0.003304936969125147,-0.205,302.5887568415881,0.0,0.0,0.8674453442084464,1735.2545845771313,0.0,0.0,-1.0,31.097606214403452
-0.0037195474128537123,-0.0031107848511485806,-0.205,302.38384982904626,0.0,0.0,0.8166250685902857,1738.2809871627476,0.0,0.0,-1.0,31.46769434480465
-0.0011620260757655386,-0.0005180209444803464,-0.205,302.90423018961104,0.0,0.0,0.9855685495988323,1734.6682164466545,0.0,0.0,-1.0,27.338086100926905
0.0018663103579324963,0.005012481330597871,-0.205,302.25570419283076,0.0,0.0,0.7790576716856625,1734.9121952979663,0.0,0.0,-1.0,33.616877957811816
0.004367266612261441,0.004671597578002861,-0.205,302.2949958772886,0.0,0.0,0.6897442196360348,1736.2984910812936,0.0,0.0,-1.0,33.31317827831537
-0.0018775973943174768,-0.004216762548288618,-0.205,302.47547768577004,0.0,0.0,0.8330062169982912,1736.6392690385878,0.0,0.0,-1.0,32.847163106280576
0.0035692218769989297,0.004370870885507972,-0.205,302.3179559040978,0.0,0.0,0.7553816774023856,1734.598689802388,0.0,0.0,-1.0,33.796958417275825
-0.0008675074741837161,0.003505571283778753,-0.205,302.6380358985569,0.0,0.0,0.8952439995694,1732.6700246550988,0.0,0.0,-1.0,28.735647109233973
0.0023776455255590514,0.0017121196871990423,-0.205,302.79031541348047,0.0,0.0,0.9295880522754909,1737.9618323652708,0.0,0.0,-1.0,29.391688859279917
-0.001907109861627763,-0.003576192258789847,-0.205,302.6047519066035,0.0,0.0,0.8695706495760009,1737.3304254967802,0.0,0.0,-1.0,31.562808783266004
0.0014954371889676213,-0.005682253572944101,-0.205,302.37848780705383,0.0,0.0,0.7358602921639527,1736.4580432937323,0.0,0.0,-1.0,34.04463987015715
0.0028969571364382916,0.0028232305546953486,-0.205,302.6419076515091,0.0,0.0,0.8700476408389771,1734.3990524707892,0.0,0.0,-1.0,31.2933983259815
-0.0003756274218661481,0.002315104231638555,-0.205,302.7957300155455,0.0,0.0,0.9538661785748256,1735.4898708256837,0.0,0.0,-1.0,29.44577545956024
0.0015539558113094323,-0.003442141871389958,-0.205,302.55972726866344,0.0,0.0,0.8859439333234556,1737.816006927282,0.0,0.0,-1.0,31.334523939263416
0.002636220498645068,-0.0003611889284649507,-0.205,302.7019947284492,0.0,0.0,0.9413655368888583,1736.1653875917477,0.0,0.0,-1.0,27.91994230569579
-0.005821542380129839,-0.001970003549087949,-0.205,302.20633320053355,0.0,0.0,0.7123144124187532,1736.7023072702107,0.0,0.0,-1.0,35.21861829504628
0.0032916775652370783,-0.005576441994325181,-0.205,302.1193232506612,0.0,0.0,0.682289631175996,1739.1748360955462,0.0,0.0,-1.0,35.5091661509791
0.00011579507413671811,-0.0042630121235095785,-0.205,302.561138368391,0.0,0.0,0.8563252750592951,1733.9277134909646,0.0,0.0,-1.0,30.879604844401673
0.001453994668428058,-0.005186910617862179,-0.205,302.4256267321325,0.0,0.0,0.7760501758246579,1735.9632611285356,0.0,0.0,-1.0,32.46017524644175
0.004849878016401221,-0.00041630793148566945,-0.205,302.3919166892083,0.0,0.0,0.8152723015525881,1735.9314551592859,0.0,0.0,-1.0,32.344892635602804
0.0001946616845951008,-0.0007546888408261675,-0.205,303.00178751479933,0.0,0.0,0.9943121447473134,1736.9885676710846,0.0,0.0,-1.0,26.630223140321412
0.003891166310116134,-0.0017629305048610165,-0.205,302.5362065378876,0.0,0.0,0.8558568656373128,1734.938858574156,0.0,0.0,-1.0,30.091692533048185
0.0026626225602187285,-0.0046116624626766425,-0.205,302.33240517854057,0.0,0.0,0.7809003327689815,1733.8874417480897,0.0,0.0,-1.0,33.68899520023174
-0.0021550713977833862,-0.0036016486199723216,-0.205,302.63157393288463,0.0,0.0,0.8606100859033303,1738.0279993320248,0.0,0.0,-1.0,31.728909978859882
-0.004430658639950716,-0.0010029742777349715,-0.205,302.5035990267252,0.0,0.0,0.8379971306531918,1734.2724875671543,0.0,0.0,-1.0,32.33658586223955
0.002778262092771562,0.0035662371388864938,-0.205,302.53051829591084,0.0,0.0,0.8394883348322776,1736.8746454482618,0.0,0.0,-1.0,31.616694063849692
-0.002483471674705604,0.000524105112487763,-0.205,302.90246183272757,0.0,0.0,0.9463950822920211,1737.0375108038224,0.0,0.0,-1.0,28.7529770808487
0.0015676608346528794,-0.0027859420262532184,-0.205,302.69739173500693,0.0,0.0,0.9169090104630626,1741.0434891399625,0.0,0.0,-1.0,28.559548051664787
0.006145156683764909,1.7556809836600033e-06,-0.205,302.2928983987869,0.0,0.0,0.7123745841689899,1735.7956906908141,0.0,0.0,-1.0,33.81210695593116
-0.00025729853652992123,-0.002982621214817006,-0.205,302.80977191353503,0.0,0.0,0.9266483366283588,1733.0609681457247,0.0,0.0,-1.0,31.091169054070658
-0.000987533241252781,-0.0008888251946498954,-0.205,302.7705891336171,0.0,0.0,0.9843297352838505,1735.9222523521262,0.0,0.0,-1.0,25.42547572996836
0.001581875889697288,0.0036703473772061635,-0.205,302.56530223853093,0.0,0.0,0.8729858969852874,1736.8261873579177,0.0,0.0,-1.0,29.68131463980577
0.0008881934568340211,-0.0011613984881950902,-0.205,302.8963503206567,0.0,0.0,0.9812037767504005,1736.6301917091075,0.0,0.0,-1.0,28.472255915206457
0.0024585992425335333,-0.004274988318080706,-0.205,302.4726395041575,0.0,0.0,0.8106418571897078,1734.154337952341,0.0,0.0,-1.0,31.961989658856012
0.003465293909661336,0.001463606067107432,-0.205,302.7058242903013,0.0,0.0,0.8868003678579323,1737.863028641303,0.0,0.0,-1.0,32.1371604187186
-0.003371747566243651,0.003394728630140506,-0.205,302.57938060998964,0.0,0.0,0.8212155574264492,1735.1397483548496,0.0,0.0,-1.0,31.88845729218795
-0.001503792961100901,0.005685839462350782,-0.205,302.27544431226187,0.0,0.0,0.7353818756854902,1733.7712578279247,0.0,0.0,-1.0,33.36781221517108
-0.0005368522149865145,0.002234543788687984,-0.205,302.7719714144252,0.0,0.0,0.9556160535551108,1738.723661412622,0.0,0.0,-1.0,28.038634872543366
0.0038486507833269787,-0.0050285504067932,-0.205,302.16777716198936,0.0,0.0,0.6955011743473312,1734.0828009965353,0.0,0.0,-1.0,34.556445320373676
-0.0044598526590115305,-0.0028853051811584735,-0.205,302.2680398234605,0.0,0.0,0.7819406937967658,1735.6167482166422,0.0,0.0,-1.0,33.02937557833798
-0.005897369983595326,-0.0011804672182541772,-0.205,302.15822508220305,0.0,0.0,0.7238952226379074,1736.9726442853503,0.0,0.0,-1.0,35.759512694101346
-0.001102380619298337,-0.001562864679774818,-0.205,302.82631919944896,0.0,0.0,0.96869077468867,1736.9585029836485,0.0,0.0,-1.0,27.38333481843562
-0.001740109163903979,-0.004393591548540605,-0.205,302.55860243228886,0.0,0.0,0.8253820278917704,1737.8391526080645,0.0,0.0,-1.0,31.29281474788471
-0.005671909890268585,0.00030084443970167224,-0.205,302.39180508796954,0.0,0.0,0.7523379751476377,1737.5710152645177,0.0,0.0,-1.0,32.56273630291073
-0.004571864302495267,0.0023380745363495072,-0.205,302.4823570212309,0.0,0.0,0.7955221294065045,1735.3428283958754,0.0,0.0,-1.0,31.12912276068876
-0.0027973488721063445,0.005328574273607416,-0.205,302.2248084661809,0.0,0.0,0.7235588507571501,1737.4378206067042,0.0,0.0,-1.0,34.12983879101195
0.00419893461632496,-0.002338350475722014,-0.205,302.45523537774943,0.0,0.0,0.8196870340467362,1737.075488640557,0.0,0.0,-1.0,34.403399445159195
0.0028135524360250064,-0.004034624548723175,-0.205,302.371169462258,0.0,0.0,0.8115736909500929,1735.4195220819768,0.0,0.0,-1.0,34.02458981995196
-0.0029937469028331414,-0.0020456802776150458,-0.205,302.58889401438114,0.0,0.0,0.8944373622581374,1736.5074847187063,0.0,0.0,-1.0,30.05005160794323
-0.0029483797505627106,-0.003003947827419754,-0.205,302.4767043391178,0.0,0.0,0.8598551877953439,1735.5830408982877,0.0,0.0,-1.0,31.69410871412243
-0.0016758734779360946,0.0060000174468847565,-0.205,302.0824285690559,0.0,0.0,0.7048125478473919,1736.7085993023986,0.0,0.0,-1.0,33.78365782471024
0.001185404530556865,0.0011434612302903158,-0.205,302.92552401146577,0.0,0.0,0.9764308252473608,1737.3381234421893,0.0,0.0,-1.0,26.611048271598197
-0.0036140664317381504,0.0014602061711351786,-0.205,302.69102564301994,0.0,0.0,0.8788859911777948,1738.343883653672,0.0,0.0,-1.0,31.425159043426547
0.006054460528857433,-0.001876399579353369,-0.205,302.16200246706046,0.0,0.0,0.6949317532372492,1734.845807390274,0.0,0.0,-1.0,34.761183935714364
0.0024046858835611988,0.004872548444844714,-0.205,302.31169750524083,0.0,0.0,0.7723412080707918,1731.1706990119787,0.0,0.0,-1.0,34.3207293425877
-0.003831122653477402,0.004170501300454495,-0.205,302.4021976483884,0.0,0.0,0.7537273982757016,1734.3240768193461,0.0,0.0,-1.0,32.4108185045618
-0.0003645164905019877,0.0009094848875638524,-0.205,302.83034997229873,0.0,0.0,0.9912140783151305,1736.0862915915238,0.0,0.0,-1.0,25.898658627225867
0.0024389453619693456,0.0052483801886218096,-0.205,302.2644476936056,0.0,0.0,0.7433550998681369,1739.0501053624776,0.0,0.0,-1.0,32.33532154141079
0.004315701851626774,-0.0026582927261262247,-0.205,302.336950502691,0.0,0.0,0.800510771928357,1737.0551364202831,0.0,0.0,-1.0,32.36086177562829
-0.0031010222664396236,0.0049542550792180794,-0.205,302.2500197375834,0.0,0.0,0.7385019613688557,1734.9718749582053,0.0,0.0,-1.0,34.63087808321989
0.0020254926053090115,0.005259258731754599,-0.205,302.2177663868739,0.0,0.0,0.7559760005300913,1733.6356105006605,0.0,0.0,-1.0,34.703562302565444
-0.004719869052811761,0.0021068828919509294,-0.205,302.48711243960014,0.0,0.0,0.7929623604474971,1736.9174893128475,0.0,0.0,-1.0,31.825823141203458
0.0057344688808558105,-0.0011063459425136265,-0.205,302.21762431323816,0.0,0.0,0.7388862923379176,1737.0842110250333,0.0,0.0,-1.0,33.585634533492495
-0.003262252876630959,-0.0048262078960764265,-0.205,302.2562958179264,0.0,0.0,0.7401486888743228,1737.1482516732297,0.0,0.0,-1.0,34.25031763830373
0.0014181164609479908,0.00046111555361189277,-0.205,302.93744113880814,0.0,0.0,0.9804865697869818,1735.937336819955,0.0,0.0,-1.0,26.205433423844323
-0.001804599218576535,0.0010362868161777705,-0.205,302.9125832310609,0.0,0.0,0.9632444640391233,1734.9691152914231,0.0,0.0,-1.0,28.415068000991845
0.005196070761935682,-0.00015702914798673053,-0.205,302.3997964482746,0.0,0.0,0.7906977759627313,1734.282595972167,0.0,0.0,-1.0,34.04134858661278
0.0036165669573217083,0.003586323329658675,-0.205,302.41573121850394,0.0,0.0,0.7986710177710705,1735.1138490288108,0.0,0.0,-1.0,33.07368869509213
0.0010976767985898493,0.001357766061189235,-0.205,302.8695123123798,0.0,0.0,0.9736678649929216,1736.66613969681,0.0,0.0,-1.0,27.95644604008628
-0.005685839547870493,-0.002936358078910483,-0.205,302.1598137704574,0.0,0.0,0.6893541288848812,1734.0858310969143,0.0,0.0,-1.0,35.07989988003084
-0.004541931345267187,-0.0027698539060592273,-0.205,302.26691233844934,0.0,0.0,0.7813096293589384,1732.8791216805632,0.0,0.0,-1.0,33.59410281883145
0.0001926755191304636,0.00614809031309904,-0.205,302.0796598864307,0.0,0.0,0.7118450626631094,1735.6913936815781,0.0,0.0,-1.0,35.50746551392706
-0.0029257145626154736,-0.001884226669133393,-0.205,302.5728854811364,0.0,0.0,0.9023650106227564,1736.5587407175606,0.0,0.0,-1.0,30.981760573692075
0.002165741033392372,0.003984427328704007,-0.205,302.4261269665597,0.0,0.0,0.8385236761861128,1741.9174840784563,0.0,0.0,-1.0,31.748980952155087
-0.0024873564115908903,0.005912818328624491,-0.205,302.24030014342014,0.0,0.0,0.6879317898914089,1738.7202511581243,0.0,0.0,-1.0,37.09926901041576
-0.0021490659659115148,0.004172465686341477,-0.205,302.4573053080873,0.0,0.0,0.8276385807048491,1735.9977483049465,0.0,0.0,-1.0,34.00159508612331
-8.928516732301785e-05,-0.0032084076858178013,-0.205,302.7444224848346,0.0,0.0,0.91626941403429,1737.6324856781057,0.0,0.0,-1.0,32.04770050101999
-0.003077315831058999,0.004132995691531292,-0.205,302.4479307234331,0.0,0.0,0.7941742936457146,1738.1374755810716,0.0,0.0,-1.0,33.53600900595966
0.0010211710774598495,-0.003325593929610445,-0.205,302.72284731288613,0.0,0.0,0.9024243737560796,1735.9303042452293,0.0,0.0,-1.0,31.833028746786333
-0.003746444187338906,0.00048383986783403105,-0.205,302.6075307563271,0.0,0.0,0.8858920805436108,1733.7081286522484,0.0,0.0,-1.0,31.29447513174116
0.001599655693976309,0.0004028109661750268,-0.205,302.9706817339946,0.0,0.0,0.9763609391194975,1737.2944559475566,0.0,0.0,-1.0,28.722490296242025
-0.0005028801587009659,0.0030764611425829315,-0.205,302.6207516281878,0.0,0.0,0.9207879065527332,1737.5918257376877,0.0,0.0,-1.0,30.32159191597014
0.0017887373434403943,0.0021850251598945626,-0.205,302.86807756527566,0.0,0.0,0.9343548437640141,1733.5605619515923,0.0,0.0,-1.0,30.130805810003466
-0.0014903294274189243,0.0013320742831091836,-0.205,302.92279343377686,0.0,0.0,0.9659507491674085,1733.0342025356586,0.0,0.0,-1.0,29.960877100619086
0.003381096559083409,0.0031512231936832932,-0.205,302.56532056049105,0.0,0.0,0.8325925302969168,1734.953499744305,0.0,0.0,-1.0,33.26207902864821
-0.0037322393947380327,0.005163015383549978,-0.205,302.1663065337711,0.0,0.0,0.6919824353645545,1738.5233004596041,0.0,0.0,-1.0,33.956564892092146
-0.002955907006566366,-0.0002014426721114424,-0.205,302.72178298813384,0.0,0.0,0.9280818062744163,1740.9801629195485,0.0,0.0,-1.0,30.14416301676159
-0.0038940993171470654,0.000357767153134637,-0.205,302.6016749154146,0.0,0.0,0.8781414910619565,1732.2308722526855,0.0,0.0,-1.0,30.06827615718458
-0.0008365488742161219,-0.006192037141196485,-0.205,302.29248086234526,0.0,0.0,0.7031336687704853,1738.9747069336302,0.0,0.0,-1.0,34.746667099322345
0.0007369584462588335,0.005733004883600659,-0.205,302.2007178736382,0.0,0.0,0.7439629330373406,1738.0561058067362,0.0,0.0,-1.0,31.979995737903064
0.0021984147181160173,0.0008887408095089865,-0.205,302.81856052496767,0.0,0.0,0.9528940219505692,1737.080121771012,0.0,0.0,-1.0,28.097764062178285
0.0029159475133671564,0.004055848894719502,-0.205,302.4499399189986,0.0,0.0,0.8059669949083065,1736.4043027623486,0.0,0.0,-1.0,32.6032953388767
-0.0016327804908274504,-0.0059246043176097276,-0.205,302.297571663519,0.0,0.0,0.7123459689266539,1734.2630787485875,0.0,0.0,-1.0,34.977800791678796
-0.005213861432350758,-0.001818517845370606,-0.205,302.2748212205743,0.0,0.0,0.7652624691794858,1733.7171860078865,0.0,0.0,-1.0,32.18294899478696
-0.0016207093649037911,-0.005113332359953188,-0.205,302.37744514064036,0.0,0.0,0.7778488441220972,1735.0610067766556,0.0,0.0,-1.0,33.098406720769994
-0.002090455646425098,-0.002946651745880692,-0.205,302.6083967750964,0.0,0.0,0.8951588254961337,1736.7472059109396,0.0,0.0,-1.0,29.978333790024024
0.0025841296630693274,0.0028232376441234964,-0.205,302.6971079434354,0.0,0.0,0.883019036306045,1734.6982571616013,0.0,0.0,-1.0,31.321302235248304
-0.00337667054907987,0.0054432617086349,-0.205,302.17533468848393,0.0,0.0,0.6887774063967552,1735.2039869699638,0.0,0.0,-1.0,33.969891080394106
-0.0011742809363099649,0.0022563549990924914,-0.205,302.7758524289341,0.0,0.0,0.946175703695084,1737.7700080838615,0.0,0.0,-1.0,28.386563176908442
-0.006024615321046468,0.0009641944172307553,-0.205,302.2328090366304,0.0,0.0,0.7162637047231101,1738.273426176994,0.0,0.0,-1.0,36.52571531405414
0.001478080520550054,-0.002570810158890788,-0.205,302.76910131844494,0.0,0.0,0.9279586668644194,1735.3315096429512,0.0,0.0,-1.0,30.07456564347167
0.0016905973586425638,0.003693137335599411,-0.205,302.5853520195024,0.0,0.0,0.8690338984639208,1735.7041621297105,0.0,0.0,-1.0,30.565590201411553
0.005769868896870526,0.0018029646363612651,-0.205,302.2940057369491,0.0,0.0,0.7212158540260986,1735.245883440549,0.0,0.0,-1.0,33.54939618497011
-0.0004972996900678391,-0.004234618872462572,-0.205,302.6097733881961,0.0,0.0,0.8563806391416586,1738.4254679396881,0.0,0.0,-1.0,30.616745296493548
0.006333568052976716,0.001018472019716378,-0.205,302.1539439741329,0.0,0.0,0.6879101249412264,1737.3251460176843,0.0,0.0,-1.0,36.406849523265144
0.003963278837560948,-0.0007093976410003722,-0.205,302.51729747352334,0.0,0.0,0.8711959731157216,1735.686429983304,0.0,0.0,-1.0,30.239461444091265
-0.0013335338255083841,0.004212392531500567,-0.205,302.48693720896284,0.0,0.0,0.8463174356908901,1738.4751764633738,0.0,0.0,-1.0,31.40598747160309
0.0033207139268392315,0.003790362374390151,-0.205,302.45998915457085,0.0,0.0,0.8027082323993661,1737.3431233091394,0.0,0.0,-1.0,34.13450893895229
0.004779121042526104,0.002214770273225288,-0.205,302.4839781455617,0.0,0.0,0.7853933643194837,1735.424990565631,0.0,0.0,-1.0,33.39186370824825
-0.005392722766552169,0.0011656263791073606,-0.205,302.37163019653866,0.0,0.0,0.7656370456792312,1734.2206062145488,0.0,0.0,-1.0,33.64374253638379
0.0031911640761953532,-0.0042153019680138334,-0.205,302.3562084484687,0.0,0.0,0.7838718903573146,1737.5849557776878,0.0,0.0,-1.0,33.47834397597207
-7.865119158466393e-05,0.003249484137498275,-0.205,302.6234567909449,0.0,0.0,0.9142362746010202,1734.629083543326,0.0,0.0,-1.0,29.33415950581523
-0.001747209995149589,0.00417018959731589,-0.205,302.50020271047254,0.0,0.0,0.8394403105279977,1735.5297121444157,0.0,0.0,-1.0,33.40431416506235
0.002670454911251922,0.0015197848569557856,-0.205,302.8022897179404,0.0,0.0,0.9229300645177878,1736.1320807828467,0.0,0.0,-1.0,28.433924418168978
-0.0014897743168521247,0.003501882138581347,-0.205,302.5692022193299,0.0,0.0,0.8842771871168594,1731.8763506207692,0.0,0.0,-1.0,31.024115121173438
-0.0020914335893693053,0.0023961622313925274,-0.205,302.7676466161317,0.0,0.0,0.9177075009570446,1738.134278808772,0.0,0.0,-1.0,30.07845390774921
-0.0025914229530557826,0.005906736246736323,-0.205,302.1425749947206,0.0,0.0,0.6846426842555565,1739.3912751036582,0.0,0.0,-1.0,34.9088575823571
0.004138660326416851,0.003859401317225795,-0.205,302.39907951302416,0.0,0.0,0.754070968035894,1736.7297908567973,0.0,0.0,-1.0,34.149982558439476
-0.0033832108796221488,0.0029571452591388176,-0.205,302.5104281477618,0.0,0.0,0.8413241109042359,1735.0391499090813,0.0,0.0,-1.0,32.979702819465345
-0.0018236070245773155,-0.0047138599018662205,-0.205,302.452771030354,0.0,0.0,0.8015863027310769,1735.8650988586837,0.0,0.0,-1.0,32.79944394830998
0.0011563124640728898,-0.004111808410932324,-0.205,302.63733074227156,0.0,0.0,0.8558949269419478,1736.5259751976814,0.0,0.0,-1.0,31.933955882607503
-0.005691434426677393,-0.0026869903223900194,-0.205,302.0575213296821,0.0,0.0,0.6990089352670155,1736.888129376585,0.0,0.0,-1.0,34.9485437435874
0.003239588228996106,0.0013383411594568833,-0.205,302.6639427457851,0.0,0.0,0.9010176926617912,1738.7465573284012,0.0,0.0,-1.0,29.679820468684433
0.004755957477359996,0.0023786871729927156,-0.205,302.40069771592215,0.0,0.0,0.781485423681489,1732.0724011279506,0.0,0.0,-1.0,32.482087428121744
0.004947620433998714,0.0008208752643183727,-0.205,302.43649426719657,0.0,0.0,0.8044889259459174,1734.2669005777343,0.0,0.0,-1.0,32.913175432473096
0.0012480362626208815,-0.004853545947461182,-0.205,302.4630683534719,0.0,0.0,0.8047716176335747,1732.49322931148,0.0,0.0,-1.0,31.65886514622918
-0.0032597907242220823,0.001080319810777932,-0.205,302.77771926586036,0.0,0.0,0.9047929507300878,1739.1125258055722,0.0,0.0,-1.0,31.3646474648004
0.005238663480015878,-0.0029190168243538534,-0.205,302.21145560500963,0.0,0.0,0.7254053273633337,1736.5864117944773,0.0,0.0,-1.0,33.119526210964736
-0.0030845152001196217,-0.002653321398649071,-0.205,302.6251776370865,0.0,0.0,0.8686043194006143,1735.9966248304165,0.0,0.0,-1.0,31.57757196862832
-0.0026221718388449635,0.004742741223737532,-0.205,302.3593916548322,0.0,0.0,0.7734757856739192,1737.5112133245448,0.0,0.0,-1.0,32.77409220756663
-0.005974427106027351,0.0005620558828641496,-0.205,302.3104400612193,0.0,0.0,0.7250758005758681,1737.882609792803,0.0,0.0,-1.0,34.63557737602748
0.0014821230188712723,0.005358194194449,-0.205,302.32341591975717,0.0,0.0,0.7622241599048494,1735.6787351895002,0.0,0.0,-1.0,33.548279056054334
0.005921012533493211,-0.0016328698839795737,-0.205,302.12046507724625,0.0,0.0,0.7126517232462564,1733.8596118955159,0.0,0.0,-1.0,34.912767193100805
0.004646912398638163,0.00396344905861565,-0.205,302.3116927817215,0.0,0.0,0.7157057261681214,1735.4975744925007,0.0,0.0,-1.0,35.50522284396401
-0.0025603437628936234,0.005109426204696587,-0.205,302.26041216663305,0.0,0.0,0.749417846476233,1736.1430582599437,0.0,0.0,-1.0,34.530384615151064
-0.0002607747343437252,-0.006383001212884847,-0.205,302.2981639297186,0.0,0.0,0.6903650163936179,1734.2356870640203,0.0,0.0,-1.0,34.62636941457069
0.004974984024733739,0.00031787704950312414,-0.205,302.45572539181853,0.0,0.0,0.8067142777167146,1735.1940755516002,0.0,0.0,-1.0,32.28650391405669
-0.003703091210567967,0.004099753790848967,-0.205,302.375262653653,0.0,0.0,0.7650466694810485,1736.1330458333232,0.0,0.0,-1.0,33.6681856337224
-0.00483608415767301,0.0026855912349097242,-0.205,302.4254675086631,0.0,0.0,0.7644671742245771,1735.6203365764186,0.0,0.0,-1.0,32.61776113269978
-0.005405257416074253,0.0006727131928369051,-0.205,302.3438299744889,0.0,0.0,0.7712783677256311,1733.4522354718356,0.0,0.0,-1.0,34.5445433425147
-0.0010797207519615075,-0.00509208522764119,-0.205,302.51926277293165,0.0,0.0,0.7901730535268955,1738.6540028098138,0.0,0.0,-1.0,31.611768122507733
0.0030012777355446657,0.0017567765585068402,-0.205,302.72154288906404,0.0,0.0,0.9024889698999397,1731.5190573971358,0.0,0.0,-1.0,31.153901936471037
-0.0008684046241098646,0.006414198915777725,-0.205,302.08625548924414,0.0,0.0,0.6825471243773511,1736.3682565567094,0.0,0.0,-1.0,35.594226814676176
0.005497731987254383,-0.0015692348820426714,-0.205,302.22861393762713,0.0,0.0,0.7492286503637018,1735.828896659819,0.0,0.0,-1.0,32.86508278910078
0.001452424250553186,0.0008099440721236574,-0.205,303.0096923484025,0.0,0.0,0.9759947416769765,1735.785419928103,0.0,0.0,-1.0,27.906653679647288
-0.0032128211563458528,0.000697317676346373,-0.205,302.67495619526187,0.0,0.0,0.9123623593915858,1735.6777670528872,0.0,0.0,-1.0,28.55651417245153
-0.005297203944273198,-0.0009657956460724392,-0.205,302.3234629314164,0.0,0.0,0.7762335558483227,1737.6145867960788,0.0,0.0,-1.0,34.38724610712437
0.0028519446777202305,0.00555542628506766,-0.205,302.18414102854393,0.0,0.0,0.7034572172383788,1736.8004569675852,0.0,0.0,-1.0,34.460690472154106
0.0028410858411501453,-0.003959750872047385,-0.205,302.4102747308909,0.0,0.0,0.8148518915464478,1738.9074591942965,0.0,0.0,-1.0,32.15627833172437
0.003785772002204483,0.001558968586066312,-0.205,302.69360870966744,0.0,0.0,0.8670356276255299,1737.383741668531,0.0,0.0,-1.0,32.83093341445457
0.0012723462366396046,-0.004135611648943605,-0.205,302.599911758819,0.0,0.0,0.8523095187923877,1736.1294804482723,0.0,0.0,-1.0,31.3625526871994
-0.005032991534306958,0.002740158592370139,-0.205,302.4205634197393,0.0,0.0,0.7481215747112909,1733.6162945706456,0.0,0.0,-1.0,33.02070911060386
-0.003466737443130332,0.0018173297523529158,-0.205,302.7282978039381,0.0,0.0,0.8779223470953524,1738.9994212996364,0.0,0.0,-1.0,30.472969640717707
-0.002403927158919916,-0.0059757513400377086,-0.205,302.1791324599243,0.0,0.0,0.6854818969046029,1734.8516888588285,0.0,0.0,-1.0,34.41100267319676
0.004563081420805868,-0.0044391631001247985,-0.205,302.1330712964219,0.0,0.0,0.692403914756053,1737.4680025874657,0.0,0.0,-1.0,34.9844775399237
-0.002514779695755086,-0.0028506314876727144,-0.205,302.48308130802036,0.0,0.0,0.8845230657593665,1734.039449953463,0.0,0.0,-1.0,30.98238893251523
0.0034168739831242573,0.0030190143661149114,-0.205,302.484833379729,0.0,0.0,0.8368579339911835,1736.4761309201247,0.0,0.0,-1.0,32.13567946013323
-0.002617800741170961,0.0037078866105146944,-0.205,302.5379877805481,0.0,0.0,0.8382610673968232,1736.8222229145074,0.0,0.0,-1.0,31.406340873718808
-0.0006603390636398898,0.0033553579124942882,-0.205,302.594593624764,0.0,0.0,0.9055512373216829,1738.4163292762883,0.0,0.0,-1.0,31.24716790180055
0.00430871705376826,0.0009422706238839088,-0.205,302.60800408563085,0.0,0.0,0.8468383314776481,1736.886450155259,0.0,0.0,-1.0,30.744711988973968
-0.0028352839895700644,-0.004911000645872256,-0.205,302.31517863602477,0.0,0.0,0.7530987408569704,1732.0249604631686,0.0,0.0,-1.0,34.74439551444275
-0.002594421844973383,0.005440833514975028,-0.205,302.259462685266,0.0,0.0,0.7227262999898644,1741.9000378192572,0.0,0.0,-1.0,33.58902502791765
0.004621017362014971,-0.003423579298059952,-0.205,302.191420590265,0.0,0.0,0.7464079250900386,1738.1178930634271,0.0,0.0,-1.0,33.318191449062326
-0.0016724987031391232,0.0021349920589699848,-0.205,302.7809358626978,0.0,0.0,0.9392014819567565,1734.9535766889517,0.0,0.0,-1.0,29.46777078824179
0.0038929902656539665,0.005190246369232291,-0.205,302.1970993929369,0.0,0.0,0.6811223451995159,1737.248770465556,0.0,0.0,-1.0,33.39819250992893
-0.0038215947333249,-0.00023865040191019558,-0.205,302.5556555078538,0.0,0.0,0.8829193244049517,1736.2802793564927,0.0,0.0,-1.0,31.304870895609657
0.0005250264135591256,-0.002192245131002798,-0.205,302.829320927628,0.0,0.0,0.9572127515347802,1733.4511892467783,0.0,0.0,-1.0,27.596392985546828
0.004181924945846109,0.0017622641955089833,-0.205,302.57547685045466,0.0,0.0,0.8383150103962782,1735.0252559635865,0.0,0.0,-1.0,31.249238957267814
0.00021596433726094044,0.004695307288213013,-0.205,302.41957571366737,0.0,0.0,0.827158440585236,1737.9092032328058,0.0,0.0,-1.0,32.50398503564482
0.001934438923792231,-0.0007901644485583456,-0.205,302.7820144806036,0.0,0.0,0.9629546887861304,1733.6267967484926,0.0,0.0,-1.0,27.43098114739598
0.0011541422944163788,0.003481427624047941,-0.205,302.58289560181623,0.0,0.0,0.8921118229605481,1737.6557495819886,0.0,0.0,-1.0,32.28718528620439
-0.0020732446839276863,0.004697317893892845,-0.205,302.3911279037421,0.0,0.0,0.7955618873800918,1736.0729775518364,0.0,0.0,-1.0,33.1394163450838
0.00128040876282345,-0.003135252335135002,-0.205,302.67899153489617,0.0,0.0,0.9072800890304895,1737.7257014361292,0.0,0.0,-1.0,32.011688165174995
0.00461310312841839,0.0009690994016089807,-0.205,302.4529935900076,0.0,0.0,0.8262122680947752,1736.3767091657,0.0,0.0,-1.0,30.619802408999757
0.004555233152515493,0.0025264595469712326,-0.205,302.5173879898848,0.0,0.0,0.7898933691303359,1737.55046339031,0.0,0.0,-1.0,33.36782863755645
0.0038979073759933406,-0.0050033702649959055,-0.205,302.12240193885424,0.0,0.0,0.6945708914680976,1737.4315018854059,0.0,0.0,-1.0,35.713449136297356
-0.002234335350281809,0.004176690125995904,-0.205,302.4264058221967,0.0,0.0,0.8245994079970707,1733.7224107050977,0.0,0.0,-1.0,32.00939609165772
-0.0001776197350711636,0.0023978167670981447,-0.205,302.7337940674579,0.0,0.0,0.9516359452465057,1736.6948475222812,0.0,0.0,-1.0,27.870930450892512
0.0033509511607622377,0.0008847921239793866,-0.205,302.6352763620443,0.0,0.0,0.9031187104016052,1738.618778219999,0.0,0.0,-1.0,30.889022861188916
0.0011417052917358588,0.004236670113282137,-0.205,302.48624665881516,0.0,0.0,0.8483350626979539,1737.367922226536,0.0,0.0,-1.0,32.76695179802839
0.0020538581024966036,0.004441989988189109,-0.205,302.4342552021385,0.0,0.0,0.8133843368654916,1738.3613014378002,0.0,0.0,-1.0,31.3414764915929
-0.002397892940811087,-0.005959487168853842,-0.205,302.1838836120272,0.0,0.0,0.6870887800852722,1735.4896926317408,0.0,0.0,-1.0,34.85526125508894
-0.00273392091650689,0.005439232713703517,-0.205,302.2339272420294,0.0,0.0,0.7174664504743189,1736.2621832588607,0.0,0.0,-1.0,33.138030779290396
-0.0037780492711646596,-0.003969617710802087,-0.205,302.3112460131302,0.0,0.0,0.768626794442303,1738.3633194372972,0.0,0.0,-1.0,32.91607722793682
0.001752199531359139,0.004858567385637152,-0.205,302.3307243776136,0.0,0.0,0.793258614826874,1735.2228578582321,0.0,0.0,-1.0,32.67947522324571
-0.0010838741190723493,-0.004817781338022382,-0.205,302.476469001222,0.0,0.0,0.8101569248719794,1735.5331483752054,0.0,0.0,-1.0,31.612406841714797
0.0012346877727826757,0.004953977868088907,-0.205,302.36404576457977,0.0,0.0,0.7977489329141327,1736.029142579697,0.0,0.0,-1.0,32.78124132836282
0.0026026897190609146,0.004941200805262035,-0.205,302.345949312936,0.0,0.0,0.7601597586100204,1739.6389877881272,0.0,0.0,-1.0,33.825363394572
0.0050316220155361795,-0.0027097533984314654,-0.205,302.19392042945566,0.0,0.0,0.7494296008815224,1736.782129832785,0.0,0.0,-1.0,33.38017225912497
-3.706063671963468e-05,0.0030962235290501877,-0.205,302.62721640560375,0.0,0.0,0.9217912958295361,1736.3671904602227,0.0,0.0,-1.0,30.785594833753574
0.0025839742193277293,-0.001110161339901892,-0.205,302.72183073389675,0.0,0.0,0.9348596675885698,1738.0870892677995,0.0,0.0,-1.0,29.492483457879576
0.0018874850809071728,-0.002374394616173962,-0.205,302.6757146754155,0.0,0.0,0.924798116164414,1732.094302738516,0.0,0.0,-1.0,28.85701480587521
0.006099140134240629,0.001455212960606177,-0.205,302.2537503357336,0.0,0.0,0.701140144217271,1737.6013028441678,0.0,0.0,-1.0,36.3159371397141
-0.004016111885017027,-0.00020125580046557117,-0.205,302.646328039537,0.0,0.0,0.8715067222016484,1735.0338901496891,0.0,0.0,-1.0,32.44724848664503
0.0022271286426068498,-0.005820927995013501,-0.205,302.19984229232676,0.0,0.0,0.7045629461116918,1737.1675879931336,0.0,0.0,-1.0,35.65844833209625
-0.0020713398726879334,0.002023447890484369,-0.205,302.80063187435513,0.0,0.0,0.9311455215948929,1736.6501807324164,0.0,0.0,-1.0,29.82576563327032
-0.003230002633818976,0.004305885445105744,-0.205,302.47406222132594,0.0,0.0,0.7763770046044588,1735.772435113086,0.0,0.0,-1.0,33.58244701682006
-0.0022002856451247424,-0.0008386691297804505,-0.205,302.77940571896426,0.0,0.0,0.9535171220668007,1737.9717146163207,0.0,0.0,-1.0,28.56597353227886
-0.0033381481940064498,-0.001456769712810653,-0.205,302.5231611958544,0.0,0.0,0.8935368561719045,1738.35563541853,0.0,0.0,-1.0,30.033618179702643
-0.0021790793461063467,2.7979505479866966e-05,-0.205,302.87295464531735,0.0,0.0,0.9598762606784634,1734.259571015494,0.0,0.0,-1.0,29.386288529689217
0.002385404843996693,0.002893413764734394,-0.205,302.59741080189815,0.0,0.0,0.8874723305140325,1738.0601085788421,0.0,0.0,-1.0,29.1219710288383
0.0010880803320742504,-0.0027650793747391943,-0.205,302.7780187385472,0.0,0.0,0.9276801073048472,1735.0443756451757,0.0,0.0,-1.0,29.374543772641456
-0.0005044827034612966,-0.0037406807562492205,-0.205,302.71059877564346,0.0,0.0,0.886064907310389,1738.1290958883953,0.0,0.0,-1.0,29.566400672090687
0.002911676490145309,-0.002623756818987631,-0.205,302.5138446074945,0.0,0.0,0.8776119840193487,1742.986267175576,0.0,0.0,-1.0,31.919844068630745
0.00027007061554884987,0.0002532718922265777,-0.205,302.9855286170433,0.0,0.0,0.9986172158127629,1733.8385896208704,0.0,0.0,-1.0,24.712127275937156
0.003541603749592215,-0.0030382045249817764,-0.205,302.41032880993316,0.0,0.0,0.8295295294419407,1736.9007147761583,0.0,0.0,-1.0,32.47327880086283
-0.0008125992244974527,0.005008120604753651,-0.205,302.41071185869185,0.0,0.0,0.8001435389479663,1735.188496338886,0.0,0.0,-1.0,31.708139210494316
0.0012427971805643175,0.001537202927836458,-0.205,302.84053359594776,0.0,0.0,0.9666632993067088,1733.427703703337,0.0,0.0,-1.0,28.22161014312005
0.0023960409361526887,0.0057615059222733064,-0.205,302.13747751348535,0.0,0.0,0.7038934790893783,1736.1365768185544,0.0,0.0,-1.0,35.854827760565875
0.005438785316865876,0.0024267932068255723,-0.205,302.311151571786,0.0,0.0,0.7289937117654861,1737.6949768307193,0.0,0.0,-1.0,33.86019406173303
-0.004630085740369655,-0.00095839331124491,-0.205,302.4384886889932,0.0,0.0,0.8251994062266713,1735.2650795044015,0.0,0.0,-1.0,33.10345473221497
0.0035484147844625363,0.003112510525498347,-0.205,302.51050757917227,0.0,0.0,0.8257732079958063,1735.3366385754325,0.0,0.0,-1.0,31.325629900367176
0.0019966102175011003,0.00270271591714156,-0.205,302.66281430115043,0.0,0.0,0.9086486477526527,1736.6338382073416,0.0,0.0,-1.0,29.364020032827757
0.005129480204813306,0.0022904868765602393,-0.205,302.2964170993251,0.0,0.0,0.7574690006332812,1735.4510535155691,0.0,0.0,-1.0,34.1845370672976
-0.002964751537046633,-0.0004482882791543364,-0.205,302.6996257491326,0.0,0.0,0.9264268963552655,1734.0545994545214,0.0,0.0,-1.0,28.473034974263282
0.0036270043752731408,0.0005864306651983697,-0.205,302.74353307383,0.0,0.0,0.8917562068146119,1736.5341145659522,0.0,0.0,-1.0,31.305271963967243
0.0051839152442367436,0.0028708409377505724,-0.205,302.3050527909375,0.0,0.0,0.7315711609136826,1736.7456457925468,0.0,0.0,-1.0,34.70222127250779
0.0005934981454087119,-0.004454696776975294,-0.205,302.56238766055935,0.0,0.0,0.8412812609611925,1737.8531467642242,0.0,0.0,-1.0,31.451634558820317
0.0006596361648896701,-0.003401799883886203,-0.205,302.8169350433795,0.0,0.0,0.9031521830965508,1734.8411482587226,0.0,0.0,-1.0,31.86146385990995
-0.00409708904317678,0.003991192268959834,-0.205,302.3597586415076,0.0,0.0,0.7490231336839074,1736.4952771625203,0.0,0.0,-1.0,33.818838991066634
-0.0052113133670053996,0.0036659073691003787,-0.205,302.27593691983486,0.0,0.0,0.6919079946362224,1736.2325702018238,0.0,0.0,-1.0,35.08394522049004
0.0003329986403149022,-0.0045604168292302395,-0.205,302.6473849197997,0.0,0.0,0.8359723037976753,1736.0979982606002,0.0,0.0,-1.0,32.92561111426092
-0.0005121570536158767,0.004821249823671956,-0.205,302.42604402355835,0.0,0.0,0.8166640461332889,1732.4852127720885,0.0,0.0,-1.0,33.49436102785187
0.001995101406779798,0.001999316327155646,-0.205,302.8013673295139,0.0,0.0,0.9343252877770387,1736.9005271454175,0.0,0.0,-1.0,30.917475375291232
0.0008281397473384958,-0.004618111100543492,-0.205,302.5175686329668,0.0,0.0,0.8277514879784136,1736.907612056142,0.0,0.0,-1.0,32.69559442781193
0.00126158478567869,0.0024385467590492147,-0.205,302.8018382581008,0.0,0.0,0.9377680005795839,1736.577121241394,0.0,0.0,-1.0,30.205232834292715
-0.0059496634068968695,0.0015588323634307152,-0.205,302.263172980389,0.0,0.0,0.7119006670870895,1733.3955216460117,0.0,0.0,-1.0,34.6206440868499
0.0056296092695024376,-0.0007149889017007368,-0.205,302.2867568731829,0.0,0.0,0.7527563148837072,1738.0191234983463,0.0,0.0,-1.0,32.5950126913007
-0.002030612684948907,0.003064939391722987,-0.205,302.7298505562427,0.0,0.0,0.8916177243340697,1736.5572549838832,0.0,0.0,-1.0,30.284039063096824
-0.0002193264551488517,-0.003671043480161793,-0.205,302.6852060227265,0.0,0.0,0.8915611830203215,1738.565595810817,0.0,0.0,-1.0,31.045161371835714
0.0044567252546568155,-0.0014064586413731336,-0.205,302.4330393111489,0.0,0.0,0.8290321155450024,1736.9774007120839,0.0,0.0,-1.0,31.70110565854771
0.002567605375651595,-0.004809419082645476,-0.205,302.32124361299697,0.0,0.0,0.7708846814131135,1734.0654035814136,0.0,0.0,-1.0,32.28576452008165
-0.0047586103873006646,-0.003709645978898137,-0.205,302.15660342836475,0.0,0.0,0.7222032419111988,1735.1814900304912,0.0,0.0,-1.0,34.18286482003607
-0.002204604326429814,0.005801843570437898,-0.205,302.2010602598182,0.0,0.0,0.7068874311127974,1737.932954297345,0.0,0.0,-1.0,34.44168040173682
0.003742088861365862,0.00039816445656111,-0.205,302.6709234102984,0.0,0.0,0.8867140410447532,1737.0424214863913,0.0,0.0,-1.0,30.482132605321464
0.0033150500905609385,-0.0046524785279149225,-0.205,302.2659951552908,0.0,0.0,0.7496108692475799,1739.481784386574,0.0,0.0,-1.0,34.50237665347799
0.003691132472383378,0.0026765790450093765,-0.205,302.54375745851104,0.0,0.0,0.8368649509655833,1739.2416979893665,0.0,0.0,-1.0,32.94625240783037
0.0034819836171965605,0.004613046480387625,-0.205,302.31189945901946,0.0,0.0,0.7440069421697881,1740.4311437136428,0.0,0.0,-1.0,34.11471422614932
0.003965317911446682,0.0016283578277549904,-0.205,302.5878717539284,0.0,0.0,0.8549100895379512,1735.3957048504426,0.0,0.0,-1.0,31.736954062917697
-0.001941610420945419,0.0019507943654109355,-0.205,302.93131136130165,0.0,0.0,0.9374751587547165,1734.655752056318,0.0,0.0,-1.0,30.107140932045287
-0.001055766380364135,0.0026098927351565905,-0.205,302.6652180727803,0.0,0.0,0.9347282168214145,1736.414761233868,0.0,0.0,-1.0,29.33742219958095
-0.0034438140317694437,0.0005859750300035621,-0.205,302.7535266686917,0.0,0.0,0.9016520343096832,1735.8257055969614,0.0,0.0,-1.0,29.63335190876722
0.004137111281602213,-0.004273773062920555,-0.205,302.13601566876935,0.0,0.0,0.7296389219828793,1737.6155802652484,0.0,0.0,-1.0,34.83605435960606
-0.0008281275398468886,0.004959460422600559,-0.205,302.3428571929235,0.0,0.0,0.8035345639298305,1738.1062286722424,0.0,0.0,-1.0,34.58599401357046
-0.002139428013302113,0.0005832667851192899,-0.205,302.9037648826109,0.0,0.0,0.9585275813246728,1731.7115307345166,0.0,0.0,-1.0,29.23394751966441
-5.875549520649664e-05,-0.0007133724766947207,-0.205,303.0856840183842,0.0,0.0,0.9951615638270612,1734.1577301580953,0.0,0.0,-1.0,24.793486182984385
-0.0013073311466620706,0.0018159864137231095,-0.205,302.7692214845048,0.0,0.0,0.9578102614276545,1737.4062181102743,0.0,0.0,-1.0,28.99188364426945
0.005449100258427724,-0.00013264394112026649,-0.205,302.3444054135734,0.0,0.0,0.7709785711398451,1736.0477619565845,0.0,0.0,-1.0,32.380144242869235
0.0016929459193564082,0.0017265157001283011,-0.205,302.8532688752451,0.0,0.0,0.9511127553518616,1736.5900403994235,0.0,0.0,-1.0,28.269671463838563
0.0008365444651887708,-0.00035294229913076955,-0.205,302.90134502971523,0.0,0.0,0.9923979078918808,1733.6004990117938,0.0,0.0,-1.0,27.41262871539749
0.005569066869046852,0.0002483303371273327,-0.205,302.2934754201475,0.0,0.0,0.7609874173967799,1736.1625994804638,0.0,0.0,-1.0,33.76255415896437
0.0007272676212393001,-0.005421926123597002,-0.205,302.4248554614085,0.0,0.0,0.7693977125380534,1734.5313299784066,0.0,0.0,-1.0,33.3207992151096
-0.00382379746648701,-0.0005359313867910976,-0.205,302.5575858585438,0.0,0.0,0.8810454685798875,1735.4622006610605,0.0,0.0,-1.0,30.519031700325908
-0.001896183783764899,-0.0028962529043697143,-0.205,302.62719080757654,0.0,0.0,0.903332783596853,1738.2713950153072,0.0,0.0,-1.0,30.920837461743705
0.006068192465023008,-0.0017590940097801334,-0.205,302.10605376868847,0.0,0.0,0.6968075097443914,1737.1021964159468,0.0,0.0,-1.0,34.65804726771499
0.0040303379899993335,0.0008922455361448385,-0.205,302.646151478922,0.0,0.0,0.8649470461933166,1735.8299049673456,0.0,0.0,-1.0,30.200111447055086
-0.004627003296425675,-0.000473513430708965,-0.205,302.45436727993285,0.0,0.0,0.8305729866099986,1737.8015294117192,0.0,0.0,-1.0,31.568845386443257
0.002412960958269071,0.0002975037263393035,-0.205,302.8065304195096,0.0,0.0,0.9506047977411416,1732.5330240317694,0.0,0.0,-1.0,28.159140948186185
0.004307457093751797,-0.004545947747450367,-0.205,302.1448928034238,0.0,0.0,0.7018430093807216,1732.3770769170687,0.0,0.0,-1.0,35.69481745505163
-0.0002629870105230365,-0.0026601055822497817,-0.205,302.9045337092468,0.0,0.0,0.9408526320136232,1731.441362413791,0.0,0.0,-1.0,29.271601068356652
-0.001967534339036477,0.002040155844453022,-0.205,302.7320054611365,0.0,0.0,0.9338895029674664,1740.4134867359285,0.0,0.0,-1.0,30.560417304211008
0.005909252205561772,0.0007939510613352451,-0.205,302.3614669111067,0.0,0.0,0.7284137275550612,1733.0779023199786,0.0,0.0,-1.0,34.9185811110409
0.0031096938571671157,0.004458587117445548,-0.205,302.3190188585458,0.0,0.0,0.772158426324691,1734.412039072653,0.0,0.0,-1.0,32.70780300448461
-0.0030805178453017453,-0.0010459532912785615,-0.205,302.6662338727319,0.0,0.0,0.9140953489337866,1738.1884159509054,0.0,0.0,-1.0,30.149280736419698
-0.001416994603816514,-0.003057512984433491,-0.205,302.68743133921964,0.0,0.0,0.9081481013218118,1732.9034675351218,0.0,0.0,-1.0,29.087627196551786
0.0036501260890768566,-0.0023561009306589035,-0.205,302.46973745640565,0.0,0.0,0.8511670224557779,1733.0425396403286,0.0,0.0,-1.0,31.082697495641565
0.005521549581031026,-0.0027801734055989532,-0.205,302.1304928408181,0.0,0.0,0.7090911037785266,1734.520042007493,0.0,0.0,-1.0,33.81584427881895
0.0035870984701546317,-0.0030258032593764132,-0.205,302.42099369292487,0.0,0.0,0.8276771874426424,1737.238512038401,0.0,0.0,-1.0,30.151343705237984
-0.0007273177548518516,-0.0028071485206740566,-0.205,302.80263795055424,0.0,0.0,0.9309560923447818,1738.1072517390894,0.0,0.0,-1.0,28.72616097394178
0.0033872081699417335,-0.0017472499603732134,-0.205,302.4652830201665,0.0,0.0,0.8839473428766621,1738.2989223109253,0.0,0.0,-1.0,30.839289828038158
-0.004284807090028201,-0.00423590494490704,-0.205,302.15078227755936,0.0,0.0,0.7229527256021534,1737.2560286811627,0.0,0.0,-1.0,34.65484880025245
-0.0028493009605844765,0.0019381608101174523,-0.205,302.7369905231503,0.0,0.0,0.9041668071846609,1735.9245270915897,0.0,0.0,-1.0,31.7598701639407
0.001183871700646639,0.006263377207675823,-0.205,302.1421001028384,0.0,0.0,0.6916572313514315,1733.5672810609212,0.0,0.0,-1.0,35.0068037858274
0.0008782680392564994,0.0059805142819857335,-0.205,302.19355104842026,0.0,0.0,0.7212460242963784,1736.5696581078578,0.0,0.0,-1.0,33.296268020537454
-0.002325205148009228,-0.0029123813873423924,-0.205,302.5653197464132,0.0,0.0,0.8887913692756997,1737.537545986863,0.0,0.0,-1.0,28.139082347865845
-0.005532728591566418,-0.001402502007771329,-0.205,302.23716849718915,0.0,0.0,0.7500264636793249,1738.3048240725664,0.0,0.0,-1.0,36.428636952091125
-0.004578592949191648,0.0019021988013912558,-0.205,302.54432159544035,0.0,0.0,0.8087071074998269,1735.3532806555868,0.0,0.0,-1.0,31.227646968055364
-0.0017177445218090584,0.003011882231238325,-0.205,302.70812003683835,0.0,0.0,0.9030394072785128,1737.7896174433106,0.0,0.0,-1.0,30.72718872959784
0.0010129672331393026,-0.005586362193596869,-0.205,302.38549199491024,0.0,0.0,0.7525387111125053,1734.6112230270019,0.0,0.0,-1.0,34.71001962749884
-0.003547294938416112,0.0049937400590377495,-0.205,302.24651177538317,0.0,0.0,0.7141274610697625,1734.676942695905,0.0,0.0,-1.0,35.34273097726781
0.0031233164635031357,-0.005368385764868827,-0.205,302.185163854422,0.0,0.0,0.7065043122348059,1738.850557468788,0.0,0.0,-1.0,33.5957058211698
-0.003071035208910233,-0.0022312518913767524,-0.205,302.53179677448304,0.0,0.0,0.8848303617150546,1737.9790803585763,0.0,0.0,-1.0,30.562089851134036
-3.856232721935288e-05,0.005592448999829404,-0.205,302.24941422189147,0.0,0.0,0.7595204899557995,1739.1571321308074,0.0,0.0,-1.0,33.64429626846874
-0.002455797002523485,-0.0011809963247290287,-0.205,302.665763135079,0.0,0.0,0.938649989207825,1737.7132063071108,0.0,0.0,-1.0,28.288033699034546
0.004889330914470112,-0.003829635734075836,-0.205,302.1614612510468,0.0,0.0,0.70652603125327,1733.0140305293821,0.0,0.0,-1.0,33.60372441888433
-0.00511719348596208,0.0034158345372842826,-0.205,302.3512252915155,0.0,0.0,0.7117187657688347,1731.92425057623,0.0,0.0,-1.0,35.87922881816188
-0.0031262240434858854,-0.003295325851472674,-0.205,302.51470705882724,0.0,0.0,0.8380287824934487,1739.132078737393,0.0,0.0,-1.0,33.193003961581965
0.0006195972476276635,0.0029620493603578863,-0.205,302.6353649208795,0.0,0.0,0.9251298227475238,1736.349897104353,0.0,0.0,-1.0,30.462501225676675
-0.00021948050469959676,0.005369313344907227,-0.205,302.2962175194403,0.0,0.0,0.7770799996102096,1739.7518783137127,0.0,0.0,-1.0,32.2934656773784
-0.006097033016491022,-0.0009961042516354894,-0.205,302.1523544298828,0.0,0.0,0.7094587532654512,1737.098414263745,0.0,0.0,-1.0,35.268884199326436
-0.005586567943995471,-0.0017283470171582083,-0.205,302.2609362292901,0.0,0.0,0.7382405910020396,1738.8813230199096,0.0,0.0,-1.0,33.12890582396312
0.0033896904369318664,-0.000246963014028633,-0.205,302.69107997391205,0.0,0.0,0.9066524510178289,1736.2908270530088,0.0,0.0,-1.0,29.196987611840946
-0.0017916586059715486,-0.0016671477540082203,-0.205,302.681198273925,0.0,0.0,0.949981543960597,1736.6211396595588,0.0,0.0,-1.0,29.31707500444042
-0.0017659580344004575,0.0008575823299758876,-0.205,302.9612677568661,0.0,0.0,0.9670969135778746,1734.925948185364,0.0,0.0,-1.0,28.433554848879314
0.00470865006767125,0.001131737423172175,-0.205,302.5049333743437,0.0,0.0,0.817068171553853,1737.5511870620617,0.0,0.0,-1.0,34.48783636101283
0.0010038625624366345,0.00596091266505114,-0.205,302.20088268105184,0.0,0.0,0.7212292529773052,1735.776984322214,0.0,0.0,-1.0,34.091947445998024
0.0041598552639054475,0.0031519843941230138,-0.205,302.40875592394946,0.0,0.0,0.789111798638193,1735.5173664087192,0.0,0.0,-1.0,31.449149481944602
-0.00281199033888712,0.0020416563097634993,-0.205,302.7047749001259,0.0,0.0,0.9026290074398753,1736.1742827633338,0.0,0.0,-1.0,30.452114377532098
0.0012117128019955698,0.000850619620113923,-0.205,302.98411501139003,0.0,0.0,0.9807524352962198,1736.652146411597,0.0,0.0,-1.0,27.926562202156802
0.0053641945223928305,-0.0013859415619965837,-0.205,302.26735426963285,0.0,0.0,0.763770320907164,1736.411668726182,0.0,0.0,-1.0,33.36675281369042
-0.0049690491336081815,0.002933573879494037,-0.205,302.39387269123034,0.0,0.0,0.7447867425737016,1737.5381025984195,0.0,0.0,-1.0,33.59240207464288
0.0019903357319076965,-0.0025768390333172388,-0.205,302.68703862883694,0.0,0.0,0.9139571191180165,1738.9165202776671,0.0,0.0,-1.0,30.5405450640292
-0.004740669772469042,0.0030402790852023373,-0.205,302.3912593726046,0.0,0.0,0.7563057352902606,1734.9721290124353,0.0,0.0,-1.0,32.71284625302686
-0.001777363198769534,0.0015973745953548823,-0.205,302.85183347146125,0.0,0.0,0.952196015189926,1738.3666189375417,0.0,0.0,-1.0,28.931896236903746
0.0034194310576081007,0.0036650600593443267,-0.205,302.45995440871064,0.0,0.0,0.8046928130618233,1737.6642208546573,0.0,0.0,-1.0,32.01582192959789
-0.0045311612841846234,0.002929564178998123,-0.205,302.4429021606123,0.0,0.0,0.7753491278482538,1736.8294454263435,0.0,0.0,-1.0,34.243397805043244
-0.0018402799550525828,0.003768351448084243,-0.205,302.63951158550947,0.0,0.0,0.8608288579139127,1736.8397596689667,0.0,0.0,-1.0,32.551944410408524
-0.004408582576675028,0.0012053297682932623,-0.205,302.5570026071276,0.0,0.0,0.8361203921710686,1740.1029409654122,0.0,0.0,-1.0,30.446070513607886
-0.004436960550214402,0.000906202937749477,-0.205,302.5701228889576,0.0,0.0,0.8389583628796358,1737.7547766391585,0.0,0.0,-1.0,33.20312006657335
0.0029488857883524047,0.00546776847904978,-0.205,302.2713098541457,0.0,0.0,0.7063760291140937,1733.7357651739144,0.0,0.0,-1.0,32.68100097788686
-0.004821124439971607,-0.0014888765095824995,-0.205,302.39360288080906,0.0,0.0,0.8022210873617026,1732.7544495779541,0.0,0.0,-1.0,33.51171979518363
-0.003018293556768284,0.0006189843590585232,-0.205,302.7123447985489,0.0,0.0,0.9225255975588542,1737.4978988949324,0.0,0.0,-1.0,31.19955288970622
0.0028251357653312405,0.0027855706883015757,-0.205,302.7118985816652,0.0,0.0,0.8747464739472892,1733.119242316185,0.0,0.0,-1.0,33.137870316664944
8.931381847593253e-05,0.00041768773769386246,-0.205,302.92196683947884,0.0,0.0,0.9981858271174378,1736.0984333651354,0.0,0.0,-1.0,26.632076179506456
-1.3663797774230662e-05,-0.005179051465334014,-0.205,302.4470893374971,0.0,0.0,0.7921773380841906,1734.4494723175185,0.0,0.0,-1.0,32.30905702814292
-0.004085844918153254,-0.004951985872372267,-0.205,302.17245494468403,0.0,0.0,0.6874423875943579,1739.4104559283157,0.0,0.0,-1.0,34.506494875526904
0.005882857459003578,-0.002682312850165109,-0.205,302.0623541756592,0.0,0.0,0.6832184761346378,1738.4010039927648,0.0,0.0,-1.0,32.495842565635435
0.003512461862869889,0.0026867206040237335,-0.205,302.6773922530416,0.0,0.0,0.8460684690953914,1734.2788692361457,0.0,0.0,-1.0,31.68216547486073
0.003148446657658736,0.0013057719180987553,-0.205,302.7725255450855,0.0,0.0,0.9061399540347542,1736.530608815177,0.0,0.0,-1.0,31.152236201104486
-0.00018723748325523323,9.462717459870369e-05,-0.205,303.0616065178808,0.0,0.0,0.9995300963570749,1733.277965280341,0.0,0.0,-1.0,27.389561251681783
-0.002369636436608739,-0.004756994287152748,-0.205,302.38134170405493,0.0,0.0,0.7817285173699586,1734.8750797443508,0.0,0.0,-1.0,35.00253218745717
-0.00558647970899477,-0.0010737625864167594,-0.205,302.2510357590797,0.0,0.0,0.7516039773050049,1734.8889144105299,0.0,0.0,-1.0,34.32470376463713
0.000900376130426767,-0.00026363209703943305,-0.205,302.89140680818633,0.0,0.0,0.9919098405594121,1740.0443333272092,0.0,0.0,-1.0,26.12853734016634
-0.0051685916938787,0.0032347804086192804,-0.205,302.3677084061527,0.0,0.0,0.7166077789287214,1737.1377154221382,0.0,0.0,-1.0,34.44262287146581
0.0019474120450122619,0.0004842185720944923,-0.205,302.90050513646344,0.0,0.0,0.9656967722074484,1737.9256969555133,0.0,0.0,-1.0,28.772286973234223
0.0006508676723718064,0.0058144015130860436,-0.205,302.27290925270955,0.0,0.0,0.7379935839965762,1736.1173551226552,0.0,0.0,-1.0,34.12998653396066
-0.005985682054794544,0.00025812173989644364,-0.205,302.28758475280586,0.0,0.0,0.7259075643916258,1736.606844457178,0.0,0.0,-1.0,31.917428286989733
0.0010618801808515478,0.00624159240157616,-0.205,302.0609467814845,0.0,0.0,0.6955976046540899,1739.1928839557793,0.0,0.0,-1.0,32.57369158815876
0.0018464641201904252,-0.00012944000871007293,-0.205,302.8969911657391,0.0,0.0,0.9705771454441501,1735.2437718574545,0.0,0.0,-1.0,29.069690273963275
0.00021176960474754232,-0.0016639413784720694,-0.205,302.939907679654,0.0,0.0,0.9755990852899334,1739.0900987323814,0.0,0.0,-1.0,28.190181427738928
-0.002866605417948268,-0.003638664975074116,-0.205,302.446436537449,0.0,0.0,0.8318832051999566,1738.7898619482899,0.0,0.0,-1.0,31.529572687275117
-0.0021430046601124573,-0.004829190155423004,-0.205,302.3684013479911,0.0,0.0,0.7841565526937498,1734.014432913478,0.0,0.0,-1.0,33.12708198771452
0.001482140955075834,0.0013352069697609855,-0.205,302.90157571816997,0.0,0.0,0.9660801672565331,1736.7894962863252,0.0,0.0,-1.0,28.784079143829526
0.0057952205149204294,-0.0005675606721106368,-0.205,302.3056987522025,0.0,0.0,0.7403514387553006,1735.7736976916367,0.0,0.0,-1.0,34.66157464414556
-0.0015220371896892818,0.004197624179882828,-0.205,302.55296220829166,0.0,0.0,0.8432223708705913,1738.586934892292,0.0,0.0,-1.0,30.874310581875992
-0.004521311832136412,-0.001750531618602547,-0.205,302.366904551962,0.0,0.0,0.8166650321564644,1737.59102010754,0.0,0.0,-1.0,32.81303381190266
-0.003832934041222893,-0.004966798934381274,-0.205,302.1715302227286,0.0,0.0,0.7008273315009291,1737.9042856439796,0.0,0.0,-1.0,32.86452581756141
-0.00019865729395975728,0.0023825245821755365,-0.205,302.76685157715707,0.0,0.0,0.9521541655574534,1735.646800420663,0.0,0.0,-1.0,28.226354853514543
-0.003080218164460548,0.004211733765026934,-0.205,302.40272555690797,0.0,0.0,0.7892070915895045,1736.452380373995,0.0,0.0,-1.0,35.394299093890794
-0.0007209285141492603,0.004584575687218157,-0.205,302.46108537823574,0.0,0.0,0.83128212886913,1733.2371914001014,0.0,0.0,-1.0,32.32363785388764
-0.005687388132565351,-0.0024206293555079166,-0.205,302.11897197580066,0.0,0.0,0.7091709662860883,1738.307186033468,0.0,0.0,-1.0,34.59905784250691
0.0016179150398908315,-0.0036866603094236634,-0.205,302.65197518850283,0.0,0.0,0.8712088870773183,1733.2167181395077,0.0,0.0,-1.0,33.04853525946129
-0.0035387488826513136,-0.0021994323287019843,-0.205,302.5014839166577,0.0,0.0,0.8625348256542531,1736.956813562517,0.0,0.0,-1.0,32.30076265425697
0.0030357176552406836,-0.0025294463452228077,-0.205,302.56596194049104,0.0,0.0,0.875707585582297,1736.6522215580667,0.0,0.0,-1.0,30.858270182032633
-0.0016060737125079111,0.0001998937900301721,-0.205,302.86980203820116,0.0,0.0,0.977201246406511,1738.7999058112264,0.0,0.0,-1.0,27.77480288398167
0.0033516974420712583,-0.00491319256003471,-0.205,302.2464093797097,0.0,0.0,0.7296932883431927,1737.1545428112045,0.0,0.0,-1.0,34.72253830677342
0.0037183667075662992,-0.002073252940014265,-0.205,302.5134782630837,0.0,0.0,0.856791015960391,1742.2062187186352,0.0,0.0,-1.0,32.044788476598264
0.005027833328196078,-0.0005093888991473722,-0.205,302.3951406798431,0.0,0.0,0.8016411460127875,1737.2798216794547,0.0,0.0,-1.0,31.923647927203316
-0.005853561054976511,-0.0021430376611767336,-0.205,302.0980939436386,0.0,0.0,0.7044655265002737,1736.4990757570881,0.0,0.0,-1.0,35.56428106910185
0.0039346303967884915,0.0009591405967807799,-0.205,302.65148905297224,0.0,0.0,0.869758877520993,1742.521457516294,0.0,0.0,-1.0,31.624858841010283
0.0012480233300619062,-0.0019677173946983898,-0.205,302.81474781029954,0.0,0.0,0.9544346753549304,1739.3788465082469,0.0,0.0,-1.0,28.383833624740184
0.0016777007790728421,-0.0008553179737612396,-0.205,302.8331820253085,0.0,0.0,0.9695984773595078,1736.3546596531264,0.0,0.0,-1.0,29.00283382309115
-0.0057909142853064975,-0.0025664071996435844,-0.205,302.1618942857922,0.0,0.0,0.6953374013611379,1734.869115532328,0.0,0.0,-1.0,34.05291483794204
0.0013133244809175628,0.005277580632095613,-0.205,302.24360204389217,0.0,0.0,0.7719497877551162,1734.8577876322292,0.0,0.0,-1.0,33.73051342291163
-0.004980229726228893,0.0028858051424633375,-0.205,302.4117737410294,0.0,0.0,0.7460010439127919,1735.3584259684103,0.0,0.0,-1.0,34.114355096973675
0.004869681372197041,-0.003254650448841337,-0.205,302.2862535265315,0.0,0.0,0.7374435155104007,1738.531208328576,0.0,0.0,-1.0,33.711844117521274
0.0017591949837923782,-0.004019981377413707,-0.205,302.49626796866414,0.0,0.0,0.8483189531113328,1740.1965592437066,0.0,0.0,-1.0,32.927581088901746
1.6037076476132907e-05,0.0034165084642286763,-0.205,302.6123208603526,0.0,0.0,0.9057176403859336,1735.4374031549912,0.0,0.0,-1.0,31.435220945066142
-0.0038537275270357552,0.00014830488916028957,-0.205,302.585664676632,0.0,0.0,0.8813141128245416,1736.9840565231655,0.0,0.0,-1.0,30.54974838481867
0.005418979224564334,-0.002866787819839777,-0.205,302.1411791688501,0.0,0.0,0.7136709943285062,1737.5758474840284,0.0,0.0,-1.0,33.13647710619154
0.002343693343824638,-0.0005059116153730131,-0.205,302.7014559341964,0.0,0.0,0.9518921249981486,1733.7844485760418,0.0,0.0,-1.0,28.410455991877896
0.005945973487069125,-0.0016781814856922323,-0.205,302.17755485718806,0.0,0.0,0.7094236168638043,1736.2253014597495,0.0,0.0,-1.0,35.754924872654634
0.0010672389255670465,-0.0016819815792851688,-0.205,302.93202735983505,0.0,0.0,0.9661729582757586,1735.3085204059612,0.0,0.0,-1.0,29.169951313753305
-0.00020319957941793487,0.00373095911954989,-0.205,302.52866448620256,0.0,0.0,0.8882376494811566,1740.1474639497017,0.0,0.0,-1.0,30.239002431320042
-0.0017455891519627769,0.005069241975934939,-0.205,302.28080482257684,0.0,0.0,0.7780584120558449,1738.2428328052845,0.0,0.0,-1.0,32.59984513997319
0.00017930024082009238,-0.005410760591948335,-0.205,302.5160377237659,0.0,0.0,0.7739220460621898,1737.4445093932745,0.0,0.0,-1.0,32.49508239152196
0.006148694404593375,0.0010835345291367031,-0.205,302.189786228946,0.0,0.0,0.7035717912980943,1735.8237296843367,0.0,0.0,-1.0,34.82102547614287
0.0025433972981819745,0.0010785524427678172,-0.205,302.87529765790913,0.0,0.0,0.9370306960112826,1737.0411887334878,0.0,0.0,-1.0,29.213903593120133
-0.002837056026669557,0.0018076456270361115,-0.205,302.7113062749813,0.0,0.0,0.9084538648580657,1734.7709013717977,0.0,0.0,-1.0,29.377790291897846
0.00031872287743216264,-0.0014368945423442786,-0.205,302.97948565977924,0.0,0.0,0.9809656616297453,1737.8684108579837,0.0,0.0,-1.0,27.59774107644191
-0.005826181538460643,-0.0002785862012716924,-0.205,302.24848026809235,0.0,0.0,0.7395127515846619,1737.969864099825,0.0,0.0,-1.0,32.61013801790931
0.00592332796615565,-0.0009069535522301503,-0.205,302.2140939520722,0.0,0.0,0.7258106321072978,1738.1018650643118,0.0,0.0,-1.0,33.184815395205774
0.002058190364923191,0.005093688183533043,-0.205,302.320125915089,0.0,0.0,0.7675269706386887,1737.8700303474632,0.0,0.0,-1.0,35.83473174930624
0.003956427194941483,0.004550893885952733,-0.205,302.3229126799718,0.0,0.0,0.7225069471176429,1735.2768221981546,0.0,0.0,-1.0,33.52816350552727
-5.031768920023883e-05,-0.005585669602624817,-0.205,302.3701219850743,0.0,0.0,0.7600664153588071,1737.611796011572,0.0,0.0,-1.0,32.94374374480041
0.005732555163148675,-0.0002712672290917779,-0.205,302.2847826438079,0.0,0.0,0.7474199245992225,1734.8450585452342,0.0,0.0,-1.0,32.48639966815433
-0.004154050854394654,0.0033303036012749493,-0.205,302.43852960213536,0.0,0.0,0.7809732137294911,1735.3158246378798,0.0,0.0,-1.0,33.168062721700345
-0.004050408070307657,0.0024099961695028386,-0.205,302.60491909293245,0.0,0.0,0.8262567534415097,1735.881561131736,0.0,0.0,-1.0,34.19263574593747
0.0007249593001747584,-0.005530208418570158,-0.205,302.466229241183,0.0,0.0,0.7607492467191304,1736.9881829848684,0.0,0.0,-1.0,32.90653077593068
-0.004541768139224832,-0.0034608004992995457,-0.205,302.20901403314457,0.0,0.0,0.7498318378785491,1732.8952980333004,0.0,0.0,-1.0,33.59179537938864
-0.0028799088648065792,-0.0021787923865029543,-0.205,302.564367690104,0.0,0.0,0.8952484858171592,1733.7318114965192,0.0,0.0,-1.0,29.909239030912083
0.0001521733039302585,0.0011273398942934938,-0.205,302.8343422141394,0.0,0.0,0.9883327439989169,1733.7018024791719,0.0,0.0,-1.0,25.842610470412627
-0.0055845390065031,0.0020372648632645666,-0.205,302.39502129651237,0.0,0.0,0.7299532768355458,1737.753965378171,0.0,0.0,-1.0,33.186940656079365
-0.0012264109243683723,0.002897890947587101,-0.205,302.74746809958236,0.0,0.0,0.9193609571806454,1738.765493737351,0.0,0.0,-1.0,27.987264918786302
0.0015270262742291699,-0.0055115880693687915,-0.205,302.33492056694934,0.0,0.0,0.7490693540397654,1736.2276828184472,0.0,0.0,-1.0,33.32770288852524
0.005670213698762413,-0.003037054774615321,-0.205,302.1105752560688,0.0,0.0,0.6862989608153848,1736.5504993260142,0.0,0.0,-1.0,34.8203078474094
-0.001113156625931399,-0.0006072969322937003,-0.205,302.89971595846146,0.0,0.0,0.9856593884124281,1738.7275364834807,0.0,0.0,-1.0,28.885939551465377
-0.0014614701743460067,-0.006201539929195775,-0.205,302.2545880853539,0.0,0.0,0.6919200440079261,1735.7546211412168,0.0,0.0,-1.0,34.9714057582516
0.0009105856840055371,-0.001969379499503913,-0.205,302.85920518298354,0.0,0.0,0.960209802334745,1740.2814569462241,0.0,0.0,-1.0,27.74917343455071
-0.004524652637746292,0.002467362633352796,-0.205,302.49610803370564,0.0,0.0,0.7941092394894722,1734.9774015750345,0.0,0.0,-1.0,32.92359862199379
0.004340657879535399,0.0013521386676236561,-0.205,302.5540467949128,0.0,0.0,0.8377518080780387,1735.9997252638777,0.0,0.0,-1.0,32.3665685527685
-0.00229363201119165,-0.00203006432672848,-0.205,302.63363828639865,0.0,0.0,0.9233889781786984,1736.7402219658745,0.0,0.0,-1.0,29.898873276866457
-0.001182581780978934,0.0009210752307128045,-0.205,303.00776438905706,0.0,0.0,0.9802932345593793,1735.6294666913348,0.0,0.0,-1.0,25.845860363849912
0.002493790489780412,0.004355265140275378,-0.205,302.4029331985187,0.0,0.0,0.8042338716990538,1734.253677753853,0.0,0.0,-1.0,33.473899287128056
-0.003574939723942332,0.00020983816392456035,-0.205,302.6793651638437,0.0,0.0,0.8969034319991163,1737.6527343392986,0.0,0.0,-1.0,30.70991474273966
0.005632934719174675,0.0011958873509286575,-0.205,302.2577176033048,0.0,0.0,0.7457858959251837,1734.9716357667412,0.0,0.0,-1.0,33.72718841851521
-0.003183968091541742,-0.001423548145639469,-0.205,302.59789696993727,0.0,0.0,0.901951261049828,1737.705557485734,0.0,0.0,-1.0,31.45946726389999
-0.005587352297879167,-0.0023633753637684963,-0.205,302.1791277958948,0.0,0.0,0.7193174465325695,1735.7605489665896,0.0,0.0,-1.0,34.48616592884362
-0.0016314661709995787,-0.0016940475866452467,-0.205,302.80691090383687,0.0,0.0,0.9536218082115384,1737.1565971167272,0.0,0.0,-1.0,29.342030159884818
0.006157145325229367,0.0002543274626857585,-0.205,302.29324422870707,0.0,0.0,0.7108396053107885,1735.0244210286332,0.0,0.0,-1.0,35.059279128562885
-0.0006251361236999396,-9.861607623956972e-05,-0.205,302.975749116677,0.0,0.0,0.9961708012311586,1735.1857924628364,0.0,0.0,-1.0,26.720309094742422
0.001980079013752863,-0.0012758482656135453,-0.205,302.6190663871691,0.0,0.0,0.9534862303508321,1735.8049187229642,0.0,0.0,-1.0,28.306077086103937
0.00349833277323904,0.0016692978458812831,-0.205,302.6055840923258,0.0,0.0,0.8801645619169538,1735.6240534746116,0.0,0.0,-1.0,31.546169506025212
0.001603067472362467,-0.005426908470204371,-0.205,302.4236519278654,0.0,0.0,0.754087944782632,1736.2459663362058,0.0,0.0,-1.0,31.744836005042867
0.0035297258128546938,-0.004817935629091757,-0.205,302.2540710081027,0.0,0.0,0.7275294713191637,1734.4228221267247,0.0,0.0,-1.0,34.76220391898296
-0.0037690809347518763,0.003651929368068776,-0.205,302.4557338341268,0.0,0.0,0.7868827135856132,1732.22263241595,0.0,0.0,-1.0,33.65914659851356
-0.0024354934454778867,0.004695676190045324,-0.205,302.40414486930183,0.0,0.0,0.7836610498356886,1737.9699196944398,0.0,0.0,-1.0,32.23816454637669
0.0030436376629519135,0.0016594858729855595,-0.205,302.7746729159945,0.0,0.0,0.903073558669683,1737.396850529938,0.0,0.0,-1.0,31.743178211724807
0.0003334405459748646,0.005274867742134111,-0.205,302.32495872331515,0.0,0.0,0.7839959312176058,1736.8794882707637,0.0,0.0,-1.0,32.436215416790695
-0.00025810259516413923,0.002853750153180179,-0.205,302.7144860353103,0.0,0.0,0.932505859393719,1738.3235509411038,0.0,0.0,-1.0,29.311295277665888
0.003916876211869584,0.0037153832347027655,-0.205,302.3987668023565,0.0,0.0,0.7751129240144734,1737.6305856127083,0.0,0.0,-1.0,36.036096156788695
0.004757951142725678,-0.0011669641794515074,-0.205,302.4270603313952,0.0,0.0,0.8130120423449645,1738.1072954569913,0.0,0.0,-1.0,31.66040835080552
-0.005474684962096074,0.002653806027565857,-0.205,302.28639030338877,0.0,0.0,0.7177903065138458,1735.56339101393,0.0,0.0,-1.0,33.87975992618238
-0.0034741274187495576,-0.00042959153620123256,-0.205,302.59865204344135,0.0,0.0,0.9012624621022135,1734.6228735545305,0.0,0.0,-1.0,30.25579171463597
0.00019914110618391098,-0.00016998791343319152,-0.205,302.97621800752916,0.0,0.0,0.9992841200994398,1738.659345805019,0.0,0.0,-1.0,25.760204778025013
0.00021814476301292157,0.0035918813621805515,-0.205,302.59795579939345,0.0,0.0,0.8959492162198186,1734.291750979945,0.0,0.0,-1.0,28.81431376382542
0.005336560872853769,0.002397168355242217,-0.205,302.32705698938696,0.0,0.0,0.7380342720065984,1739.3230126252402,0.0,0.0,-1.0,35.697353918783904
0.001386152465369259,0.000876807705511196,-0.205,302.8670976421704,0.0,0.0,0.9766163911840449,1734.0489106909529,0.0,0.0,-1.0,28.279376539825677
0.002561755767002336,-0.0017428098461818424,-0.205,302.67575869822025,0.0,0.0,0.9216982696042446,1734.9158919268689,0.0,0.0,-1.0,30.911435765282555
0.004270722998110994,-0.004285030956720708,-0.205,302.2010987251111,0.0,0.0,0.7207919063633709,1735.7890988858637,0.0,0.0,-1.0,33.5734595673401
0.0008898584624262327,-0.0013274536735305863,-0.205,302.8546456816899,0.0,0.0,0.9777427535672915,1735.613431191481,0.0,0.0,-1.0,27.810201107739935
-0.0037603431629457426,0.003908902879985459,-0.205,302.42510001043206,0.0,0.0,0.7731070704603621,1735.4359683428522,0.0,0.0,-1.0,32.42179498736348
0.0027654470743990207,-0.0036938855726935623,-0.205,302.4553209816824,0.0,0.0,0.8331102384611581,1735.2952963829612,0.0,0.0,-1.0,32.697393252945375
0.00228205136029311,-0.0011644942851066966,-0.205,302.7106257689115,0.0,0.0,0.9454352072946306,1735.0697197117,0.0,0.0,-1.0,30.270786835024296
-0.001679970664883297,0.0012431767394186354,-0.205,302.87432272146384,0.0,0.0,0.9629435981128698,1737.6838519694013,0.0,0.0,-1.0,28.124599084582112
-0.0058264976022303055,0.0014278700342034527,-0.205,302.2712188429609,0.0,0.0,0.725241163574324,1736.9456284022845,0.0,0.0,-1.0,35.46811818968709
-0.0031318681734822744,0.003710628938320638,-0.205,302.5714747162647,0.0,0.0,0.8161409081091135,1736.312810747637,0.0,0.0,-1.0,32.32218553272899
-0.002043705897935419,-0.0021448315141183783,-0.205,302.69539245800087,0.0,0.0,0.9280890398633882,1733.1453055046716,0.0,0.0,-1.0,28.260119250347437
0.003023422345619766,0.0012092829710700257,-0.205,302.8228923542099,0.0,0.0,0.9139423751777354,1739.44831855196,0.0,0.0,-1.0,31.148773351129012
-0.004260524264617327,-0.001701206191548812,-0.205,302.40448393498576,0.0,0.0,0.8349448758518958,1735.1263374203031,0.0,0.0,-1.0,32.363735722675905
-0.004157886791700456,0.003927362684374123,-0.205,302.40552793009977,0.0,0.0,0.7490490357639696,1736.170401907183,0.0,0.0,-1.0,33.65737953454705
0.004388974753040133,0.0027873846786251014,-0.205,302.42286853691274,0.0,0.0,0.7906330037765108,1736.4305956125572,0.0,0.0,-1.0,32.74788424203906
-0.0022906637361692164,-0.001800933091601543,-0.205,302.64098791011594,0.0,0.0,0.930321110451644,1739.1197370938357,0.0,0.0,-1.0,29.13668051021345
-0.005105507679479097,0.0020260202957933103,-0.205,302.3740975360165,0.0,0.0,0.7676062907894551,1735.8600210907985,0.0,0.0,-1.0,32.97883675345803
-0.0006275945322775588,0.005883155069674072,-0.205,302.19259612552105,0.0,0.0,0.7323650927617609,1737.244988386604,0.0,0.0,-1.0,33.87648891503841
0.0054032950328450164,0.0028118541646781105,-0.205,302.3489974461269,0.0,0.0,0.7171583240933939,1738.066025736826,0.0,0.0,-1.0,33.71143447820778
0.0056860873197854605,-0.0005666190304257434,-0.205,302.2787205052565,0.0,0.0,0.7494830801206289,1739.1010147804939,0.0,0.0,-1.0,34.94155655410141
-0.005941190525356752,0.0021862497165542486,-0.205,302.2356771108729,0.0,0.0,0.6956526677302836,1736.966260378943,0.0,0.0,-1.0,35.77542008805126
0.0007638590487037524,0.0026080791220265253,-0.205,302.71159838619735,0.0,0.0,0.9389650332976682,1738.7349518173362,0.0,0.0,-1.0,30.358093572054205
-0.004325053702042281,-0.003356020390503028,-0.205,302.28698694011194,0.0,0.0,0.7690846932752617,1733.4947485431805,0.0,0.0,-1.0,31.892170269317475
0.0016768215304702279,0.0009699893735229593,-0.205,302.977087999949,0.0,0.0,0.9679202229043344,1739.8685139415613,0.0,0.0,-1.0,27.604819438102517
-0.0025670328926350114,-0.005007874163852543,-0.205,302.4053871152893,0.0,0.0,0.7566618411115276,1735.9767562086556,0.0,0.0,-1.0,33.61749218053777
-0.005774361822537115,-0.0024213064434135067,-0.205,302.0604586875634,0.0,0.0,0.7019430231193744,1739.0283988195606,0.0,0.0,-1.0,34.06302930340075
-0.0006628685692938527,0.004877196768511625,-0.205,302.3706962792323,0.0,0.0,0.8113356805405811,1734.8495766491778,0.0,0.0,-1.0,33.12649145178911
-0.0013615622196549997,0.004665346164864005,-0.205,302.3924089000909,0.0,0.0,0.8158302130178097,1738.5271097024972,0.0,0.0,-1.0,31.77007581822299
-0.004108407218004176,3.860949385291604e-05,-0.205,302.55066417140716,0.0,0.0,0.8661462152783557,1736.1953639928975,0.0,0.0,-1.0,31.897516106662568
0.002000536280878591,-0.001631351007199512,-0.205,302.7129031819785,0.0,0.0,0.944648565462979,1735.3020216347522,0.0,0.0,-1.0,26.390606115195794
0.00042034163871520526,0.0056884565589570705,-0.205,302.2339253530511,0.0,0.0,0.7503389883804336,1732.953198050017,0.0,0.0,-1.0,34.31047314176491
-0.002341931006462443,-0.0045750604903641145,-0.205,302.37317595410354,0.0,0.0,0.795173812218926,1732.924208024472,0.0,0.0,-1.0,31.09609007377973
-0.00590451467887592,0.0008941590425349897,-0.205,302.27932783043167,0.0,0.0,0.727592269110822,1739.7675176800878,0.0,0.0,-1.0,33.89191428093019
0.005603869766467475,0.002184668617830165,-0.205,302.23508486868093,0.0,0.0,0.7238686990354771,1736.847897469804,0.0,0.0,-1.0,36.15086758842658
-0.002779899512497747,-0.0015310280582373809,-0.205,302.537894144685,0.0,0.0,0.9180460382242388,1739.3604166021873,0.0,0.0,-1.0,29.592630697209376
-0.0006285578962133018,0.0009325933671583961,-0.205,302.95769470447664,0.0,0.0,0.9885833051315877,1736.1931249316935,0.0,0.0,-1.0,27.834502434150828
0.00357509264397371,0.0051986170545881534,-0.205,302.23082224329,0.0,0.0,0.6976046490604959,1735.9949779042074,0.0,0.0,-1.0,34.77905386982164
0.006425630470961865,-0.0008906946960468597,-0.205,302.0932611437143,0.0,0.0,0.6812084645430885,1739.936744311507,0.0,0.0,-1.0,35.25107043107537
-0.005797473768065838,0.0012589672643956152,-0.205,302.29668829157947,0.0,0.0,0.7309829937514939,1736.8046341325733,0.0,0.0,-1.0,31.99253773308129
0.0049745900497921375,0.003251833149717722,-0.205,302.36879323800036,0.0,0.0,0.7300734940537085,1735.7218965283676,0.0,0.0,-1.0,32.998132607291566
-0.002457352349165749,0.004658440723167826,-0.205,302.42399933379215,0.0,0.0,0.785434181830758,1736.2138468905302,0.0,0.0,-1.0,34.08081690274772
0.0021121098955184455,-0.00041592337236641896,-0.205,302.8133142456156,0.0,0.0,0.960801191176031,1737.8178193349245,0.0,0.0,-1.0,28.732435621828277
0.0024003474206269262,-0.00531439206901212,-0.205,302.25012934274685,0.0,0.0,0.7396405563519463,1737.7013675087892,0.0,0.0,-1.0,35.881805873620046
0.004408565464926483,-0.004139815028719996,-0.205,302.1350573760485,0.0,0.0,0.7209879242475691,1735.492172404154,0.0,0.0,-1.0,35.531424772567625
0.0019361529115298666,-0.006180122241868476,-0.205,302.173376455556,0.0,0.0,0.6822122352418,1738.5073657202133,0.0,0.0,-1.0,35.17278985615227
-0.0020520435220360896,-0.0034514224240236435,-0.205,302.5179997961133,0.0,0.0,0.8718574790520924,1740.5464157772656,0.0,0.0,-1.0,30.967394311307867
0.00041790452855547703,0.002269892336292137,-0.205,302.77088784843056,0.0,0.0,0.9552516058838338,1739.78819080507,0.0,0.0,-1.0,28.45975310644116
-0.0033652296454466366,-0.003323403699906867,-0.205,302.34089695968163,0.0,0.0,0.825098603077908,1734.23495738923,0.0,0.0,-1.0,32.135430478453245
0.004052004057200242,-0.003937496057134025,-0.205,302.24181887899726,0.0,0.0,0.7548069815164313,1736.247041335418,0.0,0.0,-1.0,33.4984021976703
-0.0011033561786856097,-0.005043126665889571,-0.205,302.4429974149667,0.0,0.0,0.793445326520172,1738.2064376847738,0.0,0.0,-1.0,33.97836411661066
-0.005946620276759685,-0.0020562389015445002,-0.205,302.1194005384695,0.0,0.0,0.6991672512575188,1736.3144080962566,0.0,0.0,-1.0,33.3867678480577
-0.0005828340751431,-0.003126180500602962,-0.205,302.7758081018675,0.0,0.0,0.9177305921062919,1738.5017976216716,0.0,0.0,-1.0,29.476684579968754
-0.0012305665682022888,0.0023021495145984375,-0.205,302.8300470100746,0.0,0.0,0.9434597253699464,1733.6767138579883,0.0,0.0,-1.0,29.987618774893466
-0.002074167060866803,0.0014264788158714684,-0.205,302.87994567577584,0.0,0.0,0.9472278453872444,1736.6990211333452,0.0,0.0,-1.0,29.206470528428067
-0.0011080311908250485,0.004250565499688903,-0.205,302.41503657096627,0.0,0.0,0.8480194528245582,1738.0002778399553,0.0,0.0,-1.0,31.491810594044498
-0.002176772936061422,0.004960523546891201,-0.205,302.2967110777298,0.0,0.0,0.7736534409396888,1737.7322245316007,0.0,0.0,-1.0,32.735979021216814
0.00399154006890417,-0.0023992978715266173,-0.205,302.3944533585863,0.0,0.0,0.8301589840241512,1733.783603300787,0.0,0.0,-1.0,30.96540312256453
-0.00376856941129418,-0.0011768740327008913,-0.205,302.5668217099704,0.0,0.0,0.8759082457623016,1739.491074395008,0.0,0.0,-1.0,30.752460864056157
0.00393484758485262,0.002882391975926935,-0.205,302.56490192177665,0.0,0.0,0.8145570669826117,1739.2109565348387,0.0,0.0,-1.0,34.40385674087955
0.002962186031655434,0.0019641199182551363,-0.205,302.73396402687695,0.0,0.0,0.8983696691680153,1736.1713981363555,0.0,0.0,-1.0,30.034257863762704
-0.00251118093657745,0.0032866090197812394,-0.205,302.57870613102784,0.0,0.0,0.8644343235874904,1735.3657090751615,0.0,0.0,-1.0,30.837087244791846
0.004367414439792131,0.0033683276545054684,-0.205,302.3963525785741,0.0,0.0,0.7657848210898305,1736.6859981183995,0.0,0.0,-1.0,33.87063406595014
-0.0007778489891113725,-0.0015600789376776641,-0.205,302.81459077776134,0.0,0.0,0.973746055855935,1738.5490153682429,0.0,0.0,-1.0,27.56041629618939
0.00021345656696487094,-0.0056384866035644994,-0.205,302.3266252480118,0.0,0.0,0.755423728637721,1736.6187645043549,0.0,0.0,-1.0,33.62241235771416
-0.000625699078904345,-0.005632424722041487,-0.205,302.3625605938912,0.0,0.0,0.7533982121051069,1733.967477568693,0.0,0.0,-1.0,33.310074563708056
0.0009287489343660447,0.0005773803758699876,-0.205,302.985158084731,0.0,0.0,0.9891747122832121,1738.2294293477908,0.0,0.0,-1.0,24.079710323279272
0.0004867560936658715,0.006222932162767988,-0.205,302.16123743066987,0.0,0.0,0.7037066977781846,1738.7513593960864,0.0,0.0,-1.0,33.32088773232049
-0.0027965119038886868,-0.0038156583900151174,-0.205,302.3980565319937,0.0,0.0,0.8250247348562096,1735.0827034263843,0.0,0.0,-1.0,32.965799927883346
-0.0016248465143165768,-0.004695641540004526,-0.205,302.4768176924719,0.0,0.0,0.8079139345014006,1735.8562204846653,0.0,0.0,-1.0,33.25623953484101
-0.00313228448775054,-0.004417842256008832,-0.205,302.33691849179144,0.0,0.0,0.77377506579647,1736.5641215670114,0.0,0.0,-1.0,33.02749665512627
-0.004695288873171588,0.0037869962464520796,-0.205,302.3285006817307,0.0,0.0,0.7223392929018734,1733.3215937077164,0.0,0.0,-1.0,32.82389474952509
-0.0012305235842484964,-0.005656924477319028,-0.205,302.3477923012878,0.0,0.0,0.7432019911962546,1737.544109936988,0.0,0.0,-1.0,33.459017560087
-0.004015248295372489,-0.0037745965080441283,-0.205,302.23029904202417,0.0,0.0,0.7661515991548905,1735.7637600782784,0.0,0.0,-1.0,33.39615558100266
0.0025749553854672487,0.005386093096334969,-0.205,302.2298575070707,0.0,0.0,0.7277549618072026,1733.5254744659712,0.0,0.0,-1.0,33.93721606098592
0.000868189918593786,0.0011485129202136045,-0.205,302.91721590577635,0.0,0.0,0.9817462865307234,1738.8265419029422,0.0,0.0,-1.0,26.84974928099214
-0.0014837560868116678,-0.005252359385998017,-0.205,302.31464577188615,0.0,0.0,0.7704035786120138,1731.048046535733,0.0,0.0,-1.0,32.90614391652745
0.0009569060133218174,0.004751594315881454,-0.205,302.3627755940955,0.0,0.0,0.8167636070010972,1734.6107998521604,0.0,0.0,-1.0,31.314109943996776
-0.0020923190663338703,-0.0060565979171542566,-0.205,302.1670043681834,0.0,0.0,0.6885671779902582,1737.838250936992,0.0,0.0,-1.0,32.58310120783836
-0.0037462001958753995,0.0012917749380988006,-0.205,302.70251930143576,0.0,0.0,0.8750344872464358,1735.6242924888438,0.0,0.0,-1.0,31.513034133114566
0.0037923913503717637,0.002428845045777704,-0.205,302.63037279681356,0.0,0.0,0.8406470586375333,1738.6669349274193,0.0,0.0,-1.0,33.967822349863255
-0.0033732881841972077,0.0023729371518402846,-0.205,302.5693961713769,0.0,0.0,0.8651716040652924,1736.785646624648,0.0,0.0,-1.0,30.85837777169591
0.0030452550616238017,0.004302823365463569,-0.205,302.44061069254286,0.0,0.0,0.785079888996066,1735.8712585837843,0.0,0.0,-1.0,33.401465581853614
-0.004286191528271456,-0.0004596382988177065,-0.205,302.51787401861736,0.0,0.0,0.8533547194774119,1736.1335012703366,0.0,0.0,-1.0,32.25957372190907
0.0008824294984095347,-0.005145644301856144,-0.205,302.45646605598705,0.0,0.0,0.7889872400165499,1736.804055378749,0.0,0.0,-1.0,32.29881438015763
0.0012012112493150462,-0.005962737227598961,-0.205,302.32725573701094,0.0,0.0,0.7179186409185991,1735.0831984498507,0.0,0.0,-1.0,33.079385080797735
0.0012298565324820395,0.005091171003231585,-0.205,302.3528696703874,0.0,0.0,0.7876913146782962,1737.6470277962248,0.0,0.0,-1.0,34.22516677836362
0.0034103773830501467,-0.002689890034433302,-0.205,302.4446071787532,0.0,0.0,0.8512303210408124,1736.2873612350024,0.0,0.0,-1.0,31.097427755188605
-0.005327335250123362,0.0013482496200652534,-0.205,302.39189639240544,0.0,0.0,0.7674064488950437,1735.9366802293002,0.0,0.0,-1.0,33.74988007878633
0.00019526343974048542,-0.0052377188705754595,-0.205,302.45957189042593,0.0,0.0,0.7874026909520713,1735.5449589854113,0.0,0.0,-1.0,33.852190250641065
-0.0002697496787912542,-0.003476178600528989,-0.205,302.74892301112305,0.0,0.0,0.9020091490419688,1732.7134150974232,0.0,0.0,-1.0,31.66817770379325
-0.0007680907145624907,0.004100909871269273,-0.205,302.5567236267315,0.0,0.0,0.8621799479638413,1738.3516223679592,0.0,0.0,-1.0,33.059719251425385
-0.003466842585778712,-0.0007085224051358547,-0.205,302.68496865045637,0.0,0.0,0.8992206123185582,1738.5698509585934,0.0,0.0,-1.0,30.584104410031813
0.003134511959240073,-0.0032954486168719943,-0.205,302.4588686145176,0.0,0.0,0.8376357996756348,1740.6108660318512,0.0,0.0,-1.0,34.12608069820809
-0.002414104967816077,0.001971726470490023,-0.205,302.81203530261126,0.0,0.0,0.9208025700782227,1735.4290619495584,0.0,0.0,-1.0,30.19612577750092
-0.004502047810547747,-0.0022957157560237066,-0.205,302.3294933884462,0.0,0.0,0.801639963254071,1738.1235500948362,0.0,0.0,-1.0,31.181210000079354
-0.0015725723753647629,-0.005599256243359753,-0.205,302.2955134313319,0.0,0.0,0.7409483876630966,1737.6475704053582,0.0,0.0,-1.0,33.107543479250104
0.002581570226689057,-1.0399694437643076e-05,-0.205,302.7894479864057,0.0,0.0,0.9446393999022847,1735.2521603911102,0.0,0.0,-1.0,30.40692934583539
-0.0013572043950923764,-0.006179270562961082,-0.205,302.2144842809057,0.0,0.0,0.6960281416983715,1736.8232197295338,0.0,0.0,-1.0,34.48293308607429
7.168208594251665e-05,0.0017979197555738592,-0.205,302.77864082399844,0.0,0.0,0.9721173861337359,1734.2230904540734,0.0,0.0,-1.0,27.96009751312468
-0.0016201751414010885,0.0038144020435300135,-0.205,302.5659254527574,0.0,0.0,0.8639314892885491,1737.0981409485523,0.0,0.0,-1.0,30.895739749927653
-0.003115949055910664,-0.0024459947114197364,-0.205,302.57170921842265,0.0,0.0,0.8751151552210846,1734.7486525894913,0.0,0.0,-1.0,30.675849338331165
0.0007470681175857858,0.00112494587620799,-0.205,302.9373147060189,0.0,0.0,0.9838377852979885,1736.3838748154087,0.0,0.0,-1.0,26.08310858391431
2.2179836654904217e-05,-0.006446877945463708,-0.205,302.265864005353,0.0,0.0,0.6849471334534966,1738.4116340724024,0.0,0.0,-1.0,35.51357052081669
-0.0029451132591926605,-0.0005448703489179073,-0.205,302.72340347872716,0.0,0.0,0.9265834613201657,1740.2875155998984,0.0,0.0,-1.0,30.067790448825026
0.00429966543738508,-0.0025268613545525466,-0.205,302.3240643453229,0.0,0.0,0.8065617822965193,1734.234459051825,0.0,0.0,-1.0,32.367750110660225
-0.0008832188710370161,-0.0013849144930128362,-0.205,302.90602556077096,0.0,0.0,0.9765515470968567,1736.8166523519567,0.0,0.0,-1.0,27.152414157295116
-0.0053941020130577515,-0.003196756786343094,-0.205,302.1527129334632,0.0,0.0,0.7011514429407427,1737.0061291105258,0.0,0.0,-1.0,34.112194490371536
-0.0035838708420437818,-0.0030686539513346614,-0.205,302.376410326876,0.0,0.0,0.8259084372588144,1740.6963286694706,0.0,0.0,-1.0,32.518297435142486
0.0006257039356931407,0.0008174496959345417,-0.205,302.84022245686003,0.0,0.0,0.9903494993872917,1733.7937183163242,0.0,0.0,-1.0,26.22473490971017
0.00019283486069332755,-0.006037032568073662,-0.205,302.3463583286428,0.0,0.0,0.721644361404783,1735.902126572787,0.0,0.0,-1.0,34.385935651637126
0.0055810672480569815,0.0007573810526722523,-0.205,302.3944662630183,0.0,0.0,0.7562714958990108,1737.537067020953,0.0,0.0,-1.0,34.00777070824367
0.0045461333420475794,-0.003797324818269423,-0.205,302.1259967801079,0.0,0.0,0.731772331644333,1735.039019062684,0.0,0.0,-1.0,33.23229662810638
0.00020679624947582536,-0.004873673479077006,-0.205,302.54098432971324,0.0,0.0,0.8145256049413282,1738.6189747894882,0.0,0.0,-1.0,30.810509585886294
0.004995615187299071,0.001571478000759211,-0.205,302.4770194700963,0.0,0.0,0.7877417157039597,1737.3187321342698,0.0,0.0,-1.0,33.40760900920312
0.001533364220989903,0.0053195263264289305,-0.205,302.26367571030613,0.0,0.0,0.7641128656745323,1735.3003990449586,0.0,0.0,-1.0,34.06980420400287
-0.005349235872335045,-0.0012185287166659024,-0.205,302.21911064572856,0.0,0.0,0.7681319351510083,1735.481758637555,0.0,0.0,-1.0,32.74347421504364
0.00281222812374272,-0.0014671534311570243,-0.205,302.6082393584215,0.0,0.0,0.9181289221275197,1736.8902930947522,0.0,0.0,-1.0,32.21385253655159
-0.002397431720220963,0.0038087373603931172,-0.205,302.5437885348984,0.0,0.0,0.8408512955331293,1735.8838540566842,0.0,0.0,-1.0,31.293022377011727
0.004454067605907267,0.0046687738389583665,-0.205,302.2596078064701,0.0,0.0,0.6844183014471544,1733.7793809066118,0.0,0.0,-1.0,35.609753911592456
0.003155390309853465,-0.0016643892593083006,-0.205,302.6017133761619,0.0,0.0,0.8976485602125374,1731.3373259547054,0.0,0.0,-1.0,29.50151651652787
-0.0005013037701471315,-0.0007535040705172134,-0.205,302.9679770802128,0.0,0.0,0.9924443555911284,1736.001997344154,0.0,0.0,-1.0,25.73309515999894
-0.0003619572987810769,-0.0014580170898174912,-0.205,302.97284203323846,0.0,0.0,0.9802103578239709,1735.3930439463238,0.0,0.0,-1.0,28.22207370674293
-0.0030120406668782585,0.00515287808747892,-0.205,302.289682653102,0.0,0.0,0.7278700005472163,1735.8623215421383,0.0,0.0,-1.0,33.93586166090998
-0.004081807686594026,-0.004659610529488046,-0.205,302.1815254387009,0.0,0.0,0.7079613024575646,1738.8010833561132,0.0,0.0,-1.0,34.735497382464025
0.004989255794691366,-0.0026759118357003596,-0.205,302.19554949673636,0.0,0.0,0.7538543669134996,1736.3389635780745,0.0,0.0,-1.0,33.66699008788763
0.0049603280808905095,0.0002387927982345287,-0.205,302.426610452175,0.0,0.0,0.8081157114605424,1736.414836446855,0.0,0.0,-1.0,34.44664602221622
0.004122589338404181,-0.0026184665896675893,-0.205,302.37477457327236,0.0,0.0,0.8141061310342267,1734.091683897682,0.0,0.0,-1.0,32.530438883368944
0.0011367656380260006,-0.006326199497400188,-0.205,302.231714895088,0.0,0.0,0.6867454711095066,1737.0945932198863,0.0,0.0,-1.0,35.488464622812785
-0.0022242935370857413,-0.00020031249895739565,-0.205,302.7883994308698,0.0,0.0,0.9579648887011112,1739.6806329411174,0.0,0.0,-1.0,26.942120481293426
0.0019381051288796987,0.00042268774256579226,-0.205,302.9476552534439,0.0,0.0,0.9664414384484545,1736.9673097665711,0.0,0.0,-1.0,26.554168913203057
0.004187932400745553,0.0026598682983954907,-0.205,302.550127264437,0.0,0.0,0.8084719991196275,1735.7367221970444,0.0,0.0,-1.0,30.66408245457005
0.004676793399407875,0.0003598905990214423,-0.205,302.58309466982735,0.0,0.0,0.8278321284132042,1733.7976021515929,0.0,0.0,-1.0,31.462893613078542
1.6640580239296593e-06,0.0055454653745733145,-0.205,302.27116919413004,0.0,0.0,0.763355271844234,1738.2598123971395,0.0,0.0,-1.0,34.97987096640871
0.004092549687884375,-0.00452774023559265,-0.205,302.15688586619586,0.0,0.0,0.7160918509186168,1736.6719423743025,0.0,0.0,-1.0,33.85672537392693
0.0004262668042402943,-0.0011721745955451462,-0.205,302.95358435688604,0.0,0.0,0.9861022889827763,1736.0550751436479,0.0,0.0,-1.0,27.098774607442564
0.005712483291594229,0.0019496447362387364,-0.205,302.21057165847435,0.0,0.0,0.7220022023617616,1742.1870863193694,0.0,0.0,-1.0,35.29080793282429
0.0025325703073157445,4.083198018854412e-05,-0.205,302.79149142964627,0.0,0.0,0.9466064613830063,1732.1903883358625,0.0,0.0,-1.0,30.90767769951921
-0.003102309265443169,0.0029956677274083333,-0.205,302.54424039327426,0.0,0.0,0.8532374496905084,1736.9027192726587,0.0,0.0,-1.0,31.289829805127937
-0.003941552912672529,0.003921422136646865,-0.205,302.3365921256064,0.0,0.0,0.7621769664252273,1734.4527862942914,0.0,0.0,-1.0,33.98087907848104
0.00020818118394037394,0.005694467126414282,-0.205,302.28579716502145,0.0,0.0,0.7508123430279247,1736.3420894554863,0.0,0.0,-1.0,34.96806142447731
-0.002993927506314688,0.0012356616608728633,-0.205,302.75449446785854,0.0,0.0,0.9148137557367886,1734.279445600617,0.0,0.0,-1.0,30.752901005195753
0.004127682833057461,-0.002925513061113567,-0.205,302.30264168851016,0.0,0.0,0.8012146295004958,1735.6111983933502,0.0,0.0,-1.0,31.703241775853407
0.006429796025240582,-0.00011455464715903636,-0.205,302.187748573782,0.0,0.0,0.6864403203042779,1739.1186209637547,0.0,0.0,-1.0,34.61250805186591
-0.005082966600264964,-0.0016923207729325946,-0.205,302.32812213884745,0.0,0.0,0.7783796804249106,1737.9638261717116,0.0,0.0,-1.0,34.43477083661226
0.002807042622555105,-0.0014375601465527672,-0.205,302.67545986546884,0.0,0.0,0.9190189448392443,1736.5912461305647,0.0,0.0,-1.0,28.319536289061777
-0.0013865327842571714,0.004587280121780733,-0.205,302.4682065545345,0.0,0.0,0.820675873451882,1734.068949482304,0.0,0.0,-1.0,30.23645459436211
-0.00020684337505151863,0.0007741372028460765,-0.205,302.97430387254127,0.0,0.0,0.9940045812067628,1735.4267500247013,0.0,0.0,-1.0,28.092167369833984
0.0013449062997640514,0.0042273009334453234,-0.205,302.4842378251477,0.0,0.0,0.84514891620314,1734.4502165115912,0.0,0.0,-1.0,29.369064761320466
-0.0001525331711772736,0.0020347198107437178,-0.205,302.77159037746935,0.0,0.0,0.9645932973696133,1736.8641243945997,0.0,0.0,-1.0,28.081965333198088
0.005315368710087447,-0.002924647620103203,-0.205,302.1289671255832,0.0,0.0,0.7192981788803188,1738.8593287759763,0.0,0.0,-1.0,33.03121867206979
0.0001023863589302993,-0.005122739945951476,-0.205,302.46712411099094,0.0,0.0,0.7963737480036494,1738.5649114238902,0.0,0.0,-1.0,31.934842626372273
0.005652730515822144,0.0012015486914029618,-0.205,302.36283297234314,0.0,0.0,0.7440602792293423,1735.8909069862084,0.0,0.0,-1.0,34.28138137305784
0.002114304792547588,-0.0018006310143430003,-0.205,302.74443235588626,0.0,0.0,0.9364005942626856,1736.6134426071062,0.0,0.0,-1.0,31.42537822844301
0.0034046772916338543,-0.0026746373330721997,-0.205,302.5017636040261,0.0,0.0,0.8521344342186233,1736.4098547292126,0.0,0.0,-1.0,32.680439032297066
-0.0020093208048947023,-0.003934469860607629,-0.205,302.60991304128476,0.0,0.0,0.8463558760704462,1734.684737163498,0.0,0.0,-1.0,31.62181756270588
0.001092958643236842,-7.373656048714231e-05,-0.205,302.8720466083177,0.0,0.0,0.989139863151216,1732.1204517312717,0.0,0.0,-1.0,28.720081138919717
-0.002273157654610051,0.003198528479563558,-0.205,302.6173480447854,0.0,0.0,0.8773405114828695,1734.5453215684736,0.0,0.0,-1.0,32.660320670715514
-0.0004365073101467258,0.0035825546491625097,-0.205,302.5134832664394,0.0,0.0,0.8953688651796119,1734.9356557548167,0.0,0.0,-1.0,30.208338756306805
-0.0022340827403215992,-0.00244536863755802,-0.205,302.6179961451556,0.0,0.0,0.9111112590082557,1737.3706866155276,0.0,0.0,-1.0,29.87165170082195
0.0017418626957793264,0.0037157392092863066,-0.205,302.51009347129076,0.0,0.0,0.8664452713425564,1736.5588068248085,0.0,0.0,-1.0,28.33500859469619
0.003191584201198925,-0.004859686444959924,-0.205,302.2751989282652,0.0,0.0,0.7411076726761381,1740.4083390571923,0.0,0.0,-1.0,32.781448723792806
-0.004914187494732361,0.0014671749949590497,-0.205,302.5273772365792,0.0,0.0,0.7960134915162893,1737.423489855776,0.0,0.0,-1.0,33.09261283744938
-0.0011414348418054355,-0.002146436066748898,-0.205,302.82526882515646,0.0,0.0,0.9506113692482051,1736.471780568508,0.0,0.0,-1.0,30.719325296275084
-0.0010368989238078244,-0.0046255614232317025,-0.205,302.5219159006714,0.0,0.0,0.8243470394944631,1735.7180977204052,0.0,0.0,-1.0,32.43690963479931
-0.0041203721139403135,-0.004884721200369436,-0.205,302.117665375034,0.0,0.0,0.6901685392673956,1736.3080063273858,0.0,0.0,-1.0,35.01729505682277
0.004214030742269288,0.002494148989231087,-0.205,302.50664274322946,0.0,0.0,0.8131679996883173,1734.4052802199958,0.0,0.0,-1.0,31.955495409010993
0.004494409277963755,0.0012255734171491778,-0.205,302.4539124453622,0.0,0.0,0.8300643397443481,1733.7806977651296,0.0,0.0,-1.0,32.497513172028334
-0.002080815045520672,-0.001958340401654458,-0.205,302.6908263520604,0.0,0.0,0.9328621637930069,1734.2179169706246,0.0,0.0,-1.0,28.67198922859181
-0.0003827723186415416,-0.002595247007096057,-0.205,302.87118365359,0.0,0.0,0.9429267183398136,1737.466162301761,0.0,0.0,-1.0,28.19457419395167
0.004144323091573966,0.0021735445822795227,-0.205,302.5704237872391,0.0,0.0,0.8285920167152798,1735.8548410444496,0.0,0.0,-1.0,32.95475978849987
-0.00344636768681708,0.0001473445883940048,-0.205,302.6662994317362,0.0,0.0,0.9039814567823878,1737.6114396175014,0.0,0.0,-1.0,30.44043522383357
-0.004485105514490675,0.004238829657728095,-0.205,302.27543470307785,0.0,0.0,0.7100531556828423,1734.7290663546328,0.0,0.0,-1.0,35.51167923491734
0.0021300538785735458,0.005308601204206753,-0.205,302.3037378071751,0.0,0.0,0.7490040255549046,1738.361582977616,0.0,0.0,-1.0,33.40210537623321
0.003132150047437178,0.004974816711920043,-0.205,302.29010298945553,0.0,0.0,0.7356071646563226,1736.7155675304364,0.0,0.0,-1.0,34.405783648940755
-0.0011746963528951196,-0.003711291769556876,-0.205,302.65759022186637,0.0,0.0,0.8791895289098358,1733.3497196590122,0.0,0.0,-1.0,30.72602655776028
0.0015629441306782555,-0.005246735376314015,-0.205,302.4139857013185,0.0,0.0,0.7690695844775245,1736.7384000346763,0.0,0.0,-1.0,31.644103670457206
0.003886913303109459,0.0017528974842902145,-0.205,302.6317213568962,0.0,0.0,0.8563698269478924,1733.6495780640923,0.0,0.0,-1.0,29.93149019848436
-0.004121762138550777,-0.003484927651597074,-0.205,302.2780091597276,0.0,0.0,0.7752034367409115,1736.4381146750575,0.0,0.0,-1.0,32.979216100307454
-0.0012494437153784351,-0.005675267834500136,-0.205,302.35483691130145,0.0,0.0,0.7413476941753202,1735.0957241977349,0.0,0.0,-1.0,33.02136339361904
0.001208338626396828,-0.0054023752315592345,-0.205,302.3943638716076,0.0,0.0,0.7641335270424308,1739.4701518453635,0.0,0.0,-1.0,32.70271339719017
0.002497607185134877,0.0046159435611541075,-0.205,302.4195806976814,0.0,0.0,0.7868649435965912,1737.802271707199,0.0,0.0,-1.0,32.79018082739708
0.0031804577546924295,0.0006908895988603803,-0.205,302.7545173080366,0.0,0.0,0.9140257093136985,1737.6844576512879,0.0,0.0,-1.0,28.93161574158159
0.0018501348021214062,0.005796522796393033,-0.205,302.23560331493394,0.0,0.0,0.7177337138824009,1738.524331510771,0.0,0.0,-1.0,35.11389386613673
0.005773898681813575,-0.0005271909226702443,-0.205,302.29431034598883,0.0,0.0,0.7424679266293844,1735.4997536681758,0.0,0.0,-1.0,34.63112005187361
-0.0034078340573939114,0.0022545996516768613,-0.205,302.6824882736699,0.0,0.0,0.8675322776849457,1736.9049700150783,0.0,0.0,-1.0,31.761750266425555
0.0015197237192761256,-0.0031756547984713836,-0.205,302.6391122385942,0.0,0.0,0.900189333617657,1738.1845586898392,0.0,0.0,-1.0,30.963887415685047
0.004194673541256338,0.003014653526482568,-0.205,302.46363941570024,0.0,0.0,0.7932030880921127,1738.5943649782425,0.0,0.0,-1.0,32.16561315319123
0.004578047501773204,0.004460101390327142,-0.205,302.24937357618535,0.0,0.0,0.6900744404251937,1738.0197014522214,0.0,0.0,-1.0,34.27197424903924
-0.002507923969183801,-0.004541671560994795,-0.205,302.37445961007876,0.0,0.0,0.791487692483793,1738.0158771607007,0.0,0.0,-1.0,33.33109157775325
0.0017911170894627337,-0.0019189467701837008,-0.205,302.75500812919756,0.0,0.0,0.9428586845202607,1735.0036029541745,0.0,0.0,-1.0,28.62172264679565
0.005611066751892247,0.0009542179202293995,-0.205,302.36725850526074,0.0,0.0,0.7513642257671033,1740.9344775783911,0.0,0.0,-1.0,37.07438378800141
0.004814692619611868,-0.0003927874982651782,-0.205,302.4035752702329,0.0,0.0,0.8179328107579864,1740.161820762826,0.0,0.0,-1.0,32.187916304409434
0.002109746932723661,0.0043446320305040274,-0.205,302.48427442336146,0.0,0.0,0.8179972029402026,1736.5803150895513,0.0,0.0,-1.0,31.26667727061915
-0.0017729204529662505,-0.000810320126547678,-0.205,302.79557546363475,0.0,0.0,0.9675365681342558,1735.4119314342147,0.0,0.0,-1.0,25.701654327485855
-0.00021256691856584705,-0.006066586610609181,-0.205,302.27559397118284,0.0,0.0,0.718994260454325,1737.17883598979,0.0,0.0,-1.0,35.630110285073236
-0.00037943384455726184,0.00019977988131261127,-0.205,303.0604805904043,0.0,0.0,0.998172207227049,1735.161118660644,0.0,0.0,-1.0,25.603903365740923
-0.00247768663507229,-0.0012960953998091289,-0.205,302.6726775233329,0.0,0.0,0.9355686247093428,1733.9051092896498,0.0,0.0,-1.0,29.2817101645892
0.005036622413762808,0.002834337310397994,-0.205,302.4433338415448,0.0,0.0,0.744031508897493,1737.3292619576764,0.0,0.0,-1.0,33.58228895194302
-0.004437506953724256,0.002848835181128366,-0.205,302.51002369922827,0.0,0.0,0.7849368884952724,1735.82936339966,0.0,0.0,-1.0,33.68063793349305
-0.004139905083758377,-0.002181049225293596,-0.205,302.5137729391755,0.0,0.0,0.828621165254732,1735.6462234011715,0.0,0.0,-1.0,31.502793528284766
0.0011079483733612819,0.0034255669124366723,-0.205,302.63382072329927,0.0,0.0,0.8958510558030871,1740.109484665587,0.0,0.0,-1.0,31.227305256614816
0.003846491422161132,-0.003851741938186112,-0.205,302.2643454297922,0.0,0.0,0.7715562222515704,1735.2877286019566,0.0,0.0,-1.0,31.421205911490922
0.0009600016804529531,0.005051284203044611,-0.205,302.3387721384169,0.0,0.0,0.7950172389044653,1736.6541491799678,0.0,0.0,-1.0,30.92240025138089
-0.001773626051930395,0.0007865115146613581,-0.205,302.95682420963465,0.0,0.0,0.9678248879448417,1739.118640469011,0.0,0.0,-1.0,29.900723167527325
0.0021811470906349367,0.003224106699289897,-0.205,302.66543356429423,0.0,0.0,0.8791996132691329,1739.1476373412681,0.0,0.0,-1.0,31.3116430085841
0.0022121248175506264,0.003817127768551895,-0.205,302.5747138282363,0.0,0.0,0.8467557256939944,1735.1351471148387,0.0,0.0,-1.0,32.83382508573684
-0.0018850551016925984,-0.0027099422892247235,-0.205,302.6400624765998,0.0,0.0,0.9116788873505451,1731.4178927466544,0.0,0.0,-1.0,29.53273380452211
0.002758051430200706,-0.0035282830089136985,-0.205,302.56511397660444,0.0,0.0,0.8423336306641437,1736.9588867484704,0.0,0.0,-1.0,31.437649065533968
0.0017956914257789035,0.0025472345833503283,-0.205,302.77086743763624,0.0,0.0,0.9208234507333064,1736.8043886689954,0.0,0.0,-1.0,29.474625751022543
0.0034695539318109225,0.0021322835706458505,-0.205,302.702658973716,0.0,0.0,0.8683774456766022,1736.8044998386988,0.0,0.0,-1.0,32.27973226139538
-0.0011238502977153465,-0.0026420354913270984,-0.205,302.8070831737414,0.0,0.0,0.9322490784414033,1737.5425049561536,0.0,0.0,-1.0,30.015205853911667
0.00012877399108306376,-0.0034798129125123704,-0.205,302.71878724935436,0.0,0.0,0.9022458012214494,1736.175517029803,0.0,0.0,-1.0,32.13821958686672
-0.0023442481972446656,0.0038665252790306944,-0.205,302.5803082150146,0.0,0.0,0.8394231997328466,1736.7451047409606,0.0,0.0,-1.0,32.07359401894602
0.0024267175596359536,-0.0026771756987298665,-0.205,302.5854809571873,0.0,0.0,0.8951323744240176,1738.4883813820932,0.0,0.0,-1.0,29.48132814960227
-0.004002458070245434,-0.00043254129809416675,-0.205,302.59282811337295,0.0,0.0,0.8712266312373653,1734.1157447960572,0.0,0.0,-1.0,30.23757755105704
0.0030455206820032272,-0.0053543449645577995,-0.205,302.1703741786414,0.0,0.0,0.7110632395999998,1736.2261205277173,0.0,0.0,-1.0,34.4840566340856
-0.0019004635999489564,0.004366458381151924,-0.205,302.4794874569097,0.0,0.0,0.8228121115877784,1733.9157648891407,0.0,0.0,-1.0,31.61781043203047
-0.004206731925940453,0.0033533827788035527,-0.205,302.44357551425395,0.0,0.0,0.7766101544447833,1733.6482045537382,0.0,0.0,-1.0,32.089810995204246
-0.0021333865181817034,-0.0012226649445616002,-0.205,302.7478287048959,0.0,0.0,0.9495308218697969,1736.091277938858,0.0,0.0,-1.0,28.713742030138537
-0.003011889302628578,-0.0005514504560313874,-0.205,302.7093755595621,0.0,0.0,0.9234381167495268,1734.59286185333,0.0,0.0,-1.0,28.462963497747467
-0.005392257427392897,-0.0022723585335185587,-0.205,302.1275865387844,0.0,0.0,0.7379269800892976,1736.2103749475286,0.0,0.0,-1.0,32.7325346847995
-0.005186934971740557,0.003094411119205632,-0.205,302.3308245431759,0.0,0.0,0.7216680845443721,1732.7151357838802,0.0,0.0,-1.0,34.61743531556779
-0.004779890955760788,0.0009021854077832034,-0.205,302.60989535390553,0.0,0.0,0.8155191870097481,1733.2831699663338,0.0,0.0,-1.0,31.956312831785276
-0.005129843957485666,-0.0026299280386771103,-0.205,302.2888274364002,0.0,0.0,0.7452635878825496,1739.883959504035,0.0,0.0,-1.0,33.887332767626134
-0.0038396256238225207,-0.005097254523954592,-0.205,302.1344814280284,0.0,0.0,0.690984766285922,1738.264273789531,0.0,0.0,-1.0,34.967662094454354
0.004288165285827782,0.0026206860691662826,-0.205,302.5031113820734,0.0,0.0,0.8037241924494847,1736.5537786743796,0.0,0.0,-1.0,33.97856888817722
-0.005439466290834943,-0.0027709839026433467,-0.205,302.06636506936314,0.0,0.0,0.7159705648059763,1732.4947635844528,0.0,0.0,-1.0,33.00988732291341
0.0023599133309493694,0.004774079213410131,-0.205,302.29438728632493,0.0,0.0,0.7808707249103329,1735.8368753366158,0.0,0.0,-1.0,35.577484173433945
0.0012133175591328973,-0.003970842537263871,-0.205,302.524505070328,0.0,0.0,0.8634415632774548,1736.9797912233857,0.0,0.0,-1.0,31.936343966966557
-0.0019242661494767682,0.004338389241859217,-0.205,302.4312891182498,0.0,0.0,0.8239501891481865,1735.57130510278,0.0,0.0,-1.0,33.286613421029855
-0.004576001193713307,-0.001361788153486717,-0.205,302.4102903776355,0.0,0.0,0.8219472387605449,1737.7987937380556,0.0,0.0,-1.0,33.49290386294714
0.00196342619983339,-0.0032598135183444826,-0.205,302.5635437016296,0.0,0.0,0.8842861399803548,1737.0611576258236,0.0,0.0,-1.0,31.80038259536865
-0.004830491434724391,0.0004812917554067701,-0.205,302.43116029470036,0.0,0.0,0.8162303717143775,1738.3936177761125,0.0,0.0,-1.0,33.10627275035149
0.00033748480790029764,-0.00347773908387527,-0.205,302.74576052439204,0.0,0.0,0.9016111251942871,1732.5950579698178,0.0,0.0,-1.0,29.944432878733267
-0.003378960436761455,0.0012707370367349901,-0.205,302.7417670159409,0.0,0.0,0.8953161350456047,1736.3029670229205,0.0,0.0,-1.0,31.83195242219286
0.006298985872820201,0.0003639730148784992,-0.205,302.2164982200054,0.0,0.0,0.6975844950264412,1737.1781810866385,0.0,0.0,-1.0,36.16567322986568
-0.0038950282379763067,-0.00022222074745485812,-0.205,302.57750154864567,0.0,0.0,0.878681923019536,1739.3797884511785,0.0,0.0,-1.0,30.968075905774892
0.0017713598027691076,-0.0008194182953078123,-0.205,302.7590845916289,0.0,0.0,0.967461123004038,1735.0553492584331,0.0,0.0,-1.0,27.126371582780923
0.0038130173732620616,-0.003335368901601313,-0.205,302.3686749613305,0.0,0.0,0.8007174329463905,1732.3100025501876,0.0,0.0,-1.0,34.25685852467745
-0.004148032125798109,0.0009392610364733116,-0.205,302.55907750512097,0.0,0.0,0.8570631090515354,1737.5100611926307,0.0,0.0,-1.0,31.885599517884675
-0.005759692054367556,0.00288980701431623,-0.205,302.27230416800273,0.0,0.0,0.6852185520123811,1739.6673507188518,0.0,0.0,-1.0,34.325362467245675
0.004992910105042546,-0.0014249901403961397,-0.205,302.3414754293496,0.0,0.0,0.7911691572927493,1738.0553366225088,0.0,0.0,-1.0,32.77818115854478
0.006041800563093083,0.0013066712693595693,-0.205,302.260826672844,0.0,0.0,0.70913543340628,1736.649398765215,0.0,0.0,-1.0,34.04570121613331
0.002905845777121557,0.002531581230513722,-0.205,302.70099498979937,0.0,0.0,0.881468517199928,1735.935829726536,0.0,0.0,-1.0,30.098936047558464
8.551624739524909e-05,-0.0006041348935927758,-0.205,303.0240392118596,0.0,0.0,0.9964276490513551,1737.5762090022174,0.0,0.0,-1.0,26.9478499574314
0.0006480684904677979,-0.0028376108520651896,-0.205,302.8272734252564,0.0,0.0,0.9304651343830843,1737.6543318265167,0.0,0.0,-1.0,28.820602892075204
0.0019229936049407815,0.002587300284763526,-0.205,302.7869435342834,0.0,0.0,0.9155732910159697,1738.7891220419735,0.0,0.0,-1.0,29.35941904058771
-0.0003799457987298137,0.0029430736899348914,-0.205,302.6074517922426,0.0,0.0,0.9278632960671556,1738.4708769905585,0.0,0.0,-1.0,29.881324228319897
-4.551005415891828e-06,-0.0001544477044027054,-0.205,303.10432022466745,0.0,0.0,0.9997371805858037,1737.2770253460626,0.0,0.0,-1.0,24.65622795627717
-0.0028097949315114687,0.0008411113504430866,-0.205,302.77521240437665,0.0,0.0,0.9294488637571902,1739.0708624961637,0.0,0.0,-1.0,28.863234067181722
0.002846911055348371,-0.004781348507012131,-0.205,302.33030508716473,0.0,0.0,0.7617910540145463,1735.1735646292777,0.0,0.0,-1.0,33.478079747891925
-0.006149222378525285,0.001472318496287577,-0.205,302.2045236502636,0.0,0.0,0.696350872689389,1735.5413857870753,0.0,0.0,-1.0,34.412953383073024
0.002499528739195816,-0.0002668823051225838,-0.205,302.8143225653415,0.0,0.0,0.9473713711125551,1734.595721348796,0.0,0.0,-1.0,29.118926090563225
0.0008860202278113811,0.005616660643646552,-0.205,302.235009337735,0.0,0.0,0.751821373693668,1738.984195599949,0.0,0.0,-1.0,34.697878268120824
-0.0012856554380538902,0.005594615696073005,-0.205,302.2413443941058,0.0,0.0,0.7472970933158524,1733.2131933907613,0.0,0.0,-1.0,32.450061544096485
-0.002784499821759798,-0.004849696356748269,-0.205,302.3374227375446,0.0,0.0,0.7595495527168978,1735.981223457415,0.0,0.0,-1.0,32.208078961633646
-0.00026875014058520255,-0.0025256690016359374,-0.205,302.86172624613835,0.0,0.0,0.9463246314771951,1737.8288897289578,0.0,0.0,-1.0,30.074371286237135
-0.000575137762626111,-0.003068606409202963,-0.205,302.7596239260814,0.0,0.0,0.9205584941397518,1735.327534672128,0.0,0.0,-1.0,29.94068740136388
-0.0030636068442547655,0.004585810056741467,-0.205,302.3374885140755,0.0,0.0,0.7658184624911332,1736.2702595663281,0.0,0.0,-1.0,32.980125472101754
0.004595202564210753,0.004409254263899114,-0.205,302.26897435518487,0.0,0.0,0.6921910093225866,1733.3586240155123,0.0,0.0,-1.0,36.237208206377936
0.0028990788804561835,-0.0035049780098525603,-0.205,302.50176373658087,0.0,0.0,0.8376031209920068,1737.8474969428796,0.0,0.0,-1.0,32.77383207805755
0.0036290394848317344,0.005053888504082852,-0.205,302.23516327694233,0.0,0.0,0.7055138265252329,1738.5028826454497,0.0,0.0,-1.0,36.13299069684672
9.578190631855511e-05,-0.0005170240252464367,-0.205,303.009788753672,0.0,0.0,0.9973071814050068,1733.8498358051284,0.0,0.0,-1.0,25.530628895796493
-0.004415790993802407,-0.0011345756440189056,-0.205,302.4043823482719,0.0,0.0,0.8368803255762196,1736.0828983149504,0.0,0.0,-1.0,30.28537836593065
0.0041073791114785195,0.0034227835808694883,-0.205,302.4962434726602,0.0,0.0,0.7792196214277602,1739.2186180413337,0.0,0.0,-1.0,33.36659987414391
-0.00285682796219282,-0.002262358612827703,-0.205,302.56363822521234,0.0,0.0,0.8934276699192688,1736.8666332014445,0.0,0.0,-1.0,30.331043571832303
-0.00042717127994016123,0.002271179240947177,-0.205,302.8015987530491,0.0,0.0,0.9551424833608286,1734.9443127164654,0.0,0.0,-1.0,27.78930348000473
0.003404544502271021,0.002596852184953604,-0.205,302.6171474197276,0.0,0.0,0.8552156334822951,1737.0470552954218,0.0,0.0,-1.0,31.988852510792295
0.0033354318700526326,-0.0004889276936556882,-0.205,302.61411913952213,0.0,0.0,0.9080874257188218,1735.6227143295698,0.0,0.0,-1.0,29.38094923457247
0.0016929500551101512,-0.0001079199063475868,-0.205,302.91436478949737,0.0,0.0,0.9750706098390696,1734.4779485827275,0.0,0.0,-1.0,27.911274550821094
0.0007383491317744945,0.0002463237644225879,-0.205,303.0654230114133,0.0,0.0,0.9943264990555405,1733.4787724407001,0.0,0.0,-1.0,25.945345856637555
-0.0013150244766719594,-0.0006389398750899027,-0.205,302.7797934589676,0.0,0.0,0.9812054517481208,1739.2689405794467,0.0,0.0,-1.0,26.93149954817116
-0.0038081272969992474,-0.0039300869966062595,-0.205,302.2799030387557,0.0,0.0,0.769242403720563,1737.0729180570625,0.0,0.0,-1.0,34.942750750175215
0.0060046576680537625,-0.0010597560698315557,-0.205,302.19575733575806,0.0,0.0,0.7166016074450526,1737.3524480696929,0.0,0.0,-1.0,33.02122851199445
0.0034109551373200857,0.0050402035810423315,-0.205,302.2576726801491,0.0,0.0,0.7176207848204423,1735.7712983342942,0.0,0.0,-1.0,35.53901336718501
0.0022173761255570236,0.005346906980155956,-0.205,302.28731309620696,0.0,0.0,0.7432661326292754,1737.1004155628425,0.0,0.0,-1.0,33.52629662291516
0.005884303909759858,-0.0012264333967665984,-0.205,302.16784316196504,0.0,0.0,0.7242092462422344,1735.0682954940937,0.0,0.0,-1.0,36.31142028801037
-0.003432931179314782,-0.0011444504018047626,-0.205,302.6238859481678,0.0,0.0,0.8948382032305977,1738.2888606308486,0.0,0.0,-1.0,30.07555125968182
-0.006163407248410887,-0.0006507516025741458,-0.205,302.10717207945953,0.0,0.0,0.7076869874589178,1732.7855223509455,0.0,0.0,-1.0,35.19084344570038
0.0025988452137852267,0.0027453446664154864,-0.205,302.68339088907754,0.0,0.0,0.8857327962389581,1731.7879947921867,0.0,0.0,-1.0,30.667535873493616
-0.0021230192524340835,0.0029484375602199363,-0.205,302.66620037722146,0.0,0.0,0.8940318627220053,1733.599886314549,0.0,0.0,-1.0,31.48990161127498
3.0016978520610597e-05,0.0015123920940010457,-0.205,302.8147402595444,0.0,0.0,0.9799488425133585,1739.7783760038456,0.0,0.0,-1.0,26.33227841548069
-0.002297206284552097,0.004643017379323789,-0.205,302.3615327238638,0.0,0.0,0.7920889654024048,1735.62715927202,0.0,0.0,-1.0,32.86900884019577
-0.003960531972175138,0.004928942133877261,-0.205,302.19491269144305,0.0,0.0,0.6963535679355022,1737.5999880370514,0.0,0.0,-1.0,35.96110028705421
-0.0052077349710766396,0.0021003655737017062,-0.205,302.3813056128915,0.0,0.0,0.7576577956446209,1734.7709337204092,0.0,0.0,-1.0,35.33114723638131
0.0006995440733264816,-0.0003505434340812345,-0.205,302.95835390197476,0.0,0.0,0.9942695071546186,1737.098858045274,0.0,0.0,-1.0,27.26812029923942
0.0033055481209490404,0.005566123067418656,-0.205,302.1318634270671,0.0,0.0,0.6824585855930354,1739.0112993184664,0.0,0.0,-1.0,36.70016830264055
-0.0011406599952498181,0.004327528648001039,-0.205,302.5360891600249,0.0,0.0,0.8425354275470731,1735.563687746249,0.0,0.0,-1.0,32.487516823631594
-0.0033234251910553843,0.0008047359031835629,-0.205,302.7065114666777,0.0,0.0,0.9055644304985899,1734.219398702284,0.0,0.0,-1.0,30.852821194117585
-0.001043151213968568,-0.004821569125847589,-0.205,302.50704501664285,0.0,0.0,0.8105275208180118,1734.8796511841895,0.0,0.0,-1.0,32.913442368265805
-0.004849418574928562,0.0026573932974937394,-0.205,302.4337178354589,0.0,0.0,0.7646244683092283,1734.648582583664,0.0,0.0,-1.0,34.56031911173026
-0.003940130103717692,-0.0005528140839936113,-0.205,302.5641608871838,0.0,0.0,0.8740705144995667,1738.9201082416907,0.0,0.0,-1.0,31.86059457820677
0.005627562095859253,0.0013271150719659447,-0.205,302.30698109477305,0.0,0.0,0.7438156069791824,1734.952480911436,0.0,0.0,-1.0,32.361188524624055
-0.002097875472556405,-0.002156483607028461,-0.205,302.6618969932312,0.0,0.0,0.92595439814509,1739.7236481829839,0.0,0.0,-1.0,28.275768482320355
-0.0044009213453583326,0.003466272366620345,-0.205,302.3853914183369,0.0,0.0,0.7587449884873552,1740.4059765345655,0.0,0.0,-1.0,33.102124810551885
0.0018881377114202207,0.0017831113708898366,-0.205,302.8389815194286,0.0,0.0,0.9440087786089078,1736.1620654078743,0.0,0.0,-1.0,28.391375657412244
-0.0015232052157977607,0.0009095638472081599,-0.205,302.91010042624896,0.0,0.0,0.9728558105595415,1736.1482892789354,0.0,0.0,-1.0,28.032927393354274
-0.0022217960919439068,0.005299889435123943,-0.205,302.2675343028496,0.0,0.0,0.7467684239455797,1737.1383631942717,0.0,0.0,-1.0,35.408817278959674
-0.004591651146018398,0.0033429418005668636,-0.205,302.36787998086214,0.0,0.0,0.7523565653337979,1731.2399903713983,0.0,0.0,-1.0,32.97707813817255
-0.00011877902738312047,0.0026517044350848995,-0.205,302.63599896285183,0.0,0.0,0.9416367709124391,1734.6138701693058,0.0,0.0,-1.0,30.51269095962069
-0.002159944712737,-0.001435717986061335,-0.205,302.7058018573346,0.0,0.0,0.9441499810874783,1735.7490828643054,0.0,0.0,-1.0,28.017706518644808
0.0015160885642401742,0.0019074450746842352,-0.205,302.83769513346033,0.0,0.0,0.9503985525950924,1736.658415609973,0.0,0.0,-1.0,28.41545578116301
-0.0030183484511691634,0.0020054902743963216,-0.205,302.6776257240247,0.0,0.0,0.8945510929399151,1735.7382100448929,0.0,0.0,-1.0,31.97544349129412
0.0005550314858729855,0.001509359501819247,-0.205,302.8782398989159,0.0,0.0,0.9774758837859007,1735.2694987929203,0.0,0.0,-1.0,26.704999024537198
3.06274582170515e-05,-0.0005184162650150195,-0.205,303.0127293359954,0.0,0.0,0.9973700862683073,1733.5760620370916,0.0,0.0,-1.0,26.520339754612316
-0.0005398649238752956,-0.003546649659643807,-0.205,302.78736850648517,0.0,0.0,0.8965525178496295,1732.620787498637,0.0,0.0,-1.0,28.605858434668907
-0.0017875042746941837,-0.0021888905321286616,-0.205,302.7745192139288,0.0,0.0,0.9342571098058486,1733.2471724483507,0.0,0.0,-1.0,30.924098338547186
-0.003391249773522197,-0.002709594661301816,-0.205,302.4820338135687,0.0,0.0,0.8514078993726342,1737.6390684295466,0.0,0.0,-1.0,31.409888557301784
0.0018265668682498164,0.00044958394515196823,-0.205,302.84220889044246,0.0,0.0,0.9696618143356779,1741.144208847492,0.0,0.0,-1.0,29.043552984049377
-0.0006284804135770473,-0.001028001959179364,-0.205,302.9331689086515,0.0,0.0,0.9869857502871895,1734.7923664387188,0.0,0.0,-1.0,25.350208597388747
-0.004754792487406479,-0.001772582332313233,-0.205,302.30591722041095,0.0,0.0,0.8000807700889956,1738.4069492653387,0.0,0.0,-1.0,31.22557169417155
0.004691997059474037,0.0019225712184317346,-0.205,302.48993328015615,0.0,0.0,0.8003683069274603,1733.9303871762536,0.0,0.0,-1.0,32.4607092996028
0.0013150067091865926,-0.0032893857756153186,-0.205,302.6563884604594,0.0,0.0,0.8990042324612516,1737.62103843812,0.0,0.0,-1.0,29.709111801233327
-0.002149992076906504,-0.00403964292264225,-0.205,302.4687237770648,0.0,0.0,0.8357271808874955,1738.3172522874177,0.0,0.0,-1.0,32.64050070485133
0.002750217600105992,-0.0025710971446114114,-0.205,302.5184569034865,0.0,0.0,0.8866192521577918,1734.2421581357964,0.0,0.0,-1.0,31.952864172821503
0.005388982288704281,-0.0011062218331355268,-0.205,302.34714154579694,0.0,0.0,0.7669193107942133,1738.131580329018,0.0,0.0,-1.0,33.69155835101305
-0.00459266483259423,-0.00329137748513197,-0.205,302.1393415318246,0.0,0.0,0.7547841868015026,1733.7530312352328,0.0,0.0,-1.0,33.196270319675406
-0.0020669751893665125,0.0023906115940967535,-0.205,302.8024581749259,0.0,0.0,0.9186991951630281,1733.5129281332447,0.0,0.0,-1.0,30.618258071940243
-0.0028177063003039875,0.003200852911215894,-0.205,302.6374788654325,0.0,0.0,0.8563384291773962,1735.7920494620269,0.0,0.0,-1.0,31.441766459019146
0.0004649102380367558,0.000342556589093907,-0.205,303.0657516175896,0.0,0.0,0.996782348512669,1737.3825221731615,0.0,0.0,-1.0,26.097640315445076
0.006222357433367149,0.0012243657683836554,-0.205,302.19483090223156,0.0,0.0,0.6946472939704291,1738.2789294229467,0.0,0.0,-1.0,35.35620346622498
-0.004104700447193974,0.0007133671666429228,-0.205,302.624070916882,0.0,0.0,0.8625557964818469,1735.5689607131173,0.0,0.0,-1.0,31.36364205774934
-0.0031932684957271494,0.003729258506196611,-0.205,302.4442247932804,0.0,0.0,0.812239186618811,1738.2021637482712,0.0,0.0,-1.0,32.32539222714999
-0.0036789948158838003,-0.0024481904440696845,-0.205,302.4721179183908,0.0,0.0,0.8462719969874785,1736.8534233034266,0.0,0.0,-1.0,31.18558666102365
0.0013934498368771257,0.005954013548491404,-0.205,302.17987537879776,0.0,0.0,0.7150595289459438,1737.8019517163443,0.0,0.0,-1.0,34.84121336903806
0.0006444891761039418,0.0019836758708912847,-0.205,302.77869661224884,0.0,0.0,0.9630842848379475,1737.4686900839488,0.0,0.0,-1.0,27.824089662965537
0.0013839427500205639,-0.0011743925868491613,-0.205,302.84398502971027,0.0,0.0,0.9716525452082851,1737.2350208156167,0.0,0.0,-1.0,25.90421681844478
0.005371825929605276,0.0015122862431986908,-0.205,302.40047445224076,0.0,0.0,0.7604953446521799,1734.3656005207795,0.0,0.0,-1.0,34.427770309584794
0.0012703596981305096,0.002509198140045516,-0.205,302.6992347629085,0.0,0.0,0.9348556921853532,1736.1274017172725,0.0,0.0,-1.0,30.092804479527075
0.0020551322363873215,-0.004026254894633524,-0.205,302.5582233806235,0.0,0.0,0.8395069181438802,1736.0521166998928,0.0,0.0,-1.0,32.3837727734737
0.001171482555734433,0.005120208427934285,-0.205,302.29832140119686,0.0,0.0,0.7865420412415387,1736.574527045338,0.0,0.0,-1.0,32.412530863825296
0.00022605488836041458,4.3295362031714135e-05,-0.205,303.0521594635905,0.0,0.0,0.9994396177618295,1735.3586836494394,0.0,0.0,-1.0,25.75203037553535
0.002051794491508826,0.0016627861858283632,-0.205,302.9228423043287,0.0,0.0,0.9421950602680356,1733.0206107894642,0.0,0.0,-1.0,27.972374277569948
0.0022473996060888264,-0.002555737631059688,-0.205,302.64945289470506,0.0,0.0,0.9064098054437342,1736.5265343945803,0.0,0.0,-1.0,29.151216234654576
-0.0050717134160015295,-0.0007212184153472319,-0.205,302.41966028416607,0.0,0.0,0.7964512252327243,1736.9850107475859,0.0,0.0,-1.0,31.582318739902355
0.0013611428166635424,0.005688553833103874,-0.205,302.22035216691836,0.0,0.0,0.7381283915514603,1732.486152969029,0.0,0.0,-1.0,33.05854196517726
-0.004602302867501248,0.003524804894728959,-0.205,302.445074467224,0.0,0.0,0.7425435820370995,1737.7110817632479,0.0,0.0,-1.0,33.2847741399033
-0.0022925057271746046,0.005032043723553581,-0.205,302.3501333674548,0.0,0.0,0.7646358254604076,1734.0655890223286,0.0,0.0,-1.0,33.26607723241845
0.002511984642324576,0.003643763627249685,-0.205,302.58286755052694,0.0,0.0,0.8458349892675189,1735.0928678086593,0.0,0.0,-1.0,32.043552510145055
0.0010640522827217126,0.0026134757575525234,-0.205,302.7185628982724,0.0,0.0,0.9344444227363589,1737.5668275265311,0.0,0.0,-1.0,30.64453934386814
-0.002091588179579786,-0.004946676028554147,-0.205,302.3837408681418,0.0,0.0,0.7773245975988969,1738.0437147634077,0.0,0.0,-1.0,31.402906409549757
0.0023732469391879616,0.0034766835923517943,-0.205,302.4921579491343,0.0,0.0,0.8598327626443207,1736.202088678114,0.0,0.0,-1.0,32.08175738597244
-0.0034033758119030935,0.005377937363903933,-0.205,302.24945458443636,0.0,0.0,0.6925676177367865,1734.9225838213056,0.0,0.0,-1.0,35.45020386384
0.002761205433541536,-0.004040696346830502,-0.205,302.4012639271709,0.0,0.0,0.8133704628976319,1739.1456706227787,0.0,0.0,-1.0,32.065591676296215
0.005920642618552737,-0.001675488172986336,-0.205,302.2142853581211,0.0,0.0,0.7116632390525477,1736.1635086860697,0.0,0.0,-1.0,33.82315619860171
0.00018378576445276149,-0.002266373758922511,-0.205,302.9431852174111,0.0,0.0,0.9565040571680694,1739.6376969459084,0.0,0.0,-1.0,27.337722055138187
-0.0006747073915129128,-0.0007408710200882336,-0.205,302.9275332203033,0.0,0.0,0.9908312335676372,1736.9346642275527,0.0,0.0,-1.0,26.817183124349963
-0.0032209786273123945,-0.0006264558827797057,-0.205,302.6154878352775,0.0,0.0,0.9126806815972189,1739.0923404912064,0.0,0.0,-1.0,31.59649783370854
-0.004731065464366818,-0.0011095704928959901,-0.205,302.3184971915684,0.0,0.0,0.8158685799833099,1738.4675584902477,0.0,0.0,-1.0,33.01362603629038
-1.372521194977793e-05,0.006117934063348545,-0.205,302.1198770932019,0.0,0.0,0.7147893213275678,1736.8422455054265,0.0,0.0,-1.0,34.89976032068784
-0.0007178138386372627,-0.005291843068923428,-0.205,302.465954172362,0.0,0.0,0.7797123496783724,1738.1169658866681,0.0,0.0,-1.0,33.562468666475226
-6.864577244888647e-07,-0.003352402820892162,-0.205,302.75169974809216,0.0,0.0,0.9090523685733566,1733.354168657849,0.0,0.0,-1.0,29.49422845703538
0.00012297221658053037,-0.005655574631022555,-0.205,302.36086261877205,0.0,0.0,0.7542376130870085,1731.3244496072098,0.0,0.0,-1.0,33.75063788163545
0.0040804938982192465,0.0004392267526811759,-0.205,302.65555573733894,0.0,0.0,0.8664260820251788,1739.9833390713227,0.0,0.0,-1.0,30.186788673729637
-0.001364363627728489,-0.0024824178266543806,-0.205,302.74765599037136,0.0,0.0,0.9339640952761976,1736.3186349874888,0.0,0.0,-1.0,28.772397135060885
-0.0018521546160275922,0.0007846473271353965,-0.205,302.97981521385674,0.0,0.0,0.9655408713010687,1733.625824283597,0.0,0.0,-1.0,28.07324472234462
0.005734278385234756,0.0015876793727992462,-0.205,302.3268807184721,0.0,0.0,0.72948031819792,1737.3721222095385,0.0,0.0,-1.0,35.99241988344661
-0.00465007562415713,0.0011451564476282253,-0.205,302.4594441484548,0.0,0.0,0.8209060268834754,1736.2282493799182,0.0,0.0,-1.0,34.63601467697258
-0.003060729556627285,0.003727048003724896,-0.205,302.4960863105974,0.0,0.0,0.8185005805284945,1737.3687509790457,0.0,0.0,-1.0,31.33538550342924
0.0003116043377209334,0.005403536063385228,-0.205,302.3506271023474,0.0,0.0,0.7740186272690952,1737.7010086395146,0.0,0.0,-1.0,32.87920118478695
0.0006405505493004511,-0.0007059646637674401,-0.205,302.89211365897734,0.0,0.0,0.991661075011993,1736.5403829696402,0.0,0.0,-1.0,25.64113617453971
-0.0044529931064613065,0.0034237369555500117,-0.205,302.41974230335376,0.0,0.0,0.7575184649063247,1733.0260744867535,0.0,0.0,-1.0,33.832117465478184
0.0033835031929666105,-0.004656013451239383,-0.205,302.23991337589774,0.0,0.0,0.7460302086512732,1739.544889848065,0.0,0.0,-1.0,31.512517474116702
0.0060179394927073,-0.0010482982963967982,-0.205,302.2341495913364,0.0,0.0,0.7156202795094923,1736.9391917799926,0.0,0.0,-1.0,34.96924913260017
0.0022947968345887,-0.004889958770237007,-0.205,302.4399007470053,0.0,0.0,0.7748798522450717,1734.4968576273975,0.0,0.0,-1.0,33.061028367770675
0.0030791780489774333,0.0013680466570408353,-0.205,302.7370786102394,0.0,0.0,0.9081739978185998,1735.3783646379275,0.0,0.0,-1.0,30.186862362866005
-0.004042220136987173,0.004965716900368426,-0.205,302.2373845690711,0.0,0.0,0.6890160246892446,1730.8215819407421,0.0,0.0,-1.0,34.511164132959834
0.004218356670768305,0.0011409212428190455,-0.205,302.5531582787865,0.0,0.0,0.8495074683287965,1736.4179917717036,0.0,0.0,-1.0,31.021736414153583
-0.003982646363061465,0.000512641154800319,-0.205,302.6066090774901,0.0,0.0,0.8718493727239695,1739.9888412358403,0.0,0.0,-1.0,30.68288362972271
0.004026279235468318,-0.002570816136252392,-0.205,302.4100201607623,0.0,0.0,0.8217560400984769,1735.4851730242763,0.0,0.0,-1.0,32.50063927497809
-0.004151904889371818,0.0024465765837831145,-0.205,302.5798984575346,0.0,0.0,0.8187593204809167,1737.1785484280676,0.0,0.0,-1.0,33.406411420899985
0.0026494429050628594,0.003282229642055029,-0.205,302.5341719204552,0.0,0.0,0.8592846220900136,1738.5563234337928,0.0,0.0,-1.0,31.39192223976417
0.0007100164845932228,0.0043967633148223545,-0.205,302.4802315087356,0.0,0.0,0.8439769593524445,1734.9074758563086,0.0,0.0,-1.0,32.03787859333675
-0.0017739136557135724,-0.005091591793250161,-0.205,302.4166054089378,0.0,0.0,0.7756620943841567,1736.0815398184461,0.0,0.0,-1.0,34.20114869420964
0.0015883184250057943,0.006300665886685858,-0.205,302.099403599698,0.0,0.0,0.6802076155076722,1738.5303051274902,0.0,0.0,-1.0,34.5811748503033
-0.005364401629800313,0.002307408081852133,-0.205,302.31879336237296,0.0,0.0,0.7389386399229552,1733.6354019800178,0.0,0.0,-1.0,34.276318538556914
-0.0026267455666968737,-0.004156315134374549,-0.205,302.4069511892056,0.0,0.0,0.8117181509919031,1737.190676968467,0.0,0.0,-1.0,32.16534070798889
0.005539454096534561,0.0032577754187743287,-0.205,302.2793337681137,0.0,0.0,0.6868490836136615,1740.6803523385975,0.0,0.0,-1.0,35.90284751494949
6.64505333704498e-05,0.0029149663886752376,-0.205,302.66785990917464,0.0,0.0,0.9302357870355791,1737.823468518809,0.0,0.0,-1.0,29.44796425626705
0.0005120860878179542,-0.004163304355689317,-0.205,302.64220532899026,0.0,0.0,0.8607669710749191,1735.7746134090246,0.0,0.0,-1.0,30.85729846310525
-0.0020048313594512313,-0.00011858501522354412,-0.205,302.8124781924804,0.0,0.0,0.9656439303788915,1735.3175139933364,0.0,0.0,-1.0,27.69922023949471
-0.0008682772301640682,0.005039568015463751,-0.205,302.38267313562346,0.0,0.0,0.7971239078807265,1737.432437025346,0.0,0.0,-1.0,33.17421366251904
0.003501545176762219,-0.0018008375887484719,-0.205,302.46938311397645,0.0,0.0,0.8765384366082227,1737.04614318419,0.0,0.0,-1.0,31.844261009279034
2.1746111406894104e-05,0.005795912596795091,-0.205,302.2095718386331,0.0,0.0,0.7426335802014503,1736.7925844866222,0.0,0.0,-1.0,34.61932665562528
-0.0015645850821071302,-0.0009696247431736552,-0.205,302.8099457913636,0.0,0.0,0.9708879464166762,1736.042418531411,0.0,0.0,-1.0,27.343348554180256
-0.0035526045644505315,0.0033745444361473875,-0.205,302.4678896406551,0.0,0.0,0.8129480567375833,1739.6649618755278,0.0,0.0,-1.0,32.51630046094236
0.005941092582010893,0.0005670007196679847,-0.205,302.26137271876536,0.0,0.0,0.727916957789587,1737.2409435814277,0.0,0.0,-1.0,35.063117424854596
-0.0013582541676782725,0.0016736525679335336,-0.205,302.83789947976663,0.0,0.0,0.9607050317497237,1734.7429512177193,0.0,0.0,-1.0,28.09004441802286
0.00019844169100279862,-0.002983668757662653,-0.205,302.8106721558645,0.0,0.0,0.9268083109450466,1736.2655085175984,0.0,0.0,-1.0,28.99148164554529
0.00375255855467177,0.0017074975914488403,-0.205,302.62874706616145,0.0,0.0,0.8652669386996834,1738.313608163533,0.0,0.0,-1.0,30.480204989801702
0.00392740083313913,0.0016681129254640288,-0.205,302.7568227471289,0.0,0.0,0.8561721986324027,1737.0857187613253,0.0,0.0,-1.0,31.465645290138273
-0.000775650866522215,0.003319241302121732,-0.205,302.59792954163805,0.0,0.0,0.9061304336768672,1733.8431305716738,0.0,0.0,-1.0,28.25345851054879
0.005354886276618916,-0.001204018625731453,-0.205,302.256089976257,0.0,0.0,0.7679465573440134,1734.1225118572536,0.0,0.0,-1.0,32.75103659608518
-0.005641454338643186,0.0030356949720954955,-0.205,302.2836092218863,0.0,0.0,0.6887021134544824,1738.5058891052577,0.0,0.0,-1.0,33.399258745547534
-0.0006888120410956623,0.005724754154562447,-0.205,302.22784232011054,0.0,0.0,0.7451510677924159,1734.5623689058716,0.0,0.0,-1.0,32.76031194684861
0.0031937303736073275,0.0017164985135450712,-0.205,302.660460585758,0.0,0.0,0.894445352112218,1735.5711914712338,0.0,0.0,-1.0,31.530088764725072
0.0034344168631969263,-0.004092507609337102,-0.205,302.3787526697168,0.0,0.0,0.7795290638539707,1734.0412113092243,0.0,0.0,-1.0,34.459697418091395
-0.005654817164756478,-0.00039339342302036046,-0.205,302.30659224827485,0.0,0.0,0.7532814416280743,1738.840820988716,0.0,0.0,-1.0,35.36164723469691
0.0018655109636816643,-0.0005336061306803991,-0.205,302.7655499150201,0.0,0.0,0.9678206905625832,1737.1002816655575,0.0,0.0,-1.0,26.355281849143573
-0.001282464793491343,0.0026349570883406567,-0.205,302.7333445491918,0.0,0.0,0.9295634082761236,1740.5834977116501,0.0,0.0,-1.0,28.720729290448624
-0.0010316762419184753,0.004638751604660191,-0.205,302.4148767393289,0.0,0.0,0.8235199224596093,1734.2735328348417,0.0,0.0,-1.0,31.243582450397177
-0.001456169423211298,-7.549004607894444e-05,-0.205,302.892122701413,0.0,0.0,0.9813007338208848,1736.6883507175105,0.0,0.0,-1.0,29.888332240442452
0.005244073898616021,0.0013294045775294272,-0.205,302.4173855508594,0.0,0.0,0.7742214160319821,1734.6256388297006,0.0,0.0,-1.0,33.532905366275735
0.0009439560887543283,-0.005272066402225498,-0.205,302.40475510146905,0.0,0.0,0.7784879705755066,1741.1167132606613,0.0,0.0,-1.0,29.96905096047612
0.000561487643000248,0.00069416226076265,-0.205,302.9996271739137,0.0,0.0,0.9926367914863303,1736.8293806317215,0.0,0.0,-1.0,28.740649389840875
0.004479420444497072,0.0030600934998356783,-0.205,302.37794474866075,0.0,0.0,0.7730361685828754,1740.8223012526034,0.0,0.0,-1.0,31.57609845049721
-0.00354859712533035,0.003067232375116274,-0.205,302.5587195508784,0.0,0.0,0.8278429948451962,1738.4347529976783,0.0,0.0,-1.0,32.37540070303885
-0.0023461890993941624,-0.004371636272601696,-0.205,302.46827682154355,0.0,0.0,0.8084562548037902,1734.1825033581372,0.0,0.0,-1.0,33.091054887392374
-0.005506733816722342,0.0011133856631261366,-0.205,302.4018790883424,0.0,0.0,0.7574263070219944,1736.7101915880623,0.0,0.0,-1.0,32.98458033853609
0.002257201735873966,0.0027511200876264214,-0.205,302.651335298778,0.0,0.0,0.8981303947354877,1736.4369221789311,0.0,0.0,-1.0,31.097521360497133
-0.0019131701620125924,-0.005345419485375601,-0.205,302.3655874396892,0.0,0.0,0.7525373664510278,1738.6479222637045,0.0,0.0,-1.0,35.33999283754932
0.005739486184192922,0.0013339276962286725,-0.205,302.30813380802425,0.0,0.0,0.7344306297332985,1737.228202830363,0.0,0.0,-1.0,33.54533854930685
0.005942472377439755,-0.001682105090643368,-0.205,302.12136817948084,0.0,0.0,0.709629283357824,1732.55438775083,0.0,0.0,-1.0,33.454306242686684
0.004225254581554519,-0.0008395495158756578,-0.205,302.50411661200144,0.0,0.0,0.8535427898696742,1734.2665767127442,0.0,0.0,-1.0,29.913088583301267
0.0012892632974585059,-0.0016659160083838834,-0.205,302.8336411547688,0.0,0.0,0.9623821633052434,1735.810011660969,0.0,0.0,-1.0,27.281133139403515
0.0009900726371732844,0.0023400040625905882,-0.205,302.7349608489374,0.0,0.0,0.9462880176961728,1737.6858693006172,0.0,0.0,-1.0,29.5177529466015
0.0005359688577578746,0.004288406674735938,-0.205,302.47923557672704,0.0,0.0,0.852642683766461,1734.6677195994837,0.0,0.0,-1.0,31.201932490617573
0.004776541351881406,0.0025122177932470594,-0.205,302.38129817255424,0.0,0.0,0.7752551763887918,1731.9558911961278,0.0,0.0,-1.0,35.54345842313048
0.0016834201245976383,-0.0006974787441203419,-0.205,302.8187988721235,0.0,0.0,0.971441000433062,1740.172680650948,0.0,0.0,-1.0,27.63154067793318
0.002636705872347704,0.003802764185626879,-0.205,302.52142667186826,0.0,0.0,0.8322112892074547,1733.7138795985593,0.0,0.0,-1.0,31.503497847721817
0.000832404196353729,-0.002887642251778455,-0.205,302.7994637337512,0.0,0.0,0.9261108347178489,1737.4135485114405,0.0,0.0,-1.0,28.674201111776664
0.0015400520201930335,-0.001903665438375431,-0.205,302.7820858910038,0.0,0.0,0.9499317213637931,1735.873457678973,0.0,0.0,-1.0,28.339868486482438
-0.0012660114617869922,0.00046965217170937007,-0.205,302.9580043168661,0.0,0.0,0.9838399391486979,1738.4757494935875,0.0,0.0,-1.0,25.579646261810833
-0.0025069855079527356,-0.005048237175901224,-0.205,302.35845910887093,0.0,0.0,0.7559230694216681,1737.875434384891,0.0,0.0,-1.0,33.237550538399084
0.0026956095130941855,-0.003748815581620448,-0.205,302.45938436204705,0.0,0.0,0.8329059192800845,1736.4741513029642,0.0,0.0,-1.0,33.23679329663981
0.002949032765075203,0.005311481170924723,-0.205,302.28869455673384,0.0,0.0,0.718559826311691,1734.744627371278,0.0,0.0,-1.0,34.39346242833133
-0.006244674347296572,0.0013999504668420672,-0.205,302.1842125756364,0.0,0.0,0.6893191854737571,1734.5351212558387,0.0,0.0,-1.0,35.12124126564711
