x,y,z,T,u,v,w,p,nx,ny,nz,qn
-0.005839192571156563,-0.006176878671056283,-0.034023280512931686,285.0788842407719,0.0,0.0,-0.9082210269831198,1046.7617206348193,-0.686963831900772,-0.7266916083595626,0.0,-4858.227307999705
-0.007958610118036644,0.0029850502490049915,-0.0622940407430673,284.791248063107,0.0,0.0,-0.8786884199115423,874.6464301289066,-0.9363070727101934,0.35118238223588133,0.0,-4672.551753539552
-0.008460188812660446,-0.0008217087404518861,0.008514265531908233,284.88136397424284,0.0,0.0,-0.908919667527896,1306.5451607380203,-0.995316330901229,-0.0966716165237513,0.0,-4641.396291776886
-0.0027500580010699676,0.008042834139204355,-0.13869436375606364,285.13872175797434,0.0,0.0,-0.827060602720828,405.3526614984471,-0.32353623541999615,0.9462157810828653,0.0,-4991.7320109639695
-0.005578404480047338,0.006413376915244247,-0.09858001627425275,284.89609395160943,0.0,0.0,-0.8380223890691741,653.737776531782,-0.6562828800055691,0.7545149312052054,0.0,-4859.0405267719125
0.008364062396753089,0.0015140872574660254,-0.08508952481712374,284.99944204656225,0.0,0.0,-0.8498867943224643,735.0495400879446,0.9840073407944809,0.1781279126430618,0.0,-4626.132106533378
-0.007860009886327974,0.0032357757318495534,0.09987604911884287,284.7278067635274,0.0,0.0,-0.8855369204528507,1869.6082023565218,-0.9247070454503499,0.3806794978646533,0.0,-4725.5594404198
0.0062375589172833585,0.005774327558549035,-0.026719787796239736,285.10380339701726,0.0,0.0,-0.8283676918897329,1091.6961509963385,0.7338304608568657,0.6793326539469453,0.0,-4830.888132521095
-0.0007524278810926809,0.008466631696474955,-0.12252822369193456,285.15455140125107,0.0,0.0,-0.8269967158531174,503.01375097549425,-0.08852092718737421,0.9960743172323476,0.0,-5038.6787541293825
0.008468725616692575,0.0007284822778729465,0.014359053329103588,284.89355349905384,0.0,0.0,-0.8279492804164205,1346.543173565757,0.9963206607873618,0.08570379739681723,0.0,-4642.084290932778
-0.008174897911700611,-0.0023283135813873972,-0.018642830220646084,284.96461225716155,0.0,0.0,-0.9099985767029899,1143.6212449627292,-0.9617526954941894,-0.2739192448691055,0.0,-4663.012236255005
-0.001030730263558227,-0.008437274152460924,0.13207700989124863,284.59806091807604,0.0,0.0,-0.8282894355728773,2066.6567452720315,-0.12126238394802669,-0.9926204885248144,0.0,-5103.965286401943
-0.007722344608175491,0.0035518155572302652,0.1603386641076878,284.70540809621787,0.0,0.0,-0.84953205233961,2240.2953998880644,-0.9085111303735871,0.4178606537917959,0.0,-4754.84500180477
0.00525664194995918,0.006679649347827277,-0.18048509739238977,285.1205883102742,0.0,0.0,-0.8800524183196469,158.98324158968117,0.6184284647010799,0.7858410997443854,0.0,-4858.297511973171
-0.0012531201398093422,0.008407121381020035,-0.0694597323142794,285.0085519907028,0.0,0.0,-0.8346741399603939,826.6887901657394,-0.14742589880109908,0.9890731036494158,0.0,-5046.801327981605
-0.004419998992976947,-0.0072604138244374734,-0.12703174510852233,285.22406044126205,0.0,0.0,-0.8933509203310633,476.7822613787478,-0.5199998815266996,-0.8541663322867615,0.0,-4921.942366501334
0.007240696895384879,-0.004452225114385367,0.05913945491150688,284.7488650508824,0.0,0.0,-0.8286189550431041,1618.2949281325132,0.8518466935746916,-0.5237911899276902,0.0,-4771.583855709219
0.0071831674603054585,0.004544458739741054,-0.05310820801426355,285.12242336407,0.0,0.0,-0.8273035033606734,933.1534661540192,0.8450785247418185,0.5346422046754181,0.0,-4746.522062675302
0.008169464915112406,0.0023473054766577498,0.02669609786478666,284.970619996002,0.0,0.0,-0.8355783655298817,1419.3512777853177,0.9611135194249888,0.27615358548914704,0.0,-4675.717120942366
-0.004234110723886455,0.0073703667736327565,-0.14456298442269705,285.17070664785604,0.0,0.0,-0.8263181697512778,368.3053117816893,-0.49813067339840644,0.8671019733685595,0.0,-4927.035775233971
-0.005982954716935755,-0.006037735739090956,0.0933825545430633,284.7960871455881,0.0,0.0,-0.8425744163936307,1826.7456438184224,-0.7038770255218535,-0.7103218516577594,0.0,-4882.058994591624
0.0073376960453284895,-0.0042904797804407206,0.06914911844520208,284.7012095182239,0.0,0.0,-0.8317746939920773,1679.773672848285,0.8632583582739399,-0.5047623271106729,0.0,-4765.657605532568
0.008384196081014409,-0.0013983047146822643,-0.15556650365908892,284.9867818792462,0.0,0.0,-0.9028456032912853,304.1325978850245,0.9863760095311068,-0.16450643702144285,0.0,-4605.1700872012125
-0.007668559893254326,-0.0036664954880063897,-0.19324379459949856,285.0361647498415,0.0,0.0,-0.8339679122981039,74.19956829380058,-0.90218351685345,-0.43135241035369287,0.0,-4665.022660731834
0.0015422502886395476,0.008358915243450626,0.11562633480341242,284.63799617649175,0.0,0.0,-0.9099926510523944,1966.2969461157152,0.18144121042818206,0.9834017933471324,0.0,-5091.53649793108
0.006854990012050275,-0.005025844400167099,-0.08740608689243279,284.809099039243,0.0,0.0,-0.8844069313584209,722.8311302423635,0.8064694131823852,-0.5912758117843645,0.0,-4765.376704108047
-0.0084942703638075,0.0003120432446659128,-0.19915147361373028,285.0080039314592,0.0,0.0,-0.826058771836424,36.362944163461265,-0.9993259251538233,0.03671096996069562,0.0,-4582.162102774141
-0.00431575318077969,0.007322859720258882,0.11696902355614394,284.4669229234047,0.0,0.0,-0.8986078343856159,1973.18035158509,-0.5077356683270223,0.8615129082657508,0.0,-4992.951909236955
0.008326942052518304,-0.0017064688845690311,-0.048720464437056105,284.8185642338729,0.0,0.0,-0.8435272445771026,962.3723808938145,0.9796402414727415,-0.20076104524341543,0.0,-4639.662854689122
0.0037035527351387655,-0.0076507318040855525,-0.13412084732809004,285.0771773654403,0.0,0.0,-0.909976074532549,433.45718220317286,0.43571208648691356,-0.9000860945983002,0.0,-4955.484548217184
0.006283155286483156,0.005724679872791035,-0.1951889124175361,285.1085318270332,0.0,0.0,-0.8944589347735253,61.30104755601728,0.7391947395862536,0.6734917497401217,0.0,-4782.2123432758535
-0.005975948000011837,-0.006044670834806022,0.1189198726992721,284.82692244599207,0.0,0.0,-0.8317207515939433,1988.655789187489,-0.7030527058837455,-0.7111377452712967,0.0,-4889.420764509603
0.006245284122411956,0.005765971403878894,-0.05734106276339862,285.14744109683727,0.0,0.0,-0.8263721966503748,906.4534851917798,0.7347393085190536,0.6783495769269287,0.0,-4822.085397776787
-0.0008692139220537309,0.008455440092491223,-0.17414876391587464,285.2510325358128,0.0,0.0,-0.8451508378443442,188.8919230604977,-0.10226046141808598,0.9947576579401438,0.0,-5023.675992034065
0.0028023765350505617,0.00802475456047087,-0.14652749475806554,285.2801663995199,0.0,0.0,-0.8456864333936919,357.08170240189656,0.32969135706477193,0.9440887718201022,0.0,-4987.861333302599
0.004767173366913858,-0.007037333166035782,0.15493616371535476,284.5400647796698,0.0,0.0,-0.8608191965975808,2206.4871350293624,0.5608439255192774,-0.827921548945386,0.0,-4978.168039177159
0.008199764593291869,-0.0022391651601873933,0.15896488207197337,284.7959428848311,0.0,0.0,-0.8916712222035983,2229.4167131459308,0.9646781874461022,-0.2634311953161639,0.0,-4708.183352355147
-0.004925336070722965,-0.00692755834262226,-0.1543583635405708,285.1967236107692,0.0,0.0,-0.8746092455645779,313.2523426029952,-0.5794513024379958,-0.8150068638379129,0.0,-4885.850703278787
0.0010313897774459294,0.00843719355751544,0.19744941732155633,284.4010124575384,0.0,0.0,-0.8778754147860609,2467.70482002791,0.12133997381716816,0.9926110067665223,0.0,-5121.495942647321
-0.0007620327883902611,0.008465772618575234,0.1821661711856649,284.5125452612417,0.0,0.0,-0.8788036084690745,2373.2638894714155,-0.08965091628120718,0.9959732492441451,0.0,-5120.337444618284
-0.004894862338092428,0.0069491238793911525,0.13979106301949137,284.58576016729114,0.0,0.0,-0.8837989164231669,2114.5202423516844,-0.5758661574226386,0.8175439858107237,0.0,-4966.591313590218
0.008428775978071179,-0.0010980598852021965,0.19756259038406973,284.7550169531678,0.0,0.0,-0.9087607731708802,2464.8909603896877,0.9916207033024915,-0.12918351590614074,0.0,-4695.347484964141
0.004584742622813184,-0.00715752297115141,-0.1729029223890164,285.1679509019624,0.0,0.0,-0.9046714296992547,197.14663733801365,0.5393814850368451,-0.8420615260178128,0.0,-4900.601161050118
-0.007552067533088135,-0.00390080452928317,-0.08020087574403531,285.0662690740746,0.0,0.0,-0.8986653332623739,766.3595221562081,-0.8884785333044865,-0.458918179915667,0.0,-4706.14928605068
-0.008489532382280817,-0.0004217107186276109,0.18154394373306024,284.78712855123007,0.0,0.0,-0.8279997735896256,2372.503548077801,-0.9987685155624489,-0.0496130257208954,0.0,-4684.789950754581
-0.00015285261564500018,-0.0084986255405148,0.02985747887495427,284.8000610863257,0.0,0.0,-0.850126598021725,1440.0443100482864,-0.017982660664117668,-0.9998382988840941,0.0,-5082.868257635586
-0.00790700455266881,-0.0031191792196144695,-0.17985059081532576,284.9929348938761,0.0,0.0,-0.8375902427914372,155.43822127874435,-0.9302358297257423,-0.366962261131114,0.0,-4645.998374945743
0.008421012990019561,0.0011560883279065743,-0.1912095121287323,285.0517624386542,0.0,0.0,-0.9074856671754605,84.66489599886229,0.9907074105905366,0.13601039151842048,0.0,-4591.83937069429
0.008485583041776148,-0.0004948539593870774,0.16936671917752852,284.7945267467542,0.0,0.0,-0.902561193748121,2298.328745461108,0.9983038872677821,-0.05821811286906793,0.0,-4681.93116489971
-0.008278325014337914,0.0019285577401227055,-0.14041975956635525,284.8200937951983,0.0,0.0,-0.837580035271943,399.90424306823536,-0.9739205899221074,0.22688914589678888,0.0,-4619.977027161343
0.00847625172960668,0.0006349461523151286,0.19079207546330704,284.79308508531795,0.0,0.0,-0.9095715117022614,2426.9044279019363,0.9972060858360798,0.0746995473311916,0.0,-4688.643327650682
0.00785166721468338,-0.0032559671297275336,-0.13307402181595457,284.9244940706297,0.0,0.0,-0.8998743752416609,438.4947217927228,0.9237255546686328,-0.3830549564385333,0.0,-4663.85889750607
-0.0010820607700439955,0.00843084482658362,0.0675927799627781,284.6642292016562,0.0,0.0,-0.9065641362707705,1669.0011344754296,-0.12730126706399947,0.9918640972451318,0.0,-5086.0041787404125
-0.00672667691922495,0.005196327320749373,-0.07810800280840505,284.7802955225137,0.0,0.0,-0.8562341206417826,774.5025714633713,-0.7913737552029352,0.6113326259705144,0.0,-4778.4843293819185
0.0061502738998068405,0.0058672081058502405,-0.19836865423090771,285.1080992733137,0.0,0.0,-0.8952916860892548,40.47461164335906,0.7235616352713929,0.6902597771588518,0.0,-4791.420907931695
-0.00839006965655525,0.0013626192271323943,-0.1539455943548636,284.9536525265452,0.0,0.0,-0.833851251434785,311.82625414349235,-0.9870670184182646,0.16030814436851695,0.0,-4605.004951972154
0.0075337360009107585,0.003936092207835225,0.11558164207644636,284.80183561060136,0.0,0.0,-0.8944722735004791,1965.8379668306436,0.8863218824600891,0.4630696715100265,0.0,-4760.360457945636
-0.00798319829459815,-0.0029186546539673357,-0.15242396171348752,284.9908305670167,0.0,0.0,-0.8510824395261318,324.00796132078,-0.9391997993644883,-0.343371135760863,0.0,-4645.983410593982
0.007159213074470577,-0.004582103027467798,0.048040502573983485,284.71758186372585,0.0,0.0,-0.8265834678271674,1547.269043829008,0.8422603617024207,-0.5390709444079762,0.0,-4775.751807890887
0.00382195542701368,-0.007592276122080959,-0.18685892983794763,285.2012883683781,0.0,0.0,-0.8964554627430792,109.44604825683018,0.4496418149427859,-0.8932089555389363,0.0,-4935.908901217123
-0.002210238036995502,-0.008207609141511205,0.01815539116385556,284.9502249994747,0.0,0.0,-0.8673625778677893,1366.192936862218,-0.26002800435241197,-0.9656010754719063,0.0,-5050.120550864038
0.003959476028824082,-0.007521472567068731,-0.1387883260250199,285.0796735916533,0.0,0.0,-0.9098925353906051,407.8344151475029,0.46582070927342134,-0.8848791255374977,0.0,-4942.2889770491065
0.00035586945413508666,-0.008492547140382183,0.012726396619275132,284.8720736127351,0.0,0.0,-0.8581426277912871,1332.2103121100085,0.04186699460412784,-0.9991231929861392,0.0,-5077.643147188616
0.0012136657991768925,0.008412907661915013,-0.11136707093720037,285.1682996264848,0.0,0.0,-0.8276259400018038,572.1828835702985,0.1427842116678697,0.9897538425782367,0.0,-5036.150604063845
0.0037997050481410077,0.007603436167097857,0.06662516571191715,284.868628190484,0.0,0.0,-0.89022379573087,1665.2372139578356,0.44702412331070673,0.8945219020115125,0.0,-5004.949595057745
-0.0002802686804296597,0.008495378123825344,-0.06317235810738162,285.0238726208621,0.0,0.0,-0.8342036551902342,871.8542109068642,-0.032972785932901136,0.9994562498618051,0.0,-5057.572948527199
-0.0007312043509124086,0.008468491022443536,-0.00371952866979397,284.86892891865847,0.0,0.0,-0.869223257777589,1232.6977041698162,-0.08602404128381276,0.9962930614639454,0.0,-5070.746017975286
-0.0029826022596483787,-0.007959527860416118,-0.03711482080054815,285.0608710372426,0.0,0.0,-0.9016002419649889,1028.872368927235,-0.3508943834880445,-0.9364150424018962,0.0,-5010.866543071153
0.0011222548394996148,0.008425588648588282,0.03778971143517543,284.8037415647312,0.0,0.0,-0.886143831295359,1486.988753075975,0.13202998111760172,0.9912457233633272,0.0,-5077.468660065852
0.00803974813450596,0.0027590668592312076,-0.18043688518567608,285.0042896770049,0.0,0.0,-0.899932898992711,150.13845731390347,0.9458527217065834,0.3245961010860244,0.0,-4632.949660664284
0.006189263184096598,0.005826063957594909,0.13010400829186994,284.78515760221467,0.0,0.0,-0.9068046952473156,2053.402272761187,0.7281486098937173,0.6854192891288128,0.0,-4876.617778284493
0.00314932403354816,0.007895046429991148,-0.13192636871585114,285.20052780453517,0.0,0.0,-0.8396710626030035,451.920330309648,0.37050870982919526,0.9288289917636643,0.0,-4979.203370802341
0.006185075873586657,-0.005830509106242461,-0.16648493205339573,285.0246870393908,0.0,0.0,-0.9094250055088472,236.46103034361914,0.7276559851278419,-0.6859422477932307,0.0,-4797.3606885278605
-0.0050776233828127,-0.006816725077507067,0.10131128307952295,284.81677785039585,0.0,0.0,-0.8347799735671606,1879.134697346636,-0.5973674568014941,-0.8019676561773019,0.0,-4945.168009432152
0.00028924964528364287,0.008495077082799384,-0.16237986396561865,285.3075154375754,0.0,0.0,-0.8436269242716229,260.21949383372333,0.03402937003336975,0.9994208332705157,0.0,-5030.925151512429
0.0024000378267350782,-0.008154128919157507,-0.19626436318649365,285.3073686053586,0.0,0.0,-0.8851306506822708,54.43622768184418,0.2823573913805974,-0.9593092846067655,0.0,-4987.264400992177
0.008499193997107378,-0.0001170529774671317,0.02266738469398749,284.89540348785215,0.0,0.0,-0.8283155116540651,1394.2203741145297,0.9999051761302797,-0.013770938525544904,0.0,-4641.1649345035485
0.00799951991303062,-0.002873618130689354,0.14259903664568838,284.69602460600106,0.0,0.0,-0.8791882738555713,2131.6774970747833,0.9411199897683082,-0.33807272125757104,0.0,-4723.547270662192
0.006617228765986078,-0.005335005478779416,-0.13677843158294797,284.9878844815921,0.0,0.0,-0.9072037861905697,418.1015696198199,0.778497501880715,-0.6276477033858135,0.0,-4771.637669032901
0.0012421362059963736,0.008408751253649554,0.025274692258453246,284.828033065775,0.0,0.0,-0.8780109158186835,1413.8086177477494,0.146133671293691,0.9892648533705357,0.0,-5072.384793046431
-0.0037723770689850568,0.007617031656058397,0.1990960355878932,284.4994569566669,0.0,0.0,-0.8528369216445204,2474.5343861576403,-0.4438090669394184,0.8961213713009878,0.0,-5041.750754873011
0.007806801659608001,0.003362119546884342,0.12185898753908866,284.80090949773984,0.0,0.0,-0.8951640576148938,2004.7165045518984,0.9184472540715295,0.39554347610404017,0.0,-4736.533916960535
-0.0024403148386307996,-0.00814216577381954,-0.18523582079531015,285.2738294210937,0.0,0.0,-0.8684909369759035,118.30763812753565,-0.2870958633683294,-0.9579018557434752,0.0,-4989.036009368862
0.003756287786868053,0.007624978823723113,0.037233653839822106,284.94098792362996,0.0,0.0,-0.8727303227281688,1483.9500018342524,0.4419162102197709,0.8970563322027192,0.0,-4999.061944667653
-0.005290565492697189,0.006652812695956633,-0.05812241012635497,284.78695522718175,0.0,0.0,-0.8588799972589658,897.3650705737855,-0.622419469729081,0.7826838465831332,0.0,-4888.947544277981
-0.0012594506887583783,-0.008406175346885529,-0.177920681889309,285.29765453339235,0.0,0.0,-0.879051577799387,166.6463428088926,-0.14817066926569156,-0.9889618055159446,0.0,-5017.605182126264
-0.0019967005409937334,-0.008262153892877773,-0.08705426469871683,285.1414530543798,0.0,0.0,-0.9099999963246657,724.198521752177,-0.23490594599926276,-0.9720181050444439,0.0,-5027.364424238803
-0.007802883044815418,0.003371203967269274,-0.1846981488431247,284.99482843113066,0.0,0.0,-0.8261962189237909,124.00051991931282,-0.9179862405665197,0.396612231443444,0.0,-4654.6593934527
-0.005757961357706894,0.006252669909978793,0.020278960827390335,284.7031777440795,0.0,0.0,-0.9045358942130293,1376.7581647112738,-0.6774072185537522,0.7356082247033873,0.0,-4878.533259317907
0.006043783488750903,0.005976845417199776,-0.09639659870480857,285.0451033416333,0.0,0.0,-0.8358072795447541,666.5395472345176,0.7110333516177533,0.7031582843764442,0.0,-4826.687389978844
-0.0076690489827914085,-0.003665472370588282,-0.14274476619507137,284.99695881113354,0.0,0.0,-0.8608576345009946,378.1004217425207,-0.9022410567989891,-0.4312320435986214,0.0,-4678.525496891309
-7.890851537972212e-05,0.008499633724237803,0.013744933006131832,284.74228745248905,0.0,0.0,-0.8771624642198254,1343.7957057241072,-0.009283354750555542,0.999956908733859,0.0,-5078.649745455678
-0.007756629615740467,0.0034763050792785575,0.1637785673476103,284.78339279180784,0.0,0.0,-0.8472130388827264,2260.367710868504,-0.912544660675349,0.4089770681504185,0.0,-4752.535977839683
0.0006998788702041715,0.008471137442341597,-0.1825983499937616,285.2498325141397,0.0,0.0,-0.8571673196537031,134.58157350862743,0.08233869061225547,0.9966044049813644,0.0,-5023.027148394596
-0.002000884889809096,0.008261141546888883,-0.11686000752326998,285.1395782812429,0.0,0.0,-0.8260064777924409,541.3423090571929,-0.23539822233048185,0.9718990055163391,0.0,-5019.265892901139
0.008388510554539784,-0.001372184636400902,-0.11750439570866365,284.8384933653627,0.0,0.0,-0.884048795965379,534.9952807940749,0.9868835946517391,-0.16143348663540022,0.0,-4614.941169486821
-0.007817463749079396,0.0033372534413540628,-0.030091235629848584,284.7472764371285,0.0,0.0,-0.8952550319257345,1073.8407097453057,-0.9197016175387523,0.39261805192400734,0.0,-4694.752272926789
-0.0015996076275094186,0.008348128858493602,0.1962595544943759,284.45408983539755,0.0,0.0,-0.8656755617038798,2459.5989174004058,-0.1881891326481669,0.9821328068816002,0.0,-5112.072336580698
-0.006095628081496327,-0.005923961368212442,-0.19895656677783174,285.1307586105501,0.0,0.0,-0.8407165898138441,35.564995899776804,-0.717132715470156,-0.6969366315544049,0.0,-4795.338503010321
0.007917042955427044,0.0030936112945751664,-0.09417868433674792,284.9889801332057,0.0,0.0,-0.8478629230199041,675.6293242979496,0.9314168182855345,0.36395426995001956,0.0,-4668.016140775309
-0.0018234291948603283,-0.008302114548193794,0.11656751902596821,284.65850437025676,0.0,0.0,-0.8260000080453535,1976.4279462991196,-0.2145210817482739,-0.9767193586110344,0.0,-5086.025722835243
-0.0025337106600552607,0.008113588003535942,-0.052854468763323864,284.8712230466661,0.0,0.0,-0.8475955248469775,932.2038074970038,-0.2980836070653248,0.9545397651218754,0.0,-5021.723844578342
-0.007431220784592916,0.0041263734259800395,-0.18544509174504195,285.06737324190965,0.0,0.0,-0.8268984207263037,123.69241171448087,-0.8742612687756371,0.4854556971741223,0.0,-4688.940021724388
-0.00836791659651584,-0.0014926392175454765,0.0928915658553773,284.859334972278,0.0,0.0,-0.8667707450679223,1823.121687774958,-0.9844607760606869,-0.17560461382887957,0.0,-4673.4903987997295
-0.006142335568557193,0.0058755181697648755,0.04832848279471527,284.66219849648724,0.0,0.0,-0.909989299457317,1552.0674241828708,-0.722627713947905,0.6912374317370441,0.0,-4858.202220605925
0.0007261399538990165,0.00846892677777719,-0.1272187606995897,285.25124414767123,0.0,0.0,-0.8304471396468515,481.1207566878604,0.08542822987047252,0.9963443267973164,0.0,-5037.657025091407
-0.007087662304604033,-0.004692019080938937,-0.0292790531487645,285.0468318115066,0.0,0.0,-0.9096118024493836,1079.8077733145028,-0.8338426240710626,-0.5520022448163455,0.0,-4761.215494721366
0.000634390969906824,0.008476293299390996,-0.1960226154665713,285.3261050241467,0.0,0.0,-0.8653610605669478,55.98856229567625,0.074634231753744,0.9972109763989406,0.0,-5019.957648420372
0.0076980313928577,-0.003604207634775966,0.11875933983326872,284.68622740406744,0.0,0.0,-0.8601210311266687,1985.0444887325762,0.9056507521009057,-0.42402442762070186,0.0,-4745.972816602874
-0.001667906883799977,0.00833475174357177,-0.14700007027700696,285.1781237760624,0.0,0.0,-0.8308329010077793,355.5236172077731,-0.19622433927058552,0.9805590286555023,0.0,-5018.619200573191
0.004868226796366543,0.006967809401751655,0.10701057423212709,284.83844000971015,0.0,0.0,-0.904008389556954,1913.079101106984,0.5727325642784168,0.8197422825590182,0.0,-4959.380214380908
0.008423360395470696,0.0011388589236669218,0.20045141135087743,284.85005406745455,0.0,0.0,-0.9099121739755214,2481.071756515865,0.9909835759377288,0.13398340278434373,0.0,-4696.678329925332
-0.0021836002412893595,0.008214736148303307,-0.12879164331995244,285.12106619871304,0.0,0.0,-0.8264293454119308,462.63740203761824,-0.25689414603404226,0.9664395468592126,0.0,-5011.408519477849
0.0019549652417766594,-0.00827212855941233,-0.01036972176982165,284.84965941016077,0.0,0.0,-0.8649300567263576,1192.1504243797351,0.22999591079725404,-0.9731915952249801,0.0,-5048.9427071724485
-0.007612899065781866,0.0037807099616629677,-0.13157777358259404,284.90913329148043,0.0,0.0,-0.8349299354279673,450.501648475322,-0.8956351842096313,0.44478940725446675,0.0,-4686.74719750653
0.004746867537874425,0.007051045920845644,-0.1043592810397914,285.1218855366247,0.0,0.0,-0.8338419001178241,617.550701753787,0.5584550044558146,0.8295348142171346,0.0,-4909.777492020752
0.005620545182705345,0.006376478012913379,-0.013916923026847688,285.041956446148,0.0,0.0,-0.8341882433431816,1172.3671919909223,0.6612406097300405,0.7501738838721622,0.0,-4878.880968042332
0.007627307508022578,0.0037515570338277453,-0.054660682098993024,285.1318311149784,0.0,0.0,-0.8290047062775019,922.9762776729514,0.8973302950614797,0.44135965103855823,0.0,-4706.0462092375965
-0.00656643976193263,0.00539739463564692,-0.02107202758498497,284.75249787818177,0.0,0.0,-0.8903054914419035,1128.9568791354595,-0.7725223249332506,0.6349876041937553,0.0,-4806.758602475595
0.006125617139884542,-0.005892946177893764,-0.07092696482756178,284.8270989537634,0.0,0.0,-0.8796952870477934,820.5043569327869,0.7206608399864167,-0.6932877856345605,0.0,-4827.455913946988
-0.006884278175453455,0.00498565081037323,0.01286174366158327,284.68046589403383,0.0,0.0,-0.9061820780415437,1336.2765982210415,-0.8099150794651123,0.5865471541615564,0.0,-4789.827239898292
0.005499444614233077,-0.006481211995837107,-0.12602924199951268,285.0165531509002,0.0,0.0,-0.9075527512925822,484.7725237666453,0.6469934840274207,-0.7624955289220126,0.0,-4857.003026452182
0.0028039264112268707,0.008024213150236253,-0.006387685671397969,284.95689071186945,0.0,0.0,-0.8503365721515702,1219.5590703194055,0.32987369543845535,0.9440250764983826,0.0,-5025.406902498949
0.0007270911573091748,-0.008468845166193725,-0.18490953379893355,285.2955463470426,0.0,0.0,-0.8841048640123572,122.616791392625,0.08554013615402056,-0.9963347254345558,0.0,-5022.170594525305
-0.005958055920957754,0.006062307287059957,-0.1321917319180796,285.05886276717973,0.0,0.0,-0.8281546882251124,446.108208540929,-0.7009477554067945,0.7132126220070537,0.0,-4823.349713026631
-0.007413660726969895,-0.004157840139469556,0.0927582759026914,284.93619858140335,0.0,0.0,-0.8531324427685406,1825.6340452641484,-0.872195379643517,-0.4891576634670065,0.0,-4765.167463386141
0.005263859058491066,0.006673963426056631,0.12193804425811691,284.7571248925354,0.0,0.0,-0.9071587011167955,2006.2843098326748,0.6192775362930666,0.7851721677713682,0.0,-4938.973031583688
-0.004122051355362804,0.00743361907981245,-0.15102926743254286,285.0832056261632,0.0,0.0,-0.8271779913108391,331.5449216061194,-0.4849472182779769,0.8745434211544058,0.0,-4931.003478653209
0.006805451867282497,-0.0050927227376032546,-0.1261999680112998,284.94449521313527,0.0,0.0,-0.9034689719635817,481.35260922861573,0.8006413961508819,-0.5991438514827357,0.0,-4759.089748095577
-0.002698251886885704,-0.008060362073438,-0.002256473085981592,285.00945329900907,0.0,0.0,-0.8827015382756191,1245.2285274384415,-0.3174413984571416,-0.9482778909927059,0.0,-5030.056226541863
0.005876338426539904,-0.0061415508380840205,-0.17150612297057355,285.06744881696204,0.0,0.0,-0.908195758507961,206.48799940513183,0.6913339325341064,-0.722535392715767,0.0,-4818.691415369694
0.006548053891420518,0.00541968543690984,0.11901893285585927,284.85198726160513,0.0,0.0,-0.9020295984530947,1982.7349145362925,0.7703592813435903,0.6376100514011577,0.0,-4845.812402980013
0.0046582071410396,0.007109930114365942,0.011547636389734328,284.94360983883746,0.0,0.0,-0.8515271047588654,1324.397318470161,0.5480243695340706,0.836462366395993,0.0,-4945.95263412305
0.005141541051259831,-0.006768645035619016,-0.06023010410805488,284.88349429395464,0.0,0.0,-0.8793399848665051,888.1780679051773,0.6048871825011566,-0.7963111806610607,0.0,-4897.849762212046
-0.007353181920449665,0.004263885041223813,-0.013059570524704106,284.75146206200446,0.0,0.0,-0.8994196485268953,1174.5845989219608,-0.8650802259352546,0.501633534261625,0.0,-4742.2161419722115
-0.005243516739621151,0.0066899575634911754,0.028972781900890643,284.71421410224843,0.0,0.0,-0.905596554526275,1434.852129972511,-0.6168843223083706,0.7870538309989618,0.0,-4915.332827859706
-4.240726869423801e-05,-0.008499894212492407,0.15280075938240287,284.53855315063106,0.0,0.0,-0.8377270274583266,2194.427186459193,-0.004989090434616236,-0.9999875544108713,0.0,-5115.9843736376815
0.0029959614269222242,0.007954509106688743,-0.11089241549914786,285.15832752594406,0.0,0.0,-0.8309186703732013,577.402048428599,0.352466050226144,0.935824600786911,0.0,-4990.5861570422085
-0.0031109450237700345,-0.00791024785067323,0.11251817692685626,284.7793241180556,0.0,0.0,-0.8270230885042982,1942.282795664434,-0.3659935322082393,-0.9306173941968506,0.0,-5046.249246693706
-0.0021854148875742664,-0.008214253573464163,0.10800384848787223,284.6838485680814,0.0,0.0,-0.8266464851786969,1917.334066699213,-0.2571076338322666,-0.966382773348725,0.0,-5074.8907347123095
-0.005684171751268484,-0.006319825274648136,-0.04050672478984049,285.1695164807085,0.0,0.0,-0.9090100884449929,1007.8644278988683,-0.6687260883845275,-0.7435088558409572,0.0,-4867.3667263636835
0.00636964116984612,0.005628292047095758,0.13646999014106156,284.80787852354877,0.0,0.0,-0.9077808365125798,2090.354732750287,0.7493695493936612,0.6621520055406773,0.0,-4864.529822308222
0.0073216119542398525,-0.004317869658932759,-0.14126135958881403,284.9288058983062,0.0,0.0,-0.9059287702330708,390.2659830846368,0.861366112263512,-0.5079846657567951,0.0,-4710.641915925404
0.005348644727004136,-0.006606209168978141,-0.1623377901219348,285.08818421932114,0.0,0.0,-0.908831734701005,260.53674104242583,0.6292523208240159,-0.7772010787033107,0.0,-4857.224226112313
-0.007960055997569224,-0.0029811924653672136,0.19582698273569973,284.7842289600076,0.0,0.0,-0.8269920049775298,2454.610614373897,-0.9364771761846145,-0.35072852533731924,0.0,-4741.663565921155
0.004879418494999306,-0.006959976663082909,-0.06324251175284173,284.8083971942647,0.0,0.0,-0.882706604579617,865.2133367852929,0.5740492347058007,-0.8188207838921069,0.0,-4913.03818634562
-0.0005341280909105672,-0.008483201470111402,-0.12281162994703297,285.1766455924105,0.0,0.0,-0.9070943427617358,502.0481420045882,-0.06283859893065497,-0.9980237023660472,0.0,-5040.313114920044
-0.005334885434740321,0.006617325547243054,-0.10943459681016726,285.0213706785972,0.0,0.0,-0.8326909751122732,586.3824025465777,-0.6276335805576848,0.7785088879109475,0.0,-4872.3129773815745
0.0015837484299621681,0.008351152070857792,-0.15304145152596235,285.2500678345409,0.0,0.0,-0.8439795872625809,316.32766243167634,0.18632334470143153,0.982488478924446,0.0,-5018.664887307563
-0.00833734130835773,0.001654913867230508,-0.03347375021528887,284.78811225393235,0.0,0.0,-0.8998805506817245,1049.2250764493913,-0.9808636833362034,0.1946957490859421,0.0,-4642.698069020457
0.00835049549534668,-0.0015872066602036477,0.1212500920521846,284.76227072491,0.0,0.0,-0.8721725033036419,1998.3131894973449,0.9824112347466681,-0.1867301953180762,0.0,-4682.8725054729575
-0.008200393022455909,0.002236862596865631,0.08753830560045942,284.8032719042502,0.0,0.0,-0.8879728404314229,1794.7219250485807,-0.9647521202889304,0.26316030551360364,0.0,-4688.957359283541
0.002388722033453857,0.008157451014066347,-0.1897040227734659,285.2896028972335,0.0,0.0,-0.8701181990642944,94.63461765147024,0.2810261215828067,0.9597001193019231,0.0,-4989.35449912287
-0.00416836579192801,-0.007407747743051486,0.09059445370592153,284.8365702755867,0.0,0.0,-0.8357416012849052,1811.712705419029,-0.4903959755209424,-0.8714997344766453,0.0,-4993.491015407912
0.0062498095596067015,0.005761065914277382,-0.07919660156938638,285.163892749724,0.0,0.0,-0.8305341153558384,770.1590259788358,0.735271712894906,0.6777724605032214,0.0,-4815.877354901561
-0.00191847110619476,0.008280668367631677,-0.16494067495288156,285.26821316860213,0.0,0.0,-0.836681101737943,246.83573191954608,-0.22570248308173646,0.9741962785449031,0.0,-5008.333315010655
-0.008264267744297041,-0.0019879332610959273,0.06125105660450067,284.90722919552144,0.0,0.0,-0.8842035205036705,1634.099280155693,-0.9722667934467107,-0.23387450130540322,0.0,-4675.500014547299
-0.004095072128224411,-0.0074485155745718625,0.19369235452899455,284.57394643716117,0.0,0.0,-0.8417226835333614,2444.91417905608,-0.481773191555813,-0.8762959499496308,0.0,-5024.839861894174
0.007698201828246595,-0.003603843588667634,0.19478318839767625,284.73049162951037,0.0,0.0,-0.9027961639790889,2453.0193135056543,0.9056708033231287,-0.4239815986667804,0.0,-4766.3534784477915
0.0029213377327153263,-0.00798221685068839,-0.1892229739120239,285.23543082363256,0.0,0.0,-0.8914585357472894,94.59584401288859,0.34368679208415603,-0.9390843353751047,0.0,-4972.259791794387
0.007382419508158403,-0.004213060906937172,-0.18860862723938487,285.06464426269093,0.0,0.0,-0.9085074485242433,99.73566526346795,0.8685199421362826,-0.4956542243455496,0.0,-4692.493853823898
-0.0074341627625443794,-0.004121070737077748,0.011118410326011463,284.97686350322374,0.0,0.0,-0.9007487407371756,1327.1773443154034,-0.8746073838287505,-0.4848318514209115,0.0,-4741.410234763227
-0.002444361930839277,0.008140951710399939,0.19711903081404328,284.46903624289627,0.0,0.0,-0.8608564199850528,2468.4940471199293,-0.28757199186344434,0.957759024752934,0.0,-5091.49862741114
0.002140743604662523,0.00822600855938629,0.2027721419945727,284.49056050583295,0.0,0.0,-0.8799590817711882,2498.8605128745057,0.2518521887838262,0.9677657128689753,0.0,-5101.493291000654
-0.0004174700159694544,0.008489741974039403,-0.1233114323695589,285.0808570253573,0.0,0.0,-0.8275193605738353,499.6629544111608,-0.049114119525818165,0.9987931734164004,0.0,-5040.855078409831
-0.008468329665800285,0.0007330707137288056,-0.03080496546361669,284.8431540876345,0.0,0.0,-0.903619650016079,1068.5174362481473,-0.9962740783294451,0.08624361337985947,0.0,-4630.007955941776
0.006815576649797763,-0.005079164786727392,-0.027991333049357525,284.75103415922274,0.0,0.0,-0.847812804929651,1082.3401837227484,0.8018325470350308,-0.5975487984385167,0.0,-4784.598539424228
0.0035969469181019323,0.0077014266774641845,-0.16687481579503577,285.177476366956,0.0,0.0,-0.8618348750407525,231.41737917999188,0.4231702256590508,0.9060501973487275,0.0,-4951.436570408324
-0.007190948602140097,0.004532136163155227,0.15969851576782404,284.71804371537706,0.0,0.0,-0.8550201194386816,2237.6604389698364,-0.8459939531929526,0.5331924897829678,0.0,-4802.935404965605
-0.002938406172419578,0.007975949420970931,-0.19224356647870813,285.28557565970937,0.0,0.0,-0.8461019627442562,78.63292053273227,-0.34569484381406795,0.9383469907024624,0.0,-4970.840290756567
0.0015799751785601302,-0.008351866763492692,0.12442941725744891,284.51030685506504,0.0,0.0,-0.8316150298166601,2020.962914196053,0.18587943277178,-0.9825725604109049,0.0,-5093.180990238897
0.007545825868475995,0.003912864930282988,-0.0977325052967074,285.0803638276243,0.0,0.0,-0.8459957438636887,657.6064418177815,0.8877442198207053,0.460337050621528,0.0,-4702.019572021754
-0.008370481106065513,-0.0014781901274870787,0.14505426953691822,284.8177448797808,0.0,0.0,-0.8370940212682844,2144.9395963343904,-0.9847624830665309,-0.17390472088083278,0.0,-4687.223853999693
0.004110714996438353,-0.0074398939655116614,0.030745563127635628,284.68281071917335,0.0,0.0,-0.8332141611165435,1443.402870007262,0.48361352899274745,-0.8752816430013719,0.0,-4980.340709632689
-0.0023071000259032816,-0.008180910063707893,-0.10548603708981544,285.2766182689908,0.0,0.0,-0.9078595254128916,609.8392174938399,-0.2714235324592096,-0.9624600074950462,0.0,-5014.283745149895
-0.004287818375777914,-0.007339251567860396,0.0029346620677183355,285.0341291725035,0.0,0.0,-0.8875350609343872,1276.217737457576,-0.5044492206797545,-0.8634413609247523,0.0,-4963.82098121209
-0.00849856787685769,-0.00015602577493026613,-0.1351634753884653,284.9375906183703,0.0,0.0,-0.8485231548436621,428.9559936438972,-0.999831514924434,-0.01835597352120778,0.0,-4598.884882930435
0.0026427159114122,0.008078740781307988,0.1636424180723657,284.60843524777295,0.0,0.0,-0.9021621414019433,2260.0641947664394,0.3109077542837882,0.9504400919185867,0.0,-5076.3720654488025
0.0012453505288322452,0.00840827580781799,0.11019858496084747,284.6533153402479,0.0,0.0,-0.9099822652379951,1931.2731005148253,0.1465118269214406,0.9892089185668221,0.0,-5095.120559225628
-0.00492592640857203,-0.006927138587998126,0.11612095645893991,284.80705702019975,0.0,0.0,-0.8294709124393966,1967.9926053428314,-0.5795207539496505,-0.814957480940956,0.0,-4958.382909078715
0.008476921554662398,0.0006259400579129406,-0.15804091543263077,285.0057221466926,0.0,0.0,-0.8974614720523444,290.0915623338605,0.9972848887838114,0.07364000681328713,0.0,-4594.984833051891
0.00569044240912292,-0.006314179692442665,0.19207948665818722,284.57179328993834,0.0,0.0,-0.8894307336167592,2436.219902061463,0.6694638128379905,-0.7428446696991371,0.0,-4929.333530262918
0.007737916969079588,0.0035177607905641007,0.1317036769306282,284.7832284299099,0.0,0.0,-0.9002159677558784,2064.0982979419,0.9103431728328927,0.41385421065460004,0.0,-4745.696268212725
0.008481593952990321,0.0005590742496288184,-0.10851947308684175,284.89151920315817,0.0,0.0,-0.8691097845451237,591.5826280103494,0.9978345827047436,0.06577344113280216,0.0,-4607.788523461444
-0.006266147165005984,0.005743291713511293,-0.20109081170910775,285.15252181765436,0.0,0.0,-0.8353943241454634,24.176897538883118,-0.737193784118351,0.675681378060152,0.0,-4781.928749463827
0.005785129655732157,-0.00622754163907142,0.20249049091069019,284.55905373484006,0.0,0.0,-0.8953811012838665,2495.065637427116,0.6806034889096655,-0.7326519575378141,0.0,-4925.509429062556
-0.007491331643462861,0.004016210926688493,-0.19511527968293177,285.01252028651584,0.0,0.0,-0.8284132517750328,62.37010697141217,-0.8813331345250424,0.47249540313982274,0.0,-4680.882836768684
-0.007892003138115783,0.0031569425823050144,0.07334513468161416,284.6960408273669,0.0,0.0,-0.8989169151554326,1706.2493163639488,-0.9284709574253861,0.3714050096829428,0.0,-4715.372302699098
0.008190244748134854,0.002273739423427729,0.18396613866371195,284.7973132711873,0.0,0.0,-0.9099442191204618,2383.511093731605,0.9635582056629238,0.26749875569737985,0.0,-4715.841226001621
-0.006909258090758647,0.004950974917658762,-0.09248808737841983,284.812743906378,0.0,0.0,-0.8490413300155928,691.059485227145,-0.812853893030429,0.582467637371619,0.0,-4759.464284275994
-0.007131880341586882,-0.004624530548421817,-0.06249414454512309,285.0898735829288,0.0,0.0,-0.906965761061739,871.327864708832,-0.8390447460690449,-0.5440624174613902,0.0,-4748.475000494102
0.004405094370378386,-0.007269466527061024,0.13520223493384034,284.5540047291568,0.0,0.0,-0.8469548506581673,2085.9412723310916,0.5182463965151042,-0.8552313561248263,0.0,-4993.098866247711
0.006844874333912058,0.005039612619334147,-0.14308604170205752,285.1251212871911,0.0,0.0,-0.8674676562797708,376.1098855169622,0.8052793334014184,0.5928956022746055,0.0,-4751.282147868865
-0.008105092429935108,-0.0025607570564597933,-0.15971697112293168,285.0369175360004,0.0,0.0,-0.8453064141725396,278.43534342388966,-0.9535402858747185,-0.3012655360540933,0.0,-4632.0839115226245
-0.0075356642752529655,0.003932399258808318,-0.14074441249329672,284.9142215040775,0.0,0.0,-0.8312171266630016,392.8075043509598,-0.8865487382650546,0.46263520691862564,0.0,-4691.413091224695
0.0005197104829650033,0.008484096947459776,0.1286774341183989,284.6502074767665,0.0,0.0,-0.9075959133603398,2047.2999904823291,0.06114240976058862,0.9981290526423265,0.0,-5107.87832055238
0.006366754833673221,-0.005631556879575903,0.03635300730783908,284.66812074859547,0.0,0.0,-0.8265849757710941,1478.668135809815,0.7490299804321436,-0.662536103479518,0.0,-4837.89304476516
-0.0025742628785743412,0.008100812961178289,0.05711596549824835,284.78925086842645,0.0,0.0,-0.9068809487918738,1603.4757831033326,-0.3028544563028637,0.9530368189621515,0.0,-5049.966634072381
-0.003779392986529782,-0.007613552958597549,0.1547255129185919,284.5889481885445,0.0,0.0,-0.8283984474257358,2206.0583516535853,-0.44463446900350373,-0.8957121127761822,0.0,-5029.523806126706
0.007746964719268639,-0.0034977903937210113,0.08978813726013082,284.7641801097288,0.0,0.0,-0.8436337369370102,1807.9775973641404,0.9114076140316045,-0.4115047522024719,0.0,-4733.597411118019
-0.008391077781678469,0.0013563973097223255,-0.16730205787760258,284.89806337636384,0.0,0.0,-0.8296067815150401,234.85507560144345,-0.9871856213739374,0.15957615408497947,0.0,-4601.318483571961
0.0005172300962374971,-0.00848424852462174,-0.022549468616794216,284.90163200292943,0.0,0.0,-0.879795667471267,1119.762546970023,0.06085059955735259,-0.9981468852496164,0.0,-5067.32091256097
-0.0070812485058796976,0.00470169326923573,-0.13515284577395548,284.8752020106204,0.0,0.0,-0.8308293193108084,427.3957909467512,-0.8330880595152584,0.5531403846159682,0.0,-4733.363765843074
0.008395786759510391,-0.001326938087790839,0.010205438730915839,284.82902481084625,0.0,0.0,-0.8260000026429657,1317.4194130928975,0.9877396187659283,-0.15611036326951047,0.0,-4648.461040566423
0.0004789858508731267,-0.008486493537066021,0.1600337757724816,284.4928916550917,0.0,0.0,-0.843163731597236,2233.5696294996346,0.05635127657330902,-0.9984110043607084,0.0,-5116.538685857476
-0.0018664333208719933,-0.008292552481518507,-0.19525898353833598,285.27525458705713,0.0,0.0,-0.8649742217500402,61.9254716904356,-0.21958039069082272,-0.9755944095904125,0.0,-5001.398602331523
0.002031839000716458,0.008253582875040848,0.1789433181738919,284.5171983253239,0.0,0.0,-0.8931054973160119,2353.467281098078,0.23903988243723032,0.9710097500048056,0.0,-5097.867554150637
0.0002950387711877245,-0.008494877993443816,-0.01160519656161485,284.87708447649356,0.0,0.0,-0.8739909718494333,1183.218023902687,0.03471044366914405,-0.9993974109933902,0.0,-5071.356292122719
-0.00576811223495701,-0.006243306915805057,0.013624223275115727,285.0451371434388,0.0,0.0,-0.8894879901730519,1340.7316646444926,-0.678601439406707,-0.7345066959770655,0.0,-4876.035317446739
-0.00797497206370302,0.0029410577320339026,-0.1998758278277299,285.06949290103347,0.0,0.0,-0.8275756850567318,31.393435072831224,-0.9382320074944729,0.34600679200398854,0.0,-4634.05188594955
-0.006770353863958187,0.00513929066669579,-0.07550279467351437,284.90513611767284,0.0,0.0,-0.8581975656625127,794.2969772417157,-0.7965122192891984,0.6046224313759753,0.0,-4775.593197838687
0.007573993122312914,-0.0038580601580530966,-0.1838146605954943,285.09997935211175,0.0,0.0,-0.9095503221197068,132.9016244997245,0.8910580143897545,-0.45388943035918783,0.0,-4676.330742143938
0.0031939039404129087,-0.007877117341985894,-0.09690224803611495,285.04615154921805,0.0,0.0,-0.9054269370529278,664.417127748023,0.37575340475445984,-0.926719687292458,0.0,-4986.87796257154
0.0038714331045152602,-0.007567166293749817,-0.17508748699906326,285.24336697571493,0.0,0.0,-0.9017005617172247,184.4303526172096,0.4554627181782659,-0.8902548580882137,0.0,-4936.748941799958
-0.006741156566666653,0.005177529154305853,-0.19079411503565755,285.1197818018781,0.0,0.0,-0.8299513588395703,88.0907247074464,-0.7930772431372533,0.6091210769771591,0.0,-4747.063869014271
-0.001722986817389601,-0.008323539897609769,-0.13644973102513946,285.2556427612158,0.0,0.0,-0.8994538739534942,421.71237846864085,-0.2027043314576001,-0.9792399879540905,0.0,-5020.312355342286
0.003298518635226388,-0.007833886316067157,0.08490284969896392,284.6157204929845,0.0,0.0,-0.8263481842206488,1774.5783633382005,0.3880610159089868,-0.9216336842431949,0.0,-5031.518618423809
0.006630527858599493,-0.0053184678542166665,0.09809932737494051,284.6135649386563,0.0,0.0,-0.8395724268374769,1853.6808026734623,0.780062101011705,-0.6257021004960783,0.0,-4833.580703903431
0.008306423384732238,0.0018036991305573782,0.12753967166602428,284.8753748843306,0.0,0.0,-0.8916301452768796,2037.3998436518123,0.9772262805567338,0.21219989771263273,0.0,-4689.030631190156
0.0035993582676402017,0.007700299998128005,-0.050754820972112896,285.06795707613816,0.0,0.0,-0.8286295465661734,946.0413297724607,0.4234539138400237,0.9059176468385887,0.0,-4982.48503736549
-0.0033931610747752416,-0.007793359860845009,0.15992505427386014,284.63142278330315,0.0,0.0,-0.8305425501631242,2235.6336540875486,-0.3991954205617931,-0.9168658659817657,0.0,-5047.78964900745
-0.007250749319788469,0.004435835242836129,0.044556612174468824,284.7286086667388,0.0,0.0,-0.9096246675071549,1528.0723548967972,-0.8530293317398199,0.5218629697454269,0.0,-4766.784235066685
0.0005161309273638593,-0.008484315462417609,0.03725656380361117,284.7993664364785,0.0,0.0,-0.8431979366050293,1488.4829286667584,0.06072128557221873,-0.9981547602844245,0.0,-5083.373350670026
-0.0050638761129174915,-0.006826943585018382,-0.09066384364031381,285.17423771504104,0.0,0.0,-0.9056934553156946,699.5181057563678,-0.5957501309314696,-0.8031698335315743,0.0,-4894.511538003141
-0.0016561430826451135,-0.008337097222043578,0.11489734734714699,284.6446708446333,0.0,0.0,-0.8260007832786906,1959.128659294404,-0.194840362664131,-0.9808349672992445,0.0,-5089.122500134782
0.008436383504645864,-0.0010379948759696187,-0.10040748104818305,284.8737924796956,0.0,0.0,-0.8717897522362091,640.4560506450202,0.9925157064289251,-0.12211704423171983,0.0,-4614.622939420091
0.007189887637752362,-0.004533819113782084,-0.06222653788086549,284.71128444536424,0.0,0.0,-0.8657087509358098,874.6138926565877,0.845869133853219,-0.5333904839743628,0.0,-4743.4874548962325
-0.0002185251045907852,0.008497190522676515,-0.2031457289928055,285.3499127213275,0.0,0.0,-0.8657277306164951,9.504655991796188,-0.025708835834210023,0.9996694732560606,0.0,-5020.206671877816
0.008483735029427996,0.0005255853407928856,0.03186321119534699,284.8649956965503,0.0,0.0,-0.8321977404288459,1452.3240782164432,0.9980864740503523,0.06183356950504536,0.0,-4645.230958158067
0.008478785096949121,-0.0006001693758877457,0.11432852420394232,284.8143445881378,0.0,0.0,-0.872635873396748,1955.538738048808,0.9975041290528378,-0.07060816186914655,0.0,-4667.867132003657
-0.00792669031569031,0.0030688076901528795,0.05022502988864383,284.7949748671809,0.0,0.0,-0.9066794592200256,1565.3409759670492,-0.9325518018459188,0.3610361988415152,0.0,-4705.827748243433
0.004778966648111934,-0.007029329824117929,0.11406918792348872,284.64328536771916,0.0,0.0,-0.8379760291339227,1954.0689316969524,0.5622313703661098,-0.8269799793079916,0.0,-4966.518118384826
-0.0033073664129482125,-0.007830155005522053,-0.09635939128386502,285.1928919488954,0.0,0.0,-0.9080545958717142,662.2430860181739,-0.3891019309350838,-0.9211947065320063,0.0,-4982.531342817995
-0.002696441286565114,0.008060967956027804,-0.004926685707287964,284.69402227026666,0.0,0.0,-0.8782812495788602,1226.5227657392559,-0.31722838665471925,0.9483491712973887,0.0,-5029.39931258185
0.00725878798518942,0.004422668536762589,-0.08499401095478337,285.0128107625075,0.0,0.0,-0.8374212677342948,736.8496993851901,0.8539750570811081,0.520313945501481,0.0,-4731.3164335968895
0.002246775133688574,-0.008197682690775407,0.16457440307654483,284.4667120268461,0.0,0.0,-0.8535190039900465,2263.2871005872767,0.2643264863163028,-0.964433257738283,0.0,-5088.411971940425
-0.007845790524480784,-0.0032701026048073106,0.16412295999462448,284.7043588550589,0.0,0.0,-0.827120727893942,2259.634107189621,-0.9230341793506803,-0.38471795350674237,0.0,-4744.156466917034
0.00848393315931523,-0.0005223774002304235,0.009837281536773212,284.85825874264066,0.0,0.0,-0.8261672027603979,1318.3146866497555,0.9981097834488506,-0.061456164732990995,0.0,-4639.30108913703
0.00849724487883397,-0.00021640117635971906,0.09950369676906787,284.82048878737135,0.0,0.0,-0.8650046024646717,1862.8698534383798,0.9996758680981142,-0.025458961924672827,0.0,-4661.981303613915
-0.0037429719922478844,-0.0076315241377622545,0.19185735631670417,284.52374431035753,0.0,0.0,-0.8423355456108168,2428.242050893611,-0.4403496461468099,-0.8978263691485004,0.0,-5041.154488086344
0.00014699299254262066,-0.008498728908498222,-0.15415273378715566,285.25440723065896,0.0,0.0,-0.8980269572342875,314.094984034774,0.017293293240308313,-0.9998504598233201,0.0,-5033.510363955656
0.008481399625691962,-0.0005620145810495131,0.1845173002226075,284.773761068966,0.0,0.0,-0.9070029522306318,2389.29236422459,0.9978117206696425,-0.0661193624764133,0.0,-4686.428220364624
-0.008319383973600714,-0.0017429429995830612,-0.04567161189082819,284.9741507728102,0.0,0.0,-0.904990694099467,972.42463497796,-0.978751055717731,-0.20505211759800718,0.0,-4641.247043922044
0.005600620119591179,0.006393985789476741,0.18124000307069052,284.6665564087402,0.0,0.0,-0.9051106771707241,2368.2061862864734,0.6588964846577857,0.7522336222913812,0.0,-4932.601752579972
-0.006504855660996039,-0.005471458016800258,0.05610810216142123,284.9124626692339,0.0,0.0,-0.8684881946574639,1600.8683106140784,-0.7652771365877692,-0.6437009431529714,0.0,-4832.367791117871
-0.00808005645455274,-0.0026386905258556984,0.1651044024756407,284.8216213935265,0.0,0.0,-0.8278234061040822,2269.701303072548,-0.9505948770062046,-0.31043417951243507,0.0,-4721.698830219427
-0.008491036708975767,-0.0003902506974061553,0.19351027701937315,284.7918302227351,0.0,0.0,-0.8263552187182721,2443.6878382778677,-0.9989454951736195,-0.04591184675366533,0.0,-4687.844866371268
-0.007920214746533302,0.003085481869788968,-0.18897410761077804,284.9711993650847,0.0,0.0,-0.8263323691981886,99.27905396230383,-0.9317899701803884,0.3629978670339962,0.0,-4642.277308312742
0.0026616112665329658,0.008072535256402712,-0.11559824559334915,285.20688608691756,0.0,0.0,-0.8315352509504993,547.9512403646346,0.3131307372391724,0.9497100301650249,0.0,-5000.843458762389
0.007986679745677546,0.002909114408197808,0.023413561238820713,284.96031037185696,0.0,0.0,-0.8360973416121528,1402.7955982328658,0.939609381844417,0.3422487539056244,0.0,-4692.820739363614
-0.0008619139305987205,0.00845618734278279,-0.1918951704513965,285.2623354606473,0.0,0.0,-0.8554916620464873,81.39159664260264,-0.10140163889396711,0.9948455697391517,0.0,-5018.991721235926
0.006481044718840991,-0.005499641747639868,-0.08080081113096058,284.8867694741304,0.0,0.0,-0.8832320312801774,762.6697679157785,0.7624758492754107,-0.6470166761929256,0.0,-4797.519188478576
0.007402930872209217,-0.004176914471388142,0.16738975458985664,284.7816436260464,0.0,0.0,-0.8874217963183804,2280.576458416375,0.8709330437893196,-0.49140170251625204,0.0,-4786.15872497716
-0.007347857993586103,0.0042730531129501325,0.09466979138454615,284.74141328607107,0.0,0.0,-0.8933083601181733,1838.268743558455,-0.864453881598365,0.5027121309353096,0.0,-4771.595786422073
-0.00034454483192459314,0.008493014120958122,0.19293930852262656,284.50397466893884,0.0,0.0,-0.8740388575458323,2439.3726851267866,-0.04053468610877566,0.9991781318774261,0.0,-5126.041257983291
-0.008221917573429383,0.002156402424347812,-0.0488126046460558,284.813044637801,0.0,0.0,-0.8905318993849212,957.89532283736,-0.9672844204034566,0.25369440286444844,0.0,-4650.222709358553
-0.008091773784444636,0.002602536651302831,-0.131613912034622,284.83925300075856,0.0,0.0,-0.8391462385549765,448.43942075417675,-0.9519733864052512,0.3061807825062154,0.0,-4640.937485923228
0.0027654645761434507,-0.008037549730987406,-0.014493656358759655,284.83618103468746,0.0,0.0,-0.8634198896252742,1166.3909313913207,0.32534877366393533,-0.9455940859985184,0.0,-5024.536655259253
-0.005748184693154032,-0.0062616589441928,-0.07219790230046846,285.1290429314688,0.0,0.0,-0.9083840610516959,819.7729181696876,-0.6762570227240038,-0.7366657581403294,0.0,-4854.407464345363
-0.006038873918627615,0.005981805897462669,-0.04363212040131645,284.77943979595443,0.0,0.0,-0.8730900476631503,991.6965915643939,-0.7104557551326606,0.7037418702897257,0.0,-4841.204974155252
-0.0016841738623209384,-0.008331479964656639,-0.18763907335829258,285.2503228643445,0.0,0.0,-0.8707949425794453,106.09235018451608,-0.19813810144952215,-0.9801741134890162,0.0,-5007.38397839855
0.0012987459775996115,-0.008400193979050057,0.1623752313557785,284.5177214756322,0.0,0.0,-0.8478706384483738,2253.1766544008574,0.1527936444234837,-0.9882581151823596,0.0,-5108.291891439773
0.007618227324790229,0.003769961860260595,0.06315808699181982,284.92453450527154,0.0,0.0,-0.861998617453094,1641.3384521744342,0.8962620382106151,0.44352492473654054,0.0,-4738.499170507085
0.007490399963716384,0.004017948280348766,-0.17541724679114828,285.0230941486363,0.0,0.0,-0.892577264556383,179.99692402553254,0.8812235251431039,0.4726997976880901,0.0,-4686.252679669884
-0.004753511521473234,-0.0070465685418664055,-0.18543798051517066,285.31054823582485,0.0,0.0,-0.855841987978321,115.48318367972371,-0.5592366495850862,-0.8290080637489888,0.0,-4887.6402693858245
-0.00846137634719499,-0.0008093888503860187,-0.034100425991916816,284.88501325160496,0.0,0.0,-0.906225141009862,1049.5490812891728,-0.9954560408464692,-0.09522221769247279,0.0,-4629.840704348281
-0.0005940826688706749,-0.008479213747898298,0.04134906769185606,284.7996641914227,0.0,0.0,-0.845558000713772,1511.0145946763794,-0.06989207869066763,-0.9975545585762703,0.0,-5083.944295135542
0.004698332445293136,0.007083478822831747,-0.07070808904535592,285.18363312957007,0.0,0.0,-0.8262033701570585,822.9655269807945,0.5527449935638983,0.8333504497449113,0.0,-4921.597644805012
0.008498929993404064,0.00013486647921853246,0.0741958690034906,284.8647491434137,0.0,0.0,-0.8509550541701066,1712.6345325632842,0.9998741168710663,0.015866644613944995,0.0,-4655.016978938008
-0.00040350036724299014,-0.008490417389836307,-0.019888356015935332,285.0301482674667,0.0,0.0,-0.8824914038282343,1133.3339767952273,-0.047470631440351775,-0.9988726340983891,0.0,-5068.672576831769
0.0007052061548929797,0.008470695619552214,0.11793957436094085,284.6761150017164,0.0,0.0,-0.9095058543873834,1976.5977180870716,0.08296542998740937,0.9965524258296722,0.0,-5103.613689296428
-0.006070100733906381,0.005950115719902363,0.08354293653523756,284.67414336031186,0.0,0.0,-0.9047600553391058,1766.2304248661192,-0.7141294981066331,0.7000136141061604,0.0,-4873.0223449535715
0.004502803362535061,-0.007209352389663233,0.14232138341267955,284.6023705147223,0.0,0.0,-0.8515576601787297,2126.2281544690754,0.5297415720629483,-0.8481591046662627,0.0,-4989.708287198087
0.0067230156521155375,0.005201063404863423,0.1984499256542588,284.67605162951673,0.0,0.0,-0.9036277319226199,2475.5901070181226,0.7909430178959456,0.6118898123368732,0.0,-4852.982685654739
-0.007261816649071233,0.004417693850333208,0.06330334255435635,284.71949614094837,0.0,0.0,-0.9062881723087547,1643.8474137835344,-0.8543313704789686,0.519728688274495,0.0,-4770.835703754976
-0.0045950333461599,0.007150920818165907,0.11577023488333907,284.5649556074565,0.0,0.0,-0.8980202245036341,1970.9021468020364,-0.5405921583717529,0.8412848021371655,0.0,-4977.474758974987
-0.004484839018434483,0.007220541460218038,-0.03822068876842319,284.8325978890469,0.0,0.0,-0.8667435450208478,1022.6981737015655,-0.5276281198158215,0.8494754659080044,0.0,-4942.253438426042
-0.007562353755128789,-0.003880825386730188,-0.11051594145291661,285.0313006075863,0.0,0.0,-0.8824526088680482,581.3289845220282,-0.8896886770739751,-0.45656769255649265,0.0,-4697.069167031411
4.6173626021116144e-05,0.008499874587090098,-0.1140404011561355,285.1419805235939,0.0,0.0,-0.826695869798789,555.248994775092,0.005432191296601899,0.9999852455400116,0.0,-5044.390810982764
0.005687673409516436,-0.006316674060506818,0.07505098524497253,284.65496013204324,0.0,0.0,-0.8280328097004026,1713.999576987138,0.6691380481784042,-0.7431381247655079,0.0,-4898.1275100788735
0.006408211030575404,-0.005584338043816091,-0.1456097749998821,285.0124501643862,0.0,0.0,-0.9092174657881836,363.9477064097459,0.7539071800676945,-0.6569809463313048,0.0,-4785.848506895555
0.0019737111962620777,0.00826767585925753,-0.0808162713605064,285.09591137100864,0.0,0.0,-0.8262013561225704,761.1460547372624,0.23220131720730322,0.9726677481479445,0.0,-5029.593906978912
-0.007300218047296573,0.004353942634202411,-0.04463521588658981,284.74633892858793,0.0,0.0,-0.8823618955565227,981.4374208246579,-0.8588491820348908,0.5122285452002836,0.0,-4738.4710544846885
0.000735440497234432,0.008468124188687101,-0.1091883906164898,285.1382104675426,0.0,0.0,-0.8267489309920315,585.7673695885908,0.08652241143934493,0.9962499045514236,0.0,-5042.411657557277
0.00822851450269877,0.002131091053633332,-0.08557827740245834,285.0048196923831,0.0,0.0,-0.847396081984168,730.9988579332569,0.968060529729267,0.25071659454509787,0.0,-4639.6978510987665
0.007453580380435701,-0.004085846241892125,-0.06617245444034445,284.74322493862263,0.0,0.0,-0.8656796317399066,852.3838722472169,0.8768918094630236,-0.48068779316377935,0.0,-4718.913146640879
-0.0028861542906527477,-0.007995005529112956,-0.031872896477184526,285.00130347869805,0.0,0.0,-0.8991311537348612,1063.3892204677345,-0.3395475636062056,-0.9405888857779948,0.0,-5015.7200139930865
-0.00115606886516152,-0.008421015661961694,-0.016928090091338666,285.01112011158415,0.0,0.0,-0.8841949378302583,1154.1831307906955,-0.13600810178370823,-0.9907077249366699,0.0,-5062.319107642213
0.008498433968109934,-0.00016315664152971067,-0.18699028210074742,284.8918064985788,0.0,0.0,-0.9086227227598004,110.72579061512936,0.9998157609541098,-0.019194899003495372,0.0,-4584.9939909589575
-0.006476740372857052,-0.0055047101778934295,0.002351049522632792,285.0011550778674,0.0,0.0,-0.8990021674918358,1271.162990348966,-0.7619694556302413,-0.6476129621051093,0.0,-4820.167890806205
-0.0018796070153269926,0.00828957643477238,0.06285941233847078,284.7007686536094,0.0,0.0,-0.9069332190341791,1642.4747180825404,-0.22113023709729324,0.9752442864438093,0.0,-5070.349344409662
0.008430931550976045,-0.0010813848448894927,-0.1259123931713832,284.96316109851097,0.0,0.0,-0.8876312169710037,485.5046955703398,0.9918743001148288,-0.12722174645758735,0.0,-4608.340190241868
0.00713615038152721,-0.004617938688660674,0.16790133469408594,284.68445168049897,0.0,0.0,-0.8854290472372603,2289.0474733554256,0.8395471037090835,-0.5432869045483145,0.0,-4809.917390239695
0.008447108027638263,0.0009467660584374664,0.11159079884074094,284.87291310613017,0.0,0.0,-0.878428844499883,1940.3189802395539,0.9937774150162663,0.11138424216911369,0.0,-4670.397832548509
-0.0015723834163050828,0.008353299371633269,-0.12208984812528625,285.11359603142665,0.0,0.0,-0.8262733540636247,510.0923379712317,-0.18498628427118619,0.9827411025450904,0.0,-5027.187419926216
-0.005190498996475308,0.006731175244159732,0.0382503574962936,284.67623870972136,0.0,0.0,-0.9077644573311444,1488.5004844259452,-0.6106469407618008,0.791902969901145,0.0,-4921.190829080423
-0.0020971276512240515,-0.008237235920772908,0.10156550034253678,284.71935614250015,0.0,0.0,-0.8274509311471687,1878.32349141762,-0.24672090014400602,-0.9690865789144597,0.0,-5075.465951449843
0.0007048618071288531,-0.00847072428029924,0.08517107974708946,284.6711808302584,0.0,0.0,-0.826697817754344,1778.5904893954075,0.08292491848574741,-0.9965557976822633,0.0,-5094.825098966539
-0.005941760478177824,-0.006078279560859639,-0.03469202000398064,285.0503887468642,0.0,0.0,-0.9085327235714326,1043.2563779930215,-0.6990306444915086,-0.7150917130423105,0.0,-4850.689094424167
0.0020773217658211036,0.00824225298575856,0.10173259085977202,284.7577341194077,0.0,0.0,-0.9086028990923998,1883.4370006944025,0.24439079597895333,0.9696768218539482,0.0,-5076.014290832806
-0.008484475289202858,0.000513496900580789,0.0029328723170657933,284.82498322771846,0.0,0.0,-0.9099949532881165,1277.6376372596274,-0.9981735634356304,0.06041140006832811,0.0,-4637.392664576242
-0.0077992700251629365,0.0033795542715859654,-0.008862409694960605,284.7107086884084,0.0,0.0,-0.9039216831903649,1202.3245165339797,-0.9175611794309336,0.39759462018658415,0.0,-4702.17813240632
-0.0029119691516467697,0.007985639339455395,-0.0869520603893283,285.050537270851,0.0,0.0,-0.8330523436216256,723.5123447979223,-0.34258460607609054,0.9394869811123994,0.0,-5000.031145011195
0.002434386966676139,0.008143940084288277,-0.12436848736078324,285.1689650629544,0.0,0.0,-0.8339542217808954,495.3403745209902,0.28639846666778107,0.958110598151562,0.0,-5005.542248902175
0.0008234558316882622,0.008460018941660746,0.10669978711936887,284.6388343467725,0.0,0.0,-0.9099775904732359,1906.3023861044232,0.0968771566692073,0.9952963460777348,0.0,-5099.497291420881
-0.0010420840230499723,0.008435879378517926,-0.061623393390136505,285.05721897319637,0.0,0.0,-0.8372500326209341,881.3850854506777,-0.12259812035882026,0.9924563974726971,0.0,-5051.853562845477
-0.006190131687614325,-0.005825141173395976,-0.0061363283829151405,285.00486101516884,0.0,0.0,-0.9011541118865172,1215.381982741354,-0.7282507867781558,-0.6853107262818795,0.0,-4840.000016279906
-0.007337740396063093,-0.004290403929699842,0.05886601158123336,284.9354650083894,0.0,0.0,-0.8738436632373618,1616.2168206262088,-0.8632635760074227,-0.504753403494099,0.0,-4762.894759449437
0.007111891677559476,-0.004655211785371346,-0.023808676434596332,284.77566713870374,0.0,0.0,-0.8433798589172746,1109.5431090148063,0.8366931385364089,-0.5476719747495701,0.0,-4760.5879267699065
0.0006580489520236529,-0.00847448945817626,0.06500979984903224,284.698806977433,0.0,0.0,-0.8310820183854011,1655.0236670779077,0.07741752376748857,-0.9969987597854424,0.0,-5089.804525504066
0.0023267239456331934,-0.008175350492842317,-0.13229385134209842,285.16380717795545,0.0,0.0,-0.9093265780956569,442.31703618160344,0.27373222889802273,-0.9618059403343902,0.0,-5006.537621108214
0.008097063605909739,0.0025860318949796402,-0.0037661898963967932,284.94040864652624,0.0,0.0,-0.82732050834051,1232.6401658078628,0.9525957183423222,0.30423904646819294,0.0,-4674.716573662468
-0.005642668758528604,0.006356908783483155,0.07270736395622993,284.66054591478235,0.0,0.0,-0.9084853293740809,1703.6244786892444,-0.6638433833563062,0.7478716215862534,0.0,-4900.604117188937
-0.0018157631524848073,-0.008303794564780516,0.010653579660328372,284.94100580891137,0.0,0.0,-0.870183592669992,1321.6468542211448,-0.21361919440997731,-0.9769170076212371,0.0,-5057.779686972883
-0.007152051534798587,-0.004593273216736098,-0.02688189991259307,285.12843487611553,0.0,0.0,-0.9094706564739933,1089.0327005904417,-0.8414178276233631,-0.5403850843218938,0.0,-4756.274840267615
0.00838035322994225,0.0014211543693056381,-0.11905638765121951,284.94293707730094,0.0,0.0,-0.8715966891835697,524.1443118436302,0.9859239094049705,0.16719463168301624,0.0,-4615.357822077471
0.008478496892547533,0.0006042271452540385,-0.044216479296244476,284.90423474782494,0.0,0.0,-0.8334899453108496,982.4033675933892,0.9974702226526508,0.07108554650047512,0.0,-4625.360430305391
-0.006870662605801815,-0.005004397601833473,0.1472829179590275,284.79507188042294,0.0,0.0,-0.82735803928283,2154.979687574826,-0.80831324774139,-0.588752659039232,0.0,-4827.031994359857
-0.007010038434373194,0.0048072196900714485,-0.14205934217531946,284.97758733105815,0.0,0.0,-0.8287436009560681,384.57411148198105,-0.8247104040439052,0.5655552576554644,0.0,-4737.621727716128
-0.0072533594877036206,0.004431565879250796,-0.0778025080623862,284.8061879689101,0.0,0.0,-0.8608960152077741,780.938864788654,-0.853336410318073,0.5213606916765642,0.0,-4733.725623536711
0.007731857176089769,-0.00353105998370874,0.12288503693779249,284.7079412213059,0.0,0.0,-0.8631386806886417,2009.834912777628,0.9096302560105609,-0.4154188216127929,0.0,-4743.901187085674
-0.0073023442997709655,-0.004350375584659617,0.20248511922568072,284.6731033163892,0.0,0.0,-0.8311163690649012,2499.1567841448077,-0.8590993293848194,-0.5118088923128961,0.0,-4804.582546480061
-0.004558948755075429,-0.0071739798054215485,0.14177577369487152,284.6606281675697,0.0,0.0,-0.8260268998758877,2126.441049222885,-0.5363469123618152,-0.8439976241672409,0.0,-4986.4634781226005
0.0027424443033965524,0.008045433440329229,-0.02573005312229132,284.99571879793814,0.0,0.0,-0.8402166939197485,1102.5644216907156,0.3226405062819473,0.9465215812152034,0.0,-5022.294180646667
0.0022066909314310593,0.008208563524340903,-0.09434918337103679,285.1008889049099,0.0,0.0,-0.8263976106488421,677.7351399341247,0.25961069781541873,0.965713355804812,0.0,-5020.031810116538
-0.002253881181091858,-0.008195731792922458,-0.006018593960863433,284.919235850019,0.0,0.0,-0.8828193530386099,1218.659297292257,-0.26516249189315977,-0.9642037403438186,0.0,-5042.448350551717
0.007429455060982564,0.004129551730737923,0.05536343177303185,284.9237310714951,0.0,0.0,-0.8590374222538864,1593.3609359147206,0.874053536586184,0.48582961538093206,0.0,-4753.706986326144
1.918395325978812e-05,0.008499978351498159,0.18673910866944363,284.4058995279977,0.0,0.0,-0.8796917660626984,2403.6572829374168,0.002256935677622132,0.9999974531174303,0.0,-5125.098495218483
-0.00844736971583754,0.0009444283371176514,0.16193480222998255,284.83452437145826,0.0,0.0,-0.8378859756985373,2245.6476045788127,-0.9938082018632399,0.11110921613148839,0.0,-4683.877836029623
-0.00660296970458721,0.0053526433731665235,-0.02697810506479037,284.7923259106761,0.0,0.0,-0.8872517098893155,1093.466195650057,-0.7768199652455541,0.6297227497842969,0.0,-4802.24429811408
0.004284331575524214,-0.007341287554030711,0.1468866333260654,284.5432929181053,0.0,0.0,-0.8531137508841252,2158.784044746578,0.5040390088852016,-0.8636808887094953,0.0,-5002.62426705083
0.007286392787263834,-0.0043770401128741775,0.08942039776486879,284.716185324601,0.0,0.0,-0.8396369046760582,1805.2772465728754,0.8572226808545687,-0.5149458956322561,0.0,-4775.665319613264
-0.0016288339613895766,0.008342475647325796,0.07496363147773363,284.66380120073666,0.0,0.0,-0.9089019182920658,1715.4130844439053,-0.19162752486936194,0.9814677232147994,0.0,-5078.954906164574
0.006964928878134867,0.004872347044548755,-0.12979586293888698,285.01263147629766,0.0,0.0,-0.8599804205804161,461.99608822346556,0.8194033974276314,0.573217299358677,0.0,-4744.751071504307
-0.007560344251698749,-0.0038847387036718057,0.11640563730265777,284.9013279401263,0.0,0.0,-0.8413383001932714,1971.452475865904,-0.889452264905735,-0.4570280827849183,0.0,-4758.135634859523
0.008392745800833963,0.0013460378607542522,-0.010063235683623134,284.83200274801976,0.0,0.0,-0.826000485722847,1191.146324823899,0.9873818589216427,0.15835739538285318,0.0,-4643.33401595539
0.001161891626580687,-0.008420214240034614,0.09119632713924461,284.6319628494465,0.0,0.0,-0.8260273713589985,1814.3469779275592,0.13669313253890436,-0.9906134400040721,0.0,-5091.245901788609
0.005892826539744345,0.006125732231536464,0.03927240888935299,285.03885421269786,0.0,0.0,-0.8611354478428865,1497.3478031450002,0.6932737105581582,0.7206743801807604,0.0,-4874.05998733545
0.008224911808285953,-0.002144953553324241,0.049229340107004665,284.8060439876648,0.0,0.0,-0.8311279770155915,1559.4171904225482,0.9676366833277592,-0.25234747686167536,0.0,-4676.226741330545
0.0005201812430175657,0.008484068096992899,-0.09845668862128502,285.1446639213381,0.0,0.0,-0.8260000111006878,648.4763654419603,0.061197793296184196,0.9981256584697528,0.0,-5046.936916099802
-0.001854932459815876,-0.008295132643274696,0.019965289780629558,284.96627271117745,0.0,0.0,-0.8643938213036686,1379.354334755557,-0.21822734821363246,-0.975897958032317,0.0,-5059.402343936981
-0.0062492462940115555,-0.0057616769049281865,0.18707410194914312,284.6448328855171,0.0,0.0,-0.8305563205097706,2405.483343260966,-0.7352054463543006,-0.6778443417562572,0.0,-4887.358711444491
0.0032263365134111138,0.007863889158821495,0.0257346529129113,285.0067163137289,0.0,0.0,-0.8682120615211274,1417.9265559508049,0.37956900157777806,0.9251634304495875,0.0,-5018.512463212345
-0.003287005441156873,0.007838724081749855,0.08432620080738604,284.6078752534656,0.0,0.0,-0.9097052243126619,1778.1456959655181,-0.38670652248904386,0.9222028331470418,0.0,-5031.82565145999
-0.007027377436730466,0.004781837132497463,0.12942308323626192,284.67326617079465,0.0,0.0,-0.8757215418632218,2050.739488859619,-0.8267502866741724,0.5625690744114662,0.0,-4808.976210167156
-0.007501595053050535,-0.003997007838377072,0.009829834250510566,285.02630187279834,0.0,0.0,-0.9016830279816621,1316.9553389028908,-0.8825405944765334,-0.4702362162796555,0.0,-4734.930996208238
0.00824739847792836,0.0020567980810631344,-0.16743165309908645,284.9950707445688,0.0,0.0,-0.8966492647114542,227.0624265838572,0.9702821738739246,0.24197624483095698,0.0,-4615.842413930668
-0.00373718219390733,0.007634361089805879,0.1517059045059668,284.5382895038373,0.0,0.0,-0.882854229254299,2187.4813132978325,-0.43966849340086234,0.8981601282124563,0.0,-5030.645895136418
0.008128040422668582,-0.002486957757475094,0.14946101800147063,284.76350846415625,0.0,0.0,-0.8852310671510996,2173.972508424299,0.9562400497257154,-0.2925832655853052,0.0,-4712.765483124837
0.004678279746987227,0.0070967385895867085,-0.19193709247010005,285.1947744224034,0.0,0.0,-0.8836815491185919,81.9287943889703,0.5503858525867326,0.8349104223043186,0.0,-4890.217864347866
0.005512300551355912,-0.006470281495539535,0.08529262918573702,284.6458263165315,0.0,0.0,-0.8300348445819309,1778.442010123197,0.6485059472183425,-0.7612095877105335,0.0,-4912.837004343998
0.008208338120912982,-0.002207529228066247,-0.028147244300916557,284.7588033921217,0.0,0.0,-0.8357168326279778,1080.6957128707472,0.9656868377544683,-0.2597093209489702,0.0,-4657.1258301201315
-0.006913457334327208,-0.004945109471633297,-0.10585284765425632,285.10480578354634,0.0,0.0,-0.8906479471101356,604.5725812990452,-0.8133479216855538,-0.5817775848980349,0.0,-4755.5251251549025
0.00037693125674384244,-0.008491638406555565,-0.0697341085036377,285.09344419368324,0.0,0.0,-0.903882830629755,829.9809945752833,0.04434485373456969,-0.9990162831241839,0.0,-5055.425603874844
0.002109443823016637,0.008234090524006702,-0.08371216730804278,285.20633566687025,0.0,0.0,-0.8260289480729089,744.7618857745422,0.24816986153136905,0.9687165322360826,0.0,-5025.4417947634065
0.006799803934621599,-0.0051002614100362186,0.031577975207605136,284.69142870464515,0.0,0.0,-0.8265338614007195,1448.262669776033,0.799976933484894,-0.600030754121908,0.0,-4801.888378282371
0.005475201064041811,0.00650170541537491,0.125571928274567,284.75249396810017,0.0,0.0,-0.9075062926768787,2026.8840572203349,0.6441413016519777,0.7649065194558717,0.0,-4926.126102279761
-0.004542997414445812,-0.0071840917653060825,-0.06984342288564432,285.107819345235,0.0,0.0,-0.9099155536675799,830.7626749852341,-0.5344702840524485,-0.8451872665065979,0.0,-4930.571787493771
0.008254891712369865,-0.002026514943701951,0.16908315812904237,284.8586818300608,0.0,0.0,-0.897527117698109,2295.7822522049,0.9711637308670429,-0.23841352278846478,0.0,-4705.3738175854805
-0.006938165884010133,0.004910382283077142,0.05709130327675635,284.6477469328531,0.0,0.0,-0.9085989746966767,1605.1626042566008,-0.816254809883545,0.5776920333031932,0.0,-4797.15753647838
-0.008436380317264418,0.0010380207813302858,-0.11092881904687968,284.85732722300344,0.0,0.0,-0.8575440986285364,576.8509779427641,-0.9925153314428726,0.12212009192121008,0.0,-4611.80046893838
0.007603177566132194,0.0038002224800482583,-0.044042671365483954,285.00025475239727,0.0,0.0,-0.8269353796033578,985.5642735066831,0.8944914783684934,0.44708499765273624,0.0,-4711.133071391594
0.0011431179815750182,-0.008422783463926867,0.10106696188552641,284.561872421074,0.0,0.0,-0.8262675423324691,1876.6277626942103,0.13448446842059036,-0.9909157016384549,0.0,-5094.157654571129
0.0036095369038032957,0.007695533986675787,0.08067868680580229,284.8452409674499,0.0,0.0,-0.8980648396994746,1752.4169816098663,0.42465140044744654,0.9053569396089161,0.0,-5017.300824101272
-0.0007864712639466695,0.008463537259975059,0.16132442362552343,284.4692424767121,0.0,0.0,-0.8908996351607629,2244.796460629427,-0.09252603105254935,0.9957102658794187,0.0,-5114.515293210287
-0.008195732548926388,-0.0022538784320518717,0.11063706759395234,284.87896592381855,0.0,0.0,-0.8519128505161434,1935.1168211087133,-0.9642038292854572,-0.2651621684766908,0.0,-4695.619944956094
0.000902078616401677,0.008451997052166479,-0.048775192785325994,285.03562475461393,0.0,0.0,-0.8363411381052256,956.1142036867442,0.10612689604725611,0.9943525943725269,0.0,-5056.958288718916
0.007410249727901062,-0.004163916302009713,0.13656215998650048,284.70863658074774,0.0,0.0,-0.8684222492695588,2095.0781054803415,0.871794085635419,-0.48987250611878974,0.0,-4777.227660079547
0.001056501362233979,0.008434085894250648,-0.1136702248517464,285.18537965909803,0.0,0.0,-0.827824073317559,561.0734068091383,0.12429427790987987,0.9922453993236056,0.0,-5037.705520696328
-0.008450957262799364,0.0009117682503458345,0.06653046935943455,284.8767432386259,0.0,0.0,-0.8937077860781888,1670.4561908543023,-0.9942302662116898,0.10726685298186288,0.0,-4657.912356330223
0.003320322272445825,-0.007824669961544716,-0.04687262136724912,284.85648928352305,0.0,0.0,-0.8810922858785946,966.0009408357729,0.3906261496995088,-0.9205494072405549,0.0,-4995.285351572779
-0.007667999691426514,-0.003667666933117414,0.12012808134976863,284.84949079162345,0.0,0.0,-0.8404231293968546,1991.0998038481468,-0.9021176107560605,-0.4314902274255781,0.0,-4749.150364440244
-0.007698551686093239,-0.0036030961597702266,-0.12841976915772463,285.1007226787609,0.0,0.0,-0.8697015277516114,470.2599075092918,-0.9057119630697927,-0.42389366585532073,0.0,-4679.607685170825
-0.0075480297408797355,0.003908611905881037,-0.12875616514497418,284.9207238230739,0.0,0.0,-0.8356240737968306,468.8298916344997,-0.8880034989270277,0.45983669480953376,0.0,-4693.493568802962
-0.005752100398835885,-0.006258062080365779,0.163775342073504,284.6834110521872,0.0,0.0,-0.8268020288617856,2261.5904197187,-0.6767176939806923,-0.7362425976900916,0.0,-4917.443117489679
-0.007626518617126971,-0.0037531605058424736,-0.05572007864821904,285.0238510315933,0.0,0.0,-0.9067403063849562,914.1996196889146,-0.8972374843678789,-0.44154829480499685,0.0,-4705.835265130463
0.005619308011145625,-0.00637756830428923,0.16856557852301582,284.582522866865,0.0,0.0,-0.8748540801789215,2289.1315260363926,0.6610950601347794,-0.7503021534457918,0.0,-4927.924372755826
0.007413757417496938,-0.004157667730171464,-0.01330406630712061,284.8265716905903,0.0,0.0,-0.8362856209035436,1172.5733817129324,0.8722067549996397,-0.4891373800201722,0.0,-4736.702982031145
-0.007885408118063346,0.0031733797143708928,-0.18547206730340474,284.9981214594943,0.0,0.0,-0.8261457825976769,121.34602848838882,-0.9276950727133347,0.37333878992598735,0.0,-4646.567216363081
-0.0013374099437895564,0.008394125007542646,0.14643605463862022,284.48519084976516,0.0,0.0,-0.8963040944864398,2152.4775333470584,-0.15734234632818309,0.9875441185344289,0.0,-5103.39481183907
-0.008488764731907563,-0.00043689051983572704,0.17906547381725044,284.8464909941818,0.0,0.0,-0.8284893538352516,2355.5861982192932,-0.9986782037538309,-0.051398884686556116,0.0,-4684.204368342684
0.005223587980836355,0.006705529703644745,-0.1630955335007478,285.14476859143235,0.0,0.0,-0.8688241170882879,255.36024834170902,0.6145397624513358,0.788885847487617,0.0,-4865.0726491048545
0.007720913851389748,-0.0035549246545346007,-0.14391685945820346,284.953207718855,0.0,0.0,-0.9047655020051408,376.5277453397692,0.9083428060458526,-0.4182264299452471,0.0,-4673.350032207643
-0.008499260267504024,0.000112137884889209,0.00999427875653075,284.8793781286667,0.0,0.0,-0.909589261299729,1317.3459321071507,-0.9999129726475322,0.01319269233990694,0.0,-4637.7579725992255
-0.008039761623024956,0.0027590275542181786,-0.054850890758972315,284.86722950879266,0.0,0.0,-0.8843414607852303,919.8728903774999,-0.9458543085911711,0.32459147696684454,0.0,-4666.642143201936
-0.007238455944425203,-0.004455867540739452,0.16775961960482524,284.80568906897815,0.0,0.0,-0.8260075046637684,2282.940715694074,-0.8515830522853179,-0.5242197106752297,0.0,-4800.923452657149
-0.00512218077522998,0.006783307755502799,-0.04928756496273834,284.81789334385724,0.0,0.0,-0.8634495490400016,961.6627533566201,-0.6026095029682329,0.7980362065297409,0.0,-4901.995693211464
-0.0036943041221419864,0.0076552019603093905,0.09766141062807318,284.58927951652845,0.0,0.0,-0.9070740834571747,1857.983115815793,-0.43462401436964543,0.9006119953305165,0.0,-5018.086706974439
0.006599842719885115,-0.005356498489944663,0.12641626292400823,284.64332696810726,0.0,0.0,-0.8549770350871249,2030.238412968272,0.7764520846923664,-0.6301762929346663,0.0,-4843.650308823292
-0.006899329356969897,-0.004964801549312253,0.06809444132167494,284.96058007182256,0.0,0.0,-0.8639531192221321,1673.7389654523379,-0.8116858067023408,-0.5840942999190886,0.0,-4803.382346881703
-0.00797806738793363,0.0029326508066235693,-0.07867410251970333,284.69633103726994,0.0,0.0,-0.8685405432110489,771.487926292859,-0.9385961632863093,0.345017741955714,0.0,-4666.268700554385
-0.0002691529390684838,0.00849573756041174,-0.024903208472150995,285.0311596300857,0.0,0.0,-0.8535995784907243,1104.6269038838832,-0.03166505165511574,0.9994985365190281,0.0,-5067.87747416714
-0.0076125018680827106,-0.0037815096599687877,0.026818944717135307,285.0174366110161,0.0,0.0,-0.8950171626491814,1416.8722262105396,-0.8955884550685541,-0.44488348940809264,0.0,-4729.280707056511
-0.004654987925264002,-0.007112038204034506,-0.07376405273109282,285.1225015435046,0.0,0.0,-0.9095938989777357,804.9744802959588,-0.5476456382663532,-0.8367103769452359,0.0,-4923.2467165398675
-0.007859778763037076,-0.0032363370955621074,0.037650503442575006,284.9454024972134,0.0,0.0,-0.8918259904311295,1486.2203511926425,-0.92467985447495,-0.38074554065436556,0.0,-4708.886907942556
0.002194138144099412,-0.00821192777638771,0.1802410807766924,284.53955830997523,0.0,0.0,-0.8630414633487606,2359.980148769955,0.25813389930581315,-0.9661091501632599,0.0,-5094.038794748048
0.008498912700866734,-0.00013595184090753706,0.11238505863794127,284.83455601472116,0.0,0.0,-0.8736732661836414,1945.119529869585,0.9998720824549097,-0.015994334224416124,0.0,-4665.264649142867
-0.001594541609594623,-0.00834909797854064,0.1067822170753153,284.628383393034,0.0,0.0,-0.8263177565922224,1910.8533482985488,-0.18759313054054386,-0.9822468210047811,0.0,-5088.164767152571
-0.005017202649279935,-0.006861317481071578,0.10187284364500479,284.7777505456258,0.0,0.0,-0.8343368486526126,1879.7424324233568,-0.590259135209404,-0.8072138213025385,0.0,-4949.0331659917165
-0.0040791697124331104,-0.00745723638200965,-0.002960928178619121,285.00210565504597,0.0,0.0,-0.8898065613389478,1239.9283392778027,-0.4799023191097777,-0.8773219272952529,0.0,-4972.87086084475
0.004074205489139651,-0.007459949707086794,-0.07666885393303766,284.9449078324573,0.0,0.0,-0.8942476641770487,788.9349385655946,0.47931829283995886,-0.877641142010211,0.0,-4953.342056106934
-0.000888872014433243,0.00845339615432504,-0.15981143580795235,285.17490023718307,0.0,0.0,-0.837950972304237,276.6885694144445,-0.10457317816861682,0.9945171946264754,0.0,-5027.312119304091
-0.008166039726484092,-0.0023591937575120087,-0.08859372137809327,284.98590078628564,0.0,0.0,-0.8879275532125217,715.6666026264429,-0.9607105560569519,-0.27755220676611864,0.0,-4645.126452892526
0.006462320460268025,0.005521631486146216,0.011996087153554713,285.0658285379297,0.0,0.0,-0.8415941183797706,1330.4096849865255,0.76027299532565,0.6496037042524959,0.0,-4823.89185034162
-0.004580168021350678,0.00716045116568758,-0.029876686918379775,284.7092911784591,0.0,0.0,-0.8726611103465713,1072.2182247938233,-0.5388432966294915,0.8424060194926564,0.0,-4939.229380247786
-0.004005276345596737,0.0074971835642061785,-0.09833017395830129,285.00168751166524,0.0,0.0,-0.8322945111272244,655.4169119343654,-0.4712089818349103,0.8820215957889621,0.0,-4950.922055808833
0.0048018142604360076,0.007013742211421333,0.10578369425965231,284.8284477824198,0.0,0.0,-0.9038057361270111,1906.6775866868113,0.5649193247571773,0.8251461425201567,0.0,-4962.962100009827
-0.004829124588821038,-0.006994966454933437,-0.12637180676095514,285.1777732414245,0.0,0.0,-0.8917402868641617,483.97115402217077,-0.5681323045671809,-0.822937229992169,0.0,-4899.074670100953
-0.0028311554954138555,-0.008014646502546944,0.047276009798360524,284.90135848138465,0.0,0.0,-0.8522291544147017,1545.5002300935332,-0.33307711710751237,-0.9428995885349344,0.0,-5038.870046492991
0.008251011860109077,-0.002042254461211766,-0.1397189241754505,284.90222133700667,0.0,0.0,-0.8985071826345865,400.43120722296777,0.9707072776598913,-0.24026523073079598,0.0,-4622.9144826604925
-0.0029542347816369466,-0.007970100178477465,0.035403270822081,284.9086087046247,0.0,0.0,-0.8601675505193574,1472.7958497532693,-0.3475570331337584,-0.9376588445267605,0.0,-5031.348246349716
-0.008438883221284024,-0.0010174723473053188,-0.05723076803428348,284.9051309745083,0.0,0.0,-0.8985279871261055,907.531788303061,-0.9928097907392968,-0.11970262909474337,0.0,-4625.950040239485
-0.007880405463972345,-0.003185782435037712,0.06748924116355923,284.9308852907853,0.0,0.0,-0.8743742059956305,1672.359182935478,-0.927106525173217,-0.37479793353384844,0.0,-4714.915205612214
0.004660375049982095,-0.007108509294746993,-0.01070147312021097,284.7685924689519,0.0,0.0,-0.8510158001778482,1190.321127827493,0.5482794176449524,-0.836295211146705,0.0,-4939.860332347551
-0.00705373119480774,0.004742876366868125,-0.185487598569282,285.10180811829343,0.0,0.0,-0.8277891403240525,117.1487177273518,-0.8298507288009105,0.5579854549256618,0.0,-4722.228052409976
0.003688583525206169,-0.007657960014101513,0.052644116933885404,284.65814829071445,0.0,0.0,-0.8280686336816274,1581.0793718183286,0.4339510029654316,-0.9009364722472367,0.0,-5006.266103263636
-0.008106701698711373,-0.002555657952095736,0.08475493194803033,284.94954276241924,0.0,0.0,-0.8665953559102618,1777.5991676392746,-0.9537296116131025,-0.3006656414230277,0.0,-4697.515052373839
-0.008357761867642765,-0.001548488477121008,-0.1940658488028044,285.0068147349501,0.0,0.0,-0.8285573355735468,65.76839458096492,-0.9832661020756193,-0.1821751149554127,0.0,-4597.536172664191
-0.003397437476847871,-0.0077914965565614915,0.021374938649345365,284.9777084958141,0.0,0.0,-0.8715079641753857,1391.963875682551,-0.39969852668798483,-0.9166466537131166,0.0,-5010.440818253549
-0.007242310195956431,-0.004449600322000339,0.13958293127253105,284.8839454216878,0.0,0.0,-0.8302100099485838,2116.148936700024,-0.852036493641933,-0.5234823908235693,0.0,-4793.023957062937
-0.00787741904751139,-0.0031931597438751404,-0.06797138799836136,284.99520130665604,0.0,0.0,-0.9012686846171624,837.8324251808717,-0.9267551820601635,-0.3756658522206047,0.0,-4678.858700262498
-0.005121473681734826,-0.006783841634892249,0.1378331526042916,284.74453700606864,0.0,0.0,-0.8262321396388093,2102.2183135327773,-0.6025263154982148,-0.7980990158696762,0.0,-4952.242923526613
-0.005359868699219356,0.006597105996353903,0.15148080174266484,284.55810031754834,0.0,0.0,-0.8737727234311475,2183.770237364677,-0.6305727881434536,0.7761301172181062,0.0,-4940.687492606763
-0.003745366958680298,0.00763034903165156,0.02419040328635827,284.68433898006543,0.0,0.0,-0.8989083999074753,1403.5427931158827,-0.44063140690356445,0.8976881213707717,0.0,-4996.061452028861
0.008419716085223206,0.0011654960507155865,0.17335664939035764,284.78510694421993,0.0,0.0,-0.9074912675884762,2318.0837101634593,0.9905548335556712,0.1371171824371278,0.0,-4689.782814124723
0.00492865915429223,0.00692519450563025,0.16579991980576855,284.6543066893861,0.0,0.0,-0.9074316277612766,2269.58615312094,0.5798422534461447,0.8147287653682647,0.0,-4971.547408205882
-0.0040053149923016665,0.00749716291756045,0.11638760571233916,284.5652141914719,0.0,0.0,-0.9000287064551339,1969.6034904464063,-0.47121352850607834,0.8820191667718176,0.0,-5008.527379639248
0.007150080796698988,0.004596340348655262,0.16288874891300628,284.7581337207642,0.0,0.0,-0.9098849798518441,2255.69944372069,0.8411859760822338,0.5407459233712072,0.0,-4807.3605670672005
0.0054912911393559215,-0.006488121578918751,-0.06734974520504783,284.8280721675462,0.0,0.0,-0.8815997442413878,847.1867631258951,0.6460342516889319,-0.7633084210492648,0.0,-4873.292044248177
-0.005220891245442486,0.006707629581548314,0.1993227543394985,284.51822779408684,0.0,0.0,-0.8451801809889592,2476.826657186482,-0.6142224994638218,0.7891328919468604,0.0,-4962.478353837172
-0.0002806160664105754,-0.008495366656199852,-0.1900283424689987,285.29270976767083,0.0,0.0,-0.8761966396815349,88.87802854257026,-0.0330136548718324,-0.9994549007293944,0.0,-5023.537229547335
-0.003898500760010731,0.0075532570341671655,0.06760245769921061,284.57209526116037,0.0,0.0,-0.9099285770637158,1672.675655124103,-0.45864714823655656,0.8886184746079018,0.0,-5000.580073850937
0.004843927415493891,0.006984723845180043,-0.14486855945133287,285.1431455725263,0.0,0.0,-0.8549816163978587,370.53237757500807,0.5698738135875165,0.821732217080005,0.0,-4893.240113611435
0.0071757624766312506,-0.0045561423242663265,-0.20130847275364858,285.07358610428304,0.0,0.0,-0.9046728970816907,20.598153378288387,0.8442073501919117,-0.5360167440313325,0.0,-4707.4085476970795
0.0041102194321336605,-0.007440167754809757,-0.012457965473017724,284.83784359812597,0.0,0.0,-0.8550358182010163,1178.5137870477945,0.48355522730984235,-0.8753138535070302,0.0,-4968.774329561618
-0.007684724607726558,-0.0036324933177367185,-0.11539284592160243,285.1128319460635,0.0,0.0,-0.8781458468355132,547.3833934570623,-0.9040852479678303,-0.42735215502784923,0.0,-4684.398084116188
-0.006060824391714728,0.005959564387838747,0.06073641973610297,284.64084491708843,0.0,0.0,-0.9095042241866435,1626.853472097839,-0.7130381637311444,0.701125222098676,0.0,-4867.588830910053
0.0071747837902322,-0.004557683354887796,-0.03017608148306572,284.8411021643737,0.0,0.0,-0.8463189509379427,1076.2931588448987,0.8440922106155528,-0.5361980417515054,0.0,-4753.4076477290755
0.006726006189592237,0.005197195468477871,-0.19831676449506608,285.1547661934841,0.0,0.0,-0.8984346612259161,38.971145282200794,0.7912948458343808,0.6114347609973966,0.0,-4746.288148644866
0.008266410166228205,-0.001979005549178425,-0.16755842373478907,284.965685018375,0.0,0.0,-0.9076123972540437,229.27805643171183,0.972518843085671,-0.23282418225628526,0.0,-4613.896424880259
-0.006691883996007997,0.005241057964187388,0.14674743907809293,284.60172361648563,0.0,0.0,-0.8674256835140715,2153.0948558464856,-0.7872804701185878,0.616595054610281,0.0,-4841.654627145639
-0.008141965873745839,0.002440981710451388,0.19367280021761743,284.7295484239444,0.0,0.0,-0.8304569170049071,2443.813310197271,-0.9578783380877456,0.28717431887663386,0.0,-4723.247394526131
-0.008431524419738276,0.0010767525060835167,0.02643299289546014,284.87698794189555,0.0,0.0,-0.9083867305516045,1413.203450719864,-0.9919440493809736,0.1266767654215902,0.0,-4649.152459856687
-0.0022501742642176545,0.008196750318306184,-0.022772817680611873,284.82378574438604,0.0,0.0,-0.8645988025304122,1118.3723224429416,-0.2647263840256064,0.9643235668595511,0.0,-5038.054993950985
-0.007832059518065971,-0.0033028538728609017,0.1536749963048463,284.8396565653681,0.0,0.0,-0.8291135025056238,2198.1916977276355,-0.9214187668312905,-0.3885710438659884,0.0,-4742.664357755084
0.004377509792413042,-0.007286110623462145,-0.044338932208919546,284.8392992744435,0.0,0.0,-0.873797511588249,983.052092290166,0.5150011520485932,-0.8571894851131935,0.0,-4946.404666810552
-0.003500528770696364,0.00774572774666958,0.008105626432561103,284.7297232297516,0.0,0.0,-0.8899054164110625,1308.044067934632,-0.41182691419957224,0.91126208784348,0.0,-5002.550061068372
0.00801004777164803,-0.0028441404142405566,0.020936490357789328,284.76257663307507,0.0,0.0,-0.8260086854783675,1390.0008747294928,0.9423585613703563,-0.33460475461653605,0.0,-4689.87965756644
-0.001337390093294326,-0.008394128170236515,-0.01662117595701587,285.07363379476146,0.0,0.0,-0.8848460489046662,1156.2965069792365,-0.15734001097580305,-0.9875444906160604,0.0,-5059.648073325393
0.0061058766482297785,-0.005913397530743413,0.1765127373569533,284.56959676869076,0.0,0.0,-0.8829859143721135,2339.1064094851417,0.7183384292035033,-0.6956938271462838,0.0,-4895.312632373211
0.0009731289932236475,-0.00844411155554849,-0.1760983240574449,285.29117529204854,0.0,0.0,-0.8902261692065344,177.3273803494526,0.1144857639086644,-0.9934248888880576,0.0,-5021.9870325191
0.0051889429337638165,0.006732374858112297,-0.1075697066349027,285.20706242426854,0.0,0.0,-0.8368244865226859,593.5472185356383,0.6104638745604489,0.7920441009543878,0.0,-4882.166732262193
0.0012070123389123519,-0.00841386482026621,-0.07073620989571427,285.06687306105397,0.0,0.0,-0.9019555027645964,820.5521197654855,0.14200145163674727,-0.9898664494430834,0.0,-5047.149651069549
0.0023859601653802806,0.008158259256067958,0.028057170164799833,284.90763327264875,0.0,0.0,-0.8740872628377909,1426.9408359925533,0.2807011959270918,0.9597952065962303,0.0,-5047.858542445093
-0.00025017154224894707,-0.00849631768470605,0.11268229409774541,284.5240664700156,0.0,0.0,-0.8263361604968625,1943.5843671742566,-0.029431946146934944,-0.9995667864360059,0.0,-5104.850689642076
-0.004134073039307682,-0.0074269401576739094,0.1272867745355505,284.7313370857434,0.0,0.0,-0.826343955597933,2035.8776794899954,-0.48636153403619786,-0.8737576656086952,0.0,-5005.069191853626
0.0033277003468169023,-0.007821535041268732,0.1951275047148789,284.5161415746929,0.0,0.0,-0.8784300429730058,2453.785696754722,0.3914941584490473,-0.9201805930904391,0.0,-5059.913504268892
0.004243080662293606,0.007365206480016026,0.1893641072316379,284.55088995591956,0.0,0.0,-0.8970039338935216,2417.164151827004,0.4991859602698359,0.8664948800018853,0.0,-5016.162890289792
0.0003951212355303443,-0.008490811457642489,0.043189555608435015,284.8758927564299,0.0,0.0,-0.8406747844375864,1521.755365784577,0.04648485123886403,-0.9989189950167634,0.0,-5085.636671534937
-0.0036286903461322855,0.007686521083811997,-0.00794394761619327,284.79202992823224,0.0,0.0,-0.8811849784834452,1205.9212998268554,-0.4269047466037983,0.904296598095529,0.0,-4992.679725404966
0.008483492337513186,0.0005294882051141993,-0.156951056015343,284.95246228424026,0.0,0.0,-0.8973015597437011,295.68099608495993,0.9980579220603748,0.06229273001343521,0.0,-4594.598549146956
-0.0051205953601819384,0.006784504636101534,-0.1872360816637586,285.0946702162521,0.0,0.0,-0.8346162441152841,110.48953251474167,-0.6024229835508162,0.7981770160119451,0.0,-4865.084010821206
0.005997930934070091,0.006022858499925521,-0.07861624278116894,285.12919302386206,0.0,0.0,-0.8296043285964897,775.3843299522645,0.7056389334200106,0.7085715882265319,0.0,-4834.820263385036
0.0023991366682072058,-0.00815439410669264,0.17604641889368997,284.56608179997534,0.0,0.0,-0.8614094542007518,2333.4519916009426,0.28225137273025946,-0.9593404831403104,0.0,-5087.178997585077
-0.006068498139618537,-0.0059517501904436795,-0.14168136602089132,285.20352622115234,0.0,0.0,-0.8753223687589379,386.6607919559933,-0.7139409576021807,-0.7002059047580799,0.0,-4812.714782175072
0.006860010793614933,0.005018989132433605,0.11970701185342672,284.879318340656,0.0,0.0,-0.9007775796756335,1987.5256897927577,0.8070600933664627,0.5904693096980711,0.0,-4820.524277881249
0.007316911682867001,0.0043258297961344255,0.06592480189908936,284.94472146484634,0.0,0.0,-0.8668838510767766,1661.2336274473569,0.8608131391608236,0.508921152486403,0.0,-4766.647467330085
-0.00639078639038673,0.005604270631620832,0.10555843052362227,284.642157675596,0.0,0.0,-0.8941817612039397,1907.3480897678896,-0.7518572223984388,0.6593259566612742,0.0,-4854.593270066743
0.005134757775455462,0.006773792334239342,-0.08344299769733823,285.098791689565,0.0,0.0,-0.8286419165414475,740.2490227572218,0.6040891500535838,0.7969167452046284,0.0,-4892.04642574284
0.00832181820003887,0.0017312832944096166,-0.18760890569635497,284.9509723350501,0.0,0.0,-0.9054147865521999,102.57581044922752,0.9790374352986907,0.20368038757760193,0.0,-4602.919611474614
0.006658637972822752,0.005283231998207434,0.01985680630525874,285.0605890319777,0.0,0.0,-0.8444320109733352,1376.6910164035003,0.7833691732732649,0.6215567056714627,0.0,-4810.313840718667
0.006549007557034649,-0.005418533013455124,0.00963873970646767,284.69041449616435,0.0,0.0,-0.8320521150605139,1316.258165914181,0.770471477298194,-0.637474472171191,0.0,-4816.390432510654
-0.0023099418840565092,0.008180108097835962,-0.07177450159902993,285.0464976790822,0.0,0.0,-0.8371571526967938,813.9502025782516,-0.2717578687125305,0.9623656585689366,0.0,-5023.248397149103
-0.008471339375652042,0.0006974304141111709,0.18242621089743763,284.8005026307419,0.0,0.0,-0.8297899401801453,2376.547063594182,-0.9966281618414167,0.0820506369542554,0.0,-4686.905832648673
0.008400430635400554,0.0012972143769723911,0.09239048368580113,284.881648189644,0.0,0.0,-0.8679279879647772,1821.3990887674447,0.9882859571059474,0.15261345611439894,0.0,-4670.035672219331
-0.0015029652493211317,-0.008366068100328437,-0.15567532877949608,285.2656683677425,0.0,0.0,-0.8909515779420296,300.33363290704597,-0.17681944109660372,-0.9842433059209926,0.0,-5019.476797886357
-0.002127574684695791,-0.008229424400347914,-0.024965782528160674,285.0439575697691,0.0,0.0,-0.8929333936327585,1104.236832664106,-0.25030290408185774,-0.9681675765115192,0.0,-5040.735183955755
-0.005387303302117646,-0.006574721524976727,0.12210702838335732,284.66918870841715,0.0,0.0,-0.8290899745061242,2001.8406404131038,-0.633800388484429,-0.773496649997262,0.0,-4931.011131974268
0.007308849640510887,-0.004339437398143208,0.006431684040244967,284.77191083396855,0.0,0.0,-0.8299509735475888,1296.066097801476,0.859864663589516,-0.5105220468403774,0.0,-4751.403988303334
-0.008151831053577243,-0.0024078310725492626,-0.13110157224141114,285.06074145199375,0.0,0.0,-0.8616775848188802,451.6713351026805,-0.9590389474796757,-0.283274243829325,0.0,-4635.13389822294
0.008499673951502619,-7.444943349592677e-05,0.1285254564863292,284.8943298308462,0.0,0.0,-0.8839709101875074,2048.166738327729,0.9999616413532493,-0.008758756881873737,0.0,-4669.516194506843
-0.006973864637923038,-0.004859548539929053,0.008054131949851107,285.0368853966805,0.0,0.0,-0.8992407176719716,1304.1772907217428,-0.8204546632850632,-0.5717115929328297,0.0,-4780.976688686741
-0.008260456949475126,-0.002003709306727922,0.013425690137416763,284.9247988714287,0.0,0.0,-0.9059328164840585,1340.3194110223185,-0.9718184646441325,-0.23573050667387316,0.0,-4663.0523180088685
0.008373719745139157,0.001459732040432983,0.0003265042771870841,284.9471375448155,0.0,0.0,-0.8266605809486778,1254.5779357632541,0.985143499428136,0.17173318122740974,0.0,-4648.064204343687
0.0010464835724303314,0.008435334737438311,0.18832944801060233,284.5184235786312,0.0,0.0,-0.8835358417758133,2413.085723502945,0.1231157144035684,0.9923923220515659,0.0,-5118.858122062329
0.002166147763281182,-0.008219355441129915,-0.11513244596318334,285.082280068839,0.0,0.0,-0.9099137635231289,552.0863343460097,0.2548409133271979,-0.9669829930741076,0.0,-5015.535495094216
0.0026875851236229657,0.008063924987453725,0.12483272088849298,284.6702050152611,0.0,0.0,-0.909991141982721,2022.5541509375562,0.3161864851321136,0.9486970573474969,0.0,-5064.503192516941
-0.008497964761605194,0.00018599707125754945,-0.1045202757018964,284.8800793028928,0.0,0.0,-0.8657815780509438,618.908770961682,-0.9997605601888463,0.02188200838324111,0.0,-4607.168656619676
-0.00196864169506823,-0.008268884439659252,-0.033229245821829595,285.0797543289693,0.0,0.0,-0.8964117767052643,1057.1329956347495,-0.2316049053021447,-0.972809934077559,0.0,-5042.482870336419
-0.00779474599668183,0.003389975641094284,-0.16020484651141662,284.90055011599526,0.0,0.0,-0.8275924090270138,271.3802817033959,-0.9170289407860975,0.398820663658151,0.0,-4662.0036974862915
0.0031990080804462015,0.007875045860262652,0.07948550507207922,284.7664358608156,0.0,0.0,-0.8990566776178445,1745.5352921525966,0.37635389181720014,0.9264759835603118,0.0,-5034.002788579764
-0.0004617224670184171,-0.00848745028636106,0.09796513403443532,284.62038712329485,0.0,0.0,-0.8263216681778103,1856.6926955345966,-0.054320290237460836,-0.9985235631013011,0.0,-5099.985023313533
0.00413290684453804,0.0074275891791597244,-0.03668283227079497,285.0922892416925,0.0,0.0,-0.8311591448512948,1030.0553602495509,0.4862243346515341,0.8738340210776145,0.0,-4961.13605892549
0.0004527109396325863,-0.008487935721077122,0.11234386189727366,284.5367625123227,0.0,0.0,-0.8268721091262402,1945.9807572257066,0.05326011054501015,-0.9985806730678966,0.0,-5103.892914793663
-0.003848025217041876,0.007579096379451171,0.013980424925004092,284.79131588793473,0.0,0.0,-0.8945413161212439,1341.9932852270226,-0.4527088490637501,0.8916583975824905,0.0,-4988.574912822512
0.008220983268723139,-0.0021599615958100347,0.075666737088073,284.7753425043515,0.0,0.0,-0.8419796632898552,1719.1172265426944,0.967174502202722,-0.2541131289188276,0.0,-4683.713164108802
-0.006558014516677917,-0.005407628463480245,-0.15908644037838796,285.133554937137,0.0,0.0,-0.860578864062774,279.24170360792624,-0.7715311196091666,-0.6361915839388523,0.0,-4770.403753942438
0.0036330170013243604,0.007684477045843013,0.06712722965898735,284.81794681637916,0.0,0.0,-0.8912652991983079,1668.3760653582895,0.4274137648616894,0.9040561230403544,0.0,-5012.629432929628
-0.00849388605403692,-0.00032233476548012316,-0.10903830267463208,284.96553723639727,0.0,0.0,-0.8653864494205269,590.0968550905282,-0.9992807122396377,-0.03792173711530861,0.0,-4606.378566817806
0.0052192634220290055,0.006708896282658578,0.04557855421195631,284.98109754405914,0.0,0.0,-0.8695673482327952,1538.6113209738487,0.6140309908269418,0.7892819156068914,0.0,-4921.3334072072485
0.007200301825781409,0.004517261738891042,0.11123512388355664,284.903604010414,0.0,0.0,-0.8948693080232684,1940.2426898952692,0.8470943324448715,0.5314425575165931,0.0,-4789.1132942759195
0.005957008338949794,0.006063336676260244,-0.09834428597432969,285.13872531326695,0.0,0.0,-0.836227422870631,656.2534553762492,0.7008245104646816,0.7133337266188522,0.0,-4832.506750099477
0.00601782227539953,0.0060029838465304255,-0.04429691417818868,285.08973007325886,0.0,0.0,-0.8262327255321062,989.1878257247861,0.7079790912234741,0.7062333937094618,0.0,-4842.572328861524
-0.007499691309325546,-0.0040005787412356825,0.11690746184362003,284.82370554919106,0.0,0.0,-0.8405966636385284,1976.6955795657093,-0.8823166246265348,-0.4706563224983155,0.0,-4763.833061111552
0.0066572562320182955,-0.00528497298585845,0.06408681503270588,284.65265355451476,0.0,0.0,-0.8280165001727037,1651.2053951431267,0.7832066155315641,-0.6217615277480529,0.0,-4822.2924783959015
-0.008368159105144867,0.0014912790453101266,-0.14444890333742225,284.88723403645156,0.0,0.0,-0.8373143007947031,371.65599457640207,-0.9844893064876312,0.17544459356589723,0.0,-4609.788970558826
0.00841288424985648,0.0012138280761774998,0.08219876682212127,284.7511443368783,0.0,0.0,-0.8609845973090523,1758.4491879574457,0.9897510882184094,0.14280330307970585,0.0,-4666.026152366992
-0.0031826602115540914,0.007881666954254695,0.11002267133447893,284.5018938904446,0.0,0.0,-0.9048772505234826,1931.2695230212742,-0.3744306131240107,0.9272549357946699,0.0,-5042.831032695559
-0.0022868231642147728,-0.008186601237119758,0.07502650636212702,284.7396780179896,0.0,0.0,-0.8356993167434343,1714.7711130759571,-0.26903801931938504,-0.9631295573082067,0.0,-5063.281222113231
-0.002616444606367557,-0.008087287408136929,0.16452926783601599,284.62016135151043,0.0,0.0,-0.8342541520590442,2264.819839002809,-0.30781701251383026,-0.951445577427874,0.0,-5077.451420882819
0.005518429408226925,0.006465055055172866,-0.04659598353203748,285.08248301028465,0.0,0.0,-0.8264725727394964,974.4450263830369,0.6492269892031677,0.7605947123732784,0.0,-4877.040537820259
-0.00837817269108704,-0.0014339534017266278,-0.06855952311995622,284.9697535431106,0.0,0.0,-0.8947230112919241,836.8665342557863,-0.9856673754220046,-0.16870040020313268,0.0,-4629.12830461459
-0.0023577633456489393,-0.00816645284110025,0.056887667499962186,284.8310400722254,0.0,0.0,-0.844607561251038,1604.8575305109914,-0.27738392301752224,-0.9607591577764998,0.0,-5056.408135009635
0.006859186659764427,-0.005020115373824564,-0.11908240283983351,284.89575310665026,0.0,0.0,-0.9005290750173066,528.053875992476,0.8069631364428737,-0.5906018086852427,0.0,-4756.527681078531
-0.005955071936898566,0.006065238513559312,0.12412243445429702,284.60396828855846,0.0,0.0,-0.886766249956116,2015.5034880322935,-0.7005966984586548,0.7135574721834484,0.0,-4892.333418039039
-0.00681527069779856,-0.005079575308598971,0.1197306089205977,284.85909925819334,0.0,0.0,-0.8349816338947935,1988.4620181341816,-0.8017965526821835,-0.5975970951292907,0.0,-4824.256653062835
-0.008485815701874132,0.0004908481168614506,-0.20167682766912182,285.0618445071607,0.0,0.0,-0.8260009859120742,22.52637624986931,-0.9983312590440155,0.057746837277817716,0.0,-4582.35884959534
0.006963706513342059,-0.004874093925647863,0.08453033979828264,284.65871207294697,0.0,0.0,-0.8354673968724852,1775.6171732661317,0.8192595898049481,-0.5734228147821016,0.0,-4802.356910438753
-0.000299338695815859,-0.008494727561563541,0.10906419893251426,284.5989612205546,0.0,0.0,-0.8260897107220013,1927.3171749941625,-0.035216317154806935,-0.9993797131251224,0.0,-5103.715443385532
-0.0015177808724020074,0.008363392925324661,0.11800414961067571,284.5748977551661,0.0,0.0,-0.906398833095344,1980.8437116211196,-0.17856245557670675,0.9839285794499602,0.0,-5092.63044765725
-0.006275625634398088,-0.0057329331844079255,0.13011530118868517,284.85777346866445,0.0,0.0,-0.8294368526061493,2053.8737775190443,-0.7383088981644809,-0.674462727577403,0.0,-4870.064970437851
0.004193083098721726,0.007393784831005986,0.030778408206779795,284.94041036720046,0.0,0.0,-0.8661438001546706,1440.8397936539877,0.4933038939672619,0.8698570389418806,0.0,-4976.184179720578
-0.008260745570936657,-0.002002519066638421,-0.10751038827170463,284.9494324722288,0.0,0.0,-0.8747345948251399,597.0668398716969,-0.9718524201101949,-0.2355904784280495,0.0,-4630.5770138395
-0.007127481136541285,-0.004631307876642208,-0.09951482493118824,285.13098166672563,0.0,0.0,-0.8924707418370673,648.4820512284975,-0.8385271925342688,-0.5448597501932009,0.0,-4738.924645475681
-0.008424036674695974,-0.0011338457140974807,-0.1679423293324531,285.0766585652015,0.0,0.0,-0.8359225461074064,227.1583577200632,-0.9910631381995262,-0.133393613423233,0.0,-4597.771598571342
-0.008383574402526829,-0.0014020271885013251,-0.0909367600777252,284.9581101011992,0.0,0.0,-0.8821214811012204,699.0762029712953,-0.9863028708855093,-0.16494437511780294,0.0,-4622.5732572905945
-0.007082289182012609,0.004700125524105413,-0.03739376369282987,284.7454607877338,0.0,0.0,-0.8848122485101335,1030.7780217600919,-0.8332104920014833,0.5529559440124014,0.0,-4759.502048262323
0.002271006457781001,0.008191002970864862,0.14113969994665412,284.6264383388613,0.0,0.0,-0.9078455727660634,2121.9255615486854,0.26717723032717655,0.9636474083370425,0.0,-5081.457932907842
0.0031917608917718643,0.007877985936123247,-0.17496767907461222,285.2618733746082,0.0,0.0,-0.8648402620618851,180.87207811879375,0.37550128138492517,0.926821874838029,0.0,-4966.016918534035
0.002447601700056662,0.008139978250454958,-0.16896472714343858,285.34617358725245,0.0,0.0,-0.8571966865363423,220.4780776317544,0.2879531411831367,0.9576445000535243,0.0,-4993.1845149671035
0.005822270966353218,-0.006192831403676381,-0.02330959295997903,284.7433753132588,0.0,0.0,-0.8517469669249659,1113.0872169149973,0.6849730548650844,-0.7285684004325154,0.0,-4862.303448974704
0.0038625730716898414,-0.007571692628854959,0.051050934074266224,284.6225394606015,0.0,0.0,-0.8280890892815912,1571.3762672319415,0.4544203613752754,-0.8907873681005833,0.0,-4997.837531542434
0.0005419160422562169,0.00848270752785603,-0.0176983871094315,284.97703627221244,0.0,0.0,-0.8541907790765326,1151.993137957559,0.0637548285007314,0.9979655915124741,0.0,-5068.463193849784
-0.003076408487172085,0.007923743485250868,-0.11341495663777978,285.07281497939624,0.0,0.0,-0.8268629960900499,563.7671108140079,-0.36193041025553935,0.9322051159118667,0.0,-4986.934403377813
-0.0017814971708173034,-0.008311213378945937,-0.00455280789611201,284.9842269694479,0.0,0.0,-0.8796442509165543,1229.523555069553,-0.2095879024490945,-0.9777898092877573,0.0,-5054.450595859376
0.0011468296411935271,-0.008422278894342073,0.15933550628041412,284.5378558654836,0.0,0.0,-0.8455314355035785,2233.327233349214,0.13492113425806201,-0.990856340510832,0.0,-5109.738916978905
0.008467264657813178,0.0007452712355564907,0.04003549681381338,284.9101289750386,0.0,0.0,-0.8359126254904704,1498.5128430922516,0.9961487832721385,0.0876789688889989,0.0,-4649.123775550079
0.002121715574514486,0.008230936946718925,-0.02895309362453577,285.06557201978757,0.0,0.0,-0.8410721213865914,1082.5151322841884,0.24961359700170424,0.9683455231434029,0.0,-5039.817039796865
0.0030328581342868957,-0.007940514563760324,-0.1481944662499179,285.16086444590474,0.0,0.0,-0.9076595270380549,346.838652859963,0.35680683932787005,-0.9341781839718029,0.0,-4979.223615994796
-0.006952951171354542,0.0048894243023856615,0.14450445230539247,284.67985300563635,0.0,0.0,-0.8667053147988649,2139.5792802101623,-0.8179942554534755,0.5752263885159601,0.0,-4819.359062343736
0.007912671951164074,0.003104774161394245,-0.11292065563724193,285.0098804527422,0.0,0.0,-0.8590711993382224,563.5954171002354,0.930902582489891,0.3652675483993229,0.0,-4663.409182383235
0.0014188001672912813,0.00838075211930852,0.03306646600693233,284.8646648283122,0.0,0.0,-0.8819682703768351,1459.6046991883018,0.16691766674015074,0.9859708375657081,0.0,-5071.612427593119
-0.00025380218089769913,0.008496210005230072,-0.054203578783301426,285.09245080237184,0.0,0.0,-0.8378477095797079,923.0109094448119,-0.029859080105611658,0.9995541182623614,0.0,-5060.065287971501
0.008492471803058607,0.00035766279405955375,-0.12568954971604823,284.96082006017826,0.0,0.0,-0.8809438183031337,486.7309547102887,0.9991143297716009,0.042077975771712205,0.0,-4602.057458150636
0.002481694154675902,-0.008129649077460076,0.15438619494984815,284.4788303445182,0.0,0.0,-0.8486287897251902,2206.594411321383,0.2919640181971649,-0.9564293032305972,0.0,-5078.9137717643525
-0.00772193878455139,-0.0035526977647473775,0.19271328665720536,284.6673581312295,0.0,0.0,-0.8272330455157618,2436.958685885952,-0.9084633864178105,-0.4179644429114561,0.0,-4763.569045949754
0.006819470042558115,0.005073936178023175,-0.07899854711648358,285.1117407552123,0.0,0.0,-0.8326620829197977,771.1391510900669,0.8022905932421311,0.5969336680027264,0.0,-4770.590381604681
0.005794899791359529,0.006218451286944467,0.19062182376542283,284.65168931327236,0.0,0.0,-0.9026570505821089,2425.220868097205,0.6817529166305328,0.7315825043464078,0.0,-4921.636143215366
-0.004084659806776612,-0.007454230628502425,0.1985296777190733,284.4943923659906,0.0,0.0,-0.8442698911078844,2468.6274355579876,-0.4805482125619543,-0.8769683092355793,0.0,-5026.656362653393
0.0039309141967880995,-0.007536439051534204,-0.005818839108221674,284.7232214904576,0.0,0.0,-0.8519701285275779,1219.6297917424372,0.4624604937397764,-0.8866398884157887,0.0,-4979.336176405319
-0.0001993136253615193,-0.008497662859795347,0.09672961964205748,284.6943238109335,0.0,0.0,-0.8262625903429649,1850.2170940369836,-0.023448661807237564,-0.9997250423288644,0.0,-5100.709919686417
-0.007807227987176055,-0.0033611294465186754,0.1960564444208098,284.7131027832764,0.0,0.0,-0.8275157365444744,2462.234294152664,-0.9184974102560064,-0.39542699370807943,0.0,-4756.400012714078
-0.004546968662197514,-0.007181578933980588,0.017111439687405167,284.99985762466315,0.0,0.0,-0.8805002378541472,1361.4328427276496,-0.5349374896702958,-0.8448916392918339,0.0,-4953.681302206382
0.00839404303249723,-0.0013379243508452648,0.0539478609896146,284.7911099452162,0.0,0.0,-0.8350451505592863,1588.7361743150116,0.9875344744114387,-0.15740286480532525,0.0,-4660.375107576594
-0.005856562022634936,0.0061604124273485295,0.1419136174539948,284.6558657153866,0.0,0.0,-0.8766184969005082,2122.0690754455877,-0.6890072967805806,0.724754403217474,0.0,-4904.192720963155
0.004393175273271208,-0.007276675821988943,-0.08831693150518152,284.91964471577523,0.0,0.0,-0.898428244123189,717.2316709195161,0.5168441497966126,-0.8560795084692874,0.0,-4933.768948419857
-0.003718926485988128,-0.00764327062139082,-0.08559919429656727,285.1157674616662,0.0,0.0,-0.9092134348934077,733.3622726077934,-0.4375207630574268,-0.8992083083989199,0.0,-4967.807618539004
-0.008471476726756888,-0.0006957600649767167,-0.05157528247864357,284.9242939310754,0.0,0.0,-0.8998939430714267,940.4602549421095,-0.9966443207949279,-0.08185412529137844,0.0,-4624.110772135071
-0.008463220067487578,-0.0007898772621588598,-0.014546798516082537,284.84560278993956,0.0,0.0,-0.9096463266223384,1167.0358328484895,-0.9956729491161855,-0.09292673672457173,0.0,-4634.8967668933665
0.0038022031633334185,0.007602187257936847,0.17761959425499427,284.59291230912515,0.0,0.0,-0.9004608916315215,2345.6589676439744,0.44731801921569625,0.894374971521982,0.0,-5034.612936944423
-0.00848031925472796,0.0005780876558881357,-0.014587812511227038,284.816588053021,0.0,0.0,-0.9082267485591876,1167.6515052238683,-0.9976846182032892,0.06801031245742772,0.0,-4633.121373787574
-0.002080030773764819,0.008241569752188677,0.18398272362522525,284.5046211282934,0.0,0.0,-0.8711414509650137,2383.810161546365,-0.244709502795861,0.969596441433962,0.0,-5098.012812599814
-0.00309798543061691,0.007915332353836154,0.18682877137140255,284.5213655076129,0.0,0.0,-0.864033092672048,2399.0933863463283,-0.36446887419022467,0.9312155710395473,0.0,-5066.676265807621
0.0015532413786832494,-0.008356879873466302,-0.1203322443559839,285.10324684494753,0.0,0.0,-0.9098318613895806,517.7526299241299,0.18273427984508814,-0.9831623380548591,0.0,-5028.023339825705
0.007271469845124224,0.004401786715806332,0.034318350109502654,284.98199872702855,0.0,0.0,-0.8478446416570248,1466.143338292225,0.8554670406028498,0.5178572606830979,0.0,-4762.204864899069
0.005019975665420301,-0.006859288907648374,0.09210061624477081,284.63797799544517,0.0,0.0,-0.8306001796749513,1821.063081208123,0.5905853724023883,-0.8069751656056909,0.0,-4946.241845309431
-0.007978625333250238,0.0029311325100748265,-0.1695853640160697,285.0095865909885,0.0,0.0,-0.8267610370097972,218.0396663709631,-0.9386618039117925,0.3448391188323325,0.0,-4641.823655568912
0.008386574989241872,0.0013839652993564216,-0.03653108387858442,284.92605500688546,0.0,0.0,-0.829254953052426,1037.767502949881,0.986655881087279,0.1628194469831084,0.0,-4636.863453314979
-0.007370379938500473,0.004234087807562541,0.06611260061301291,284.75198855308753,0.0,0.0,-0.9050237948403389,1660.7081888663413,-0.8671035221765262,0.4981279773602989,0.0,-4761.915378998523
0.006850809726721622,0.005031541124571716,0.008855032450142158,285.018016884453,0.0,0.0,-0.8378235872587075,1313.5409099168712,0.8059776149084261,0.591946014655496,0.0,-4791.551777490724
-0.006442264510940691,-0.00554501830214059,0.08854722869022,284.9308159831755,0.0,0.0,-0.8479798284605321,1798.8484886273955,-0.7579134718753754,-0.6523550943694811,0.0,-4846.0061279769525
-0.008430799235908736,-0.0010824159292068204,-0.13930086485711812,284.9020153328694,0.0,0.0,-0.850252112272347,401.7137791124744,-0.9918587336363219,-0.12734305049492003,0.0,-4604.761748337571
0.008499680181762424,-7.373471200937879e-05,0.18786178815578639,284.77678652912255,0.0,0.0,-0.9084636091276432,2407.565727127325,0.9999623743249909,-0.008674672001103386,0.0,-4685.435053134852
-0.003003515491454111,0.007951659870278354,0.07826764634437464,284.5949420085293,0.0,0.0,-0.9099978142342913,1734.9353068245873,-0.35335476370048363,0.9354893965033357,0.0,-5041.060417650978
-0.0023280330092135004,-0.008174977816973716,-0.024831039870346377,284.9939013638412,0.0,0.0,-0.8936832751947963,1105.0566354360303,-0.27388623637805887,-0.9617620961145548,0.0,-5035.331998683293
-0.002835052577115455,-0.008013268801493622,-0.16351733470298968,285.22549339713373,0.0,0.0,-0.8802377482547866,255.23823307623,-0.33353559730770055,-0.9427375060580732,0.0,-4982.181257912072
-0.0073053666613050764,0.004345298372251592,0.010313054062923044,284.7320384668363,0.0,0.0,-0.9070264941947522,1317.1972710385328,-0.8594549013300089,0.5112115732060696,0.0,-4752.7553168788345
0.001320624087915226,0.008396782241931614,-0.018445683881944203,284.9837874220511,0.0,0.0,-0.8501608431286591,1141.7704124041618,0.15536753975473244,0.9878567343448956,0.0,-5059.42996612274
-0.0029355353970018368,-0.007977006451855815,0.03029233249741098,284.90816517919905,0.0,0.0,-0.8633222755590643,1439.9512535367344,-0.34535710552962784,-0.9384713472771545,0.0,-5030.647737808329
-0.0037000619105667953,-0.007652420653490816,0.20451116635058972,284.5555128312999,0.0,0.0,-0.8494345961146098,2510.127417370397,-0.43530140124315236,-0.9002847827636253,0.0,-5046.494433142024
0.00254949065343262,0.008108643376549478,-0.1394707710141147,285.2609582144122,0.0,0.0,-0.8409558610812978,402.0670647146292,0.29994007687442586,0.9539580442999386,0.0,-4997.996830779957
0.0025668264660803387,0.008103172335143164,-0.061417032275450645,285.13819288543544,0.0,0.0,-0.8281695481204678,884.2579481978041,0.3019795842447457,0.953314392369784,0.0,-5018.397925141139
0.0001752227837335091,-0.008498193747853757,0.13744338833735173,284.57159899782596,0.0,0.0,-0.8323289429287696,2098.3041106938194,0.020614445145118718,-0.9997874997475008,0.0,-5111.68807505418
0.002206482896168186,0.008208619447198003,0.18240774078618202,284.49480153569283,0.0,0.0,-0.8920196749689738,2376.4491693521886,0.2595862230786101,0.965719934964471,0.0,-5094.289258988771
-0.008282616592865664,-0.0019100425062250307,-0.11495537779828675,284.9839012789734,0.0,0.0,-0.8695020037640828,552.979387853046,-0.9744254815136074,-0.2247108830852977,0.0,-4626.376104903499
-0.0036134106958878717,-0.007693715821554832,0.15515739911349877,284.6404277486603,0.0,0.0,-0.8288102331283116,2210.054034372002,-0.42510714069269073,-0.9051430378299802,0.0,-5037.112519214227
0.0073443392585037836,0.004279098135822559,-0.06836806938005086,285.0493028119746,0.0,0.0,-0.8315552193307769,834.9880428819528,0.8640399127651509,0.5034233100967717,0.0,-4728.168760064967
-0.007343576149588374,-0.004280407613206575,-0.06173168801342338,285.06374274441214,0.0,0.0,-0.9063788987994431,876.2140051074596,-0.863950135245691,-0.503577366259597,0.0,-4730.017511877216
0.0038443149528864236,-0.007580978996344329,0.07249355074952998,284.64105595310485,0.0,0.0,-0.8260018822570858,1696.0169171827622,0.4522723473984027,-0.8918798819228622,0.0,-5004.447367688128
-0.008389110671330007,0.0013685109221986552,-0.06751831610342227,284.84236645906674,0.0,0.0,-0.8833593573535709,843.23150566655,-0.9869541966270595,0.16100128496454766,0.0,-4628.290751880415
-0.004133818827229581,-0.007427081654569462,-0.018931488498061394,285.0665407509537,0.0,0.0,-0.8980706241226113,1139.9111746184487,-0.4863316267328919,-0.8737743123022896,0.0,-4965.852701648366
0.003644601256012586,-0.007678989626550585,-0.028089296782741746,284.8151657462151,0.0,0.0,-0.8674677012647047,1085.0896936024303,0.4287766183544219,-0.9034105443000687,0.0,-4986.57011628775
-0.0004684600066128529,-0.008487081077862065,-0.16376704618829957,285.2294232724357,0.0,0.0,-0.8909026234196441,255.04095113948426,-0.05511294195445328,-0.9984801268073016,0.0,-5029.726027799954
-0.005209613237399828,0.006716392626753479,-0.18185747360277718,285.17216583645546,0.0,0.0,-0.8323356600140053,143.0587790582352,-0.6128956749882151,0.7901638384415857,0.0,-4860.9268827923415
-0.0039857882734981856,0.007507562310020768,0.1049047066751744,284.52051735472395,0.0,0.0,-0.9043453919025497,1901.745055893366,-0.46891626747037474,0.8832426247083256,0.0,-5006.396880210262
-0.0010214049970055596,0.008438408133770971,-0.018212845345240397,284.8499904601284,0.0,0.0,-0.8613645093528743,1146.5257322327045,-0.12016529376535995,0.9927538980907024,0.0,-5063.76015981528
-0.0081930865388439,0.0022634780685959572,-0.09733190842597914,284.8465794337368,0.0,0.0,-0.8600537634038015,660.4984691553144,-0.9638925339816353,0.2662915374818773,0.0,-4640.08748164517
-0.0005697611450039921,0.008480882751084568,-0.09342064645162464,285.0939873646847,0.0,0.0,-0.8268899058906769,680.9341027502563,-0.06703072294164612,0.997750911892302,0.0,-5047.95895228278
0.005850168213545217,0.006166484563608764,-0.03989494392074111,285.0725002446788,0.0,0.0,-0.8268399723308574,1012.7859494705614,0.6882550839464961,0.7254687721892663,0.0,-4855.870651805882
-0.0032943618590716983,0.007835635260876663,-0.007798630760577241,284.75839684343657,0.0,0.0,-0.8795457098585509,1212.0129778832131,-0.3875719834201998,0.9218394424560779,0.0,-5006.814385803891
-0.0034017382756249045,-0.007789619804852385,-0.07053589527696452,285.0764114751829,0.0,0.0,-0.9098719573161834,826.2243170845675,-0.4002045030146946,-0.9164258593943981,0.0,-4985.603731950872
0.006919747701282703,-0.0049363034500112275,-0.060095104798183974,284.8132098573676,0.0,0.0,-0.8667314151114152,892.0209612268338,0.8140879648567886,-0.580741582354262,0.0,-4767.271668712073
0.004717833082794284,0.007070505710547995,-0.0977124231107866,285.15520605685157,0.0,0.0,-0.8314485582613391,660.5766808196933,0.5550391862110922,0.8318242012409405,0.0,-4913.234332627182
-0.008461903480014995,-0.0008038591262840337,-0.02405338245855035,284.9029540162492,0.0,0.0,-0.9084343669636764,1107.0916947282808,-0.9955180564723523,-0.09457166191576866,0.0,-4632.4819251512345
0.007762547875368201,-0.0034630695174392096,0.08127719017078841,284.7135080482807,0.0,0.0,-0.8395294039748166,1756.721130583337,0.913240926513906,-0.4074199432281423,0.0,-4729.842119873285
0.006242544613523335,0.005768937228655797,-0.006465039121630406,285.09012176559054,0.0,0.0,-0.8344861831208239,1218.755928505078,0.7344170133556863,0.6786984974889172,0.0,-4835.943403526065
-0.008470047962040596,0.0007129428593737122,0.03099305224271215,284.9067720144987,0.0,0.0,-0.9068303637096269,1444.5549128756265,-0.9964762308283053,0.08387563051455438,0.0,-4646.410662551743
-0.008285487282180167,0.0018975511842452923,-0.17221080177046333,284.91470830790576,0.0,0.0,-0.8276050646749918,200.73695616649223,-0.9747632096682549,0.2232413157935638,0.0,-4610.725243398008
-0.005502668797791818,0.006478474828368816,-0.14156249683556685,285.1170110724534,0.0,0.0,-0.826233544118556,386.8555360761328,-0.6473727997402139,0.7621735092198606,0.0,-4852.619539511033
0.00638576698376688,0.005609989307390244,0.18007151412449715,284.6703323474732,0.0,0.0,-0.9076125872248542,2360.9658778840526,0.751266703972574,0.6599987420459109,0.0,-4874.975139024119
-0.006642767966510773,0.00530317204539871,-0.03360104798190844,284.77969793922927,0.0,0.0,-0.8836620553692209,1050.6231146590164,-0.7815021137071497,0.6239025935763188,0.0,-4797.2570410471335
0.004521752874797272,0.007197482263907471,0.026377605702070234,284.96469113275793,0.0,0.0,-0.8614457573878509,1418.6330534327922,0.5319709264467379,0.8467626192832318,0.0,-4957.55996930577
-0.008271374931846324,-0.0019581513569753082,0.08102360034922809,284.8791624603389,0.0,0.0,-0.8720535589844184,1754.521532236949,-0.9731029331583909,-0.230370747879448,0.0,-4680.089138968642
-0.008437972148323215,0.0010250004995714457,-0.10495211781515006,284.8616929493257,0.0,0.0,-0.8613724639819399,611.8122553405703,-0.9927026056850841,0.12058829406722889,0.0,-4613.240390865581
-0.00282480447502135,-0.008016887156365579,0.009100743906790332,285.00927737787913,0.0,0.0,-0.8763155175376256,1311.3104453812587,-0.3323299382378059,-0.9431631948665385,0.0,-5028.84666034576
-0.004311296141426184,0.007325484665257562,-0.028642714467762287,284.73338990256667,0.0,0.0,-0.871900405821241,1080.6095085109253,-0.5072113107560217,0.861821725324419,0.0,-4954.119511235247
-0.002926879317284711,-0.00798018655559198,0.14727717705928442,284.5923774956764,0.0,0.0,-0.8283301959825551,2157.668992727011,-0.344338743209966,-0.9388454771284682,0.0,-5062.342954133941
-0.008333675205520936,-0.00167327749309121,0.09547857890935715,284.88986464998453,0.0,0.0,-0.8642021726815821,1842.8247908680487,-0.98043237712011,-0.1968561756577894,0.0,-4677.6672398112605
0.005885488898558056,0.006132782437438156,0.16646433998253743,284.7232972856006,0.0,0.0,-0.909029252120628,2276.143821298687,0.6924104586538888,0.7215038161691948,0.0,-4908.7109773541115
0.00367265276286884,-0.007665612935923121,-0.047562315256239024,284.84485124685995,0.0,0.0,-0.8796912981154026,964.9071222826736,0.4320767956316282,-0.9018368159909553,0.0,-4980.095621611442
-0.004452645221185176,-0.007240438559525025,0.09981753587257056,284.81386003907073,0.0,0.0,-0.8331581226243017,1869.3537796487947,-0.5238406142570795,-0.8518163011205911,0.0,-4981.040359278494
0.0083632135899461,-0.0015187687279309076,0.1502906359645997,284.79309240090646,0.0,0.0,-0.8900509112597665,2179.6276280667735,0.9839074811701294,-0.1786786738742244,0.0,-4689.3693480806005
-0.00843958118732807,-0.001011666636050702,0.034148981311865556,284.9039906804129,0.0,0.0,-0.9016219351701303,1465.2735053954843,-0.9928919043915375,-0.11901960424125906,0.0,-4650.394814940627
0.004925304418609531,-0.006927580846444554,0.030491126792405232,284.6983445907292,0.0,0.0,-0.8308529356719998,1441.8422115651072,0.5794475786599448,-0.8150095113464181,0.0,-4935.446367790053
-0.005416515248307703,-0.006550676496733002,-0.0012103020572257484,285.0513033046907,0.0,0.0,-0.8953596722514874,1249.1721323160643,-0.6372370880362003,-0.770667823145059,0.0,-4896.003998011618
0.007612625473140948,-0.003781260822223927,-0.15574140973327552,284.99350363721095,0.0,0.0,-0.9081994792732225,303.08189092968723,0.8956029968401115,-0.44485421437928546,0.0,-4680.2896390422975
0.007549929398737663,0.003904941238236085,0.13342687643502824,284.8137107308976,0.0,0.0,-0.9021945614059685,2071.8603904098004,0.8882269880867838,0.4594048515571864,0.0,-4763.660694412384
0.004699728204755818,0.007082552844943881,0.20428775372256477,284.6152491996817,0.0,0.0,-0.8916027805926906,2509.744879203811,0.5529092005595079,0.8332415111698683,0.0,-4995.297132547446
0.007644789690978046,0.0037158028177926494,0.02628674984495752,284.9611075895881,0.0,0.0,-0.8404474228156444,1416.7988954513974,0.8993870224680054,0.4371532726814881,0.0,-4726.137855520429
-0.0007461284119899026,-0.008467189167180655,-0.051277545865480834,285.0931496408614,0.0,0.0,-0.900202158257847,941.462716621144,-0.08777981317528265,-0.9961399020212535,0.0,-5057.852279581368
-0.006796729366438214,-0.005104357934098706,0.04005609998943793,284.98752327848246,0.0,0.0,-0.8809244379261034,1503.5073260290949,-0.7996152195809663,-0.6005126981292594,0.0,-4804.417578804124
-0.005049412622157791,-0.006837648146197169,-0.13600463749232133,285.159522842952,0.0,0.0,-0.885174272314562,426.28788318557775,-0.5940485437832695,-0.8044291936702551,0.0,-4883.237735073444
0.005435365981372934,-0.006535043737308409,-0.03531645230347258,284.77203772610056,0.0,0.0,-0.8616168957166443,1041.7329213290104,0.6394548213379921,-0.7688286749774598,0.0,-4885.607768105786
-0.008178025971802295,-0.0023173025707764502,-0.14648815575440144,285.06424232127813,0.0,0.0,-0.851722124478735,359.88866468030545,-0.9621207025649757,-0.27262383185605293,0.0,-4628.400751301835
-0.008491380896518092,0.0003826884767635796,0.0023561806436517008,284.92645719145105,0.0,0.0,-0.9099983256303814,1271.9653320547523,-0.9989859878256577,0.04502217373689171,0.0,-4636.524024322663
-0.00662872540020173,0.005320714197240858,-0.06083144241109839,284.88448188905977,0.0,0.0,-0.8664125249939043,884.8160946907012,-0.7798500470825563,0.6259663761459833,0.0,-4791.086286897964
0.003050917914337067,0.007933593125436745,-0.006173714388068158,284.93245030613167,0.0,0.0,-0.8492889469752168,1221.630613373697,0.3589315193337726,0.9333638971102052,0.0,-5016.657629951851
0.00714226291346889,-0.004608479193279156,0.06914361333615385,284.7891018622492,0.0,0.0,-0.8308748856290482,1680.754853772075,0.840266225113987,-0.5421740227387242,0.0,-4782.889900739596
-0.005117878775979571,-0.006786554120787504,-0.018676221374251928,285.02132755371156,0.0,0.0,-0.90172677767228,1144.7027775615593,-0.6021033854093613,-0.7984181318573534,0.0,-4910.476772303145
0.0022323185345243155,-0.008201631176809844,0.11109472034239484,284.56675365402583,0.0,0.0,-0.8292739413092781,1940.3639736809055,0.2626257099440371,-0.9648977855070404,0.0,-5074.458104629279
-0.00529632299189305,-0.0066482300475799614,0.07370717762737136,284.8410655646682,0.0,0.0,-0.8494726318536464,1705.19062957108,-0.6230968225756529,-0.7821447114799954,0.0,-4923.945250302907
0.008315733562641961,-0.0017602770563607424,-0.053164430267350515,284.76482058332834,0.0,0.0,-0.8461381962135776,930.3459008309082,0.9783215956049366,-0.20709141839538145,0.0,-4639.606588819421
0.008497779302321151,0.00019428568923687752,-0.03104054385160651,284.9322412061108,0.0,0.0,-0.8302331154540036,1069.1370518761935,0.9997387414495472,0.022857139910220883,0.0,-4626.9019267022895
-0.004589536406237564,0.007154450054044684,0.060865345038743385,284.55807059169103,0.0,0.0,-0.9099038666137484,1628.2197153659229,-0.5399454595573605,0.8417000063581981,0.0,-4963.051643027204
0.006689993699257885,-0.005243470635360688,-0.10913812744414708,284.8350320546326,0.0,0.0,-0.897131945218689,588.6423206599702,0.7870580822656335,-0.6168788982777279,0.0,-4773.156452040151
-0.00192347175413115,-0.008279508222778672,0.06796736646734261,284.7750904079218,0.0,0.0,-0.8374839292436816,1671.739753957132,-0.2262907946036647,-0.9740597909151378,0.0,-5070.703836663157
-0.0027280192470093907,-0.008050336079192366,-0.20275926719461587,285.3241115390788,0.0,0.0,-0.8558939899267914,14.303935322057768,-0.32094344082463416,-0.9470983622579254,0.0,-4975.279107644402
0.007521195647126641,0.003960002024954442,-0.1630065089873442,285.09355405341165,0.0,0.0,-0.8859889891383106,255.52583001275315,0.8848465467207812,0.46588259117111075,0.0,-4686.767045422025
-0.008453481094946359,0.0008880638363228761,0.04456956518223082,284.87181958701973,0.0,0.0,-0.9031693054734934,1531.7762886241803,-0.9945271876407481,0.10447809839092659,0.0,-4651.760584358712
0.008459876602360276,-0.0008249168884421949,0.20411693561957397,284.7989453145945,0.0,0.0,-0.9097427566304173,2506.5650238162316,0.9952796002776795,-0.09704904569908175,0.0,-4693.907227887464
0.008462792630193982,0.0007944437666282166,0.10765325254090177,284.88439599839575,0.0,0.0,-0.8752121584647359,1912.9100313709675,0.9956226623757626,0.09346397254449607,0.0,-4667.726206182069
0.005498640993866987,0.006481893798926783,-0.0967781949781495,285.11011864344493,0.0,0.0,-0.8337155201745472,664.506597479702,0.6468989404549396,0.7625757410502098,0.0,-4864.904693189338
0.008454499271017166,-0.0008783177536462717,-0.12931265046599588,284.9655691899164,0.0,0.0,-0.8886651103972348,466.9839505503522,0.9946469730608429,-0.10333150042897313,0.0,-4605.004417621696
-0.008348682748511908,0.001596714240150587,0.05573430467496235,284.8115563400088,0.0,0.0,-0.9010466690771917,1597.0979643035607,-0.9821979704131656,0.18784873413536318,0.0,-4665.4794507754605
0.005950292035400905,-0.006069927898537558,-0.02858501958246762,284.78083968608854,0.0,0.0,-0.8540971448307412,1081.1900974573118,0.7000343571059887,-0.7141091645338303,0.0,-4851.709683908034
-0.008212125793541893,0.0021933968977464937,0.015852245583266145,284.79194045048126,0.0,0.0,-0.9099931456570266,1354.3057779392907,-0.9661324462990462,0.25804669385252865,0.0,-4668.551803829566
0.0003761008277127215,0.008491675227385573,-0.12605513827791176,285.19655454879785,0.0,0.0,-0.8294016785026002,482.4091456763141,0.04424715620149664,0.9990206149865379,0.0,-5040.318891988662
-0.006498289482078605,-0.0054792548587473625,0.11394688107640591,284.90057615391896,0.0,0.0,-0.8357377342949475,1954.5513531663964,-0.7645046449504241,-0.6446182186761602,0.0,-4848.4054794887925
0.008492409872294934,0.00035913028408581356,0.15860467953065147,284.840476940614,0.0,0.0,-0.9009534046436135,2229.942003636856,0.9991070437994038,0.042250621657154534,0.0,-4678.337925609411
-0.008335659904333615,-0.0016633622453587592,-0.05884981416414625,284.92195446834427,0.0,0.0,-0.899990313075626,894.7453448556305,-0.9806658710980722,-0.19568967592455988,0.0,-4636.060583144078
0.004710843636999751,0.007075164466479841,-0.20000245828931776,285.2407070341989,0.0,0.0,-0.8885340563173653,31.352373062420273,0.5542168984705589,0.8323722901740989,0.0,-4886.192000831455
0.006742843473624574,-0.0051753320560325895,0.15246457121184173,284.6693127661568,0.0,0.0,-0.8726554870103629,2192.7891685684726,0.7932757027793615,-0.6088625948273634,0.0,-4839.019138988874
0.005601071604081992,0.0063935902970042105,-0.09184978606693481,285.2012313282352,0.0,0.0,-0.8323309557735901,692.0273518115772,0.6589496004802343,0.7521870937652012,0.0,-4859.302961041701
-0.007220372470697039,0.004485111078267778,0.09597234135440416,284.6530545655895,0.0,0.0,-0.8936139555351769,1847.2600771517268,-0.8494555847878869,0.5276601268550326,0.0,-4783.255769116717
-0.007279592990914613,-0.00438833976426471,-0.15576850081093307,285.0373396679194,0.0,0.0,-0.8566421146637924,299.0213176507932,-0.8564227048134838,-0.5162752663840835,0.0,-4710.486117301126
-0.003092597906117248,0.007917438865635732,0.045154217270240854,284.69309971335156,0.0,0.0,-0.9047281667982032,1530.8605555495947,-0.36383504777849973,0.9314633959571449,0.0,-5028.869131620421
0.003251441653245151,0.007853542332956667,0.026238648869638975,284.9184520793679,0.0,0.0,-0.8684022785181543,1418.306835824061,0.382522547440606,0.9239461568184314,0.0,-5017.657297809413
0.0034358022840514937,-0.007774655147651666,0.1625847221274712,284.5349821608541,0.0,0.0,-0.8582659288193444,2252.7734484687194,0.40421203341782275,-0.9146653114884312,0.0,-5046.729849400193
-0.0013013088822432873,-0.008399797330471416,0.07728985636659433,284.7643896409476,0.0,0.0,-0.8319771224195904,1732.0400418804816,-0.15309516261685732,-0.988211450643696,0.0,-5085.4235262482825
0.008403924458040873,0.0012743836563384068,-0.10593458763767628,284.9579433457744,0.0,0.0,-0.8638964195036964,607.7547476928205,0.988696995063632,0.14992748898098904,0.0,-4616.468956126884
-0.005271778634051076,0.006667709504287254,0.002402828290022946,284.72143483007164,0.0,0.0,-0.8952440377293346,1269.9387394818775,-0.6202092510648324,0.7844364122690887,0.0,-4906.394474601726
0.008499338556305558,0.00010603822564429489,-0.0780094197973474,284.90222521302707,0.0,0.0,-0.852117987746471,777.3209815402727,0.9999221830947713,0.012475085369917045,0.0,-4614.139119681199
-0.007315052178380503,0.004328973507376855,-0.19642397499923372,285.0491581120662,0.0,0.0,-0.8293636003489014,51.51706648358885,-0.8605943739271179,0.5092910008678653,0.0,-4696.4269071249
0.006701192023652235,-0.005229151504990048,-0.132320699576884,284.9491061328521,0.0,0.0,-0.9057974437926555,449.1124396967389,0.7883755321943805,-0.6151942947047114,0.0,-4766.023493408143
0.002779528348975602,-0.008032697066193955,-0.011970261877299132,284.8688209671063,0.0,0.0,-0.8617365365924682,1187.2395907327677,0.32700333517360025,-0.9450231842581123,0.0,-5024.738746591153
0.0029052022503073226,0.007988103647600555,0.014542006854100814,284.94744499528394,0.0,0.0,-0.8627234335654895,1347.2896143628407,0.3417885000361556,0.9397768997177122,0.0,-5027.500987380962
-0.002648473599933725,-0.008076855055679413,0.08216489548263925,284.7385160503549,0.0,0.0,-0.8340255943511169,1760.6553722667081,-0.3115851294039676,-0.9502182418446369,0.0,-5054.326711390538
-0.003985774548635489,0.007507569596577149,-0.01769689122649315,284.79079103259335,0.0,0.0,-0.8770368769613353,1146.4413176204414,-0.4689146527806457,0.8832434819502528,0.0,-4973.504434872727
-0.004799620460045244,-0.00701524364790811,-0.16209979217357207,285.1965260724573,0.0,0.0,-0.8704101551971689,262.1827796113536,-0.5646612305935581,-0.8253227821068364,0.0,-4891.219197508281
0.0006968147956277597,0.008471390035914664,-0.02593126780834487,285.0032684150621,0.0,0.0,-0.8486252864691168,1096.1756652800798,0.08197821125032466,0.9966341218723134,0.0,-5065.085842655291
-0.008421021276732908,-0.0011560279654107334,0.16142694514674458,284.8582813505563,0.0,0.0,-0.8317902485849045,2244.0511384791726,-0.9907083854979891,-0.13600329004832157,0.0,-4686.448301967848
0.0006165023621349999,-0.008477613156866853,-0.04312820064342174,284.9528629714165,0.0,0.0,-0.8913091779750054,993.6972802376416,0.07252968966294117,-0.9973662537490415,0.0,-5061.114374751225
-0.008499324594657959,0.00010715145655716034,0.1725883091044809,284.7382356861597,0.0,0.0,-0.8313306009664895,2313.577255055853,-0.9999205405479952,0.012606053712607097,0.0,-4681.374102031136
0.005580986932603751,-0.006411129764566164,-0.05705110214655268,284.77860698407153,0.0,0.0,-0.8746090366322443,907.904580318178,0.6565866979533824,-0.7542505605371956,0.0,-4870.006926292265
-0.008488401300045816,0.00044389567398265054,0.07999403442573397,284.8352737147663,0.0,0.0,-0.8842451430431674,1746.7650971199396,-0.9986354470642136,0.05222302046854712,0.0,-4657.661801415638
-0.008482250294465608,-0.000549026358236216,0.173978419388604,284.82331088550825,0.0,0.0,-0.8294937355484605,2324.312350518073,-0.997911799348895,-0.06459133626308422,0.0,-4683.512834826048
0.007236029825047591,-0.004459806315415699,0.15823215014546352,284.64493097210686,0.0,0.0,-0.8804817900863583,2228.6644387064525,0.8512976264761871,-0.5246830959312586,0.0,-4798.581162596452
0.004973091107998558,-0.006893356572203827,-0.05158406288211967,284.80225055594303,0.0,0.0,-0.8749214584686359,936.3585528018043,0.5850695421174773,-0.8109831261416266,0.0,-4910.545570963126
-0.008392590164602686,0.0013470079172054911,-0.12797047634260408,284.87175302309174,0.0,0.0,-0.8460659931311967,475.35128513941,-0.9873635487767864,0.15847151967123424,0.0,-4611.716275487259
0.0028094068674143005,0.008022295996366962,0.17087854463447386,284.53909728231264,0.0,0.0,-0.8998227764230621,2305.4387170750724,0.33051845498991766,0.9437995289843484,0.0,-5072.778785595489
-0.0026686680113784255,0.008070205142686618,0.12097109905054579,284.61034768105765,0.0,0.0,-0.9026063961242509,1998.957304322412,-0.31396094251510887,0.949435899139602,0.0,-5064.084212413889
0.007150343662416822,0.004595931408249649,0.15898954070274882,284.858145747163,0.0,0.0,-0.9096244041326341,2233.226465164135,0.8412169014608025,0.5406978127352527,0.0,-4806.291545298987
0.00774079944728234,-0.003511413378819622,-0.02377582094948008,284.81190895173853,0.0,0.0,-0.838445191390386,1107.5806476843554,0.9106822879155694,-0.4131074563317202,0.0,-4703.710540218497
0.007899050614109912,0.0031392673342246326,-0.19963813090461852,285.06398026962506,0.0,0.0,-0.9056257549881053,31.743734417943614,0.9293000722482249,0.3693255687323097,0.0,-4641.455155561658
-0.0007668067708975013,0.008465341539247296,-0.12105343210229852,285.16161620196505,0.0,0.0,-0.8267878239740629,518.2435493635558,-0.09021256128205897,0.9959225340290935,0.0,-5038.941395190023
-0.0076648830515548775,0.003674175799548356,-0.0351733604036146,284.77873780076726,0.0,0.0,-0.891184567525968,1044.19299300956,-0.9017509472417502,0.4322559764174536,0.0,-4707.775145595148
0.005421885418343587,-0.006546232390494031,0.06746285947397582,284.6602463318479,0.0,0.0,-0.8265021501783391,1670.944392662039,0.6378688727463043,-0.7701449871169448,0.0,-4914.074044085986
0.0073597419619120166,0.004252551969590903,-0.028726955620326705,285.0243218703895,0.0,0.0,-0.8261470667195872,1082.701375828665,0.8658519955190607,0.5003002317165768,0.0,-4737.424909620793
0.007189347052770169,-0.004534676278944827,0.03474752962385433,284.7351440529068,0.0,0.0,-0.8260191800837043,1468.0504221475946,0.8458055356200198,-0.5334913269346855,0.0,-4769.552226150257
0.004083669951844798,0.007454772949218502,-0.04652098525867818,285.04613848061047,0.0,0.0,-0.8286440541591704,971.3369169953822,0.48043175904056445,0.8770321116727648,0.0,-4960.960303010833
-0.008126594619343792,0.002491678127859319,-0.16743746472080817,284.96737536094327,0.0,0.0,-0.8276140592945493,228.51804852852004,-0.9560699552169167,0.2931386032775669,0.0,-4627.887059289458
0.008397627641293998,0.0013152376204226398,0.18795858457501416,284.8050626049471,0.0,0.0,-0.9097651573536821,2408.42075704169,0.9879561930934115,0.15473383769678115,0.0,-4695.962639567244
-0.0072901860141873645,0.004370719377693671,0.12774214904773454,284.6665546830627,0.0,0.0,-0.8744111418221527,2037.1589404342933,-0.8576689428455723,0.5142022797286672,0.0,-4785.610037061246
-0.00664636438292552,0.005298664028732062,0.005730101111909525,284.6592997101407,0.0,0.0,-0.9030104524785817,1290.6149550436362,-0.7819252215206494,0.6233722386743602,0.0,-4807.518241298704
0.008369985371401791,-0.0014809945585720489,-0.03850652822494288,284.81761637235996,0.0,0.0,-0.8377087756902982,1021.3307065530148,0.9847041613413872,-0.1742346539496528,0.0,-4638.026374672593
0.004864292818169097,-0.0069705563177632065,-0.06516255619333056,284.88026809679957,0.0,0.0,-0.8839420749460891,856.6421470680058,0.5722697433140114,-0.8200654491486125,0.0,-4913.42059296294
0.007396318181605886,-0.00418861282006898,-0.03525363012070462,284.7282243549127,0.0,0.0,-0.8473040107789979,1042.346573870654,0.8701550801889277,-0.49277797883164465,0.0,-4732.386969017423
-0.008018403181242438,-0.0028204982579397467,0.13131847886319156,284.86968891179936,0.0,0.0,-0.8384660149245406,2059.142089625195,-0.9433415507344045,-0.3318233244634996,0.0,-4718.6787432216
0.0033803117192097616,0.007798941766738174,0.08585277771324909,284.7462932734486,0.0,0.0,-0.9010736343211266,1785.855930271002,0.39768373167173665,0.9175225607927263,0.0,-5028.446637877411
-0.006047728250155573,-0.005972853841529209,-0.1893254605809105,285.18640331135697,0.0,0.0,-0.8459964180780177,94.29217562240616,-0.7114974411947732,-0.7026886872387305,0.0,-4801.464776350637
0.001339200606448889,0.008393839510956052,0.011057986529620922,284.91609248277285,0.0,0.0,-0.8684724763392343,1326.0118847066371,0.15755301252339868,0.9875105307007119,0.0,-5067.0446781015135
-0.0017611406324353166,-0.00831555071374021,-0.15874192259484013,285.225680269191,0.0,0.0,-0.8881429822682032,280.7396954691046,-0.20719301558062547,-0.9783000839694366,0.0,-5013.521967583694
0.006452007201169261,0.005533678982020912,0.08561970333481314,284.8509462628799,0.0,0.0,-0.8862776639275217,1781.8195809854492,0.7590596707257954,0.6510210567083425,0.0,-4844.455643081261
0.007287229202976214,0.004375647442755261,0.11166366252599233,284.81904589630847,0.0,0.0,-0.8944479912675832,1942.7746813160413,0.8573210827030839,0.5147820520888542,0.0,-4781.558790511772
0.0051951054687715366,-0.006727620617152848,0.07186823554426477,284.6445905342594,0.0,0.0,-0.8267410993739827,1698.580507637065,0.6111888786790043,-0.7914847784885704,0.0,-4929.918909746192
-0.005086367742341382,-0.006810202874340018,-0.19065869230300939,285.27723700574285,0.0,0.0,-0.8508081404659795,87.55780444023625,-0.598396204981339,-0.8012003381576491,0.0,-4866.293339938835
-0.008126612878671877,0.0024916185743817996,0.10592774154256493,284.7360624123559,0.0,0.0,-0.8781861874427143,1905.2049824611263,-0.956072103373162,0.29313159698609403,0.0,-4701.227136561546
0.008353036191273195,0.0015737809209925646,-0.024845351800678372,284.94718132578936,0.0,0.0,-0.8267921440943243,1101.6125082440747,0.9827101401497876,0.18515069658736052,0.0,-4643.41771730372
0.0051512716063465335,-0.0067612425513102255,0.002969889972907369,284.7384590142387,0.0,0.0,-0.8410530169400195,1276.617616661185,0.6060319536878275,-0.7954403001541441,0.0,-4914.195919036927
0.0026427527312252886,0.008078728736725927,0.045656557040334084,284.9034889123553,0.0,0.0,-0.8837161294642153,1539.925893917645,0.3109120860265045,0.9504386749089325,0.0,-5044.716137077118
0.0006240054971758428,-0.008477064181631182,-0.17082031072597287,285.21643351283893,0.0,0.0,-0.8916205008192426,211.42309726950856,0.07341241143245208,-0.9973016684271978,0.0,-5026.79883238991
-0.008357008173315007,-0.0015525509302905902,-0.10269758368414661,284.9253315548496,0.0,0.0,-0.875546359104553,627.7288085779664,-0.9831774321547067,-0.18265305062242237,0.0,-4622.126329980016
0.005361243852412945,0.006595988504762907,0.18232365758904687,284.54041061838143,0.0,0.0,-0.9040067917320939,2376.5846748490108,0.6307345708721112,0.7759986476191655,0.0,-4948.872619742578
-0.0026514208882128087,-0.008075888017645416,0.06891150330685122,284.88395158547627,0.0,0.0,-0.8397161459979968,1679.0363491989874,-0.3119318692015069,-0.9501044726641665,0.0,-5050.6757960563555
-0.00632230119260317,-0.005681417748239302,-0.11188179008155621,285.1450715931226,0.0,0.0,-0.891307239185211,570.020562623591,-0.7438001403062553,-0.6684020880281532,0.0,-4801.557928931737
-0.0069673450518678084,0.004868891344876488,0.023829375439081257,284.717458030156,0.0,0.0,-0.9087483194213195,1404.101822875184,-0.8196876531609186,0.5728107464560573,0.0,-4785.762593621462
-0.008473150224203928,-0.0006750742759674032,0.059575675953065094,284.96133752632477,0.0,0.0,-0.8909573985012397,1623.9038283868283,-0.996841202847521,-0.07942050305498861,0.0,-4653.75906911305
0.005334583794674909,-0.0066175687180105545,0.08353442174566908,284.62543454466487,0.0,0.0,-0.8291190972330231,1770.8239434349957,0.6275980934911657,-0.7785374962365358,0.0,-4924.104752667239
-0.0008709533349275744,-0.008455261101135703,-0.019264395163122228,284.93534074499684,0.0,0.0,-0.8842730990322594,1137.9113925538804,-0.10246509822677345,-0.9947366001336121,0.0,-5065.211901340689
0.008284296620270243,-0.0019027426277295192,0.19962084921103015,284.8321131571371,0.0,0.0,-0.9080210114037934,2480.4931924136486,0.9746231317964992,-0.22385207385053166,0.0,-4710.60510362852
-0.006161643881479416,0.005855266405367674,0.09825643218345856,284.6474511979449,0.0,0.0,-0.8988493015204263,1857.8237649679486,-0.7248992801740489,0.6888548712197263,0.0,-4870.150736590703
-0.0064919435244867605,0.0054867722091293735,-0.17033932877054703,285.06793047206014,0.0,0.0,-0.8266090823247442,210.40033051325517,-0.7637580617043247,0.6455026128387498,0.0,-4772.635598676122
-0.0021985489218259743,-0.008210747995057324,0.048013841273974206,284.8114857089055,0.0,0.0,-0.8488225218749873,1550.5243121081805,-0.25865281433246756,-0.9659703523596851,0.0,-5058.445199813691
0.00592525909911568,-0.0060943666289735845,-0.15685168444396513,284.97315669436347,0.0,0.0,-0.9099203363818293,294.6425766684286,0.6970893057783152,-0.7169843092910099,0.0,-4819.107100657519
0.006076200315453492,0.005943886752494777,-0.00904815405926826,285.0361885390724,0.0,0.0,-0.8342051688796708,1204.5443258554155,0.7148470959357048,0.6992807944111502,0.0,-4847.729643422111
-0.008422317772142784,0.0011465440877034831,-0.1272595462089932,284.9171565092311,0.0,0.0,-0.8473231831027941,477.3256247873515,-0.9908609143697393,0.13488753972982154,0.0,-4608.862840204259
0.007278446623961037,-0.00439024085240778,0.19627742492547548,284.6508076496614,0.0,0.0,-0.9007521453939704,2460.8633187545684,0.8562878381130632,-0.5164989238126799,0.0,-4805.039097783074
-0.005853122520481604,0.006163680455720519,0.007428841431082411,284.69483777990826,0.0,0.0,-0.900193875317091,1300.7120902978213,-0.6886026494684239,0.7251388771435904,0.0,-4868.356715902413
0.007174776243164197,0.004557695235590755,-0.09881755543672734,285.15352147050055,0.0,0.0,-0.8435158864950336,651.5263845703877,0.8440913227251996,0.5361994394812652,0.0,-4734.99230204762
-0.005002769727031377,-0.006871848008963703,0.17635911038509558,284.66387359554057,0.0,0.0,-0.831194036332344,2340.2978362892136,-0.5885611443566325,-0.8084527069369062,0.0,-4969.8980017993945
-0.006683630936855665,0.005251578572191973,-0.05017964670937716,284.79693339907885,0.0,0.0,-0.8736868200332525,948.9822052429836,-0.7863095219830194,0.6178327731990556,0.0,-4789.492795637108
0.0028820680698575757,0.007996479452903474,-0.08426771052219827,285.108921239533,0.0,0.0,-0.8260928828084549,741.7944522640972,0.33906683174795005,0.9407622885768792,0.0,-5001.806410647597
-0.005405963155034596,0.0065593873468799205,-0.10337122918631793,284.8840701329347,0.0,0.0,-0.835235167456507,618.7961740209305,-0.6359956652981877,0.7716926290446965,0.0,-4869.290441621802
-0.006965941228119502,-0.004870899589027162,-0.19376446469930306,285.1016336787484,0.0,0.0,-0.8382126635683018,68.31012804578978,-0.8195224974258237,-0.5730470104737837,0.0,-4727.502877443637
-0.007201818668250617,0.004514843061462593,-0.057077518896837764,284.79728884775557,0.0,0.0,-0.8736996357130957,906.4908879760196,-0.8472727845000725,0.5311580072308932,0.0,-4743.823203924378
0.007068287661921375,-0.004721155528928282,0.020266308617737178,284.66779549327157,0.0,0.0,-0.8276160219979081,1380.3141916050658,0.831563254343691,-0.5554300622268566,0.0,-4776.178426083221
-0.0013727870482236487,-0.008388411990372756,0.10682009769086434,284.7086914389841,0.0,0.0,-0.8261934277448636,1910.158936940281,-0.1615043586145469,-0.986871998867383,0.0,-5092.18224114533
-0.00767728843202073,-0.0036481834289904726,-0.0741185053503371,285.0549979073365,0.0,0.0,-0.9003321060214713,800.2886099654827,-0.9032104037671447,-0.42919805046946735,0.0,-4696.16737261682
-0.005213485337110869,0.0067133874191595685,-0.1741504292338073,285.1365452155317,0.0,0.0,-0.8299600048605035,189.29797137707615,-0.6133512161306904,0.789810284607008,0.0,-4862.748839803245
0.008403040831170343,0.001280197168284644,0.10049316053966459,284.8260137628013,0.0,0.0,-0.8730459354388941,1875.7061377519087,0.9885930389612169,0.1506114315628993,0.0,-4671.9424531166505
0.002876438524859824,0.00799850619882877,0.14891651458287522,284.6188861334745,0.0,0.0,-0.9072166097542251,2168.7716983396313,0.33840453233644985,0.9410007292739728,0.0,-5064.565455126977
0.008171588417432893,0.0023399022919935375,0.06496487427712025,284.87800872204855,0.0,0.0,-0.8557352407682964,1657.433156307173,0.961363343227399,0.275282622587475,0.0,-4685.773030227214
0.00708558733882821,-0.004695151974519821,-0.126331549001927,284.95827991744363,0.0,0.0,-0.9021737182218649,483.269777213957,0.8335985104503776,-0.5523708205317436,0.0,-4735.356120064932
-0.00119030352204809,-0.008416244858926095,0.03660028153486225,284.82501041107764,0.0,0.0,-0.8508588734801875,1477.839228956158,-0.14003570847624588,-0.9901464539913052,0.0,-5076.19118788355
-0.00714327282506612,-0.004606913646539503,-0.12619115449390877,285.13677849614714,0.0,0.0,-0.8767446302559795,487.61298899351937,-0.8403850382430729,-0.5419898407693533,0.0,-4730.395151097959
-0.0050666240539423545,-0.006824904445925433,0.03237979593822868,285.00028744744776,0.0,0.0,-0.8739600504737376,1454.83337004848,-0.5960734181108652,-0.8029299348147568,0.0,-4927.353713622408
-0.00611178899546052,-0.005907286625428607,0.04288512095747876,284.9972388859645,0.0,0.0,-0.87407714449063,1520.764434769512,-0.7190339994659435,-0.6949748971092478,0.0,-4859.021411508608
-0.004752660753690491,-0.007047142382578215,-0.023528217747197155,285.08499681384376,0.0,0.0,-0.9022587188702959,1110.797402579109,-0.5591365592577048,-0.8290755744209664,0.0,-4931.128726900758
-0.008499294624866684,0.00010950287536092826,-0.15505594664238903,285.025878129765,0.0,0.0,-0.8373407840369379,307.5621710398241,-0.999917014690198,0.012882691218932735,0.0,-4593.472648114092
0.0011101635689652614,0.008427190329531091,0.02414193489508812,284.805130531312,0.0,0.0,-0.8779422872237514,1405.2589045502389,0.13060747870179545,0.9914341564154223,0.0,-5073.971446547199
0.0014857410724966012,0.008369144129807818,0.056462245645124004,284.752468348045,0.0,0.0,-0.8947209353780597,1600.3533326599284,0.1747930673525413,0.9846051917420962,0.0,-5076.70525615462
0.005589701753283883,-0.006403532955278289,0.057790057742810236,284.7207757236848,0.0,0.0,-0.8260221406866307,1607.4872551271644,0.6576119709745745,-0.7533568182680339,0.0,-4900.225107715926
0.0007393880464715022,0.008467780424452152,0.05493058259694414,284.76178927499313,0.0,0.0,-0.8967731180899983,1592.8146652812513,0.08698682899664731,0.996209461700253,0.0,-5086.408121675356
0.0024754183862190915,-0.00813156220004302,0.05972365725457737,284.6115422249597,0.0,0.0,-0.8286928200002077,1619.8055060099832,0.2912256924963637,-0.9566543764756493,0.0,-5053.7059624922385
-0.001654605337911176,-0.008337402543703637,-0.07534881207341435,285.05095043166926,0.0,0.0,-0.9089860660345219,797.4280530295598,-0.19465945151896186,-0.9808708874945453,0.0,-5038.111852144582
-0.008493345562621532,-0.00033627541375655417,-0.17956450221201045,285.00833192114567,0.0,0.0,-0.8298123655227109,157.1799875509858,-0.9992171250142978,-0.03956181338312402,0.0,-4587.51281825751
0.008499994781686174,-9.41866804911094e-06,0.10791470786230198,284.8663778926982,0.0,0.0,-0.8714347613539495,1916.0559455065,0.9999993860807262,-0.0011080785940130518,0.0,-4663.953266748437
0.007012180142265573,-0.0048040950919414965,-0.04281383128139274,284.77762997360077,0.0,0.0,-0.8550268329490839,995.1859993650917,0.8249623696783027,-0.5651876578754701,0.0,-4764.065681329633
-9.498479872880622e-06,-0.008499994692873644,-0.12796478125823618,285.17063393269535,0.0,0.0,-0.9068244086366684,471.9419501557922,-0.0011174682203388966,-0.9999993756321933,0.0,-5040.667436072585
-0.002578832475184633,-0.00809935942312311,-0.01855728409571944,285.00704842639294,0.0,0.0,-0.8914591444794269,1144.6323406853367,-0.3033920559040745,-0.9528658144850717,0.0,-5029.520651044416
0.008437470469585436,0.0010291219922214023,0.04419369739944734,284.92591680838785,0.0,0.0,-0.838697140609764,1530.9435296852257,0.9926435846571099,0.12107317555545909,0.0,-4653.306679732951
0.0003062234634267312,-0.00849448216140613,-0.1405476850164295,285.2204334618324,0.0,0.0,-0.9038708385491387,394.962521732002,0.036026289814909546,-0.9993508425183681,0.0,-5036.7210113423425
0.00245108369243924,0.008138930441566536,-0.05557884104569252,285.0894087612374,0.0,0.0,-0.8297631362396806,916.2138831925715,0.2883627873457929,0.9575212284195923,0.0,-5023.50124088652
0.007056440186168437,-0.004738844996307345,0.08947166177044732,284.6936152337603,0.0,0.0,-0.8381343748470258,1801.721447905179,0.8301694336668749,-0.5575111760361582,0.0,-4795.764825200612
-0.008497177995321056,0.00021901167966945607,-0.19064782289346377,284.9683035830763,0.0,0.0,-0.8267893053293245,87.48896222557933,-0.999667999449536,0.02576607996111248,0.0,-4584.142696087441
0.007092257347117233,-0.0046850705141184,-0.01746422357224231,284.7484666700114,0.0,0.0,-0.8403255413577833,1146.8899475526478,0.8343832173079097,-0.5511847663668705,0.0,-4763.988521139526
0.00801092252665845,0.0028416756098957217,0.028607292072575508,285.0219446144608,0.0,0.0,-0.8381203813404428,1433.7495670138458,0.9424614737245234,0.3343147776347908,0.0,-4691.852330181222
0.005323813045772565,0.006626236839538853,0.00538440567978532,285.0581367338519,0.0,0.0,-0.8444822024082719,1288.4026646739414,0.6263309465614781,0.7795572752398651,0.0,-4903.836796612733
0.008054160689527799,0.0027167067540066073,0.10423815645432602,284.91902061940664,0.0,0.0,-0.882478912570929,1901.3993445236501,0.947548316415035,0.31961255929489496,0.0,-4707.913297404452
-0.001416128843177639,-0.008381203917070647,-0.17933924928843026,285.30543550512147,0.0,0.0,-0.8774057980282591,157.0318575307801,-0.16660339331501633,-0.9860239902436055,0.0,-5014.6716477621285
0.0012577551367932529,0.008406429207212192,0.05122164592522935,284.7494472430562,0.0,0.0,-0.8929623594663121,1569.9673637636183,0.14797119256391209,0.9889916714367284,0.0,-5079.1083843245415
-0.0021776858275093388,-0.008216306009190807,0.04195107622643282,284.85116821815217,0.0,0.0,-0.8522729884142773,1514.274805213867,-0.2561983326481575,-0.9666242363753891,0.0,-5057.374629105711
9.899378585429409e-05,-0.008499423523413941,-0.011220935197836346,284.96774914071204,0.0,0.0,-0.8747043204793185,1185.9420252472946,0.01164632774756401,-0.9999321792251694,0.0,-5071.929824932823
0.008416688772824242,0.0011871605204917994,0.15046896294749249,284.7757728186293,0.0,0.0,-0.9002433098045439,2177.7799092324503,0.9901986791557932,0.13966594358727052,0.0,-4683.952615117574
0.008020699311343879,0.0028139620745503717,-0.10584346983313946,284.9189775096415,0.0,0.0,-0.8561437306123163,606.4234325298287,0.9436116836875151,0.3310543617118084,0.0,-4654.825647287884
-0.005696555105783635,0.006308665463215688,-0.11298425598757224,284.8791064732874,0.0,0.0,-0.8327262132631729,563.0589744218664,-0.6701829536216041,0.7421959368489044,0.0,-4847.063266649612
0.004384432989510429,-0.007281946673829234,-0.015532634243101917,284.7842018795172,0.0,0.0,-0.855430788688801,1162.5632598549505,0.5158156458247564,-0.8566996086857922,0.0,-4953.763764475849
0.008175428508510803,0.0023264498065139576,0.11228381387467976,284.82106181703307,0.0,0.0,-0.8854005868097199,1945.184914963844,0.9618151186483297,0.2736999772369362,0.0,-4698.086063791075
0.002453804338385916,-0.008138110608053842,0.19014568851825717,284.47259682570734,0.0,0.0,-0.8707369155775633,2424.6361625342556,0.28868286333951954,-0.957424777418099,0.0,-5089.3460668617345
-0.008444910907441835,0.0009661675658859205,-0.1086878546116304,284.94351947442726,0.0,0.0,-0.8592964129092046,591.2581244052258,-0.9935189302872747,0.11366677245716711,0.0,-4611.52470335545
0.005147748615413732,0.006763925206010635,0.19432266651748528,284.6413449065372,0.0,0.0,-0.8985405570085482,2448.270525588485,0.6056174841663213,0.7957559065894865,0.0,-4965.755433217176
0.00728478572011822,0.004379714261451502,-0.16294477004662447,285.1883973747334,0.0,0.0,-0.8837732885347395,255.02674398022768,0.8570336141315552,0.5152605013472354,0.0,-4708.100199544682
0.005865972549199812,0.0061514523530654345,-0.1515211429050497,285.1303955930743,0.0,0.0,-0.8655692270456593,327.0698043428425,0.690114417552919,0.7237002768312275,0.0,-4824.794505951527
0.007659888229619807,-0.00368457762976056,0.019113479123531313,284.7366333843702,0.0,0.0,-0.8265063695545011,1372.2665900438308,0.9011633211317419,-0.4334797211483012,0.0,-4722.8060607987145
-0.008212894824791787,-0.002190515600699596,-0.03780731437219337,284.9923334601574,0.0,0.0,-0.9078844752210063,1022.4175571347652,-0.9662229205637395,-0.25770771772936424,0.0,-4654.078412014828
-0.00849750158124051,-0.0002060749300983994,-0.051556302953978256,284.91545568967905,0.0,0.0,-0.8982734490191894,940.4970011771047,-0.9997060683812363,-0.0242441094233411,0.0,-4621.42644296905
-0.0043052535374523805,0.007329037588814358,0.03895974970468832,284.66234212124266,0.0,0.0,-0.9059525134479557,1495.3474043477893,-0.5065004161708683,0.8622397163311009,0.0,-4972.573840278673
0.00809257204174602,0.002600053412749566,0.024032085837878303,284.97697029431356,0.0,0.0,-0.8353197626769949,1405.0582899834899,0.9520672990289435,0.3058886367940666,0.0,-4682.617490358454
0.0039847055925719575,0.007508137008641076,-0.07775729875623022,285.19603355065584,0.0,0.0,-0.8262480729627277,780.4370520680036,0.46878889324375966,0.8833102363107148,0.0,-4957.442554070916
0.005600127579139708,0.006394417181992338,-0.19075300877770418,285.16435719715537,0.0,0.0,-0.8881705442048009,82.32512677576507,0.6588385387223186,0.7522843743520398,0.0,-4832.83234665213
-0.0082585293382193,0.002011639423398511,-0.11193809047760721,284.804548930263,0.0,0.0,-0.8522822909566299,569.2467844120257,-0.9715916868493294,0.2366634615762954,0.0,-4629.612050763978
-0.007481806422140907,0.004033927696626588,-0.08691394324540055,284.8673184888557,0.0,0.0,-0.8573799831155885,722.6047285627825,-0.8802125202518714,0.47457972901489265,0.0,-4710.781029427355
-0.007016369773880159,0.004797974072062174,-0.03727383986883079,284.85763469922256,0.0,0.0,-0.8843475450517873,1025.9238574438077,-0.8254552675153128,0.5644675378896675,0.0,-4765.194086084345
-0.0052337717129594015,-0.006697584165699303,-0.07305574654973082,285.13258657255534,0.0,0.0,-0.9090588791600627,806.8302270407485,-0.6157378485834589,-0.787951078317565,0.0,-4888.581114556548
0.007937946742481765,-0.0030395725873094636,-0.01643215858037006,284.77312442526454,0.0,0.0,-0.8337565306138495,1153.7894486253467,0.9338760873507959,-0.3575967749775839,0.0,-4686.856571616916
-0.005933920087218286,0.006085933979144643,0.08396448094454426,284.64544912784646,0.0,0.0,-0.9050836837035939,1770.7985547601593,-0.6981082455550924,0.7159922328405461,0.0,-4883.090801957886
0.0018989023586020262,-0.00828517771882388,-0.1136070211459196,285.15019627019666,0.0,0.0,-0.9099362872576467,563.867081695869,0.2234002774825913,-0.9747267904498682,0.0,-5022.560686546544
-0.005332111909822741,-0.006619560603327573,-0.1317376006612817,285.12486399279896,0.0,0.0,-0.8860657331886332,450.3818894819307,-0.6273072835085577,-0.7787718356855967,0.0,-4866.509417381371
0.006027474131286348,0.005993292550566333,0.05053526228865721,284.99100623590397,0.0,0.0,-0.8674205536599484,1567.9607252439923,0.7091146036807467,0.7050932412430979,0.0,-4867.307091794381
0.006107539087270494,-0.005911680496902984,-0.019221923491907572,284.7366716046093,0.0,0.0,-0.8476022360872049,1139.8085477668985,0.7185340102671169,-0.6954918231650569,0.0,-4842.674804054702
-0.003131352930289323,-0.007902191393908938,0.1609432895505559,284.5810127479254,0.0,0.0,-0.8315172677312103,2242.6711148557574,-0.36839446238697915,-0.9296695757539927,0.0,-5058.465535788936
-0.0008952365332307809,-0.008452724504535146,0.0252521695828537,284.8342710704119,0.0,0.0,-0.8563338255707043,1410.9531481659071,-0.10532194508597421,-0.9944381770041348,0.0,-5076.894178995763
-0.006748837804551732,-0.005167512775780371,-0.14113747442131708,285.14380515198576,0.0,0.0,-0.8705752376734692,388.9085893552382,-0.7939809181825567,-0.6079426795035731,0.0,-4759.7553410132605
0.008197674116447149,-0.0022468064181260642,-0.008810368349056519,284.78169126855414,0.0,0.0,-0.8293568893640874,1204.3657004843492,0.9644322489937821,-0.26433016683836047,0.0,-4663.379234962408
-0.004912343964843502,0.006936777117009427,-0.03984653812572214,284.77632713261613,0.0,0.0,-0.8682326452561994,1013.1731767092463,-0.5779228193933532,0.8160914255305208,0.0,-4917.351759903657
0.002691790859235556,-0.008062522060133288,-0.1416932040808408,285.2010964044317,0.0,0.0,-0.908382835914582,388.2377135498445,0.3166812775571242,-0.9485320070745044,0.0,-4992.8584562403585
-0.007553992100684254,-0.0038970762557075916,-0.08490697929493406,285.10442057774014,0.0,0.0,-0.8965024013799064,738.2380599117245,-0.8887049530216768,-0.45847955949501074,0.0,-4704.709621574635
-0.008479496436620252,-0.0005900340510042434,-0.1099636470549123,284.9292214428586,0.0,0.0,-0.8661145157683204,581.8243063240758,-0.9975878160729706,-0.06941577070638157,0.0,-4607.617719765233
0.00846046090549907,0.0008189024768077614,0.020997431968759528,284.9296800290208,0.0,0.0,-0.8296207530735762,1382.9808931294504,0.9953483418234198,0.09634146785973663,0.0,-4644.717395866394
-0.0031101390682531905,0.007910564769732006,-0.11167528885471559,284.996503033313,0.0,0.0,-0.8271445261594371,574.7482236511966,-0.36589871391214,0.9306546787920007,0.0,-4986.130314845814
0.006913168330264914,0.004945513485718366,0.1827929609302282,284.70620901762186,0.0,0.0,-0.908356757073768,2380.669809998135,0.8133139212076369,0.5818251159668666,0.0,-4832.9910187588475
-0.0034294112567014386,0.00777747635370301,0.08399785779972554,284.6878619776245,0.0,0.0,-0.9096359917075983,1771.247007334882,-0.40346014784722806,0.914997218082707,0.0,-5025.912770632795
0.00741126710049735,-0.004162105232341636,0.06275634351445228,284.73354168981774,0.0,0.0,-0.8301818052589289,1643.406489213146,0.8719137765291,-0.4896594390990159,0.0,-4757.334268943626
0.003066935037055421,-0.007927415056528948,-0.08150309684872942,284.91886416657366,0.0,0.0,-0.9003678090347621,753.3188869180823,0.36081588671240244,-0.9326370654739938,0.0,-4995.850549673824
-0.0015597152409190305,-0.0083556740223183,0.08428089929641056,284.69598087189485,0.0,0.0,-0.8304359140795635,1772.1376513122589,-0.1834959106963565,-0.9830204732139177,0.0,-5082.796818925114
0.004925619748075105,-0.006927356645746814,-0.13026534841968557,285.01601398141065,0.0,0.0,-0.9092234420109162,456.7868077649709,0.57948467624413,-0.8149831347937427,0.0,-4892.297664579309
0.002859058809795931,-0.008004735018857793,-0.10056795817539861,285.088691052716,0.0,0.0,-0.9071172548376241,640.4428375081173,0.3363598599759919,-0.9417335316303286,0.0,-4998.237652307299
0.005441498976446553,0.006529937893221583,0.18489563297996273,284.6440556025167,0.0,0.0,-0.9034057256691106,2390.794059881092,0.6401763501701827,0.7682279874378333,0.0,-4944.282811334074
-0.006973409900371885,-0.00486020106182814,0.00016851383159127709,285.0585619890755,0.0,0.0,-0.9023947163186625,1255.2178527756885,-0.8204011647496335,-0.5717883602150752,0.0,-4778.899659734063
0.0058927912014674205,-0.006125766226024967,-0.1528755978801032,285.01608009629604,0.0,0.0,-0.909999248504797,316.8613335084276,0.6932695531138141,-0.720678379532349,0.0,-4822.510619449868
0.00671001685501468,-0.005217822707357823,-0.14079836820783825,285.0210158467816,0.0,0.0,-0.9078289134689256,392.18539369747816,0.7894137476487858,-0.6138614949832732,0.0,-4763.028239451964
-0.008305080584202276,-0.0018098719540084558,0.0049428978847081695,284.86229504093296,0.0,0.0,-0.9082424226940562,1287.8642498674137,-0.9770683040237972,-0.2129261122362889,0.0,-4656.2746562146285
-0.007396824779777315,-0.004187718134888293,-0.15533065363141904,285.0097959297236,0.0,0.0,-0.8558105076611813,303.1231317589259,-0.8702146799738018,-0.4926727217515639,0.0,-4700.125542930009
-0.003932905202964391,-0.00753540023253547,-0.058750183484742174,285.0699006213544,0.0,0.0,-0.9092487196661121,899.4090969971977,-0.4626947297605166,-0.8865176744159377,0.0,-4965.039733953246
0.00777984848688114,-0.003424026507078069,-0.04618789658412539,284.7530958454528,0.0,0.0,-0.849793076888878,974.03076159156,0.9152762925742517,-0.4028266478915375,0.0,-4694.006620937372
-0.006135149875684477,-0.005883020992898866,-0.03478934832445124,285.12196401321756,0.0,0.0,-0.9088816894565592,1045.5018208834717,-0.7217823383158207,-0.6921201168116312,0.0,-4836.4395850827095
0.008360625962391162,-0.0015329492871556036,0.17398362980134527,284.75534966276786,0.0,0.0,-0.9012654919544392,2321.9197532818494,0.9836030543989601,-0.18034697495948276,0.0,-4695.989548630648
0.008124770489674192,-0.0024976197649200713,-0.12241623811705694,284.84984959337453,0.0,0.0,-0.8918345178259062,506.4998777595559,0.9558553517263755,-0.2938376194023613,0.0,-4640.146459535226
0.005194302623021889,0.006728240502573309,-0.04327146703888776,285.1211496860178,0.0,0.0,-0.827308021907807,990.7383717790184,0.6110944262378692,0.7915577061850951,0.0,-4899.078566991201
0.005137795550541208,-0.006771488527704893,-0.017418844620648105,284.78584557450284,0.0,0.0,-0.8523383014383296,1150.6159728466164,0.6044465353577891,-0.796645709141752,0.0,-4909.570181236585
0.003051062774841866,0.00793353741681315,0.06470833267621115,284.7786491099055,0.0,0.0,-0.8925571833822321,1655.5730620581774,0.35894856174610185,0.9333573431544882,0.0,-5035.6693813904
-0.00848545419609853,0.0004970584330980177,-0.1063866263750563,284.91424544371057,0.0,0.0,-0.8630524577943914,604.1337275636039,-0.9982887289527682,0.058477462717413844,0.0,-4607.961876586483
-0.003858983727104801,0.007573522601401566,0.030195629345479674,284.7297959703433,0.0,0.0,-0.9017679709299261,1442.8416011928334,-0.45399808554174126,0.8910026589884195,0.0,-4992.4109912725135
-0.007810175684489369,0.0033542742549486073,0.11744284928360874,284.82466849313056,0.0,0.0,-0.8753811036460005,1975.9535220419968,-0.9188441981752198,0.39462050058218906,0.0,-4735.028206495955
-0.007549608040510443,-0.0039055624991363377,-0.17078360761360753,285.00939493658836,0.0,0.0,-0.8453698279708015,207.67430483565968,-0.8881891812365227,-0.4594779410748632,0.0,-4682.072798180556
0.006160144064609403,-0.005856844295630332,-0.07550921656998011,284.867409126613,0.0,0.0,-0.8822649058836973,794.1943420337101,0.7247228311305179,-0.6890405053682743,0.0,-4823.643229637531
-0.005559150817321415,0.006430073264767257,0.002923872120548787,284.6896522362769,0.0,0.0,-0.8968643399656021,1274.5431239184525,-0.6540177432142841,0.7564792076196772,0.0,-4887.579201782551
0.0044875613637712026,-0.0072188498395788754,0.17802778855596704,284.54310381137327,0.0,0.0,-0.8739788232214927,2348.096802168664,0.5279483957377885,-0.8492764517151618,0.0,-5000.122569259885
-0.0036417630736750423,0.007680336041815938,0.15120198081418176,284.65736850656066,0.0,0.0,-0.8836440694362379,2183.344274435236,-0.42844271455000493,0.9035689460959927,0.0,-5034.798594850057
0.00014733491961070735,-0.008498722987688404,-0.08077315743735504,285.0507657166661,0.0,0.0,-0.9074494062832024,760.1767348383552,0.017333519954200863,-0.9998497632574592,0.0,-5053.1969544805
0.007063264687732861,0.0047286670374457555,0.10818186911678299,284.9087510640288,0.0,0.0,-0.8943117667809243,1918.9710972571347,0.8309723162038659,0.5563137691112653,0.0,-4800.197808178605
-0.0025662905224962985,-0.008103342085469778,-0.09255582790757416,285.1564441480515,0.0,0.0,-0.9095009516175054,687.2351869287575,-0.30191653205838803,-0.9533343629964444,0.0,-5010.060367984891
-0.0031466095264305024,0.007896128702609705,-0.07235094203745501,284.93063247817804,0.0,0.0,-0.8400054392007796,812.2559102526266,-0.3701893560506473,0.9289563179540828,0.0,-4995.291101541883
0.007985632601262987,-0.0029119876300640005,0.1744034009790645,284.68822695974507,0.0,0.0,-0.8966975735718566,2328.9310693214584,0.9394861883838808,-0.34258678000752946,0.0,-4733.432065168045
0.00560017864636237,0.0063943724577809,0.11651556826132045,284.79874039060957,0.0,0.0,-0.9047675763359411,1972.2547811628347,0.658844546630867,0.7522791126801058,0.0,-4915.266774296471
0.0029930462922414234,0.007955606444043086,0.12654415815733136,284.704467745425,0.0,0.0,-0.9099984343933496,2031.390849286149,0.35212309320487334,0.9359536992991866,0.0,-5054.394975682753
-0.0019261831309509076,-0.008278877855485017,-0.1672461539769166,285.25039315232067,0.0,0.0,-0.8824007704078008,235.2015974527769,-0.22660978011187147,-0.9739856300570606,0.0,-5007.534203965705
0.008323241012113838,0.0017244300665049351,-0.15950738680544485,285.01265940782514,0.0,0.0,-0.8940595798210286,278.9987551913709,0.9792048249545692,0.20287412547116881,0.0,-4610.314815993023
-0.004661062771391898,0.007108058373504292,0.1736227731118967,284.5337992525763,0.0,0.0,-0.8638257540744816,2315.749120687386,-0.5483603260461056,0.8362421615887402,0.0,-4989.274138855574
-0.004369841521403656,-0.00729071224763511,-0.019760348446412224,285.0806221637213,0.0,0.0,-0.8993528537034814,1132.9481575397897,-0.514099002518077,-0.857730852662954,0.0,-4953.4074179681065
0.004775763411581145,-0.007031506512590516,0.14325585710172214,284.5676696216375,0.0,0.0,-0.8536143381272576,2134.761475617299,0.5618545190095464,-0.8272360603047665,0.0,-4974.535078012967
-0.006382612022350027,0.005613578517501372,0.15121593066656538,284.57902589267337,0.0,0.0,-0.8669423560361179,2183.4628721415106,-0.7508955320411796,0.6604210020589849,0.0,-4867.478723722472
0.006198909516629753,-0.00581579924039999,0.19166978777136454,284.57926041300124,0.0,0.0,-0.8921632822870575,2429.5826998614993,0.7292834725446767,-0.6842116753411752,0.0,-4892.407672933394
-0.0009463611151172139,0.008447153404537774,0.07475398771171662,284.6488302347383,0.0,0.0,-0.907951167981595,1715.9888463287102,-0.11133660177849575,0.9937827534750322,0.0,-5089.601778808599
0.00192356361925981,0.008279486880396642,-0.03407514687341842,285.04673771418913,0.0,0.0,-0.8393565674533054,1045.3930462769754,0.22630160226586,0.9740572800466636,0.0,-5043.324424741443
-0.008494206527094181,-0.00031377615440092877,-0.14465836999855444,284.92601913172854,0.0,0.0,-0.8439689354053066,369.82876379355145,-0.9993184149522565,-0.03691484169422691,0.0,-4596.788808241682
0.00846936628162063,-0.0007209956919063586,0.17294822231344745,284.78017259724027,0.0,0.0,-0.9032206212164781,2314.560966333501,0.9963960331318389,-0.08482302257721865,0.0,-4684.5665184419195
0.008042585843392219,0.002750784061257277,0.16909377049447957,284.740822358932,0.0,0.0,-0.9089812422851843,2291.8670299975834,0.9461865698108493,0.323621654265562,0.0,-4726.448250400392
-0.008280137055505864,-0.0019207629583159666,0.05621794903518193,284.8808608224201,0.0,0.0,-0.8874440428762901,1603.123315466901,-0.9741337712359839,-0.22597211274305487,0.0,-4672.5507584998195
0.002312773008926051,0.008179308100883787,0.18841199364432346,284.47765334421814,0.0,0.0,-0.8892242052883848,2413.321233759668,0.27209094222659425,0.9622715412804455,0.0,-5092.974827700055
-0.0048076403575323355,0.0070097499379525915,-0.12475842460425213,285.0198404798976,0.0,0.0,-0.8274122638639131,492.8868536036218,-0.5656047479449806,0.8246764632885402,0.0,-4900.768385950123
-0.00830315415499443,0.0018186893848039921,0.12676123565183725,284.73517515207027,0.0,0.0,-0.8614675301090771,2036.0625708346224,-0.9768416652934624,0.21396345703576378,0.0,-4689.152470820697
-0.004257160978647136,-0.007357076892481427,-0.16473297563997924,285.2272508727785,0.0,0.0,-0.8718800454780306,245.29843898849353,-0.5008424680761336,-0.8655384579389913,0.0,-4920.432349754449
-0.0044942926106025256,0.007214661040567571,0.09659412770410827,284.6254900336874,0.0,0.0,-0.9055101498479845,1848.854910934303,-0.5287403071297089,0.8487836518314789,0.0,-4977.90632022792
0.006717685517383807,0.005207945976057343,0.01539392319840932,284.99096680444717,0.0,0.0,-0.8417407059347358,1352.483360740264,0.7903159432216242,0.6126995265949815,0.0,-4804.306389307146
0.00520714278481376,0.006718308121734371,0.1469055946130867,284.69880758340787,0.0,0.0,-0.9099906008513319,2158.262806363439,0.6126050335075011,0.7903891907922789,0.0,-4949.288328201067
0.0005959700670838617,-0.008479081299241095,-0.0683043882465228,285.0789293822527,0.0,0.0,-0.9028007284454405,836.3414227632173,0.07011412553927784,-0.9975389763813053,0.0,-5054.511396557604
-0.008294776924411872,0.00185652249494703,-0.0750630440870334,284.8167444443517,0.0,0.0,-0.8763555410063466,802.6398598293578,-0.9758561087543377,0.2184144111702388,0.0,-4635.851270716245
-0.008379808726094526,-0.0014243615110182029,0.16569838579533,284.85260828718685,0.0,0.0,-0.8298924494684635,2273.862063246892,-0.9858598501287676,-0.16757194247272975,0.0,-4691.811021079471
0.0037209182218217868,-0.007642301197055413,0.14017756737978973,284.5060736086018,0.0,0.0,-0.8463957248284771,2118.25960669341,0.4377550849202102,-0.8990942584771073,0.0,-5028.29162931414
0.006435446430729875,0.0055529297886076434,0.17945678930870887,284.66238824866736,0.0,0.0,-0.9078616647055054,2354.7837399113987,0.75711134479175,0.6532858574832521,0.0,-4870.931204571624
-0.008447144706134148,-0.0009464387532375432,0.1616114221568806,284.84154158238493,0.0,0.0,-0.832267624774259,2246.3759258168866,-0.9937817301334292,-0.11134573567500507,0.0,-4683.814226097414
-0.004593600026765844,0.007151841636536484,-0.03921511951616641,284.72542260276225,0.0,0.0,-0.8667391344153982,1017.4304769136601,-0.5404235325606874,0.8413931337101745,0.0,-4935.973528773748
0.004959573788944361,0.006903088282212251,-0.09235633808404803,285.1781721696166,0.0,0.0,-0.8305077606611602,689.4428498576622,0.5834792692875719,0.8121280332014412,0.0,-4900.424324887255
-0.002540535633083282,0.008111453550198888,0.18639992548375603,284.48994229648923,0.0,0.0,-0.867223781593865,2398.6052192708007,-0.2988865450686214,0.954288652964575,0.0,-5085.7031427032525
0.00787991959770143,0.0031869840184351314,-0.013944393887644096,284.9836717886138,0.0,0.0,-0.8266099649140108,1168.1379682629074,0.9270493644354623,0.37493929628648603,0.0,-4693.113790548009
0.002654795446488443,-0.008074779324371919,-0.1669620427402042,285.2616669891599,0.0,0.0,-0.9009145867993595,231.04542483657224,0.3123288760574639,-0.9499740381614022,0.0,-4987.283601805787
-0.008338845804159226,-0.0016473161974727506,0.15037176246490844,284.8699704332281,0.0,0.0,-0.8343655567873925,2175.694484296167,-0.9810406828422618,-0.19380190558502947,0.0,-4691.869682175837
-0.0060771756563150784,0.005942889536436918,-0.11666632169255554,284.9584352549055,0.0,0.0,-0.8328564409427858,540.5664188887051,-0.7149618419194209,0.6991634748749315,0.0,-4818.784287969544
-0.0017222242877290468,-0.008323697706113322,0.14020200644031247,284.5878170618574,0.0,0.0,-0.8288994828137014,2112.984302300053,-0.2026146220857702,-0.9792585536603908,0.0,-5094.551991023093
0.008330941934577849,-0.001686833270567158,-0.0260353352190065,284.8753124517333,0.0,0.0,-0.8333066333859286,1094.9157985617942,0.9801108158326881,-0.19845097300790093,0.0,-4645.343337085817
-0.003918315552462593,-0.007542996966148784,-0.13952451186259401,285.189547921216,0.0,0.0,-0.8890256539855941,401.35291688890754,-0.46097830028971687,-0.8874114077822098,0.0,-4944.06615730961
0.006329841476400312,-0.0056730156780712615,0.012320219883235006,284.7096628517399,0.0,0.0,-0.8320178658537384,1331.5726641496406,0.7446872325176837,-0.6674136091848543,0.0,-4834.299432165789
-0.002458375243293719,-0.008136730987513385,-0.024698065637125094,284.9537727050005,0.0,0.0,-0.8941441275352898,1105.8774676817666,-0.2892206168580846,-0.9572624691192217,0.0,-5031.568321012174
-0.008487129507396418,-0.0004675817839491237,0.13775653052463907,284.7843046051558,0.0,0.0,-0.8444468713321013,2100.734686889202,-0.9984858243995786,-0.05500962164107338,0.0,-4673.290534893309
0.004138214156626932,0.007424633566304297,0.07317914488297125,284.8848030139293,0.0,0.0,-0.8921629284990109,1706.4455844198635,0.48684872430905085,0.8734863019181525,0.0,-4990.343889755949
0.0015551934164289242,0.008356516824460784,0.0027047743406694025,284.99788484893486,0.0,0.0,-0.8620331481896436,1271.3527347608683,0.1829639313445793,0.983119626407151,0.0,-5060.996319088422
0.006070784294637883,-0.005949418294924138,0.15624035864089528,284.5461287915538,0.0,0.0,-0.8700261687451193,2214.1882967200754,0.7142099170162215,-0.699931564108722,0.0,-4892.475990552915
-0.0026599409615466105,-0.008073085784325997,0.14646190962768843,284.6139459941179,0.0,0.0,-0.8286251061643238,2158.4750211885407,-0.31293423077018945,-0.9497747981559996,0.0,-5071.206412253998
-0.0019836531908363417,-0.008265296124065053,-0.1864500078717048,285.33652382951,0.0,0.0,-0.8700459661686188,112.04632963014167,-0.2333709636278049,-0.972387779301771,0.0,-5001.013544223961
-0.005172741144241755,0.006744831284373874,-0.188138967069913,285.24085317488425,0.0,0.0,-0.8347730484463761,104.3145326538254,-0.6085577816755005,0.7935095628675145,0.0,-4861.572959361096
-0.004501510133265615,0.0072101599510764666,0.11709015093833533,284.576174515933,0.0,0.0,-0.8978078677384282,1972.4497919486948,-0.5295894274430135,0.8482541118913489,0.0,-4983.009847609409
-0.0018958047853913024,0.008285887050623334,0.1490664393933804,284.55378584504905,0.0,0.0,-0.8928202171094208,2169.066848474831,-0.2230358571048591,0.9748102412498039,0.0,-5093.10563779522
-0.00849559823713435,-0.0002735152522250355,0.10215620573655068,284.843605139379,0.0,0.0,-0.8668696969134837,1882.966299520507,-0.9994821455452176,-0.032178264967651235,0.0,-4662.863356438669
-0.00021480377046200735,-0.008497285410070402,-0.04460573315270294,285.00835544889384,0.0,0.0,-0.8953403568938391,982.4329901550378,-0.025271031819059687,-0.9996806364788707,0.0,-5062.7516131568955
0.004495781961653906,0.00721373305253718,0.16273299754077394,284.60335199222163,0.0,0.0,-0.9072221086653274,2249.84638532502,0.5289155249004595,0.8486744767690799,0.0,-4995.5693542194185
0.0022209403432734433,0.008204719616880303,-0.04466249632727723,285.02436707638543,0.0,0.0,-0.8338658634814605,984.0562197905874,0.26128709920864035,0.9652611313976825,0.0,-5032.978161820484
0.0069292041536744165,-0.004923020393691379,0.13339398642231295,284.7574617791391,0.0,0.0,-0.8619614255305591,2072.0735423702786,0.8152004886675783,-0.5791788698460446,0.0,-4818.38582234505
0.007332103455345828,0.004300030106883646,-0.1880017722176553,285.14228885929805,0.0,0.0,-0.89753452586227,107.33969974218957,0.8626004065112739,0.5058858949274877,0.0,-4697.165537158824
-0.007349205004576369,-0.004270735978810871,-0.1736805557756372,285.06199526624965,0.0,0.0,-0.8455333695719497,190.93932081720817,-0.8646123534795728,-0.502439526918926,0.0,-4699.478788131358
0.005927229209267136,0.00609245056613597,0.0809137548339712,284.887656622299,0.0,0.0,-0.8869589402240325,1754.1368518013064,0.6973210834431924,0.7167588901336435,0.0,-4882.755623267759
-0.008479560245356682,-0.0005891163258360145,0.13156489099407678,284.9103877160441,0.0,0.0,-0.8473216412515172,2062.4588721357495,-0.997595322983139,-0.06930780303953112,0.0,-4672.41146907113
0.008107517207361005,0.0025530696685255624,0.03130194966884653,284.98494219392734,0.0,0.0,-0.8382828267024248,1449.3035045525319,0.9538255538071769,0.30036113747359555,0.0,-4683.0934817354455
0.006357330135645824,0.005642194036579162,-0.11683223829831893,285.1352562840536,0.0,0.0,-0.8476348089514925,541.1459924327052,0.7479211924289204,0.6637875337151955,0.0,-4797.524876897506
0.004873547356998261,-0.00696408904014698,-0.19620536473609837,285.2419657987441,0.0,0.0,-0.8964864109579073,53.941643719861574,0.5733585125880306,-0.8193045929584681,0.0,-4877.713943349166
0.006512959287917244,-0.00546180934434117,0.17798142411660126,284.6125559421102,0.0,0.0,-0.8866043635392926,2350.050293524386,0.7662305044608522,-0.6425658052166082,0.0,-4864.423071962195
0.00023691260234399164,0.008496697736111988,0.0484103978208317,284.735178764292,0.0,0.0,-0.8955043951333733,1551.6454992753681,0.027872070863999013,0.9996114983661163,0.0,-5087.646340485837
-0.004724799868342385,0.007065852121585323,0.00015382105908179344,284.7760995337498,0.0,0.0,-0.8914283063011835,1256.0624037278503,-0.5558588080402805,0.8312767201865084,0.0,-4939.090502695209
-0.007793167345624156,-0.0033936032064897266,-0.0279498369771094,285.0497989479877,0.0,0.0,-0.909993472301063,1086.9982725786997,-0.9168432171322536,-0.39924743605761487,0.0,-4697.636609937419
-0.005783987381062553,-0.006228602570056077,-0.01095622359635487,285.04143954769836,0.0,0.0,-0.9013210233007044,1189.0545508152154,-0.6804691036544179,-0.7327767729477737,0.0,-4868.323716924159
0.002463465295666232,-0.008135191376793055,-0.053068956444972865,284.978380038276,0.0,0.0,-0.8888410840069091,933.3688511058626,0.28981944654896846,-0.9570813384462418,0.0,-5023.804050192153
-0.007987590811390713,-0.0029066119503275037,-0.1398096809717591,285.0521345573662,0.0,0.0,-0.8587208903965271,400.7705984681434,-0.9397165660459662,-0.34195434709735334,0.0,-4648.940506812405
-0.00781559816541909,-0.0033416201634383553,0.030634761695956636,285.0113610081065,0.0,0.0,-0.894969934046424,1446.0848515454827,-0.9194821371081281,-0.3931317839339241,0.0,-4711.222226203423
0.00830924613132641,-0.001790650364821975,-0.15354754325187064,284.95211562555147,0.0,0.0,-0.90321759254934,314.7806339972706,0.9775583683913425,-0.21066474880258526,0.0,-4613.331357674877
-0.007107826032484859,-0.004661417069082165,0.026427731456764775,285.01299599462453,0.0,0.0,-0.8912043991454405,1413.5032714045726,-0.8362148273511598,-0.5484020081273134,0.0,-4774.4180624841565
-0.0023469077609048527,0.00816957917899108,-0.13630295849532592,285.1252616368986,0.0,0.0,-0.8271867327619968,423.13282974806,-0.27610679540057087,0.9611269622342448,0.0,-5004.887530089221
-0.0005773530436312316,0.008480369299919065,0.11456262793968106,284.5963787533367,0.0,0.0,-0.9086647093288983,1962.0398296540745,-0.06792388748602725,0.997690505872831,0.0,-5103.706306836951
0.005386198584198894,0.006575626571785676,0.1389454600140764,284.7066566167062,0.0,0.0,-0.9096576498142457,2107.7441177428864,0.6336704216704581,0.7736031260924324,0.0,-4935.601240795671
0.005948136675838586,0.0060720400266750475,0.1546601445416734,284.73947161672487,0.0,0.0,-0.9099876457886555,2206.95242950041,0.6997807853927748,0.7143576501970643,0.0,-4901.029200174768
0.007818917513494093,-0.003333845964824314,0.17176617358371135,284.70570330764946,0.0,0.0,-0.8936995320730133,2312.4643765338387,0.9198726486463638,-0.3922171723322722,0.0,-4748.770704066672
0.00762933277728559,-0.0037474366403497414,0.1000447015363177,284.67992140381585,0.0,0.0,-0.8480782349151171,1868.7492510710479,0.8975685620335988,-0.4408748988646754,0.0,-4747.364359025325
0.002259431008183203,0.008194203531720472,0.19725244896241687,284.52900498878097,0.0,0.0,-0.8838816225654361,2464.8148681074053,0.26581541272743564,0.9640239449082907,0.0,-5096.8319419428935
-0.003085223036253477,0.007920315575567105,-0.19278768607986285,285.2666608276928,0.0,0.0,-0.8457399378703923,76.50913758980599,-0.3629674160298208,0.9318018324196594,0.0,-4965.308522622658
0.008490738495298123,0.00039668602756155855,-0.1931517194409023,284.9070915459013,0.0,0.0,-0.908910597425437,75.18153379635251,0.9989104112115439,0.04666894441900688,0.0,-4584.137122743471
-0.0076252487553695805,-0.003755739796462832,0.008291991691482314,284.9970998330297,0.0,0.0,-0.9030220463482097,1309.3608847867108,-0.8970880888670094,-0.4418517407603331,0.0,-4723.127183455406
0.008172806553387322,0.002335644031291853,-0.13671859036288428,284.99326424713024,0.0,0.0,-0.878229405513757,418.51181005288277,0.9615066533396849,0.27478165074021793,0.0,-4631.541583042315
0.008497457562980934,-0.00020788209479926466,0.15624933706883368,284.75926591823577,0.0,0.0,-0.8981067361741292,2213.781976634328,0.9997008897624627,-0.024456717035207604,0.0,-4677.183731491318
-0.0012484020417643411,-0.00840782328204623,-0.18082274215737798,285.30106800721813,0.0,0.0,-0.8772930146232591,150.7317159367774,-0.14687082844286364,-0.9891556802407329,0.0,-5016.995323663514
0.0021683346940726705,-0.008218778781210793,-0.04112979322986424,284.95951306764385,0.0,0.0,-0.8832801527248836,1005.5504710125149,0.2550981993026671,-0.9669151507306816,0.0,-5035.33213725965
0.005943382804440703,-0.006076693248789063,0.023119756676221015,284.74106823427644,0.0,0.0,-0.8300395506012535,1397.8068973875243,0.6992215064047885,-0.7149050880928309,0.0,-4866.0821469389275
0.004852975235118363,0.006978440468136693,0.14536854938951257,284.60540315036457,0.0,0.0,-0.9099489586327215,2148.3480941949647,0.5709382629551015,0.8209929962513757,0.0,-4970.574298082171
-0.00842332615680259,0.0011391121350092443,-0.01868561455770676,284.81160467951514,0.0,0.0,-0.9063365079905745,1143.9001378887024,-0.9909795478591281,0.13401319235402873,0.0,-4637.888982057139
-0.0030826141917646667,-0.00792133131138517,-0.08870371605012489,285.22720964328664,0.0,0.0,-0.9094655829296906,708.859305774508,-0.3626604931487843,-0.9319213307511963,0.0,-4993.331483387328
-0.0005267491040152368,-0.008483662851706163,0.14931285125183894,284.5537510231773,0.0,0.0,-0.8347019507581865,2171.7641047943093,-0.06197048282532197,-0.9980779825536662,0.0,-5113.369795531505
0.008498647574636213,0.00015162256471255706,0.11730952830972938,284.8375775106043,0.0,0.0,-0.8781789139144803,1977.5686726598733,0.9998408911336721,0.017837948789712593,0.0,-4666.613292746589
0.008475220110095561,-0.0006485708021733577,0.1584445660657788,284.70760508258417,0.0,0.0,-0.8975665341611595,2228.5092089893783,0.9970847188347718,-0.07630244731451266,0.0,-4680.071225650086
0.0059531515394173305,-0.006067123432791943,-0.11213510837091603,284.9634878585217,0.0,0.0,-0.9019801513887343,568.1431005232779,0.7003707693432153,-0.7137792273872873,0.0,-4829.086516522697
-0.0008659176437106783,0.008455778298554815,0.08513149641457587,284.6805767399451,0.0,0.0,-0.909435626482128,1777.8534437603232,-0.10187266396596215,0.9947974468888017,0.0,-5093.273820122692
0.008145551459475256,0.002428989794346724,-0.07033547621980465,285.0215237509014,0.0,0.0,-0.8383811794224204,822.3661861762159,0.9583001717029712,0.2857635052172616,0.0,-4652.060249982237
0.005872184324520631,0.006145522862934788,-0.09842736793849209,285.1668020380104,0.0,0.0,-0.8358832578538226,652.6769165679003,0.6908452146494859,0.7230026897570339,0.0,-4838.5951287165535
0.008442382075249574,-0.0009880206958888674,0.08716679793492063,284.8969533138038,0.0,0.0,-0.8535399169610529,1791.0107744993065,0.9932214206175968,-0.11623772892810204,0.0,-4664.331146315701
0.005915370778843158,0.00610396498587668,0.204808458097662,284.6409183046496,0.0,0.0,-0.8973172972517354,2511.1546260808555,0.695925973981548,0.7181135277501975,0.0,-4916.850907753776
0.0015278223156684541,0.008361564385433236,0.06593167370110567,284.75115800650883,0.0,0.0,-0.8989836626249301,1661.0739796230007,0.17974380184334754,0.9837134571097924,0.0,-5078.473538534641
-0.0007341171434852965,-0.008468239015264094,-0.1608592576522156,285.2001535340799,0.0,0.0,-0.8913663063672611,272.09828264471366,-0.08636672276297605,-0.9962634135604816,0.0,-5028.56058543851
-0.0014483307460422777,-0.008375699257379566,0.012355471067371837,284.9164359641425,0.0,0.0,-0.8672390721397008,1331.591582406087,-0.17039185247556207,-0.9853763832211254,0.0,-5065.540193789866
-0.007158284927214743,-0.004583552868770059,-0.19440037198441484,285.05971866245545,0.0,0.0,-0.8367580199086541,63.98992299616746,-0.8421511679076168,-0.5392415139729481,0.0,-4710.787623210736
0.0079234647590019,-0.003077126291339854,-0.17338056581711164,285.02779121133966,0.0,0.0,-0.9097267370155261,189.70890721223276,0.9321723245884588,-0.3620148578046887,0.0,-4646.147356028949
-0.00676506973015406,0.005146244411816572,-0.059323846066072355,284.83343736360996,0.0,0.0,-0.8684766269132413,892.9815446114515,-0.7958905564887129,0.6054405190372437,0.0,-4780.369463897914
-0.007393289210441175,-0.004193956920471898,-0.07392937959409801,285.06651349733374,0.0,0.0,-0.9022570693242449,803.2477215585129,-0.8697987306401381,-0.49340669652610564,0.0,-4722.283362399377
-0.008085901856792563,-0.002620723404390207,0.06491417952615644,284.9041558624088,0.0,0.0,-0.8789016537771911,1652.8878011287024,-0.9512825713873603,-0.3083204005164949,0.0,-4694.243045909913
-0.005395060714981857,-0.00656835747212798,-0.10280623438703064,285.18259249427996,0.0,0.0,-0.9003299508728967,624.1508805195102,-0.6347130252919831,-0.7727479378974094,0.0,-4870.159164785566
-0.008305479728546642,0.0018080394018662304,-0.06810301455265286,284.80829067834736,0.0,0.0,-0.8809236174638293,838.4722282835851,-0.9771152621819579,0.21271051786661532,0.0,-4636.636595851141
-0.0018380996224718206,-0.00829887882655657,-0.05325473731547814,285.06538983727467,0.0,0.0,-0.9040946773641853,931.2856265536603,-0.21624701440844946,-0.9763386854772436,0.0,-5040.136524301217
-0.00537689500873428,-0.006583236291144986,0.10527622673830592,284.7922757775505,0.0,0.0,-0.8343704947284578,1902.0384702767083,-0.6325758833805035,-0.7744983871935277,0.0,-4927.177852096799
0.0010411787825195889,-0.008435991153553389,0.142866563856293,284.4805306955848,0.0,0.0,-0.8370243179899424,2129.80460694728,0.1224916214728928,-0.9924695474768692,0.0,-5106.728206891876
0.008419968686652561,0.0011636697623425493,0.1766297369923094,284.76391711851863,0.0,0.0,-0.9081558222748064,2342.89171837345,0.9905845513708894,0.1369023249814764,0.0,-4690.635054519874
0.004348336744985593,-0.007303558554034336,0.09841655110692818,284.54310806020374,0.0,0.0,-0.8306387947547033,1858.317341555666,0.5115690288218344,-0.8592421828275688,0.0,-4986.255177191008
0.006544988711018093,0.0054233866515901044,-0.14182463037905235,285.1455533382174,0.0,0.0,-0.8642538180827118,385.7330809504247,0.7699986718844815,0.6380454884223652,0.0,-4776.074389340797
-0.006871917404112097,-0.005002674403862525,0.10793019113081195,284.9168559539081,0.0,0.0,-0.8405440472205014,1920.0858023357298,-0.8084608710720114,-0.5885499298661794,0.0,-4816.368929323304
-0.008162016721566086,0.002373074595725049,0.03153975656366617,284.81778667131675,0.0,0.0,-0.9091594864314961,1453.1771737530698,-0.960237261360716,0.2791852465558881,0.0,-4677.757422740893
0.007024566903468869,0.00478596487854746,-0.12867958229545162,285.0994779137582,0.0,0.0,-0.8597843772808291,467.1011474783125,0.8264196357022198,0.5630546915938187,0.0,-4739.969667347405
-0.007623084678620031,0.0037601303145753536,0.043079557614050634,284.70667567983094,0.0,0.0,-0.9091464490261397,1520.5020602929062,-0.8968334916023566,0.44236827230298276,0.0,-4732.661392961318
0.0016501653137231149,-0.008338282463276541,-0.15207952036471917,285.1919429314963,0.0,0.0,-0.9034857446561703,322.28517323397926,0.19413709573213114,-0.9809744074442989,0.0,-5017.614924209829
-0.006754975414040114,-0.005159487102000896,-0.11547773614338991,285.07779023301526,0.0,0.0,-0.8863968965904531,548.8716295141156,-0.7947029898870721,-0.6069984825883407,0.0,-4766.1349178121745
0.005031770245362165,0.006850641444265492,0.17248460782176564,284.62942879063525,0.0,0.0,-0.9060174680863227,2315.099426081518,0.5919729700426076,0.8059578169724108,0.0,-4967.086279401215
-0.006397400212762713,0.005596719621148053,0.06649755247538727,284.65318016418286,0.0,0.0,-0.9081201148287823,1665.1703013867993,-0.7526353191485544,0.6584376024880062,0.0,-4843.598440364557
-0.008483396047557023,-0.0005310287188974805,-0.03654024930853367,284.9178963922104,0.0,0.0,-0.9049095162639794,1028.4094836749562,-0.9980465938302379,-0.06247396692911535,0.0,-4626.913836957497
-0.008493249584819725,0.00033869084717421435,-0.1694128628431249,284.9208871808374,0.0,0.0,-0.8312530548207743,219.2222349044659,-0.9992058335082028,0.0398459820204958,0.0,-4590.246357510101
0.004551078003336316,0.007178975484534569,-0.12691219839594434,285.1244668708511,0.0,0.0,-0.8431990366291783,479.6967798480103,0.5354209415689782,0.844585351121714,0.0,-4914.813128541141
0.008485854293787353,0.0004901804816705382,0.031409419608133204,284.8420617203037,0.0,0.0,-0.8319556234217603,1449.6015659931816,0.9983357992691002,0.057668291961239786,0.0,-4644.89019549084
0.006920841699639817,0.0049347695152384425,0.06247744035080935,284.95985510360094,0.0,0.0,-0.868255285448976,1639.7464157026045,0.8142166705458608,0.5805611194398167,0.0,-4800.064773992413
-0.008084578182986647,0.0026248039170910166,-0.15387611257451023,284.8727912203307,0.0,0.0,-0.8305452703831014,312.5065348839612,-0.9511268450572524,0.30880046083423723,0.0,-4635.673563748066
0.004879409647894607,0.006959982865498523,0.12681141361096473,284.66538822835156,0.0,0.0,-0.9088074235653852,2034.6373245698232,0.5740481938699538,0.8188215135880614,0.0,-4964.028789673873
0.0034569514644738077,0.007765274404183822,-0.19955245286332418,285.20397778324804,0.0,0.0,-0.8818224369119857,32.10252210700321,0.40670017229103617,0.9135616946098614,0.0,-4948.683323774383
-0.006757824753515573,-0.005155754513237825,0.13206830695239605,284.84878492396166,0.0,0.0,-0.8304772320495061,2066.877067252352,-0.7950382062959497,-0.6065593544985676,0.0,-4832.315230634938
-0.005796336707797481,0.0062171119315836245,0.011129233369524094,284.6837666012595,0.0,0.0,-0.901439193229431,1325.6833513787649,-0.681921965623233,0.7314249331274851,0.0,-4873.378162311868
-0.0037804075707943263,0.00761304923133175,0.03829242774304045,284.65007089044525,0.0,0.0,-0.9043841342840415,1491.3827877690192,-0.444753831858156,0.8956528507449117,0.0,-4998.238950955857
-0.0022656361903156557,0.008192490015442923,0.09185911708554564,284.62905643370374,0.0,0.0,-0.9097609778143755,1819.2894224284385,-0.266545434154783,0.9638223547579908,0.0,-5068.384682847915
0.007217097474035323,-0.004490379054186069,-0.13587398781806742,284.93802741281644,0.0,0.0,-0.9048025130631496,421.669492180438,0.849070291062979,-0.5282798887277728,0.0,-4721.341045235384
-0.0022735849212504665,-0.008190287638774508,0.19190469282147757,284.51924025579535,0.0,0.0,-0.8489240915419767,2433.3610148797443,-0.2674805789706431,-0.9635632516205304,0.0,-5095.006446447676
-0.0014127403476070718,-0.008381775749221823,0.18840108417362725,284.4618608247559,0.0,0.0,-0.8508220978159701,2413.773603289718,-0.16620474677730254,-0.986091264614332,0.0,-5113.39206448469
-0.005634597435561491,-0.006364064089806441,0.19153275063578692,284.6609562315424,0.0,0.0,-0.8343053482107329,2433.301729317652,-0.6628938159484107,-0.7487134223301695,0.0,-4933.038422598466
-0.0037763737469641893,-0.0076150509731215624,-0.05497753632905181,285.165388165313,0.0,0.0,-0.9085017623922702,922.1317932934267,-0.4442792643487281,-0.8958883497790073,0.0,-4973.400940796262
0.0021137376626242,0.008232989316985902,0.03182852434291508,284.8964699358697,0.0,0.0,-0.8778388274686064,1452.4440614188431,0.24867501913225878,0.9685869784689296,0.0,-5056.330083527774
0.005702278963940981,0.006303492255678291,0.13298290044221409,284.68949125787253,0.0,0.0,-0.9084982844421443,2073.6131788877133,0.6708563486989388,0.741587324197446,0.0,-4912.657113283577
-0.001802749706584879,-0.008306629490678404,-0.1425319951187923,285.1982423002189,0.0,0.0,-0.896431597125446,384.08604873154167,-0.21208820077469162,-0.9772505283151062,0.0,-5016.967890467213
-0.008389988017968789,0.0013631218061274486,0.05750297393136963,284.8574134754486,0.0,0.0,-0.8995713738808293,1611.8132803075202,-0.9870574138786811,0.16036727130911158,0.0,-4661.743398303456
0.005693575996922284,0.0063113542419412985,-0.032512670512463565,285.12242241463275,0.0,0.0,-0.8283841987187598,1054.4086278423008,0.669832470226151,0.7425122637577998,0.0,-4868.859851604618
-0.0009108045264202484,-0.008451061182754058,0.0398627413329643,284.7638402655244,0.0,0.0,-0.8477341196494667,1501.5809822901633,-0.1071534736964998,-0.9942424920887125,0.0,-5080.64286037394
0.0034200842394391303,0.0077815823452007556,-0.06195255417435705,285.1331261153775,0.0,0.0,-0.8268990981059242,876.4141189280383,0.40236285169872116,0.9154802759059711,0.0,-4987.144402678457
-0.007119174194213345,-0.004644067052966267,-0.027931465669715244,285.0631758374172,0.0,0.0,-0.9095285878181526,1084.3274557859402,-0.8375499052015699,-0.5463608297607372,0.0,-4758.850660908004
0.004634731884507432,0.007125255108326312,0.12718950751434308,284.61141963644593,0.0,0.0,-0.9091765948164637,2037.7852263933669,0.5452625746479332,0.838265306861919,0.0,-4978.307053074021
0.00846744666568985,0.0007432004868794441,-0.18812486990351762,285.05784157043325,0.0,0.0,-0.90750872463312,105.31172458139709,0.9961701959635118,0.08743535139758164,0.0,-4587.891247824893
0.0018197431178967362,0.00830292327947618,0.05756150881277247,284.81236901219404,0.0,0.0,-0.8939615251901334,1612.816399832617,0.21408742563491012,0.9768145034677858,0.0,-5070.276624274103
0.008034856219265368,0.002773280644964129,-0.01869285637690718,285.0165658679512,0.0,0.0,-0.8260442122709567,1141.0755689961943,0.9452772022665138,0.3262683111722504,0.0,-4676.8232881961585
-0.004796833267279913,-0.007017149749429374,-0.03903976305590376,285.0889638065416,0.0,0.0,-0.9071136517419085,1019.249362773444,-0.5643333255623426,-0.8255470293446322,0.0,-4924.398192199193
0.0031250546682666273,0.007904684264431121,-0.0931910458618406,285.12972630385104,0.0,0.0,-0.8271429474741404,687.045941792623,0.36765349038430906,0.9299628546389553,0.0,-4990.523125124593
0.006545027043022259,0.005423340391871722,0.1426148311712052,284.75040365192973,0.0,0.0,-0.9085438490432113,2130.2649998672327,0.7700031815320304,0.6380400461025555,0.0,-4852.384359869522
0.008357697376890079,0.0015488365169780477,0.02179012071855438,284.9782126052032,0.0,0.0,-0.8314926800096168,1389.5644217759293,0.9832585149282446,0.18221606082094677,0.0,-4655.455314790166
0.0037199156349803993,0.007642789259728963,-0.11681864431784847,285.2796353120104,0.0,0.0,-0.8351421819581221,542.0626546545532,0.43763713352710576,0.899151677615172,0.0,-4959.386857817687
0.0024685832562560462,0.008133639819105117,0.20244961914475226,284.4729217119785,0.0,0.0,-0.8817587739373944,2496.642943043361,0.2904215595595348,0.9568988022476607,0.0,-5092.204091284783
-0.006762674593828822,-0.005149391453170189,-0.027808625456761576,285.1140266597716,0.0,0.0,-0.9089448942482411,1085.8587949235364,-0.7956087757445672,-0.6058107591964929,0.0,-4789.02208668932
0.004939446340738098,-0.006917504596815894,-0.12296916547737181,284.953738266336,0.0,0.0,-0.9080437885403292,506.061522467142,0.581111334204482,-0.8138240702136346,0.0,-4893.424504270801
-0.0015616880074179724,0.008355305534059596,0.20314957178442775,284.45925169717225,0.0,0.0,-0.8614571108316331,2500.582924285295,-0.1837280008727026,0.9829771216540699,0.0,-5114.650913195422
-0.005972982323125114,0.006047601356540866,0.16599748082970714,284.5454359277536,0.0,0.0,-0.8604194788304821,2278.418666551959,-0.7027038027206016,0.7114825125342195,0.0,-4902.26715037338
-0.008092746792786973,-0.002599509443690515,-0.11665245009953432,285.03115038334784,0.0,0.0,-0.8719388593264035,544.6458700596739,-0.9520878579749379,-0.30582464043417823,0.0,-4644.855633899354
-0.005593024314196291,0.006400631142380346,0.11756108193560041,284.5875846150586,0.0,0.0,-0.8924657903097413,1978.7077692286346,-0.6580028604936812,0.7530154285153348,0.0,-4916.034961736422
0.002875370752428461,0.007998890112764332,0.03994102808037314,284.8818068995498,0.0,0.0,-0.8790813390086887,1499.4837509990848,0.33827891205040717,0.9410458956193332,0.0,-5035.365531753816
-0.00019015575749689977,0.008497872721328015,0.05383896608308261,284.79373582659605,0.0,0.0,-0.8994829011313872,1586.0664080597169,-0.02237126558787056,0.9997497319209427,0.0,-5089.224392305875
0.00426094792521551,-0.007354884280435801,0.09573957960805216,284.6004013981546,0.0,0.0,-0.8296757264912625,1844.108149674828,0.5012879912018247,-0.8652805035806824,0.0,-4990.118782621141
0.0054999881449850655,-0.006480750759366058,0.05026596730306396,284.6919159915026,0.0,0.0,-0.826196457599129,1562.5145436532914,0.6470574288217724,-0.7624412658077715,0.0,-4904.265332102536
0.008140539705916643,0.002445733692860814,0.16643717850851728,284.81546002081416,0.0,0.0,-0.9081351647751754,2277.1071170088394,0.957710553637252,0.287733375630684,0.0,-4716.081695159626
0.00838268711241687,-0.0014073225555359093,0.020961342809001998,284.82186527953843,0.0,0.0,-0.8265028415223289,1383.4137625930905,0.9861984838137494,-0.16556735947481285,0.0,-4652.6852971303
-0.008199620812301616,-0.002239691615930686,-0.029633279632425624,285.02698715215445,0.0,0.0,-0.9092640058436469,1077.6647343713373,-0.9646612720354841,-0.263493131285963,0.0,-4657.598205206844
-0.008009789411042809,0.0028448679390696706,-0.1251276702934798,284.9535147243681,0.0,0.0,-0.8413289110703915,490.05370678503306,-0.9423281660050362,0.3346903457729024,0.0,-4650.7169177521555
-0.003031513763254272,-0.007941027912254177,-0.19746468382533724,285.2414878732107,0.0,0.0,-0.8576415651433561,45.66657031517862,-0.3566486780299143,-0.9342385779122561,0.0,-4966.054427195389
-0.008044518744477435,-0.002745126257524632,-0.039860103928947566,285.03702302769227,0.0,0.0,-0.9083410505029372,1014.47943116837,-0.9464139699385218,-0.3229560302970155,0.0,-4670.198088677451
0.007722364184712076,0.0035517729936858583,0.06689410121240921,284.9234758146626,0.0,0.0,-0.8631985371083217,1667.9266602544142,0.9085134334955383,0.4178556463159833,0.0,-4729.7726679958405
0.00819550461384394,0.002254707103918976,-0.10135923165934686,284.9909024918948,0.0,0.0,-0.8561528877621308,638.0271950245738,0.9641770133934047,0.2652596592845854,0.0,-4638.765642009972
0.00846661101977108,0.0007526605077263852,-0.19853798382096868,284.979646614749,0.0,0.0,-0.9092623611391099,39.18050970363653,0.9960718846789504,0.08854829502663354,0.0,-4585.183663900723
-0.0011758355867226796,0.008418278367516517,-0.15774992662450582,285.3283264330577,0.0,0.0,-0.8360918650494518,289.9572454518807,-0.1383335984379623,0.9903856902960607,0.0,-5024.256927793411
0.007205326575042385,-0.004509242613453837,-0.159252026481176,284.9411763482699,0.0,0.0,-0.9095779134925844,281.1964616156482,0.8476854794167511,-0.530499130994569,0.0,-4716.102750867667
0.008057697461253906,0.002706198740466484,0.052937247627167144,285.003200197376,0.0,0.0,-0.8502807626021787,1581.3943761974451,0.9479644072063417,0.31837632240782165,0.0,-4693.802608567424
0.005699469570226318,0.00630603255764385,-0.010295364149343289,285.0052708500705,0.0,0.0,-0.8352919366629132,1190.2737433167158,0.6705258317913315,0.7418861832522176,0.0,-4874.411677046903
0.002870058448789395,0.00800079774150882,-0.17205916359905987,285.28981860164356,0.0,0.0,-0.8612924739273212,202.6392128373802,0.3376539351516935,0.9412703225304493,0.0,-4978.673306209555
0.0057626838432064615,0.006248317767467274,0.09068173528658494,284.89179402490566,0.0,0.0,-0.8932401147522175,1811.8995513763318,0.677962805083113,0.7350962079373263,0.0,-4897.090477418987
0.00223946891089257,-0.008199681639987352,0.13964505574551103,284.47107131036495,0.0,0.0,-0.8398372135757122,2109.8640925914874,0.2634669306932435,-0.9646684282338059,0.0,-5081.923224293106
-0.008423107189736354,-0.00114073014784906,-0.1977413019120943,285.036917176267,0.0,0.0,-0.827262886884555,47.34869322963968,-0.9909537870278063,-0.13420354680577176,0.0,-4589.87211605367
0.008280875631811532,-0.0019175762750070647,0.014998560340921424,284.82742644686823,0.0,0.0,-0.8260001105656534,1349.7555822190777,0.9742206625660625,-0.22559720882436055,0.0,-4661.417408270816
-0.0020652106625114923,0.008245295926735974,0.1490182368453614,284.5252593367606,0.0,0.0,-0.8921460575035914,2169.6031130333304,-0.24296596029546966,0.9700348149101146,0.0,-5089.006221108856
0.00772888808926006,0.0035375540849143182,-0.16062430670734457,285.0450382345024,0.0,0.0,-0.886702347366129,272.87894558381606,0.9092809516776541,0.41618283351933155,0.0,-4668.117260213344
0.005065820412578377,0.006825500974104703,-0.0870203497101148,285.1380452561248,0.0,0.0,-0.8293360920393118,723.7031712997043,0.5959788720680443,0.8030001146005532,0.0,-4895.369117888383
-0.008499982814548342,1.709246567556255e-05,0.05871642990526524,284.88716475966896,0.0,0.0,-0.8941796345274362,1617.7160938317786,-0.9999979781821577,0.0020108783147720645,0.0,-4650.754967709071
-0.0083871773700494,0.0013803100243536775,0.14451524099795335,284.80829441517994,0.0,0.0,-0.848576773364973,2143.4241194881856,-0.9867267494175763,0.1623894146298444,0.0,-4685.3753234040405
-0.008433571404225331,-0.0010606004760666352,-0.13172260666247132,284.95602974684755,0.0,0.0,-0.8546794446896483,450.64723252557707,-0.992184871085333,-0.12477652659607473,0.0,-4606.510228355737
0.005485335898255025,-0.006493157173772612,-0.19596753779830955,285.15851579956427,0.0,0.0,-0.8992716751902098,53.74946240897759,0.6453336350888265,-0.7639008439732484,0.0,-4839.182923263665
0.008484354404721863,-0.0005154903831078964,-0.204397497459237,285.06428509026574,0.0,0.0,-0.9099444233077605,5.297143928565958,0.9981593417319838,-0.060645927424458394,0.0,-4581.779935568927
-0.008499973558266085,-2.1201622046149097e-05,0.07540211134365524,284.86856473695093,0.0,0.0,-0.8848484775071792,1718.622760380819,-0.9999968892077747,-0.0024943084760175407,0.0,-4655.232572243637
-0.007228028045767018,-0.004472763191764733,0.08263842339519115,284.9355258333993,0.0,0.0,-0.8576188462841325,1764.0845426693063,-0.8503562406784726,-0.5262074343252626,0.0,-4779.004760458776
0.004410895170775662,-0.007265948237665057,0.1457838689911957,284.60143016320177,0.0,0.0,-0.8531305914080836,2149.5701274358394,0.518928843620666,-0.8548174397253008,0.0,-4995.626401652849
0.008384998840188096,0.0013934828488518626,-0.029242999578242418,284.9460374641637,0.0,0.0,-0.827676094625196,1076.1169605199443,0.9864704517868347,0.1639391586884544,0.0,-4638.9797781969755
-0.0020627659096343993,-0.00824590788221953,0.023124145261275042,284.8817384654661,0.0,0.0,-0.8634207015164991,1398.0236480485921,-0.24267834230992932,-0.9701068096728859,0.0,-5055.291216728967
0.0037020487997659205,0.007651459644025558,0.15360197500430392,284.5555978936612,0.0,0.0,-0.9076996707478115,2198.6992068900277,0.43553515291363765,0.9001717228265361,0.0,-5032.746303430422
0.0011180625451272664,0.00842614598408926,-0.017057209541764956,285.0083935088221,0.0,0.0,-0.8519032789848761,1153.9571004348604,0.13153677001497252,0.9913112922457952,0.0,-5062.810829867768
-0.0011223394275197717,0.008425577381368864,-0.196171934954946,285.36996634195157,0.0,0.0,-0.8568897875682587,53.050261945876784,-0.1320399326493849,0.9912443978081016,0.0,-5014.6973059778065
0.002154310237392756,-0.008222466017020974,-0.04897472642573478,284.895282949047,0.0,0.0,-0.887924961736272,954.201097479601,0.25344826322267716,-0.9673489431789382,0.0,-5033.596589514172
0.005745434363894015,-0.006264182625864749,0.12571306243549638,284.58907031469806,0.0,0.0,-0.8488729098309399,2027.1309994855883,0.6759334545757665,-0.736962661866441,0.0,-4907.698039393286
0.0010994930355646027,0.008428589150311276,0.15063405037539,284.4930421070547,0.0,0.0,-0.9024749206482103,2181.5188356062104,0.1293521218311297,0.9915987235660323,0.0,-5108.051946089574
0.006841242884653162,-0.005044541187579152,0.16960315577669335,284.62615152801936,0.0,0.0,-0.8840834166011374,2296.141132356637,0.8048521040768426,-0.5934754338328414,0.0,-4835.477045543941
0.008217404758806545,0.0021735360659403736,0.19586914850322293,284.73807775619593,0.0,0.0,-0.9097046958828032,2457.3508524087197,0.9667535010360641,0.2557101254047498,0.0,-4716.320833377709
-0.001425945110701332,-0.008379539399111801,-0.07453093143070849,285.0916861336439,0.0,0.0,-0.9085876629773343,799.7692659594303,-0.16775824831780375,-0.9858281646013883,0.0,-5042.62105129881
0.005752934311183029,0.006257295486966638,-0.0334865521625298,285.0843814428668,0.0,0.0,-0.8280560469584596,1050.8775694629328,0.6768158013156504,0.7361524102313691,0.0,-4864.460766357705
-0.008353810656398189,-0.0015696647785588074,-0.17686259580087293,284.96742690290813,0.0,0.0,-0.8337424381900728,172.4659361012579,-0.9828012536939045,-0.18466644453633027,0.0,-4602.553805787764
-0.008218292725470451,-0.002170176186045608,0.04972269743872573,284.96852482322527,0.0,0.0,-0.8899754352109163,1561.4362689270702,-0.9668579677024061,-0.25531484541713034,0.0,-4677.021930825959
-0.0068508237500120575,0.0050315220307845954,-0.029740501262746133,284.79583779027155,0.0,0.0,-0.8874527968600451,1074.9924589796492,-0.8059792647073009,0.5919437683275994,0.0,-4781.195708063856
0.007353147696659094,-0.004263944060505142,-0.09395326339618171,284.7970757333812,0.0,0.0,-0.884143205896457,680.6287236137246,0.8650761996069521,-0.5016404777064872,0.0,-4720.516021198087
-0.004625028480617305,-0.007131557442345872,-0.06634392747425771,285.11077097326336,0.0,0.0,-0.9099905130978778,851.5983599984874,-0.5441209977196829,-0.8390067579230437,0.0,-4926.930639231864
-0.003496358563615732,-0.007747611037902648,0.1353388141132866,284.7213387285844,0.0,0.0,-0.8261320889116082,2086.5910211548744,-0.4113363016018508,-0.9114836515179585,0.0,-5036.863490215774
-0.0018122515144068775,-0.0083045616650447,-0.051047659969817444,285.03616933262236,0.0,0.0,-0.9032770238459785,945.0889918633833,-0.21320606051845617,-0.977007254711141,0.0,-5041.303283683169
0.005935749396201815,-0.006084149826022515,-0.03254110098481039,284.81514261516264,0.0,0.0,-0.8566206857463149,1056.6549766533262,0.6983234583766841,-0.715782332473237,0.0,-4851.700973602957
0.007785795966088631,0.0034104810766866916,0.05459901425451194,285.01589478043593,0.0,0.0,-0.8547398775774403,1588.4840160361466,0.9159759960104271,0.4012330678454931,0.0,-4720.483224901894
0.003446891787141673,-0.00776974497700763,0.002179408688922496,284.8127098570144,0.0,0.0,-0.8496957889510058,1270.7323872151396,0.4055166808401968,-0.9140876443538387,0.0,-5003.229456890899
-0.006135250775607001,0.005882915766897714,0.17715429521171114,284.5718497357364,0.0,0.0,-0.8524345955512245,2341.8396033601994,-0.7217942088949412,0.6921077372820839,0.0,-4893.294973956881
0.0013494555888132727,-0.00839219694798809,-0.1790117466678317,285.22188510833297,0.0,0.0,-0.890227914862412,161.80326766856973,0.1587594810368556,-0.9873172879985989,0.0,-5015.882446170669
0.003110040335026032,-0.007910603587243591,0.20139613591665476,284.4845570041009,0.0,0.0,-0.8811861645292659,2490.728195751286,0.3658870982383567,-0.9306592455580696,0.0,-5070.128827426971
-0.008479376730524115,-0.0005917518583377401,0.11426628064555819,284.8553346584074,0.0,0.0,-0.8576094154833902,1956.5949395407238,-0.997573733002837,-0.06961786568679296,0.0,-4667.789331780492
0.0008163884946392868,0.008460703861134757,-0.18658319241988214,285.37445378646817,0.0,0.0,-0.860231286977026,112.26107531158749,0.0960457052516808,0.9953769248393832,0.0,-5020.882192617808
0.008439892768916513,-0.00100906394702753,0.07839207259778555,284.7583368206137,0.0,0.0,-0.848291391111032,1736.3143608974665,0.9929285610490014,-0.11871340553265056,0.0,-4662.232883444845
-0.008452231685241325,-0.0008998775133331139,-0.18165000440965318,284.9839992129834,0.0,0.0,-0.8304388318997277,145.08302263584773,-0.9943801982636853,-0.1058679427450722,0.0,-4591.196162335736
0.0026140989224417203,0.008088045921215398,0.1695016098869723,284.52372962553886,0.0,0.0,-0.8997364479627961,2294.544906104022,0.3075410496990259,0.951534814260635,0.0,-5078.860182887001
-0.006563371530382038,-0.005401125267402206,0.16950782519579574,284.76381661678585,0.0,0.0,-0.8264386229789802,2295.8822533172006,-0.7721613565155339,-0.6354265020473183,0.0,-4858.135118580672
-0.007892281307360853,-0.003156247101461241,-0.06137454196626796,285.0247769244709,0.0,0.0,-0.9035820042012433,879.3387883533566,-0.9285036832189237,-0.3713231884072048,0.0,-4679.201259981977
0.003872643249096879,-0.007566547050354235,-0.006204996465277002,284.8167500253918,0.0,0.0,-0.8525008922461312,1215.5048178081177,0.45560508812904454,-0.8901820059240276,0.0,-4982.001806465987
0.00819228920842582,-0.0022663621788032574,0.15483265805804577,284.7714617405303,0.0,0.0,-0.8893082394744337,2203.5469041810748,0.9637987304030377,-0.26663084456508906,0.0,-4707.820952435422
0.0002174582850095091,0.00849721789142074,-0.024586460426370527,284.96210285033317,0.0,0.0,-0.8515528030544671,1106.8006668695307,0.02558332764817754,0.9996726931083223,0.0,-5068.115649640971
0.003326285815604267,0.007822136707633653,0.2046682667776589,284.5023689188151,0.0,0.0,-0.8846320421051415,2509.292846700695,0.39132774301226664,0.9202513773686651,0.0,-5062.530541325289
0.008288105047068195,-0.0018860844967187216,0.10338307509809566,284.73070014152194,0.0,0.0,-0.8592355763838394,1890.8413014074902,0.9750711820080229,-0.2218922937316143,0.0,-4684.400846194983
0.001560509761209015,-0.008355525673778483,-0.10668848846055311,285.0461153650873,0.0,0.0,-0.9096957022941531,604.6541958484011,0.18358938367164881,-0.9830030204445275,0.0,-5031.546032002859
0.008427862687098154,-0.0011050477489315507,0.17613012363601646,284.70838834118473,0.0,0.0,-0.9032962201824293,2335.055958912642,0.9915132573056652,-0.1300056175213589,0.0,-4689.691066072869
-0.00013622452192481308,0.00849890833458194,0.011444766438819087,284.88772681961404,0.0,0.0,-0.875990481405296,1328.1262879663357,-0.016026414344095654,0.9998715687743458,0.0,-5077.957534872381
-0.0017908833980628106,-0.00830919590902411,-0.10074393995825033,285.19329268086625,0.0,0.0,-0.9092804486202407,637.7837414944042,-0.2106921644779777,-0.9775524598851894,0.0,-5028.439015264119
-0.006411356362874154,0.005580726618302773,0.11383549799113721,284.63811907786203,0.0,0.0,-0.8896847485155386,1953.167374384844,-0.7542772191616651,0.6565560727415026,0.0,-4855.210216896002
0.007065453738923171,-0.0047253955880049445,0.05128003218171376,284.7109678398567,0.0,0.0,-0.8268072543845931,1574.4056846372516,0.8312298516380201,-0.5559288927064641,0.0,-4784.743108262774
0.003413817634181807,0.007784333572024605,-0.13720166178348067,285.2055529464611,0.0,0.0,-0.8434018187659648,416.693284487335,0.401625604021389,0.9158039496499535,0.0,-4967.216422703651
-0.008274032674165998,0.0019468906766517394,0.02739508724431311,284.8125680112131,0.0,0.0,-0.9092542347893138,1424.8767201485516,-0.9734156087254116,0.22904596195902815,0.0,-4665.433204639276
-0.001903423118250217,0.008284140295342095,0.1634785421370575,284.5246365521294,0.0,0.0,-0.8847594083703268,2259.5139135540144,-0.22393213155884903,0.9746047406284818,0.0,-5096.7960328713425
-0.005265853949213918,0.006672389540902734,0.03763713194519078,284.70038387216147,0.0,0.0,-0.9077893515292798,1486.585319604631,-0.6195122293192845,0.7849870048120863,0.0,-4916.2277901057405
-0.006268910644401277,0.005740275196583556,0.1275182747005902,284.59157589112687,0.0,0.0,-0.8827171165134216,2035.9939877347374,-0.7375188993413266,0.6753264937157124,0.0,-4869.881204211939
0.001530032754476504,-0.00836116019283383,0.17632668068555055,284.4193385096858,0.0,0.0,-0.8572666086345715,2340.4338060579175,0.180003853467824,-0.9836659050392741,0.0,-5108.050547836871
-0.005616660003004306,-0.006379900501626313,0.1779760462451442,284.67738698785456,0.0,0.0,-0.8299078539237309,2347.8423391825727,-0.6607835297652124,-0.7505765296030956,0.0,-4930.630326731871
-0.0007653530074399513,0.00846547309806148,-0.20028004882154346,285.294189688867,0.0,0.0,-0.8612051569766022,29.00027569071586,-0.09004153028705308,0.9959380115366446,0.0,-5017.699038407321
0.008499724510995347,-6.843418140745995e-05,0.028189117267769376,284.79599694721367,0.0,0.0,-0.8297180832373363,1429.6848686566702,0.9999675895288643,-0.008051080165583523,0.0,-4642.591454653515
0.006465263856000052,-0.005518184780550517,0.13680752501017793,284.59570999749843,0.0,0.0,-0.8604488424189196,2094.561707690757,0.7606192771764766,-0.6491982094765314,0.0,-4857.146116612075
-0.005231716460431138,0.006699189717992311,-0.025526313856780225,284.7489612050529,0.0,0.0,-0.8792767154109085,1101.0113823131512,-0.6154960541683691,0.7881399668226248,0.0,-4901.463903983526
-0.008428561986338687,0.0010997012514526142,0.13886652884082082,284.79148165081676,0.0,0.0,-0.8505842076468709,2110.5448669162024,-0.9915955278045514,0.1293766178179546,0.0,-4679.621729656166
-0.008029422779972074,0.0027889728970474995,0.18415536660902412,284.76035678371414,0.0,0.0,-0.8346599696702509,2381.8485450706944,-0.9446379741143617,0.3281144584761764,0.0,-4731.7775404418
0.004589360785342086,-0.007154562710743702,-0.10977779590776988,284.9514591165763,0.0,0.0,-0.9056562423424143,586.251407485621,0.5399247982755395,-0.8417132600874944,0.0,-4917.279153981242
-0.0058923170359263645,0.006126222322780324,-0.01116874977843696,284.721378796113,0.0,0.0,-0.8915336890257993,1188.844950166512,-0.6932137689325134,0.7207320379741557,0.0,-4860.563561204452
-0.005705427643079014,0.006300642460066263,-0.004703368924075191,284.7114353000577,0.0,0.0,-0.8938762808302209,1227.815198842398,-0.6712267815387075,0.7412520541254427,0.0,-4875.498147940449
-0.006249961308634449,-0.00576090128717481,0.16251033420470792,284.7348167775962,0.0,0.0,-0.8261836695780735,2254.632126081843,-0.7352895657216998,-0.6777530926088011,0.0,-4880.714005565066
-0.008081271271842508,0.0026349676716978876,0.054519364665515796,284.79579046530654,0.0,0.0,-0.9044419004019931,1586.9795452633412,-0.9507377966873538,0.3099961966703397,0.0,-4691.910109075611
-0.007960244479842614,-0.002980689152047762,0.06953940464885391,284.9532035722375,0.0,0.0,-0.8741447343769319,1681.1868605275731,-0.9364993505697192,-0.350669312005619,0.0,-4707.7632586506725
0.00207779218575248,-0.008242134410019405,-0.06396227651119801,284.96869676177107,0.0,0.0,-0.896110508928727,860.8027965091941,0.24444613950029173,-0.9696628717669888,0.0,-5031.547666577401
-0.0037207975279668418,0.00764235995984721,0.19394777731399357,284.46288188539376,0.0,0.0,-0.8562433539554286,2445.5450993449213,-0.43774088564315783,0.8991011717467305,0.0,-5042.723253019258
-0.006996914443893884,-0.004826301717135922,-0.008856198708639157,284.9879011015304,0.0,0.0,-0.9054817290414872,1206.6749630613488,-0.8231664051639863,-0.5678002020159908,0.0,-4774.478657228062
-0.0029789863336519558,0.00796088188732347,0.12206482361400642,284.5764454679511,0.0,0.0,-0.9012336868848617,2006.165044532848,-0.3504689804296418,0.936574339685114,0.0,-5053.704556271299
0.0016237856110179988,0.008343459731397456,0.062165145075380374,284.79628000932183,0.0,0.0,-0.8969485799519462,1640.1799189923493,0.19103360129623514,0.9815834978114654,0.0,-5075.621165354158
-0.0023017007861055806,0.00818243078132904,0.13115838916531583,284.5040453671726,0.0,0.0,-0.8997580112605464,2063.1911211575925,-0.27078832777712714,0.9626389154504752,0.0,-5077.925255994977
-0.008496326704907228,-0.000249865010516284,-0.07801343372949932,284.80930374881365,0.0,0.0,-0.8845353874335916,779.8928968996737,-0.9995678476361444,-0.029395883590151058,0.0,-4614.449778468078
-0.007798024569473653,-0.0033824270596548365,0.038628756401578423,284.9573819050816,0.0,0.0,-0.8906487909946749,1491.694758719852,-0.9174146552321943,-0.39793259525351016,0.0,-4715.037966853792
-0.0033324380668546152,-0.007819517666108203,0.16657576933687016,284.5282838434399,0.0,0.0,-0.8328476481102383,2276.7261465099996,-0.39205153727701353,-0.9199432548362592,0.0,-5052.06112059823
-0.00787636607873466,0.003195756153675997,0.09151869788537756,284.7557059801172,0.0,0.0,-0.8900863204083831,1819.357823799178,-0.9266313033805482,0.3759713121971761,0.0,-4721.749745135555
-0.008412977678473614,-0.0012131803581927614,0.06592899054958465,284.84392295746585,0.0,0.0,-0.8850195974178051,1659.3144597230255,-0.9897620798204252,-0.14272710096385427,0.0,-4661.651516911006
-0.008368266374929963,-0.001490676986545562,-0.18071844480309876,285.02347717056205,0.0,0.0,-0.8321588126093765,149.64912911957063,-0.9845019264623485,-0.1753737631230073,0.0,-4600.047184577859
-0.008270451624528254,-0.001962047381267325,0.08768379066896606,284.9017551163718,0.0,0.0,-0.8677533084411201,1792.164564964309,-0.9729943087680298,-0.23082910367850884,0.0,-4681.969032493981
0.008486313155412466,-0.0004821711607648351,0.03310608457576203,284.8055769584201,0.0,0.0,-0.8301919891110628,1462.5383747169385,0.9983897829897019,-0.05672601891351001,0.0,-4645.297970389615
0.00849741245079555,-0.00020971800367348178,0.1259613724763259,284.8836964084433,0.0,0.0,-0.8818030145055767,2028.351448645433,0.9996955824465351,-0.024672706314527268,0.0,-4669.062361239047
-0.008076900536488395,-0.0026483348964346427,-0.08592719490441722,285.0373646261986,0.0,0.0,-0.8906935052715916,730.5632293069701,-0.9502235925280464,-0.31156881134525205,0.0,-4654.659416992078
-0.0028035946511690397,0.00802432907051651,-0.14721772170900022,285.14549406310584,0.0,0.0,-0.8285343142087997,356.25915263953607,-0.3298346648434164,0.9440387141784129,0.0,-4987.634563770074
0.0022571744145035164,0.00819482541989216,-0.07191751332859259,285.1108839766261,0.0,0.0,-0.8268363486308685,815.9177939769168,0.26554993111806074,0.964097108222607,0.0,-5024.677680396251
0.0022863780353718065,-0.008186725565167637,-0.010666190613845522,284.8182147964962,0.0,0.0,-0.8634359854295994,1189.3887345420926,0.2689856512202125,-0.963144184137369,0.0,-5040.302895656163
-0.008391659048487871,0.0013527965160849793,0.051859964600881686,284.8541262375469,0.0,0.0,-0.901815163867406,1576.1410468286915,-0.9872540057044553,0.1591525313041152,0.0,-4660.058641456284
-0.008464280936300144,0.0007784267668740415,0.14834797107191136,284.8486139114186,0.0,0.0,-0.8439084283563355,2165.779439970222,-0.9957977572117815,0.09157961963224018,0.0,-4678.490878927709
-0.006410026891269246,0.005582253599864945,0.05422885967347604,284.6094080432171,0.0,0.0,-0.9097246649966989,1590.4667216611435,-0.7541208107375583,0.6567357176311699,0.0,-4839.321999491372
0.00791880401870402,0.0030891006641670096,-0.09342481878031134,285.03739369826917,0.0,0.0,-0.847459329124818,685.5538184622667,0.9316240022004729,0.36342360754905995,0.0,-4668.048560868026
0.0009278571207926889,-0.008449205948690938,-0.18561375639963984,285.1929508132939,0.0,0.0,-0.8846054669755299,117.04132406997975,0.1091596612697281,-0.9940242292577572,0.0,-5019.958221382064
-0.00803449795199065,0.002774318413495117,0.20093815178028687,284.74511067534104,0.0,0.0,-0.8292297738584313,2490.0026026676196,-0.9452350531753705,0.3263904015876608,0.0,-4735.783741312856
0.006360966432650458,-0.0056380941853337386,0.014268013692333659,284.70761428964965,0.0,0.0,-0.8312746554663106,1342.965064587461,0.7483489920765244,-0.6633051982745575,0.0,-4832.4164695390955
0.005534855269898822,-0.006450998150772735,-0.11459782400146695,284.91423531372675,0.0,0.0,-0.9043706489822417,552.5348299751968,0.6511594435175084,-0.7589409589144394,0.0,-4857.690449152976
-0.008257803986484088,-0.0020146149311487524,-0.0076760841003476465,284.96865163420074,0.0,0.0,-0.9096895801024342,1209.4913464809138,-0.9715063513510692,-0.2370135213116179,0.0,-4657.657742887541
-0.004406644492188974,0.007268526970401953,-0.04665411929782723,284.92943239412534,0.0,0.0,-0.8608962233399305,970.7338608032454,-0.518428763786938,0.8551208200472885,0.0,-4944.224952590471
-0.001105389330417346,0.008427817892444017,-0.1950560909877327,285.24442960825104,0.0,0.0,-0.8562799264759295,61.21128261724951,-0.13004580357851128,0.9915079873463548,0.0,-5015.226637175194
0.007761587700668278,0.0034652209691208627,-0.021131137937537153,284.9541413549524,0.0,0.0,-0.8261936811261851,1132.2066381156835,0.9131279647845032,0.4076730551906897,0.0,-4702.457491077987
-0.00818380042468919,-0.002296826203450545,-0.08226872678907723,284.9542369565691,0.0,0.0,-0.8911453353013921,751.7587991764257,-0.962800049963434,-0.27021484746477,0.0,-4645.054970636564
-0.006292410094353167,-0.005714505683301258,-0.18621121094080134,285.1175574905484,0.0,0.0,-0.8462064465189314,116.52766602035554,-0.7402835405121372,-0.6722947862707362,0.0,-4783.912217670237
0.008001036183750544,-0.0028693936617889375,-0.188348335791676,285.0494371359905,0.0,0.0,-0.9098331854577058,101.53992312921325,0.9412983745588875,-0.3375757249163456,0.0,-4634.608762488879
-0.008307807538852784,0.001797312965896831,0.10224033178339834,284.81826079220366,0.0,0.0,-0.8770441244769165,1884.3437458247347,-0.9773891222179745,0.21144858422315657,0.0,-4682.102954576288
0.004295372732426329,-0.007334832860367602,-0.07054822993787038,284.95234606903654,0.0,0.0,-0.8900017869116412,824.4631610828397,0.5053379685207445,-0.8629215129844238,0.0,-4943.711182645613
0.00328190564532785,0.007840860624648623,0.057298803016869765,284.8671404687938,0.0,0.0,-0.8874575830486706,1604.35860901847,0.3861065465091588,0.922454191135132,0.0,-5024.778412876712
-0.007126559134696191,0.004632726508189134,-0.01782728342209014,284.68237352607474,0.0,0.0,-0.8957312425953726,1145.5592014807078,-0.8384187217289636,0.5450266480222511,0.0,-4760.920851005314
0.008280031241502561,-0.0019212190504316667,0.10967996538736,284.8084313895776,0.0,0.0,-0.8630569908483549,1928.3380092776767,0.9741213225297131,-0.2260257706390196,0.0,-4686.904897734001
-0.0022995917952833332,-0.008183023742790044,-0.005327838004822477,285.0160160281359,0.0,0.0,-0.8826225159258813,1227.0968242702263,-0.27054021120980387,-0.9627086756223581,0.0,-5041.366097459651
-0.005938131726142923,0.006081824693541806,-0.10889614866585323,284.96137692437236,0.0,0.0,-0.8352214452266503,586.9524655239326,-0.6986037324874026,0.7155087874755065,0.0,-4831.043203094094
-0.003462543459665328,-0.007762782541713304,-0.060933719363313654,285.1069441258591,0.0,0.0,-0.9090110466018582,882.6015829808806,-0.40735805407827386,-0.9132685343192122,0.0,-4985.638071893433
-0.00784479752447547,0.0032724840412114388,-0.20238653978910623,285.04359312784464,0.0,0.0,-0.828621109629549,17.28753118011116,-0.9229173558206435,0.38499812249546334,0.0,-4645.919536154717
-0.008100699742849302,-0.002574619132260395,0.09785443535600244,284.87639690217713,0.0,0.0,-0.85815779449637,1856.4064233717318,-0.9530234991587413,-0.3028963685012229,0.0,-4701.621961420492
-0.007679168337695983,0.0036442246968768966,0.15923202952269153,284.72103076723585,0.0,0.0,-0.8506320236473446,2235.482715203555,-0.9034315691407039,0.42873231727963484,0.0,-4758.5978043557125
0.0022423300675598543,-0.008198899674231722,0.17951009986169145,284.5299320041259,0.0,0.0,-0.862819282190354,2355.0629306250794,0.26380353735998285,-0.9645764322625554,0.0,-5092.540631521955
-0.008472281398556946,0.0006858920495719169,0.1899502772530354,284.71404066377676,0.0,0.0,-0.8280201679352572,2421.831499532947,-0.996738988065523,0.08069318230257845,0.0,-4688.827280961764
-0.0008670388933085747,0.008455663401383137,0.14097383639499853,284.5142621025247,0.0,0.0,-0.9003444855636346,2119.617706389148,-0.10200457568336171,0.9947839295744867,0.0,-5108.244078066352
0.008460867911315853,-0.0008146865576807589,0.0764187880422302,284.82416092355487,0.0,0.0,-0.8480234217905666,1725.97555037646,0.9953962248606886,-0.09584547737420693,0.0,-4659.544598104426
-0.0060633609893499096,0.005956983591787852,-0.021171842790552453,284.8410317058141,0.0,0.0,-0.8870134558670334,1126.5848335036103,-0.7133365869823423,0.7008215990338649,0.0,-4845.426151511066
0.008481418842750459,0.000561724499944121,-0.09197494472184481,284.877359717808,0.0,0.0,-0.8585301449463949,690.8800160577377,0.997813981500054,0.06608523528754365,0.0,-4612.245388980654
0.001351937287965368,-0.008391797517183601,-0.03519061020607667,284.97473821508925,0.0,0.0,-0.8835615259464629,1037.5054364581233,0.15905144564298446,-0.9872702961392471,0.0,-5054.427777335085
0.008323487727717373,0.001723238824579538,-0.19856795638410843,284.95971353117426,0.0,0.0,-0.9080902348344502,38.070014815948014,0.979233850319691,0.2027339793622986,0.0,-4599.810139449162
-0.0012626007196052734,-0.008405702791727308,-0.03343784497825694,285.0220068842066,0.0,0.0,-0.8938014007203229,1051.761804356168,-0.14854126113003216,-0.9889062107914479,0.0,-5056.320488105927
0.008397355548649852,0.0013169737239442376,0.07108784627054568,284.92245091450707,0.0,0.0,-0.8545563380110118,1693.1479675736384,0.9879241821941002,0.15493808516991028,0.0,-4664.634905503306
-0.0018256047880122939,-0.008301636414465921,-0.0426928716715787,285.03063582831305,0.0,0.0,-0.90012144330007,993.6998204842622,-0.21477703388379926,-0.9766631075842259,0.0,-5043.248978232455
0.0010823060180561205,0.008430813346485589,0.11954553002634863,284.6132186470474,0.0,0.0,-0.9096260459671582,1993.6789108970706,0.1273301197713083,0.9918603937041868,0.0,-5099.939488846249
0.008089664863288052,0.0026090845903655015,-0.1095418151750389,284.959845459916,0.0,0.0,-0.8594882958290739,586.3867803373614,0.9517252780338884,0.3069511282782943,0.0,-4647.067090380594
-0.00418429580739245,-0.007398761287961518,-0.01874837695710843,285.07211031351267,0.0,0.0,-0.8981877614770808,1143.5757605228894,-0.49227009498734703,-0.8704425044660609,0.0,-4963.344815221359
-0.00542160543932243,0.006546464271674402,0.16168704010750493,284.5725750314349,0.0,0.0,-0.8668274761461153,2251.0315146972325,-0.6378359340379329,0.7701722672558119,0.0,-4939.372191134922
0.006954055777348008,-0.0048878531325657485,0.01638944882646476,284.7129028036417,0.0,0.0,-0.8287144106285259,1354.7284279171188,0.8181242090997656,-0.5750415450077351,0.0,-4784.893191730693
0.0038405803757071253,0.007582871644550851,-0.14204006419734944,285.17804100684845,0.0,0.0,-0.8480105351390042,387.7703286991865,0.4518329853773088,0.8921025464177471,0.0,-4947.064349556406
0.0025196740017431334,0.008117958051440015,-0.07369383107104474,285.10219718354057,0.0,0.0,-0.8264138354423106,804.3194557605287,0.2964322354991921,0.9550538884047075,0.0,-5016.564773439852
-0.008467222079559144,-0.0007457548225966417,0.0889725622662926,284.8785914535168,0.0,0.0,-0.8730052715005479,1803.0129441686329,-0.9961437740657815,-0.08773586148195783,0.0,-4662.25762324889
0.00679646839072248,-0.005104705418915982,-0.15263555507888682,285.02565019778547,0.0,0.0,-0.9094749699171659,323.38757333143013,0.7995845165555858,-0.6005535786959978,0.0,-4752.741421807071
0.007240046111721531,-0.004453283316851281,0.045637201944821376,284.74676681121406,0.0,0.0,-0.8264587816310707,1535.4357592157573,0.8517701307907684,-0.5239156843354448,0.0,-4768.018690839827
-0.005756898853347976,-0.006253648182646732,-0.06802736501727538,285.0954185743128,0.0,0.0,-0.9090260553296298,840.9600371425269,-0.6772822180409384,-0.7357233156054978,0.0,-4854.915826462313
0.00010891362756978202,0.008499302196164672,-0.08328304753220836,285.15292798265733,0.0,0.0,-0.827655263757316,748.7299865103395,0.01281336794938612,0.9999179054311377,0.0,-5052.58352748005
-0.004559506273520329,-0.0071736254810053175,0.12276654996299122,284.7846233216144,0.0,0.0,-0.8273644932386149,2009.1980080906078,-0.5364125027670975,-0.843955938941802,0.0,-4981.332482888302
0.008137878764056571,0.002454573124092479,-0.0646308472427943,284.90322090761833,0.0,0.0,-0.8358094154781154,863.28487500959,0.9573975016537142,0.2887733087167622,0.0,-4654.351627077376
0.00794781701761463,0.0030136696326099363,-0.058889873193959996,284.9558243990368,0.0,0.0,-0.8319772272407296,897.1437407270988,0.9350372961899563,0.3545493685423454,0.0,-4674.510590006433
-0.003555511177541988,0.007720643772793432,0.124497322398219,284.6070797538963,0.0,0.0,-0.8981910092145962,2019.5962854349364,-0.41829543265199853,0.9083110320933449,0.0,-5031.414450293315
0.007313948097976848,0.004330838627806497,-0.07604514247974323,284.97825352978384,0.0,0.0,-0.8340817609882701,792.4172585541814,0.8604644821149232,0.5095104268007643,0.0,-4728.822029708784
-0.004885367210203953,-0.006955802413917755,-0.06869988750994233,285.13923226775074,0.0,0.0,-0.9098133323598055,836.4914238255366,-0.5747490835534061,-0.8183296957550299,0.0,-4911.220258883175
0.0057046488642891755,-0.006301347580888093,-0.08760823622594445,284.8984956196291,0.0,0.0,-0.891951648039604,718.7897904607831,0.6711351605046089,-0.7413350095162462,0.0,-4853.309493643614
0.008001289193619952,-0.0028686880694945914,-0.13270416238639182,284.92134983929776,0.0,0.0,-0.8983367102104287,443.1067548423223,0.9413281404258765,-0.3374927140581872,0.0,-4649.513030336437
0.0017188873009625302,0.008324387451734196,0.08106137447910963,284.7392765198555,0.0,0.0,-0.9041917404235753,1752.9624221459592,0.20222203540735648,0.9793397002040231,0.0,-5078.754922934848
-0.008308574935904575,0.0017937621175781093,-0.09880827512086679,284.90989536875213,0.0,0.0,-0.8614722886210835,649.7621985357454,-0.9774794042240675,0.2110308373621305,0.0,-4628.0854290722655
0.0059389109793347725,-0.006081063753944445,-0.16496396194946955,285.0235723474555,0.0,0.0,-0.9092934997042355,243.33860860262476,0.6986954093335026,-0.7154192651699347,0.0,-4815.944255051905
-0.006638302231738655,0.005308761011770412,0.12263249215646069,284.68009110262943,0.0,0.0,-0.8830326999061628,2008.1708782315122,-0.780976733145724,0.6245601190318132,0.0,-4839.534550940075
-0.0028115412360266673,0.0080215482220156,0.007839205432118912,284.7039575451141,0.0,0.0,-0.8865423880706852,1306.710563715265,-0.3307695571796079,0.9437115555312471,0.0,-5028.963461476408
-0.006085256418258796,-0.005934614926348646,-0.10863322702519879,285.17580849261645,0.0,0.0,-0.8943725623788021,595.096816482388,-0.7159125197951525,-0.6981899913351347,0.0,-4820.340976226655
-0.008234947498449417,0.0021060958424966593,-0.09172415472682052,284.88483330673984,0.0,0.0,-0.8644240090565359,695.1198693609141,-0.9688173527587548,0.24777598147019522,0.0,-4637.4039727162935
-0.008434607179681254,0.001052331565842942,-0.14022097655121965,284.8915026102994,0.0,0.0,-0.8408725657080298,397.92522894622994,-0.9923067270213239,0.1238037136285814,0.0,-4604.123776182074
0.005678261878247995,0.006325135733091865,-0.1304952354597689,285.12188797642983,0.0,0.0,-0.8512501495920051,456.1233190362226,0.6680308092056464,0.7441336156578664,0.0,-4843.632411868231
0.001560956324136405,-0.00835544225963764,-0.05066480975909016,284.9364694093489,0.0,0.0,-0.8914278564480853,945.4639036045112,0.18364192048663588,-0.982993207016193,0.0,-5046.568286077348
9.710491689383368e-05,0.008499445313378694,-0.1693144396312993,285.13344886467166,0.0,0.0,-0.8465703751669955,219.33504561897203,0.011424107869862785,0.9999347427504346,0.0,-5029.516750227192
-0.004860699759904382,-0.0069730623003143675,0.1723122769222332,284.6767064732513,0.0,0.0,-0.8303864506382074,2312.592617558409,-0.571847030576986,-0.8203602706252197,0.0,-4977.346151469622
-0.007823849689650381,-0.003322254661183823,0.09564017267332195,284.91271545812987,0.0,0.0,-0.8557313572359121,1843.0189595203635,-0.9204529046647507,-0.390853489551038,0.0,-4727.87679665157
-0.0036553302210741386,0.007673888256607735,-0.07338181025930751,284.91904197296594,0.0,0.0,-0.8415897506466824,807.2356915947985,-0.4300388495381339,0.9028103831303217,0.0,-4973.941495918187
0.008362497347319614,-0.001522707495244061,-0.1784399822636249,284.94387360268917,0.0,0.0,-0.9089233448247692,161.11230942134083,0.9838232173317192,-0.17914205826400714,0.0,-4601.246284314265
-0.0009804216374492674,-0.008443267934444654,-0.097641446061112,285.17258052479133,0.0,0.0,-0.9099644548306306,657.2899551358515,-0.11534372205285498,-0.9933256393464299,0.0,-5042.9496778159255
0.008212247468582748,0.002192941293048281,0.08000472560569447,284.84077327206205,0.0,0.0,-0.8644848471626294,1746.9169317115127,0.966146761009735,0.25799309329979775,0.0,-4685.751274403352
-0.002758722953306912,0.008039866147324692,-0.1938463428312075,285.2926430955873,0.0,0.0,-0.8478099695393636,70.67016870799608,-0.324555641565519,0.9458666055676108,0.0,-4976.644444238579
0.0068613338293182025,0.005017180292021966,-0.19199660167179117,285.0726906078041,0.0,0.0,-0.8963245808994914,80.48318545696213,0.8072157446256708,0.5902565049437607,0.0,-4736.785922941148
0.00815435155575108,-0.0023992812893072722,0.04006795597793361,284.7723785420327,0.0,0.0,-0.828237421219219,1502.1301311891582,0.9593354771471857,-0.28226838697732615,0.0,-4680.807134014897
0.008064304290559914,-0.0026864467813930318,0.12243918804739398,284.76881072007666,0.0,0.0,-0.867327987991411,2009.1750810686056,0.9487416812423427,-0.31605256251682723,0.0,-4711.8007960569375
-0.007355039231436317,-0.004260680450823866,0.09685035792904337,284.94915296804135,0.0,0.0,-0.8501686867716846,1846.9013135202001,-0.8652987331101549,-0.5012565236263372,0.0,-4771.53780746151
0.00766894308035338,0.0036656939357098553,0.05118445768786575,284.94458115149496,0.0,0.0,-0.8539731193908754,1568.2340984328157,0.902228597688633,0.43125811008351234,0.0,-4730.565180782865
0.005601357425486281,-0.006393339893353842,0.104474504345651,284.64338888531023,0.0,0.0,-0.8372611991054173,1894.6565354430397,0.6589832265277977,-0.7521576345122166,0.0,-4911.955832216551
0.0056067153360130195,0.006388641728952754,-0.03374497825641662,285.078778850746,0.0,0.0,-0.8283121109031768,1055.1904034679721,0.6596135689427082,0.7516049092885592,0.0,-4874.50684270161
-0.005309581949283069,-0.006637645631083918,-0.1416844641843361,285.18003818714794,0.0,0.0,-0.8802355349513488,389.9244807621324,-0.6246566999156551,-0.7808994860098727,0.0,-4865.300858165147
0.0010857028623305074,-0.008430376580837142,-0.03929511883137443,284.89661288273805,0.0,0.0,-0.88717503478055,1013.8614132481414,0.12772974850947144,-0.991809009510252,0.0,-5057.278856134913
-0.005859273342912644,0.00615783370131358,-0.12308435398235021,284.9906733380728,0.0,0.0,-0.8300922810479441,500.4309568109697,-0.6893262756367816,0.7244510236839505,0.0,-4832.9022541591185
-0.006100936774268964,-0.005918493936498762,-0.20475124779655535,285.12395007094034,0.0,0.0,-0.8379658954723715,0.7798887624174751,-0.7177572675610546,-0.6962934042939719,0.0,-4793.389520535893
0.0040921402656122685,-0.007450126713456272,-0.0319208841144574,284.83248606432915,0.0,0.0,-0.8674497733072672,1063.1670151201597,0.48142826654261983,-0.8764854957007379,0.0,-4964.455662995993
-0.0017792290798036166,0.008311699217463369,0.006829739012902819,284.7706103419049,0.0,0.0,-0.8810340642833333,1301.1648999906458,-0.20932106821219018,0.9778469667603963,0.0,-5057.553632780565
9.829494499743003e-05,0.00849943163416166,0.1600301621283073,284.4640751990743,0.0,0.0,-0.8950802659171798,2233.030457988207,0.011564111176168238,0.9999331334307836,0.0,-5117.87608093301
-0.007842768269813385,-0.003277344331315884,0.19491059548760084,284.711333459731,0.0,0.0,-0.8272158837839068,2451.132892034413,-0.9226786199780453,-0.3855699213312805,0.0,-4752.705318857815
-0.007755752764917442,0.0034782609231447047,-0.19574747665079495,285.0241665489418,0.0,0.0,-0.827633252642265,57.1069889897605,-0.9124415017549932,0.40920716742878877,0.0,-4656.160606898243
-0.008077290693180817,-0.002647144699077586,-0.1725906096545924,285.0305470964633,0.0,0.0,-0.8391435936012095,198.5728433343468,-0.9502694933153902,-0.31142878812677477,0.0,-4631.369873920401
0.004773616888166366,0.007032963941682972,-0.15799590016154785,285.21422133343356,0.0,0.0,-0.8628049305654919,288.18405465478475,0.5616019868431018,0.8274075225509377,0.0,-4893.836267738727
0.0013135670519307597,0.008397889115729138,-0.11998956870554545,285.2056963873718,0.0,0.0,-0.8297049876440308,519.9549783765656,0.15453730022714818,0.9879869547916633,0.0,-5032.299694737698
0.0076425418956993845,0.003720423816244551,-0.13724191173790762,285.0342314441861,0.0,0.0,-0.8713304061729907,419.6169460022908,0.8991225759646334,0.43769691955818246,0.0,-4682.473580381747
-0.006775405248421027,0.005132629318358069,0.1476133446616514,284.7329422569909,0.0,0.0,-0.8661925983167329,2161.2647027023245,-0.7971064998142384,0.6038387433362433,0.0,-4835.036920574791
-0.004617264098241222,-0.007136586876588323,-0.19469543226208,285.25096550821956,0.0,0.0,-0.8510146559464743,62.72090560672793,-0.5432075409695555,-0.8395984560692145,0.0,-4892.931889795684
-0.0016050031501941891,0.00834709319990299,0.16870648793467743,284.4894663177071,0.0,0.0,-0.883040036708573,2295.175463904649,-0.18882390002284577,0.9820109646944694,0.0,-5104.57475157843
-0.007820302980159193,-0.0033305947364567277,0.19516891811278334,284.76089505530604,0.0,0.0,-0.8273261761756641,2451.360994432967,-0.9200356447246109,-0.39183467487726203,0.0,-4754.91753413632
0.00848850142536003,-0.00044197686778920975,-0.10147655367125838,284.93133655235414,0.0,0.0,-0.8695258007371238,635.5741531624183,0.9986472265129446,-0.05199727856343644,0.0,-4608.9642186316905
0.008219031687939233,-0.0021673758586481444,-0.04413607742214137,284.7835384406292,0.0,0.0,-0.8430329717772661,985.1422921615484,0.9669449044634391,-0.2549853951350758,0.0,-4651.766336136711
0.0006293003801221565,-0.008476672757136382,0.13007627632651567,284.5023844321738,0.0,0.0,-0.8310753893872616,2056.242423654326,0.07403533883790075,-0.9972556184866331,0.0,-5107.486771346162
-0.003104648381335371,0.00791272130358903,0.04014987822534363,284.67932895009346,0.0,0.0,-0.9030945249934282,1502.5859316182225,-0.36525275074533775,0.9309083886575328,0.0,-5027.071706900367
0.007177088673706688,-0.004554052938839334,-0.11103106942443236,284.8302750650375,0.0,0.0,-0.894933519405477,576.9886786245748,0.8443633733772574,-0.5357709339810981,0.0,-4731.513393723434
0.007663262274983151,0.003677555071623002,0.1500301902237263,284.82364454450874,0.0,0.0,-0.9067663456674665,2175.6646876272466,0.9015602676450766,0.4326535378380002,0.0,-4757.615199128791
0.0027155396495502767,0.008054554265241522,0.1315653398164162,284.6519020367442,0.0,0.0,-0.9096967241822101,2064.804104314281,0.31947525288826784,0.9475946194401789,0.0,-5065.389665627997
-0.008115029600989218,0.0025290896731964226,0.14949704458522803,284.80215401742396,0.0,0.0,-0.8509466716301192,2174.412169340249,-0.9547093648222609,0.29753996155252027,0.0,-4714.0621758185
-0.008077177807863026,-0.0026474891237104332,0.01931273249952581,284.9875742144528,0.0,0.0,-0.9023600450095344,1373.0643987376852,-0.9502562126897678,-0.31146930867181566,0.0,-4682.867242124526
-0.0014503815606233075,-0.008375344370747027,-0.011745990287053754,284.99327727231537,0.0,0.0,-0.8824599900403993,1185.8193193189238,-0.17063312477921264,-0.9853346318525913,0.0,-5059.03774491261
0.004264500922066743,0.007352824755540683,-0.17620928594518942,285.28513743565065,0.0,0.0,-0.8715387790805497,178.42132483835647,0.5017059908313816,0.8650382065341979,0.0,-4916.972421373261
0.006582799833372997,-0.005377429344374918,0.09932696899472379,284.68980678326255,0.0,0.0,-0.8398795496694081,1862.0928556969588,0.7744470392203525,-0.6326387463970491,0.0,-4837.75068371343
0.007253252914110682,0.004431740308721271,0.044620987216945546,285.0397415516401,0.0,0.0,-0.8540522399022686,1530.4804065488222,0.8533238722483155,0.5213812127907377,0.0,-4766.58036675778
-0.0071685489635209595,0.004567483525706753,0.06702139387582864,284.6981260290388,0.0,0.0,-0.9056379456118863,1668.1889738279435,-0.843358701590701,0.5373510030243238,0.0,-4780.0296337749905
-0.005484499513334564,-0.006493863648725075,-0.18771460101854825,285.1807651644071,0.0,0.0,-0.8502461190230988,108.27255598986336,-0.6452352368628899,-0.7639839586735382,0.0,-4841.453001276811
-0.007890583947938644,0.003160488088971863,0.13294901812789897,284.72704410322524,0.0,0.0,-0.8644068752634536,2070.880196685186,-0.9283039938751345,0.3718221281143368,0.0,-4731.499994546431
0.00605523477151366,-0.005965243654860372,-0.11381751820757946,284.9472003198978,0.0,0.0,-0.9021964258816897,560.0809603413637,0.7123805613545482,-0.7017933711600437,0.0,-4821.169724429854
-0.008499507960001628,-9.145730079643007e-05,-0.2032717179513756,284.9949640614842,0.0,0.0,-0.826029128467316,11.869241823968542,-0.9999421129413679,-0.010759682446638831,0.0,-4580.514624564875
0.006983039388006803,0.004846355425012241,-0.03877589731131345,285.04051778253796,0.0,0.0,-0.8260032630870677,1020.5822607116,0.8215340456478591,0.570159461766146,0.0,-4767.632707687696
-0.006576414313135798,-0.005385236743355173,-0.195072318668004,285.0212576025425,0.0,0.0,-0.8399128881698399,62.68831121572182,-0.7736958015453879,-0.633557263924138,0.0,-4759.277239195061
-0.007521642723570157,-0.0039591527804524185,-0.06128349062520527,285.1090338642084,0.0,0.0,-0.9057335881915773,882.1830940588035,-0.8848991439494301,-0.4657826800532257,0.0,-4714.017630097571
-0.006460036324763088,-0.005524303637811868,-0.20177464951008892,285.1654356526583,0.0,0.0,-0.8374674697480339,14.60832214842598,-0.7600042735015397,-0.6499180750366903,0.0,-4766.718479810453
-7.042132247476359e-05,0.008499708279543534,-0.14646359848502535,285.22964024576686,0.0,0.0,-0.8349611673652763,359.87119605512066,-0.008284861467619245,0.9999656799462981,0.0,-5035.674687082338
-0.008130125910788665,-0.0024801315841549167,-0.18326671854015386,285.01324169491426,0.0,0.0,-0.8340417402789858,130.4404515129126,-0.9564854012692547,-0.29178018637116665,0.0,-4623.290578341535
-0.007465429067127279,-0.004064156596846525,-0.10464971570987082,285.15768137142885,0.0,0.0,-0.8868557979449132,616.3073741486203,-0.8782857726032093,-0.47813607021723814,0.0,-4707.513451727494
-0.008431431450149667,0.001077480255701746,0.07209954459897153,284.8609398750674,0.0,0.0,-0.8914712869655237,1700.8421385731224,-0.9919331117823137,0.12676238302373483,0.0,-4661.414009028197
-0.00787968115012045,-0.0031875735242401036,-0.1650249365673569,285.0513322762326,0.0,0.0,-0.8452020024868435,245.89523954173745,-0.9270213117788764,-0.3750086499106004,0.0,-4652.602871521934
-0.0005822714119275806,0.008480033018971794,-0.18352652919619603,285.25886956002284,0.0,0.0,-0.8517360122795997,132.03436439988832,-0.06850251905030359,0.9976509434084463,0.0,-5023.696433242559
-0.002725266438398974,-0.008051268399434723,0.03881879024497076,284.8766827666602,0.0,0.0,-0.8568576733903995,1493.625966388868,-0.32061958098811455,-0.9472080469923204,0.0,-5040.18415446908
-0.004817358035342626,0.007003075150197936,0.11433415766358793,284.6152428125733,0.0,0.0,-0.8977426495136633,1959.9416842448213,-0.566748004157956,0.8238911941409336,0.0,-4964.345565814252
0.0015456873027220835,0.00835828037111724,-0.057398706128832466,285.0214327613172,0.0,0.0,-0.831310075550878,904.4761955592236,0.18184556502612745,0.983327102484381,0.0,-5045.050510947512
0.0034318626131447706,-0.007776394987685434,-0.15152022162793438,285.1174496927906,0.0,0.0,-0.9076567105467381,327.46160082020816,0.40374854272291416,-0.9148699985512275,0.0,-4962.622563491388
-0.006279010859154998,-0.005729225308068591,-0.009954319812166684,285.0400457174044,0.0,0.0,-0.9029671800884878,1195.5899824080104,-0.7387071599005879,-0.6740265068315988,0.0,-4832.22649087199
-0.0003155982775697211,0.008494139022125494,0.1041065481287842,284.58905710787394,0.0,0.0,-0.9099199308019034,1896.4226746353665,-0.03712920912584954,0.9993104731912344,0.0,-5102.324450712786
0.008327325260574784,-0.0017045979011465215,-0.010125097326558335,284.7660746083017,0.0,0.0,-0.828649232872445,1194.470523016673,0.9796853247735039,-0.20054092954664957,0.0,-4649.978842819673
0.0030699456567309653,-0.007926249659499673,0.052214007875822616,284.659609059186,0.0,0.0,-0.8293334942868823,1577.148364568414,0.36117007726246647,-0.932499959941138,0.0,-5031.613353387066
0.00781734340262374,-0.0033375353369597574,0.10933216517680325,284.7106075214925,0.0,0.0,-0.8556358794146334,1925.83729739003,0.9196874591322047,-0.3926512161129126,0.0,-4732.170010032062
0.0019042506830590352,0.008283950104634214,-0.08320178791721135,285.1701623865826,0.0,0.0,-0.8261022565223624,748.4980752283377,0.22402949212459236,0.974582365251084,0.0,-5030.5943152250775
-0.0003242448301606401,-0.008493813353854327,0.16276525973694148,284.5096143196654,0.0,0.0,-0.8414148412023351,2254.5921316175722,-0.038146450607134126,-0.9992721592769797,0.0,-5118.028461476781
-0.0009464223197479858,0.008447146547366327,-0.11768869036888618,285.21218875761576,0.0,0.0,-0.8263080455897353,534.8988336810033,-0.11134380232329244,0.9937819467489796,0.0,-5037.970110891831
-0.008176880707863626,-0.0023213405371396182,-0.12325892880965073,285.0448847571957,0.0,0.0,-0.8662568959852489,499.97087536460697,-0.9619859656310148,-0.27309888672230803,0.0,-4634.747052143716
-0.0015317515162965722,0.008360845489083215,0.17094713924273178,284.49564413138677,0.0,0.0,-0.8820325396984425,2304.6636192969368,-0.1802060607407732,0.9836288810686136,0.0,-5106.575207921907
0.008480825806698086,-0.0005706081286169774,0.1811278932236727,284.8046448993111,0.0,0.0,-0.9061235616228023,2368.285044185092,0.997744212552716,-0.06713036807258557,0.0,-4685.57814240559
-0.003420431027744247,0.007781429919008745,-0.17854661922023524,285.1765314339544,0.0,0.0,-0.837305206962308,159.910191153632,-0.4024036503228525,0.9154623434127935,0.0,-4955.848621472899
-0.00016534765832850923,-0.008498391621470812,0.1701071607594172,284.51544636465246,0.0,0.0,-0.8458976183845938,2299.449027084702,-0.019452665685706968,-0.999810778996566,0.0,-5120.472007816206
0.008219926247509864,-0.0021639807035873523,0.04231875651394612,284.81611282071236,0.0,0.0,-0.829171547451309,1515.459039391978,0.9670501467658663,-0.25458596512792375,0.0,-4674.871978724906
-0.007883074570086008,-0.003179172112746225,0.18635300139364716,284.76971215155476,0.0,0.0,-0.8261997914146897,2400.663759227117,-0.9274205376571775,-0.3740202485583794,0.0,-4746.549251101304
-0.0072451250855093425,-0.004445015466263673,0.16443435821079597,284.8642701732861,0.0,0.0,-0.8261068979210981,2263.2847636189686,-0.8523676571187461,-0.5229429960310202,0.0,-4799.443061052802
0.006247740603908675,-0.005763309582719887,0.007276201718167868,284.79893884829363,0.0,0.0,-0.8341516769740817,1300.9803695843807,0.735028306342197,-0.6780364214964573,0.0,-4839.234842785801
-0.00655239069756113,-0.005414441443631502,0.08778381800469445,284.8865791709319,0.0,0.0,-0.8491636845241761,1794.0721898508357,-0.7708694938307211,-0.6369931110154707,0.0,-4837.086254381754
-0.005022947708296341,0.006857112826818628,-0.09035996428252917,284.8909718449505,0.0,0.0,-0.8392933673778901,700.3032584803219,-0.5909350245054518,0.8067191560963091,0.0,-4897.107233351074
-0.008493254630795442,0.0003385642870590447,-0.10235827157727226,284.9240597275692,0.0,0.0,-0.8664182481535453,629.4559713278851,-0.9992064271524048,0.03983109259518172,0.0,-4608.236091711204
0.004919005470345161,-0.0069320549033251595,0.12601913259149974,284.62422565231805,0.0,0.0,-0.8445203181178803,2029.5094416237687,0.5787065259229601,-0.8155358709794305,0.0,-4961.453464198924
-0.007080851252858615,-0.004702291519556247,0.20140929730209492,284.6807735791016,0.0,0.0,-0.8317873238896683,2491.878103210812,-0.8330413238657194,-0.5532107670066172,0.0,-4823.695187941688
-0.004783192209566611,0.007026455172157672,0.06507431391344923,284.6074293215988,0.0,0.0,-0.9099877629911631,1654.5359568215936,-0.5627284952431306,0.8266417849597261,0.0,-4953.127084151679
0.0012460526930960394,-0.008408171780240227,-0.03895734436461332,284.92026067867533,0.0,0.0,-0.8862644121836882,1019.7528504190611,0.14659443448188697,-0.989196680028262,0.0,-5055.092461143445
0.004215730598849497,-0.0073808953059858575,-0.09868960748405071,284.9623219357362,0.0,0.0,-0.903192457369762,647.4375691326535,0.4959683057469996,-0.8683406242336302,0.0,-4940.289093896667
-0.008088039849753311,0.0026141177075262798,0.08643931145960074,284.74814680258766,0.0,0.0,-0.8902648802619371,1786.2958913398027,-0.9515340999709777,0.30754325970897406,0.0,-4699.807491682509
0.008239990022547055,0.0020862800455176203,0.15530932937156897,284.80025947309764,0.0,0.0,-0.9045828026478182,2204.9910303914066,0.9694105908878887,0.24544471123736708,0.0,-4703.175323421398
-0.0004996981931636494,0.008485299152990953,0.034369507331201476,284.7732635393849,0.0,0.0,-0.8912109017347666,1469.8972574475279,-0.05878802272513522,0.9982704885871709,0.0,-5082.700433421752
0.004783012092824005,-0.007026577781530589,-0.03308935617970113,284.75788059937867,0.0,0.0,-0.86420134174951,1052.832629679118,0.5627073050381182,-0.826656209591834,0.0,-4926.800982951191
0.005021829678257489,0.006857931662139271,-0.1029618590593232,285.1044215148478,0.0,0.0,-0.834290226406827,627.4779920932858,0.5908034915597045,0.8068154896634435,0.0,-4893.79462971262
0.007140300729175505,0.004611518784189842,-0.08788964211015836,285.06418976625224,0.0,0.0,-0.8379487131604288,718.0919148470059,0.8400353799030006,0.5425316216693931,0.0,-4740.929698741724
-0.0018195083188669117,-0.008302974736657587,0.0797504787022826,284.7237105392022,0.0,0.0,-0.8325129399952266,1744.3614932125638,-0.21405980221963666,-0.9768205572538337,0.0,-5076.234966368158
-0.002718087427713614,0.008053694849899963,0.11977557304574735,284.51451666698216,0.0,0.0,-0.9028939594446901,1989.5426116853864,-0.3197749914957193,0.9474935117529368,0.0,-5062.142249959664
0.0045641270462756815,0.007170686459848516,-0.13093683264850434,285.2386981344331,0.0,0.0,-0.8453997911244779,456.77503827421134,0.5369561230912566,0.8436101717468841,0.0,-4913.008979499707
-0.005237113904744649,0.006694971093942847,0.12807827006183078,284.630969122855,0.0,0.0,-0.8886861794159091,2042.95339449188,-0.6161310476170174,0.7876436581109231,0.0,-4942.330776850952
0.00525482119631211,0.00668108181320877,-0.2043687055944613,285.19770350682103,0.0,0.0,-0.8936444106568524,3.026101505618165,0.6182142583896599,0.7860096250833846,0.0,-4852.006269188216
0.0032976198490492696,0.007834264696265776,0.17537111416707749,284.55238141261646,0.0,0.0,-0.8996221494319895,2331.079580199363,0.38795527635873756,0.9216781995606794,0.0,-5055.826696287736
0.004625548400033083,0.007131220232116758,0.1257467558304383,284.6513279951368,0.0,0.0,-0.9089953672423055,2027.163113613834,0.5441821647097744,0.8389670861313833,0.0,-4978.437874000278
0.005532048169912444,0.006453405538610478,-0.16495059416829488,285.1896516083062,0.0,0.0,-0.8719808763110967,247.40188778976423,0.6508291964602875,0.7592241810129974,0.0,-4844.37035963555
-0.006699685679314963,-0.005231081322096035,-0.15483482884413197,285.1061749329065,0.0,0.0,-0.8621765140521847,307.52843295297754,-0.788198315213525,-0.6154213320112982,0.0,-4760.106051352498
-0.007950612856698016,0.0030062859482937157,0.1372811617765897,284.77978790239996,0.0,0.0,-0.8608317365135302,2098.2541725718315,-0.9353662184350605,0.35368069979926064,0.0,-4726.8711476689705
0.006270995649525006,0.005737997347824279,0.048331439799883885,284.9560033101215,0.0,0.0,-0.8642635598094699,1553.6613819120853,0.7377641940617654,0.6750585115087386,0.0,-4848.4767289962
0.00849278941719518,-0.0003500398765534812,0.1872587565369044,284.735698665452,0.0,0.0,-0.9079584281680627,2402.184643749354,0.9991516961406093,-0.04118116194746837,0.0,-4685.98634495654
-0.008495150498460708,-0.0002870853679705428,-0.18855581009395475,284.98850743935037,0.0,0.0,-0.8277035021143666,102.35073465381194,-0.9994294704071421,-0.033774749173005034,0.0,-4584.913778648399
0.002958288301603796,0.00796859650908453,-0.0029950901601741853,284.9662606305367,0.0,0.0,-0.851591355336651,1238.863405736463,0.34803391783574067,0.9374819422452386,0.0,-5020.900291721117
0.0033281105197878738,-0.007821360518993948,-0.000663179380155976,284.7337159664647,0.0,0.0,-0.8519488323760911,1252.701352401242,0.391542414092691,-0.9201600610581115,0.0,-5007.367670530082
0.0050114221911485134,0.006865540592121223,-0.14788861621653834,285.2015902350654,0.0,0.0,-0.8578254563740982,350.3939910515023,0.5895790813115898,0.8077106578966144,0.0,-4882.377029408033
0.008204430319250713,-0.0022220088065891324,-0.1909908630764357,284.9902897803944,0.0,0.0,-0.9099479345256458,88.17891971480923,0.9652270963824368,-0.261412800775192,0.0,-4613.826675990729
-0.007467978191225835,-0.004059470622553552,0.18432161149931744,284.73313263259075,0.0,0.0,-0.8266861851273413,2384.7160609658404,-0.8785856695559805,-0.4775847791239473,0.0,-4784.810517020931
0.007507606629865642,0.0039857047922792115,0.1988161933636933,284.64420948744066,0.0,0.0,-0.9067934938121966,2476.0153546284787,0.8832478388077225,0.4689064461504954,0.0,-4785.085162233098
0.0008253407852185598,0.008459835257749102,-0.1713492613701886,285.1966852575852,0.0,0.0,-0.8509339029623165,209.22859838490584,0.09709891590806585,0.9952747362057767,0.0,-5024.879839182432
-0.007901080221297136,0.003134155601853109,-0.11444488189819915,284.9074357916776,0.0,0.0,-0.8456656473462877,554.909799066031,-0.9295388495643688,0.3687241884533069,0.0,-4664.11658753453
0.008133925022056272,-0.002467643356639467,-0.16581353184888878,284.9651796070071,0.0,0.0,-0.9080492605128664,241.89085447875124,0.9569323555360318,-0.2903109831340549,0.0,-4627.596848123123
-0.0025923317016395544,-0.008095048878708181,0.011144815886004689,284.97282331666867,0.0,0.0,-0.8738244220474266,1326.4036819315895,-0.30498020019288874,-0.9523586916127271,0.0,-5037.064386650516
-0.008331709735211232,-0.001683036805357032,-0.05481582159066384,285.00266464905053,0.0,0.0,-0.9016698962628931,916.9680155275618,-0.9802011453189683,-0.19800433004200377,0.0,-4637.543830633371
0.002705002916235053,-0.008058098983206887,0.0884758362874842,284.61931712375446,0.0,0.0,-0.8262490242563636,1799.067794923871,0.31823563720412384,-0.9480116450831632,0.0,-5054.176894345609
0.003359153303419942,-0.007808078450177285,-0.09026823603179789,284.99986873057185,0.0,0.0,-0.9028121196616495,700.7269279018365,0.39519450628469904,-0.9185974647267393,0.0,-4982.06306574101
-0.002067977758797305,0.008244602354820984,0.15945334035624717,284.5258280639432,0.0,0.0,-0.886353125925919,2235.726493029545,-0.24329150103497701,0.9699532182142332,0.0,-5091.736232516448
0.0021770715743625346,-0.008216468788969056,0.1834946898054686,284.44279962748766,0.0,0.0,-0.8650392302267981,2379.3952672142764,0.25612606757206285,-0.966643386937536,0.0,-5095.366035135166
0.004857732070768733,-0.006975130043850432,0.18979108041094148,284.5393748277976,0.0,0.0,-0.8833934410393934,2422.615591677575,0.5714978906786744,-0.8206035345706391,0.0,-4982.211228976957
-0.00746195576579262,0.004070530204943121,0.025777819553338133,284.8249929648568,0.0,0.0,-0.9097715655145587,1412.6471573901897,-0.8778771489167787,0.47888590646389656,0.0,-4742.821953388258
0.008337245692843604,0.001655395498713459,-0.1446243707065058,285.0644780016084,0.0,0.0,-0.8862513169804636,369.2846837770688,0.9808524344521886,0.1947524116133481,0.0,-4612.886880371402
0.004393686120185954,0.007276367381962328,-0.13887240364298883,285.2616918760281,0.0,0.0,-0.8489726223115895,405.8603180783837,0.5169042494336417,0.8560432214073326,0.0,-4920.177948885799
0.0037579412655566486,-0.0076241640489057225,0.0193895161743374,284.64146205248306,0.0,0.0,-0.839215068138236,1375.2683374409698,0.4421107371243116,-0.8969604763418496,0.0,-4994.198827607601
-0.0048172109356611195,0.007003176336588058,0.12566180593776263,284.6573038374729,0.0,0.0,-0.8921743503277739,2026.72673710523,-0.5667306983130729,0.8239030984221244,0.0,-4967.393321915886
0.0075935340066413054,-0.003819455627439864,0.18435257268267027,284.68934436180433,0.0,0.0,-0.8977858042148869,2385.3402675903503,0.8933569419578006,-0.44934772087527813,0.0,-4773.302331002053
-0.007992681463965166,-0.0028925841414879625,-0.19416786467666042,285.0507015674214,0.0,0.0,-0.8314113738483069,65.42384909647521,-0.940315466348843,-0.34030401664564264,0.0,-4633.861185095595
-0.005753341373191804,-0.006256921211228368,-0.14847686303768556,285.19960503433157,0.0,0.0,-0.8731410862755408,348.42945040372945,-0.6768636909637417,-0.7361083777915726,0.0,-4833.581183359233
-0.0058909017432661895,-0.006127583263504738,-0.06936710056105638,285.15067496962246,0.0,0.0,-0.9086104163270393,828.9795098471168,-0.6930472639136693,-0.7208921486476162,0.0,-4845.050930075601
0.007526334680747233,-0.003950226104083342,0.041857664768767094,284.8019171778643,0.0,0.0,-0.8265240114091147,1513.5860207062858,0.8854511389114391,-0.46473248283333435,0.0,-4741.259668646056
-0.004651398934911283,-0.007114385985333253,-0.15802139417837935,285.15554841507105,0.0,0.0,-0.8738980916945558,286.27338717362494,-0.5472234041072097,-0.8369865865097944,0.0,-4900.844496434865
0.00820088648455952,-0.0022350527661263416,-0.17793763431607254,284.9842065361086,0.0,0.0,-0.9095368164529937,165.92112528769553,0.964810174654061,-0.2629473842501578,0.0,-4617.682818524649
-0.004342959704179688,0.007306757215610185,0.029939900663117552,284.7116328154221,0.0,0.0,-0.9032301188103399,1439.509098566044,-0.5109364357858456,0.8596184959541393,0.0,-4968.167998053512
0.003963929300806572,0.007519126578147699,0.129666004468001,284.7378235650463,0.0,0.0,-0.9099005234545947,2049.459007450514,0.46634462362430257,0.8846031268409057,0.0,-5014.098424710473
0.006373331473040285,0.005624112902027675,-0.19860575059772392,285.19015815297564,0.0,0.0,-0.8966218971259571,38.35037073498265,0.7498037027106217,0.6616603414150206,0.0,-4774.345069584075
-0.0026091036191168817,0.00808965872609662,-0.14936646428867337,285.1651974381806,0.0,0.0,-0.829418099598261,342.8553785092226,-0.30695336695492725,0.9517245560113671,0.0,-4993.469107983313
-0.005908336161262652,0.006110774403094597,0.1330358057639521,284.5726094295059,0.0,0.0,-0.8817798693900152,2070.6708646464394,-0.6950983719132531,0.7189146356581878,0.0,-4898.101364733703
-0.0030405667565752002,0.007937565987052314,-0.16867669445080496,285.1853779786764,0.0,0.0,-0.8345220519652226,224.6303175768827,-0.3577137360676706,0.9338312925943898,0.0,-4973.443265631108
-0.0031806618823385377,-0.00788247359591129,-0.14263087544780767,285.25274292548613,0.0,0.0,-0.8907446795449914,382.0753602694199,-0.3741955155692397,-0.927349834813093,0.0,-4975.123374854169
-0.007330443566316362,-0.004302859179783959,-0.10858360509349642,284.99192761309564,0.0,0.0,-0.8857968476485623,591.8647103426081,-0.8624051254489836,-0.5062187270334069,0.0,-4718.6210690913
0.00678872803790279,-0.005114994782733658,0.18009036758655364,284.66354615878083,0.0,0.0,-0.8897143449450999,2361.0854332161502,0.798673886812093,-0.6017640920863127,0.0,-4842.649737799839
-0.007850113613555292,-0.0032597110691400086,0.08920967420672452,284.9029583576202,0.0,0.0,-0.8600718040138797,1800.7920735229259,-0.9235427780653284,-0.3834954198988245,0.0,-4723.644547152636
-0.004732900571115928,0.007060428611913765,0.06890164012070679,284.63546023473765,0.0,0.0,-0.9098798662082691,1679.2424983500453,-0.5568118318959915,0.8306386602251488,0.0,-4957.068462784721
-0.005981724369809869,-0.006038954674744855,-0.13310960654492976,285.16348568052535,0.0,0.0,-0.8812545153469252,441.21924668324175,-0.7037322788011611,-0.7104652558523358,0.0,-4821.382453636988
-0.00529807409356177,0.006646834652609439,0.10513659109624027,284.5653712393767,0.0,0.0,-0.8997589045639185,1900.8814393419368,-0.6233028345366788,0.7819805473658162,0.0,-4932.26455174075
0.005867011881585439,-0.006150461086888958,0.11678195371824437,284.627711440058,0.0,0.0,-0.8446289449403481,1972.8256136637713,0.690236691951228,-0.7235836572810539,0.0,-4896.703999677564
0.007678000015285574,-0.003646685586292673,-0.02613598199023537,284.7674444690726,0.0,0.0,-0.8400899836188311,1099.5984511794422,0.9032941194453615,-0.42902183368149094,0.0,-4708.974190132101
-0.006335787401661816,-0.005666374325875713,0.005916742796619495,285.0356663785969,0.0,0.0,-0.896642397842347,1292.4854076729043,-0.7453867531366841,-0.6666322736324367,0.0,-4832.122797628368
0.008390442660878076,0.0013603205337409416,-0.17233158553999375,284.99061981397097,0.0,0.0,-0.90114443732027,194.71319557078317,0.9871109012797736,0.16003770985187546,0.0,-4600.034006735279
-0.008498812908824602,0.00014205330265892757,-0.1473040003599584,284.9140982204308,0.0,0.0,-0.840836127262406,356.49122711224373,-0.999860342214659,0.016712153253991478,0.0,-4595.602304806781
-0.00308544318807362,-0.007920229815678968,0.08093944477193823,284.77431808365026,0.0,0.0,-0.8359278351050671,1756.4005283405895,-0.36299331624395526,-0.931791743021055,0.0,-5038.739235831847
-0.006339729451818614,-0.00566196348255123,-0.11527233043831088,285.1029242026586,0.0,0.0,-0.889350119125232,549.788807126435,-0.7458505237433664,-0.66611335088838,0.0,-4799.304355541445
-0.008489011770336403,-0.00043206384145171305,0.13831751656769545,284.8065184913511,0.0,0.0,-0.8442936570530584,2103.691356702152,-0.9987072670984003,-0.050831040170789765,0.0,-4673.246447259455
0.0006379792788132676,-0.008476023975886624,0.1418705499713925,284.54999132904027,0.0,0.0,-0.8353016964918332,2127.299661997071,0.07505638574273736,-0.9971792912807793,0.0,-5110.584107622194
-0.004044110458380777,0.007476307283707327,0.13057564138931307,284.5689060043988,0.0,0.0,-0.8932400479099412,2060.591301377088,-0.4757777009859738,0.8795655627890973,0.0,-5010.4321440208105
-0.003363178771960318,-0.007806345402801205,-0.008906049078513917,285.04997126337605,0.0,0.0,-0.8897117169135902,1201.7819936834035,-0.3956680908188609,-0.9183935768001417,0.0,-5003.727147437861
-0.008235151554255608,0.002105297812291993,0.09065789350634398,284.78036824453756,0.0,0.0,-0.8855759465013697,1812.8428109145589,-0.9688413593241891,0.24768209556376386,0.0,-4686.3152744809695
0.0003337630805207114,0.008493444660800547,-0.13800195043400518,285.2811876815178,0.0,0.0,-0.8329455980715411,412.6538316624907,0.039266244767142515,0.9992287836235938,0.0,-5037.296677758556
-0.0020373218855173412,0.008252231185248756,0.0069667869165569996,284.8578767622958,0.0,0.0,-0.8823545985248912,1300.9052974965327,-0.2396849277079225,0.9708507276763241,0.0,-5051.591637542268
0.008260532126198513,0.0020033993590999988,0.1183867746383506,284.9555620724797,0.0,0.0,-0.887446674885527,1983.6065595684322,0.9718273089645308,0.23569404224705864,0.0,-4691.205045273111
-0.008119537768334292,-0.002514578777567527,-0.07116232011881901,285.00928513319593,0.0,0.0,-0.897554816351307,816.4345319665292,-0.9552397374510931,-0.29583279736088547,0.0,-4654.4151695695455
0.006477664315043818,-0.005503622899655091,-0.0884369103513317,284.8846657708383,0.0,0.0,-0.8877205069870541,715.25174221217,0.7620781547110373,-0.647485047018246,0.0,-4795.737253941458
-0.006408597618618261,-0.005583894390355208,0.004327217661484667,285.02007015934015,0.0,0.0,-0.8977680836686192,1283.9124223321414,-0.753952661013913,-0.656928751806495,0.0,-4826.045330214025
0.002706718173050739,-0.008057522989832352,-0.00195220490751849,284.76795099053413,0.0,0.0,-0.8558225490355928,1243.9591754553499,0.3184374321236163,-0.9479438811567472,0.0,-5029.859182509646
0.0001223006695858978,0.00849912010423543,0.05956870069640599,284.7212147293224,0.0,0.0,-0.9008603258812745,1623.8917162787056,0.014388314068929152,0.9998964828512269,0.0,-5090.890756152336
0.008330081343569717,0.0016910780021961575,-0.08351505524169396,285.0206797668121,0.0,0.0,-0.8481882193291227,747.6007909314568,0.9800095698317314,0.19895035319954793,0.0,-4630.009268701243
-0.007212626681224994,0.004497556709734891,0.05060407825976457,284.72191961931185,0.0,0.0,-0.9090065664652864,1565.1416132057664,-0.8485443154382345,0.5291243187923401,0.0,-4771.764623607833
-0.008414523252437557,-0.0012024135869939591,-0.013137462190552424,284.96957335564474,0.0,0.0,-0.9099259436310599,1176.9848963820616,-0.9899439120514772,-0.1414604219992893,0.0,-4640.280177458622
-0.006551066396268271,0.005416043673354625,0.14780138478273938,284.6889255777271,0.0,0.0,-0.867857170031073,2162.5541124141732,-0.7707136936786201,0.6371816086299559,0.0,-4853.294207109215
-0.007362889839664973,0.0042470993876948925,0.09241151526912081,284.69056385016756,0.0,0.0,-0.8943376969875261,1823.1187486044605,-0.866222334078232,0.4996587514935167,0.0,-4769.643235260272
-0.0043451416959753705,0.007305459851501224,-0.10448518996880787,285.0083122157954,0.0,0.0,-0.8312660587794882,614.9274188968482,-0.5111931407029847,0.8594658648824969,0.0,-4931.987280132365
0.0019090063715406806,-0.008282855466167275,-0.08773086206699134,285.0678489904534,0.0,0.0,-0.9057664503625009,719.6022375459966,0.22458898488713888,-0.9744535842549734,0.0,-5029.268758302203
0.008446223282725646,0.0009546267638942489,-0.10289924026158433,284.988686755089,0.0,0.0,-0.8635384499832514,625.3529687858216,0.9936733273794878,0.11230903104638222,0.0,-4612.942746879102
0.008338980435873802,0.0016466345344714486,0.1279953297574645,284.92377515284267,0.0,0.0,-0.8912156970294655,2042.701922627093,0.9810565218675059,0.19372170993781745,0.0,-4685.852574819276
0.00624609050396501,-0.005765097867016496,-0.05397999059904529,284.84309984393263,0.0,0.0,-0.8680761324244531,926.0727207125101,0.7348341769370599,-0.6782468078842936,0.0,-4822.92580575612
0.006522623772629405,0.005450264133115913,0.0866439587855444,284.9026518914032,0.0,0.0,-0.886384929444803,1785.8453931526892,0.7673675026622828,0.6412075450724604,0.0,-4839.1506711394295
-0.001409816128272382,-0.008382268099056667,0.2046629826891642,284.4348132204109,0.0,0.0,-0.8608200291242547,2511.3656103206986,-0.1658607209732214,-0.9861491881243137,0.0,-5117.80527806631
0.004151192225377942,0.00741738519344666,0.13982856533911706,284.64628018677877,0.0,0.0,-0.9099197510816552,2114.7240677328514,0.48837555592681664,0.8726335521701952,0.0,-5007.570280148837
0.0029887629736085005,0.007957216591722691,0.09156219303363941,284.74826030722846,0.0,0.0,-0.9043031137864342,1819.2516843769872,0.3516191733657059,0.9361431284379637,0.0,-5045.165607469171
-0.0030281926753701143,0.007942294953024271,-0.19983213255244026,285.25607301753826,0.0,0.0,-0.8499792938021529,31.553370770559756,-0.3562579618082487,0.934387641532267,0.0,-4965.541817467739
-0.004408748673159404,-0.007267250865142554,-0.13506842897194005,285.13661698595456,0.0,0.0,-0.889101381453723,425.41023900318476,-0.5186763144893416,-0.8549706900167711,0.0,-4920.391076359018
-0.00800192086609217,-0.0028669256099171387,0.14094792400025022,284.83645460659596,0.0,0.0,-0.8342507819754772,2114.4582958727365,-0.9414024548343728,-0.33728536587260455,0.0,-4722.870320616993
0.0017782333827109664,-0.008311912297216107,-0.12592283832714907,285.120564510135,0.0,0.0,-0.9095396744310175,486.7034285967007,0.20920392737776072,-0.9778720349666007,0.0,-5021.958659242125
-0.008202362877336547,-0.0022296284956223843,0.00020257982256147167,285.0138889413214,0.0,0.0,-0.9084949249172927,1258.6634996717537,-0.9649838679219466,-0.262309234779104,0.0,-4665.3290499302775
-0.007598257558299427,0.0038100501411064977,0.07468232890587725,284.68307160262367,0.0,0.0,-0.9006660262467245,1718.4072418094813,-0.8939126539175796,0.44824119307135263,0.0,-4743.441595942435
0.008234174721425899,-0.0021091151360299724,0.01058811562194309,284.81178878803956,0.0,0.0,-0.8261643307177393,1322.4617062396687,0.9687264378148116,-0.24813119247411436,0.0,-4664.931112965945
0.004161833468872619,-0.0074114197140205,-0.001430661001139616,284.6801595501976,0.0,0.0,-0.8482434300794666,1245.1856964055205,0.48962746692619047,-0.8719317310612352,0.0,-4969.132739319481
-0.0003242483520849048,0.00849381321940683,-0.18529924173265025,285.2375857170569,0.0,0.0,-0.8539908839160346,121.00486248604123,-0.03814686495116527,0.9992721434596271,0.0,-5024.645288636775
0.008499164474427867,-0.00011917733267404759,-0.11451592010488107,284.9057195013553,0.0,0.0,-0.8762684983429945,554.4354550207389,0.9999017028738666,-0.014020862667535008,0.0,-4604.362713776801
0.005614629257758654,-0.00638168773115079,-0.14375354632067142,285.0151903533581,0.0,0.0,-0.9098324977138427,370.6998936210507,0.6605446185598416,-0.7507867919000929,0.0,-4844.451530409699
-0.007198671411641712,0.004519859500826583,-0.19525122342686452,285.1056381225037,0.0,0.0,-0.829502133841725,62.4858802742812,-0.846902519016672,0.5317481765678332,0.0,-4707.028219666676
-0.004733503377409813,0.007060024488346334,-0.10436770822066328,284.9415897119771,0.0,0.0,-0.8324601031052355,618.1195966115235,-0.5568827502835073,0.8305911162760392,0.0,-4910.5468126226915
-0.008011365462272827,-0.002840426628149741,-0.06319631952921612,284.97270358097114,0.0,0.0,-0.901992707795677,871.5033616005203,-0.9425135837968031,-0.33416783860585186,0.0,-4667.178873400148
0.007975233632313075,0.002940348365419035,0.15509298249198697,284.85272007897083,0.0,0.0,-0.9064923316464665,2204.4658312465394,0.9382627802721265,0.34592333710812173,0.0,-4729.262012644547
-0.0008674778593174572,-0.008455618378545358,0.10154834685903316,284.60427272565215,0.0,0.0,-0.8262862503311755,1880.6283759462756,-0.10205621874323026,-0.994778632770042,0.0,-5097.661870840561
0.0022305122965425726,-0.0082021225847321,0.1938439059845892,284.4667969466714,0.0,0.0,-0.8719654713727844,2442.2104430788895,0.2624132113579497,-0.9649555982037764,0.0,-5096.708196467737
-0.008252353287082074,0.0020368272448064166,0.16977708089638424,284.78493972390623,0.0,0.0,-0.8381938724584471,2294.3882183201863,-0.970865092597891,0.2396267346831078,0.0,-4705.815176202128
0.008444530436357034,-0.0009694873436201593,-0.08633205323668325,284.91316232675564,0.0,0.0,-0.8624110910387507,725.4736964534575,0.9934741689831805,-0.11405733454354815,0.0,-4617.561735062347
0.0002820326476688376,-0.008495319745933576,0.17550968118376922,284.47183653339386,0.0,0.0,-0.8509220851831468,2332.560959704946,0.03318031149045148,-0.9994493818745382,0.0,-5121.60355269336
-0.008414692317636344,0.00120122986955532,0.15681215844792554,284.8100410603838,0.0,0.0,-0.8412482930925581,2220.007519210977,-0.989963802074864,0.14132116112415527,0.0,-4685.859089761391
0.007869868642963278,-0.003211723453615418,0.13734914752512248,284.7758657644274,0.0,0.0,-0.8741345391063426,2100.8607561931944,0.9258668991721503,-0.3778498180724021,0.0,-4734.668784694861
-0.00677171513587394,0.00513749687285314,-0.014311454240911153,284.7335870530705,0.0,0.0,-0.8951357226708497,1168.8167919851355,-0.7966723689263459,0.6044113968062517,0.0,-4791.898121644407
0.004625064916423564,-0.007131533812502603,0.07149740109740396,284.663192516005,0.0,0.0,-0.8262108168680342,1694.22008662285,0.5441252842851251,-0.8390039779414826,0.0,-4963.9104065634365
-0.0014306258962513987,0.008378741525132214,0.11400354547559685,284.58986806576326,0.0,0.0,-0.9075194288017971,1955.0310549871988,-0.16830892897075278,0.985734297074378,0.0,-5093.122043027455
0.00792469013805808,-0.0030739691305810162,0.17726873967971654,284.75067534758625,0.0,0.0,-0.8974117438172313,2341.49466734124,0.9323164868303624,-0.36164342712717834,0.0,-4740.105731856817
-0.008231240210228667,0.002120538752655737,0.060210272790520575,284.75569124338284,0.0,0.0,-0.9009055154785401,1626.0725083988193,-0.9683812012033725,0.2494751473712632,0.0,-4678.538629255327
-0.0026492286545913065,0.008076607427360348,0.1613105423107963,284.59095476821204,0.0,0.0,-0.882503442767675,2250.9017553474405,-0.3116739593636831,0.9501891091012173,0.0,-5075.536549124954
-0.007941647490258748,-0.0030298902852194053,0.19006555243210513,284.78748370274104,0.0,0.0,-0.8263855757163489,2424.767156467019,-0.9343114694422057,-0.35645768061404765,0.0,-4741.900511344228
-0.00849187087324379,0.0003716571970966786,0.1423961606277613,284.80628845491134,0.0,0.0,-0.8454181146700235,2133.196893568957,-0.9990436321463282,0.04372437612902101,0.0,-4674.0450492431655
0.006462081620282009,0.005521911003702745,-0.014980361091284061,285.07452963047166,0.0,0.0,-0.8306985117237714,1165.8584617317117,0.7602448965037657,0.6496365886709111,0.0,-4816.673065561197
-0.0061031193910400135,0.005916243208211727,-0.07841884550527828,284.8661623100859,0.0,0.0,-0.8516130388065017,775.0151963461375,-0.7180140460047074,0.6960286127307914,0.0,-4827.121362632943
-0.001281007375553453,-0.00840291735671473,-0.18674999686468668,285.2885269358396,0.0,0.0,-0.8733777970271407,113.76915692538141,-0.1507067500651121,-0.988578512554674,0.0,-5014.902831517913
0.003745094632095814,-0.007630482697486911,0.132370059010703,284.5720312952401,0.0,0.0,-0.8423561920370422,2071.2012525733508,0.44059936848186043,-0.897703846763166,0.0,-5025.0976847282545
0.004142359118960911,0.00742232180180578,-0.05655322705763283,285.10167025402353,0.0,0.0,-0.8267967327257811,911.157698558171,0.4873363669365778,0.8732143296242093,0.0,-4955.328619787402
-0.00817496572978268,-0.0023280754534333184,0.15586928278483594,284.82260185102814,0.0,0.0,-0.8306590035901578,2208.8114910794184,-0.9617606740920799,-0.2738912298156845,0.0,-4709.825806603001
-0.0015579707473122313,-0.008355999470471463,-0.11407066733667762,285.1983618247083,0.0,0.0,-0.9072831789491753,560.2476045759663,-0.18329067615438013,-0.9830587612319368,0.0,-5029.613666952332
0.006979013261611763,0.004852151470661974,-0.04738431442693489,285.0288479511383,0.0,0.0,-0.8262951729791931,965.3210908270131,0.8210603837190309,0.5708413494896439,0.0,-4765.665467520098
-0.006599399055841835,0.0053570450905096835,0.1867273677710116,284.57475360844836,0.0,0.0,-0.8439771713503259,2402.8683554837935,-0.7763998889225688,0.6302405988834922,0.0,-4859.8669999668
0.0016242495655166833,0.008343369424214589,-0.01947050850930887,284.9469390109713,0.0,0.0,-0.8482095139552237,1137.7497518516839,0.19108818417843332,0.9815728734370104,0.0,-5053.70973961574
0.0074842147830003715,-0.004029457665979222,-0.16409365511816418,284.94398948005755,0.0,0.0,-0.90962911092833,250.16403637353474,0.880495856823573,-0.474053843056379,0.0,-4689.854773308347
0.004806750404589531,-0.007010360229544441,0.16497658953240432,284.5639462833027,0.0,0.0,-0.8674828662577531,2269.4541476832055,0.5655000475987684,-0.824748262299346,0.0,-4978.554278138715
-0.004112248084569107,0.007439046692349613,-0.11293031952886701,285.03703534570855,0.0,0.0,-0.8284768415546802,563.1373298032958,-0.4837938923022478,0.8751819638058368,0.0,-4941.7167482890745
-0.007390996420871306,0.004197996177543228,-0.12195338463964432,284.883170175597,0.0,0.0,-0.8374450745400974,513.6789942686912,-0.8695289906907419,0.4938819032403798,0.0,-4709.605306356292
0.008181927014727197,-0.0023034908998468616,-0.009550107560220372,284.8243088083249,0.0,0.0,-0.8296637121961078,1194.708444451926,0.9625796487914349,-0.2709989293937484,0.0,-4664.751560702754
-0.007152991713182362,0.00459180896283202,-0.12414513096450266,284.8537500384581,0.0,0.0,-0.8350377531331215,496.6744054946992,-0.8415284368449837,0.5402128191567082,0.0,-4730.097921332976
0.006603052379051628,-0.005352541385127316,0.17308517022832667,284.64066268855447,0.0,0.0,-0.8843759079223578,2314.9206860999802,0.7768296916531326,-0.6297107511914489,0.0,-4855.913161968489
-0.006819181188141865,-0.005074324380968577,0.040528337962862954,284.9748365116028,0.0,0.0,-0.880811476279259,1506.0909467729239,-0.802256610369631,-0.5969793389374796,0.0,-4802.6825622186425
0.003598508651926333,-0.007700697077668445,0.18765667282534756,284.4569838594964,0.0,0.0,-0.8751619679822794,2407.4623749054012,0.4233539590501568,-0.9059643620786405,0.0,-5046.48633937832
-0.0015060462426791338,0.008365514013789713,0.005287977900639118,284.76987798115584,0.0,0.0,-0.8787632746818336,1290.5666804179016,-0.1771819109034275,0.9841781192693779,0.0,-5062.605616775609
0.002856932513283493,-0.008005494151802479,0.1978741358718111,284.4533794763046,0.0,0.0,-0.8777214149944367,2469.7338087298835,0.3361097074451168,-0.9418228413885268,0.0,-5078.381499201785
0.004732647780174361,0.0070605980616949655,0.12446977329415002,284.79319620638336,0.0,0.0,-0.9086542943390816,2024.4879445118597,0.556782091785219,0.8306585954935253,0.0,-4971.9915584179835
0.007064053036859836,0.004727489258838284,-0.19078782671234243,285.09202288220223,0.0,0.0,-0.8970325961056054,90.50484563339893,0.8310650631599806,0.5561752069221509,0.0,-4719.918600851322
0.008157708351367114,-0.0023878430547327125,-0.1495310552177099,284.8790754467373,0.0,0.0,-0.9034660313440149,335.93465667427347,0.959730394278484,-0.28092271232149557,0.0,-4629.6056429459095
-0.0004057161940879198,0.00849031179461949,0.09295493178264166,284.5999081747814,0.0,0.0,-0.9097963050517373,1826.6805381504519,-0.04773131695151998,0.9988602111317046,0.0,-5098.936685447358
-0.008423036759153794,-0.0011412500838746855,0.0304428107862674,284.9584077259193,0.0,0.0,-0.9026355488893654,1443.3936495732153,-0.9909455010769168,-0.134264715749963,0.0,-4651.099469495665
0.006101197416972957,0.005918225247413496,0.1888012369708604,284.5894352174907,0.0,0.0,-0.9044080017395383,2412.5735410014336,0.7177879314085831,0.6962617938133524,0.0,-4898.957404037458
-0.005721365724066935,-0.006286173259740145,0.03465611883486516,284.92227598704903,0.0,0.0,-0.8766441908670242,1467.9342201600282,-0.6731018498902276,-0.7395497952635465,0.0,-4884.948898958753
0.007567662303405757,-0.0038704634427431913,-0.1476180861294191,284.97448087848244,0.0,0.0,-0.9065756900328814,353.68802536737974,0.8903132121653832,-0.45534864032272837,0.0,-4686.625796691068
-0.005872737027879107,-0.006144994694983689,-0.15245781158315697,285.16149158909514,0.0,0.0,-0.8697825060999572,323.1542007676787,-0.6909102385740126,-0.7229405523510222,0.0,-4824.059623279986
-0.008202303316711354,0.0022298475958383197,0.14417019541803558,284.74648189490847,0.0,0.0,-0.852688958683569,2140.885131610811,-0.964976860789571,0.2623350112750964,0.0,-4703.960458108701
-0.008418170726780659,-0.0011766059726064683,0.15924507535972984,284.8616185392888,0.0,0.0,-0.8324670692759599,2233.0906700403184,-0.9903730266800774,-0.1384242320713492,0.0,-4686.1552464419465
0.004076346202627443,-0.007458780170800373,-0.15184660484377704,285.0412043023682,0.0,0.0,-0.9086305614620648,328.0087579598178,0.4795701414855815,-0.8775035495059261,0.0,-4933.066157927153
0.008449863869743442,0.0009218462902265236,0.05802725745317114,284.9200042020638,0.0,0.0,-0.8452340109639923,1614.0349814551657,0.9941016317345225,0.10845250473253218,0.0,-4655.743544729412
-0.003727890919934557,0.007638902361535294,0.020908434833808803,284.7376749498534,0.0,0.0,-0.8973710073213912,1384.5903661087245,-0.438575402345242,0.8986943954747404,0.0,-4995.976291318756
-0.004123275169867157,-0.007432940324902184,0.12582173703504876,284.77765947403486,0.0,0.0,-0.8264657676441084,2025.5679031672646,-0.4850911964549596,-0.874463567635551,0.0,-5005.219125093281
0.008341307775540558,0.001634804145366242,-0.10218048895085845,284.9506097141799,0.0,0.0,-0.8597204301343879,627.9358796298268,0.9813303265341832,0.192329899454852,0.0,-4623.861670175296
0.008471899560991447,-0.0006905923750469022,-0.09962230691330792,284.8218132077725,0.0,0.0,-0.8695635346486639,648.1518701540404,0.9966940659989938,-0.08124616177022378,0.0,-4611.176477071921
0.00793106533345684,-0.0030574830623307067,0.05945119962741505,284.81029612238376,0.0,0.0,-0.8320439942199963,1619.6373901353527,0.9330665098184516,-0.35970388968596545,0.0,-4707.880552683551
-0.008478955148228983,0.0005977621553103279,0.11377816140874039,284.8747108006588,0.0,0.0,-0.863704498392386,1953.8943032642542,-0.9975241350857625,0.07032495944827387,0.0,-4667.70191214825
0.003835899645466349,-0.007585240530788141,0.07935232729019928,284.5889162157871,0.0,0.0,-0.8262700816262554,1742.0611745341967,0.45128231123133516,-0.8923812389162518,0.0,-5006.681130035846
1.9704143537324953e-05,0.008499977161541522,0.00649182006435764,284.8179558604616,0.0,0.0,-0.8720746362962457,1291.6080376030484,0.0023181345338029354,0.9999973131225319,0.0,-5076.7393433731495
0.008466654248719077,0.0007521740707091755,0.16469721828686443,284.78444096877456,0.0,0.0,-0.9042585430898833,2263.9364091812113,0.9960769704375384,0.08849106714225594,0.0,-4682.632552908917
0.007761150171842846,-0.003466200803488421,0.11851622281640964,284.7485243008317,0.0,0.0,-0.8607046456773412,1981.2082239630715,0.9130764908050406,-0.4077883298221672,0.0,-4739.965217042995
-0.002679884922495043,-0.008066487265358059,-0.12104178609470564,285.1174873350668,0.0,0.0,-0.9025474231338935,512.4418350842146,-0.31528057911706386,-0.9489985018068304,0.0,-4998.7885632923035
0.00801185406164023,0.0028390481670762407,0.15081362071187246,284.8723012000215,0.0,0.0,-0.9050609920926906,2184.5083012631085,0.942571066075321,0.3340056667148518,0.0,-4724.548496497656
0.00434376037430955,-0.007306281257286649,-0.17589047642106798,285.15414482945647,0.0,0.0,-0.9029388538872576,176.59156088458306,0.5110306322717117,-0.8595625008572527,0.0,-4912.902857046902
-0.008099154596025587,-0.0025794756889099776,0.09236271433660823,284.8629071271226,0.0,0.0,-0.8615999712803509,1822.8028130799992,-0.9528417171794809,-0.3034677281070562,0.0,-4700.301011712854
-0.0035074758011742284,-0.007742584420216367,-0.2034980669853396,285.35963668940246,0.0,0.0,-0.8515540239274153,10.000319022885582,-0.4126442119028504,-0.9108922847313372,0.0,-4945.481849566633
0.0034707425702549346,-0.007759120182792646,0.16649964437233863,284.51391481722226,0.0,0.0,-0.8609193418128913,2277.9041519132766,0.40832265532410994,-0.9128376685638406,0.0,-5046.310584320608
-0.005639101779905848,-0.006360073200511351,0.1629621906760629,284.71187471044624,0.0,0.0,-0.8268471481044645,2257.1235852449354,-0.6634237388124526,-0.7482439059425119,0.0,-4925.063898175362
0.0073901127271539715,0.00419955162844284,-0.16374831449113011,285.0210974234097,0.0,0.0,-0.8851973086184175,255.20021852832815,0.8694250267239966,0.49406489746386345,0.0,-4698.471579459058
0.0049338986524003646,-0.006921462568550225,0.05703205312811907,284.58091740403285,0.0,0.0,-0.8261260592342313,1607.2374841397389,0.5804586649882781,-0.8142897139470853,0.0,-4942.05108737218
0.008148874098961431,-0.0024178194554754385,0.002434166825720535,284.7901502841584,0.0,0.0,-0.8273174332984207,1269.8938433014816,0.9586910704660506,-0.28444934770299274,0.0,-4671.254098968174
-0.006293937499669449,0.0057128233606733095,0.19613082449004418,284.6577403146172,0.0,0.0,-0.8410122867157726,2460.0565539264685,-0.7404632352552293,0.6720968659615658,0.0,-4886.374711890643
-0.008334002038193743,-0.0016716488947690412,-0.12851113119013272,284.9103386824161,0.0,0.0,-0.8596286571179941,469.2243290012116,-0.9804708280227932,-0.1966645758551813,0.0,-4617.539264201409
0.007705627167973559,-0.0035879395128942454,-0.02863284119617379,284.7623916292843,0.0,0.0,-0.8410641417955235,1084.5187307024125,0.9065443727027716,-0.42211053092873474,0.0,-4705.716030356874
0.008365361714023412,0.0015068919647908759,0.11876753503097656,284.8797954102546,0.0,0.0,-0.8854138734343807,1985.0392654732386,0.984160201649813,0.17728140762245598,0.0,-4680.693087513051
0.0029261344965234998,-0.007980459692790584,-0.07305347872446225,284.95077103705063,0.0,0.0,-0.8971800964206648,810.1388447920525,0.3442511172380588,-0.9388776109165392,0.0,-5003.256400239229
0.0048301242764848575,-0.006994276193696646,-0.18793495874895447,285.17411092195675,0.0,0.0,-0.8999904117819328,105.06373670857354,0.5682499148805714,-0.8228560227878406,0.0,-4882.498920766318
0.0028535426309939283,0.00800670309510102,-0.03107873463825886,285.0531608965128,0.0,0.0,-0.8373309715933911,1069.6496749937812,0.33571089776399154,0.9419650700118847,0.0,-5017.073007875829
0.00254202621369571,0.008110986544735717,0.09346880545249361,284.7632260790671,0.0,0.0,-0.9059617196860436,1829.2879925336922,0.29906190749361294,0.9542337111453785,0.0,-5060.72426579878
-0.0031785059872017447,-0.00788334317972538,0.07968088096760348,284.82351796257257,0.0,0.0,-0.8367855774391313,1746.9469728064944,-0.37394188084726404,-0.9274521387912211,0.0,-5034.851484022072
-0.0009642489328563803,0.008445130194111002,0.16593519334693094,284.4906458684061,0.0,0.0,-0.8875798674197128,2274.8104041008246,-0.11344105092428003,0.9935447287189414,0.0,-5113.856894519716
-0.004109419498672851,0.007440609611041786,-0.11017184259162145,284.9880559000073,0.0,0.0,-0.8291066382705296,580.8014261922045,-0.48346111749092363,0.8753658365931511,0.0,-4942.598453832849
0.0031352635815753475,-0.00790064062428151,0.09402341094068037,284.67698672001046,0.0,0.0,-0.8272836787779076,1832.2054705277542,0.3688545390088644,-0.929487132268413,0.0,-5040.362177962333
0.006795976690251228,0.005105360009398159,-0.10954039687740101,285.089622119026,0.0,0.0,-0.8465362360266465,583.5796847872816,0.7995266694413209,0.6006305893409598,0.0,-4764.344239167803
-0.008090418167336046,0.002606747758729037,0.04703503764932568,284.78252434416333,0.0,0.0,-0.9065340339352558,1541.6992745912735,-0.9518139020395348,0.3066762069092985,0.0,-4689.001286631583
-0.0052853102136541825,0.006656988504229431,-0.05606007694386084,284.8049605047678,0.0,0.0,-0.8601474865542281,915.0034400082011,-0.6218012016063744,0.7831751181446388,0.0,-4889.839328451229
-0.003338319931443855,0.007817008381428582,0.16542524903123493,284.52247470069057,0.0,0.0,-0.8764619630418377,2271.1112500663776,-0.39274352134633583,0.9196480448739508,0.0,-5051.51349552024
0.008013389349761861,-0.0028347118247051507,-0.07384731876151132,284.82065026587793,0.0,0.0,-0.8638450736313704,804.8108279923142,0.9427516882072776,-0.3334955087888412,0.0,-4664.123776650746
-0.006471332989784061,0.005511066079746504,-0.15349777797634206,285.00144887722223,0.0,0.0,-0.8261475050200938,312.8587048489154,-0.7613332929157718,0.6483607152642945,0.0,-4778.781180846552
-0.0008027272657682735,-0.008462010927480074,-0.20137972548517713,285.28972264027493,0.0,0.0,-0.8663582473794509,22.617890402986212,-0.09443850185509099,-0.995530697350597,0.0,-5017.047095684155
-0.008313096178614829,-0.0017726905892172951,-0.14126436297240846,284.99834408734154,0.0,0.0,-0.852266861465592,389.9452059985395,-0.9780113151311561,-0.20855183402556413,0.0,-4616.2371067453705
-0.006932594370709144,-0.0049182451434644755,0.03072684820152069,285.012072492115,0.0,0.0,-0.8875019412886204,1441.7998701339832,-0.8155993377304875,-0.578617075701703,0.0,-4790.554785471051
-0.006920650367223565,-0.004935037841257991,-0.010519977688042054,285.0888708559837,0.0,0.0,-0.9056669735083741,1189.959267550816,-0.8141941608498312,-0.5805926872068224,0.0,-4780.496229074482
0.005635776163678141,0.006363020276010231,0.0945770716442795,284.90294091083933,0.0,0.0,-0.8958364772916724,1836.296669765814,0.6630324898444871,0.7485906207070859,0.0,-4906.94501995548
-0.007691560294045541,-0.0036179967168395956,0.18365822504169146,284.82734563629583,0.0,0.0,-0.8262660533487229,2383.2985906431077,-0.9048894463582988,-0.42564667256936417,0.0,-4763.991197480538
-0.008337833723712957,0.0016524311773005653,0.15437896540999288,284.7662724543083,0.0,0.0,-0.8443062531562872,2203.950125617804,-0.9809216145544655,0.19440366791771355,0.0,-4693.047572701254
0.006202618571906246,0.005811843326470848,0.12218464739778592,284.78728193509164,0.0,0.0,-0.9045264493527474,2008.6610573158064,0.7297198319889701,0.6837462737024527,0.0,-4873.485192255696
-0.008368732616420863,0.0014880572552336993,-0.1915350729268678,284.9689148120455,0.0,0.0,-0.8260193746360125,86.15409640039685,-0.9845567784024543,0.17506555943925872,0.0,-4597.097639454649
-0.004392391199146618,-0.007277149136417319,-0.02126647997613451,285.02677247070307,0.0,0.0,-0.900073581385337,1129.6363962529665,-0.5167519057819551,-0.8561351925196846,0.0,-4951.800044893909
0.0023267916569882693,0.00817533122172856,-0.07018488759369193,285.09282614288446,0.0,0.0,-0.8269935526301491,826.2873297091414,0.27374019493979634,0.9618036731445364,0.0,-5023.199082703272
-0.00582847106085314,0.006186996451655478,0.10618038313958797,284.6339679130588,0.0,0.0,-0.8968989611740508,1909.6099195657969,-0.6857024777474282,0.7278819354888797,0.0,-4896.604749151575
-0.005041994638403383,-0.006843119907345738,0.13265974665200367,284.71880639136987,0.0,0.0,-0.8266255308153163,2071.8097919467027,-0.5931758398121627,-0.8050729302759692,0.0,-4955.774305493439
-0.007901340405408564,-0.003133499608721541,-0.08503154282209724,285.02818577568337,0.0,0.0,-0.8932588735343705,735.7651141936285,-0.9295694594598309,-0.3686470127907695,0.0,-4671.982932060258
-0.006489214844824479,0.0054899991527968045,-0.1987092425869712,285.16772754891,0.0,0.0,-0.8334733993103478,38.91083622135327,-0.7634370405675857,0.6458822532702122,0.0,-4765.239873623323
-0.0013013366766666278,0.00839979302447163,-0.03515949233509383,284.8713446107334,0.0,0.0,-0.8522222049753193,1040.751817006443,-0.15309843254901503,0.9882109440554859,0.0,-5055.253748249528
-0.007514029191099535,0.003973583435050041,0.01818648207580567,284.7251433752774,0.0,0.0,-0.9090970373007294,1368.180808657415,-0.884003434247004,0.4674804041235342,0.0,-4736.0359884945
-0.008355464358100945,0.001560838031476933,0.11654580256411537,284.8392653851324,0.0,0.0,-0.8667161022191562,1972.6909138237147,-0.9829958068354051,0.18362800370316856,0.0,-4681.104853301152
-0.0015933784693869173,0.00834932003538577,-0.1661062899745528,285.2248109557287,0.0,0.0,-0.8383248764808069,237.38760800428267,-0.1874562905161079,0.9822729453395022,0.0,-5014.973359035919
0.0014688377727381777,0.008372127304178882,-0.1486008935847902,285.2107209104572,0.0,0.0,-0.8412449987109217,346.67245695047444,0.1728044438515503,0.9849561534328096,0.0,-5021.992462216282
-0.0011672943726108464,0.008419466957454673,0.040252034072159715,284.6811217409998,0.0,0.0,-0.89677050420581,1503.2543446524555,-0.1373287497189231,0.9905255244064322,0.0,-5077.501284594762
-0.007087506056774111,0.004692255096985915,-0.10803534620292264,284.84880824652015,0.0,0.0,-0.8419309300354604,591.2369629545033,-0.8338242419734248,0.5520300114101077,0.0,-4740.099245855164
0.004775607698272299,0.007031612269757368,-0.03549686335330346,285.11346463845143,0.0,0.0,-0.8298270937069827,1038.5932678410184,0.561836199796741,0.8272485023243962,0.0,-4926.586088518556
0.006999105583278405,0.004823123576492839,-0.00568581084151501,285.0418700519683,0.0,0.0,-0.8314734413644648,1220.3355225188627,0.8234241862680476,0.5674263031168045,0.0,-4775.14248672099
-0.0008598891671740557,-0.008456393475955143,-0.19582686710621625,285.32370396993593,0.0,0.0,-0.8696476584069657,57.171824073290345,-0.10116343143224184,-0.994869820700605,0.0,-5017.958106896893
-0.0034367445022087813,-0.007774238691121963,-0.035624852941761515,285.079917846098,0.0,0.0,-0.9024585627300385,1040.0273137712238,-0.40432288261279775,-0.9146163166025838,0.0,-4993.512235527479
0.008105526712965105,0.0025593820944534865,-0.1155049566934878,284.95646096285066,0.0,0.0,-0.8635333198671494,547.7186773507191,0.9535913779958947,0.3011037758180572,0.0,-4643.902798154589
0.006841890478538823,0.005043662823750196,-0.07598455028127041,284.9929087384397,0.0,0.0,-0.831745330705493,794.8013798028118,0.8049282915928027,0.5933720969117877,0.0,-4769.5336971171855
-0.008496431001832134,-0.0002462929781902148,0.10067785879736227,284.8942624814245,0.0,0.0,-0.8679556616915624,1874.9982431634094,-0.9995801178626039,-0.028975644492966447,0.0,-4662.380551556537
0.008487839707524567,-0.0004545075349972563,-0.18947684267910592,285.00580019766073,0.0,0.0,-0.9092880048532919,94.16709674280017,0.9985693773558314,-0.05347147470555956,0.0,-4585.42279691228
-0.0035867533364399708,-0.007706179371357557,0.11583840726958286,284.7156426512998,0.0,0.0,-0.8271176199379935,1972.453304660404,-0.4219709807576436,-0.9066093378067713,0.0,-5027.732413287637
0.007677792039773161,-0.003647123441014288,0.074956624455872,284.7365691666762,0.0,0.0,-0.8360186248050884,1713.4185241480243,0.9032696517380189,-0.4290733460016809,0.0,-4736.116045827999
0.0046670411229946885,-0.007104134511414919,-0.0026685196531235356,284.74740431220994,0.0,0.0,-0.8463937221898826,1246.1106008187814,0.5490636615287868,-0.8357805307546963,0.0,-4941.636857761805
-0.005882810602685674,-0.006135351612819678,0.1991475947029729,284.58298108941,0.0,0.0,-0.8363335246693698,2474.4870166008304,-0.692095365021844,-0.7218060720964327,0.0,-4917.671604996009
0.0008024088540137016,0.008462041126761346,-0.12958762773460344,285.18101767172476,0.0,0.0,-0.8313376681452003,461.54142132469235,0.09440104164867076,0.9955342502072171,0.0,-5036.311502748645
0.00293483644830168,-0.007977263629949808,0.055229914453385015,284.726873630157,0.0,0.0,-0.8288707966698634,1592.4300048358532,0.3452748762707859,-0.9385016035235068,0.0,-5037.363296245643
-0.006652285816954218,-0.0052912279680193105,0.0020609032797682114,285.0178939978938,0.0,0.0,-0.9000281284726769,1270.2762861188583,-0.7826218608181432,-0.6224974080022718,0.0,-4806.054255376783
0.005220027605127282,-0.0067083017077132975,0.14950485896438656,284.58784103309733,0.0,0.0,-0.8601016379451996,2174.3510428994664,0.6141208947208566,-0.7892119656133291,0.0,-4949.167491455744
-0.007229300118030673,-0.0044707068572477126,-0.12365339733027585,285.14659875389157,0.0,0.0,-0.8775618655571739,501.3368397436852,-0.8505058962389026,-0.5259655126173779,0.0,-4723.546175280902
0.0042106947732241905,-0.007383769330548083,-0.10517687693888311,285.0133401910669,0.0,0.0,-0.905307082858988,612.2273960009154,0.4953758556734342,-0.8686787447703627,0.0,-4938.807028615161
-0.0038356736058184062,0.00758535483610543,0.19960539943910025,284.5526729157593,0.0,0.0,-0.8522070332707665,2477.8166429389125,-0.4512557183315772,0.8923946866006388,0.0,-5038.9547098783405
0.0010143079370727643,-0.008439264150907424,0.05635257950285574,284.71583958060285,0.0,0.0,-0.8330441978441795,1600.2188204531537,0.11933034553797225,-0.9928546059891087,0.0,-5083.853502943535
-0.006836894216869495,0.005050433394010504,-0.13362849812309005,284.9059932955235,0.0,0.0,-0.8303197685045346,434.3545161657021,-0.8043404961022935,0.594168634589471,0.0,-4754.484452908237
-0.007964251700519622,-0.0029699654628918357,-0.1354060818448267,284.99445721881654,0.0,0.0,-0.861834018508172,425.8343115031333,-0.9369707882964261,-0.34940770151668654,0.0,-4652.389265444078
0.007608674813708777,-0.0037892040825526574,-0.19567240699008873,285.08376427339954,0.0,0.0,-0.9078796133080408,58.63956800984826,0.8951382133775031,-0.44578871559443023,0.0,-4669.942659692464
-0.006516460299708995,0.005457631827296209,-0.15280600122311608,284.9903428737815,0.0,0.0,-0.826221142845191,318.39975745974,-0.7666423882010582,0.6420743326230833,0.0,-4775.397425354417
0.00541920375821104,-0.006548452536820538,0.06031714833147525,284.67129687223616,0.0,0.0,-0.8260422778015735,1626.751179807911,0.6375533833189458,-0.7704061808024162,0.0,-4912.333950256516
0.0006988694200272208,0.00847122078178528,0.19657350259608605,284.46632558224997,0.0,0.0,-0.876814769845606,2464.2634240669895,0.08221993176790832,0.9966142096217977,0.0,-5124.764780844664
0.007941902934287705,-0.003029220655936497,-0.04120912479128935,284.8314791270475,0.0,0.0,-0.8451630437208345,1005.0555863006623,0.9343415216809065,-0.3563789006984114,0.0,-4679.826498528401
-0.007272494196070268,0.004400094109007702,-0.0534834171437622,284.8768444908255,0.0,0.0,-0.8766345054765561,926.2359268304674,-0.855587552478855,0.5176581304714943,0.0,-4738.557564141432
-0.006047026163467343,-0.005973564645866105,0.09850184944977139,284.85304556204784,0.0,0.0,-0.8403685476696685,1859.1958104904857,-0.7114148427608638,-0.7027723112783653,0.0,-4878.738450921929
0.005937932101465483,0.006082019595363511,0.13037666522544714,284.7702818926115,0.0,0.0,-0.9075080116272553,2055.415623725335,0.6985802472312332,0.7155317171015895,0.0,-4895.252786102862
-0.008453020059364217,-0.0008924415252475501,0.20039842651453724,284.8101729719887,0.0,0.0,-0.8260252376143348,2484.4554628516375,-0.9944729481604961,-0.10499312061735883,0.0,-4693.615795869768
0.005528048046279063,-0.006456832412106594,0.009310085094042686,284.7531022609369,0.0,0.0,-0.836425941147601,1313.7330331563446,0.6503585936798897,-0.7596273426007757,0.0,-4891.392655543913
-0.0037664096931572717,-0.007619984122246644,-0.12362691699002536,285.21103647719394,0.0,0.0,-0.8977747097147533,498.1835454408991,-0.44310702272438485,-0.896468720264311,0.0,-4955.4405159802
0.004816400428962556,-0.0070037337833393784,0.20201841202881596,284.58149278825505,0.0,0.0,-0.8901931343368297,2496.727638660035,0.56663534458383,-0.823968680392868,0.0,-4987.926791721909
-0.00566614299749661,0.0063359942812411165,-0.2027272348411583,285.183563438906,0.0,0.0,-0.8389293634987917,13.166381607081819,-0.666605058529013,0.7454110919107195,0.0,-4825.090352477282
-0.0077594457113595,0.003470014733753255,0.16073338972687826,284.7302904223426,0.0,0.0,-0.8489078311463267,2242.5577458328808,-0.912875966042294,0.40823702750038293,0.0,-4751.452879439581
0.0010255077565435556,0.008437910513940581,0.04744897988999544,284.77612420203764,0.0,0.0,-0.8919296351135179,1548.1443147604764,0.12064797135806535,0.9926953545812448,0.0,-5081.325603599989
-0.00849919032970752,0.00011731896439277007,-0.005891317504697541,284.8317759346655,0.0,0.0,-0.9097726927379021,1219.924513065439,-0.9999047446714728,0.013802231105031773,0.0,-4633.503223317421
-0.004705485517726351,-0.007078729126225101,-0.1590525096675398,285.22040162525894,0.0,0.0,-0.8729225384455287,279.66926015127245,-0.5535865314972177,-0.8327916619088354,0.0,-4897.485834398797
0.0013897125205346065,0.00838562455099615,0.043785235160074126,284.8360847599387,0.0,0.0,-0.8883849018368526,1523.245130205393,0.16349559065113017,0.9865440648230762,0.0,-5074.98570262224
0.008421986024833667,0.0011489784147260618,0.09156927481087065,284.88503753831895,0.0,0.0,-0.8666594769870711,1819.144769613114,0.9908218852745491,0.13517393114424256,0.0,-4667.607042743507
0.004623020538186609,0.007132859251625872,0.08412521715127144,284.85898834213606,0.0,0.0,-0.8955088416604927,1769.557609422319,0.5438847691984245,0.8391599119559849,0.0,-4967.413497658266
0.008490001112488536,-0.0004121663619746486,0.005102727148851183,284.8387250267264,0.0,0.0,-0.8260185091925539,1286.2375956153548,0.9988236602927689,-0.0484901602323116,0.0,-4637.403594438325
-0.00849629243513292,-0.00025102760147663035,-0.16566422110022325,284.94575755651545,0.0,0.0,-0.8341211255839854,242.59589766489216,-0.9995638158979906,-0.029532658997250626,0.0,-4590.937259952915
0.0053071893035938865,0.006639558847982194,0.15083061823152363,284.6710113372024,0.0,0.0,-0.9099076472862224,2179.6011742986952,0.624375212187516,0.7811245703508464,0.0,-4943.935212771397
0.0016158467568379762,-0.008345000854308896,0.054617577737075124,284.7510518865926,0.0,0.0,-0.8320309166044584,1593.3437674971515,0.1900996184515266,-0.9817648063892818,0.0,-5073.752835894462
-0.004941776959122328,-0.006915839825089047,-0.17682147165376372,285.1668018692569,0.0,0.0,-0.860125715105694,172.98965966724552,-0.5813855246026267,-0.8136282147163584,0.0,-4878.836076555254
0.006799398186361544,-0.005100802319567321,0.10581618826926806,284.7456315183751,0.0,0.0,-0.8445352435739097,1906.795600042963,0.7999291983954757,-0.6000943905373318,0.0,-4821.839551171775
-0.006179262620198713,-0.005836669724304687,-0.10662007600880567,285.0914210182739,0.0,0.0,-0.8948560001987429,603.5480337145899,-0.7269720729645545,-0.6866670263887866,0.0,-4813.859720010767
-0.00778675547665355,0.003408289768609172,-0.16497659021681302,284.96617675669677,0.0,0.0,-0.8268436513087392,247.71672467125646,-0.9160888796062999,0.4009752668951967,0.0,-4661.481700441748
-0.0033365192877167467,-0.007817777116463103,0.11767429888333511,284.6536037460585,0.0,0.0,-0.8266114149681894,1977.0419468527957,-0.3925316809078525,-0.9197384842897767,0.0,-5038.775460331753
-0.0043096644660896456,0.007326444716895382,0.19142557638758026,284.5304585330212,0.0,0.0,-0.8546408929416307,2428.0969892971484,-0.507019348951723,0.8619346725759273,0.0,-5013.2478885768105
-0.0019250938704430509,0.008279131209854244,0.1418089214802208,284.48748073183054,0.0,0.0,-0.8963179019297951,2125.3220427318374,-0.2264816318168295,0.9740154364534405,0.0,-5090.476967004707
-0.00825973242503743,-0.0020066938647400378,-0.11786003415078573,285.035385348808,0.0,0.0,-0.868123539162054,533.459464035093,-0.9717332264749917,-0.2360816311458868,0.0,-4627.902211316219
-0.00849636294595341,-0.000248629625406778,-0.080034896893889,284.9346738032485,0.0,0.0,-0.8833259361773267,767.8759366511964,-0.9995721112886363,-0.029250544165503295,0.0,-4613.903684291517
0.007594977402381676,0.0038165846325362287,0.15400050620243486,284.81188414937793,0.0,0.0,-0.9079216922006567,2199.1223842424833,0.8935267532213735,0.44900995676896804,0.0,-4765.025583143317
0.00842886007989739,0.0010974141212469258,-0.10620765038941125,284.93081176668034,0.0,0.0,-0.8649513926055731,604.2331864031231,0.9916305976349871,0.1291075436761089,0.0,-4613.839517976665
-0.00849938286100959,0.00010242549475810803,-0.13382278690172295,284.9758560764931,0.0,0.0,-0.8481571518095488,435.9504795144266,-0.9999273954128929,0.012050058206836238,0.0,-4599.160215182618
-0.0027630185082852103,-0.008038390928716603,-0.13955756054623591,285.2529726843842,0.0,0.0,-0.8941412450035784,398.42298316068957,-0.3250610009747306,-0.9456930504372474,0.0,-4991.065279742262
-0.0048326331164073215,-0.00699254296820572,-0.10594778760505826,285.1423221108973,0.0,0.0,-0.9012420736152228,605.2603951477589,-0.5685450725185084,-0.8226521139065552,0.0,-4904.347844039844
0.008479399938066842,0.0005914192170635333,0.00422847063928572,284.9194609771463,0.0,0.0,-0.8263789605080055,1280.9490201320064,0.9975764633019814,0.0695787314192392,0.0,-4638.264595673492
0.0068323092646289585,-0.005056634267224129,0.16641499112470834,284.69322602435324,0.0,0.0,-0.88209939868526,2276.1611997443974,0.803801089956348,-0.5948981490851916,0.0,-4835.365599873487
0.0038053558874186974,-0.0076006096183193015,0.1662043540840686,284.50325925860847,0.0,0.0,-0.8625404557881454,2272.93140497959,0.4476889279316114,-0.8941893668610942,0.0,-5031.404246546611
0.007119882568129482,0.00464298096227477,0.1379532718332108,284.74669814758215,0.0,0.0,-0.9058257166851664,2105.6392941874506,0.8376332433093507,0.546233054385267,0.0,-4803.294895288012
0.006752318141389663,-0.005162964237476379,-0.15983445791819767,285.06768001564535,0.0,0.0,-0.9099674679238239,280.09184771433246,0.7943903695752544,-0.6074075573501622,0.0,-4754.452918380452
0.005262285429664782,-0.006675204270787356,-0.1364932394354964,284.96090192076315,0.0,0.0,-0.909549206139676,420.44857007235873,0.6190924034899743,-0.7853181495043947,0.0,-4869.73868480452
-0.0061874752288690795,0.005827962790901427,0.00896219264043685,284.6601424733375,0.0,0.0,-0.9022281772533555,1312.81276451306,-0.7279382622198917,0.6856426812825207,0.0,-4844.2510807227745
-0.007729069936185586,0.00353715675671183,-0.10840808813625993,284.9533273603268,0.0,0.0,-0.8471407895675307,589.5421769751075,-0.9093023454335983,0.41613608902492116,0.0,-4682.109370802096
-0.002844631047519802,-0.008009873544787483,-0.03145144773487821,285.0531877279044,0.0,0.0,-0.8988006717957051,1064.610432774469,-0.33466247617880024,-0.942338064092645,0.0,-5017.282258601941
0.002556242696598531,0.008106517333361268,-0.03451021610194527,284.96880720869893,0.0,0.0,-0.8368845459193021,1046.612611380593,0.3007344348939448,0.9537079215719138,0.0,-5025.947033387993
-0.0013151793082363718,0.008397636773949379,-0.0623327102256884,284.96443960979826,0.0,0.0,-0.8378743260075293,876.0197803614033,-0.15472697743957314,0.9879572675234561,0.0,-5047.742797418512
0.007059763341373576,0.004733892855124397,0.02521782036794082,284.9518477086293,0.0,0.0,-0.8445054693502637,1407.7546781369142,0.8305603931027736,0.5569285711911054,0.0,-4778.240307384027
0.008303859121694042,-0.0018154678975566187,-0.05676016082401042,284.91543568390045,0.0,0.0,-0.8483927541399646,907.8612638405177,0.9769246025522402,-0.21358445853607277,0.0,-4639.843725377553
-0.008256003461674884,0.002021980919992161,-0.06553922400956536,284.8411141068816,0.0,0.0,-0.8814601268216415,855.2894974071957,-0.9712945249029274,0.23788010823437186,0.0,-4642.314561946714
-0.008236279348248634,-0.0021008813620985558,-0.044537921880141995,284.9443636823804,0.0,0.0,-0.9061276378465322,984.9228284067689,-0.9689740409704274,-0.24716251318806537,0.0,-4649.930096933986
0.0063031778461374284,-0.005702626503635174,-0.11121625999713312,284.8964748570714,0.0,0.0,-0.900074537125019,574.8698102263427,0.7415503348396975,-0.6708972357217852,0.0,-4803.206855615899
0.007512129821270098,0.0039771730598987635,0.09130409023819516,284.9905179348005,0.0,0.0,-0.8810258941770337,1816.9299287993838,0.8837799789729527,0.4679027129292662,0.0,-4755.826716789488
0.005999909834302302,0.006020887142294111,0.020474218423473023,285.0560130026945,0.0,0.0,-0.8489829358515046,1381.205569181685,0.7058717452120354,0.7083396637993071,0.0,-4861.260917888642
0.006840649414373359,0.005045345933593991,0.159047342658542,284.77390350841563,0.0,0.0,-0.9099008404657274,2230.688745103525,0.8047822840439246,0.5935701098345871,0.0,-4832.694447401422
0.008228027055045026,-0.0021329722880166694,0.060625561269177924,284.84282595386674,0.0,0.0,-0.8352215470538743,1629.4852578270825,0.9680031829464737,-0.2509379162372552,0.0,-4678.972123121271
-0.00832722637769203,-0.0017050808938786667,-0.1989654403202989,285.02075744899736,0.0,0.0,-0.8278075599337757,37.852563221528236,-0.97967369149318,-0.2005977522210196,0.0,-4599.324389813044
-0.007798643843636335,0.003380998994396937,-0.19389687974287023,285.02207382401093,0.0,0.0,-0.8271931017197571,68.26494838523712,-0.9174875110160394,0.39776458757611016,0.0,-4652.5942194596655
0.008291465206997877,-0.0018712575240045618,-0.004819968586337181,284.8316494102439,0.0,0.0,-0.8278244760844242,1229.1261420509234,0.9754664949409265,-0.22014794400053667,0.0,-4655.031489285321
-0.003483253406643897,0.007753511830461323,-0.0776720714467174,284.9194623565113,0.0,0.0,-0.8388201618319435,779.3277865647175,-0.40979451842869374,0.9121778624072144,0.0,-4980.271270736025
-0.007764432299440921,-0.0034588424461658536,0.08012799343094848,284.94395059507497,0.0,0.0,-0.8648012238720593,1748.3260008072132,-0.9134626234636377,-0.4069226407253945,0.0,-4729.355609970501
-0.002164446234058964,-0.0082198036776962,-0.10603603642637852,285.2785964935109,0.0,0.0,-0.9079766169609521,611.0930506934205,-0.25464073341870164,-0.9670357267877882,0.0,-5018.020869929194
0.005746560114686768,0.006263149914243727,0.18738155133855885,284.6144093962192,0.0,0.0,-0.9036206749624078,2402.133303732837,0.6760658958455021,0.7368411663816149,0.0,-4924.164457108445
0.0005596109659225091,0.008481558557648428,-0.08027227116108276,285.0515570714324,0.0,0.0,-0.8275753167774698,767.4395894456803,0.06583658422617754,0.9978304185468738,0.0,-5051.556376443632
-0.00831338372178211,-0.0017713416086142797,-0.08031646374239915,284.95249254115834,0.0,0.0,-0.8899489579106048,765.773347150648,-0.9780451437390718,-0.20839313042520935,0.0,-4632.55986705506
0.008498549485863116,-0.00015702431765742152,-0.1604446945606106,284.96519780890753,0.0,0.0,-0.9010678997794344,273.5059361226457,0.9998293512780135,-0.018473449136167237,0.0,-4592.104020497072
0.008438571059702861,0.0010200580720455838,-0.15467908151420887,285.0745048098397,0.0,0.0,-0.8943877282154667,310.0308872554015,0.9927730658473953,0.12000683200536279,0.0,-4599.837455708199
0.0071143845667192744,0.00465140110470239,0.1544247126950196,284.73722312702336,0.0,0.0,-0.9091957227698776,2205.1660963985837,0.8369864196140322,0.5472236593767518,0.0,-4808.190663167093
0.004025886626636329,0.007486136311173526,0.13388057788669774,284.6577077627483,0.0,0.0,-0.9099967137186543,2073.4914337933446,0.47363372078074456,0.8807219189615912,0.0,-5012.214462790347
0.0009381033005626745,0.008448074466851805,-0.08110634257171648,285.12275401651857,0.0,0.0,-0.8269873837634164,757.5239034494492,0.11036509418384405,0.9938911137472712,0.0,-5047.8803619827995
0.0046618907606776755,0.007107515355981171,0.008352607202773227,285.00148492756335,0.0,0.0,-0.8496363416231649,1305.5293985289784,0.5484577365503147,0.8361782771742553,0.0,-4944.886352331832
-0.000577827935213129,0.008480336955409692,0.19873912993094237,284.4757522648336,0.0,0.0,-0.8691722618299191,2475.8037950937046,-0.06797975708389753,0.9976867006364344,0.0,-5126.286905527514
0.006180993498484862,0.005834836704800561,0.06079943463161394,284.9176256189553,0.0,0.0,-0.8729254519392451,1629.2017204323774,0.7271757057041014,0.6864513770353601,0.0,-4858.646860372596
-0.006842663099276182,0.005042614570815827,0.11511681780488361,284.65071385699434,0.0,0.0,-0.8859554651149835,1960.3305859053453,-0.805019188150139,0.5932487730371561,0.0,-4820.740406851311
-0.006544288084142997,-0.005424232062858667,0.1681078761656363,284.6917312918458,0.0,0.0,-0.8263367685377182,2285.5999730624335,-0.7699162451932937,-0.6381449485716079,0.0,-4859.282862288092
-0.004893870308973453,0.00694982254442141,-0.20420918920638031,285.2089661628238,0.0,0.0,-0.8434041372982466,6.918887215482327,-0.5757494481145239,0.8176261816966365,0.0,-4874.357700867668
-0.008305950611903083,-0.0018058749770199498,0.0058576527077504326,284.861441509705,0.0,0.0,-0.9080759851434653,1290.1737054281941,-0.9771706602238921,-0.21245587964940585,0.0,-4656.432065711561
0.007515678761018389,-0.003970462537435292,0.09226114227619328,284.7567292711659,0.0,0.0,-0.8428191263275283,1822.0566515882545,0.884197501296281,-0.4671132396982696,0.0,-4755.7586920197955
0.007447960135587948,-0.004096082252432532,-0.041941561697621976,284.81052212846737,0.0,0.0,-0.8506735052650937,997.0596302886,0.8762306041868173,-0.481892029697945,0.0,-4725.924154332022
-0.001105461320012985,-0.008427808450003783,0.008803947767811238,284.919219176178,0.0,0.0,-0.8678111941280112,1309.8671006161533,-0.1300542729427041,-0.9915068764710332,0.0,-5069.919824646286
0.005977820649593838,-0.006042818901910723,-0.06735046020615357,284.8529917881943,0.0,0.0,-0.8784781982993431,842.3842218336597,0.703273017599275,-0.7109198708130262,0.0,-4839.30947193033
0.00632071911711517,0.00568317779438008,-0.07772352549449973,285.1029671369906,0.0,0.0,-0.8303427765583239,777.9137905497424,0.7436140137782552,0.6686091522800094,0.0,-4810.84415416409
-0.004670683977157694,0.007101740011118571,0.1731281768014117,284.5410999615611,0.0,0.0,-0.8640860074346082,2312.480589686074,-0.5494922326067875,0.8354988248374788,0.0,-4988.594669018397
-0.007232898232785962,0.004464883330408727,-0.12097706367608038,284.8088998397528,0.0,0.0,-0.836831666200371,511.912342956284,-0.850929203857172,0.5252803918127913,0.0,-4723.947314623854
0.008454806109789072,-0.0008753591525044916,0.07520545034957102,284.78530464203607,0.0,0.0,-0.8470781694183741,1716.2738453311301,0.9946830717398908,-0.10298342970641076,0.0,-4659.843530234409
0.0009800697289756926,-0.008443308790180869,-0.12649762338622622,285.1486326694714,0.0,0.0,-0.9086713584432888,480.8151007408554,0.11530232105596383,-0.9933304459036315,0.0,-5035.211978131849
-0.0047594636967035545,-0.0070425496320410085,-0.10964581475511176,285.1493112673777,0.0,0.0,-0.9000198302852557,585.2993633195733,-0.5599369054945358,-0.8285352508283539,0.0,-4907.629921408342
-0.006093772727164293,-0.005925869889701315,-0.1511470820279128,285.1805215779078,0.0,0.0,-0.8690885675763421,330.39586494674853,-0.7169144384899168,-0.6971611634942723,0.0,-4808.303166515432
0.008414609084950977,0.001201812775543885,0.12940360247682506,284.91209923772647,0.0,0.0,-0.890101575553647,2049.3683490253857,0.9899540099942324,0.1413897382992806,0.0,-4678.514105251294
-0.007284823033119303,0.004379652198078574,-0.0968144177972507,284.88820298652354,0.0,0.0,-0.8495738116418832,664.6362854576048,-0.8570380038963885,0.5152531997739498,0.0,-4725.839178449186
-0.008422122565177756,-0.0011479771326658383,0.2045096990504738,284.7299497471966,0.0,0.0,-0.8263433604040648,2505.7788970387705,-0.9908379488444418,-0.1350561332548045,0.0,-4697.894125859896
0.0028575476474114276,-0.008005274601334636,-0.06981427068312135,285.0110833957321,0.0,0.0,-0.8959155299559114,830.2454520533867,0.3361820761660503,-0.9417970119217219,0.0,-5006.541251144306
-0.007034101155446179,-0.0047719410028782576,0.1583430180565146,284.7842971005968,0.0,0.0,-0.8262966736959783,2226.832790085767,-0.8275413124054327,-0.5614048238680303,0.0,-4816.159438692523
-0.00016689541284435635,-0.008498361366826638,-0.16652926365754184,285.21554346156154,0.0,0.0,-0.8906617860704473,235.49259778208003,-0.019634754452277216,-0.9998072196266632,0.0,-5030.151786691233
0.00439337983173369,-0.007276552319204176,0.19740583257456343,284.52717225931167,0.0,0.0,-0.8853866682035311,2466.989736035777,0.5168682154980812,-0.856064978729903,0.0,-5010.415329482279
-0.0065033441084736045,-0.005473254553442737,0.04233537137834076,285.00545368162966,0.0,0.0,-0.87726450652434,1517.3451215681027,-0.7650993068792475,-0.6439123004050279,0.0,-4828.792412639472
-0.00214197078737319,-0.008225689098552163,0.17131542167176853,284.4945485884843,0.0,0.0,-0.8387335772199193,2306.1814223983397,-0.2519965632203753,-0.9677281292414308,0.0,-5093.021676242112
-0.00721337466961064,-0.004496356956005563,-0.1441082832098606,284.969834830549,0.0,0.0,-0.8646335998835759,374.7009452291426,-0.8486323140718399,-0.528983171294772,0.0,-4719.4590080913995
0.008241630835479817,0.0020797887324601654,0.16593043846128339,284.78476934468017,0.0,0.0,-0.9074313683809037,2271.7941247393014,0.9696036277035078,0.24468102734825475,0.0,-4705.860196777449
0.00807934711669729,-0.0026408616336179363,0.06838420878553633,284.7580802621145,0.0,0.0,-0.8367604040674557,1672.653406673287,0.9505114254937987,-0.3106896039550513,0.0,-4695.819316047428
0.007764681121588948,0.0034582838345110166,0.19129913371009907,284.73409355863896,0.0,0.0,-0.9090856229554439,2426.6480061138445,0.9134918966575232,0.4068569217071784,0.0,-4759.158481910718
-0.0011742760986286377,0.008418496044079935,0.03858304101252136,284.72762000507396,0.0,0.0,-0.8960045310761369,1494.1609369262392,-0.13815012925042797,0.9904112993035217,0.0,-5076.953945975485
-0.006325779992533996,0.005677544142149544,0.18136695901137886,284.57842511403373,0.0,0.0,-0.8487104884845634,2365.5351265679374,-0.7442094108863524,0.6679463696646523,0.0,-4879.966463236646
0.001618654172421886,0.008344456763031445,-0.1530387317095675,285.2376184411526,0.0,0.0,-0.8441224198129939,319.4575559226897,0.19042990263786894,0.9817007956507582,0.0,-5017.984867037707
0.00752631405058909,-0.0039502654103117235,0.06631983984278664,284.74223298107285,0.0,0.0,-0.8318260357029501,1662.9856148427878,0.8854487118340105,-0.46473710709549687,0.0,-4747.824582395755
0.008385271098964382,0.0013918435964118529,0.029338542121335076,284.88550183021607,0.0,0.0,-0.8336736125879406,1434.6327550609817,0.9865024822311037,0.16374630546021798,0.0,-4654.668971301718
-0.008089485265808615,-0.0026096413803941166,-0.16682874004043036,285.0710525404121,0.0,0.0,-0.8417946273223487,234.20727836852728,-0.9517041489186606,-0.3070166329875431,0.0,-4631.715123434894
-0.00658403849418242,0.005375912676664689,0.037457217285327,284.675925412061,0.0,0.0,-0.9097429210351733,1486.3944642715687,-0.7745927640214612,0.632460314901728,0.0,-4821.052159287714
-0.00107014193843811,-0.008432365992507438,0.17870289260273467,284.55940676904373,0.0,0.0,-0.8467953980821734,2353.528648870013,-0.1258990515809541,-0.9920430579420514,0.0,-5115.970427180019
-8.291886071943378e-05,-0.00849959554699734,-0.17163387144195977,285.27872489509053,0.0,0.0,-0.888193912251705,201.22606328693882,-0.009755160084639267,-0.9999524172938046,0.0,-5028.910016364476
0.0027503301403680033,-0.008042741082428511,-0.17942468187783076,285.1917515276567,0.0,0.0,-0.8957394674802359,155.45702158896302,0.32356825180800036,-0.9462048332268835,0.0,-4980.795248741347
-0.0016258507367127582,-0.008343057555952169,-0.11400689844616521,285.19371809082185,0.0,0.0,-0.9071758858388249,556.5724370447688,-0.19127655726032447,-0.9815361830531963,0.0,-5028.314625946472
-0.0060252410207286815,-0.005995537560730348,-0.1756230905583571,285.1343009630799,0.0,0.0,-0.8540857323836291,178.5671262486286,-0.7088518847916095,-0.7053573600859232,0.0,-4806.794372238245
-0.005307386399258718,-0.006639401298984991,-0.16414047258502196,285.1547728542756,0.0,0.0,-0.8659765811478493,252.38690099317077,-0.6243983999127903,-0.7811060351747048,0.0,-4859.418033035279
0.008402915617369461,0.0012810187849397025,-0.035084616962570814,284.8999352591,0.0,0.0,-0.8290962973879935,1039.4926532941233,0.988578307925819,0.15070809234584734,0.0,-4635.580742789002
0.008130517480103482,0.002478847616480641,-0.11913311822275634,285.00712889401365,0.0,0.0,-0.8662772381626009,529.4746651160381,0.9565314682474683,0.29162913135066365,0.0,-4640.458378197608
-0.007856545061607002,-0.0032441793561606056,-0.16787278464883768,285.0197956571852,0.0,0.0,-0.8439317458308393,225.5912312892606,-0.9242994190125884,-0.3816681595483065,0.0,-4654.0560171818815
0.0073962466470766635,0.004188739134346663,-0.045593025448574076,285.04228753591667,0.0,0.0,-0.8267044415408302,975.0178579152312,0.8701466643619603,0.4927928393349015,0.0,-4729.619429179543
-0.00596747838675792,-0.0060530324386688285,0.00803445225804797,285.13841552347714,0.0,0.0,-0.8935898250548804,1307.4076083611023,-0.7020562807950493,-0.7121214633728034,0.0,-4860.287055334497
-0.004054619552957052,-0.0074706131127758426,-0.18094969380764372,285.31175090527904,0.0,0.0,-0.8626100493217831,149.0314549734624,-0.47701406505377086,-0.8788956603265696,0.0,-4926.333857139545
0.004020559722232092,-0.0074889985658941755,0.1590642608931774,284.45578181123017,0.0,0.0,-0.8591930437955155,2230.8533813742256,0.47300702614495194,-0.8810586548110794,0.0,-5019.232092728507
0.0013414306991146724,0.008393483405563671,-0.06739184540572937,285.0276231629021,0.0,0.0,-0.8289890635618058,842.719148297862,0.15781537636643203,0.9874686359486672,0.0,-5045.960756060928
0.007888823581224766,-0.003164879540253007,-0.20457115007861734,285.06862250814265,0.0,0.0,-0.9070820022447693,2.0827097906069323,0.9280968919087959,-0.3723387694415302,0.0,-4641.114967356843
-0.00047188833083868783,0.008486891150663964,-0.11834231444080669,285.1835447921366,0.0,0.0,-0.8267340565258045,535.0238818243616,-0.05551627421631621,0.9984577824310544,0.0,-5041.893518005646
-0.008436677084299621,-0.001035605994214809,0.11479761106292505,284.9107497387671,0.0,0.0,-0.8551636046617802,1964.372977732444,-0.9925502452117201,-0.12183599931938928,0.0,-4672.33072378693
-0.007881282500117638,0.003183612123569626,0.1177654426866109,284.7544063199191,0.0,0.0,-0.8742748616783671,1978.762157133572,-0.9272097058961926,0.37454260277289714,0.0,-4728.319757542891
0.0064398112349893155,-0.005547867271096651,0.0946308970493657,284.69292089955877,0.0,0.0,-0.83695809850247,1835.2483134906056,0.7576248511752135,-0.6526902671878413,0.0,-4847.830794605111
0.0055253105120402525,-0.006459175159843359,-0.13686809292984786,284.9699399513773,0.0,0.0,-0.909314296546682,415.6809638826688,0.650036530828265,-0.7599029599815716,0.0,-4852.358395919824
0.007414922928855711,0.004155588762032384,-0.0118159896209169,285.115233799592,0.0,0.0,-0.8282627101354896,1183.2686985943626,0.8723438739830248,0.4888927955332217,0.0,-4736.996969273856
-0.0036086480226505983,-0.007695950847596412,0.06095114958370304,284.9167411792386,0.0,0.0,-0.8480262979192097,1630.8499363287808,-0.424546826194188,-0.9054059820701661,0.0,-5012.0471440914
0.003581268537215804,0.0077087298346970356,0.07471132102661146,284.8468559800985,0.0,0.0,-0.8953780564806,1714.4728588718035,0.4213257102606828,0.9069093923172983,0.0,-5016.937744947502
0.008291605709402614,0.0018706348547490508,-0.09270514495268199,285.00393863073367,0.0,0.0,-0.8527340372312375,686.0369640285825,0.9754830246356014,0.22007468879400596,0.0,-4631.438350144546
0.0042297141247849765,-0.007372890777883155,0.16005252160536934,284.52393039759767,0.0,0.0,-0.8609784766916748,2234.407550940528,0.49761342644529133,-0.8673989150450769,0.0,-5008.988506672114
-0.00800583763435435,-0.0028559698479422987,0.17530691335413504,284.80071576089773,0.0,0.0,-0.8262649302628468,2330.002817828616,-0.9418632511005117,-0.33599645269909395,0.0,-4731.706753259006
-0.006733724857687301,0.0051871909104026755,-0.1728464077315763,285.0285825422344,0.0,0.0,-0.8265610660446417,198.96075039578034,-0.7922029244338001,0.6102577541650206,0.0,-4752.488965203586
-0.003620760926654766,-0.007690259443738562,-0.19782622219314666,285.29454343266065,0.0,0.0,-0.8543862668648464,40.06969751960522,-0.4259718737240901,-0.9047364051457131,0.0,-4942.085775724757
0.006014884457853838,-0.006005927485298865,0.0537998701536814,284.63751907012625,0.0,0.0,-0.8260332963548698,1586.3355492791657,0.7076334656298633,-0.7065797041528076,0.0,-4869.106257965741
0.0071352556512023265,-0.004619321031492105,0.13889968675951878,284.69211357544424,0.0,0.0,-0.8672977284392154,2109.5564157526646,0.8394418413179207,-0.5434495331167182,0.0,-4802.214223438111
0.004056043217996595,0.007469840253562577,-0.07648188153971103,285.1513691220661,0.0,0.0,-0.826204497279241,788.7338364871817,0.47718155505842297,0.8788047357132444,0.0,-4954.29148675171
-0.007332336966240332,0.004299631916048807,-0.14476311029168515,284.9193124535078,0.0,0.0,-0.8291981429273412,368.98681399358685,-0.8626278783812155,0.5058390489469184,0.0,-4708.745299864401
-0.0071287750974298085,-0.0046293158900926855,-0.1186675631565526,285.11282641842445,0.0,0.0,-0.8815373515151674,532.2632103314149,-0.8386794232270363,-0.5446253988344335,0.0,-4733.673764128788
0.0029877023914086946,0.007957614870070729,-0.025679116989724193,285.031605654894,0.0,0.0,-0.8392884471344079,1099.4802986794025,0.35149439898925816,0.9361899847142033,0.0,-5013.749223298474
0.00821341273948533,-0.0021885728616749486,-0.01538413013886275,284.78930835489285,0.0,0.0,-0.831064719744816,1162.521936594969,0.9662838517041565,-0.25747916019705275,0.0,-4660.0425783422925
-0.007960888233475735,-0.002978969374482997,0.03385629690016814,284.91806118266476,0.0,0.0,-0.8948601796500032,1465.08227874329,-0.9365750862912627,-0.3504669852332937,0.0,-4698.12732413426
0.0039899499035539535,0.0075053514086370265,-0.0017370505016537918,284.9966591443894,0.0,0.0,-0.8473048441926477,1244.3874144373904,0.46940587100634745,0.8829825186631796,0.0,-4977.583538497031
-0.008096647141934452,0.0025873355134200687,0.17540469492922314,284.7853305868828,0.0,0.0,-0.8376392976424911,2328.8579874227335,-0.9525467225805236,0.30439241334353745,0.0,-4722.827882373009
-0.008194669338282778,0.002257741002907133,0.193473291891014,284.69524303694124,0.0,0.0,-0.8300991866787377,2444.46038834889,-0.9640787456803268,0.26561658857730974,0.0,-4717.950424292202
-0.002067043592033471,-0.008244836613822823,-0.09504450056533136,285.0886349444536,0.0,0.0,-0.909637990049768,676.3093144709155,-0.2431815990627613,-0.9699807780968025,0.0,-5023.4798482918895
0.006516363778857497,-0.005457747071969721,-0.16216478689652758,285.05427274667295,0.0,0.0,-0.9099650889393043,259.4399185180241,0.7666310328067643,-0.6420878908199671,0.0,-4772.894192443832
0.0016377123949770157,0.0083407372642554,-0.1690439672264657,285.302008465444,0.0,0.0,-0.8533171183700275,217.32606161510986,0.1926720464678842,0.9812632075594587,0.0,-5013.312832804563
0.004051274772614249,0.007472427498261818,0.005129385005863879,284.92065524112826,0.0,0.0,-0.8509431370091725,1284.524156784569,0.47662056148402926,0.8791091174425668,0.0,-4976.422626228074
0.007729936294449579,-0.0035352630572209384,0.13170138899543435,284.7116231727359,0.0,0.0,-0.8687794677457373,2060.85606758131,0.9094042699352445,-0.4159133008495221,0.0,-4746.447423481135
0.008214303315301378,-0.0021852279158542706,-0.03320693248563433,284.78559275872436,0.0,0.0,-0.8378154995352208,1055.0496416850822,0.9663886253295738,-0.2570856371593259,0.0,-4655.171753918451
-0.004986066135572371,-0.006883977374432489,-0.18726380874981002,285.18638550433366,0.0,0.0,-0.8533994323262057,108.59972756823628,-0.5865960159496907,-0.8098796911097045,0.0,-4873.356740527075
0.008053183751172048,-0.0027196013439212937,-0.15946055113214988,285.01042666786026,0.0,0.0,-0.9071241659104164,279.65972672110655,0.9474333824908291,-0.31995309928485804,0.0,-4637.260694642238
-0.006314199008550899,-0.005690420975676128,0.14092804056504035,284.7989005246765,0.0,0.0,-0.8272892010057119,2117.8334448658384,-0.7428469421824586,-0.6694612912560151,0.0,-4870.008467118491
0.007978339059436053,-0.0029319116379381304,-0.17817155306123084,284.94679183385017,0.0,0.0,-0.9099269779524377,168.73294815184198,0.9386281246395356,-0.3449307809338977,0.0,-4639.5478632076565
-0.0004876966906056562,-0.008485997403839592,-0.1240766039173782,285.15500641720234,0.0,0.0,-0.9068769952098852,494.14184027959163,-0.05737608124772425,-0.9983526357458343,0.0,-5040.262668578845
0.007079991027473277,0.0047035866156474575,-0.006061690784140844,285.0150790430291,0.0,0.0,-0.8310114696843374,1223.6751631334512,0.832940120879209,0.553363131252642,0.0,-4768.1064249295305
0.0026598400362204924,0.008073119036761355,0.04057369160081753,284.8730329889145,0.0,0.0,-0.8805528906163324,1505.0662190223572,0.31292235720241085,0.9497787102072182,0.0,-5042.800647855499
0.0026934239086792607,0.008061976658869395,0.004407206655108853,284.9398809668622,0.0,0.0,-0.8574101048123816,1280.719147506708,0.31687340102108946,0.9484678422199289,0.0,-5032.002570296856
-0.0011791185727066664,-0.008417819158873527,-0.19931144750528115,285.328856032266,0.0,0.0,-0.8658173002887303,37.310946759055085,-0.1387198320831372,-0.9903316657498266,0.0,-5013.059192612982
-0.0016022206472280733,-0.008347627746707208,0.05514337465205668,284.8331834888159,0.0,0.0,-0.8424009087573813,1591.7433757393494,-0.1884965467327145,-0.9820738525537891,0.0,-5074.160946753769
-0.008290604543318815,-0.0018750670138161548,0.2016351906123793,284.75932487664295,0.0,0.0,-0.8266115690395954,2489.479193500456,-0.9753652403904488,-0.2205961192724888,0.0,-4710.508811310614
0.008411550135688336,0.0012230389670004574,-0.05655636023818189,284.84935635776924,0.0,0.0,-0.8364887497368471,909.7512441210971,0.9895941336103924,0.14388693729417146,0.0,-4628.935860693637
0.00693597149208913,-0.004913481399265383,-0.17341623551921548,285.02081842119975,0.0,0.0,-0.9096328066868168,195.59553757567005,0.8159966461281328,-0.578056635207692,0.0,-4735.49946125284
-0.0059406411021481875,-0.006079373594003545,0.19106599791612874,284.62307048154094,0.0,0.0,-0.8329471001847661,2426.0618966349502,-0.6988989531939044,-0.7152204228239464,0.0,-4911.339320615774
-0.0008108341407708261,0.008461237970661294,-0.1295490144872003,285.16795697588515,0.0,0.0,-0.8281187145552388,459.0683301421812,-0.0953922518553913,0.9954397612542698,0.0,-5036.239087378523
-0.006197255215196812,-0.0058175620149437095,0.10507300597699873,284.8441960808719,0.0,0.0,-0.838069613443146,1901.4707772807162,-0.7290888488466838,-0.6844190605816128,0.0,-4869.29927689122
0.0038196173306572455,0.007593452669724282,0.16683468642931706,284.6249090993416,0.0,0.0,-0.9044512733827409,2277.1002528235076,0.4493667447832053,0.893347372908739,0.0,-5030.911118247874
0.006503213924360675,-0.005473409235019928,-0.07593932395198452,284.8162296932661,0.0,0.0,-0.8801140461283131,787.9758203298766,0.7650839911012558,-0.6439304982376386,0.0,-4797.070489123925
0.006223177049312762,-0.005789824471683655,0.16904792547930222,284.6292101879397,0.0,0.0,-0.8792228079421497,2293.1342833901126,0.7321384763897366,-0.681155820198077,0.0,-4884.502552081532
0.002440959324355062,-0.008141972585119905,0.1717600911608171,284.463366495249,0.0,0.0,-0.8589112846258203,2312.91264909953,0.28717168521824255,-0.9578791276611651,0.0,-5084.796241889215
-0.007869049086003957,-0.0032137309286964766,-0.15071916935061225,285.0136995585729,0.0,0.0,-0.8535500425065191,331.20988501390303,-0.9257704807063477,-0.37808599161135015,0.0,-4657.460717189625
-0.00837125920537142,0.0014737772275633366,-0.19037023579129228,284.9719255834688,0.0,0.0,-0.8260523476136862,84.96345959119233,-0.9848540241613435,0.17338555618392193,0.0,-4597.152581171153
0.0020011313904318103,0.008261081839458345,-0.10196237992630665,285.158503222828,0.0,0.0,-0.827100456923712,634.2249346800805,0.2354272224037424,0.9718919811127463,0.0,-5023.25680963052
0.005656348597585034,0.0063447395961219585,0.07503783556220725,284.9664082310281,0.0,0.0,-0.8851965790774206,1715.746534958198,0.6654527761864745,0.7464399524849362,0.0,-4900.288047396922
0.005397134890582071,-0.006566653255111134,-0.1374737627585056,285.0195378487998,0.0,0.0,-0.9095158414871248,413.24279476314274,0.6349570459508319,-0.7725474417777805,0.0,-4860.7217972683275
0.0083706023638164,-0.001477503322118533,0.11190415094081749,284.84987977786426,0.0,0.0,-0.8667152418455031,1940.7267247327836,0.9847767486842823,-0.17382392024923918,0.0,-4678.317557196919
0.0036269515469090807,0.007687341704150651,-0.05233305733097532,285.1330797469227,0.0,0.0,-0.8282385336632776,933.1010054931077,0.4267001819893036,0.9043931416647825,0.0,-4980.847283706639
-0.003564329520381063,-0.00771657664188856,0.13898385392798682,284.63529265331505,0.0,0.0,-0.826335064146037,2109.1573643936,-0.4193328847507133,-0.9078325461045363,0.0,-5034.918721031174
0.004038440328702467,0.007479371612074742,-0.02193968666352039,285.0512479350958,0.0,0.0,-0.8369697211209909,1122.1857668437988,0.47511062690617256,0.8799260720087931,0.0,-4969.792495170832
-0.006812257714824648,-0.005083615330334512,-0.12440909698931349,285.0989560483161,0.0,0.0,-0.8806259461848892,495.4278369280068,-0.8014420840970173,-0.5980723918040602,0.0,-4759.005807357054
0.00661316256778262,0.005340045023413079,0.13088984925168415,284.84007771719143,0.0,0.0,-0.905700407947351,2059.2701180037293,0.7780191256214847,0.6282405909897739,0.0,-4843.778734497182
0.0075494770621458195,0.0039058156751354944,-0.19863208015258918,285.06016621423817,0.0,0.0,-0.9032454318323248,42.60018310754937,0.8881737720171552,0.4595077264865287,0.0,-4674.613300608886
-0.002570076738931687,-0.008102142035042479,-0.17134448268795183,285.3069149862954,0.0,0.0,-0.8766976286777379,203.12371462069967,-0.3023619692860808,-0.9531931805932327,0.0,-4988.803514427895
-0.007350267433164566,-0.004268907197510905,0.02063189879049454,285.05302242079244,0.0,0.0,-0.8959598723542643,1385.4167352319423,-0.8647373450781841,-0.5022243761777535,0.0,-4751.5162900523155
-0.00849995876637781,-2.6475835719012253e-05,0.05536983129868581,284.9350870266025,0.0,0.0,-0.8956672305886373,1599.2251984224333,-0.9999951489856247,-0.0031148042022367353,0.0,-4649.859589474626
-0.005375714196484428,-0.006584200549627555,-0.15688158861874166,285.05547367316683,0.0,0.0,-0.8702128717513422,297.41285658177634,-0.6324369642922856,-0.7746118293679476,0.0,-4856.920151614228
0.00841896295110606,-0.0011709239206300014,0.18513936508494824,284.81570993340694,0.0,0.0,-0.9059537148330392,2392.8153288125804,0.9904662295418895,-0.13775575536823545,0.0,-4693.021262154322
0.006080243024446126,-0.005939751237524535,0.16826120326687152,284.6671370291439,0.0,0.0,-0.8777413960617519,2285.148149306418,0.7153227087583677,-0.6987942632381805,0.0,-4895.001155484186
0.008460786062581991,0.0008155361446424789,0.02259179120518462,284.9458450932202,0.0,0.0,-0.830041836043593,1394.8626705488414,0.9953865955978813,0.0959454287814681,0.0,-4645.111643408348
-0.008499098302247779,0.0001238064971192699,0.10146230498307493,284.85061307218314,0.0,0.0,-0.8692794789196381,1881.246978439533,-0.9998939179115033,0.014565470249325868,0.0,-4662.3149413062265
-0.008421961805105004,0.0011491559308259651,-0.022685097415225952,284.83563995050423,0.0,0.0,-0.9051904476073922,1118.9383986628616,-0.9908190358947062,0.13519481539129,0.0,-4636.955915119835
-0.004838778284306313,0.006988291974103949,0.08265967766821605,284.6528693258687,0.0,0.0,-0.9081046530621439,1766.4130778004921,-0.5692680334478015,0.8221519969534057,0.0,-4954.5879053730405
-0.008338600384430676,-0.0016485580453149272,0.023073209667875183,284.94270412869895,0.0,0.0,-0.9038328235165783,1399.8722984233511,-0.9810118099330207,-0.1939480053311679,0.0,-4657.7413379851805
-0.006690006895352202,-0.0052434537987990325,0.1986360168399545,284.60160507695673,0.0,0.0,-0.8325777718647874,2473.146917840356,-0.7870596347473179,-0.6168769175057685,0.0,-4855.728927678514
0.007631979226217103,-0.0037420439722951684,0.14219065170827264,284.67514032018653,0.0,0.0,-0.8743754911761633,2127.091282608681,0.8978799089667179,-0.4402404673288433,0.0,-4758.425845826451
-0.0021347399983943777,0.008227568604348139,0.1728286391461892,284.50037461850087,0.0,0.0,-0.8779491209014108,2315.6189769986777,-0.25114588216404443,0.9679492475703693,0.0,-5093.615987466823
0.006532920542176495,0.0054379177255277035,0.08445897824666296,284.88467017948324,0.0,0.0,-0.8850378305338813,1775.30602551539,0.7685788873148817,0.6397550265326709,0.0,-4837.745783219536
0.008469002231251185,0.0007252594067383517,-0.13467764579921446,284.93253611472306,0.0,0.0,-0.8846525232630782,431.9102002822013,0.9963532036766098,0.0853246360868649,0.0,-4602.070302228536
0.004410600592359913,0.007266127057427112,-0.1519855144061467,285.23021893955746,0.0,0.0,-0.8569235545192854,323.8049829028764,0.5188941873364603,0.8548384773443661,0.0,-4915.752880407272
-0.006174992332998221,-0.005841187352534859,0.12077674563844717,284.80816622960407,0.0,0.0,-0.8318277219213775,1995.7547281326433,-0.7264696862350848,-0.6871985120629246,0.0,-4875.189906914369
0.008045769144368416,-0.0027414592602351654,0.030655615372307043,284.7815760851625,0.0,0.0,-0.8264191565316407,1444.6075484080736,0.9465610758080488,-0.3225246188511959,0.0,-4688.994414391657
-0.0034260677763313964,-0.007778949774357953,-0.06414699103596042,285.1751577613871,0.0,0.0,-0.9093738638586538,862.48934755046,-0.40306679721545835,-0.9151705616891709,0.0,-4986.306180745567
-0.0019486607018153214,0.008273615985118032,0.10679754687249057,284.54149961337924,0.0,0.0,-0.9081590895452413,1913.13670453903,-0.2292542002135672,0.9733665864844744,0.0,-5080.527705521577
0.0008749881931459831,-0.008454844508437464,0.12050593555818592,284.51513192950523,0.0,0.0,-0.8289814676627414,1993.605727332932,0.10293978742893918,-0.9946875892279369,0.0,-5102.668356831711
0.008322263081936081,-0.0017291434859616965,0.10110595041642237,284.73397217629196,0.0,0.0,-0.8585795047554801,1874.9350452029769,0.9790897743454212,-0.20342864540725838,0.0,-4680.334600756871
0.00827033264403966,-0.001962548841922659,-0.09604046928450687,284.88348128642656,0.0,0.0,-0.8736111331260276,668.3720620243286,0.9729803110634894,-0.23088809904972454,0.0,-4632.689143110538
0.007796120060681665,-0.0033868144323887773,0.15149905692292856,284.6820217715313,0.0,0.0,-0.8820491295742521,2184.5316781609704,0.9171905953743135,-0.39844875675162084,0.0,-4745.501109615779
0.00246205290539571,0.008135618937181888,0.12106989380186442,284.66163196692617,0.0,0.0,-0.9099981900141851,1999.0183425982411,0.2896532829877306,0.9571316396684574,0.0,-5070.566595917718
-0.004801233109888175,0.007014140048823772,-0.1592254834277883,285.1310579734512,0.0,0.0,-0.8275110701577754,281.8876036863614,-0.5648509541044912,0.8251929469204436,0.0,-4891.896063705625
-0.008483532653179502,0.000528841869028131,0.09242923864452277,284.8140588466475,0.0,0.0,-0.8770258119839135,1817.9369998960196,-0.9980626650799413,0.06221669047389775,0.0,-4661.5012917091735
0.006641128213842702,0.0053052253531120095,0.11383202244665117,284.82250655272327,0.0,0.0,-0.8994898590819317,1953.0629786943405,0.7813092016285531,0.6241441591896482,0.0,-4836.944908543443
-0.003133401675302442,-0.007901379242968399,-0.03342686802216957,284.99532803416685,0.0,0.0,-0.9006317834496206,1048.2924897301327,-0.36863549121205197,-0.9295740285845174,0.0,-5006.239280728784
0.007372534442609465,-0.0042303351986027245,0.10393276781840213,284.7854915293529,0.0,0.0,-0.8479020107426027,1894.0374983401464,0.8673569932481723,-0.49768649395326164,0.0,-4771.868813477946
0.006684574246581303,-0.005250377809447813,0.0010149602685020631,284.76367816315786,0.0,0.0,-0.8345708297987467,1262.1505517072783,0.7864204995978002,-0.6176915069938603,0.0,-4803.151137450933
0.0031565489562225216,-0.007892160584210798,0.19313860181653328,284.4133512257702,0.0,0.0,-0.8762905060566677,2437.9503536366224,0.37135870073206134,-0.9284894804953879,0.0,-5066.138468429956
0.008321325641040697,-0.001733649207815304,0.12100425895507741,284.8849203596761,0.0,0.0,-0.8712800020269188,1998.7076241529924,0.9789794871812585,-0.2039587303312122,0.0,-4685.768189299091
0.008020917361600982,-0.0028133404839030666,-0.15524693562160505,284.92732427903695,0.0,0.0,-0.9062616413655238,305.1813353040271,0.9436373366589391,-0.33098123340036073,0.0,-4641.549756945729
-0.0005484997969363051,0.008482284360522278,0.03605145545432045,284.7760002762623,0.0,0.0,-0.8923027751316243,1475.9355975452272,-0.06452938787485941,0.9979158071202681,0.0,-5082.840163271476
0.0036128561478897757,0.0076939762447420556,0.02523150050728487,284.9089130192795,0.0,0.0,-0.865802748288036,1409.944301081588,0.4250418997517383,0.9051736758520065,0.0,-5002.27875568576
-0.008371363615482434,0.0014731840405654995,-0.04176870769896007,284.87242796795175,0.0,0.0,-0.8968280361046727,1000.1718686753571,-0.9848663077038157,0.17331576947829405,0.0,-4637.010637966995
0.007207234783584546,-0.004506192048092161,-0.1945748436008499,285.04622074930313,0.0,0.0,-0.9067008641000037,65.9995885355906,0.8479099745393583,-0.530140240952019,0.0,-4706.4584102139925
-0.005002927591820072,0.0068717330791442585,-0.03343925590642716,284.728259085557,0.0,0.0,-0.8728965215830202,1051.2823153119725,-0.5885797166847143,0.8084391857816774,0.0,-4913.601015845018
-0.0006086847317882552,-0.008478178041141144,0.16905052070339346,284.4997328661488,0.0,0.0,-0.8435080233840471,2295.4514547810245,-0.07160996844567707,-0.9974327107224874,0.0,-5118.098703214143
-0.006728241371340776,0.005194301497697105,-0.18785112065158224,285.01537466934604,0.0,0.0,-0.8292283033229207,103.74013628539788,-0.7915578083930325,0.6110942938467182,0.0,-4748.912862677264
0.008367369184315566,-0.0014957048282887486,0.14855791300850243,284.8389560937957,0.0,0.0,-0.8891941210141858,2169.1454979318564,0.9843963746253606,-0.17596527391632336,0.0,-4688.481063205819
0.00195104446849704,-0.008273054181011213,-0.02024680286513822,284.90109469572843,0.0,0.0,-0.8713011316892932,1129.9156537228241,0.22953464335259294,-0.9733004918836721,0.0,-5046.386023839061
-0.008174009663182501,0.0023314300388815206,0.18935904325484834,284.76553100059806,0.0,0.0,-0.8315004133686887,2416.773019259522,-0.9616481956685295,0.2742858869272377,0.0,-4718.906054768984
0.004263572406933461,0.007353363198621133,0.1113492831395779,284.7100897748824,0.0,0.0,-0.9068488998664477,1941.3821504161672,0.5015967537568777,0.8651015527789568,0.0,-4994.170504428544
0.006861664038181058,-0.005016728677847032,0.09796814518361077,284.6205321523607,0.0,0.0,-0.8409184283866605,1859.061405144688,0.8072545927271833,-0.5902033738643566,0.0,-4814.553746421859
-0.006419715789337566,0.0055711084340667755,-0.07226779271404793,284.7943801023557,0.0,0.0,-0.8575504136290314,815.9090029979069,-0.7552606810985372,0.6554245216549147,0.0,-4804.626853581641
0.008441818027068858,0.0009928284836039235,-0.17344810309074274,284.92903197817105,0.0,0.0,-0.9026498979007193,195.15127856774458,0.9931550620081009,0.11680335101222629,0.0,-4594.468073108597
0.004963640431631093,-0.006900164756400901,-0.20329437244282594,285.225919736604,0.0,0.0,-0.8934089333685917,12.160592614216844,0.583957697838952,-0.8117840889883413,0.0,-4870.414706532626
-0.007148336172239311,0.004599053160016205,-0.10297498626771928,284.8294325836289,0.0,0.0,-0.8450187649325706,624.3747136369226,-0.8409807261458012,0.5410650776489653,0.0,-4736.183188690444
-0.006543095439379412,-0.00542567065634953,0.10033921264874632,284.90005727101595,0.0,0.0,-0.8422758914718945,1871.840235891328,-0.7697759340446366,-0.6383141948646506,0.0,-4841.196081565209
-0.007875253848969801,0.0031984960238034266,-0.037115604012078335,284.7893709503136,0.0,0.0,-0.8922738479062301,1027.3002149695294,-0.9265004528199766,0.37629364985922664,0.0,-4687.344795827876
-0.005137557190415866,-0.0067716693743275925,0.06924245648783131,284.85622881661146,0.0,0.0,-0.8511777868242302,1678.0591814469951,-0.6044184929901019,-0.7966669852150108,0.0,-4932.835689969457
-0.0035018627605431143,0.007745124737944598,0.17136169849192182,284.56593624933305,0.0,0.0,-0.8718113508087053,2305.9850870755135,-0.4119838541815428,0.9111911456405408,0.0,-5046.293583552533
0.007824540750891116,-0.0033206267537385613,-0.10868972792022498,284.87402515858906,0.0,0.0,-0.8879959314390686,587.7845678811614,0.92053420598719,-0.390661971028066,0.0,-4672.9907225570105
0.004411867854643081,0.007265357667256792,0.18160433708146986,284.5734920534505,0.0,0.0,-0.9010108084132842,2370.861634287188,0.5190432770168331,0.8547479608537403,0.0,-5005.184508523532
0.0021592207712350505,0.00822117787552776,0.02039107318414357,284.90203092520176,0.0,0.0,-0.8703360715724399,1378.7779006479693,0.2540259730864765,0.9671973971209128,0.0,-5052.077929931217
0.008499549812774834,8.748131320056573e-05,-0.15697301710512673,284.9052415827463,0.0,0.0,-0.8988367045727299,293.3837980213067,0.9999470367970392,0.010291919200066555,0.0,-4592.931894478108
0.0004774879291764828,-0.008486577948589806,-0.12019387477107596,285.1894446387532,0.0,0.0,-0.9090334457685874,517.8360052850077,0.056175050491350915,-0.9984209351282124,0.0,-5041.364382895306
0.006645231899383167,-0.0053000842449361495,-0.1973050458830292,285.1526661406318,0.0,0.0,-0.9036883401831803,48.95923259988913,0.7817919881627254,-0.6235393229336647,0.0,-4753.137066272653
-0.006346549787395483,0.00565431744741223,-0.028727962178002248,284.7946220252261,0.0,0.0,-0.8844624585569765,1080.8978302626906,-0.7466529161641744,0.6652138173426153,0.0,-4821.996643976999
-0.00016011359564797905,0.00849849184482098,0.11851445902309046,284.5408984438783,0.0,0.0,-0.9085420462709769,1982.5085042175913,-0.018836893605644594,0.9998225699789386,0.0,-5106.640437610214
-0.0022184568386818806,-0.008205391474811278,0.10389038994086316,284.72077324448946,0.0,0.0,-0.8272313654487371,1893.6856873969841,-0.2609949221978683,-0.9653401735072091,0.0,-5072.900957705798
-0.00774724818504717,-0.003497162501126212,0.10336798543745526,284.8909854725634,0.0,0.0,-0.8502122491418328,1891.4538352279549,-0.9114409629467258,-0.4114308824854367,0.0,-4737.214037409364
0.001912966498908079,-0.008281941751428549,0.20060921806394108,284.4704337044918,0.0,0.0,-0.8746793948142771,2484.5723212649045,0.22505488222447986,-0.9743460884033586,0.0,-5106.5361173284755
-0.008491645290532864,-0.0003767761401297255,-0.09121343835517591,284.90371992632913,0.0,0.0,-0.8770551864961731,694.8764581084587,-0.9990170930038662,-0.04432660472114417,0.0,-4611.392634974595
0.008487398548304041,-0.0004626725432165408,0.01552303591032142,284.8632417966118,0.0,0.0,-0.8267045920072527,1357.5074881522896,0.9985174762710636,-0.05443206390782832,0.0,-4640.468370767307
-0.008350134785243614,0.0015891032276930898,-0.1206134053441613,284.904564092216,0.0,0.0,-0.8491420347034434,520.9712789804921,-0.9823687982639545,0.18695332090506936,0.0,-4618.0189853301445
-0.007065436916302728,0.0047254207412405725,0.09181041074830101,284.6898545401993,0.0,0.0,-0.8967300799389002,1818.2840585558151,-0.8312278725062032,0.5559318519106555,0.0,-4795.618559966553
0.0004450723168024603,-0.008488339686464962,-0.04454745346644298,284.9536877054335,0.0,0.0,-0.8927541679166582,983.1829965519038,0.05236144903558356,-0.9986281984076426,0.0,-5061.841886800084
0.006967749775432089,0.004868312137380479,-0.149168521749574,285.0731861869353,0.0,0.0,-0.8724161043801892,342.26200162391814,0.8197352676978927,0.5727426043977034,0.0,-4739.314177084174
-0.00788133710486036,0.003183476941890945,-0.08896203936775646,284.7939507065515,0.0,0.0,-0.8606287713576812,711.4516749988184,-0.9272161299835717,0.3745266990459935,0.0,-4672.851045030629
-0.004577927279857513,0.007161883957474905,-0.18026098592192258,285.1808370776565,0.0,0.0,-0.8338886147146493,149.19110667956664,-0.5385796799832367,0.8425745832323417,0.0,-4899.007344916
0.0055142002050197515,0.006468662620585507,0.0011662672875121793,285.08140730158766,0.0,0.0,-0.8413289517670225,1262.340430823035,0.6487294358846766,0.7610191318335889,0.0,-4890.138953346946
0.007000663725594497,0.004820861686581082,-0.19642007186009502,285.0977594090728,0.0,0.0,-0.8991698500995086,52.30057226121359,0.8236074971287642,0.5671601984213037,0.0,-4723.837035836224
0.0081018478649949,0.0025710039230770533,-0.0698648761202772,284.99388872450106,0.0,0.0,-0.8376549803527914,824.2281545265566,0.953158572352341,0.30247104977377093,0.0,-4656.510808761889
-0.007301349523209961,-0.004352044937718553,-0.14256383451219412,285.10002744389095,0.0,0.0,-0.8647920475692833,381.5020473603794,-0.8589822968482307,-0.512005286790418,0.0,-4712.096908378976
0.008475594265314846,0.0006436628385747406,0.07318059076390362,284.909237541792,0.0,0.0,-0.8526745000521987,1707.637268302754,0.9971287370958642,0.07572503983232241,0.0,-4657.156900963565
-0.003995483012346047,0.007502407313526384,-0.03185605428549662,284.7985623326985,0.0,0.0,-0.8680489783917831,1063.3999062186674,-0.47005682498188783,0.8826361545325156,0.0,-4969.233749494978
-0.008336380650822829,0.0016597462590970844,0.07042250683226872,284.7171725847767,0.0,0.0,-0.8946732735134962,1686.301579659593,-0.9807506648026856,0.19526426577612757,0.0,-4670.670222031662
0.008447203455553512,0.0009459142564127165,-0.1465817858359492,284.9025994617831,0.0,0.0,-0.8904530948481623,357.3874978844917,0.9937886418298248,0.11128403016620193,0.0,-4601.122198972681
0.008301517569487861,0.001826145132097764,-0.17891057121222137,285.0760110714812,0.0,0.0,-0.9022718613822149,159.30103470063278,0.9766491258221013,0.21484060377620753,0.0,-4607.308456259108
0.007120254035819925,0.004642411277061748,-0.06561917561332387,285.0708074192453,0.0,0.0,-0.8297854136228805,853.077013885398,0.8376769453905794,0.5461660325954997,0.0,-4748.645682794143
0.0039104715612174054,-0.0075470664611430255,-0.03823305105510777,284.8239920166832,0.0,0.0,-0.8725212492791116,1020.5820967346548,0.460055477790283,-0.8878901718991794,0.0,-4971.615893392214
-0.008243145422844147,-0.0020737776008636004,0.006197951816818981,284.9964793934507,0.0,0.0,-0.9075754287139712,1296.4039486375343,-0.9697818144522525,-0.24397383539571765,0.0,-4662.853087358972
-0.008229500721929357,0.002127279452202792,0.1172164190416676,284.7669266119315,0.0,0.0,-0.8691519336297325,1973.8094258812018,-0.9681765555211007,0.2502681708473873,0.0,-4694.007336777056
-0.006908406362415354,-0.004952163318362902,-0.17073873620867047,285.03827487903817,0.0,0.0,-0.8507278938509876,210.3994854838073,-0.812753689695924,-0.5826074492191649,0.0,-4738.541879932731
-0.004574605892367059,0.0071640059275185275,-0.10941720146722017,284.97072850483823,0.0,0.0,-0.8304084390294505,583.8788549224095,-0.5381889285137716,0.8428242267668855,0.0,-4918.1993434391015
-0.0039656556673708975,0.007518216219812323,-0.16290350582042706,285.06263307835957,0.0,0.0,-0.83000562955837,258.4283381885364,-0.46654772557304675,0.8844960258602732,0.0,-4935.520798060803
-0.008315404954319365,-0.00176182872200477,-0.12073303738351983,284.94969195908567,0.0,0.0,-0.8650359707624213,517.3689992491529,-0.9782829358022782,-0.2072739672946788,0.0,-4621.511708390424
-0.007730453665490483,-0.0035341315942823593,-0.08858060129360758,284.9258692256654,0.0,0.0,-0.8931533378704596,714.2452636053781,-0.9094651371165273,-0.41578018756263047,0.0,-4687.298665146298
-0.0018447991966080686,0.008297392115851477,-0.08348514385895354,285.0195719038832,0.0,0.0,-0.8313483380898821,745.868169684945,-0.21703519960094925,0.9761637783354677,0.0,-5031.875664508586
0.0048200150506838065,0.0070012466683571145,0.0753782502100975,284.8304022130853,0.0,0.0,-0.8900325484476679,1720.3783022724188,0.5670605941980948,0.8236760786302487,0.0,-4953.738037286586
0.004833940358074905,-0.006991639336705997,-0.057985300596016726,284.82409971843435,0.0,0.0,-0.8797559003079357,904.2294869265015,0.5686988656558711,-0.8225458043183526,0.0,-4917.138872221535
-0.004384447240749317,0.007281938093192342,0.13694243947295573,284.5069996561109,0.0,0.0,-0.8881730880556552,2098.438027025126,-0.515817322441096,0.856698599199099,0.0,-4994.670950035412
0.008490495432058015,-0.00040185484717992435,-0.07155315106702825,284.9699335619969,0.0,0.0,-0.8506075291083717,817.948457085036,0.9988818155362369,-0.04727704084469698,0.0,-4616.786265308412
-0.0018850823425541504,-0.008288333038783527,0.04798671674373675,284.766418196851,0.0,0.0,-0.8474322550551452,1548.107907263919,-0.22177439324166473,-0.9750980045627677,0.0,-5066.2335771210355
0.005533060266303298,-0.006452537802249259,0.11614844383561165,284.6205093512206,0.0,0.0,-0.8424885462464962,1972.182540262113,0.6509482666239174,-0.7591220943822656,0.0,-4919.718973453332
0.0027098172258456375,-0.008056481279225458,0.06538850665051674,284.6802169196022,0.0,0.0,-0.8272467300976725,1657.0533575640425,0.318802026570075,-0.9478213269677008,0.0,-5047.823975737964
0.0012238430836132282,0.00841143317792468,-0.08347237958318268,285.1427605160711,0.0,0.0,-0.8264536590401146,744.6585941307675,0.14398153924861506,0.9895803738734916,0.0,-5043.483470527805
0.008496384980261599,0.000247875507432935,-0.14560431684471511,284.95569423828533,0.0,0.0,-0.8927915979318145,365.73667494813407,0.999574703560188,0.029161824403874707,0.0,-4596.309608469131
0.004583844684753951,0.007158098064853049,-0.17976571846677936,285.2322137307401,0.0,0.0,-0.8756376209373162,156.82087521498855,0.5392758452651706,0.8421291841003586,0.0,-4898.810060688234
0.0015820477794240026,0.008351474410163729,-0.15232495936222631,285.1469664637511,0.0,0.0,-0.8435957814007332,320.06240861216213,0.1861232681675297,0.9825264011957326,0.0,-5018.889904756509
-0.003755703465930068,0.007625266649501569,-0.041423583752769916,284.86983024980054,0.0,0.0,-0.8605984363710184,1003.5703569436288,-0.44184746658000795,0.897090194059008,0.0,-4977.9855147403305
-0.004617400412540283,-0.007136498681445463,-0.12402784919056765,285.16325355375307,0.0,0.0,-0.8939697800266422,497.98257609421984,-0.5432235779459156,-0.8395880801700545,0.0,-4911.883819103019
-0.002706067523065521,-0.008057741529771853,-0.12524217204504906,285.1611795249143,0.0,0.0,-0.9008546776654485,486.85449267373883,-0.3183608850665319,-0.947969591737865,0.0,-4996.802834264698
-0.002383459963052041,-0.00815899004807139,-0.14603415428011093,285.28475283646594,0.0,0.0,-0.8923837878299263,362.70388353087816,-0.28040705447671066,-0.9598811821260458,0.0,-5001.223733821104
0.008438781581951401,-0.0010183149866901736,0.0328832011544371,284.9236201320913,0.0,0.0,-0.8290561894966827,1458.144393375469,0.9927978331707531,-0.11980176314002042,0.0,-4650.137405739588
-0.007130136050724817,-0.0046272194564505285,-0.022362574288058518,285.01482021171046,0.0,0.0,-0.9088656086904224,1117.0861109358023,-0.8388395353793902,-0.5443787595824151,0.0,-4759.393507856282
0.006856774105337673,-0.005023410083635494,-0.10891728569793571,284.91766925917005,0.0,0.0,-0.8960281963168245,587.3630486738253,0.8066793065103144,-0.5909894216041758,0.0,-4759.45642764013
0.008397795720585492,0.0013141640062473198,0.1315754745219261,284.8350635904675,0.0,0.0,-0.8917429588802731,2069.342847435098,0.9879759671277049,0.1546075301467435,0.0,-4680.8182719532115
-0.000825417920010239,-0.0084598277321306,0.16463872654897807,284.4976644006691,0.0,0.0,-0.8404389784204765,2266.402250507904,-0.09710799058943986,-0.9952738508388941,0.0,-5115.022182451502
-0.0070096548835395026,0.004807778948087237,0.1944552071196957,284.7126830014975,0.0,0.0,-0.8376375434655051,2445.0807235350157,-0.824665280416412,0.5656210527161455,0.0,-4827.938866348553
0.0013808815036521465,-0.00838708329950713,-0.01913035219903675,284.8109506101853,0.0,0.0,-0.8734442076112015,1141.913001110598,0.16245664748848782,-0.9867156822949563,0.0,-5058.254915065378
-0.006882967031456906,0.004987460761136605,0.08718979150436637,284.66253597350055,0.0,0.0,-0.8998753368941597,1789.93899322177,-0.8097608272302241,0.5867600895454829,0.0,-4809.8788402672435
0.004234762361713428,0.007369992383972681,-0.01333524505119113,285.06688555100294,0.0,0.0,-0.8401203263659133,1172.9973307393366,0.49820733667216793,0.8670579275261977,0.0,-4962.20960918958
-0.00041553938727816167,0.008489836689690828,0.052625287220447375,284.76005054721753,0.0,0.0,-0.8997024688192714,1581.594161336374,-0.04888698673860725,0.9988043164342149,0.0,-5088.067407010321
-0.002279426040542462,0.00818866392799808,0.09362078603864646,284.63208679305967,0.0,0.0,-0.9096154889477188,1830.620092446676,-0.26816776947558374,0.9633722268233034,0.0,-5068.475632726403
-0.008101043059537448,0.002573538681955286,-0.14400395344573355,284.9723439277895,0.0,0.0,-0.8339926550533172,373.6622874585865,-0.9530638893573468,0.3027692567006218,0.0,-4636.699251011314
0.008145915209108975,-0.0024277696361078224,-0.013893403112028246,284.76791398511205,0.0,0.0,-0.8311933523131114,1173.2093188557724,0.9583429657775263,-0.28561995718915556,0.0,-4667.167155979774
-0.002654738138378025,-0.008074798165690657,-0.14249663227927026,285.26667555978946,0.0,0.0,-0.8930895445884638,383.0995690832944,-0.31232213392682645,-0.949976254787136,0.0,-4993.84934546789
-0.0037347830805317724,0.007635535039627126,0.13923369393517857,284.51064624076724,0.0,0.0,-0.8900581436229456,2111.320224113632,-0.4393862447684438,0.8982982399561324,0.0,-5027.408861579328
0.0036552840299847885,-0.007673910258801452,0.12724864043373704,284.50366475898596,0.0,0.0,-0.8394635697423917,2035.6402469076265,0.430033415292328,-0.9028129716237002,0.0,-5027.771234302846
-0.007102708317754091,-0.004669211341640774,-0.1438766255877462,285.0816460010598,0.0,0.0,-0.8657942834179334,374.09897658382425,-0.8356127432651872,-0.5493189813695029,0.0,-4729.16954515945
0.008480158605404523,0.0005804395120799505,-0.11621556281767964,284.8441568365946,0.0,0.0,-0.8739376844464815,544.5731733918886,0.9976657182828851,0.06828700142117064,0.0,-4605.871985261555
-0.0039044688966410703,-0.0075501736824501245,-0.048695007187440686,285.09728691140003,0.0,0.0,-0.9074925298526527,958.7154038843565,-0.45934928195777297,-0.8882557273470734,0.0,-4969.094710229087
-0.001614141156177757,0.008345330929803392,0.09016514679082652,284.56836832849655,0.0,0.0,-0.9099999134992139,1808.2829691110114,-0.18989895955032435,0.981803638800399,0.0,-5083.323538610151
0.00844896156253263,-0.00093007984326411,0.048836903705970186,284.8930809265238,0.0,0.0,-0.8342813316055558,1550.7110721606768,0.9939954779450152,-0.10942115803107176,0.0,-4653.370699444053
0.0030133504162496347,0.007947938051399756,0.19427149109820344,284.55175108061337,0.0,0.0,-0.8891164984991617,2444.539694416928,0.3545118136764276,0.9350515354587948,0.0,-5071.823024107026
-0.0071085528282087435,0.004660308647350031,-0.03248921711101302,284.7578732432238,0.0,0.0,-0.8878628702023293,1058.817614226245,-0.8363003327304404,0.5482716055705918,0.0,-4758.548152304074
0.007742263979688377,0.0035081830723067892,-0.09039062960144305,285.0397800999624,0.0,0.0,-0.8439044454628598,702.2660812758329,0.9108545858456913,0.4127274202713869,0.0,-4685.700181788088
0.006849747746612699,-0.005032986768090521,-0.1422875712485588,284.9469198292039,0.0,0.0,-0.9077693556519301,381.82515064907926,0.8058526760720822,-0.5921160903635906,0.0,-4751.089930128266
-0.003962194081493713,0.007520041094340921,-0.027788588478608295,284.8266322678385,0.0,0.0,-0.8704793943307046,1083.5000397878966,-0.46614048017573095,0.8847107169812848,0.0,-4971.938268248602
-0.00603933215481405,0.00598134325413858,0.017352130208135252,284.7032712230438,0.0,0.0,-0.904559419757712,1362.9676319164837,-0.7105096652722411,0.7036874416633623,0.0,-4857.532896412117
0.005914792852479102,-0.006104525003000818,-0.029560106329660052,284.76526209572677,0.0,0.0,-0.8549234358999488,1072.1299015698569,0.6958579826446002,-0.7181794121177433,0.0,-4854.013173680719
-0.007999277573727592,-0.0028742926605442956,0.11710640293895694,284.9389694830842,0.0,0.0,-0.8453781346117998,1972.174835815348,-0.9410914792620697,-0.33815207771109357,0.0,-4716.731395202947
-0.004793755125860591,0.007019252936978787,-0.0630695951168464,284.83159421506036,0.0,0.0,-0.8529161803792018,867.7355775916636,-0.5639711912777166,0.8257944631739749,0.0,-4918.130947094862
0.0032425806895225525,0.007857205003812453,-0.06366187416882976,285.1282897332637,0.0,0.0,-0.8268691338054964,863.755304751972,0.38148008112030024,0.9243770592720533,0.0,-4993.888081970812
0.007713836051523826,0.0035702567653057276,0.12154278877375577,284.8922401689178,0.0,0.0,-0.8958613176688699,1999.0299314749454,0.9075101237086853,0.42003020768302674,0.0,-4745.236206051669
0.0016218040772797394,0.008343845128891044,-0.013137431055910836,284.92913909240684,0.0,0.0,-0.8519037252863126,1171.8234840277842,0.19080047967996933,0.981628838693064,0.0,-5055.457201234956
-0.004867422532132127,0.006968371251138424,0.008948191814435652,284.7407770888234,0.0,0.0,-0.8965318724618405,1311.2504422641136,-0.5726379449567208,0.8198083824868734,0.0,-4933.118479347366
0.006243861910489392,0.005767511460130771,0.08523756596270207,284.9235408505172,0.0,0.0,-0.8874400329867609,1780.398756068079,0.7345719894693402,0.6785307600153847,0.0,-4860.44637186459
0.006278081675044977,0.00573024349233647,-0.03316988673645055,285.1378420788866,0.0,0.0,-0.8271202750985913,1053.7313058051348,0.7385978441229384,0.6741462932160552,0.0,-4826.068980944156
0.008273893112574659,0.001947483699980471,-0.08337249472386342,284.99168170002844,0.0,0.0,-0.846974675815501,744.658377747714,0.9733991897146658,0.22911572940946717,0.0,-4635.729137391878
-0.004108698583619969,0.007441007724022283,-0.021895165805955463,284.7770148696104,0.0,0.0,-0.8750629140368171,1121.8264222754353,-0.48337630395529047,0.8754126734143861,0.0,-4966.318520683582
-0.008395412476009017,0.0013293040877361967,-0.12810008354207775,284.9194571351524,0.0,0.0,-0.8460703950721532,467.23738425432924,-0.9876955854128254,0.15638871620425843,0.0,-4611.392954347992
0.007780542835956457,0.0034224484185808655,0.06367443543272447,284.8889928547435,0.0,0.0,-0.8604561552396364,1644.0419963206168,0.9153579807007596,0.40264099042127827,0.0,-4723.416082669765
0.0066538832755149305,0.0052892189740851815,0.03580804041904892,284.9574151177112,0.0,0.0,-0.8535818816435734,1473.886800229335,0.7828097971194036,0.6222610557747272,0.0,-4814.978916709285
0.007185956399763313,-0.004540047424939601,0.044237434804095366,284.7381470758239,0.0,0.0,-0.8262748294222236,1527.4248093819247,0.845406635266272,-0.5341232264634824,0.0,-4772.395133330406
-0.000682056651419126,0.008472591027793974,-0.08071299685663277,284.9983391220495,0.0,0.0,-0.829551760606925,761.2445856842113,-0.0802419589904854,0.996775415034585,0.0,-5050.512233853912
-0.007884228721627704,-0.003176308779867092,-0.19075929421555865,285.06345765611076,0.0,0.0,-0.8333647076610952,85.7324996739737,-0.9275563201914946,-0.3736833858667167,0.0,-4645.261957225717
-0.006172244100198727,-0.005844091269612583,-0.09396372790533414,285.06168393938674,0.0,0.0,-0.9006082610063999,681.920050364996,-0.726146364729262,-0.6875401493661862,0.0,-4817.783260418281
-0.008344220768370474,-0.0016198702937873935,-0.12069320289393065,284.9446920738289,0.0,0.0,-0.8643480062056769,516.4794873598803,-0.9816730315729969,-0.19057297573969334,0.0,-4618.59884278076
-0.006811389499575339,0.005084778567949131,0.026348820105613985,284.68699741444925,0.0,0.0,-0.9088212927312215,1415.6941267196946,-0.8013399411265104,0.5982092432881331,0.0,-4799.52508709045
0.0028376860705764677,0.00801233659832488,-0.15041084876066496,285.20098562810074,0.0,0.0,-0.8480047032966811,337.81773173779277,0.3338454200678197,0.9426278350970445,0.0,-4985.606653464585
0.008394192148766185,-0.0013369884702540036,-0.01227989494553422,284.874233914032,0.0,0.0,-0.8284909945248103,1178.1462544749943,0.9875520175019041,-0.15729276120635335,0.0,-4642.591439639287
-0.00030133377885748977,-0.008494657023901522,-0.0553856562915285,285.0387816789415,0.0,0.0,-0.9004840698609661,914.3497440631503,-0.0354510328067635,-0.9993714145766497,0.0,-5059.587452357973
-0.007095706750854696,-0.00467984462411682,-0.03584688589190957,285.1160293145109,0.0,0.0,-0.9099761542268265,1037.4907045650853,-0.8347890295123171,-0.5505699557784494,0.0,-4758.758544340077
-0.0018268558858148018,0.008301361187929594,0.16487051322637583,284.449370236555,0.0,0.0,-0.8842922534164318,2267.1593073291097,-0.2149242218605649,0.9766307279917168,0.0,-5098.908887026385
-0.004771673675743963,-0.007034282503014227,-0.1871897142836891,285.15566140190816,0.0,0.0,-0.8546644948904815,107.74710198777652,-0.5613733736169368,-0.8275626474134384,0.0,-4886.116740911856
0.007036701644170925,0.0047681054907502,-0.1732638940149586,285.0995195860444,0.0,0.0,-0.8877258182701765,193.80434988413316,0.8278472522554029,0.5609535871470823,0.0,-4726.968892870976
0.0018821013460556663,-0.00828901046706876,0.18308853013394447,284.4464162999608,0.0,0.0,-0.8632843068163415,2381.8204729409545,0.22142368777125485,-0.9751777020080893,0.0,-5102.548795180028
-0.008283254168727836,0.001907275642442108,-0.11900284429778385,284.9068536702789,0.0,0.0,-0.84863449642075,528.482128805934,-0.9745004904385688,0.2243853696990715,0.0,-4625.225877046819
-0.007981126003713018,0.002924316623222578,0.11103657606276082,284.7438731147252,0.0,0.0,-0.8771816930134999,1934.220596795421,-0.9389560004368255,0.3440372497908915,0.0,-4716.869417762106
-0.002260532417470476,0.008193899754669024,-0.16465347967856134,285.19977946681496,0.0,0.0,-0.8354294912778142,249.19590087006543,-0.2659449902906442,0.9639882064316498,0.0,-4999.704911525097
-0.007826322414868657,0.0033164254037328263,-0.115827152483496,284.85440695958795,0.0,0.0,-0.8441102578323382,543.097684609815,-0.9207438135139596,0.39016769455680306,0.0,-4670.905987649767
-0.008022539477837634,-0.0028087115064628224,-0.026463725354221618,285.0298637392098,0.0,0.0,-0.909900676680737,1093.8069746277365,-0.9438281738632511,-0.33043664781915555,0.0,-4675.94286254214
0.004558316879824895,0.007174381312914964,0.1482461685731021,284.6808082193357,0.0,0.0,-0.9096176406226802,2164.885090284639,0.5362725740970464,0.8440448603429369,0.0,-4988.234521859485
-0.007428552032301382,0.004131175946796629,-0.11528699719608894,284.87350754570986,0.0,0.0,-0.8408309300788201,548.3884783880245,-0.8739472979178096,0.4860206996231328,0.0,-4708.004435219034
0.005981206114655731,-0.0060394679744166955,0.06105378686144777,284.6810368722801,0.0,0.0,-0.8264431506209174,1629.735416920571,0.7036713076065566,-0.710525644049023,0.0,-4873.512828254463
-0.008004811839748707,0.0028588437190967516,-0.18856028924583695,284.98895344216095,0.0,0.0,-0.826174109463488,97.86282620808744,-0.9417425693822007,0.3363345551878531,0.0,-4634.183864630677
-0.00746263062860913,-0.00406929282565717,-0.087570641814244,285.1336960363241,0.0,0.0,-0.8959461699130921,717.9775547459951,-0.8779565445422505,-0.4787403324302552,0.0,-4712.350052156022
0.00650492574928682,0.005471374689807426,0.1379737564760158,284.75092093726954,0.0,0.0,-0.9077628821200896,2105.1053238515165,0.7652853822690376,0.6436911399773442,0.0,-4854.32619411999
-0.007633345494245133,-0.0037392561513605264,0.08642633694946342,284.967540305503,0.0,0.0,-0.8592785811391908,1783.5335195453551,-0.8980406463817803,-0.439912488395356,0.0,-4743.337672692035
-0.008190531387290898,-0.002272706666906806,-0.009783259259221244,284.958856446133,0.0,0.0,-0.9096942141779388,1197.5223355122998,-0.9635919279165762,-0.26737725493021247,0.0,-4663.831085565342
-0.006131052913161504,-0.0058872905632399225,-0.06122232884613918,285.0660257149086,0.0,0.0,-0.9093723040689538,877.3025719381809,-0.7213003427248829,-0.6926224192046967,0.0,-4829.6538559962255
-0.006461429872740857,0.005522673627841145,0.15003992370542293,284.6856272816422,0.0,0.0,-0.8671047333093306,2173.6431246772436,-0.7601682203224538,0.6497263091577817,0.0,-4860.998095474253
-0.00530904730221274,0.006638073270375045,-0.03571794441987758,284.8494684820074,0.0,0.0,-0.8733296476619634,1038.7019406892614,-0.6245938002603223,0.7809497965147111,0.0,-4893.7654741205615
-0.0003769361242625138,0.008491638190492218,0.052892214775612706,284.83484254916647,0.0,0.0,-0.8996899063198042,1579.8758766155975,-0.04434542638382515,0.9990162577049668,0.0,-5088.325326797979
-0.004548933701565999,0.0071803344057750585,0.019460194534514447,284.75476977713663,0.0,0.0,-0.8999095894421616,1374.9142300764636,-0.5351686707724704,0.8447452242088304,0.0,-4954.202605084339
0.0005213507809835562,-0.008483996308531012,-0.058837949468259154,285.0595130544094,0.0,0.0,-0.8992836545839863,896.017521051823,0.06133538599806543,-0.9981172127683543,0.0,-5057.5589156660135
0.007825431997794735,-0.00331852588477027,-0.07058905604436513,284.8524991618836,0.0,0.0,-0.8643109413391641,822.9366603655623,0.9206390585640865,-0.39041480997297295,0.0,-4683.127911260927
0.006682814603968658,0.005252617344618133,0.005334364602413488,284.9608674206154,0.0,0.0,-0.8372086501204861,1288.9602530482966,0.786213482819842,0.6179549817197802,0.0,-4804.453249141101
0.003913295711254059,0.0075456024727175094,-0.014858381922198655,284.9977409453806,0.0,0.0,-0.8407463136841119,1166.9578764339574,0.4603877307357716,0.8877179379667658,0.0,-4977.752585300847
0.0029090591233679724,-0.007986699882726881,-0.16001665739457532,285.17386740626483,0.0,0.0,-0.904192558287594,277.6168670724968,0.3422422498079967,-0.9396117509090448,0.0,-4980.531608351025
0.0063506367637480455,-0.005649726780556009,-0.15321640565110847,285.0413092983176,0.0,0.0,-0.9099071157109211,319.31500720559575,0.7471337369115347,-0.6646737388889421,0.0,-4788.281278293645
0.00499341408867488,-0.006878649267045329,0.08750466459116321,284.5634842734025,0.0,0.0,-0.8292846930430562,1792.0908988523604,0.587460481020574,-0.8092528549465092,0.0,-4946.628541856969
-0.0039048564778075795,-0.007549973237550196,-0.19859454292365714,285.2689939698399,0.0,0.0,-0.8524544525802321,34.97034782714205,-0.45939487974206816,-0.8882321455941407,0.0,-4928.859328829763
-0.00520696603316628,-0.00671844511248344,0.14725616023395763,284.69090285210626,0.0,0.0,-0.826014807789263,2161.3700132930703,-0.6125842391960329,-0.7904053073509929,0.0,-4949.393592257663
-0.0053714567445209945,-0.006587674281697596,0.1759908370260788,284.6542126886083,0.0,0.0,-0.8300396397500045,2337.641089011536,-0.6319360875907052,-0.7750205037291289,0.0,-4946.506037564508
-0.004997325170524446,-0.006875808399020644,0.1530232181248559,284.65234296877975,0.0,0.0,-0.8264454645857243,2194.3218958670577,-0.5879206082969936,-0.8089186351788993,0.0,-4963.96872741028
0.008377237859545708,0.0014394046840947976,0.09908553198490125,284.8426308994185,0.0,0.0,-0.8729376469356632,1860.4838547204308,0.9855573952406715,0.1693417275405644,0.0,-4674.201636317487
-7.927443911248484e-05,-0.00849963031921409,-0.10667558622260204,285.1789051852828,0.0,0.0,-0.9098871683249241,603.3846738004094,-0.009326404601468805,-0.999956508142834,0.0,-5046.341448767518
0.0042535092633393485,-0.0073591887424285,-0.15944224930650236,285.0673480926409,0.0,0.0,-0.9074744171669241,276.8035146528102,0.5004128545105115,-0.8657869108739411,0.0,-4922.041080179552
-0.000602760762006401,0.008478601268121144,0.047360554972727814,284.72303706080845,0.0,0.0,-0.8980341553052379,1544.743938465989,-0.07091303082428248,0.9974825021318993,0.0,-5085.493880864636
0.0008467798311960974,-0.00845771623533679,0.036143356817060934,284.7229392590302,0.0,0.0,-0.8424593700927804,1481.4878748587269,0.09962115661130556,-0.995025439451387,0.0,-5080.330273238817
-0.004901659294128678,-0.006944331225127584,-0.033761468944968814,285.0063576969229,0.0,0.0,-0.9060216256714528,1046.1904342448654,-0.5766657993092562,-0.8169801441326568,0.0,-4919.622929516291
-0.007376675818461265,-0.004223109502408011,0.1731118315813955,284.7542906406505,0.0,0.0,-0.8260205303827067,2318.092530393868,-0.8678442139366194,-0.4968364120480012,0.0,-4790.057062689511
0.0023731919145373154,0.008161982610663584,-0.11230742524114247,285.1743474194255,0.0,0.0,-0.8298806686318442,568.5333585799161,0.2791990487690959,0.9602332483133627,0.0,-5010.56981168268
-0.0004199162530563311,-0.008489621330802638,0.11342790662626243,284.4648909653294,0.0,0.0,-0.8262922944200175,1955.1228124371917,-0.04940191212427424,-0.9987789800944279,0.0,-5104.358035862058
-0.007941774422180112,0.003029557562946403,0.12317730561283816,284.72470039147737,0.0,0.0,-0.8699965752290292,2014.225626941669,-0.934326402609425,0.35641853681722385,0.0,-4723.942606088816
-0.006721663511098388,0.0052028107445464995,-0.08034414214105094,284.8139741483699,0.0,0.0,-0.8548211953060306,767.2118952083376,-0.7907839424821632,0.6120953817113528,0.0,-4778.2949873249645
-0.007805544924274241,-0.0033650361714455093,-0.0391879466233237,285.0844666361823,0.0,0.0,-0.9092160341590608,1013.9581420418693,-0.9182994028557929,-0.395886608405354,0.0,-4693.445691616501
0.007506694248080363,-0.0039874229103315844,0.17639624488399344,284.7611597544165,0.0,0.0,-0.8932223738480287,2341.4188351629186,0.8831404997741603,-0.46910857768606873,0.0,-4779.153479167949
-0.008499175860074515,-0.00011836257654610477,-0.16247657575295782,285.029797285,0.0,0.0,-0.8349647973628701,261.6902404716906,-0.9999030423617076,-0.013925009005424089,0.0,-4591.494042163827
-0.0034963078174087025,-0.007747633938560004,0.060422364927615185,284.92649330379794,0.0,0.0,-0.8477886059271654,1626.253884853299,-0.4113303314598473,-0.9114863457129416,0.0,-5016.766116100512
0.005883643577112936,0.0061345528164241684,0.024129290548052656,285.0507468537442,0.0,0.0,-0.8518478961363293,1406.3587766264727,0.6921933620132865,0.7217120960499022,0.0,-4870.6557859155455
0.008175140026386673,-0.0023274633292429147,0.13995599984486864,284.7567907589748,0.0,0.0,-0.8802771829523208,2116.708790858954,0.9617811795749027,-0.27381921520504876,0.0,-4705.53903424091
-0.008297362373406765,-0.0018449329647371123,0.10822488108329734,284.87639566755956,0.0,0.0,-0.855326596821613,1919.3737535645353,-0.9761602792243252,-0.21705093702789555,0.0,-4684.7648317817375
0.007985014422745846,-0.0029136823211429277,-0.02362303096896398,284.7514425183839,0.0,0.0,-0.8362008850645456,1113.5922762113682,0.9394134614995112,-0.3427861554285797,0.0,-4680.363146918015
-0.008412260751041253,-0.0012181416405701204,-0.053650278355013764,284.91678667576826,0.0,0.0,-0.900700896471747,928.9077059814042,-0.989677735416618,-0.14331078124354357,0.0,-4629.642734089441
-0.0054600328554607405,-0.006514448650291845,-0.0749386467029716,285.1037853621848,0.0,0.0,-0.9084196213579611,796.3820355087065,-0.642356806524793,-0.7664057235637464,0.0,-4873.340711990113
0.005526897208234434,-0.006457817529909809,0.14415526122041292,284.50936912325585,0.0,0.0,-0.8586476364684854,2137.637197927309,0.650223200968757,-0.7597432388129186,0.0,-4927.648108916497
-0.007759761492151744,-0.0034693085168256443,0.19665419394975556,284.7526435482226,0.0,0.0,-0.8277843054955973,2464.39189428926,-0.9129131167237345,-0.4081539431559581,0.0,-4761.060323481646
0.006998678724692007,-0.004823742956309288,0.08169838845100921,284.71543950224844,0.0,0.0,-0.8345276481306872,1753.8615407260324,0.8233739676108244,-0.5674991713305044,0.0,-4798.6234159910755
-0.0037452355210671785,-0.007630413546573782,-0.12944505976129517,285.14781370023246,0.0,0.0,-0.8951079551391236,466.2952853754188,-0.44061594365496215,-0.8976957113616213,0.0,-4954.848177311719
-0.0084866962655427,-0.00047538037025478096,0.08740300443796281,284.87326218309903,0.0,0.0,-0.875329199410617,1789.558819137353,-0.9984348547697295,-0.0559271023829154,0.0,-4659.825836500145
0.0025469766313429556,0.008109433398172335,0.02157777110814771,284.91956161326664,0.0,0.0,-0.8691068291624947,1391.5111134271183,0.29964430956975946,0.9540509880202745,0.0,-5041.283004708869
-0.004283728833509202,0.0073416392775021225,-0.07985217715443116,284.8750460475007,0.0,0.0,-0.8410865513583143,765.4630792916331,-0.5039680980599062,0.8637222679414261,0.0,-4941.823353854357
-0.004158954324033653,-0.007413035743243236,0.033672527951321585,284.90389693706203,0.0,0.0,-0.867800410108729,1461.8185054956975,-0.48928874400395905,-0.872121852146263,0.0,-4978.696563861041
-0.004078830979513548,0.007457421661711276,-0.03129207587918206,284.77024278623065,0.0,0.0,-0.8688799121011751,1065.6897126622716,-0.4798624681780644,0.8773437249072088,0.0,-4965.286650127009
-0.004810118846688098,0.007008049420540353,-0.11116011090815742,285.0156738240133,0.0,0.0,-0.8305314315355357,574.969477155018,-0.565896334904482,0.8244764024165121,0.0,-4904.2715443923435
0.003260157059195439,-0.007849928404092496,-0.04906315275671683,284.89711637375893,0.0,0.0,-0.882726711864448,959.1673013623356,0.3835478893171104,-0.9235209887167641,0.0,-4997.108762418224
0.008259668154967521,-0.0020069583876641396,0.05429152448791394,284.84752762761974,0.0,0.0,-0.833185908369183,1586.2566947722894,0.9717256652902965,-0.23611275148989874,0.0,-4674.095680588148
-0.006466304916777991,-0.005516964810768036,-0.07161724947049969,285.1059160060761,0.0,0.0,-0.9068272809834438,815.7406982871829,-0.7607417549150577,-0.6490546836197689,0.0,-4801.145288220374
0.005415007517301084,-0.006551922892370816,-0.010415381846877125,284.63936693741397,0.0,0.0,-0.8467290685285382,1191.2653832098897,0.6370597079177746,-0.7708144579259784,0.0,-4893.633797821591
-0.0063212199157170095,0.005682620766613118,0.04019551796335208,284.73615435649725,0.0,0.0,-0.9097164816286658,1501.262407279998,-0.7436729312608246,0.6685436196015432,0.0,-4842.442414732392
-0.005392172381208589,0.006570728803666402,0.0011078866231295226,284.73081808810184,0.0,0.0,-0.895191041803704,1260.5026777654307,-0.6343732213186575,0.7730269180784002,0.0,-4898.228308946966
0.005885742488840373,0.006132539062660681,0.15001861862674717,284.7901497976716,0.0,0.0,-0.9099717945308856,2175.283684547964,0.6924402928047497,0.7214751838424329,0.0,-4904.280531676555
-0.008388536520865835,-0.0013720258882762078,0.043072376596889284,284.9293352839581,0.0,0.0,-0.8965856183025503,1520.0722400903624,-0.9868866495136276,-0.1614148103854362,0.0,-4658.020089522392
-0.005039771058787058,0.006844757678326705,-0.03853694635544716,284.7912132510946,0.0,0.0,-0.8698516164837861,1020.3889396349969,-0.592914242210242,0.8052656092149064,0.0,-4909.9800078795615
-0.005504276019414494,-0.006477109347702766,0.10046098912384208,284.81932882640274,0.0,0.0,-0.836860802386682,1874.4715189653,-0.6475618846369993,-0.7620128644356194,0.0,-4917.444934750285
-0.008474987282613986,-0.0006516061383467912,-0.18104667295738974,285.01067408216835,0.0,0.0,-0.830068968967853,144.35356847423998,-0.9970573273663512,-0.07665954568785778,0.0,-4589.012244193116
0.008190329276020264,-0.002273434923274779,-0.12570087607141633,284.9087486641082,0.0,0.0,-0.8926186440114203,485.87777301664784,0.9635681501200309,-0.26746293214997396,0.0,-4632.751399545222
-0.004119490216906174,-0.007435038692085895,-0.18032372438552857,285.157106667683,0.0,0.0,-0.8626470710240307,151.86438013941458,-0.4846459078713146,-0.8747104343630464,0.0,-4923.272535542027
0.00834327249501519,0.0016247473877261612,0.1881467249632158,284.7899335879172,0.0,0.0,-0.9099087137112595,2412.738182340497,0.9815614700017872,0.19114675149719543,0.0,-4701.554705091767
0.006197906351990695,0.005816868302785736,-0.1631837550747655,285.13084750283207,0.0,0.0,-0.8753652392114589,252.9890633441115,0.7291654531753758,0.6843374473865571,0.0,-4797.278798974958
-0.006026395920867726,-0.005994376715301503,-0.19987841041496318,285.1182483523949,0.0,0.0,-0.8406365443943532,28.95945500484139,-0.7089877553962031,-0.7052207900354709,0.0,-4800.202084597851
-0.006914023598514647,-0.004944317716245851,-0.10150159049413586,285.05062742050984,0.0,0.0,-0.892950582529276,631.6704453733414,-0.8134145410017231,-0.5816844372053942,0.0,-4756.644851139249
0.0014030338870539296,-0.008383405985145795,-0.14615571442003866,285.17259377127306,0.0,0.0,-0.9047939406007898,360.9300397440423,0.16506281024163877,-0.9862830570759759,0.0,-5023.799369470219
0.00023587136538668138,0.00849672670497237,0.14031859449983655,284.53376844479914,0.0,0.0,-0.9037662177129148,2116.466557566988,0.027749572398433103,0.9996149064673376,0.0,-5112.307635124833
0.0060071698419635325,-0.00601364369494933,0.0030841870362791346,284.64993929415596,0.0,0.0,-0.8369467398662679,1274.7842792014173,0.7067258637604156,-0.7074874935234505,0.0,-4856.064428351133
-0.004560423483022492,0.0071730424267180395,0.15909570353592697,284.4237810755903,0.0,0.0,-0.8737429951078971,2232.189442974776,-0.5365204097673519,0.8438873443197693,0.0,-4991.028387101137
-0.008438649203422927,0.001019411409377789,-0.16540472170961706,284.9168065076498,0.0,0.0,-0.8308744644318735,240.27426958121177,-0.9927822592262266,0.11993075404444577,0.0,-4596.951813180655
0.004581372316848353,0.0071596806977976025,-0.07601145155651004,285.13004712812807,0.0,0.0,-0.826558753009611,787.764658211477,0.5389849784527474,0.8423153762114826,0.0,-4926.784568649749
0.008036465048203647,-0.002768615092243984,-0.12627102096501358,284.91968165960526,0.0,0.0,-0.8949303571722699,486.9016274279664,0.9454664762592525,-0.32571942261693926,0.0,-4647.803391608148
-0.004444469505348344,-0.007245460014107362,0.1343221702115646,284.72178060984555,0.0,0.0,-0.8260821487579479,2078.43628166075,-0.5228787653350992,-0.852407060483219,0.0,-4990.740685997737
9.764698956001603e-05,-0.008499439102989672,-0.045274389503347556,285.02412711851906,0.0,0.0,-0.8944854830782105,979.6073131677869,0.011487881124707769,-0.9999340121164318,0.0,-5062.795145150669
-0.005565066943185367,-0.0064249536899393675,0.13101775082828324,284.73333791006536,0.0,0.0,-0.8275984358545393,2061.955464710663,-0.6547137580218079,-0.755876904698749,0.0,-4921.545057705823
0.005652398996623898,-0.006348258468506552,-0.06855502799077551,284.8214553286524,0.0,0.0,-0.8813360025299939,838.7515011130805,0.6649881172498704,-0.746853937471359,0.0,-4862.035141335478
0.00030041770585214717,-0.008494689470605183,0.09393618860493361,284.5792144064152,0.0,0.0,-0.8261929385370319,1830.8859729451328,0.03534325951201731,-0.9993752318359037,0.0,-5099.652767827847
-0.00596694986001157,0.006053553449677959,0.06009193053212494,284.6364860877514,0.0,0.0,-0.9096548131849355,1625.7492125187769,-0.7019941011778317,0.7121827587856422,0.0,-4874.292109305789
0.002667478620128623,0.008070598355212377,-0.041829867830072365,285.0655016127565,0.0,0.0,-0.8335879137791027,1003.8705769488772,0.31382101413277913,0.9494821594367501,0.0,-5020.444555812412
-0.004571722454537123,-0.0071658463421064985,0.05447217363260262,284.9283386406645,0.0,0.0,-0.8569230964005229,1592.577408936352,-0.5378497005337791,-0.8430407461301762,0.0,-4962.330273448465
-0.0025552784217240006,0.008106821336841692,-0.012517296645930487,284.7664038038654,0.0,0.0,-0.8727575269470704,1181.064169276442,-0.30062099079105886,0.9537436866872577,0.0,-5031.8775896540255
0.0036134419395491475,0.0076937011476601634,-0.0013103393917118789,284.9764504154096,0.0,0.0,-0.8493856084387182,1251.7011761767549,0.4251108164175467,0.9051413114894309,0.0,-4995.131994785568
-0.0023848845437861896,0.008158573754818287,0.05634740225983828,284.6048400851109,0.0,0.0,-0.9063001069493817,1602.771281844137,-0.28057465221013994,0.9598322064492101,0.0,-5055.4798561246
-0.008063980386403082,-0.002687418896954181,-0.04224402679238495,285.0478175171995,0.0,0.0,-0.9077919785341031,996.4642594282324,-0.9487035748709507,-0.316166929053433,0.0,-4667.649308606153
-0.00849995258095578,2.8392278936010742e-05,0.07375476581169813,284.84377506480763,0.0,0.0,-0.8860358676824862,1708.0411808679535,-0.9999944212889152,0.0033402681101189105,0.0,-4654.792773250321
-0.005082838592200201,-0.006812837283073792,0.033568248272291906,285.04126686455095,0.0,0.0,-0.8733009931132114,1461.2072959435282,-0.5979810108470824,-0.8015102685969167,0.0,-4926.670348083299
0.007372934784496977,0.004229637415140277,-0.0012368745204575093,285.041657030039,0.0,0.0,-0.8311794503697855,1249.739888014317,0.8674040922937619,0.497604401781209,0.0,-4743.616617512158
0.0027903680951759857,0.008028938030239364,0.09000058832319083,284.7667239232419,0.0,0.0,-0.9043218592532473,1810.9255023384271,0.3282785994324689,0.9445809447340427,0.0,-5051.72909021427
0.00156322268226515,0.008355018542507956,0.13280237991064117,284.61859535130804,0.0,0.0,-0.9083710787477579,2072.409140573306,0.18390855085472352,0.9829433579421123,0.0,-5095.7480705712005
-0.007169392940909887,0.004566158654583905,0.17368579259144082,284.6586100721928,0.0,0.0,-0.8469925758297577,2323.598094880748,-0.8434579930482219,0.5371951358334006,0.0,-4808.573217424379
0.006654460877669198,-0.005288492264111776,-0.15814664538062512,284.95805820789735,0.0,0.0,-0.9099545976233742,285.8097163306019,0.7828777503140232,-0.6221755604837383,0.0,-4762.895480562786
-0.0030934882991622997,0.007917091015199077,-0.058424260998307,284.9309815495139,0.0,0.0,-0.8470273033491436,896.5583311721514,-0.363939799901447,0.931422472376362,0.0,-5001.046239969733
-0.0071732863100874185,-0.004560039858763566,-0.09898663573610139,285.05070163801287,0.0,0.0,-0.8924067808763613,654.0615127897232,-0.8439160364808727,-0.536475277501596,0.0,-4735.077128207443
0.008477354645986911,0.0006200469386781551,-0.16327164490806897,284.9239232434561,0.0,0.0,-0.8997828762714828,253.7914034284942,0.9973358407043423,0.07294669866801824,0.0,-4593.5367495142245
-0.005487437301169727,0.006491381352665326,0.07733583152741177,284.6159078076494,0.0,0.0,-0.9079185001939428,1728.7725104421577,-0.6455808589611443,0.7636919238429795,0.0,-4912.3677937257835
0.008233999903083461,-0.002109797524887537,-0.11390757203705404,284.92623272291667,0.0,0.0,-0.8853424458648126,557.1502765560408,0.9687058709509953,-0.24821147351618084,0.0,-4631.54736354993
0.006041555983508351,-0.005979097030332795,0.07716994569987382,284.6719424651097,0.0,0.0,-0.8293550497460062,1731.4049219852209,0.7107712921774529,-0.7034231800391524,0.0,-4873.41796666835
0.007724925639008977,-0.0035461985099232308,0.06225702503016675,284.7233818752402,0.0,0.0,-0.8316294177054021,1640.6484417976462,0.9088147810598797,-0.41719982469685063,0.0,-4728.287609516303
0.008489642028176456,0.0004194975964412158,0.040421206218178324,284.8524224765894,0.0,0.0,-0.8350487713305238,1503.5291952228229,0.9987814150795831,0.04935265840484892,0.0,-4646.916415215729
0.00821324720462481,-0.002189193996822289,0.11604780889481506,284.78212345163064,0.0,0.0,-0.8657804907487769,1966.2880235610337,0.9662643770146835,-0.2575522349202693,0.0,-4695.321365629637
0.0025299547434779104,0.008114759946908696,0.15050655552999723,284.55202919280765,0.0,0.0,-0.9061155521285631,2178.593449202481,0.297641734526813,0.9546776408127877,0.0,-5076.399942643082
0.008175607330894076,0.002325821311070795,-0.12924651477299925,284.9983714047089,0.0,0.0,-0.8735581056690366,465.8325823358072,0.9618361565757735,0.2736260365965641,0.0,-4633.2674372701695
0.007240955691855266,0.004451804203757038,-0.07925503577016149,285.05967537420963,0.0,0.0,-0.8349063537426695,771.9374844113095,0.8518771402182665,0.5237416710302397,0.0,-4734.4308025261225
0.00174353651461098,0.008319259607814761,-0.08512808016632291,285.19076154974795,0.0,0.0,-0.8260746574443373,733.2171326366772,0.20512194289540941,0.9787364244487953,0.0,-5033.647753938604
-0.00763196640572196,0.0037420701198576482,-0.17626938065934375,285.02243960226036,0.0,0.0,-0.8260050958502907,177.8611346453452,-0.8978784006731717,0.4402435435126645,0.0,-4672.9865410910725
-0.008384737101112285,0.0013950568967720151,0.023293120821845037,284.78634275165456,0.0,0.0,-0.9092274844978956,1398.9846505732517,-0.9864396589543865,0.16412434079670765,0.0,-4653.101565545491
0.007060702149356585,0.004732492488960898,-0.0929568646645797,285.1706816828867,0.0,0.0,-0.8397814219511968,686.0313749606104,0.8306708411007746,0.5567638222306939,0.0,-4746.454173030444
0.004864094380040037,0.006970694790482721,0.14756130280909022,284.7215039972365,0.0,0.0,-0.9098612222115292,2160.8257638964055,0.572246397651769,0.8200817400567907,0.0,-4970.504604391642
-0.007905424272990064,0.003123182201540527,-0.12032903137163715,284.9142681750198,0.0,0.0,-0.8425997364088855,521.2712653658052,-0.9300499144694192,0.36743320018123843,0.0,-4662.119750241304
0.007031015287667333,0.004776486577452956,0.016317394570800114,285.0906155041882,0.0,0.0,-0.8401795717472859,1356.0836827922599,0.8271782691373333,0.5619395973474065,0.0,-4778.31932643724
0.008428461981332415,0.0011004674594162574,-0.14635900887852,284.997276332562,0.0,0.0,-0.8896765521411168,361.6999508198506,0.9915837625096958,0.1294667599313244,0.0,-4603.108071285401
-0.00811519825328482,-0.0025285484590735086,0.20079060025953252,284.76482406284555,0.0,0.0,-0.8271793670713015,2486.64144588236,-0.9547292062688023,-0.2974762893027657,0.0,-4727.807191636949
-0.008497341780567496,0.0002125621420244684,0.08582652559570272,284.8332404821524,0.0,0.0,-0.8796282593831148,1783.164631820835,-0.9996872683020582,0.025007310826408044,0.0,-4658.3017896800575
0.006238423480215462,-0.005773393497891549,-0.12087826298525295,284.9193428144898,0.0,0.0,-0.9039707685847538,518.0529393745181,0.7339321741429955,-0.6792227644578293,0.0,-4805.560414569556
-0.0053230624056891905,0.0066268398671718645,-0.012364687058328855,284.75205851610116,0.0,0.0,-0.8876638400520918,1184.2448751708544,-0.6262426359634341,0.7796282196672781,0.0,-4899.123515732261
-0.0077614067560177425,0.003465626230227684,0.13969887532468053,284.6875150148416,0.0,0.0,-0.8617190139396698,2118.1432605850227,-0.9131066771785579,0.4077207329679628,0.0,-4745.62411234317
-0.002561386794367556,-0.008104893440979932,-0.1313138733858051,285.1135381495688,0.0,0.0,-0.8987976874249033,449.53198967495194,-0.30133962286677124,-0.9535168754094036,0.0,-4999.814998547633
0.006519462977820562,-0.005454044598353323,-0.028558320201180654,284.84194773844405,0.0,0.0,-0.8502438790405259,1083.234718517723,0.7669956444494778,-0.6416523056886262,0.0,-4808.493791467375
0.00840536515609155,0.0012648464700358109,-0.050636723918890125,284.9043262021312,0.0,0.0,-0.8339798869959075,943.9820727538598,0.9888664889519472,0.14880546706303657,0.0,-4631.1574869774295
-0.008091116649970444,-0.0026045789211638576,0.040458179364555036,284.9571760824447,0.0,0.0,-0.8930603120405735,1507.2399373613034,-0.9518960764671109,-0.3064210495486891,0.0,-4687.16793171492
-0.0035324229400215423,-0.007731234582704729,0.07736195643586,284.8667770273431,0.0,0.0,-0.8391573599908931,1732.5806684650809,-0.41557916941429907,-0.9095570097299681,0.0,-5019.764986586171
-0.008444194753586168,-0.0009724067891103277,-0.05042176248124339,284.95477241349585,0.0,0.0,-0.9012297288978608,945.3221259043048,-0.9934346768924902,-0.11440079871886208,0.0,-4627.230728874914
0.006161317091018686,-0.0058556102759593776,-0.012125155554702283,284.70516117945346,0.0,0.0,-0.8434253605736411,1180.585771414164,0.7248608342374924,-0.6888953265834561,0.0,-4840.560688720276
-0.0011332944290645055,-0.00842411085735767,-0.09578204615021398,285.09942596481807,0.0,0.0,-0.9099801119545415,669.1098426566025,-0.13332875636053004,-0.9910718655714904,0.0,-5041.480692662173
-0.007813192003528877,0.003347242255348784,-0.1401769461138495,284.8551751676262,0.0,0.0,-0.833068941853932,392.4209170179737,-0.9191990592386914,0.39379320651162164,0.0,-4665.6237104202955
-0.007707829979991765,-0.0035832048503455904,0.05665129220328283,285.00310847438226,0.0,0.0,-0.8791001284712524,1600.8559853808497,-0.9068035270578546,-0.42155351180536355,0.0,-4728.390367035282
0.006895900780247038,-0.004969562599363077,0.11617697245135158,284.7162938535267,0.0,0.0,-0.8510715352644113,1971.2229102858469,0.8112824447349456,-0.5846544234544796,0.0,-4816.570581373841
0.0051168607241905565,-0.006787321734619341,-0.13611656534874766,284.97691179475834,0.0,0.0,-0.9096411517270876,420.769564061522,0.6019836146106536,-0.7985084393669812,0.0,-4879.031841697528
0.0014597894470079055,0.0083737097376494,0.007952984717727735,284.9819177923412,0.0,0.0,-0.8658707848674362,1304.3059101012293,0.17173993494210651,0.9851423220763998,0.0,-5064.156101295471
0.002122508641104503,0.008230732474600103,0.026877114739235375,284.89890602231884,0.0,0.0,-0.874671046281777,1418.6254568951613,0.24970689895347095,0.968321467600012,0.0,-5054.77537765334
-0.007864312020177984,-0.0032253056365690496,-0.00638224809392296,285.0239393318221,0.0,0.0,-0.9082294815476876,1217.7189296871838,-0.9252131788444686,-0.37944772194929993,0.0,-4696.639141960482
0.007607960001384216,-0.003790639077693614,0.1052899225036801,284.70691655425253,0.0,0.0,-0.8508936727828612,1901.824366492765,0.8950541178099077,-0.44595753855218984,0.0,-4750.754891317943
-0.0043728789353753164,-0.007288890849542943,-0.1801189729308321,285.2342393430097,0.0,0.0,-0.8613469617978335,154.99418371862865,-0.5144563453382724,-0.8575165705344638,0.0,-4910.222651752485
-0.0018278650014479478,-0.008301139050544913,-0.05580398043331397,285.05893818270084,0.0,0.0,-0.9048811306413125,917.2104107748702,-0.21504294134681737,-0.9766045941817544,0.0,-5039.68107505739
0.0015021949881574908,0.008366206441246506,-0.052540138529995256,285.04968050855604,0.0,0.0,-0.8330530123454721,932.7256540574291,0.17672882213617538,0.9842595813231183,0.0,-5047.161311580038
-0.004422780966978995,-0.007258719481983606,0.00043025997766835133,284.9572508962692,0.0,0.0,-0.8896167754202836,1260.1443502587747,-0.5203271725857641,-0.8539669978804242,0.0,-4955.989674330083
-0.00587061144070318,-0.006147025403582204,-0.12284087958769313,285.1175643198242,0.0,0.0,-0.8880131713340621,503.51749477730067,-0.6906601694944917,-0.7231794592449651,0.0,-4832.157644162816
-0.008251319805189871,0.0020410099148415214,0.10006551683591172,284.74193921575346,0.0,0.0,-0.8795987153457582,1868.8716260729543,-0.970743506492926,0.24011881351076722,0.0,-4687.215945605167
-0.006400180863289224,-0.005593539569645183,0.11524540859363527,284.7913397812769,0.0,0.0,-0.8347491482693813,1963.7753136863455,-0.7529624545046145,-0.6580634787817862,0.0,-4856.460418393395
-0.006760150161928861,-0.005152705094236735,0.1849311219358543,284.79860819990733,0.0,0.0,-0.8284567131522305,2392.2710304448983,-0.7953117837563366,-0.6062005993219688,0.0,-4846.306500172897
0.007105635632255807,0.004664755327090227,0.011870540382404843,285.0311419768619,0.0,0.0,-0.8376390670928643,1328.4275478455663,0.8359571332065654,0.548794744363556,0.0,-4770.702074561053
0.0020802814291606387,-0.008241506487013729,0.08250526336086203,284.62451263165224,0.0,0.0,-0.8260734907279356,1761.8946983117312,0.24473899166595747,-0.9695889984722034,0.0,-5070.780801884335
-0.0015696251784277923,0.008353818097088633,0.121477457844309,284.5459163790041,0.0,0.0,-0.9053203945382666,1999.2900882900885,-0.1846617856973873,0.9828021290692508,0.0,-5092.5875240375235
-0.008480337167374301,-0.0005778248243629126,0.17651997317758136,284.83614678564635,0.0,0.0,-0.8288183044678739,2339.338988646236,-0.9976867255734471,-0.06797939110151913,0.0,-4684.392344144379
-0.007524912888558686,-0.003952933849636671,0.1762025372957464,284.75071877137003,0.0,0.0,-0.8260377040445817,2336.7479629182653,-0.8852838692421983,-0.465051041133726,0.0,-4777.433738647797
0.0004777521060955913,-0.008486563080842635,-0.050326228811985896,284.9470845310146,0.0,0.0,-0.895536113845857,948.8030989505172,0.05620613012889309,-0.9984191859814864,0.0,-5060.107824262253
0.007989840322142507,-0.002900422663451952,-0.05408082416514953,284.77839396188824,0.0,0.0,-0.8518847747928291,924.4401634951386,0.9399812143697067,-0.3412261957002296,0.0,-4671.72204990794
-0.001975875619327277,0.008267158855190098,0.1273320964381955,284.5432670475178,0.0,0.0,-0.9023008493042721,2036.6478270731734,-0.23245595521497375,0.9726069241400115,0.0,-5085.386530485543
-0.006727016295854236,-0.005195887966008463,-0.060836577979152956,285.0441649723128,0.0,0.0,-0.9084260430936398,881.8790498720903,-0.7914136818652041,-0.6112809371774662,0.0,-4783.090320302773
0.007146634553832685,-0.004601696921132975,0.1310834844444783,284.74770819249454,0.0,0.0,-0.8623873473600495,2060.326438736694,0.8407805357450218,-0.5413761083685853,0.0,-4799.1274996424245
-7.103896885805428e-05,0.008499703139810449,-0.05575017409375552,284.9508633130223,0.0,0.0,-0.8365572131089771,913.6956958419897,-0.008357525748006385,0.9999650752718174,0.0,-5060.011902994632
-0.008087572830067564,-0.002615562218406004,0.11813255615776955,284.8748022617092,0.0,0.0,-0.8459628691912509,1978.9468581709318,-0.951479156478537,-0.3077132021654122,0.0,-4708.356562938805
0.007531160740784379,-0.003941017368201781,0.06256934087574886,284.72416364108005,0.0,0.0,-0.83068349206103,1641.2680547985458,0.8860189106805151,-0.46364910214138605,0.0,-4746.373911895784
-0.002078785156990581,-0.008241884024364553,0.09176503590931465,284.7055711609552,0.0,0.0,-0.8295074348082594,1819.4151382087489,-0.24456295964595065,-0.969633414631124,0.0,-5073.30302954144
0.008301401871113981,0.0018266710087657568,0.10515651811422314,284.8558644412859,0.0,0.0,-0.8786878645155922,1904.1277937756763,0.9766355142487035,0.21490247161950077,0.0,-4683.533276187703
0.006906371177288991,-0.0049550012271958,0.17191693055362114,284.6737232445931,0.0,0.0,-0.8859448978520297,2310.12687295272,0.812514256151646,-0.5829413208465647,0.0,-4830.645111300925
0.005297874555342996,-0.006646993696089177,-0.1031826241854564,284.8951807864714,0.0,0.0,-0.9011160148280499,625.1304894684262,0.6232793594521171,-0.7819992583634325,0.0,-4876.386906561475
-0.0017853059021050402,-0.008310396069737526,-0.04441943880853913,285.06344095203855,0.0,0.0,-0.9006985891277001,981.1018073031963,-0.21003598848294588,-0.9776936552632383,0.0,-5043.671938346429
0.005375651139732584,0.006584252032227486,0.02525178678463358,284.90382214801247,0.0,0.0,-0.8556802283613895,1413.6368800976525,0.6324295458508923,0.7746178861444101,0.0,-4905.789332220473
-0.007009129231615854,-0.0048085452492940255,0.17574212606137177,284.7801525403443,0.0,0.0,-0.8264901391771184,2332.802193349891,-0.8246034390136299,-0.5657112057992971,0.0,-4822.963160585704
-0.007718964958928373,0.0035591543887327944,-0.18778700380842103,285.02199653303506,0.0,0.0,-0.82659309186302,105.5270373922582,-0.9081135245798085,0.4187240457332699,0.0,-4661.763244578553
-0.008450439768902787,0.000916552078250989,0.11314949933206772,284.8419500035488,0.0,0.0,-0.8656843632375489,1948.1299073853188,-0.9941693845767985,0.10782965626482223,0.0,-4670.473166046511
0.008391593195665965,0.0013532049506459394,-0.10219428380365432,284.86064068411105,0.0,0.0,-0.8611193870091618,633.6680895717813,0.9872462583136429,0.15920058242893403,0.0,-4618.733744614645
0.0006335551081360881,-0.008476355816325474,-0.1128680332292245,285.19662395474666,0.0,0.0,-0.9098509108024438,563.9697562240791,0.0745358950748339,-0.9972183313324086,0.0,-5042.273868700229
0.008330074681860603,0.0016911108167784249,-0.12465451762806087,285.00337755181647,0.0,0.0,-0.8738285276669925,492.26776411555306,0.9800087861012473,0.1989542137386382,0.0,-4618.972527858936
0.007668600370261394,0.0036664108282115386,0.11802777659255906,284.86228055378734,0.0,0.0,-0.8945378059493501,1978.669584900906,0.9021882788542815,0.43134245037782804,0.0,-4748.530765021004
-0.004684408514774977,-0.007092694612536459,0.04702329135124919,284.90993955044365,0.0,0.0,-0.8622667138649667,1543.4842938698291,-0.5511068840911737,-0.8344346602984068,0.0,-4953.979734011897
-0.00028857718576547444,0.008495099952787823,0.08556570392209475,284.6456573773136,0.0,0.0,-0.9089361114577427,1783.2178823842546,-0.033950257148879344,0.999423523857391,0.0,-5097.449499489172
0.007050495062062318,-0.004747685686714621,0.030190542648224405,284.70884408637846,0.0,0.0,-0.8263542528205212,1443.349054316974,0.8294700073014492,-0.5585512572605436,0.0,-4780.370884760536
-0.007724166196109648,-0.0035478523891048536,-0.16926002245246086,284.9938597833802,0.0,0.0,-0.8445452886231549,217.143388033663,-0.9087254348364291,-0.41739439871821804,0.0,-4666.244731459765
0.004452137224809167,-0.007240750936986338,-0.12757875603944152,285.0873607843932,0.0,0.0,-0.9094160027051904,477.6005762740671,0.523780849977549,-0.8518530514101573,0.0,-4920.059146584301
0.00775923456984897,-0.0034704868376152463,0.14380904413589293,284.7611823948238,0.0,0.0,-0.8768568214563818,2139.0666459762538,0.9128511258645847,-0.40829256913120543,0.0,-4746.932155963776
0.008490895720623705,-0.0003933063201806739,0.10756332743841321,284.8160487763846,0.0,0.0,-0.8693146722863454,1915.3698321547747,0.9989289083086711,-0.046271331785961635,0.0,-4664.800509606897
-0.00834007811454255,-0.0016410658254099406,0.17258909034706468,284.8594441548456,0.0,0.0,-0.8279058404146376,2314.890640075561,-0.9811856605344175,-0.19306656769528713,0.0,-4697.705257900237
0.00792867026824765,0.0030636885901484385,-0.1513481964085801,285.0460446577974,0.0,0.0,-0.8835731143284951,327.45300361465564,0.9327847374409001,0.3604339517821692,0.0,-4651.555945112222
0.007746734383891426,-0.003498300499590385,-0.11697102995042906,284.9416597330431,0.0,0.0,-0.8932817565299388,543.0003489320491,0.9113805157519325,-0.4115647646576923,0.0,-4678.147172973291
0.007646596967879812,0.0037120822742513753,0.07641263964507558,284.93220346923613,0.0,0.0,-0.8701897159771689,1726.618570758951,0.8995996432799779,0.43671556167663234,0.0,-4739.417964096534
-0.0005436278613925966,0.008482597995208646,0.15248718993263835,284.53566137768945,0.0,0.0,-0.896343365542822,2194.9985189751005,-0.0639562189873643,0.9979527053186641,0.0,-5114.11142220225
0.007501709492123048,0.003996793051408965,-0.19570200739603252,285.0956938350111,0.0,0.0,-0.9018871018281491,62.15478682541564,0.8825540578968291,0.47021094722458406,0.0,-4679.777850733081
0.007457590215406659,-0.004078522793741734,0.0392681253216198,284.73230753524837,0.0,0.0,-0.8262154013428,1499.5317109056753,0.8773635547537245,-0.47982621102843925,0.0,-4746.837955523604
-0.006083891933684932,0.005936013724650866,-0.0782676860794071,284.91582307424267,0.0,0.0,-0.851577157945151,779.673030197334,-0.7157519921982272,0.6983545558412783,0.0,-4828.588950207559
-0.00259053237778946,-0.008095624867768053,0.1588936458982209,284.58321556546144,0.0,0.0,-0.832293747167008,2229.1614711655607,-0.30476851503405405,-0.9524264550315356,0.0,-5076.761109545392
-0.0008461792738507588,-0.008457776341125687,0.05408407603003104,284.758728402627,0.0,0.0,-0.8400192075538518,1588.6621943191542,-0.09955050280597161,-0.995032510720669,0.0,-5085.14982871379
-0.007154867693471377,0.004588885299167935,-0.08453726683350171,284.85427843566407,0.0,0.0,-0.8557887151600954,742.7916948423895,-0.8417491404083972,0.5398688587256394,0.0,-4740.560959107497
0.0027032378442780488,0.008058691280677216,-0.09152047241405153,285.19324406893196,0.0,0.0,-0.8265060425532006,692.5685298237959,0.3180279816797704,0.9480813271384959,0.0,-5005.943336175528
-0.00849874953050072,0.00014579580862905716,-0.17122504181529336,284.9490771241547,0.0,0.0,-0.8311504484635774,208.69032494871053,-0.9998528859412611,0.01715244807400672,0.0,-4589.1910249960865
0.008047136203932334,-0.002737443865243908,0.10250885913081378,284.7813834925588,0.0,0.0,-0.8544792052308521,1883.6055412320582,0.9467219063449804,-0.32205221944045975,0.0,-4708.1381349404455
0.00035081150890354113,0.008492757578385293,0.08952584944789102,284.6591897962208,0.0,0.0,-0.9087950917346864,1806.7216313561369,0.041271942223946013,0.9991479503982698,0.0,-5098.269646125105
0.008488853629573743,-0.0004351598047530425,-0.18737679638335247,284.99063867348997,0.0,0.0,-0.908998159262516,106.40092816380655,0.9986886623027932,-0.05119527114741676,0.0,-4585.881397126734
0.000828611789443659,-0.008459515500452434,-0.08290292747738444,285.04476519686625,0.0,0.0,-0.9067178327994114,746.9744865957646,0.09748373993454812,-0.9952371177002862,0.0,-5048.576396161889
0.0062177971082615895,-0.0057956017047838815,-0.12507549473101554,284.9270361673745,0.0,0.0,-0.905358713116038,490.90123908037623,0.7315055421484222,-0.6818354946804566,0.0,-4805.999002344918
0.008480191744573973,0.0005799551493516044,-0.022785101929461732,284.8950351948436,0.0,0.0,-0.8276460762460105,1118.1943752594632,0.9976696170087027,0.06823001757077699,0.0,-4630.935271403576
-0.006181508557789585,-0.005834291040904126,0.10655474130793166,284.81263334865395,0.0,0.0,-0.8373306502993303,1906.8716106573772,-0.7272363009164217,-0.6863871812828383,0.0,-4870.883896981016
-6.324062523202546e-06,0.008499997647425157,-0.037687996863044554,284.98320155991615,0.0,0.0,-0.8450948781597334,1023.1912864789642,-0.0007440073556708877,0.999999723226489,0.0,-5064.88834264682
-0.007733848778161676,-0.0035266957731745377,0.036670266364364795,285.02804519365674,0.0,0.0,-0.8910518257261791,1483.2983990908174,-0.9098645621366678,-0.41490538507935737,0.0,-4720.582814716391
0.001962880536245478,-0.008270253925994574,-0.1972106022170003,285.33827913332345,0.0,0.0,-0.8824964238779139,46.31241520982458,0.23092712191123266,-0.9729710501170087,0.0,-4998.625810750535
0.007650397417719915,-0.0037042434249039942,0.12159188149447034,284.72786461370185,0.0,0.0,-0.8613774961815416,1999.8399134674717,0.9000467550258723,-0.43579334410635223,0.0,-4751.185181165928
-0.004394057762204285,-0.0072761429605535015,0.006365633854364172,284.998174369965,0.0,0.0,-0.886106876656833,1297.8965811665894,-0.5169479720240334,-0.8560168188886472,0.0,-4959.124362442222
-0.00612711473685874,-0.005891389055339025,0.16693110393604607,284.68113016019157,0.0,0.0,-0.8266966332417788,2280.206180951316,-0.7208370278657341,-0.6931045947457677,0.0,-4891.159744612325
-0.008391736972816324,-0.0013523130477324833,-0.15703558648917165,284.95866397071796,0.0,0.0,-0.8417223654777616,294.60475955198973,-0.9872631732725087,-0.15909565267440978,0.0,-4604.005528933787
0.00844899268858769,0.0009297970467751483,0.08873257314185187,284.89864269616413,0.0,0.0,-0.8637494795449394,1802.4419794564742,0.9939991398338457,0.1093878878558998,0.0,-4664.071212515441
-0.007882839737706737,-0.00317975434108228,-0.00744274059059255,284.99534164111475,0.0,0.0,-0.9084855932288489,1210.8936677786041,-0.9273929103184395,-0.37408874600967995,0.0,-4694.577818710703
0.007255359953119501,-0.0044282899578358455,-0.04582191965289806,284.7689540879718,0.0,0.0,-0.8547647051219588,974.832881733786,0.8535717591905295,-0.5209752891571583,0.0,-4742.129025080915
0.0030783822755693986,0.007922976875231946,0.05256913020654483,284.859811480273,0.0,0.0,-0.8857002520109342,1576.0168054607707,0.36216262065522337,0.932114926497876,0.0,-5031.392736910306
0.0021914968513752947,-0.008212633046131563,0.12691545266868784,284.53858261977587,0.0,0.0,-0.8341852815710268,2034.9878657664615,0.25782315898532876,-0.9661921230743014,0.0,-5079.802463525319
-0.0005278790780704322,-0.008483592616276169,-0.006740882244595681,284.9551413222387,0.0,0.0,-0.8749170900321421,1216.756632452093,-0.062103420949462605,-0.998069719561902,0.0,-5071.494463264108
-0.00829458256467491,0.0018573906637514366,-0.1110788281680095,284.8743656944779,0.0,0.0,-0.8535287494424141,575.3902082638753,-0.9758332429029305,0.21851654867663958,0.0,-4626.208135274478
-0.00620610139947551,-0.0058081240878125285,0.06446582325227004,284.87470418487175,0.0,0.0,-0.8609184752767709,1652.8983321811047,-0.7301295764088835,-0.6833087162132386,0.0,-4857.736461404752
-0.0015198353825314757,-0.00836301981403879,0.1859281578563526,284.47950234556686,0.0,0.0,-0.8489022815371077,2397.382489335994,-0.17880416265076182,-0.9838846840045635,0.0,-5110.815955727177
0.0007233892810262708,-0.008469162175097151,-0.08947700169163528,285.0642119025601,0.0,0.0,-0.9083083499360972,711.6933446948073,0.08510462129720832,-0.9963720205996648,0.0,-5047.807144666801
0.00044728384547314525,-0.008488223439659135,-0.1189223252482585,285.1582962229661,0.0,0.0,-0.9091709238473705,528.9483358770952,0.052621628879193555,-0.9986145223128394,0.0,-5041.875634535852
-0.007995980324561142,-0.0028834525571320067,0.14724565745504817,284.8761470130941,0.0,0.0,-0.8319541908562317,2159.2319426398744,-0.9407035675954284,-0.33922971260376544,0.0,-4725.138723569763
0.003450327924140878,-0.007768219694105832,-0.06706467282026901,285.04848161771554,0.0,0.0,-0.8920524886482574,845.666040046083,0.405920932251868,-0.9139081993065684,0.0,-4984.50744557374
-0.008493256986755002,-0.0003385051800746495,0.03198501506322651,284.8944195867118,0.0,0.0,-0.9042378973446509,1452.0662012398748,-0.9992067043241177,-0.0398241388323117,0.0,-4644.279168799611
0.008336319653337471,0.0016600526007869243,0.16286819558877522,284.8313539353834,0.0,0.0,-0.9058352117605936,2257.84212963945,0.9807434886279377,0.19530030597493225,0.0,-4695.478917344081
-0.007977808562718205,-0.002933354826239079,0.0082088735803936,284.95028346413994,0.0,0.0,-0.9052896877610067,1304.7869640912295,-0.9385657132609653,-0.34510056779283277,0.0,-4689.603917548702
0.004186351425708231,-0.007397598376532121,-0.10494544338238569,285.07052423327787,0.0,0.0,-0.9053022027658291,617.2224162978049,0.49251193243626246,-0.87030569135672,0.0,-4940.113983853469
-0.000345490192188294,-0.008492975716855766,0.060095919716990714,284.7581927600642,0.0,0.0,-0.8356208499624385,1622.0107409312272,-0.0406459049633287,-0.999173613747737,0.0,-5090.396376114099
-0.008456016601080136,-0.0008635874259489642,0.1029065148173959,284.9059476481139,0.0,0.0,-0.8634726499652863,1887.9371496091096,-0.9948254824800159,-0.10159852069987814,0.0,-4667.150859090706
0.008232757120761637,-0.002114641858695834,-0.15446779163760227,284.90518185700023,0.0,0.0,-0.9043861333617916,310.96836115837453,0.9685596612660748,-0.24878139514068634,0.0,-4620.789982085749
-0.006951967350862306,0.00489082303426985,-0.18198958581474983,285.0292322011426,0.0,0.0,-0.8274164957496528,138.7437494535449,-0.8178785118661536,0.5753909452082175,0.0,-4731.846411281164
0.0004214858947913335,0.00848954354724045,-0.16926176480166943,285.2901653355284,0.0,0.0,-0.8479350841263228,219.06164454441333,0.04958657585780394,0.9987698290871116,0.0,-5028.506422462097
-0.008025739140516668,0.0027995555447925635,-0.17755519367815792,284.9960575377415,0.0,0.0,-0.8261514989383487,171.94370496186048,-0.9442046047666668,0.3293594758579486,0.0,-4635.09341302896
0.00342568028351413,-0.007779120425545716,0.10851014260827399,284.5085346451655,0.0,0.0,-0.8312817565619686,1921.0182958931928,0.40302120982519174,-0.915190638299496,0.0,-5032.644995234803
-0.00792409313616722,0.0030755077579722612,-0.13566360440029535,284.9667644863374,0.0,0.0,-0.8356704524438657,425.15340098419983,-0.9322462513137905,0.36182444211438364,0.0,-4656.20589544093
-0.005830777527223557,0.006184822829154021,-0.03628410924815123,284.75835451553183,0.0,0.0,-0.8763397061162486,1031.020076340321,-0.6859738267321831,0.7276262151945907,0.0,-4858.218798959101
-0.008411816187959765,-0.0012212077710111605,0.16167930724660132,284.81531303505665,0.0,0.0,-0.831545593302342,2248.2639012679733,-0.9896254338776194,-0.14367150247190122,0.0,-4687.459635388856
-0.006232186881511496,-0.005780125143447676,0.02928750843858613,285.0039713579314,0.0,0.0,-0.8833516745376632,1438.133030087925,-0.7331984566484113,-0.6800147227585501,0.0,-4846.3224344093205
0.008026386758859489,-0.002797698267720283,0.10863760513805767,284.7365865818688,0.0,0.0,-0.857961999611302,1921.8905906487266,0.9442807951599399,-0.32914097267297443,0.0,-4711.813537701764
0.0009283639589543062,-0.008449150274419002,-0.14313838140289412,285.0776825886106,0.0,0.0,-0.9045866004834044,374.5048058537463,0.1092192892887419,-0.9940176793434119,0.0,-5031.348324236409
-0.00848885967139079,0.00043504192836444776,0.0916367052980733,284.86517449680355,0.0,0.0,-0.8770706122985952,1814.1999122478935,-0.9986893731047988,0.05118140333699385,0.0,-4660.738053379914
-0.00012598312708048083,-0.00849906631646624,0.011566465580909208,284.83443543627186,0.0,0.0,-0.8612078086998899,1326.8275472376424,-0.014821544362409508,-0.9998901548783812,0.0,-5078.006539684677
0.003605360597981445,-0.007697491471805791,0.045370496505544394,284.71011933014404,0.0,0.0,-0.8299552281381299,1534.7246357788822,0.4241600703507582,-0.9055872319771519,0.0,-5008.011395510012
0.008275538537872586,0.001940479813908324,-0.16467161852620543,284.9526438546562,0.0,0.0,-0.8957713555162287,249.82147768111415,0.9735927691614805,0.22829174281274398,0.0,-4613.751342391752
0.005608776667750883,0.00638683210138589,-0.10943066868094985,285.26413373013565,0.0,0.0,-0.8395573785205188,586.4117442798847,0.6598560785589274,0.7513920119277517,0.0,-4854.060132764198
-0.005035014646814593,-0.0068482572605271285,0.13916430560920748,284.7707107671397,0.0,0.0,-0.8261091302290791,2107.984549239988,-0.5923546643311286,-0.8056773247678974,0.0,-4957.947783643412
0.0078307505373858,-0.0033059561432711125,-0.07653319983489906,284.75977168762637,0.0,0.0,-0.8680646497241961,787.816547726691,0.9212647691042117,-0.38893601685542495,0.0,-4681.02604157456
0.002939073433771196,0.007975703564633053,0.14248174558992996,284.6604075101883,0.0,0.0,-0.9085921438162635,2131.072677781382,0.34577334514955244,0.938318066427418,0.0,-5060.6207590574195
0.008060364991815422,0.0026982431689372244,0.1964927250261291,284.770782052888,0.0,0.0,-0.9092229617787748,2460.090377240669,0.9482782343312259,0.317440372816144,0.0,-4732.055652102071
-0.0008184211624910546,0.0084605074789156,0.10275845410049153,284.64160081410523,0.0,0.0,-0.9097885154135638,1887.9266376986425,-0.09628484264600642,0.995353821048894,0.0,-5098.490202137753
-0.003312234953832524,0.00782809680641534,-0.08046056839554255,284.9551027315053,0.0,0.0,-0.8369285663595109,762.5866720772966,-0.38967470045088515,0.9209525654606283,0.0,-4986.600614479888
-0.005833595607313405,0.00618216485467136,-0.052702836002556847,284.76787342935233,0.0,0.0,-0.8658477841954985,933.7687333031647,-0.6863053655662829,0.7273135123142777,0.0,-4853.613590616791
0.004265033271744635,0.007352515976923223,0.18802714860531763,284.54110038876047,0.0,0.0,-0.8977088868193096,2409.2785760267043,0.5017686202052511,0.8650018796380262,0.0,-5014.666738944423
-0.008499880568349317,4.505911447974438e-05,0.07910492999682031,284.8881475380367,0.0,0.0,-0.8829458337721648,1743.0326174495399,-0.9999859492175667,0.0053010722917346325,0.0,-4656.235638503261
0.008450538595108407,0.0009156404603244899,0.19096922166304584,284.79276904867965,0.0,0.0,-0.9097594071087378,2423.3732309992706,0.9941810111892243,0.1077224070969988,0.0,-4691.341456312367
0.0007837268594632057,0.008463791834027816,-0.09176354121665073,285.11101835403804,0.0,0.0,-0.8261094227956692,693.0842535530251,0.09220315993684772,0.9957402157679783,0.0,-5046.639887343089
-0.004947796557194023,-0.0069115345060716425,0.0017991691990428826,285.0356972314606,0.0,0.0,-0.8914971490754368,1267.3281575517153,-0.5820937126110615,-0.8131217065966637,0.0,-4926.3961442164655
0.006429044291534918,-0.005560340771704761,0.14965561142978326,284.6425562423992,0.0,0.0,-0.8684025133098233,2176.1599005998546,0.7563581519452844,-0.6541577378476189,0.0,-4863.437337739354
-0.00849239953483237,0.0003593746523879548,-0.17377815999894475,285.0032085396397,0.0,0.0,-0.829932330701427,190.4574875158824,-0.9991058276273376,0.04227937086917115,0.0,-4589.163111108276
-0.007703182627991827,-0.0035931848546665304,-0.15447283016175206,285.04875843091446,0.0,0.0,-0.8532036005077133,311.9077509859074,-0.9062567797637443,-0.42272762996076824,0.0,-4672.183475574792
6.812892283260121e-05,0.008499726963254389,0.09376409087006696,284.5879597281958,0.0,0.0,-0.9095779106435367,1835.9042766541866,0.00801516739207073,0.999967878029928,0.0,-5100.127952622063
-0.0002789126723270489,0.008495422751176977,-0.002301460981405379,284.9183037987117,0.0,0.0,-0.8678970841604698,1238.245020726376,-0.032813255567888104,0.9994615001384678,0.0,-5073.908782572623
-0.005099393187233806,-0.00680045506727259,-0.18877722769937919,285.2990213429031,0.0,0.0,-0.8518457921629091,104.7633767168891,-0.5999286102628008,-0.800053537326187,0.0,-4865.990142643828
0.008053899220429142,0.002717481802546405,0.1599463089461908,284.81818214465653,0.0,0.0,-0.9072328395948529,2236.600315168421,0.9475175553446049,0.31970374147604763,0.0,-4722.885036569482
0.007416860069323456,0.004152130382354975,-0.1661651821490245,284.9837928292776,0.0,0.0,-0.8868452121377682,238.40773757349316,0.8725717728615829,0.4884859273358794,0.0,-4695.411238002499
-0.0024169315566191078,-0.008149137491208425,-0.15881994163528207,285.2431695110331,0.0,0.0,-0.8851021230679503,282.6446054569361,-0.28434488901401267,-0.9587220577892265,0.0,-4996.814884756695
-0.004374260921458916,-0.007288061566081711,0.12071970277151997,284.7561049609013,0.0,0.0,-0.8274262244223177,1994.2022091228455,-0.514618931936343,-0.8574190077743189,0.0,-4990.861849091487
-0.002158455973711248,0.00822137870491016,-0.07662932620824323,284.994406290982,0.0,0.0,-0.8346462814852238,790.1329299705344,-0.25393599690720564,0.9672210241070774,0.0,-5026.068176649603
0.006502597990349561,-0.005474140971504285,0.1725528445329985,284.5729800771061,0.0,0.0,-0.8833369947667365,2315.8181729236376,0.7650115282764188,-0.644016584882857,0.0,-4863.787904712252
-0.008398087429078027,0.001312298568756981,-0.03556252368269777,284.8574091030013,0.0,0.0,-0.9001234225053505,1038.030541329757,-0.9880102857738855,0.15438806691258597,0.0,-4635.946532199722
0.007359592783233708,0.004252810137423764,-0.09145446453164427,285.084354100837,0.0,0.0,-0.841160251178364,692.511107760263,0.8658344450863185,0.5003306044027958,0.0,-4720.608950374078
0.0020366671666926925,0.008252392795554267,-0.1734234978799719,285.2962154559201,0.0,0.0,-0.8579372438463779,192.012360348992,0.23960790196384615,0.9708697406534431,0.0,-5003.21048793048
-0.0083928077755304,0.0013456513824153904,-0.11390289162999401,284.87136113796004,0.0,0.0,-0.8542421482877238,557.0855033049335,-0.9873891500624,0.1583119273429871,0.0,-4615.468260800648
0.00474685942061791,-0.007051051385495004,-0.12148332032800223,284.96686301054234,0.0,0.0,-0.90810416477454,514.5078065382266,0.55845404948446,-0.8295354571170592,0.0,-4905.183706888681
-0.006508500253400583,0.005467122136141148,-0.13633434342452694,284.93657675484127,0.0,0.0,-0.8285989154440694,420.02410412674993,-0.7657059121647745,0.6431908395460174,0.0,-4780.448053900966
0.008481480818616294,-0.0005607879487327508,-0.010464269998126968,284.88060487001496,0.0,0.0,-0.8270716770721761,1192.7798659231796,0.9978212727783875,-0.06597505279208832,0.0,-4634.107704267337
-0.005497841772090132,0.006482571700263781,0.1784945185093266,284.57243246956585,0.0,0.0,-0.8557007396906163,2345.1968968911883,-0.6468049143635449,0.7626554941486801,0.0,-4938.811870470873
-0.004183420633201146,-0.007399256165703883,-0.045843944262674685,285.0932823394582,0.0,0.0,-0.9074005692408427,972.0647255234468,-0.49216713331778184,-0.8705007253769274,0.0,-4956.119870865792
-0.006930810520536261,-0.004920758633424718,-0.04994334806825321,285.0456944160379,0.0,0.0,-0.9095409835465127,948.7766148995797,-0.8153894730042659,-0.578912780402908,0.0,-4769.062168370503
0.008499884147278381,-4.43788558400063e-05,-0.05908018652711816,284.8704636486836,0.0,0.0,-0.8422430962481218,894.2366629803151,0.9999863702680448,-0.005221041863530153,0.0,-4619.161212331203
-0.004358622468335886,-0.0072974249005054925,0.10347960894095545,284.7653609351568,0.0,0.0,-0.8316228941741031,1891.011760905652,-0.5127791139218689,-0.8585205765300579,0.0,-4987.06815725421
0.004530027970401707,0.007192276870878804,-0.1448533055278658,285.19912918699816,0.0,0.0,-0.8532177692136282,371.41039313511294,0.5329444671060831,0.8461502201033887,0.0,-4911.163803820755
0.008091310658601627,0.0026039761569568404,0.04596642109613516,284.9664578941833,0.0,0.0,-0.8458679623530048,1540.8242567700825,0.9519189010119561,0.30635013611256945,0.0,-4688.626633034751
0.001277065590377981,0.008403517327754644,0.1576569523649001,284.58734744099473,0.0,0.0,-0.9002728412905799,2228.889859368266,0.15024301063270365,0.9886490973828992,0.0,-5107.366103344696
0.0078118058734333575,0.003350475935713031,0.0688073413144101,284.96699554962106,0.0,0.0,-0.8633406317839664,1676.1850400746364,0.9190359851098067,0.39417363949565065,0.0,-4721.824563758534
0.0045704724494394595,-0.007166643676709125,-0.17690628021020527,285.1239147955875,0.0,0.0,-0.9033018278694264,167.94622111061247,0.5377026411105246,-0.8431345502010734,0.0,-4900.322722142616
0.008481856695949174,-0.0005550738593936614,0.14479223501676766,284.7508575438551,0.0,0.0,-0.8911143193055208,2146.3910094951525,0.9978654936410792,-0.06530280698748957,0.0,-4675.723058103817
-0.004077443714296763,0.007458180257726534,-0.19291208599737514,285.25583513219243,0.0,0.0,-0.8414096109383569,74.17716283803942,-0.4796992605055015,0.8774329714972392,0.0,-4921.994091445762
-0.004129169906997421,-0.007429667279168491,0.017412275952151474,284.9531097460404,0.0,0.0,-0.8780006561535311,1363.6655463398172,-0.485784694940873,-0.8740785034315871,0.0,-4975.837407501994
-0.005326784211841726,-0.006623848576203546,-0.11462577105924494,285.1802940668967,0.0,0.0,-0.8953031983431541,557.2435330855529,-0.6266804955107912,-0.7792763030827701,0.0,-4871.446229230352
0.0019246017481216319,0.008279245624519614,0.02997461459703546,284.9187991436065,0.0,0.0,-0.8776139726499806,1438.363353322353,0.22642373507313315,0.9740288970023074,0.0,-5060.48417833597
-0.00847252385256149,-0.0006828905972237649,0.11460308247326248,284.84097325766663,0.0,0.0,-0.8569631491972347,1958.5606936827392,-0.9967675120660575,-0.08034007026161939,0.0,-4668.587160299879
0.0008265176124555869,0.00845972036395416,-0.025190571483425406,284.99115336790834,0.0,0.0,-0.8484775048502805,1100.0025314922702,0.09723736617124551,0.9952612192887248,0.0,-5064.081307625086
-0.004018080949267677,-0.007490328796864139,-0.0194579513913668,284.98129662630294,0.0,0.0,-0.8978513785929019,1134.0414023058847,-0.4727154057961972,-0.8812151525722516,0.0,-4971.457237871043
9.290368169083342e-05,0.008499492273420119,-0.15239534181478862,285.2284021833486,0.0,0.0,-0.8380110227451654,322.19726280246414,0.01092984490480393,0.9999402674611904,0.0,-5034.060881814716
-0.0026291188203638413,-0.008083175998851482,-0.004923943016179239,284.9878389509281,0.0,0.0,-0.8839649615950218,1226.5564119702078,-0.3093080965133931,-0.9509618822178213,0.0,-5031.583482747366
-0.007345587183818044,0.004276955567331524,-0.09678195659496262,284.89734660948403,0.0,0.0,-0.850124360818106,662.0506119469959,-0.8641867275080051,0.5031712432154734,0.0,-4720.433881205792
-0.00845182437594423,-0.0009036950360574825,-0.05988486619973579,284.9521892950379,0.0,0.0,-0.8969221733214281,886.7376952307205,-0.9943322795228505,-0.10631706306558616,0.0,-4623.906788456071
0.0024783615286958554,-0.008130665663589935,0.18758214723772373,284.40407498441766,0.0,0.0,-0.8692154754057759,2406.089106783283,0.29157194455245355,-0.9565489015988158,0.0,-5087.9206700575405
0.002716515247835468,-0.0080542252829355,-0.15795755963343105,285.12354818060027,0.0,0.0,-0.9043524109967849,287.7010649596955,0.3195900291571139,-0.9475559156394704,0.0,-4987.680516373249
0.003877340599441074,-0.0075641410534128695,-0.13648725929400124,285.09931488191256,0.0,0.0,-0.9099532703036538,419.8285056447163,0.4561577175813028,-0.8898989474603375,0.0,-4946.82632716273
0.002503802614268619,-0.008122867256626913,-0.17991534182061203,285.2682489932614,0.0,0.0,-0.8945208016243514,153.28664332247024,0.2945650134433669,-0.9556314419561074,0.0,-4988.551869499498
-0.007481393901878637,-0.004034692712578389,0.14957964964947093,284.8150822109624,0.0,0.0,-0.8286147521113416,2170.687240289419,-0.8801639884563102,-0.47466973089157516,0.0,-4774.268121022571
0.0033276342609636655,0.007821563157404076,-0.16047552328690412,285.2141187271779,0.0,0.0,-0.8563896629149612,274.8407081452099,0.39148638364278415,0.9201839008710676,0.0,-4964.510492339079
0.007374304130373558,0.0042272495304577756,0.19767241911033076,284.7602852166567,0.0,0.0,-0.9065488649669798,2469.6758100805905,0.8675651918086539,0.497323474171503,0.0,-4796.859544367034
0.0023444180873931643,-0.008170293986846726,0.19874220090992947,284.48454314484644,0.0,0.0,-0.8756653301879183,2477.649501202549,0.2758138926344899,-0.9612110572760855,0.0,-5094.848824810025
0.002071169093025698,0.008243801222014947,-0.06956894287580068,285.128775186223,0.0,0.0,-0.8273956667344375,832.3363068367988,0.24366695212067035,0.969858967295876,0.0,-5030.210784902926
-0.007637776561676021,0.0037301969376847136,0.18385384905214244,284.7546214744689,0.0,0.0,-0.8380937074232081,2385.8513954712935,-0.8985619484324731,0.4388466985511427,0.0,-4769.064669353488
-0.00784377087105098,-0.0032749440487513915,0.17177123007766928,284.7912523499105,0.0,0.0,-0.8262712189900051,2307.600280508567,-0.9227965730648211,-0.3852875351472225,0.0,-4746.401417452701
-0.001222079672843666,0.008411689561153712,0.0005557605072142313,284.87124098328263,0.0,0.0,-0.8743922831707672,1260.6580042002095,-0.14377407915807836,0.989610536606319,0.0,-5066.053872708934
-0.006218115353867926,-0.005795260256967928,-0.16757222039673955,285.15310213108273,0.0,0.0,-0.8577308573230571,227.67966140249573,-0.7315429828079912,-0.6817953243491679,0.0,-4794.573339699683
0.005800737021557342,0.006213006519128567,-0.11988196814678297,285.1783926028522,0.0,0.0,-0.8459281931844589,521.9716761899094,0.6824396495949814,0.7309419434268901,0.0,-4837.91803998205
-0.005652127936491665,0.006348499806216464,0.20119368220462394,284.55181441949026,0.0,0.0,-0.8419480961055418,2489.3590273394493,-0.6649562278225488,0.7468823301431133,0.0,-4934.42540742181
-0.004156169610840986,0.007414597370452552,-0.11237502413289917,284.98313906592523,0.0,0.0,-0.8286859043498657,567.865548868718,-0.4889611306871748,0.8723055729944178,0.0,-4939.65408885935
-0.003358686657613855,-0.00780827919172763,-0.04298901356548715,285.0871005063981,0.0,0.0,-0.9047415352462845,992.243152016624,-0.39513960677810056,-0.9186210813797211,0.0,-4994.766826322447
0.00680790379987396,0.00508944455237128,0.13691036514883873,284.8362326966833,0.0,0.0,-0.9066597686881621,2095.405764308443,0.8009298588087012,0.5987581826319153,0.0,-4829.47704814449
0.003829461424034754,0.007588492946681161,-0.09438673722696551,285.2716427083154,0.0,0.0,-0.8284467656825409,677.202095197977,0.4505248734158534,0.8927638760801365,0.0,-4960.3687579474645
0.005406489390819262,-0.006558953610672878,0.11484568561870448,284.52831499464094,0.0,0.0,-0.8411935175525654,1961.5619098418795,0.6360575753905013,-0.7716416012556326,0.0,-4927.801791864091
-0.008179042889921105,0.0023137107435526644,-0.004022804635749638,284.82983768323993,0.0,0.0,-0.9076329689075543,1232.2279302869997,-0.9622403399907182,0.27220126394737226,0.0,-4666.521863312985
-0.007090620461793185,-0.00468754748955142,0.11691947732945404,284.87009985023116,0.0,0.0,-0.8377219398323379,1972.4278316559255,-0.8341906425639041,-0.5514761752413434,0.0,-4800.184067877003
0.00026453726906026833,-0.008495882534103102,0.07166852797554671,284.75166716094657,0.0,0.0,-0.8300248018681913,1698.9685056916426,0.031122031654149215,-0.9995155922474237,0.0,-5093.801966076092
-0.006269250063301628,0.0057399044977937165,0.11924821777371722,284.553994710282,0.0,0.0,-0.88756902278008,1982.4829710202362,-0.7375588309766621,0.6752828820933784,0.0,-4867.636491454023
-0.006139045099222816,-0.005878956137760201,-0.13533683003780914,285.1710120061246,0.0,0.0,-0.8788193271917486,427.81551935860625,-0.7222405999085665,-0.6916418985600236,0.0,-4809.1722657415785
0.0068510589051037464,0.005031201832445074,0.1685749982366734,284.70086977513245,0.0,0.0,-0.9098812551323547,2290.618630395797,0.8060069300122054,0.5919060979347145,0.0,-4834.382683211114
-0.002751383789292001,-0.008042380695044298,0.12269507245655845,284.6664541660607,0.0,0.0,-0.8260085201749106,2008.902643056922,-0.3236922105049413,-0.9461624347110937,0.0,-5061.8164654289785
-0.0060965846119315605,-0.005922976960073314,0.06133107190107448,284.9031942550557,0.0,0.0,-0.8621371895300906,1634.3999795850716,-0.7172452484625365,-0.6968208188321545,0.0,-4865.1007493926
0.007002599570688727,0.004818049320273721,0.07266598783138475,284.90365266271266,0.0,0.0,-0.8740874055157908,1702.1310856047658,0.8238352436104385,0.5668293317969083,0.0,-4795.865769042355
0.007681107461022061,-0.0036401357354130665,0.0799849071484248,284.6808117044462,0.0,0.0,-0.8382362860823084,1744.916558057007,0.903659701296713,-0.4282512629897725,0.0,-4737.154988803532
0.0023268680741946484,-0.008175309472141939,-0.200421328853087,285.2812614461372,0.0,0.0,-0.8823013064062609,27.71007028149884,0.27374918519937036,-0.9618011143696398,0.0,-4988.255432751424
0.003779720400016178,0.007613390420679972,-0.08547352949797028,285.17457920522094,0.0,0.0,-0.826836212409328,732.4668899520082,0.44467298823719736,0.8956929906682319,0.0,-4965.065088205933
-0.006540639979328814,-0.0054286304590389625,-0.12598277097721355,285.16232789889267,0.0,0.0,-0.8817245394244572,483.8972027140508,-0.7694870563916252,-0.6386624069457603,0.0,-4780.671199192098
-0.008478540284484052,0.0006036179622750666,-0.14941737434526764,284.9027604214074,0.0,0.0,-0.8381629437719188,341.62424609241236,-0.9974753275863589,0.07101387791471371,0.0,-4597.131318937879
-0.005862615749093955,0.006154651621211028,0.1446978382951932,284.609455697386,0.0,0.0,-0.8748165340738807,2146.2432186580672,-0.6897194998934064,0.7240766613189443,0.0,-4904.507656295317
-0.005307765514656745,0.006639098225016756,-0.09350117945091946,284.92059364012204,0.0,0.0,-0.8391118314204309,683.6285357476565,-0.6244430017243229,0.7810703794137359,0.0,-4878.3455302511975
-0.0052328783340614875,0.006698282193287312,-0.1521532110505872,285.14553815318243,0.0,0.0,-0.8262004513704458,324.493000272313,-0.6156327451837044,0.7880331992102719,0.0,-4867.416788936639
0.008382162481390407,0.0014104439498154567,0.14868222855750887,284.8215598512923,0.0,0.0,-0.9002217733366272,2168.783110326228,0.9861367625165184,0.16593458233123018,0.0,-4687.0054396731475
-0.00845854206563353,-0.0008384903839091265,-0.18983172701589507,284.99192119791104,0.0,0.0,-0.8282833742801583,91.88731318725377,-0.9951225959568858,-0.09864592751872076,0.0,-4588.351185021324
-0.00847219059097181,0.0006870128020995841,-0.05461753541408154,284.8885661521935,0.0,0.0,-0.8935139483483931,924.549643281889,-0.996728304820213,0.08082503554112754,0.0,-4623.220896891804
0.004353227852883165,-0.007300644304503695,-0.1847320295312581,285.2170481205375,0.0,0.0,-0.8995061401769848,122.7033120069675,0.5121444532803723,-0.8588993299416111,0.0,-4910.0292941231655
0.008423007006143768,-0.001141469655511271,-0.0036489468323228913,284.8092166152074,0.0,0.0,-0.8267607242626483,1236.2564246519817,0.990942000722796,-0.13429054770720833,0.0,-4641.95595279404
0.008498920266186932,0.0001354780757062175,0.014162932596597927,284.7977833854774,0.0,0.0,-0.8271347651995024,1346.7873973687056,0.9998729724925801,0.01593859714190794,0.0,-4638.911588291147
-0.007121923798271798,-0.004639849287596506,0.16636754827069059,284.752303568648,0.0,0.0,-0.8260044858108281,2276.84856632737,-0.8378733880319762,-0.5458646220701772,0.0,-4810.741197553742
-0.005473410819862268,-0.0065032125904828505,0.021824252783739423,284.975282786123,0.0,0.0,-0.8829986019683068,1387.010120251317,-0.6439306846896785,-0.7650838341744529,0.0,-4898.410727590858
-0.007952932132977255,0.0030001450778683798,0.024041115489712023,284.76560841424975,0.0,0.0,-0.9099987564230045,1403.839864801135,-0.9356390744679123,0.3529582444551035,0.0,-4696.265045199973
0.008438393338595205,-0.0010215272209550196,-0.03786149161112157,284.8914539206674,0.0,0.0,-0.8358953661391001,1024.2745323401177,0.9927521574817887,-0.12017967305353171,0.0,-4631.197026514753
0.0008824574417219015,0.008454068184226435,0.05317065547600611,284.799307363134,0.0,0.0,-0.8954033173331304,1585.4923439501044,0.10381852255551781,0.9945962569678157,0.0,-5084.522852135367
-0.004624215400348634,-0.007132084683399276,-0.12409302089895446,285.24515399999586,0.0,0.0,-0.8939052319362214,500.20928687569744,-0.5440253412174862,-0.8390687862822677,0.0,-4911.482778860332
-0.0033577619069586335,0.007808676903046862,-0.08111895075873257,284.9779702726342,0.0,0.0,-0.8368082811916852,759.2345383043847,-0.39503081258336864,0.9186678709466896,0.0,-4984.574668193009
-0.007815960627528195,0.0033407722863028357,-0.17099187650911063,285.01355895422614,0.0,0.0,-0.8262883311585643,207.56293474369903,-0.9195247797091993,0.3930320336826865,0.0,-4657.092769673007
-0.008316514893965626,0.00175658191338973,0.16206673220702114,284.73872992035,0.0,0.0,-0.8407923648300758,2249.700845530583,-0.9784135169371324,0.2066566956929094,0.0,-4697.272393941878
0.007982342400294083,-0.002920994660123039,-0.016908809208789732,284.761701457879,0.0,0.0,-0.8335729039610419,1153.585087073739,0.9390991059169509,-0.34364643060271044,0.0,-4682.424352689309
-0.00018572191099643353,0.008497970779649448,-0.20312692796308307,285.35701037225823,0.0,0.0,-0.8658775562212312,14.47934549558205,-0.021849636587815708,0.9997612681940526,0.0,-5020.292472609732
-0.0073718350520940385,0.004231553847550294,-0.1374354768104879,284.9943259617883,0.0,0.0,-0.831433666550492,415.07850508591906,-0.8672747120110633,0.4978298644176816,0.0,-4707.174279715882
0.0010943446382722058,0.008429259149693101,0.1605232207996947,284.49646530282286,0.0,0.0,-0.8984404526413873,2238.9927604646064,0.1287464280320242,0.9916775470227178,0.0,-5110.773922778764
0.008051519437175981,0.0027245246838260425,0.20473574730619706,284.7043878725355,0.0,0.0,-0.9078381696051204,2510.873834419403,0.9472375808442329,0.3205323157442403,0.0,-4735.13512772781
0.0023172792256019085,-0.008178032586789676,-0.08117641734913777,285.0818066110399,0.0,0.0,-0.9025952529009663,755.8198708809001,0.2726210853649304,-0.9621214807987852,0.0,-5020.519168477369
-0.0075750110799601015,0.0038560610911241686,-0.09757888728286372,284.92588701037675,0.0,0.0,-0.8518207575630102,659.6922940642534,-0.8911777741129531,0.453654246014608,0.0,-4699.373255501782
0.007281977500846205,0.004384381789622075,-0.08981047656241464,285.0447285484296,0.0,0.0,-0.839791206950573,702.0549977647208,0.8567032353936711,0.5158096223084794,0.0,-4727.97071553318
0.004661474654246192,-0.0071077882669519895,0.15014799352190453,284.55748748867,0.0,0.0,-0.8571970081218109,2176.455337837747,0.5484087828524931,-0.8362103843472928,0.0,-4982.952643049781
0.007873047850225244,0.003203922213173049,-0.00826988825034844,284.9887340130771,0.0,0.0,-0.82740889087195,1206.5709942018884,0.9262409235559109,0.3769320250791822,0.0,-4695.295460167138
-0.008194536781985702,-0.0022582220724905316,-0.16119609917490982,284.95486660569753,0.0,0.0,-0.8432353477973095,270.6119604224457,-0.9640631508218472,-0.26567318499888604,0.0,-4622.808452215104
0.007016686321436441,0.004797511132510976,0.16053282046026499,284.7586410839446,0.0,0.0,-0.9098598009417664,2241.158116242225,0.8254925084042871,0.564413074413056,0.0,-4818.237113269191
-0.008499982032714203,-1.747694297447221e-05,0.053630386036962824,284.902065331887,0.0,0.0,-0.8965322846054948,1584.1949761774613,-0.9999978862016708,-0.002056110938173201,0.0,-4649.390500296822
-0.008348180589462207,0.0015993376271839696,0.11059387452115496,284.84577548871107,0.0,0.0,-0.8707384852006984,1933.7071884344555,-0.9821388928779066,0.18815736790399643,0.0,-4680.2489331530405
0.0063126042248146065,-0.005692190079473171,0.17643612098342457,284.65929423035743,0.0,0.0,-0.884328325367144,2336.6986810349167,0.7426593205664243,-0.6696694211144907,0.0,-4879.657659037204
-0.008037001236949932,0.0027670582063385064,-0.07364467851043413,284.78406927767173,0.0,0.0,-0.8726367550130386,808.2134355039268,-0.9455295572882272,0.32553625956923604,0.0,-4661.870168388657
-1.4037470669410369e-05,0.008499988408781346,-0.0502797070447365,284.996339723777,0.0,0.0,-0.838796196089141,946.1179898269104,-0.0016514671375776903,0.999998636327217,0.0,-5061.509122468962
0.0011208996996024208,0.008425769036914743,0.05578679547464829,284.80249226125784,0.0,0.0,-0.8957783038434145,1597.8660274524125,0.13187055289440244,0.9912669455193815,0.0,-5082.315658232687
-0.008499899648463838,-4.130334180579954e-05,-0.11908223056309798,284.90123942127093,0.0,0.0,-0.8576391165239567,525.1149310223869,-0.9999881939369221,-0.00485921668303524,0.0,-4603.0614981474955
0.005523009568217969,-0.006461142724733202,0.16741151070136254,284.6610843021392,0.0,0.0,-0.8734962148196126,2284.8794287639585,0.6497658315550551,-0.760134438203906,0.0,-4934.149203582072
0.0034681629574893993,-0.007760273558341767,0.01806154195282586,284.76511366949904,0.0,0.0,-0.8410369773207252,1366.8251137675295,0.4080191714693411,-0.9129733598049137,0.0,-5006.594736062247
0.002958455613524402,-0.007968534393651442,-0.021837203094193625,284.84688608404946,0.0,0.0,-0.86712468278413,1122.4144753693545,0.3480536015911061,-0.9374746345472285,0.0,-5015.839061978803
0.005856359766122359,0.006160604701629806,-0.19744430907849062,285.24486816783343,0.0,0.0,-0.8932266952506152,45.982526436865726,0.6889835018967481,0.7247770237211536,0.0,-4813.159899598899
-0.006455399602020004,0.0055297211483256534,-0.0699533029399741,284.85477744078065,0.0,0.0,-0.8592634755378997,826.9061667613985,-0.7594587767082357,0.6505554292147827,0.0,-4802.449881926206
-0.0050204424256648774,0.006858947284429599,0.1946060282473033,284.5143805609087,0.0,0.0,-0.8488827484631206,2451.0986911355376,-0.5906402853723385,0.8069349746387763,0.0,-4973.714756882127
-0.002663051278349605,-0.008072060324903459,-0.1961875980595898,285.26607817601274,0.0,0.0,-0.8603313276452531,52.3809444822553,-0.31330015039407116,-0.9496541558709951,0.0,-4979.175229895365
0.00432026659673569,0.007320197847949865,0.15699980439447395,284.62725773131376,0.0,0.0,-0.9080988536279303,2218.962291980437,0.5082666584394929,0.8611997468176311,0.0,-5003.454500464231
-0.0036489826089768944,0.007676908617365729,-0.14297713744646542,285.0774615118445,0.0,0.0,-0.8266532158158826,379.6969692953942,-0.42929207164434047,0.9031657196900857,0.0,-4955.551939775546
0.005052266328497727,-0.0068355398430502996,0.1262035313772719,284.6140725799761,0.0,0.0,-0.8452985622059814,2028.5222516551296,0.594384273940909,-0.8041811580059175,0.0,-4953.410711380413
0.008198611023252578,0.002243385229825969,-0.14871404160052923,284.9448988173233,0.0,0.0,-0.8859324193512327,343.00430131949116,0.9645424733238327,0.2639276740971728,0.0,-4625.750550338013
-0.007878294815986217,-0.003190998400564424,0.004894989702709351,284.9662634632155,0.0,0.0,-0.9056368944444046,1282.7841678946068,-0.9268582136454372,-0.37541157653699103,0.0,-4698.324184711354
-0.006662654566087899,-0.005278165792487772,-0.08046863227709689,285.0857761424431,0.0,0.0,-0.9035131102850855,765.6268797504606,-0.7838417136573999,-0.6209606814691496,0.0,-4783.071408644402
-0.0067123306510418175,-0.0052148458492159225,0.053442938289591374,284.9780666927128,0.0,0.0,-0.8718289552124827,1581.6683517780898,-0.7896859589460962,-0.6135112763783438,0.0,-4814.952627244296
0.008492644354953768,-0.00035354187909201925,-0.013124732448008797,284.90604660368615,0.0,0.0,-0.827231309125264,1178.5177294354864,0.9991346299945608,-0.04159316224611991,0.0,-4632.239926422905
-0.007475396700193786,0.004045793392491993,-0.0725778528568578,284.8407464532198,0.0,0.0,-0.8664244902319151,810.6031796641851,-0.8794584353169159,0.475975693234352,0.0,-4715.211151777931
-0.007876675397366735,-0.003194993690841599,0.07698310912846104,284.98787907728354,0.0,0.0,-0.8682391617367328,1726.5552096897127,-0.926667693807851,-0.3758816106872469,0.0,-4717.820278399373
-0.0022249322146646205,0.00820363801250077,0.1462097948557308,284.501847402056,0.0,0.0,-0.8929509277008095,2151.9124696861395,-0.26175673113701414,0.9651338838236201,0.0,-5084.07972016199
0.0037637870658198316,0.007621279874349672,-0.1437470139635474,285.19787544920206,0.0,0.0,-0.8486062085336326,375.0843344225741,0.44279847833174485,0.8966211616881967,0.0,-4950.16271129932
-0.0018389243211914073,-0.008298696122941889,0.11069762729449198,284.7321916091956,0.0,0.0,-0.8261793240291515,1935.4231020391385,-0.21634403778722436,-0.9763171909343398,0.0,-5084.105276638598
-0.0031834987229412927,0.007881328306892891,-0.07623415893565119,284.9911095150245,0.0,0.0,-0.8383315477481715,789.425178880475,-0.374529261522505,0.9272150949285753,0.0,-4992.827179164383
0.007601956623069197,0.0038026642635097803,0.13766422817652643,284.83774850388636,0.0,0.0,-0.9034031772931274,2099.445423650122,0.8943478380081408,0.4473722662952682,0.0,-4759.996760766604
0.007164181269025052,0.0045743312893307825,0.009709991811540752,285.0409349910395,0.0,0.0,-0.8363426703554938,1312.4418827025086,0.8428448551794178,0.5381566222742097,0.0,-4765.034641797253
-0.00101623638617475,0.008439032148736874,-0.12307640762527763,285.17541700990415,0.0,0.0,-0.8267999604095702,499.36243722652296,-0.11955722190291175,0.9928273116161027,0.0,-5035.690171497196
0.008440995535853056,0.000999797161282619,0.019222724396425,284.933111985723,0.0,0.0,-0.8295225855634984,1374.5628300405995,0.9930582983356536,0.11762319544501398,0.0,-4646.244811388427
-0.002744432253765934,0.008044755534165674,-0.030296045745809075,284.8967015678234,0.0,0.0,-0.8623256846346772,1068.90483826695,-0.3228743827959922,0.9464418275489028,0.0,-5021.00273109579
-0.008482576251639451,0.0005439670349592987,-0.0698027528631372,284.8829509419802,0.0,0.0,-0.8857769107971522,830.8724429495397,-0.9979501472517001,0.0639961217599175,0.0,-4618.074453742806
0.004086436038502933,-0.007453257039927206,-0.13830755982352827,285.07871521868026,0.0,0.0,-0.9099531701761724,412.57469659810823,0.48075718100034504,-0.8768537694032007,0.0,-4936.197008189188
0.007726544755084671,-0.0035426693534217337,0.07711621266988142,284.75953098245566,0.0,0.0,-0.8373231904577494,1731.292411838349,0.9090052653040789,-0.41678462981432157,0.0,-4732.121863760121
-0.0011782004932570525,0.008417947706994196,0.08670255615461922,284.6001368272877,0.0,0.0,-0.9097772620577999,1787.7320590769052,-0.13861182273612382,0.9903467890581407,0.0,-5089.8078369503555
0.007358628450496075,-0.004254478502419508,-0.1757107785947082,285.0111485383365,0.0,0.0,-0.9098808118552353,179.0535802178702,0.8657209941760088,-0.5005268826375892,0.0,-4698.090034298541
0.007038495412371523,-0.004765457200523895,0.10690926255804337,284.67577871230435,0.0,0.0,-0.8468550061911713,1915.3729444702833,0.8280582838084144,-0.5606420235910464,0.0,-4801.983543472582
0.006808719990658653,-0.005088352590849541,-0.08323512607599128,284.8395934016401,0.0,0.0,-0.882265831267478,747.1917408588848,0.8010258812539591,-0.5986297165705342,0.0,-4770.345941238299
-0.007152539435606541,0.004592513431890349,0.09515292430376007,284.6244022984109,0.0,0.0,-0.8945195808666556,1839.4779108746873,-0.8414752277184165,0.5402956978694529,0.0,-4788.973387449734
0.00796775677388425,0.002960549272047617,0.0064682237590911185,284.9886915937496,0.0,0.0,-0.8302708470892518,1295.2615733355426,0.9373831498687352,0.34829991435854313,0.0,-4690.113022456652
-0.007437882781102731,-0.004114352893782388,-0.03502424017203057,285.0102071664009,0.0,0.0,-0.9099791995492863,1042.592549255061,-0.8750450330709094,-0.48404151691557507,0.0,-4728.693576279862
0.00552223143492789,-0.006461807794966844,-0.164761194520062,285.1092189233929,0.0,0.0,-0.9087254441682411,249.06565429251938,0.6496742864621047,-0.7602126817608051,0.0,-4845.082038544363
-0.008458639633579552,-0.0008375055517649972,0.15006057591963176,284.78340371285174,0.0,0.0,-0.8370764623833153,2178.876992484003,-0.9951340745387708,-0.09853006491352907,0.0,-4679.531750939443
-0.007540598832347496,-0.003922928657215114,-0.17178724396934164,285.0296449910253,0.0,0.0,-0.8449090201581677,200.22591441922117,-0.887129274393823,-0.4615210184958958,0.0,-4682.631465648795
-0.0022084446676029325,0.008208091870230022,0.18123075902193156,284.50777223077284,0.0,0.0,-0.8722526403545179,2365.6365577302363,-0.25981701971799204,0.9656578670858849,0.0,-5093.920737723399
-0.0002502396581088371,-0.008496315678781573,-0.12239241972016608,285.20671373100504,0.0,0.0,-0.9076749937265118,504.64085739307853,-0.029439959777510245,-0.9995665504448908,0.0,-5041.781656401422
-0.00821152624237225,-0.0021956404010747975,0.127584506439711,284.8660098714553,0.0,0.0,-0.84272654106904,2039.2010657811438,-0.9660619108673234,-0.25831063542056437,0.0,-4698.58871865601
0.007748772820035696,0.003493783018946091,0.08544632762723656,284.86598869074606,0.0,0.0,-0.874784325919118,1780.046323655202,0.9116203317689053,0.4110332963465989,0.0,-4732.261907595799
0.002796491660576881,-0.008026807235278792,0.0952820893326333,284.62790775426987,0.0,0.0,-0.8270551836684795,1844.7935751603263,0.3289990188913977,-0.9443302629739755,0.0,-5052.937731432065
-0.008474142535133483,-0.0006625015428219637,-0.10516842473676126,284.93193554494644,0.0,0.0,-0.8695589883891247,609.248574520464,-0.9969579453098214,-0.07794135797905455,0.0,-4609.457017492979
0.0055629346786073165,-0.006426799962776819,-0.08861036639664997,284.77026476984634,0.0,0.0,-0.8932324703339376,713.6705965734425,0.6544629033655666,-0.756094113267861,0.0,-4862.7649426363705
0.00837983939794026,-0.0014241810505438634,-0.020756808177094604,284.9073695020551,0.0,0.0,-0.8308718779577168,1123.5310595763065,0.985863458581207,-0.1675507118286898,0.0,-4641.783326300262
-0.0015400153260835758,0.008359327293235247,-0.18777298992655594,285.3050993302586,0.0,0.0,-0.8498758348371074,103.24818882525891,-0.18117827365689126,0.9834502697923818,0.0,-5010.178631339483
0.0020565017635950015,-0.008247472370146544,0.1334989035289216,284.52740916337825,0.0,0.0,-0.8364080878420003,2077.3426089400054,0.24194138395235312,-0.9702908670760639,0.0,-5085.061100357301
-0.002626523314471276,0.008084019747535184,-0.1750782107037062,285.31391327626756,0.0,0.0,-0.838681286834189,185.05316099977009,-0.3090027428789736,0.9510611467688452,0.0,-4986.015411281313
-0.0037103865172186017,0.007647419950077439,0.11345010383671303,284.6167271075098,0.0,0.0,-0.9021943297447301,1952.448780827689,-0.4365160608492472,0.8996964647149928,0.0,-5021.597473329768
-0.0054438525518318145,-0.00652797590328842,-0.0027745502152300983,284.9806366845894,0.0,0.0,-0.8962458163955475,1243.1196640014527,-0.6404532413919781,-0.7679971650927552,0.0,-4893.776252538664
-0.005092499604898579,0.006805618838438414,-0.10701784410673665,284.9201087990717,0.0,0.0,-0.8327120309841758,601.1497899352054,-0.5991176005763034,0.8006610398162839,0.0,-4888.353459782624
-0.0039890872424718,0.007505809947763715,-0.022846910803176662,284.75380739047426,0.0,0.0,-0.8737933270422327,1116.945634651678,-0.4693043814672706,0.8830364644427899,0.0,-4971.9618359197
0.007094844594184816,-0.004681151587415911,-0.0627943255866297,284.8143202475157,0.0,0.0,-0.8669395222093929,871.86526395838,0.8346875993158607,-0.5507237161665777,0.0,-4751.603250997045
-0.0020649143860845603,-0.008245370129845053,-0.16359879674321098,285.3230073256483,0.0,0.0,-0.8839321904549674,258.0594946155367,-0.2429311042452424,-0.9700435446876533,0.0,-5005.140810477846
0.007029887373758344,-0.00477814645153045,-0.10500849420841973,284.81899435343314,0.0,0.0,-0.8929272204778317,611.5805623578701,0.8270455733833345,-0.5621348766506411,0.0,-4745.865061959411
-0.00807462744672369,-0.0026552573503554155,0.01900070627523265,285.00750571097046,0.0,0.0,-0.9024520565360901,1371.443758060295,-0.9499561702027871,-0.3123832176888724,0.0,-4683.0343913292945
0.001839762123429682,0.008298510428335529,0.032014400430594864,284.8010592606464,0.0,0.0,-0.8793017137194015,1449.62052506707,0.21644260275643318,0.9762953445100621,0.0,-5062.976373257107
-0.005663974329298009,-0.006337933006671275,-0.1430385216230588,285.18272501216717,0.0,0.0,-0.8771757719984542,379.79228438982346,-0.6663499210938834,-0.745639177255444,0.0,-4841.254035641459
0.008495689823239581,-0.0002706555510301205,-0.07284206259741705,284.9127473794301,0.0,0.0,-0.8507722646646376,810.3108540616321,0.9994929203811271,-0.03184182953295535,0.0,-4615.903124523337
-0.00392290177171192,0.007540612819227592,0.16389080750776017,284.557067422524,0.0,0.0,-0.8742882983012236,2263.3304051302007,-0.46151785549552,0.8871309199091284,0.0,-5025.2512628391805
0.007506432184915399,0.003987916229469501,0.09775409900970852,284.93654803466865,0.0,0.0,-0.8849576752635052,1857.3005144183521,0.8831096688135763,0.46916661523170594,0.0,-4758.078327143519
-0.0024343899633819137,0.008143939188512242,-0.008837545480510162,284.8088148798627,0.0,0.0,-0.8744852960858223,1202.657659388714,-0.2863988192214016,0.9581104927661459,0.0,-5036.538266405924
-0.0062450278547104745,-0.005766248962184194,-0.019593213258191106,285.08417512605445,0.0,0.0,-0.9059043026025092,1134.0404410462843,-0.7347091593777029,-0.6783822308451992,0.0,-4832.232362743466
0.008066661741409959,-0.00267935969023811,-0.030468131961256972,284.83308629739236,0.0,0.0,-0.8383671718128088,1070.9023595711515,0.9490190284011716,-0.3152187870868364,0.0,-4670.545291974644
-0.000731675946495112,0.008468450289711837,0.10617286680110297,284.65534872425246,0.0,0.0,-0.9095744551488264,1908.0797123908999,-0.086079523117072,0.9962882693778631,0.0,-5100.225142196074
-0.005478315232282749,0.0064990816440277785,0.14869064713727256,284.5916875838106,0.0,0.0,-0.8747971884446689,2172.9355385752274,-0.6445076743862057,0.7645978404738563,0.0,-4932.12095001579
-0.001131787506257573,-0.008424313446250636,-0.045546418345978834,285.0836671442028,0.0,0.0,-0.8990367251529809,980.4738486680426,-0.13315147132442035,-0.9910956995588983,0.0,-5054.979330925272
-0.005063390457812352,-0.0068273037922546576,0.13163928812520373,284.87847060232286,0.0,0.0,-0.8267683515750326,2064.565416982159,-0.5956929950367473,-0.803212210853489,0.0,-4954.183794281915
0.004822012262102282,0.00699987126625449,-0.1587078968697747,285.2101021480663,0.0,0.0,-0.8635479348560701,281.0398188198542,0.5672955602473273,0.8235142666181753,0.0,-4890.817161369549
0.00012307553293041084,-0.008499108918774596,-0.08226122282801165,285.1029929342165,0.0,0.0,-0.9078062088330007,754.8562184796414,0.014479474462401276,-0.9998951669146584,0.0,-5052.83766754712
0.005743960065362821,-0.006265534515707111,-0.12217506392432087,284.97141322155124,0.0,0.0,-0.9059910141179676,507.7729016151968,0.6757600076897436,-0.7371217077302483,0.0,-4841.294625596137
0.007472956792894666,0.004050298355865833,0.04941160801872366,285.0131465125597,0.0,0.0,-0.8549120429975963,1558.406179966084,0.8791713873993724,0.47650568892539213,0.0,-4748.162148377507
-0.006775802007222738,-0.005132105528817224,0.1476718207998087,284.78099963002836,0.0,0.0,-0.827109023672314,2163.8718307328377,-0.7971531773203221,-0.6037771210373204,0.0,-4835.019866225841
0.00472162063673042,-0.007067976978089377,0.1453315272132241,284.5497182725411,0.0,0.0,-0.8545705615579363,2144.764733199311,0.5554847807918141,-0.8315267033046325,0.0,-4978.223515005704
0.002207088551578227,-0.008208456622623544,-0.022641370029917895,284.9482761219831,0.0,0.0,-0.8715367396638499,1117.9596179076223,0.259657476656262,-0.9657007791321817,0.0,-5039.259803808795
-0.004891090531360825,-0.0069517791545785235,0.06262050471110567,284.90030332074843,0.0,0.0,-0.8537353297558941,1640.3495158691344,-0.5754224154542147,-0.817856371126885,0.0,-4946.111802484023
0.008471496153583436,-0.0006955234861750174,-0.07523185442503652,284.92934705434254,0.0,0.0,-0.854153537447696,791.8263616181405,0.9966466063039336,-0.08182629249117851,0.0,-4617.761882477601
0.0023450846974293156,-0.008170102677560598,-0.02281938167535591,284.8149711114696,0.0,0.0,-0.8709453713242872,1114.6672951094572,0.2758923173446253,-0.9611885503012468,0.0,-5035.386435728881
0.0034602918709313703,-0.007763786458163715,-0.18973091564863945,285.2395483713859,0.0,0.0,-0.8935268810363387,90.45838158310745,0.40709316128604356,-0.9133866421369076,0.0,-4951.177653141482
-0.00035124820927626827,-0.008492739528295932,-0.09769189308551537,285.14541964942725,0.0,0.0,-0.9099780271293685,658.203419893953,-0.0413233187383845,-0.999145826858345,0.0,-5048.038628568403
-0.0010586072142992294,-0.008433821836263417,0.12859416900223572,284.62226437661263,0.0,0.0,-0.8275784014384134,2046.3292482721033,-0.12454202521167405,-0.992214333678049,0.0,-5102.6761595510725
-0.0072585813472101635,-0.004423007667406049,0.10611942569108287,284.83770572657556,0.0,0.0,-0.8441903890635925,1907.0388389518273,-0.8539507467306074,-0.520353843224241,0.0,-4782.609039178939
0.008470527368102554,0.0007072242262717135,0.0630522593015739,284.9088411131936,0.0,0.0,-0.8470861728264552,1643.0808547572476,0.9965326315414769,0.08320285014961334,0.0,-4654.962454092745
-0.008379557884883967,-0.0014258364751537737,-0.17488754659315503,285.0270507108685,0.0,0.0,-0.8340631139087438,182.07503976900415,-0.9858303393981137,-0.16774546766514983,0.0,-4600.459909359799
0.007820078571657363,-0.0033311216028697223,-0.017821599261712867,284.7991226650352,0.0,0.0,-0.8352314583210759,1146.7347108216754,0.9200092437243956,-0.39189665916114375,0.0,-4697.79511156316
-0.00817838088006198,-0.0023160496930412894,-0.18815234459350705,285.0189146662608,0.0,0.0,-0.8318506058348679,102.46198449632543,-0.9621624564778799,-0.2724764344754458,0.0,-4617.187201901593
0.007058585543381099,0.004735648860163871,0.19523243195397802,284.7059444861707,0.0,0.0,-0.9059772592253645,2453.8427574276543,0.8304218286330703,0.5571351600192789,0.0,-4823.955251036334
0.002714795260909558,-0.008054805192637685,-0.03367229445587,284.8370802282081,0.0,0.0,-0.8759708127335205,1048.7850825246858,0.3193876777540656,-0.9476241403103158,0.0,-5021.082234751633
0.0017368288631629393,-0.008320662563767633,-0.05300644147935127,284.92499112726273,0.0,0.0,-0.8919409459103413,932.1468012037768,0.20433280743093402,-0.9789014780903096,0.0,-5042.407925278354
-0.0020056445703726883,-0.008259987279489876,0.07753459947872096,284.7878994259752,0.0,0.0,-0.8338365237378753,1732.9726363191153,-0.23595818474972804,-0.9717632093517501,0.0,-5071.304409135632
-0.007220728451427496,-0.00448453795064168,0.09471328923974784,284.95168371000256,0.0,0.0,-0.8502461564243433,1833.9405420937073,-0.849497464873823,-0.5275927000754917,0.0,-4782.8866676350535
-0.00523394064617152,-0.0066974521508073245,0.17592555288786701,284.68649450922504,0.0,0.0,-0.8304010607993062,2332.6118181457887,-0.6157577230790023,-0.7879355471538029,0.0,-4955.370206225839
-0.0028448025764471687,-0.008009812625838358,-0.118951912420926,285.1644575715737,0.0,0.0,-0.902820060412881,528.9493911795354,-0.33468265605260805,-0.9423308971574538,0.0,-4993.8005809618435
-0.00320770590361445,-0.007871507024446908,-0.005508899126788869,284.9870189143161,0.0,0.0,-0.8870730837301268,1224.8900776564233,-0.37737716513111175,-0.9260596499349303,0.0,-5010.860051777847
0.006240261339927648,-0.0057714069696569135,0.10835848370525478,284.6052915676296,0.0,0.0,-0.8423619057776186,1919.5856524918959,0.7341483929326644,-0.6789890552537545,0.0,-4866.923288659095
0.007370928156289875,0.00423313336841791,0.13609122525168219,284.86467982621974,0.0,0.0,-0.9041375529210982,2091.7177915948473,0.867168018387044,0.498015690402107,0.0,-4780.640916215715
-0.0030925236503506134,0.007917467869970937,-0.13051441321823795,285.1295069105754,0.0,0.0,-0.8260680766336786,457.1659683615104,-0.3638263118059545,0.9314668082318749,0.0,-4981.741320445635
-0.0057995605551573555,-0.0062141047116268415,-0.10985066165641146,285.1258828042328,0.0,0.0,-0.8952890943032719,580.9273585085427,-0.6823012417832183,-0.7310711425443343,0.0,-4840.692478065788
0.00011777616773016028,0.008499184006380542,-0.00781404525338153,284.9607220612201,0.0,0.0,-0.862405249610433,1207.5173400878994,0.013856019732960032,0.999904000750652,0.0,-5072.819073550009
0.0065599540838836125,0.005405275424743749,0.06656171994857266,284.8860262832911,0.0,0.0,-0.8737961226546941,1663.2365494382543,0.7717593039863073,0.6359147558522057,0.0,-4830.788556177878
0.0029309723463819505,-0.007978684171261843,0.00742609468128666,284.74839566511326,0.0,0.0,-0.8491343006634391,1304.6541289889858,0.3448202760449353,-0.9386687260308051,0.0,-5024.67591684616
0.005088997225049325,-0.006808238189387933,-0.15102539270920198,285.04300857002676,0.0,0.0,-0.909782730735137,327.1851562219486,0.5987055558881559,-0.8009691987515214,0.0,-4876.763721433378
-0.007134882218834171,0.004619897804428577,0.18758959549121904,284.6794357774741,0.0,0.0,-0.8400114236191444,2406.2540797667966,-0.8393979080981376,0.5435173887563032,0.0,-4815.309822690905
-0.004097822101420868,0.007447003023035956,-0.10465175423955363,285.03482127760253,0.0,0.0,-0.8305554832176748,617.146948838584,-0.48209671781421976,0.8761180027101124,0.0,-4944.659112138084
0.00838476043718769,0.0013949166322659197,-0.13899830927948048,284.9588682407397,0.0,0.0,-0.8841416792099406,402.87502611082743,0.9864424043750224,0.16410783909010818,0.0,-4609.557579135478
-0.0066067303249136575,-0.005348000973622414,-0.07072689834313636,285.05976764300215,0.0,0.0,-0.9066289736723679,821.7750487286507,-0.7772623911663126,-0.6291765851320487,0.0,-4790.204287810935
0.00027728241736797076,-0.008495476117382626,0.07159973819874818,284.70431767524076,0.0,0.0,-0.8300168039166299,1698.4680993849145,0.032621460866820086,-0.9994677785156031,0.0,-5093.741455586203
-0.0062050592770607265,0.005809237417093799,-0.13772929747021173,285.0060330490323,0.0,0.0,-0.8276177146661626,413.461109873905,-0.7300069737718501,0.6834396961286822,0.0,-4803.567757291655
0.0004649247263962899,-0.00848727547560378,0.19335256328954917,284.455400012212,0.0,0.0,-0.862814889029876,2441.53037826367,0.05469702663485763,-0.9985029971298562,0.0,-5125.5587014777475
0.006320714436286227,0.0056831830003021095,-0.04450276494961636,285.08826185668823,0.0,0.0,-0.8260532047559409,983.8841253332038,0.7436134630924972,0.6686097647414246,0.0,-4819.7574014973425
0.007027571836932125,0.004781551429897878,-0.08898758822633529,285.1266269395265,0.0,0.0,-0.8377389472741035,713.5861733253716,0.8267731572861323,0.5625354623409268,0.0,-4750.361585619661
-0.0054810257986218835,0.006496795840631084,0.1026987076552742,284.62707036952366,0.0,0.0,-0.9000191947327475,1884.494343379453,-0.644826564543751,0.7643289224271863,0.0,-4919.600740539781
-0.002574286083444828,-0.008100805587136523,-0.12711768570334955,285.18028788280566,0.0,0.0,-0.9005268922936311,482.1098569183553,-0.3028571862876268,-0.9530359514278262,0.0,-5000.537365929333
-0.005359928502407185,0.006597057408351323,-0.1347472273460445,284.97380211530964,0.0,0.0,-0.8267409543679501,433.7534644307713,-0.63057982381261,0.7761244009825086,0.0,-4863.89070261058
0.005998243338254638,0.006022547372589432,-0.10509798141666148,285.1562263862273,0.0,0.0,-0.8394448134714169,611.1632084163504,0.7056756868534868,0.7085349850105214,0.0,-4827.6925835884285
0.008195911555125831,0.002253227414300406,0.10123891707713137,284.84060543097667,0.0,0.0,-0.8783489144706832,1875.895541287994,0.964224888838333,0.26508557815298894,0.0,-4693.080620726901
-0.00752527698151239,0.003952240674796992,-0.006089832288799335,284.86315359122636,0.0,0.0,-0.9032020224673882,1219.9187500392377,-0.8853267037073399,0.4649694911525873,0.0,-4728.492658745849
-0.006604771271197628,-0.005350420212951734,-0.1339291531116148,285.09058517404145,0.0,0.0,-0.8763117058957981,436.0584922950119,-0.7770319142585445,-0.6294612015237334,0.0,-4773.405206047996
0.0014062067979359277,-0.008382874354386971,0.059588336685342,284.73452571192,0.0,0.0,-0.8309700122033339,1621.475077552298,0.165436093874815,-0.9862205122808202,0.0,-5078.944710211573
-0.002760466870694949,0.008039267544732893,-0.1505787213957286,285.1979982290874,0.0,0.0,-0.8294149309628398,332.9748652726334,-0.3247608083170528,0.9457961817332815,0.0,-4988.1942144928
0.0004355882838703992,0.008488831653823444,-0.006757431236946693,284.91574329610955,0.0,0.0,-0.8615233100961941,1214.0166550190456,0.05124568045534108,0.998686076920405,0.0,-5072.031537947
0.006101139191887992,-0.005918285272036855,0.11941686860611087,284.58763893139593,0.0,0.0,-0.847462189567437,1989.2960957213604,0.7177810813985872,-0.6962688555337476,0.0,-4880.346412507015
-0.004130765245468291,-0.0074287804171903815,0.15627399519223503,284.602497194106,0.0,0.0,-0.8280874564591165,2214.2701758332055,-0.4859723818197989,-0.8739741667282801,0.0,-5013.012740849512
-0.008079302792788975,0.002640997232568082,-0.1784342719603077,284.8937058197106,0.0,0.0,-0.8261744700622952,161.1070335724932,-0.95050621091635,0.3107055567727155,0.0,-4629.604085373829
0.0034246420291347336,0.007779577557443845,-0.20235679510473956,285.2412670035884,0.0,0.0,-0.8833512175107936,18.346620611179155,0.4028990622511451,0.9152444185228052,0.0,-4949.28498461322
-0.004963957929583874,0.006899936352845683,0.12381263451346439,284.5298555861028,0.0,0.0,-0.8924220020881257,2015.7715340729371,-0.5839950505392792,0.811757217981845,0.0,-4958.155927509931
-0.008495963037434287,-0.00026193905121301824,0.07920683140506599,284.85990536071637,0.0,0.0,-0.8814564489729539,1741.6039955751567,-0.9995250632275631,-0.030816358966237436,0.0,-4656.66845841497
0.0071970393868107515,0.004522457746037515,-0.03021369988730252,285.03935601814305,0.0,0.0,-0.8262015399908711,1073.8257068002254,0.8467105160953825,0.5320538524750018,0.0,-4751.4496582468255
0.008145049222810233,-0.0024306733959951134,0.12957966402221946,284.7748146486454,0.0,0.0,-0.8732355811959999,2050.242478844562,0.9582410850364981,-0.28596157599942507,0.0,-4705.745845810431
-0.0031422198963553857,-0.007897876557844416,-0.1980194771033547,285.2571560503796,0.0,0.0,-0.8567292279964283,47.04980922353881,-0.36967292898298654,-0.9291619479816959,0.0,-4961.743270470114
-0.008486558993687643,0.0004778247028559624,-0.12053839709546964,284.95091221879875,0.0,0.0,-0.8542837588731312,517.9898036679089,-0.9984187051397226,0.05621467092423087,0.0,-4604.050869307489
-0.008334257377924422,0.0016703753944884157,0.1695096658403115,284.7712257203353,0.0,0.0,-0.8370321082623415,2296.258767413143,-0.9805008679911085,0.19651475229275478,0.0,-4697.470144092548
-0.008277416678768796,0.0019324526193519379,0.08916850901231729,284.76539596024935,0.0,0.0,-0.8856480239866468,1800.1315526801213,-0.9738137269139759,0.2273473669825809,0.0,-4681.665461636021
-0.006523883053542654,0.005448756730089809,0.14113692006536585,284.6567379147227,0.0,0.0,-0.8723490630454406,2118.63906826527,-0.7675156533579592,0.6410302035399774,0.0,-4853.670680558588
0.007932057564240246,-0.0030549079851247734,0.02538131638835689,284.7564161577063,0.0,0.0,-0.8260095618769941,1412.8715076953824,0.9331832428517937,-0.3594009394264439,0.0,-4698.643996984716
0.0014710442752025553,0.0083717398872871,0.15933266296656104,284.5717845777398,0.0,0.0,-0.9002040806690933,2234.4637788424047,0.1730640323767712,0.9849105749749527,0.0,-5104.569277532071
-0.003069724924464383,0.007926335148612008,-0.08306686338563393,284.8855751814576,0.0,0.0,-0.8350093012338283,745.7242234826823,-0.3611441087605156,0.9325100174837656,0.0,-4995.326738751284
0.0003005967608543509,-0.00849468313637206,0.09639757742638841,284.59895173031464,0.0,0.0,-0.8260709824518047,1848.9583788836642,0.035364324806394225,-0.9993744866320071,0.0,-5100.3124850690065
0.00831771340775921,0.001750897960014433,-0.030582697322509622,284.9460102694886,0.0,0.0,-0.8274246261210889,1066.4362438542767,0.9785545185599068,0.20598799529581563,0.0,-4645.46454993484
0.008260813607482341,-0.0020022383830190183,0.13352229234244004,284.7499200708791,0.0,0.0,-0.8778863712358448,2074.1144950061407,0.971860424409687,-0.23555745682576687,0.0,-4695.237472848232
-0.003022898011209022,-0.007944311651353347,-0.0020165768954819308,285.05634016617853,0.0,0.0,-0.884142449777322,1241.258478464462,-0.35563506014223784,-0.9346249001592173,0.0,-5018.809396933339
-0.0029283638408595597,-0.007979641922764846,-0.07721423244132228,285.1119820006403,0.0,0.0,-0.9099731184897524,785.9011540485691,-0.3445133930423011,-0.9387814026782172,0.0,-5002.060616104553
0.0005826635023371522,0.00848000608744146,-0.081931933709987,285.1306177213875,0.0,0.0,-0.8272705835176964,752.0768925045913,0.0685486473337826,0.9976477749931129,0.0,-5050.950738184996
0.007034740973770265,0.004770997739672258,-0.011857140377954128,285.04887085186857,0.0,0.0,-0.829552247604322,1184.2518996516267,0.8276165851494429,0.561293851726148,0.0,-4770.441162709812
-0.007216270086405052,0.004491708588060408,-0.18754245402464562,285.07940447473624,0.0,0.0,-0.8277444436324706,107.38247172903269,-0.8489729513417708,0.5284363044776951,0.0,-4707.551500118665
0.007960552405294367,0.002979866675299767,0.11712339026082638,284.92542181402894,0.0,0.0,-0.8910971689785578,1975.3605278718212,0.9365355770934548,0.35057255003526666,0.0,-4720.499838255384
-0.0020085474169972955,-0.008259281886076627,-0.06818099352435428,285.0862011577109,0.0,0.0,-0.9082776013542646,835.4944615671691,-0.23629969611732884,-0.9716802218913679,0.0,-5032.139017913271
-0.007121769486939939,-0.004640086138736138,0.15450306956906099,284.7340639780725,0.0,0.0,-0.8268074607518564,2202.4313854336197,-0.8378552337576398,-0.5458924869101338,0.0,-4807.5714302516835
0.007825988575155329,-0.0033172131106605557,0.14140325805718143,284.81183987917933,0.0,0.0,-0.8761493985907244,2117.266322619947,0.920704538253568,-0.39026036596006536,0.0,-4739.950846904041
0.0042784032961908445,-0.007344744055114741,0.004263349261663246,284.818452604774,0.0,0.0,-0.84453532323212,1280.7320814850375,0.5033415642577463,-0.8640875358958519,0.0,-4964.668624075514
0.0072083259243629775,0.004504446399742885,0.15623632720312222,284.78045980589417,0.0,0.0,-0.9092538887171803,2213.717666775191,0.8480383440427032,0.5299348705579865,0.0,-4800.4826888906155
0.007534751189220647,0.003934148512262604,-0.1711216413667865,285.05792343260026,0.0,0.0,-0.8906793367797482,208.26638230733005,0.8864413163788996,0.4628410014426592,0.0,-4683.346904482097
-0.006852714811725941,0.005028946182765522,-0.02142861641740959,284.7746092082083,0.0,0.0,-0.8920368017761048,1124.3250836991044,-0.806201742555993,0.5916407273841789,0.0,-4783.267909141822
0.006074620816333935,-0.0059455009829082065,-0.08389250912334133,284.8309037725419,0.0,0.0,-0.8877477462456954,740.3000172503803,0.7146612725098747,-0.6994707038715536,0.0,-4827.766330502644
-0.006449332369164066,-0.005536796184803321,0.14831453365466382,284.78141973081426,0.0,0.0,-0.8265316721666717,2164.2962585071446,-0.7587449846075371,-0.6513877864474495,0.0,-4861.486365417731
-0.0073864906163293624,0.004205919206889059,0.15780125389271457,284.6907174522908,0.0,0.0,-0.854395668932139,2225.6331566537324,-0.8689988960387485,0.49481402433988925,0.0,-4785.066925996805
0.0049413030843530855,-0.006916178412140819,0.09868495078006892,284.57258360334095,0.0,0.0,-0.8324576712320322,1858.9041295069856,0.5813297746297748,-0.8136680484871551,0.0,-4952.780955186001
0.0026729771178576806,0.008068778924187305,-0.13100431009601732,285.31458821525854,0.0,0.0,-0.8374621489899535,453.5108108650294,0.31446789621855065,0.9492681087279182,0.0,-4996.340876758428
-0.006752748163706058,-0.005162401789628977,0.04604275024743951,284.9656840147793,0.0,0.0,-0.8768575164944086,1541.2678622426954,-0.7944409604360068,-0.6073413870151737,0.0,-4809.6528995610815
-0.0012688116599109973,0.008404767514433335,-0.02230167609750508,284.8957582762461,0.0,0.0,-0.8599880214883027,1119.5690126441912,-0.14927195998952908,0.9887961781686276,0.0,-5059.212491548825
-0.005940523993621493,0.006079488027885848,0.18825056234570528,284.5779653605289,0.0,0.0,-0.8472348093840344,2410.783055868497,-0.6988851757201756,0.7152338856336291,0.0,-4910.592433343988
-0.0018021247768558188,-0.008306765091697392,0.15021439901100828,284.5087901982133,0.0,0.0,-0.8315011898112026,2177.2429304689554,-0.21201467963009632,-0.9772664813761637,0.0,-5095.523325398298
0.0028651421020667368,-0.008002559636451616,0.0018597033787529083,284.79569731120705,0.0,0.0,-0.8527217935838888,1264.4909671556916,0.33707554141961604,-0.9414776042884253,0.0,-5025.50617973467
0.0036343800877725514,0.007683832466783902,-0.17612556040827984,285.2455673054678,0.0,0.0,-0.8679710742853687,175.5323972701203,0.4275741279732413,0.9039802902098708,0.0,-4947.306161504757
-0.004171954119414791,0.00740572743391883,0.07847519986121695,284.57693381834576,0.0,0.0,-0.9095601442249757,1736.0156864898536,-0.4908181316958577,0.871262051049274,0.0,-4990.057249017364
-0.006178389190621388,0.005837594282682961,-0.16764401281066543,285.0310989987804,0.0,0.0,-0.826713354252168,227.51088106466065,-0.7268693165436927,0.6867757979627013,0.0,-4797.553176560021
-0.007807142155632443,-0.003361328808930603,0.17044718647633958,284.83094898222856,0.0,0.0,-0.8263170932511307,2299.5346584037698,-0.9184873124273462,-0.39545044810948266,0.0,-4749.537397997462
0.0007736446917376605,0.00846471936279911,-0.11556530241752372,285.22090755527375,0.0,0.0,-0.8277702107631192,551.1958742044314,0.09101702255737182,0.9958493367998951,0.0,-5040.34967166726
0.008200285307279074,0.0022372574458973103,-0.20342787569038187,285.0216970330927,0.0,0.0,-0.9082409878760728,9.980222244012362,0.9647394479151851,0.26320675834086,0.0,-4610.904020408896
-0.007353435360465329,0.0042634479473142575,0.10462366016970195,284.73191042790313,0.0,0.0,-0.8878730005780456,1897.1823028615058,-0.8651100424076856,0.5015821114487361,0.0,-4773.766992875718
-0.006209682223086968,0.005804295537640869,0.01551745204101082,284.6986837814385,0.0,0.0,-0.904575738829489,1348.9772385933843,-0.7305508497749374,0.6828582985459845,0.0,-4844.333219433242
0.008388794808868281,-0.001370445786853529,-0.08705313694296617,284.856016030782,0.0,0.0,-0.8648619567609638,723.3659975437183,0.9869170363374448,-0.16122891610041518,0.0,-4623.081976222617
-0.00013834627891179873,-0.008498874061139585,0.1319595339839005,284.5891500972429,0.0,0.0,-0.8299147502046262,2065.740480895934,-0.01627603281315279,-0.999867536604657,0.0,-5110.287217342895
-0.0011914416863002392,-0.008416083810665508,-0.043540264820175395,285.03797832061935,0.0,0.0,-0.8983586117429925,989.4340267631433,-0.1401696101529693,-0.9901275071371185,0.0,-5054.673556907458
-0.002601982680718605,0.008091951935672902,0.1622892130967352,284.51694695925056,0.0,0.0,-0.8821420300828942,2248.928988552086,-0.30611560949630645,0.9519943453732825,0.0,-5077.310031185797
-0.008025269577524266,-0.002800901320657958,0.05484272154790418,284.89832562592994,0.0,0.0,-0.884144399355893,1594.7196844414298,-0.9441493620616783,-0.32951780243034795,0.0,-4697.489973035247
0.005349227027141554,-0.006605737673575779,0.09993943291450655,284.6189158372897,0.0,0.0,-0.8343480983503205,1872.9649384539164,0.6293208267225358,-0.7771456086559739,0.0,-4927.553349290255
-0.003722569743721585,-0.0076414968758175,0.0685183451846865,284.8741620611985,0.0,0.0,-0.8443989658757742,1676.8672368229695,-0.4379493816143041,-0.8989996324491176,0.0,-5008.991119882511
0.005475370491243066,0.006501562733960557,0.09809375513419141,284.8525560859172,0.0,0.0,-0.8982266711118342,1856.610684282253,0.6441612342638902,0.7648897334071243,0.0,-4918.742610622833
-0.004496044071602715,-0.00721356969233722,0.09924965975938063,284.81326894991224,0.0,0.0,-0.8335068181054044,1866.7624725896496,-0.5289463613650253,-0.8486552579220258,0.0,-4978.522886087847
0.008393018950052736,0.0013443336282544117,-0.039518889060133344,284.93877854251224,0.0,0.0,-0.8301229009344508,1012.0721799229885,0.9874139941238513,0.15815689744169548,0.0,-4635.403357079458
-0.008163541138326916,-0.0023678251799582033,0.05356412143856212,284.9534954134207,0.0,0.0,-0.8869325062936853,1584.9893416558916,-0.9604166045090489,-0.2785676682303768,0.0,-4683.5148379940265
0.005733233217367844,0.006275351533999508,-0.004304220359490879,285.1214896997119,0.0,0.0,-0.837688862821564,1232.1993151046834,0.6744980255726875,0.7382766510587656,0.0,-4873.668271111204
0.0004912809152650614,-0.00848579065628515,-0.1455218651297584,285.2411498694292,0.0,0.0,-0.9026291186485497,363.46691868003563,0.05779775473706604,-0.9983283125041351,0.0,-5034.487692980657
0.00666276180661438,0.005278030419419794,-0.1658710406670647,285.13882656027175,0.0,0.0,-0.8804601411673326,243.07508908443376,0.783854330189927,0.6209447552258581,0.0,-4760.149864658269
0.008494972774126737,0.0002922970524064583,0.10760620502166954,284.91710735416274,0.0,0.0,-0.8727211517181672,1912.954284334523,0.999408561661969,0.03438788851840686,0.0,-4664.390269270611
-0.005828859499380738,-0.006186630499430117,0.11261713859197839,284.8541203899156,0.0,0.0,-0.8333498448800136,1947.7196171130327,-0.6857481763977338,-0.7278388822858961,0.0,-4898.304107225945
-0.007062758332620858,0.004729423298351993,0.10013888274727603,284.64547529198984,0.0,0.0,-0.892616095842629,1869.419929316785,-0.8309127450142185,0.5564027409825874,0.0,-4798.083493993653
-0.0013595567539473722,-0.008390566454822708,-0.15382142158697165,285.2786303492727,0.0,0.0,-0.8925286205887678,310.1413687512753,-0.1599478534055732,-0.9871254652732596,0.0,-5022.47417915483
-0.006765178042076284,0.005146102025709256,-0.012371358014396122,284.75777159827584,0.0,0.0,-0.8960369630321257,1179.5361589693862,-0.795903299067798,0.6054237677305007,0.0,-4792.957548121387
0.007232206760641595,0.004466003288325033,-0.12808760374049913,285.1113025042363,0.0,0.0,-0.8612641300685889,475.7279750289242,0.8508478541931288,0.5254121515676509,0.0,-4722.10052190937
-0.007065405084245908,0.004725468336103003,-0.0020532860430366173,284.6797520674014,0.0,0.0,-0.9021595346385585,1246.600284424465,-0.8312241275583421,0.5559374513062356,0.0,-4770.438356275242
-0.007727700537990045,0.003540147510365687,-0.10293152458044691,284.85563511183534,0.0,0.0,-0.8502553786493455,629.1543486843002,-0.9091412397635347,0.41648794239596315,0.0,-4683.707595823502
0.0010339698992201942,0.008436877754685473,0.19075161012459305,284.51490667678524,0.0,0.0,-0.8820183302342972,2428.241971425808,0.12164351755531697,0.9925738534924086,0.0,-5119.666517293118
-0.0027597686006228216,-0.008039507277875701,-0.06407735821624513,285.10781109330577,0.0,0.0,-0.908608295906587,865.0551110596874,-0.32467865889680253,-0.9458243856324353,0.0,-5011.425371770369
0.008338549192842569,-0.0016488169572589167,0.14314168559999627,284.7895822521492,0.0,0.0,-0.885417334913348,2132.7190931076366,0.9810057873932433,-0.19397846555987253,0.0,-4689.960030712715
0.008142339800249284,0.0024397341202017225,-0.17605426752498202,285.04011122877455,0.0,0.0,-0.8991650257818897,176.70977988009525,0.9579223294410921,0.2870275435531438,0.0,-4624.015244958592
-0.0024796510379363175,0.008130272488057295,-0.14010831636836812,285.07950845182916,0.0,0.0,-0.8276393081097996,396.0167605196828,-0.2917236515219197,0.9565026456537993,0.0,-4999.964780803965
0.006303942514754959,0.005701781192808519,-0.07660452881538804,285.1277157729935,0.0,0.0,-0.8299766412652128,786.9730982083333,0.7416402958535245,0.6707977873892375,0.0,-4812.434220928944
0.005296579352238066,0.0066480258096253955,-0.024518028588529084,285.1227047794116,0.0,0.0,-0.831600254315662,1105.7843411121212,0.623126982616243,0.7821206834853406,0.0,-4897.5756082855605
-0.006296649982813636,0.005709833534695478,0.10286428814655449,284.70784604036817,0.0,0.0,-0.8960391639060207,1887.0034052670164,-0.7407823509192512,0.6717451217288797,0.0,-4861.143999613479
-0.004723441184112863,0.00706676045867033,0.052568380699112155,284.68598320890675,0.0,0.0,-0.9093512495490998,1579.2124662680171,-0.5556989628368074,0.8313835833729799,0.0,-4953.231123483806
0.006507108757197983,-0.005468778256795327,0.19244138206586567,284.6295865811454,0.0,0.0,-0.8943905180546542,2435.7855126792533,0.7655422067291745,-0.6433856772700384,0.0,-4868.766471775737
-0.008045052782725402,0.0027435607744612273,-0.14863357526587254,284.9568558412101,0.0,0.0,-0.8318719284881508,343.84223615072005,-0.9464767979676942,0.3227718558189679,0.0,-4640.9626345187935
-0.002935359971059858,-0.007977071006346845,0.13045919942084314,284.62204081214645,0.0,0.0,-0.8261208330798655,2057.1712430252524,-0.3453364671835127,-0.9384789419231583,0.0,-5057.5280473757175
0.008496810699500437,0.0002328259797679613,-0.00616101042121911,284.88500755346985,0.0,0.0,-0.8260942950345548,1219.006921583346,0.9996247881765219,0.02739129173740721,0.0,-4633.677170444291
0.0012815620203423795,-0.008402832783532942,0.13159568955569104,284.5071092759625,0.0,0.0,-0.8332704886281881,2064.6754478469525,0.1507720023932211,-0.9885685627685813,0.0,-5100.303994062011
0.006333423358667051,0.005669016542566318,0.15027911789435347,284.76445934388704,0.0,0.0,-0.9097530694690283,2174.9454737175524,0.7451086304314177,0.6669431226548609,0.0,-4871.036564424665
0.008472213792882655,-0.0006867266178683568,-0.054701518456577725,284.8469992153161,0.0,0.0,-0.8425278828151633,922.5787631773585,0.9967310344567828,-0.08079136680804197,0.0,-4623.1959706314265
0.008463699351919962,-0.0007847249711265915,-0.04969629987846705,284.86066858053954,0.0,0.0,-0.8404084169293311,952.9146341647229,0.9957293355199954,-0.09232058483842252,0.0,-4625.41700614343
-0.002254450791627661,0.008195575124915238,-0.15102607314341412,285.1702497868384,0.0,0.0,-0.8306537876990328,327.6347008217726,-0.26522950489737185,0.9641853088135574,0.0,-5003.528265926483
0.007803712347252454,-0.0033692838410171984,0.0879896732281312,284.7553382814916,0.0,0.0,-0.8432577576246059,1797.7855288262283,0.9180838055591122,-0.39638633423731745,0.0,-4727.740720927074
-0.008499854134338333,4.979653573849651e-05,0.04520499121439106,284.88281159870064,0.0,0.0,-0.9004750298067815,1534.211147480568,-0.9999828393339215,0.005858415969234883,0.0,-4647.143269631167
0.007466392981579163,0.004062385486955347,0.08535550182882787,284.95119847452526,0.0,0.0,-0.877802166791565,1777.9876652876965,0.8783991743034308,0.4779277043476878,0.0,-4758.402808444765
3.216051601315521e-05,-0.008499939158676948,0.026164859132254664,284.7393968135659,0.0,0.0,-0.8514606339557665,1414.6970227518516,0.0037835901191947303,-0.9999928421972879,0.0,-5082.013541411151
0.0028108160691308597,-0.008021802355176532,-0.07450814515560161,284.94982085695307,0.0,0.0,-0.8982689784359442,799.7495170913851,0.33068424342715996,-0.9437414535501801,0.0,-5006.8950995418645
-0.0071123260383514865,0.004654548133190531,-0.16884271159629338,285.03866650524213,0.0,0.0,-0.8260135276183734,221.00213324034155,-0.8367442398060572,0.5475938980224154,0.0,-4721.638729859798
0.00046333471132038777,-0.008487362425705977,0.01899953859536732,284.7702469077852,0.0,0.0,-0.8537679992399162,1375.871670590568,0.054509966037692675,-0.9985132265536444,0.0,-5078.7900491692535
0.004132820793270496,0.007427637059705532,-0.03291564522902288,285.0220426768631,0.0,0.0,-0.8323844674259898,1055.2489869221902,0.4862142109729995,0.8738396540830037,0.0,-4962.151099292316
0.0032267547923536546,0.007863717537527829,0.07854312116289883,284.7940935931048,0.0,0.0,-0.8985436504041386,1737.6084591326771,0.3796182108651358,0.9251432397091562,0.0,-5032.664150853245
-0.005376550134793574,-0.006583517953803362,0.008031064523035314,284.99938976875035,0.0,0.0,-0.8903719670788816,1301.9908777707276,-0.6325353099757145,-0.7745315239768661,0.0,-4901.110271766571
0.004253980189421763,-0.007358916533567098,-0.07681104929256535,285.01325347296313,0.0,0.0,-0.8935172755954204,786.203474634764,0.5004682575790309,-0.8657548863020115,0.0,-4944.1860276954285
-0.008008508196911743,0.0028484726538967227,0.04520786915144817,284.72039941788125,0.0,0.0,-0.9074381235779799,1528.7316202537565,-0.9421774349307932,0.3351144298702026,0.0,-4696.541680191229
0.0036918409523967357,-0.007656390166534512,0.11538464639956339,284.5726413620509,0.0,0.0,-0.8344821553035494,1966.296420173392,0.4343342296937336,-0.9007517842981778,0.0,-5022.952518194296
0.004710419786899303,0.007075446659482886,0.005537303735028393,284.9888214338946,0.0,0.0,-0.8477719097800119,1291.0428742822419,0.5541670337528591,0.8324054893509277,0.0,-4941.361133503937
0.007326864868688814,0.004308950126884003,-0.0017005583256859413,285.04401402525866,0.0,0.0,-0.8312541562173333,1244.0766078133968,0.8619841021986839,0.5069353090451768,0.0,-4747.616451969289
-0.008196582409012242,0.002250785821056969,0.09608755844604308,284.6643028137778,0.0,0.0,-0.8830414663146952,1847.6830656704194,-0.9643038128249695,0.26479833188905516,0.0,-4691.631577742717
-0.008376375078821297,0.0014444170238894062,-0.13239273071468222,284.94856244982435,0.0,0.0,-0.8432945752572433,443.3463682373894,-0.9854558916260349,0.16993141457522426,0.0,-4612.185740766745
0.007658190415281472,-0.0036881051453681478,0.09166473217858992,284.7438039615811,0.0,0.0,-0.8437725479684742,1815.7312267783655,0.9009635782684084,-0.43389472298448795,0.0,-4742.429414404828
0.0018434354895903277,-0.008297695197807575,-0.16465333116038938,285.19549933121584,0.0,0.0,-0.8991884699687733,243.31888963010576,0.216874763481215,-0.9761994350361851,0.0,-5010.129464294725
0.008484335017603154,-0.0005158093728044361,-0.09474868838474072,284.85870340322555,0.0,0.0,-0.8655625619235002,676.8107380115977,0.9981570608944886,-0.0606834556240513,0.0,-4611.19991217551
0.004499961288685422,-0.007211126708104125,0.033449363920823705,284.7156584013603,0.0,0.0,-0.8311473417417976,1463.6895660197433,0.5294072104335791,-0.84836784801225,0.0,-4960.654542026526
0.008493665527539437,-0.0003280943557701749,-0.1053565751463399,284.93502619720243,0.0,0.0,-0.871456277672682,611.7848012075251,0.9992547679458159,-0.03859933597296175,0.0,-4607.38916163453
-0.0035647314000723045,-0.007716390998733706,0.1292906017957213,284.7304032036261,0.0,0.0,-0.8260103498551631,2048.507294910784,-0.4193801647143887,-0.9078107057333771,0.0,-5032.300644508417
-0.008325672940429081,0.0017126500194163954,-0.17242266593819336,284.92479202881145,0.0,0.0,-0.8278310207364549,198.2053152635296,-0.9794909341681272,0.20148823757839945,0.0,-4606.603164706324
-0.004117433497271693,-0.007436177875464318,-0.13994040170556438,285.2135876090616,0.0,0.0,-0.8878161631545821,396.8598083001643,-0.48440394085549326,-0.8748444559369785,0.0,-4934.210255893369
-0.00848713890578423,0.00046741116153089,-0.013346893012371241,284.87743736154147,0.0,0.0,-0.908593165572507,1171.9517322042502,-0.9984869300922624,0.05498954841539882,0.0,-4632.749620456343
0.00600344031536767,0.006017366897557282,-0.0494837484606461,285.076440124934,0.0,0.0,-0.8260167298152458,953.3802025187869,0.7062870959256082,0.7079255173596801,0.0,-4842.233629140964
0.007699580187515077,-0.0036008977958316593,0.09991333844384018,284.7531455850291,0.0,0.0,-0.8487135907997241,1869.078893011567,0.9058329632370679,-0.4236350348037246,0.0,-4740.771340425061
-0.0035742993053353633,0.007711963723713899,0.13274061321309347,284.5903110013681,0.0,0.0,-0.8941919087067162,2070.970345478705,-0.4205058006276898,0.907289849848694,0.0,-5032.810278773219
-0.007107898766456689,-0.004661306160917074,-0.021102511378362,285.05582769403907,0.0,0.0,-0.9086201209647273,1130.3587317605563,-0.8362233842890222,-0.5483889601078911,0.0,-4761.65974929582
0.00644831662960299,0.0055379791119491905,0.18701759789025738,284.6291864460347,0.0,0.0,-0.9061059037560135,2403.966520744577,0.7586254858356458,0.6515269543469635,0.0,-4871.9498968783855
0.00831375980781394,0.0017695756152189544,0.19052488467462061,284.753172616071,0.0,0.0,-0.9099969205723794,2426.229729236347,0.978089389154581,0.20818536649634756,0.0,-4705.186537075894
0.0016143687938247778,-0.008345286897256722,0.14299126240863055,284.54551298670464,0.0,0.0,-0.8390900405412149,2132.0751376728563,0.18992574044997385,-0.9817984585007908,0.0,-5097.491923197098
-0.0028075639439786174,0.008022941150256011,-0.07755173842875418,284.93367297695124,0.0,0.0,-0.8363951340465291,782.557418688025,-0.3303016404680726,0.9438754294418835,0.0,-5006.189799605114
-0.005397370827546503,-0.0065664593313253675,0.007294180792975141,284.99518337676693,0.0,0.0,-0.8908835752557646,1302.6683106744526,-0.634984803240765,-0.772524627214749,0.0,-4899.546467182146
-0.007801852210077871,-0.003373588903838619,-0.1990126225191329,285.0439202837446,0.0,0.0,-0.8311392117715893,40.56244961286389,-0.9178649658915141,-0.39689281221630807,0.0,-4650.916887499185
0.0049651823160414,-0.0068990553388467435,0.04256068194571769,284.67470404714544,0.0,0.0,-0.8278111562450633,1517.6587117871045,0.5841390960048706,-0.8116535692760874,0.0,-4936.282586814601
0.0027319222317190007,0.008049012418914477,-0.15041781089599343,285.22946928863706,0.0,0.0,-0.8475239385939706,334.90425595487795,0.321402615496353,0.9469426375193501,0.0,-4989.192159805659
-0.004671543238509581,-0.007101174816235369,0.1316651804394733,284.70591012219313,0.0,0.0,-0.8263817235479494,2065.3377257499556,-0.5495933221775977,-0.835432331321808,0.0,-4977.42156380398
-0.007416159944873319,-0.0041533807521170725,-0.003424207390021583,285.0469297760305,0.0,0.0,-0.9056705506323658,1233.5257075416398,-0.8724894052792139,-0.48863302966083205,0.0,-4739.136694789663
0.007015646502006806,0.004799031585526364,-0.07465282143814897,285.05049012141734,0.0,0.0,-0.8320651574024586,800.8333100870261,0.825370176706683,0.5645919512383957,0.0,-4755.2273856657
0.00702944059288631,-0.004778803715479658,0.020157526426907185,284.6772773396222,0.0,0.0,-0.8277315772846262,1379.3877826275695,0.8269930109278011,-0.5622122018211362,0.0,-4779.484443191935
-9.396031619069835e-05,0.008499480658192084,-0.06293326232335605,285.04879419652315,0.0,0.0,-0.8337539754327558,870.026380203206,-0.011054154845964512,0.9999389009637746,0.0,-5058.061700696611
0.008498480063961698,0.00016073768209590676,0.19323749274548643,284.78034359900624,0.0,0.0,-0.9094544941774867,2440.4720691852685,0.9998211839954939,0.018910315540694913,0.0,-4687.001549385634
-0.008289250423333217,0.0018810442363937333,0.1215742834810585,284.7455676977969,0.0,0.0,-0.8650974375568096,2002.3602937210317,-0.975205932156849,0.2212993219286745,0.0,-4689.165782239919
-0.0071625051393365375,-0.004576955333950473,0.16104116838774205,284.7239576747639,0.0,0.0,-0.8262315208610271,2245.5194792031607,-0.8426476634513573,-0.5384653334059379,0.0,-4805.781929851604
0.008493463698355245,-0.00033327826920105685,0.09544339902011098,284.851653443055,0.0,0.0,-0.8618332319304641,1844.75588133102,0.9992310233359111,-0.0392092081413008,0.0,-4661.283204872112
0.006956310494237866,-0.004884643723728083,0.12645561695354998,284.6986783011308,0.0,0.0,-0.857809479170603,2028.1875429383088,0.8183894699103371,-0.5746639674974214,0.0,-4814.2321339811815
0.005663052762113826,0.006338756456397026,0.0706898032502398,284.8535976952154,0.0,0.0,-0.8825654223838865,1693.2385733330061,0.6662415014251559,0.7457360536937677,0.0,-4898.659352152229
0.0054877825099284025,0.006491089517463454,0.15184238837819372,284.6669108537958,0.0,0.0,-0.9099380342132254,2185.608912635904,0.6456214717562826,0.7636575902898181,0.0,-4932.3342844511935
-0.007316215391233462,-0.004327007320201642,-0.19714468217579312,285.0757613788512,0.0,0.0,-0.8346785208412775,49.62628355291925,-0.8607312224980543,-0.5090596847296049,0.0,-4696.129899845781
-0.0031758411481788316,0.00788441709966781,-0.05338643161631357,284.899922088259,0.0,0.0,-0.8502923449278792,929.1401336778611,-0.37362837037398017,0.92757848231386,0.0,-4999.253621004511
0.00032142358436423684,-0.008493920583535876,-0.12384888674182203,285.20085533882,0.0,0.0,-0.9082541035173729,499.7326519253562,0.03781453933696904,-0.9992847745336325,0.0,-5041.143076569018
-0.004976587348397787,-0.006890832922351774,-0.11679402764844932,285.22496428053915,0.0,0.0,-0.8958915760165342,545.2020092463339,-0.5854808645173867,-0.8106862261590322,0.0,-4892.838366177315
0.008152850528649079,0.0024043768958934954,0.0573302536307119,284.9515277517181,0.0,0.0,-0.8514343654764212,1607.0282961973244,0.959158885723421,0.2828678701051171,0.0,-4685.587549612093
0.008488394530872188,0.0004440250986815039,-0.09754286938863004,284.9726156971654,0.0,0.0,-0.8626291172519963,657.6860678611988,0.9986346506908457,0.05223824690370634,0.0,-4610.030649024756
0.00828451711971188,-0.0019017823464321044,0.1460096610953426,284.82532953304315,0.0,0.0,-0.8859323683045104,2155.3989299867812,0.9746490729072799,-0.22373909958024757,0.0,-4696.199364968137
0.00027598559417191726,0.008495518345092875,-0.18830413959762493,285.25844071454947,0.0,0.0,-0.8586955905129455,101.42453515694949,0.03246889343199026,0.9994727464815146,0.0,-5024.015516403218
-0.007095554980361196,-0.004680074734517756,-0.049070707342972586,285.0408241925385,0.0,0.0,-0.9094021990303366,961.3377294161107,-0.8347711741601407,-0.5505970275903241,0.0,-4755.223806462009
-0.007322800832282402,-0.004315853098835059,0.16037211004619153,284.8477267200302,0.0,0.0,-0.8264801086034707,2239.673091013495,-0.8615059802685178,-0.5077474233923598,0.0,-4791.461939894025
-0.006674865610060333,0.005262714992058177,0.18285629531174216,284.65325009050264,0.0,0.0,-0.845555235528414,2373.610778757867,-0.7852783070659215,0.6191429402421385,0.0,-4852.727717457987
-0.0031211892531259806,0.007906211333260128,-0.08071634854447408,284.94744447467394,0.0,0.0,-0.836144054357689,762.7444550953724,-0.36719873566188005,0.9301425097953091,0.0,-4994.017033245405
-0.004262409197364833,0.007354037519228447,0.03416318667442442,284.62873660229025,0.0,0.0,-0.90440731658397,1466.6587793439862,-0.5014599055723332,0.8651808846151113,0.0,-4973.522436775702
-0.008441463603538561,0.0009958374516625572,-0.06809349480869198,284.855546021889,0.0,0.0,-0.8847357071328072,839.3499004155572,-0.9931133651221836,0.1171573472544185,0.0,-4622.770384954816
-0.005445328053616282,0.006526745160376612,0.11752833016444633,284.5594605942982,0.0,0.0,-0.8932562144208075,1979.5851819764648,-0.6406268298372095,0.7678523718090131,0.0,-4925.954787572529
0.0004889617753249326,0.008485924603852611,0.09583824397334648,284.6488561382755,0.0,0.0,-0.909465905048614,1846.8706738086635,0.05752491474410972,0.9983440710414836,0.0,-5099.256688643426
0.0012456376704503976,-0.008408233274235136,0.1654698422094301,284.5265937408617,0.0,0.0,-0.8494024357850849,2267.368027426617,0.14654560828828206,-0.9892039146158983,0.0,-5109.94507717407
0.0075381537605341544,0.003927624967145513,-0.12371378906849184,285.05869998932866,0.0,0.0,-0.8615063295934546,494.8197999041222,0.886841618886371,0.4620735255465309,0.0,-4695.753750540611
-0.004111475435826476,0.007439473754278289,0.05042580038350544,284.66953590757527,0.0,0.0,-0.9082082331197691,1566.9740023620263,-0.4837029924501736,0.875232206385681,0.0,-4985.582695915312
-0.003834108788585677,0.007586145911943039,-0.19622728373848644,285.21796020213986,0.0,0.0,-0.8442016767496061,53.77398081815155,-0.45107162218655017,0.8924877543462398,0.0,-4932.828787911875
-0.007830725185774807,0.003306016192469742,0.12352940591443398,284.762831378262,0.0,0.0,-0.8712396717050839,2014.202446184766,-0.921261786561742,0.38894308146702844,0.0,-4734.70379280641
-0.005697779435669896,-0.00630755971057407,-0.14021884858688904,285.11829911675903,0.0,0.0,-0.8787207157593235,400.291659036492,-0.6703269924317524,-0.7420658483028317,0.0,-4839.671467131369
0.008351034841427341,0.0015843664592721698,-0.09855432536497571,284.96136498978933,0.0,0.0,-0.8576920933003015,656.4300726698298,0.9824746872267459,0.18639605403201998,0.0,-4623.845730775619
-0.008241178449959816,-0.002081580590781419,-0.023421050793562853,284.95314178573517,0.0,0.0,-0.909739119370721,1112.4031104264184,-0.9695504058776254,-0.24489183420957866,0.0,-4655.1039880491435
0.008051631587782535,-0.0027241932337157193,-0.13583416724569586,284.8571733919941,0.0,0.0,-0.8991933320215405,421.31064803113355,0.9472507750332393,-0.320493321613614,0.0,-4643.7517132840485
0.00846898787128001,0.0007254270715324113,-0.00253059781817358,284.8886131038648,0.0,0.0,-0.8260457262620693,1242.6829299193107,0.9963515142682364,0.08534436135675427,0.0,-4637.525869528726
0.002393637847780974,-0.008156009922362189,0.006819954346550167,284.70405909303923,0.0,0.0,-0.8520328422554283,1299.699252821214,0.2816044526801146,-0.9595305791014339,0.0,-5041.937274030597
-0.0009775061902850192,-0.008443605962380911,0.06951906026644736,284.7448296244359,0.0,0.0,-0.8338337908758979,1681.761388458666,-0.11500072826882579,-0.9933654073389306,0.0,-5087.832381492399
0.007685695433901945,0.0036304387747624674,-0.17504150109767613,285.0844069635187,0.0,0.0,-0.8940943277404085,182.43418869978206,0.9041994628119935,0.427110444089702,0.0,-4668.303911885187
0.00782507832239314,-0.0033193597648361346,-0.023787628505956337,284.79427623856424,0.0,0.0,-0.8377231919432984,1113.941371821124,0.9205974496933104,-0.39051291351013345,0.0,-4695.718100999666
-0.007825841131628385,-0.0033175609387791757,0.060933740288928534,284.8960039877684,0.0,0.0,-0.8778217798866047,1632.4227944227225,-0.9206871919562806,-0.3903012869151971,0.0,-4718.375518272654
0.0061590165315481196,-0.005858029990032229,-0.03406374991736058,284.7673954356696,0.0,0.0,-0.8560536924268726,1048.4176934730147,0.7245901801821316,-0.689179998827321,0.0,-4834.847336288918
0.008115814075148086,-0.0025265711740673816,-0.05461263820025,284.7945217435654,0.0,0.0,-0.8504127540518949,923.9616677356197,0.9548016558997747,-0.297243667537339,0.0,-4659.223499847603
-0.005629676233172734,0.006368417818394933,0.07325509850960996,284.64192449184264,0.0,0.0,-0.9084135137251531,1703.5648590944948,-0.662314850961498,0.7492256256935215,0.0,-4901.642983723385
0.006121221574802461,0.00589751188486915,0.0876446681414341,284.9043668449316,0.0,0.0,-0.8895624089204435,1792.3987446198507,0.7201437146826425,0.6938249276316647,0.0,-4870.327356449255
-0.008498901003491228,-0.00013668113569840178,0.04746761922838574,284.8281687292307,0.0,0.0,-0.8989159542720367,1549.1893739432965,-0.9998707062930856,-0.016080133611576678,0.0,-4647.848986021598
-0.0010114524946776445,0.008439606854054897,-0.1534194361696189,285.20177122938503,0.0,0.0,-0.8348475193937335,316.5895212800413,-0.11899441113854639,0.9928949240064583,0.0,-5027.6084331087595
0.007974345705593818,-0.0029427556078746044,-0.16056325771142943,284.92436932350597,0.0,0.0,-0.9077681987506729,273.5258330933316,0.9381583183051551,-0.3462065421028946,0.0,-4644.65999951886
-0.003250537028628217,-0.007853916795174038,-0.12485698676132334,285.16117842270177,0.0,0.0,-0.8991561295583742,495.45005965227307,-0.3824161210150843,-0.9239902111969457,0.0,-4977.155264610266
0.004688828471871172,-0.007089773449227434,0.0138843983006251,284.67817688817115,0.0,0.0,-0.8379563325924011,1341.5657371523528,0.5516268790436673,-0.8340909940267568,0.0,-4944.836508450178
-0.00437419637325785,-0.0072881003072253255,-0.05173740799327842,285.0918470083737,0.0,0.0,-0.9088222668428072,938.0876259658849,-0.5146113380303353,-0.8574235655559206,0.0,-4944.59630714088
0.005909284159077775,-0.006109857668331766,-0.11978218375634944,284.9287702786509,0.0,0.0,-0.9047803646361599,522.7480683978208,0.6952099010679735,-0.7188067845096194,0.0,-4830.2039216742805
-0.008416521970217184,-0.00118834251158976,0.14302528846090787,284.8778601097519,0.0,0.0,-0.8390255005077706,2136.382552585341,-0.9901790553196687,-0.13980500136350116,0.0,-4681.97263126631
-0.00660372562710563,0.005351710739745597,-0.11709828367482193,284.9060238632005,0.0,0.0,-0.8349760745335043,538.5147838520079,-0.7769088973065447,0.6296130282053644,0.0,-4778.004916032563
-0.003719916314991607,0.007642788928752336,0.058481190711877934,284.6529941729676,0.0,0.0,-0.9089728635503059,1616.3019088350152,-0.43763721352842433,0.8991516386767453,0.0,-5006.418490064279
-0.005889779579972258,0.006128661884893131,-0.03888238660379151,284.8935465652368,0.0,0.0,-0.8750915024514552,1019.2240768916306,-0.6929152447026186,0.7210190452815447,0.0,-4853.310264189304
-0.004236209661767375,-0.00736916058323801,-0.16571165383045014,285.2152723930967,0.0,0.0,-0.8713715428721169,236.96968455598187,-0.4983776072667499,-0.8669600686162363,0.0,-4921.253470454617
0.008201126641822747,-0.0022341713910945045,0.1352216298133326,284.7335854467944,0.0,0.0,-0.8777992332780485,2084.0505140199834,0.9648384284497349,-0.2628436930699417,0.0,-4701.677168926482
-0.008380994454315933,-0.001417367968004633,0.08053374070878969,284.90918276133084,0.0,0.0,-0.8750683055209457,1747.7539038633934,-0.9859993475665804,-0.1667491727064274,0.0,-4668.840939464137
-0.008354432677842555,-0.0015663507370306605,-0.19466564751474685,284.91247082539604,0.0,0.0,-0.8284565132793833,63.6043538737128,-0.9828744326873593,-0.18427655729772474,0.0,-4597.714084965161
-0.006401965618910706,0.005591496777633452,0.06517484906148827,284.6366356020699,0.0,0.0,-0.9083542218593672,1653.7547354582757,-0.7531724257542006,0.6578231503098179,0.0,-4842.887705830813
0.00671609658870133,0.005209994876315558,-0.1301254689798239,285.0760794640416,0.0,0.0,-0.8581625658861359,458.77386031780867,0.7901290104354506,0.6129405736841833,0.0,-4765.394593432342
-0.0006229109367561963,0.008477144682313116,-0.06624438384442419,285.0331534909496,0.0,0.0,-0.8340371536378465,849.2908057633394,-0.07328363961837603,0.9973111390956606,0.0,-5054.86410012183
-0.006199185831288036,0.005815504709752858,-0.1949063662632697,285.1709286058548,0.0,0.0,-0.8333072660425381,60.823046305383365,-0.7293159801515336,0.6841770246768067,0.0,-4788.671256557776
-0.005732925734454184,-0.0062756324400998,-0.1782453306005312,285.2052685987071,0.0,0.0,-0.8543812737455609,162.7085675232456,-0.6744618511122569,-0.7383096988352705,0.0,-4827.022615047464
0.005440767524100969,-0.006530547354448034,-0.008890772050748702,284.71004961940446,0.0,0.0,-0.8457483509733998,1199.1523932765074,0.6400902969530552,-0.7682996887585921,0.0,-4892.3398120816955
0.0005072495684035237,0.008484851081507231,-0.020647285881455896,284.95732740565444,0.0,0.0,-0.8525724682965744,1127.9008178062086,0.059676419812179256,0.9982177742949684,0.0,-5067.8935232398035
0.007528480950836256,-0.003946134130119709,-0.05477833784652167,284.8082864729904,0.0,0.0,-0.857668536205077,922.659877929489,0.8857036412748536,-0.4642510741317304,0.0,-4715.136159099169
-0.0014647841567281268,-0.00837283747448846,0.10264242710358881,284.62849138547915,0.0,0.0,-0.8266126333840708,1881.9631573640104,-0.17232754785036786,-0.9850397028809952,0.0,-5089.47162730057
-0.007832163315288734,0.0033026077276366605,-0.18243313710124542,285.0210820924551,0.0,0.0,-0.8260594550246002,138.13255360230255,-0.9214309782692628,0.38854208560431297,0.0,-4652.4791031980785
0.001189052188778644,-0.008416421739216775,0.1952401770460014,284.45309193175603,0.0,0.0,-0.8676128096899248,2453.753880043376,0.13988849279748752,-0.9901672634372676,0.0,-5118.771243131234
0.007836572531192324,-0.0032921316746694603,0.15443652115242987,284.71289196911096,0.0,0.0,-0.8842861961794214,2202.6458823323,0.921949709552038,-0.3873096087846424,0.0,-4742.438031146912
-0.004783003805164026,-0.007026583422957879,0.008352212097571282,285.02411547937976,0.0,0.0,-0.8870084785071854,1309.2314374338089,-0.5627063300192972,-0.8266568732891622,0.0,-4937.919935300766
-0.006218150474026431,-0.005795222574014296,0.11224371064940944,284.8488552309505,0.0,0.0,-0.8351125762438418,1943.566560040231,-0.7315471145913448,-0.6817908910605054,0.0,-4869.643246690347
-0.008085503439792424,0.002621952349892136,-0.19352285498408925,284.9925909471984,0.0,0.0,-0.8263975206280446,70.09423308722467,-0.9512356987991086,0.30846498234025127,0.0,-4624.945517973934
-0.0026889003000472303,-0.008063486539729941,0.11992246933137887,284.5670604354909,0.0,0.0,-0.8260632173610115,1990.3765607077412,-0.31634121177026236,-0.9486454752623459,0.0,-5063.142745643844
0.00027456177337991316,0.00849556447992707,0.016532107845676075,284.83763625417794,0.0,0.0,-0.8772084688101323,1358.7812934678375,0.032301385103519195,0.9994781741090668,0.0,-5078.976356597325
-0.004649387143435945,0.007115700892424621,-0.09634024606619986,284.9609534816354,0.0,0.0,-0.835162012857379,662.4519817658984,-0.54698672275717,0.8371412814617201,0.0,-4917.507047965111
0.001300354913701908,0.008399945065201994,0.15135607901251283,284.56502642054045,0.0,0.0,-0.9027792782874254,2187.330590218523,0.15298293102375388,0.9882288312002344,0.0,-5105.310066554321
-0.0004855946620278527,-0.008486117947813952,0.061428178197258626,284.75806815221927,0.0,0.0,-0.8355164006416187,1632.8777647124873,-0.057128783767982666,-0.9983668173898765,0.0,-5090.044703644534
-0.008073009605160213,-0.0026601721589008006,0.18760672764039119,284.8197954678457,0.0,0.0,-0.8260562492431699,2405.7336938475355,-0.9497658359012014,-0.3129614304589177,0.0,-4728.429249353916
0.007077391795014991,-0.004707496721172995,0.1800677215349947,284.67303964811384,0.0,0.0,-0.8917761015459403,2359.5198509635356,0.832634328825293,-0.5538231436674111,0.0,-4818.267684882273
-0.00827172981719456,0.001956651688812921,0.08368417328290848,284.84655779857417,0.0,0.0,-0.888891812375112,1769.501935519597,-0.9731446843758306,0.23019431633093188,0.0,-4680.767197607854
0.004755702489283653,-0.007045090051477076,-0.002573100736854017,284.78035155916194,0.0,0.0,-0.845891827223517,1243.1658138345956,0.5594944105039592,-0.8288341237031853,0.0,-4936.574697930392
0.007019277728853817,0.004793718824171565,0.14492297920035838,284.8737420345234,0.0,0.0,-0.9078481689577549,2145.1832584913914,0.8257973798651549,0.5639669204907723,0.0,-4813.827597366865
0.007773051443277569,0.003439428914828814,0.08902007658979996,284.89614610132594,0.0,0.0,-0.87675556237519,1802.7158263830954,0.9144766403855963,0.40463869586221335,0.0,-4730.925723825821
-0.0064191069817826525,0.005571809899523603,-0.00015813572909204043,284.7050131789267,0.0,0.0,-0.8996511278249241,1254.7349873831186,-0.755189056680312,0.6555070470027767,0.0,-4824.020948355907
-0.0055132287572396245,0.0064694906036214354,-0.10634694411874523,284.9704073813241,0.0,0.0,-0.8344835605195593,608.7157113418513,-0.648615147910544,0.7611165416025217,0.0,-4861.359184597744
-0.006617954140400767,-0.005334105641581571,0.20122415340572578,284.6500026967932,0.0,0.0,-0.8338299873520765,2495.8728209747514,-0.7785828400471491,-0.6275418401860672,0.0,-4862.262822907913
0.0078736574582558,-0.003202423805503079,0.1244341773658574,284.7358663996589,0.0,0.0,-0.8658944297666642,2016.6066970216532,0.9263126421477411,-0.3767557418238916,0.0,-4730.8405304520775
0.005257116211515241,0.006679276093905959,-0.0523539769844838,285.0133044601907,0.0,0.0,-0.8262168753066647,933.3323836957761,0.6184842601782636,0.785797187518348,0.0,-4892.643787814111
0.005776531200676445,-0.006235518205218518,-0.06836702810566936,284.91256762116257,0.0,0.0,-0.8804322190614718,837.109621180854,0.6795919059619346,-0.7335903770845315,0.0,-4853.445756800247
-0.001553317513474633,0.008356865722406516,0.130943456370014,284.55385411647813,0.0,0.0,-0.9021910090342427,2057.7047169851135,-0.18274323687936858,0.983160673224296,0.0,-5095.437331346158
0.008155865051294415,-0.002394131421846836,-0.012706352639563712,284.7841583936597,0.0,0.0,-0.8307510473493177,1177.4952981763647,0.9595135354464017,-0.2816625202172748,0.0,-4666.497839689981
0.005149705505061423,0.006762435449683795,0.06979660381567146,284.96875897386593,0.0,0.0,-0.885079561137898,1684.2789915634141,0.6058477064778145,0.79558064113927,0.0,-4932.223282981339
-0.004262793717167501,-0.007353814637647408,-0.08469594879020824,285.19714548898367,0.0,0.0,-0.9086682867877366,741.6283885597936,-0.5015051431961766,-0.8651546632526362,0.0,-4941.6134368590665
-0.008471917654015792,0.0006903703814443123,-0.18315854081307928,285.0393887727087,0.0,0.0,-0.8273413196611906,139.73077579920013,-0.9966961945900932,0.08122004487580144,0.0,-4588.762449787732
0.008043896290603703,-0.0027469496657223256,0.13743894450393215,284.77493128479705,0.0,0.0,-0.8766055685206597,2099.7534210240397,0.9463407400710239,-0.3231705489085089,0.0,-4717.827112779595
0.008140171478002051,-0.0024469589920392836,0.1986741660695638,284.7507349919014,0.0,0.0,-0.9068628901965909,2473.962948205137,0.9576672327061236,-0.2878775284752098,0.0,-4724.767152459492
0.00542709048511553,0.006541917827852051,0.12200415704524334,284.76775043394,0.0,0.0,-0.9067880390820807,2003.3781591267102,0.6384812335430035,0.7696373915120059,0.0,-4928.363176963792
0.008387161096720172,-0.001380408902341511,-0.07860367890752576,284.88121060255696,0.0,0.0,-0.8595289888576625,775.7772160512279,0.9867248349082555,-0.16240104733429542,0.0,-4625.515812175103
-0.007341244301476625,-0.004284405688778431,-0.11895660338677583,285.03681279087704,0.0,0.0,-0.879448789194249,524.5463744048392,-0.8636758001737206,-0.50404772809158,0.0,-4714.873023090983
0.0022531233387407357,0.008195940166962044,-0.20438796636308135,285.2323094135648,0.0,0.0,-0.8787527561209103,4.678476305590424,0.2650733339694983,0.9642282549367109,0.0,-4989.24810029854
-0.007344387382754694,-0.0042790155377181865,-0.12339263955489092,285.1458837891489,0.0,0.0,-0.8766471929084576,500.2230806845669,-0.8640455744417287,-0.5034135926727278,0.0,-4713.401765606967
0.005207953950474373,0.00671767933513787,-0.04569983808549649,285.0304393797616,0.0,0.0,-0.8269313058147959,975.5348399822872,0.6127004647616909,0.7903152158985729,0.0,-4897.562249642276
-0.0057306605212796655,-0.0062777010115046645,-0.02818742359091908,285.06216078971426,0.0,0.0,-0.9067016511842733,1086.1323884922892,-0.6741953554446665,-0.7385530601770193,0.0,-4867.440194486607
0.0033899378848189837,-0.007794762416973914,-0.08700651863502387,284.9201245805051,0.0,0.0,-0.9014948864368602,725.5188694975249,0.3988162217434098,-0.9170308725851662,0.0,-4981.672861043983
-0.0002974107195465024,-0.008494795280870448,-0.11820819895789407,285.1130118843483,0.0,0.0,-0.9084136098289376,531.8518867029316,-0.034989496417235574,-0.9993876801024056,0.0,-5042.746928619445
-0.00792217244290318,-0.0030804518799853855,-0.14879834498082914,285.0108176144312,0.0,0.0,-0.8540463502890953,343.2021877432747,-0.9320202874003739,-0.36240610352769237,0.0,-4652.867293714636
-0.0027295165335964257,-0.008049828538100906,0.1119184905861573,284.67677190540206,0.0,0.0,-0.8266980606585055,1941.1074419389681,-0.3211195921878148,-0.947038651541283,0.0,-5059.655083414259
0.006318839782738384,-0.005685267258456962,-0.03543652772856987,284.79929332505236,0.0,0.0,-0.855786125935458,1041.293961205318,0.7433929156162804,-0.668854971583172,0.0,-4822.334107027163
0.0015691215532663114,0.008353912709088786,0.19122693789893339,284.45690989086023,0.0,0.0,-0.8842292726778906,2432.3674209675423,0.18460253567838955,0.9828132598927982,0.0,-5111.310425898075
0.00040352952486379204,0.008490416004093275,0.0056908055728677465,284.92933539691495,0.0,0.0,-0.8696677503818766,1293.6152703396144,0.04747406174868141,0.9988724710697969,0.0,-5075.535135418036
0.0008134936892201617,0.00846098268628408,-0.14302457904883728,285.3268632120772,0.0,0.0,-0.8363380351061019,378.85326256533415,0.09570513990825431,0.9954097277981271,0.0,-5032.597383488369
0.0007142165838696133,-0.008469940653353223,0.16796101666257687,284.47924717609664,0.0,0.0,-0.8484753064316278,2290.2419985554993,0.08402548045524862,-0.9964636062768497,0.0,-5116.956187986598
-0.0023830815428379304,0.008159100585247445,-0.06364831733578094,284.9667452947295,0.0,0.0,-0.8412256596897344,867.0022159994995,-0.2803625344515212,0.9598941864996994,0.0,-5023.338235859609
-0.007655952949622399,0.0036927475452795447,0.05411707732802182,284.75168280863136,0.0,0.0,-0.9070051882726964,1586.5503686095446,-0.9007003470143998,0.43444088767994643,0.0,-4732.564325219276
0.0018975873866916453,0.008285478990973835,-0.18445559876560724,285.28234946225257,0.0,0.0,-0.8642377801003606,125.63772238959987,0.22324557490489944,0.9747622342322158,0.0,-5003.582934371869
-0.006727540110010934,-0.005195209723215616,0.0435098769904311,284.9536759741366,0.0,0.0,-0.8782459076956022,1521.4577382333744,-0.7914753070601098,-0.6112011439077195,0.0,-4811.042790489785
-0.0051364250489306235,0.006772528162858982,-0.16690043380542866,285.0884038219646,0.0,0.0,-0.8283771771233202,232.94337405072085,-0.604285299874191,0.7967680191598802,0.0,-4869.551116429312
0.007908543484676678,-0.003115275260868303,-0.01674522122155564,284.7329071400491,0.0,0.0,-0.8341090646966808,1154.3977707249376,0.9304168805501973,-0.36650297186685915,0.0,-4689.610128162651
-0.007919055170812256,0.0030884567670005805,0.15833146776244159,284.7111203897454,0.0,0.0,-0.8484657247742853,2224.7597913147983,-0.9316535495073242,0.3633478549412447,0.0,-4735.568706301506
0.0077996257867549235,0.003378733133378198,0.0897268166979118,284.9779747452968,0.0,0.0,-0.8768802141554749,1807.3160354165232,0.9176030337358733,0.3974980156915527,0.0,-4728.595104273004
-0.002421819952398755,0.008147686059131347,0.1509922925804267,284.4982891421091,0.0,0.0,-0.8895481831735951,2182.768873196728,-0.2849199943998535,0.9585513010742761,0.0,-5079.791189865798
-0.00805071073733529,-0.0027269133876517433,-0.1276653870661279,284.9491228620381,0.0,0.0,-0.8655206076198098,476.4959048047856,-0.9471424396865045,-0.3208133397237345,0.0,-4646.033638322803
-0.005555783516708712,-0.006432982940710148,0.18714364259627678,284.6463253018911,0.0,0.0,-0.8329792365968347,2404.6694762593356,-0.653621590201025,-0.7568215224364879,0.0,-4937.231949367011
-0.0004397850389753023,0.008488615265135621,-0.08814156815909287,285.1144755106315,0.0,0.0,-0.8275418892415437,721.1510067468633,-0.05173941635003556,0.9986606194277201,0.0,-5050.1743966313525
0.0029068840991254277,0.007987491773657845,-0.1338460911125113,285.26318604815145,0.0,0.0,-0.8396367451537885,438.7644567802586,0.3419863646029915,0.9397049145479818,0.0,-4987.630016743433
0.007670301034397553,0.003662851627041401,-0.11642842029834675,285.05247441975996,0.0,0.0,-0.8583405051686546,543.0439720966089,0.9023883569879474,0.4309237208284001,0.0,-4685.469018145165
0.0011495891952467494,0.008421902675890523,-0.10880667983906528,285.2123842710635,0.0,0.0,-0.8271282427307,592.1174044114917,0.13524578767608816,0.9908120795165319,0.0,-5037.759737788601
-0.008282288525986007,0.0019114645621409103,-0.07792659876102953,284.86890206329525,0.0,0.0,-0.8742666621780484,779.59038782879,-0.9743868854101184,0.22487818378128355,0.0,-4636.343750664979
0.006027934575026187,0.005992829445195639,-0.14536974645489578,285.1548668147014,0.0,0.0,-0.8627425882966971,370.8155800939503,0.7091687735324925,0.7050387582583104,0.0,-4814.713406991647
0.0027139699069248877,-0.00805508332323795,0.1256390558960778,284.51777333448985,0.0,0.0,-0.8353309403577774,2030.2215315635694,0.3192905772852809,-0.9476568615574057,0.0,-5063.851591379759
0.007839374354207979,-0.0032854542660926273,-0.19983786415155025,285.0396707110288,0.0,0.0,-0.9078975027153146,32.90281793580382,0.9222793357891739,-0.38652403130501495,0.0,-4647.1213270579765
0.005563853610633366,-0.006426004435062434,-0.08533898338746092,284.9010185464862,0.0,0.0,-0.8915132356612563,735.9022530971614,0.65457101301569,-0.756000521772051,0.0,-4863.58036231336
0.007770216536332901,0.003445828634523016,-0.20304134234007987,284.9916609230556,0.0,0.0,-0.905865725401104,12.014456007947338,0.9141431219215177,0.40539160406153124,0.0,-4652.836128681691
0.005906206137938542,-0.006112833144800952,0.05047747525053972,284.6593443794775,0.0,0.0,-0.8260176948134175,1568.3387570987422,0.6948477809339461,-0.7191568405648179,0.0,-4876.104824248055
0.0038531001908111524,-0.007576517598446603,-0.07802932440967128,284.89627479702597,0.0,0.0,-0.8958616330740251,778.9603735938889,0.453305904801312,-0.8913550115819532,0.0,-4963.651356142957
0.0030808814767283,0.007922005385402895,-0.16935350653228748,285.4322210373794,0.0,0.0,-0.8606719716946439,221.50721197088916,0.3624566443209764,0.9320006335768111,0.0,-4971.7587730039195
0.002710551567140437,0.008056234244476294,0.047461597611042766,284.86063269023134,0.0,0.0,-0.8844632452107893,1548.708660244392,0.3188884196635808,0.9477922640560346,0.0,-5042.990076713025
0.0008746440316645821,-0.008454880118480305,0.14428626327536317,284.5462795088242,0.0,0.0,-0.8370821992168689,2141.9102311689285,0.102899297842892,-0.9946917786447417,0.0,-5109.052111865148
-0.008030166045998465,-0.002786832121548298,0.048127481433177605,284.97288969891457,0.0,0.0,-0.8881067495186855,1552.5168626648235,-0.94472541717629,-0.32786260253509386,0.0,-4695.209561018296
0.0010587255149614443,0.008433806986407125,-0.06448178343493985,285.1265915713819,0.0,0.0,-0.8303238054058181,860.9762071611647,0.12455594293664049,0.9922125866361323,0.0,-5050.873768837166
0.008090581270707144,-0.002606241489594312,0.13874974222512157,284.74668258817286,0.0,0.0,-0.8781419342660117,2109.3115795105064,0.9518330906714286,-0.30661664583462495,0.0,-4713.591598298249
-0.0023623228921429065,-0.00816513506031943,-0.13947096187301775,285.2281208235275,0.0,0.0,-0.8957759609336353,402.63278012898536,-0.2779203402521066,-0.9606041247434624,0.0,-5003.59548661733
-0.006588657230715238,0.005370251008672111,-0.04312985397806518,284.78379998234846,0.0,0.0,-0.8774102720479099,990.1542768456885,-0.7751361447900279,0.6317942363143659,0.0,-4799.060716859606
-0.005231812495591026,-0.006699114718451806,-0.11923198990996435,285.2100638978075,0.0,0.0,-0.8934629997833966,528.3157167393142,-0.6155073524224737,-0.7881311433472712,0.0,-4876.317237146457
-0.002652084734207973,-0.008075670037995673,0.08566659400853774,284.843246585468,0.0,0.0,-0.8327602555397599,1780.1901451660842,-0.31200996873034975,-0.9500788279994908,0.0,-5055.149623285423
0.001724093396347043,0.00832331075718506,-0.15211811520857244,285.27645274583705,0.0,0.0,-0.8440721162805161,325.9059613703044,0.20283451721729917,0.9792130302570657,0.0,-5016.085412544018
-0.0077889799872652545,0.0034032030145116766,0.10803142685637848,284.7469756585516,0.0,0.0,-0.8814969001451513,1914.7223676591184,-0.9163505867370887,0.4003768252366678,0.0,-4734.516746313812
-0.00847215087549878,-0.0006875023947487526,-0.026716747719703643,284.8673777015478,0.0,0.0,-0.9077547058671386,1093.569285836986,-0.9967236324116211,-0.08088263467632383,0.0,-4630.710572335762
0.00688287132139075,-0.004987592843564594,-0.09671556262956675,284.87422478810834,0.0,0.0,-0.8895369670114147,664.6578096972214,0.8097495672224412,-0.586775628654658,0.0,-4760.546403109886
-0.008017051957424592,0.002824336720710642,0.14643618671911787,284.790022713166,0.0,0.0,-0.8542075372196583,2154.8744560462783,-0.9431825832264225,0.33227490831889905,0.0,-4722.866667879713
-0.004478948153650455,0.007224197079046998,0.04630832240075913,284.6626296004515,0.0,0.0,-0.9080471898595778,1541.6976566708738,-0.5269350769000535,0.8499055387114115,0.0,-4965.253530940968
0.00045434326205601085,-0.008487848502431243,0.1537442614135676,284.5000184001456,0.0,0.0,-0.8399286720714315,2199.629070407658,0.05345214847717775,-0.9985704120507345,0.0,-5114.991322221446
-0.008345549759034527,-0.0016130093674491684,0.20094718654573904,284.80207197506786,0.0,0.0,-0.8263479772103338,2490.8523691777373,-0.9818293834158266,-0.18976580793519626,0.0,-4704.757527023925
0.006066303004636671,-0.005953987559269512,-0.07657559506798672,284.75047177547833,0.0,0.0,-0.883530563828444,786.6551139518549,0.7136827064278436,-0.7004691246199425,0.0,-4830.344405752656
0.0042536634648066155,0.007359099613958857,0.12734728855216834,284.6635398618903,0.0,0.0,-0.9095694103231421,2037.0075413999114,0.5004309958596018,0.8657764251716301,0.0,-4998.9766257976235
0.005122672467342794,-0.0067829364431880165,0.07469922768494688,284.6354671501123,0.0,0.0,-0.827019625453542,1713.6489275800095,0.6026673490991522,-0.7979925227280019,0.0,-4935.229765393269
-0.003521207971673464,0.007736348907606434,0.10124462653339997,284.58658884971175,0.0,0.0,-0.9065542978048482,1875.606945571093,-0.4142597613733487,0.9101586950125216,0.0,-5026.654286531605
0.007562436251255453,0.0038806646268000765,-0.19630469817592913,285.0302013179756,0.0,0.0,-0.9024884638465438,51.3285976719164,0.8896983825006415,0.4565487796235384,0.0,-4674.045072652565
-0.00849787443047066,0.000190079362248945,0.1812504732665187,284.7665160830434,0.0,0.0,-0.8290953506718183,2363.544146893889,-0.9997499329965481,0.022362277911640586,0.0,-4683.848207202727
-0.0008455624441259222,0.00845783803067213,-0.11241941763577902,285.05922929802693,0.0,0.0,-0.8260575834869076,567.9829012941514,-0.09947793460304967,0.9950397683143681,0.0,-5040.484514661354
0.008087887527398988,-0.002614588943628409,0.11085329256973106,284.7614238204047,0.0,0.0,-0.8602884701529485,1937.318426489997,0.9515161796939984,-0.30759869925040106,0.0,-4706.372589578243
0.005030748710320728,-0.006851391640652747,-0.054941864330545764,284.84137599846053,0.0,0.0,-0.8766986158990858,917.7238578981163,0.5918527894494974,-0.8060460753709113,0.0,-4906.132021086929
-0.006636098966411923,0.0053115148976527055,-0.16722701105540136,285.04577724099266,0.0,0.0,-0.8261938626766371,231.60760151510112,-0.7807175254602261,0.6248841056062006,0.0,-4761.945480539387
0.005158286335163282,-0.006755892397342321,-0.058771478594147886,284.8498968408386,0.0,0.0,-0.8783324847900501,895.6960048786474,0.6068572159015626,-0.7948108702755671,0.0,-4897.190742912009
0.006714547933424709,0.005211990603381973,-0.09307882873894818,285.06515449169706,0.0,0.0,-0.8377410692218418,689.5715049333858,0.7899468156970245,0.6131753651037616,0.0,-4775.460603796799
0.008211368085520898,-0.002196231810189645,-0.016553883873113906,284.8181915235312,0.0,0.0,-0.8314483420239822,1153.9594180612655,0.966043304178929,-0.2583802129634876,0.0,-4659.933261241288
0.002821165003778769,-0.008018168620168445,-0.014332556544336156,284.8075691910442,0.0,0.0,-0.8630273522799173,1169.7544009501348,0.3319017651504434,-0.9433139553139347,0.0,-5022.684815999129
-0.006809616129102506,0.0050871532485533616,0.08671008157349505,284.6456569054097,0.0,0.0,-0.9004669263822627,1793.3076319171528,-0.801131309306177,0.598488617476866,0.0,-4815.866675531881
0.0024473866289434604,-0.008140042916868975,-0.04131581783357696,284.9010378299902,0.0,0.0,-0.8820498483431217,1002.3268041348795,0.2879278386992306,-0.9576521078669382,0.0,-5027.438194654989
-0.007740897111192048,0.0035111980738686075,-0.05672389223640664,284.8305207992825,0.0,0.0,-0.8794322851056556,908.2359927975265,-0.9106937777872997,0.4130821263374832,0.0,-4694.861605729621
0.0067549760895931794,-0.005159486217543801,-0.1913008249284684,285.05303079042204,0.0,0.0,-0.90595759758302,82.83108514641505,0.7947030693639034,-0.6069983785345648,0.0,-4745.792082313006
-0.0023627601895866443,-0.008165008529481429,-0.13628531992733053,285.2252546554354,0.0,0.0,-0.8972786477871632,418.4970360978684,-0.2779717870101934,-0.960589238762521,0.0,-5004.437587548754
-0.003689059434210066,0.007657730766412836,0.19869846333471056,284.48412173208504,0.0,0.0,-0.8535049969411945,2471.5914442746375,-0.4340069922600077,0.9009095019309218,0.0,-5045.430033316053
-0.007349903837847919,-0.0042695331799142205,0.17481561858171882,284.7101748794826,0.0,0.0,-0.826085138460192,2327.9821633608562,-0.8646945691585787,-0.5022980211663789,0.0,-4792.915204236573
0.00807543045672231,0.0026528141545614724,0.04147712720232996,284.957305719276,0.0,0.0,-0.8436728907541523,1511.0783373025986,0.9500506419673307,0.31209578288958495,0.0,-4688.985671924093
0.0047467853028330025,0.007051101281984865,-0.0033956619594195103,285.0504050450129,0.0,0.0,-0.8427648226088077,1232.857543816669,0.5584453297450591,0.829541327292337,0.0,-4936.870046764406
0.007468252379819833,-0.004058966172723717,-0.1359013170835673,284.93640044988786,0.0,0.0,-0.9035603692240618,425.62716727133625,0.8786179270376273,-0.47752543208514314,0.0,-4698.872107873125
-0.004678944141611102,0.007096300565765458,-0.0033135601105851453,284.7094679095592,0.0,0.0,-0.8893099062809338,1236.7182583606445,-0.5504640166601297,0.8348588900900538,0.0,-4940.786317267346
0.007199973164823562,-0.004517785566604572,0.19281140432378105,284.66724508697536,0.0,0.0,-0.8988120097661625,2441.6534481878007,0.8470556664498308,-0.5315041843064202,0.0,-4811.02843605642
0.00014522181694083707,-0.008498759357923038,0.015494992022577037,284.83507522417926,0.0,0.0,-0.8574242242377544,1353.8585189309506,0.017084919640098478,-0.9998540421085926,0.0,-5079.0287594108595
-0.002800112945766566,0.008025544685001168,0.13544757266998494,284.60355378711637,0.0,0.0,-0.8960143267538546,2084.409579189799,-0.3294250524431254,0.9441817276471961,0.0,-5063.590411989608
0.008152156528407485,0.0024067288871709733,0.00996607842220415,284.95468736344225,0.0,0.0,-0.8299968505011932,1318.2143909405786,0.9590772386361747,0.283144574961291,0.0,-4672.949000063357
-0.0007346928483481907,0.008468189087318848,-0.07656913136671445,285.0721250896456,0.0,0.0,-0.8308227007179935,786.6641552511595,-0.08643445274684597,0.9962575396845703,0.0,-5051.169859882722
-0.0009608864699181082,-0.008445513435660874,0.05837167309249583,284.73290560923147,0.0,0.0,-0.8384249930188755,1613.4871798216668,-0.11304546704918919,-0.9935898159601027,0.0,-5085.037810627951
0.007775801086684786,-0.0034332080420958638,0.16861379988664435,284.6970318916788,0.0,0.0,-0.8916247778874821,2293.1353828749975,0.9148001278452689,-0.4039068284818663,0.0,-4752.019768231558
0.00846698929871686,-0.0007483930888338038,-0.14197770531055073,285.04180441264697,0.0,0.0,-0.8948364649234469,385.843808467209,0.9961163880843363,-0.08804624574515338,0.0,-4600.319362737957
0.006417576462023419,0.005573572674154612,0.15475644633972793,284.72562722870913,0.0,0.0,-0.9099368459756312,2206.8711146533033,0.7550089955321669,0.6557144322534837,0.0,-4865.703045521531
0.0007601381529069708,-0.008465942947391933,-0.13000308400480604,285.11118207031654,0.0,0.0,-0.9077073995267563,458.0914300928474,0.08942801798905538,-0.9959932879284625,0.0,-5036.60228082695
-0.00651961138739516,0.0054538671928593355,0.19095693949765394,284.6362447077102,0.0,0.0,-0.8422834381571795,2424.9781221650032,-0.7670131043994305,0.6416314344540395,0.0,-4867.376344600323
-0.002225260985761053,-0.008203548838475318,-0.13781356913969806,285.15721726320425,0.0,0.0,-0.8970786580717328,411.13140627227125,-0.2617954100895356,-0.9651233927618021,0.0,-5007.8694196244505
-0.005772924357388388,0.006238857616893648,-0.19958997662902273,285.1602953469189,0.0,0.0,-0.8370200471287377,33.43688283649129,-0.6791675714574573,0.7339832490463114,0.0,-4818.493290032351
-0.008033875771492373,0.002776119609856147,0.06451274646796815,284.7624908991137,0.0,0.0,-0.9012839190740235,1649.4942089464705,-0.9451618554696908,0.32660230704189963,0.0,-4699.242687297509
0.0012966466373001628,0.008400518287461684,0.1914847285741796,284.4079575319662,0.0,0.0,-0.8828058939978842,2432.036961727989,0.15254666321178384,0.9882962691131393,0.0,-5116.13493840758
0.0017570213064107187,-0.0083164220749562,0.018456742671768583,284.731021618534,0.0,0.0,-0.8481945847344433,1367.7224196139184,0.2067083889894963,-0.9784025970536705,0.0,-5061.1513314549
-0.008419758696028967,0.0011651881825029899,-0.12730898267452467,284.93392261075314,0.0,0.0,-0.8472146397148375,476.5263981199929,-0.990559846591643,0.13708096264741057,0.0,-4609.112055218517
0.004315181061879133,0.007323196870438462,-0.047594513830325286,285.05367822245046,0.0,0.0,-0.8279884518850277,965.5156468332691,0.5076683602210744,0.8615525729927602,0.0,-4948.83078804526
0.007344093097729914,-0.0042795206007070295,0.18792925030594407,284.64358765576895,0.0,0.0,-0.8975847572689664,2407.6222574824596,0.8640109526741074,-0.5034730118478857,0.0,-4796.953475175049
0.00790074412333217,-0.003135002758791799,-0.0009163832493125634,284.7335959589777,0.0,0.0,-0.8291824125785597,1250.777842453568,0.9294993086273141,-0.3688238539755057,0.0,-4694.607796594445
-0.005386705103502032,0.006575211641301378,0.05298692701799737,284.63605292828055,0.0,0.0,-0.9098899274410073,1580.9574726248045,-0.6337300121767095,0.7735543107413386,0.0,-4912.50596434297
0.0019802310533278663,0.00826611668048764,0.06979668996383812,284.77665503615,0.0,0.0,-0.8991201952740848,1683.5721821631294,0.23296835921504308,0.9724843153514872,0.0,-5069.845268395857
0.007404053040008426,-0.004174924979055551,0.1379262346099134,284.72073144482533,0.0,0.0,-0.8692376334469684,2101.1055803547756,0.871065063530403,-0.49116764459477064,0.0,-4778.15268777207
0.008163216629449455,0.002368943701458501,-0.0581772323509509,284.974015473683,0.0,0.0,-0.8335535625637714,901.5430718478452,0.9603784269940534,0.27869925899511777,0.0,-4653.567716111655
-0.007788048112825394,-0.0034053350191011788,0.09030743202121586,284.889614035954,0.0,0.0,-0.8586150978786727,1814.19134249378,-0.9162409544500463,-0.400627649306021,0.0,-4729.84992911613
-0.005576086408921251,0.006415392455668143,0.18442909390016574,284.55727665182053,0.0,0.0,-0.8516338167204363,2390.571183371016,-0.6560101657554412,0.7547520536080168,0.0,-4935.127267879468
-0.008380166150450667,-0.0014222571113694119,-0.13280402280836362,284.9200561409232,0.0,0.0,-0.8557371281751944,442.5748784045658,-0.9859019000530196,-0.1673243660434602,0.0,-4611.68852754488
-5.045086234826341e-07,0.00849999998502771,-0.018790485454973638,284.9040297422464,0.0,0.0,-0.856074474738051,1143.4106046770517,-5.93539557038393e-05,0.999999998238554,0.0,-5069.958648693715
0.0029967682404108114,0.007954205184257263,-0.015153932953824778,285.0562541031246,0.0,0.0,-0.8445443365702773,1163.696761151304,0.3525609694600954,0.9357888452067367,0.0,-5016.242646308802
0.008379886559160204,-0.0014239035274927086,-0.1161387525862576,284.89366667983285,0.0,0.0,-0.8834742040585042,542.1751387659614,0.9858690069600239,-0.1675180620579657,0.0,-4616.188234967746
-0.007423460137953681,0.004140318777607918,-0.034496218895851666,284.74820226557716,0.0,0.0,-0.8893549551889237,1045.4996966341832,-0.8733482515239624,0.48709632677740206,0.0,-4730.140562768018
-0.008345963512111471,-0.0016108671746931753,-0.16815894849265592,284.9905616358884,0.0,0.0,-0.8374197984566703,223.95359820868467,-0.9818780602484083,-0.1895137852580206,0.0,-4605.686993463993
0.0075003205467764865,0.003999398916787681,-0.006779975677393857,285.039280063779,0.0,0.0,-0.8290898654671816,1214.972454018522,0.8823906525619395,0.47051751962208005,0.0,-4730.591146094712
0.0026981486887626177,-0.00806039661885993,0.15592322978243464,284.4823535530178,0.0,0.0,-0.8505266915519675,2212.7357119501266,0.31742925750148443,-0.9482819551599916,0.0,-5072.49807490105
-0.008257966969601264,0.0020139467542550694,-0.19571040476558174,285.0149201374804,0.0,0.0,-0.8261968168454829,60.42852195288808,-0.9715255258354427,0.23693491226530228,0.0,-4607.19311759482
-0.005566271522679112,0.006423910128248338,-0.19696084240230785,285.10342168137595,0.0,0.0,-0.8368038809187016,50.129050954064,-0.6548554732563661,0.7557541327350985,0.0,-4833.469143184677
-0.005192914662973586,0.006729311800108087,0.11493892323090502,284.5874401940142,0.0,0.0,-0.8957867303431352,1961.8517611361592,-0.6109311368204218,0.7916837411891867,0.0,-4941.613056354196
0.0074721986712293275,-0.004051696807225176,0.16672500318880792,284.6594944824908,0.0,0.0,-0.8876689433908077,2279.2600033840167,0.8790821966152149,-0.47667021261472653,0.0,-4779.705474717944
-0.0017344219873703336,0.008321164604172085,-0.0971111590713605,285.0884464162905,0.0,0.0,-0.8277307241094644,661.3654224982577,-0.20404964557298041,0.978960541667304,0.0,-5030.625833132889
-0.0029375247820220413,0.007976274077224677,0.004767203648258722,284.7660678274537,0.0,0.0,-0.8853528715843609,1284.718143598508,-0.34559115082612246,0.9383851855558443,0.0,-5023.728378703948
-0.008442642166475915,0.0009857957439768554,0.12784407069957684,284.79865294249686,0.0,0.0,-0.8567100206034179,2040.617152681366,-0.9932520195854017,0.11597596987963005,0.0,-4675.217815983666
-0.00549627433212212,0.006483900713772192,0.128831076161579,284.5349222721718,0.0,0.0,-0.8868011268829403,2046.7405039703206,-0.6466205096614259,0.7628118486790814,0.0,-4925.592478321228
0.0004964000792381991,0.008485492735329654,-0.11918871424795233,285.2222719262811,0.0,0.0,-0.8280559625260955,526.7858308890509,0.05840000932214107,0.9982932629799591,0.0,-5041.521893200735
0.006617622474916417,-0.005334517108368959,0.06689760569832029,284.68774994920597,0.0,0.0,-0.828499622212855,1670.0453178200323,0.778543820578402,-0.6275902480434069,0.0,-4826.250726667425
-0.004080430200508507,-0.007456546746234353,0.06884797306963528,284.7717384890694,0.0,0.0,-0.8458908056519987,1679.6422818468566,-0.4800506118245302,-0.8772407936746297,0.0,-4992.07402784716
-0.005011026270176408,-0.006865829572571833,0.15787558414104966,284.6438473990674,0.0,0.0,-0.8269953493918002,2225.4373933437764,-0.589532502373695,-0.8077446555966862,0.0,-4964.435492641646
0.007859585807728674,0.0032368056677764896,0.1258615320985337,284.88819402120816,0.0,0.0,-0.8965880486914842,2027.2977271723707,0.9246571538504322,0.38080066679723407,0.0,-4732.571753170612
0.004052878733115701,-0.007471557667224318,0.014467681214396039,284.73113775475156,0.0,0.0,-0.8403457739383567,1343.9062884019245,0.4768092627194942,-0.8790067843793314,0.0,-4978.8488608820935
-0.0064353043807132875,0.00555309441010797,0.13421583839200493,284.60701536574595,0.0,0.0,-0.8774073805552449,2078.5168666708432,-0.7570946330250926,0.6533052247185847,0.0,-4858.804522697089
0.005336475703651676,-0.006616043157683855,0.09741810754488237,284.65983144043406,0.0,0.0,-0.833356571490846,1853.8668315371892,0.6278206710178442,-0.7783580185510417,0.0,-4927.706695657661
0.001442235293239127,0.008376751002562716,0.11896976886808716,284.67217628088224,0.0,0.0,-0.9098592292344365,1989.9738390245943,0.16967474038107375,0.9855001179485547,0.0,-5094.251330766515
0.00046924085743376955,0.00848703794133824,0.1973209632376858,284.4386883365469,0.0,0.0,-0.8752262070596873,2465.4789396931433,0.05520480675691406,0.9984750519221458,0.0,-5126.5988395215545
-0.0020352595190856427,0.008252740071635074,-0.04913427362282227,284.90391018285965,0.0,0.0,-0.8474531850768005,955.2111404075943,-0.23944229636301675,0.9709105966629499,0.0,-5036.59128405953
-0.008381753097405428,0.0014128747340562506,0.20298562228948994,284.7421785477034,0.0,0.0,-0.8268194884878839,2502.538058939048,-0.9860885996947562,0.16622055694779417,0.0,-4701.616437562515
-0.008311270289989979,-0.0017812316431980156,-0.12418459232986832,284.98304967661653,0.0,0.0,-0.8629224110282111,494.979363965329,-0.9777965047047034,-0.20955666390564887,0.0,-4621.004340516042
0.004924597193179207,-0.006928083608396443,0.14197158964949483,284.64628304402623,0.0,0.0,-0.8536791307918726,2125.0439284139425,0.579364375668142,-0.8150686598113462,0.0,-4965.398183577381
-0.000816936842287074,-0.00846065093215138,0.11978398505905494,284.61479484547067,0.0,0.0,-0.826595641993313,1994.4909897317027,-0.09611021673965575,-0.9953706979001624,0.0,-5103.072810267994
0.006148019075746339,0.005869570805796549,0.14451294931456118,284.78356842521424,0.0,0.0,-0.909431485352927,2142.905345141896,0.7232963618525104,0.6905377418584174,0.0,-4883.582410978878
-0.005819252048989178,0.006195668292471383,-0.14313842668495894,285.02271659018663,0.0,0.0,-0.8263615239245989,382.3596287147554,-0.6846178881163738,0.7289021520554567,0.0,-4830.368280274041
0.0015658632238168436,0.008354524065696258,-0.0557385203501469,285.07444007000305,0.0,0.0,-0.8317904781770985,915.7598078740765,0.1842192028019816,0.9828851841995597,0.0,-5045.113608373249
0.007681876150190773,0.003638513269610295,0.1492718223263391,284.82946571531926,0.0,0.0,-0.9064908938063769,2169.436089061961,0.9037501353165615,0.42806038466003465,0.0,-4755.672242580041
-0.005260173335373824,-0.006676868763261879,0.07870601190163698,284.83590076118963,0.0,0.0,-0.8464463921087814,1739.9249150724497,-0.6188439218086852,-0.7855139721484563,0.0,-4927.610415289358
-0.007316959706196457,0.004325748566190304,-0.1752227166018125,284.92984937784547,0.0,0.0,-0.8261263536824259,182.30285272467694,-0.860818788964289,0.5089115960223887,0.0,-4701.945072782236
-0.0073072552855950506,-0.004342121623255525,-0.010913993959006052,285.0538720144331,0.0,0.0,-0.9071743728553074,1188.359326001379,-0.8596770924229471,-0.5108378380300618,0.0,-4746.892185855111
0.002842053002291319,0.008010788646080166,0.15690507416423186,284.54818356597923,0.0,0.0,-0.9050020126335434,2215.0941443752836,0.33435917674015514,0.9424457230682548,0.0,-5067.9062173214
0.00047681732550441757,0.008486615652785204,-0.13831136045443015,285.21827238511446,0.0,0.0,-0.8334532175247035,412.6461548720947,0.05609615594169618,0.9984253709159062,0.0,-5036.5074913913895
-0.00590086623916579,-0.0061179880375392525,-0.05072227425240056,285.2136880732044,0.0,0.0,-0.9099856400532372,945.7161639995454,-0.6942195575489164,-0.7197632985340296,0.0,-4849.337635559971
0.0073701874504699064,0.0042344228585411625,-0.07944192448379964,285.0319820349981,0.0,0.0,-0.8357673374508878,768.1031568356291,0.8670808765258713,0.4981673951224897,0.0,-4722.881444511147
0.008484020856218216,0.0005209511601429981,0.12238710948613499,284.8565547642571,0.0,0.0,-0.8830347676413747,2010.2796698081368,0.9981201007315548,0.06128837178152918,0.0,-4669.488322346572
0.0012569013740171052,-0.008406556901371329,0.06584678666293023,284.63147909851796,0.0,0.0,-0.8295362086579564,1665.7781207992869,0.1478707498843653,-0.9890066942789798,0.0,-5083.045277240508
0.001706919254151799,0.008326849744039211,-0.19057360423993489,285.26321188278666,0.0,0.0,-0.8672065230821988,88.42646384741035,0.20081402990021163,0.9796293816516718,0.0,-5006.126935597336
-0.004451926089713519,0.007240880753867454,-0.19906406362411977,285.2714102838193,0.0,0.0,-0.8428430175746026,36.43750358695733,-0.5237560105545316,0.8518683239844063,0.0,-4900.8916105154885
0.006031466877505802,0.0059892743555083885,-0.09375145060505416,285.1986986852079,0.0,0.0,-0.834687842395731,680.4441118824461,0.7095843385300943,0.7046205124127516,0.0,-4828.302801054524
-0.008270814096943387,-0.001960518853212725,0.15568281854033708,284.7345573226832,0.0,0.0,-0.8316150602117812,2208.905800320654,-0.973036952581575,-0.23064927684855585,0.0,-4700.176160192534
-0.006767399999862606,-0.005143179682050745,-0.04635591803021544,285.08117953140385,0.0,0.0,-0.9099230798786639,973.7915325669733,-0.7961647058661889,-0.6050799625942053,0.0,-4783.656621280659
0.0018666112857303368,0.008292512424349098,0.19273790390917447,284.4388413104464,0.0,0.0,-0.8847154138930385,2437.1845826258414,0.21960132773298077,0.9755896969822467,0.0,-5105.4912823589675
-0.005859748548848508,0.006157381500627342,-0.07372508621386173,284.87612828892435,0.0,0.0,-0.8528438950619953,804.6867608946852,-0.6893821822174715,0.7243978236032166,0.0,-4846.111069830746
-0.003956937806484503,-0.007522808198778806,-0.06761396066882874,285.14638653147153,0.0,0.0,-0.9099466708615365,840.4399073770184,-0.4655220948805297,-0.8850362586798595,0.0,-4961.50690792719
0.005105215534161723,0.0067960852223727915,-0.14947368258817667,285.2067683317943,0.0,0.0,-0.8593817775108301,343.07864845958846,0.6006135922543203,0.7995394379262107,0.0,-4876.173162303184
0.006295631811240858,0.00571095614562852,0.19524429246878053,284.6437177490192,0.0,0.0,-0.902963969331084,2453.894999337216,0.7406625660283361,0.6718771936033553,0.0,-4886.0069588977
-0.006698275961758593,-0.005232886310644156,-0.06926374347867481,285.0717823364847,0.0,0.0,-0.9067128626397858,834.8235568449593,-0.7880324660892462,-0.6156336836051948,0.0,-4783.179170683843
-0.008467884636959928,-0.0007381935892013964,0.0331685582224088,284.8872129554281,0.0,0.0,-0.9027761440375848,1457.4572557677757,-0.9962217219952856,-0.08684630461192898,0.0,-4647.217484949194
0.00665491029636701,0.005287926715387456,0.10160233326421927,284.9337404244563,0.0,0.0,-0.8936737615325796,1880.1571718824052,0.7829306231020011,0.6221090253397007,0.0,-4832.547803923092
-0.00799935204404702,-0.002874085398070276,0.13770696305742688,284.8092548378126,0.0,0.0,-0.8355097293014251,2099.1503563471147,-0.94110024047612,-0.3381276938906207,0.0,-4722.25111902173
0.005683315729282612,0.006320595092338131,0.07649221984533858,284.8739028207408,0.0,0.0,-0.8858846145369818,1725.254660027907,0.6686253799156013,0.7435994226280154,0.0,-4898.81594747173
0.008363776431225378,-0.0015156661269814292,0.11498753521953611,284.8248873981865,0.0,0.0,-0.8685080669256826,1961.7177476760464,0.9839736977912209,-0.17831366199781518,0.0,-4679.840449631424
0.005740089900851907,0.006269080309753414,-0.152481788496155,285.1412846798885,0.0,0.0,-0.8653366547976568,322.82419258270556,0.6753046942178714,0.7375388599709898,0.0,-4833.4342226525005
0.0025915727687880583,0.008095291877633332,-0.022720529812582324,285.0520917048623,0.0,0.0,-0.8423150902279956,1115.7340093263044,0.3048909139750657,0.9523872797215684,0.0,-5028.00252155226
0.008282167172039764,0.001911990307084961,0.04959472703651677,284.91209806919625,0.0,0.0,-0.8448467368540826,1562.6908548103106,0.9743726084752664,0.22494003612764246,0.0,-4670.569031111017
-0.007359220530489682,-0.004253454264902722,-0.0740441617671121,285.0387935225853,0.0,0.0,-0.9024096423316174,800.3406795992338,-0.8657906506458449,-0.5004063841062026,0.0,-4725.3133748563005
0.0011547245667900838,0.008421200103005002,-0.14298599744615242,285.25039767784,0.0,0.0,-0.8374619391205064,380.74571336044295,0.1358499490341275,0.9907294238829414,0.0,-5028.51761131707
0.0067966782401618795,0.005104426010797887,0.07491064511904219,285.02077164500287,0.0,0.0,-0.8772209544931623,1713.0999399622385,0.7996092047249269,0.6005207071526926,0.0,-4813.773030635202
0.00813263424567487,0.002471894056402163,0.04790103717300889,284.9240000426376,0.0,0.0,-0.8463470203939466,1551.5707816996314,0.9567804994911612,0.290811065459078,0.0,-4685.06277112724
-0.00025458061239510806,0.008496186715921004,-0.0074425174995646215,284.87059177016516,0.0,0.0,-0.864471951140858,1211.846608011028,-0.029950660281777418,0.9995513783436475,0.0,-5072.608528509733
0.0051984418967524326,0.006725042888048298,-0.16119748867298458,285.2148061628204,0.0,0.0,-0.8674452489770782,268.27887190415674,0.6115813996179332,0.7911815162409761,0.0,-4867.177897605061
-0.008297405790676563,0.001844737689983879,-0.20036336240458646,285.00028444744726,0.0,0.0,-0.8264573697798901,29.438440019319568,-0.976165387138419,0.21702796352751516,0.0,-4601.9684761995095
0.0035284129730947483,-0.007733065491207008,0.14021294383290875,284.4887527571186,0.0,0.0,-0.8455199658958771,2114.217545200747,0.4151074085993821,-0.9097724107302362,0.0,-5036.799876185398
-0.007513169085170029,-0.003975209465882945,-0.06617873911359831,285.09410441404566,0.0,0.0,-0.9042903591408409,853.4367426343607,-0.883902245314121,-0.4676717018685817,0.0,-4713.480129651106
-0.004801672305522119,-0.007013839395821799,0.10841203106578737,284.84028591424277,0.0,0.0,-0.831338874275622,1924.3333796624538,-0.5649026241790728,-0.8251575759790352,0.0,-4963.67556576225
-0.0030142078533558466,-0.007947612913118502,-0.13331505653631587,285.20759881933594,0.0,0.0,-0.8961976910511906,439.49335264895785,-0.3546126886300996,-0.9350132838962942,0.0,-4983.902475874844
-0.005744249884473455,0.006265268810252813,-0.10899944667662574,284.93396773319034,0.0,0.0,-0.8343732418773546,590.1101532109999,-0.6757941040557006,0.7370904482650368,0.0,-4844.809270739951
3.832374270770934e-05,0.008499913604898868,-0.14448010075104975,285.18418834010646,0.0,0.0,-0.8345098362235035,372.41916856951985,0.004508675612671686,0.9999898358704551,0.0,-5036.228101751419
0.008390614396611411,-0.0013592608459664164,-0.0038370729485816824,284.8132648508602,0.0,0.0,-0.8270068617109255,1236.7956074023216,0.9871311054836953,-0.15991304070193132,0.0,-4645.222300862116
0.008440985887989111,-0.0009998786120168212,-0.014365389439123105,284.8162001791311,0.0,0.0,-0.8283771099024103,1167.913240296713,0.9930571632928366,-0.1176327778843319,0.0,-4637.234358116514
0.00849618341746492,0.0002546906688399265,0.011958994437748255,284.93239596360155,0.0,0.0,-0.8269512647745926,1331.1350323979625,0.9995509902899905,0.02996360809881488,0.0,-4638.603550539342
0.006746835236079915,-0.00517012710648302,0.06546931881504733,284.68895799256825,0.0,0.0,-0.8285384696523658,1660.0332221061792,0.7937453218917546,-0.6082502478215318,0.0,-4815.351019343261
0.008482393247591702,-0.0005468133074557535,0.20236075170405007,284.7114469729252,0.0,0.0,-0.9097694727273651,2494.799900760232,0.9979286173637296,-0.0643309773477357,0.0,-4691.112837838236
-0.006208777803854636,0.0058052629727138125,0.00556688303921099,284.7574902041316,0.0,0.0,-0.9010112751721014,1293.5576481507928,-0.7304444475123101,0.6829721144369191,0.0,-4841.7319539894415
-0.008496036471865406,0.0002595462747427107,0.10697976804243323,284.80706684211856,0.0,0.0,-0.8663996777930426,1913.3447945980308,-0.9995337025724007,0.03053485585208361,0.0,-4664.112135052634
0.0003477013671409041,0.008492885478992893,0.13572650706587938,284.5621986066835,0.0,0.0,-0.9054786520762417,2090.1743093432265,0.04090604319304754,0.9991629975285756,0.0,-5110.678174802319
-0.006323485085088925,-0.005680100032451711,0.05844481711678892,284.96280642313485,0.0,0.0,-0.865619403223184,1613.5320845284853,-0.7439394217751676,-0.6682470626413777,0.0,-4847.164136948116
-0.008209654248801724,-0.0022026295909961338,0.06890456659847674,284.98729342297844,0.0,0.0,-0.8785016323190515,1680.4883786355688,-0.9658416763296146,-0.2591328930583687,0.0,-4683.032527795128
0.007668102831371332,-0.003667451290407955,-0.10058269098737252,284.8728755869892,0.0,0.0,-0.8850005771946754,640.8028544663634,0.9021297448672154,-0.4314648576950535,0.0,-4689.925646286356
0.006777302959572606,0.005130123253311601,-0.12696404173944167,285.06237701398675,0.0,0.0,-0.856674648722038,478.43606059317233,0.7973297599497183,0.603543912154306,0.0,-4761.213188321842
0.0038671411026523638,0.007569360586745532,0.07133918242036155,284.8775876349846,0.0,0.0,-0.8924354924978181,1695.9587858345876,0.454957776782631,0.8905130102053567,0.0,-5003.065686041167
-0.006914270889682785,0.004943971891514477,-0.09801120577228983,284.8864804734728,0.0,0.0,-0.8459770737571399,655.28569809137,-0.8134436340803276,0.5816437519428796,0.0,-4757.560470483102
-0.008491768761534174,-0.0003739830218504291,-0.042005699303792665,284.9345018657421,0.0,0.0,-0.9026707701374168,1000.2162874011016,-0.9990316190040204,-0.04399800257063872,0.0,-4624.581940896858
0.004857265377089104,0.00697545504297257,0.12774390888004486,284.7880579371747,0.0,0.0,-0.9089747818587623,2041.963007284474,0.5714429855398946,0.8206417697614787,0.0,-4965.592038322979
-0.0024909263258977242,0.008126825089722903,-0.023881787943836802,284.83258492200673,0.0,0.0,-0.8651223527100306,1112.5171510422629,-0.2930501559879675,0.956097069379165,0.0,-5030.806197712646
-0.0022180716456130962,0.008205495608123083,-0.10202326705983686,285.08217847061337,0.0,0.0,-0.8275363508469907,632.3191878268539,-0.2609496053662466,0.9653524244850686,0.0,-5017.666237481603
0.00847178114215693,-0.0006920435531050394,0.018794490357450316,284.86174086361245,0.0,0.0,-0.8268924430604385,1367.9469050911039,0.9966801343714033,-0.08141688860059286,0.0,-4642.9590565319795
-0.0020379239870965803,-0.008252082514300034,0.11617550946726371,284.61319289786024,0.0,0.0,-0.826022232888658,1968.5094621085784,-0.23975576318783295,-0.9708332369764746,0.0,-5080.87659569338
0.006988273682018594,0.004838804702114592,0.05454312704645273,284.9721952347183,0.0,0.0,-0.8625840004830638,1593.5267409457542,0.822149844943364,0.569271141425246,0.0,-4792.224160172736
-0.006356807806547297,0.005642782514914017,-0.20067356560625038,285.09798581925537,0.0,0.0,-0.834811629015865,23.821750601354694,-0.7478597419467408,0.6638567664604725,0.0,-4775.071305496162
-0.001330503630233555,-0.00839522245625066,0.07672897792727026,284.7023587764474,0.0,0.0,-0.8322404373197845,1724.2639477242844,-0.15652983885100646,-0.9876732301471363,0.0,-5084.8051235480225
-0.0033437527370478964,-0.007814686022706524,0.17379826987188027,284.64895562625867,0.0,0.0,-0.8355629779482723,2325.6224646406886,-0.39338267494681134,-0.9193748262007675,0.0,-5053.538835374712
-0.0073392663802548845,0.004287793022017315,-0.1451214922546207,284.9928313675461,0.0,0.0,-0.8291360900506833,371.9438077972772,-0.8634431035593981,0.5044462378843899,0.0,-4708.0300085355775
0.005061629969427293,0.0068286090862338476,-0.019862430111504792,285.00400422692917,0.0,0.0,-0.8340266903271916,1134.58292311641,0.5954858787561521,0.8033657748510409,0.0,-4913.645545344824
0.004128644032626167,0.007429959518857444,-0.09754951487622775,285.17423957325934,0.0,0.0,-0.829846662121653,658.1418271682892,0.4857228273677844,0.874112884571464,0.0,-4945.020446324138
-0.0068540560380011386,-0.005027118043963176,-0.029158534488674948,285.01274892135547,0.0,0.0,-0.9092757643358478,1080.0370811330315,-0.8063595338824868,-0.5914256522309618,0.0,-4781.082071483219
-0.007931803691961115,0.0030555670819329152,-0.04718044351224218,284.9023452588891,0.0,0.0,-0.8873967564262955,969.2201651482748,-0.933153375524837,0.35947848022740175,0.0,-4679.200734436928
0.006158125930324593,-0.005858966207981052,-0.09500738078918189,284.8846348006423,0.0,0.0,-0.8932733379985432,673.6932065119445,0.7244854035675992,-0.6892901421154178,0.0,-4818.563410917916
0.0025199083800519426,0.008117885300750683,0.15033496607319544,284.5083766425611,0.0,0.0,-0.9061400676594659,2180.2089856741945,0.2964598094178756,0.9550453295000803,0.0,-5076.662867201455
-0.006932942350961844,0.004917754605329516,-0.1742973409469798,285.07504974293073,0.0,0.0,-0.826449582444305,189.70604468545298,-0.8156402765837463,0.5785593653328842,0.0,-4735.518912024654
0.0008688631774606613,-0.008455476141463174,-0.20285690729866537,285.2340759838007,0.0,0.0,-0.8736628064793168,14.948143790128112,0.10221919734831308,-0.9947618989956675,0.0,-5015.977519795727
-0.00798398872904156,-0.0029164917237217273,0.0530891073884491,284.9964351364033,0.0,0.0,-0.8846252316386135,1582.598397403839,-0.9392927916519482,-0.34311667337902674,0.0,-4701.044201737741
0.008473784518689478,0.0006670651623481167,0.1231371683981761,284.8292113536522,0.0,0.0,-0.8841549806889444,2011.3765517787863,0.9969158257281739,0.07847825439389608,0.0,-4670.746689299153
0.001840374162984342,-0.0082983747167876,-0.10113972788905455,285.1060354286933,0.0,0.0,-0.9088052737187204,637.0720880239115,0.21651460740992257,-0.9762793784456,0.0,-5027.2383779565325
-0.0010898362063655944,0.008429843239544533,-0.055275459217487194,285.0282239745465,0.0,0.0,-0.8403526776640247,918.0465125725627,-0.12821602427830522,0.9917462634758273,0.0,-5052.936685238565
0.007274629354324811,0.004396563175617495,-0.18526128249942891,285.08846962174823,0.0,0.0,-0.8958415491567214,122.12416662324678,0.8558387475676248,0.5172427265432347,0.0,-4703.01337026699
-0.005716807639308477,0.006290318784858543,-0.1376744679515513,285.0235417108415,0.0,0.0,-0.8268257863668423,414.5463665738928,-0.6725656046245266,0.740037504101005,0.0,-4839.031370912214
-0.008499343249495805,-0.00010566138012578835,0.17027236543224591,284.8297752550458,0.0,0.0,-0.8315466797673843,2297.4444901444285,-0.9999227352348006,-0.012430750603033922,0.0,-4680.750820116759
0.006182673743972886,0.0058330562637084445,-0.12470867683881642,285.1416686274619,0.0,0.0,-0.8510289314300026,490.9588119379601,0.7273733816438689,0.686241913377464,0.0,-4808.749878524083
0.00654630807245497,0.005421794040768324,0.11901088735358831,284.87575456630765,0.0,0.0,-0.9020344907819398,1986.9857369679653,0.7701538908770552,0.6378581224433322,0.0,-4845.949463387048
-0.007383558026998861,0.004211065288254352,0.030936796095842073,284.7433212886342,0.0,0.0,-0.9099589503271438,1445.4270586522073,-0.8686538855292777,0.4954194456769825,0.0,-4751.293903973865
0.008497276702123082,0.0002151479666561807,-0.16330734595771546,284.9506901840821,0.0,0.0,-0.9010699958635456,256.81114857823604,0.9996796120144802,0.025311525488962434,0.0,-4591.46773027328
-0.0022114055449109454,-0.008207294652681671,0.15976527479894684,284.5927045855972,0.0,0.0,-0.8336806877857017,2234.5706538314403,-0.26016535822481707,-0.9655640767860788,0.0,-5088.082008221443
-0.007126317223764766,-0.004633098620391502,0.056244708406631344,284.992386497391,0.0,0.0,-0.8735438154103464,1601.596783777704,-0.8383902616193842,-0.5450704259284119,0.0,-4780.814822176435
0.00849007234243574,0.0004106965062034446,-0.08104882677204032,284.858371446164,0.0,0.0,-0.8525356142416833,759.1262646391874,0.9988320402865576,0.04831723602393466,0.0,-4614.282397147935
0.007455069334604992,0.004083128851289449,-0.14203315372738148,285.0522938865524,0.0,0.0,-0.8723920846757307,382.29467203285736,0.8770669805417637,0.4803681001516998,0.0,-4698.425089244997
-0.003986533200497479,0.007507166778574413,-0.03116561430526879,284.8018324941533,0.0,0.0,-0.8684432803191624,1067.3378973175215,-0.46900390594087993,0.8831960915969898,0.0,-4969.854041656344
0.008460103578547332,0.0008225858254617876,0.07374204847668189,284.8472363241443,0.0,0.0,-0.8538437900685071,1708.1158979534412,0.9953063033585094,0.09677480299550442,0.0,-4658.90521152805
-0.0017139657304761219,0.008325402180961198,-0.11546194811679947,285.1110303309627,0.0,0.0,-0.8260004056924589,549.3316882766702,-0.20164302711483786,0.979459080113082,0.0,-5026.13204359481
0.006561505512598468,0.00540339202798945,-0.08214776988445292,285.1046406080599,0.0,0.0,-0.832640056017228,754.7212903492101,0.7719418250115844,0.6356931797634646,0.0,-4790.766914692269
0.007986571633068566,0.002909411203296041,0.11431200015659157,284.934760936209,0.0,0.0,-0.8892455657367103,1957.711768028041,0.9395966627139488,0.34228367097600476,0.0,-4717.218642236141
0.00826438467515319,-0.0019874470913946642,-0.16670779553092208,284.9437829461424,0.0,0.0,-0.9074418310584569,235.29054127944326,0.9722805500180223,-0.2338173048699605,0.0,-4614.328552377118
-0.00036166261186011954,0.00849230240601349,0.1740082122960598,284.46695300229516,0.0,0.0,-0.8855994935103442,2325.517646544968,-0.042548542571778765,0.9990944007074695,0.0,-5120.888563599219
-0.006281921941170971,0.0057260332451911896,-0.11365643910928251,284.96983218754013,0.0,0.0,-0.8348380465110197,555.6849013089713,-0.7390496401377613,0.6736509700224929,0.0,-4804.181285960849
0.006156136886870585,-0.0058610561019419825,-0.07545119317640817,284.8411539469171,0.0,0.0,-0.8822567972054226,794.4689983973061,0.7242513984553629,-0.6895360119931744,0.0,-4823.959358160269
-0.0030028092234479285,-0.007951926607280531,-0.17450494895646812,285.31052227360794,0.0,0.0,-0.8724547713983739,185.34116122146634,-0.3532716733468151,-0.9355207773271212,0.0,-4973.269213977186
0.007415958730140777,-0.0041537400150766296,0.1317104370553703,284.6222043602258,0.0,0.0,-0.8653588760430467,2061.1664970061374,0.8724657329577384,-0.48867529589136816,0.0,-4775.410506245438
-0.006684350492473155,0.005250662671870467,-0.11261012067550367,284.8854461667059,0.0,0.0,-0.8372694638349988,565.1336877074161,-0.786394175585077,0.6177250202200549,0.0,-4772.684576865837
-0.007699555452111183,-0.0036009506855641557,0.03521858848210643,284.9857350917131,0.0,0.0,-0.8914931945096516,1476.3193483733996,-0.9058300531895509,-0.42364125712519474,0.0,-4723.416532077751
-0.0007916634921733956,-0.008463053167454392,0.13998057433674957,284.54897052859974,0.0,0.0,-0.8307677998178075,2113.375844627231,-0.09313688143216418,-0.9956533138181638,0.0,-5108.738993225965
0.007542180899085203,0.003919886131697492,-0.07245152912922714,284.96739642422114,0.0,0.0,-0.8340876730998981,814.5719716443748,0.8873153998923767,0.461163074317352,0.0,-4709.137192557854
0.008498577589510331,-0.00015549583619109555,-0.12289000327454236,284.9518308020639,0.0,0.0,-0.8816403279012035,502.5884897797275,0.9998326575894507,-0.01829362778718771,0.0,-4602.176760316338
0.004439641319720692,0.007248419479598896,-0.1676797076802696,285.1909223298425,0.0,0.0,-0.8670605743090909,226.00899382449484,0.5223107434965519,0.8527552328939877,0.0,-4909.977015734429
-0.0024075258238226383,0.008151921209606184,-0.17396376102108752,285.19333231224687,0.0,0.0,-0.8389803389766659,191.5228125801536,-0.283238332214428,0.9590495540713156,0.0,-4993.028256575943
-0.006607859517019413,0.005346605708609527,-0.10055669852349854,284.8737471326304,0.0,0.0,-0.84256540892975,638.5271501314438,-0.7773952372964015,0.6290124363070031,0.0,-4782.11029737957
0.008344502392974552,0.0016184189240249227,-0.20109192233653872,285.0393383383741,0.0,0.0,-0.9086790811413972,23.72599542514677,0.9817061638793589,0.19040222635587326,0.0,-4596.999832073977
-0.008499215322503084,-0.00011549416318065375,-0.09657765914101837,284.94534829275955,0.0,0.0,-0.8723746212717606,667.8276840191121,-0.9999076850003629,-0.013587548609488676,0.0,-4609.170154168239
-0.006771123449120401,0.005138276679663314,0.10724724942424321,284.61512995674656,0.0,0.0,-0.8908900715341944,1914.249295573876,-0.7966027587200472,0.6045031387839193,0.0,-4824.560231996382
0.0031430595346058697,0.007897542450783227,0.1323490364672605,284.694500152005,0.0,0.0,-0.9098701037190409,2068.901649285216,0.3697717099536317,0.9291226412686149,0.0,-5050.346586384488
0.00588979882429709,0.006128643390613345,0.12579475795583803,284.8071231613655,0.0,0.0,-0.9065434909493096,2026.2965881475466,0.692917508740834,0.7210168694839229,0.0,-4897.490556585477
0.00846055650224784,0.0008179142206073988,-0.046396576654492566,284.9537320081617,0.0,0.0,-0.8336869366337257,969.0275214162707,0.9953595884997458,0.09622520242439984,0.0,-4626.626225386657
0.006073836684847215,-0.005946302037889112,0.17361777160976297,284.5706287541787,0.0,0.0,-0.8810154923376236,2320.6022114083166,0.7145690217467312,-0.6995649456340131,0.0,-4896.912467539326
-0.0005209755139822082,-0.008484019360764743,0.14078691454957,284.56365277090896,0.0,0.0,-0.8316650546785355,2120.560982133088,-0.06129123693908331,-0.998119924795852,0.0,-5111.119188106265
0.000712500278580691,0.008470085203409848,-0.12088496441217439,285.1497259937237,0.0,0.0,-0.8287768360971479,512.7906765422857,0.08382356218596364,0.9964806121658644,0.0,-5039.475837158225
0.008114819404188567,0.002529764028008289,-0.11224485759406495,284.9672759051472,0.0,0.0,-0.861604870910762,566.0959327248318,0.9546846357868901,0.2976192974127399,0.0,-4643.859514336028
-0.006076589768194027,0.005943488604269354,-0.13583850434366854,284.9939605330512,0.0,0.0,-0.8277008726564471,425.0226726500952,-0.7148929139051796,0.6992339534434534,0.0,-4813.683896750061
-0.008411977474151977,0.0012200962971666322,0.03683412533927058,284.76253402300966,0.0,0.0,-0.906342215681321,1482.611679700861,-0.989644408723762,0.14354074084313317,0.0,-4653.948061794526
-0.0021883915216444855,-0.008213461057799845,0.1406769719245882,284.5602635399371,0.0,0.0,-0.828194187828011,2116.7237596948034,-0.2574578260758218,-0.9662895362117464,0.0,-5083.577408052287
0.004042517877751762,-0.0074771685287986795,-0.04751175012255643,284.8053317000327,0.0,0.0,-0.8776762420617137,968.6752916759102,0.47559033855903077,-0.879666885741021,0.0,-4962.7310302315655
-0.003062166640698613,0.007929258191318567,0.20371798597347243,284.5381817629133,0.0,0.0,-0.8536419183656665,2504.5780930696797,-0.36025489890571916,0.9328539048610077,0.0,-5072.551264455622
-0.006899405539131488,-0.0049646956811673516,0.01682259550803117,285.0313886121826,0.0,0.0,-0.8947100740468988,1356.4201321697171,-0.8116947693095867,-0.5840818448432178,0.0,-4789.6200839318435
0.006453739895131366,-0.005531658102774411,0.1516098065104126,284.6001092168998,0.0,0.0,-0.8698467487370786,2182.6780242954032,0.7592635170742783,-0.6507833062087541,0.0,-4862.024122868295
0.0036957044597958418,0.007654526017059784,-0.029002442548743623,285.0983610063346,0.0,0.0,-0.835250628006891,1077.8212548175097,0.4347887599759814,0.9005324725952687,0.0,-4984.040699924528
0.0009457017454264428,0.008447227249736886,-0.18939868333007642,285.24167645705376,0.0,0.0,-0.8626554201278228,94.87051264304999,0.11125902887369914,0.9937914411455159,0.0,-5018.739147643961
0.007715580761117201,-0.0035664847565464396,0.10031028958146135,284.77482136014777,0.0,0.0,-0.8491082034093825,1872.0265215164168,0.9077153836608471,-0.4195864419466399,0.0,-4739.375740913772
0.007895034292257222,0.003149354461486116,0.1705170881880191,284.7881307782098,0.0,0.0,-0.9095353596502257,2302.6067423511827,0.9288275637949673,0.3705122895866018,0.0,-4741.151404038104
-0.002539728361573766,0.008111706346350184,0.15170501705508269,284.52863244842564,0.0,0.0,-0.8886247001105566,2184.2508910144265,-0.2987915719498548,0.9543183936882569,0.0,-5076.419728513131
0.005368781937450684,0.006589854361676234,-0.04681759575123501,285.1084953735169,0.0,0.0,-0.8266031768752151,966.1366515190706,0.6316214044059628,0.7752769837266157,0.0,-4886.903118286063
-0.008188250597986649,0.0022809103762689376,0.16315910176170376,284.70712541596265,0.0,0.0,-0.8423181862670055,2254.8394860808617,-0.9633235997631351,0.26834239720811026,0.0,-4710.4577556969125
-0.0032415802732545635,0.00785761778989325,0.16108686360088395,284.57300089433295,0.0,0.0,-0.8796752280598673,2248.2293590024306,-0.3813623850887721,0.9244256223403823,0.0,-5054.226028565087
0.006217330800790326,-0.0057961019412656935,0.18505807790464682,284.59840842147645,0.0,0.0,-0.8886806205373751,2393.835723907682,0.7314506824459206,-0.681894346031258,0.0,-4889.240883844054
0.0075880589233902115,-0.0038303213670863433,0.11339613079254743,284.7341918325801,0.0,0.0,-0.8555686921099503,1946.5959906008814,0.8927128145164954,-0.4506260431866286,0.0,-4754.7714377149905
-0.006649484790239489,0.005294747588353358,-0.08070179380943275,284.8558672732856,0.0,0.0,-0.8540567200786363,761.5302837923037,-0.7822923282634693,0.622911480982748,0.0,-4784.076533003513
-0.005857868234267208,0.006159170378384025,-0.11870945251221247,284.9505396837047,0.0,0.0,-0.8313842307077917,527.671072195848,-0.6891609687373185,0.7246082798098852,0.0,-4834.176272531102
0.003975910774965496,-0.007512797981412337,0.20239363908815158,284.43063605602896,0.0,0.0,-0.886147670088511,2496.4633903531694,0.4677542088194701,-0.8838585860485101,0.0,-5033.03137249622
-0.0036604971041007623,-0.00767142496221334,-0.03285209915687623,285.139742804736,0.0,0.0,-0.9021307436097977,1055.4487212290403,-0.4306467181295014,-0.9025205837898046,0.0,-4984.58512000971
-0.008459789845130645,0.0008258061371922773,0.09621090081918435,284.82349199228975,0.0,0.0,-0.8760840703288172,1845.27666461488,-0.9952693935447817,0.09715366319909144,0.0,-4664.965767787707
-0.005727065749851157,-0.006280980647707953,-0.08654403700677253,285.08406996653275,0.0,0.0,-0.9049630825726054,725.6641815119502,-0.6737724411589596,-0.7389388997303473,0.0,-4852.0343750354
0.008129171692828067,0.0024832574551429164,0.10017446390690668,284.94390404926327,0.0,0.0,-0.8788312104194353,1871.815388045232,0.9563731403327137,0.2921479358991666,0.0,-4699.430258920404
0.006068795259589316,0.005951447227119321,0.11817009412147775,284.8430883512903,0.0,0.0,-0.9036954053333538,1981.385382661144,0.7139759128928607,0.7001702620140378,0.0,-4882.409065749443
0.0021789018710116673,0.008215983607365697,-0.11421557155695285,285.1456051498467,0.0,0.0,-0.8299785351713106,555.9340550775258,0.2563413965896079,0.9665863067489056,0.0,-5015.443996768539
0.008347934494360963,0.0016006216535641375,0.04976229574902444,284.9252425952994,0.0,0.0,-0.8436390136862935,1564.76686191626,0.9821099405130543,0.18830842983107499,0.0,-4663.9532883231
-0.007971209773927903,0.002951239526035849,0.1252957907713175,284.7671296954802,0.0,0.0,-0.8682203633075071,2024.4075828267798,-0.9377893851679884,0.3472046501218646,0.0,-4721.658414254624
-0.008420445847921787,0.001160211929871765,-0.09935008523944171,284.82517271457726,0.0,0.0,-0.864281532630253,646.8598613629227,-0.9906406879907983,0.1364955211613841,0.0,-4616.542751092833
0.005226656322967461,-0.006703138345699294,-0.11725471657101522,285.01172314131003,0.0,0.0,-0.906068226453874,538.4603909985325,0.6149007438785248,-0.7886045112587404,0.0,-4877.176130583498
0.007436745209005346,-0.004116408713470522,-0.0035226295007912967,284.76483004544656,0.0,0.0,-0.8324047511183104,1233.567309529596,0.8749112010594524,-0.4842833780553555,0.0,-4737.248275994987
0.007838545910406213,0.003287430305033712,-0.07984278041527973,285.00362165661585,0.0,0.0,-0.8395458724012446,760.713644969936,0.9221818718124956,0.3867565064745543,0.0,-4679.394228162224
0.007983093102597302,-0.002918942362442838,0.04834324984229568,284.7301429916591,0.0,0.0,-0.8291588147597543,1550.7052362516238,0.9391874238349768,-0.3434049838168044,0.0,-4699.858012682088
-0.007985200407647273,-0.0029131725746529046,0.1159552418621159,284.88548760430825,0.0,0.0,-0.8458320985491777,1963.8579808286595,-0.9394353420761498,-0.34272618525328286,0.0,-4717.792887684254
-0.008435413533730842,-0.001045848227493156,-0.08910002969760711,284.93238678682883,0.0,0.0,-0.8815583797960178,713.8142488660861,-0.9924015922036283,-0.1230409679403713,0.0,-4617.756309091918
-0.004907268899888083,-0.00694036828591907,-0.0415129871472823,285.1405434359011,0.0,0.0,-0.9078788835514148,1000.5775106610326,-0.5773257529280097,-0.8165139159904788,0.0,-4917.208158304636
-0.008071388479950587,0.0026650868664493763,0.03858026630533121,284.69786314484554,0.0,0.0,-0.9084522993354535,1496.7429486116187,-0.9495751152883043,0.3135396313469854,0.0,-4688.605927342179
0.008414707534960235,-0.0012011232663983558,-0.05371349438326814,284.8342227467229,0.0,0.0,-0.8440822125417978,927.3223471119152,0.9899655923482629,-0.14130861957627713,0.0,-4629.375037907821
0.008490231572656663,0.00040739151029936234,0.020682845667258254,284.8735805781761,0.0,0.0,-0.8287654248633083,1383.7478964124548,0.9988507732537248,0.047928412976395565,0.0,-4641.559794573622
-0.002400342779371645,-0.008154039155015043,0.0631332286899399,284.7802166483449,0.0,0.0,-0.8415509102335255,1643.098428427741,-0.28239326816137,-0.9592987241194166,0.0,-5056.849961829799
0.00669779957857122,-0.005233496040439048,-0.011783741742112136,284.68594532578015,0.0,0.0,-0.8400876439859005,1182.3837820877602,0.7879764210083788,-0.6157054165222409,0.0,-4798.639498684415
0.0033179404198795783,0.007825680249673464,-0.12570917552342498,285.20711727746766,0.0,0.0,-0.8374611149955576,486.75423044107004,0.3903459317505386,0.9206682646674663,0.0,-4974.230371599255
-0.00816644643647091,0.002357785528891798,0.08968797531330916,284.7651191420202,0.0,0.0,-0.8872983626589757,1807.9898686765332,-0.9607584042906953,0.2773865328107997,0.0,-4692.917674500394
-0.0031025271174262084,-0.007913553278119446,-0.17796843781924784,285.3347827930585,0.0,0.0,-0.8697054951515115,166.26616475327737,-0.36500319028543626,-0.9310062680140524,0.0,-4968.632345617017
-8.968706815025701e-05,-0.008499526823877116,0.07610180605308284,284.7024468950526,0.0,0.0,-0.8295668042759734,1724.073992778835,-0.010551419782383177,-0.9999443322208371,0.0,-5095.368571439412
-0.000376188752418308,-0.008491671332697348,0.11429748573233314,284.62680715116255,0.0,0.0,-0.8263907995348063,1957.7358580358014,-0.04425750028450682,-0.9990201567879233,0.0,-5104.803339513089
-0.0025769405294277844,-0.008099961574463946,0.13707833883286283,284.6494966258605,0.0,0.0,-0.8270297096510097,2097.93292371598,-0.30316947405032757,-0.9529366558192878,0.0,-5071.335954098403
0.008380144887438965,0.0014223823907552322,0.09888455426483514,284.8304060635018,0.0,0.0,-0.8727243862441726,1863.3323745002567,0.9858993985222312,0.16733910479473318,0.0,-4673.8510478008775
0.006656069850942989,-0.005286467075407524,0.08129622379299958,284.5910320279012,0.0,0.0,-0.8327456463792848,1756.0333285288814,0.7830670412874104,-0.6219373029891204,0.0,-4827.005825886971
0.008025733993384502,0.0027995703004983575,0.154046694192608,284.77389118719316,0.0,0.0,-0.9059055897840279,2201.5074388691255,0.9442039992217061,0.32936121182333616,0.0,-4724.060276336588
0.008479864454387451,-0.0005847211602261508,-0.07415273825624344,284.8959782164372,0.0,0.0,-0.8529856821470921,801.1780414663652,0.9976311122808766,-0.06879072473248832,0.0,-4617.187514982919
-0.007064303079645202,0.004727115610910666,0.11180685252007047,284.6633313554367,0.0,0.0,-0.8861587049567615,1944.2334351079558,-0.831094479958259,0.5561312483424313,0.0,-4801.081025200695
0.0014755296935519621,0.008370950491040217,0.17637399168599296,284.54133914922994,0.0,0.0,-0.8921692569800256,2341.2024792089624,0.173591728653172,0.9848177048282608,0.0,-5109.060852594959
-0.004351071065843136,-0.007301929921601733,-0.08755317068078852,285.1036527444326,0.0,0.0,-0.9080193957789381,723.4053164381041,-0.5118907136286043,-0.8590505790119685,0.0,-4936.215999751652
-0.003325882581292277,-0.007822308166740597,-0.18111197110057353,285.21968899664796,0.0,0.0,-0.8664907554516518,145.4520242285046,-0.39128030368144434,-0.9202715490283054,0.0,-4959.0448619016815
-0.00780109522252423,0.003375338994695147,-0.18933818550106066,285.06827489698287,0.0,0.0,-0.8265936916994231,98.05930114086944,-0.9177759085322623,0.3970987052582525,0.0,-4653.584398187246
0.0035674874128389868,-0.007715117209688742,-0.0652863471702714,284.8977657973445,0.0,0.0,-0.8905719440260683,857.227658478419,0.419704401510469,-0.9076608481986754,0.0,-4979.977365514401
-0.005872358903090518,0.006145356044469151,-0.06129259850614699,284.8444149001563,0.0,0.0,-0.8606207333916681,881.312115949273,-0.6908657533047668,0.7229830640551942,0.0,-4848.54562910391
-0.006982582174500361,-0.004847014150624054,-0.10380816102979061,285.1026654367629,0.0,0.0,-0.8912535085760634,617.1696693885102,-0.8214802558235719,-0.5702369588969475,0.0,-4750.223913256114
-0.0061456650259717254,-0.005872035540470439,-0.1410131522605813,285.14886673187937,0.0,0.0,-0.8752060295463994,392.9533278472584,-0.7230194148202029,-0.690827710643581,0.0,-4807.154090400982
-0.003212925516449051,0.007869377969430023,0.12733459019581753,284.53472679210637,0.0,0.0,-0.8982044835341646,2037.9314708569873,-0.3779912372293001,0.9258091728741203,0.0,-5046.2968936472835
0.00576755285713928,-0.00624382367144561,0.01720159313676209,284.7351850534729,0.0,0.0,-0.8324469417720085,1363.5254940208386,0.67853563025168,-0.734567490758307,0.0,-4877.034396904018
0.003858603247753032,-0.007573716457356307,-0.010049659225054464,284.70604002457605,0.0,0.0,-0.8549003757184338,1193.4312574947428,0.45395332326506255,-0.8910254655713301,0.0,-4981.631357294516
0.006162217788008418,-0.00585466240983651,-0.10835469591332997,284.9117635810694,0.0,0.0,-0.8995408127954722,591.9681934547049,0.7249667985892256,-0.6887838129219424,0.0,-4814.675409940739
-0.001735086775550371,0.008321026011334795,-0.08564526060771611,285.08581067299633,0.0,0.0,-0.8304382162159017,729.1611974851337,-0.20412785594710245,0.9789442366276228,0.0,-5033.6880033592215
-0.005998046932704355,-0.00602274297916455,-0.1134917961308073,285.07960029201655,0.0,0.0,-0.8923694548674906,561.6698854395252,-0.7056525803181594,-0.7085579975487706,0.0,-4825.454933317624
-0.0013732156342446324,0.008388341839831405,0.1578350501723915,284.39573941327984,0.0,0.0,-0.8903286588364581,2226.3208900499794,-0.1615547804993685,0.9868637458625181,0.0,-5105.862012345674
-0.0013303789605375227,0.008395242213382477,-0.11812615136744074,285.1107440284465,0.0,0.0,-0.8261421828477461,532.0803184659022,-0.15651517182794383,0.9876755545155854,0.0,-5032.528938360383
0.004982198931009696,-0.0068867767360243255,-0.11521212809839122,284.99015474803144,0.0,0.0,-0.9061506715408658,549.3215481402957,0.5861410507070229,-0.8102090277675676,0.0,-4892.922443264243
-0.0038818995639095205,-0.0075618024158079595,0.05582841025235777,284.91045041729234,0.0,0.0,-0.8523711924911768,1596.170229231999,-0.4566940663422965,-0.8896238136244657,0.0,-4998.2077870679495
0.002115029346680919,0.008232657582013143,-0.09557810358971972,285.1598403521611,0.0,0.0,-0.8264431339854449,668.7234670813906,0.248826981962461,0.9685479508250756,0.0,-5022.114552699735
-0.008106238475213568,-0.0025571268609451527,0.032108277424245574,284.93036151862094,0.0,0.0,-0.8973331254168193,1454.0866298354135,-0.953675114731008,-0.3008384542288415,0.0,-4683.436077133141
-0.000872154104316434,-0.008455137326993808,0.17643015306125334,284.46007312742756,0.0,0.0,-0.8463841140159454,2339.749007720185,-0.1026063652136981,-0.9947220384698597,0.0,-5117.702569993754
0.008281344642706264,0.001915549766704133,0.022099059779308178,285.01012172969314,0.0,0.0,-0.8325492410556896,1393.2255268324514,0.974275840318384,0.22535879608283915,0.0,-4663.2751143059895
0.006483039974060063,0.005497289577122466,-0.06442814032862379,285.14750669413485,0.0,0.0,-0.827682995643397,863.3406537941609,0.7627105851835367,0.6467399502497019,0.0,-4801.754329204802
0.007450543798657484,0.004091380831001498,0.05306990997807495,284.95598962573325,0.0,0.0,-0.8573924140644769,1582.1167819974244,0.8765345645479393,0.4813389212942939,0.0,-4751.180617677915
0.00661440805646256,0.005338502230270509,0.16650798915352635,284.69997308037256,0.0,0.0,-0.9098331242548472,2274.2418686117812,0.7781656537014776,0.6280590859141775,0.0,-4853.2344899144655
-0.007509326569195434,0.003982463367964048,-0.15901084926380124,284.97522731375034,0.0,0.0,-0.8269864050710343,284.72871680675553,-0.8834501846112275,0.4685251021134173,0.0,-4688.925492013112
0.005052037348678917,0.006835709080084766,0.16256426419105816,284.6504548059869,0.0,0.0,-0.9083174708540143,2250.6611586534655,0.594357335138696,0.8042010682452665,0.0,-4963.180120181249
0.0030332664801398655,-0.00794035858513077,-0.06485167459421065,284.88777530831624,0.0,0.0,-0.8927081859937588,862.149948601311,0.35685488001645477,-0.9341598335447964,0.0,-5001.568791858536
0.008167249987368312,0.002355000561323144,-0.13158274374404566,284.9938895451954,0.0,0.0,-0.8748968016619779,451.3217845560498,0.9608529396903895,0.2770588895674287,0.0,-4633.472429100905
-0.0020070179015138734,-0.008259653693890735,0.17178908630163034,284.4436358705207,0.0,0.0,-0.8394535487901301,2307.3372547793647,-0.23611975311927919,-0.9717239639871452,0.0,-5096.558638223645
0.007904707261144336,0.003124996498495962,-0.10040029351951092,285.0367600488708,0.0,0.0,-0.8513102376560496,641.0903865532109,0.9299655601346277,0.36764664688187787,0.0,-4667.5355209489435
-0.0051135721127119555,0.006789799720764567,0.09621882470355511,284.62280540486034,0.0,0.0,-0.9038226931305013,1844.0255517678631,-0.601596719142583,0.7987999671487725,0.0,-4941.57061713521
-0.005546397278823372,0.006441077334224509,0.046786055236654495,284.63613678382706,0.0,0.0,-0.9095718665098079,1545.0082473485152,-0.6525173269203967,0.7577738040264128,0.0,-4900.209657033215
0.0009942251529808253,-0.008441653649918378,0.020407112935680538,284.8592065724502,0.0,0.0,-0.8504925020967861,1381.3183646624218,0.11696766505656767,-0.993135723519809,0.0,-5074.455247826039
0.00784554036000572,0.0032707027470440246,-0.19480410456235037,285.0869221330654,0.0,0.0,-0.9037790179645073,63.4116543392729,0.923004748235967,0.3847885584757676,0.0,-4647.882867424706
-0.006161831402807008,-0.00585506906563718,0.06247742913042462,284.9306568690113,0.0,0.0,-0.8618674674025268,1640.015032472569,-0.7249213415067067,-0.6888316547808446,0.0,-4860.537418480144
0.0021045816710021483,0.008235334600978993,-0.07536006796123362,285.11190102909063,0.0,0.0,-0.8265753726187666,792.5870676741765,0.24759784364731152,0.9688628942328226,0.0,-5027.807380622461
0.0015062832588588072,0.00836547134022236,0.1353452044635182,284.6454250270278,0.0,0.0,-0.9077986887464647,2087.7237556455775,0.17720979515985966,0.9841730988496894,0.0,-5097.494670966534
-0.006288573390023224,-0.005718727543631698,-0.042756965565601435,285.0247132620345,0.0,0.0,-0.9098563466956705,993.2186761824486,-0.739832163532144,-0.6727914757213761,0.0,-4822.693901708068
-0.005061238485830784,0.006828899251676315,0.12755332006258327,284.59180351666424,0.0,0.0,-0.8899186646369824,2037.2124182531597,-0.595439821862445,0.8033999119619193,0.0,-4953.2202466136
-0.007062753793033872,-0.00472943007760826,0.06479992436713514,284.9995038671602,0.0,0.0,-0.8674832678824417,1653.7541407180847,-0.8309122109451613,-0.5564035385421482,0.0,-4788.602700550893
-0.0018774353499301144,-0.008290068546570216,0.14029637899736988,284.5988475685247,0.0,0.0,-0.8286409697588794,2115.137397601888,-0.22087474705060167,-0.975302181949437,0.0,-5091.17480421687
-0.00492456832950871,0.006928104125083557,-0.09435816441115887,284.8805900662677,0.0,0.0,-0.8370613752814152,676.0913857271843,-0.5793609799422011,0.815071073539242,0.0,-4901.994371079061
0.00035327840340555327,0.00849265531913825,0.08440991718064725,284.65487967980647,0.0,0.0,-0.9078836892434126,1775.5922953361762,0.041562165106535674,0.9991359198986177,0.0,-5096.886501175956
0.008302600833229793,0.0018212137172918402,0.05025864659365739,284.94589347817697,0.0,0.0,-0.8448196770856524,1562.0655201397585,0.9767765686152696,0.21426043732845176,0.0,-4668.683342536723
-0.006689343391083086,0.005244300238942565,0.1773546566773355,284.6003086224174,0.0,0.0,-0.8485218448060139,2344.8685007492772,-0.7869815754215396,0.6169764986991252,0.0,-4850.073356646223
-0.00844801421061569,-0.0009386457783612264,0.13345655226397288,284.8498376889045,0.0,0.0,-0.8448055644898997,2075.054880970071,-0.9938840247783165,-0.11042891510132075,0.0,-4676.171016388866
-0.007932335659794343,0.003054185813004024,0.11473795939721496,284.7378202803312,0.0,0.0,-0.8755188297061649,1956.8814195340967,-0.933215959975805,0.3593159780004734,0.0,-4722.590862660661
0.0076507875903868905,-0.003703437490600047,-0.10826023900878118,284.8735073694456,0.0,0.0,-0.8895608831593762,592.8453916533435,0.9000926576925753,-0.43569852830588784,0.0,-4689.481181351917
0.008448214053332181,0.0009368454029778052,-0.03227988945496757,284.8529178048539,0.0,0.0,-0.829062532174658,1058.94076779023,0.9939075356861389,0.11021710623268295,0.0,-4631.684578476321
0.002861009362754504,-0.008004038070013852,0.0076278915856901885,284.786990014071,0.0,0.0,-0.8493470754259617,1300.2546427097038,0.3365893367946475,-0.9416515376486885,0.0,-5027.197859575301
0.005731602049219057,0.006276841399094605,0.0912431436728032,284.8277702379108,0.0,0.0,-0.893693206564049,1819.2330589722576,0.6743061234375362,0.7384519293052475,0.0,-4899.416818648297
0.0081946040847404,-0.0022579778330080996,0.11292287690651423,284.7999442768117,0.0,0.0,-0.8634250734307453,1951.3125975435692,0.9640710687929882,-0.26564445094212935,0.0,-4696.345850308257
-0.0059556396598099935,-0.006064681050351974,-0.07126661389857566,285.0707860991553,0.0,0.0,-0.9081528166074297,818.4756714027576,-0.7006634893894109,-0.7134918882767027,0.0,-4839.870785794169
0.001786810855180202,-0.00831007262109124,-0.12581606897207157,285.1334721916899,0.0,0.0,-0.9095560732385091,485.02114331607004,0.2102130417859061,-0.9776556024813221,0.0,-5021.801079207948
-0.007261296034677791,0.004418549524082829,0.0027044172565824642,284.7588963687181,0.0,0.0,-0.9047531327795298,1273.527506711497,-0.8542701217267988,0.5198293557744504,0.0,-4754.623501376469
0.0037728974238851725,0.007616773925281007,0.09724930502633763,284.7975916500246,0.0,0.0,-0.9040155731681802,1852.923457237749,0.44387028516296145,0.8960910500330596,0.0,-5014.402111736
0.007395296573691623,-0.004190416278503241,0.07852792266905703,284.67656663864756,0.0,0.0,-0.8355517239311981,1735.9349248461178,0.8700348910225438,-0.49299015041214594,0.0,-4763.0057539550435
-0.0079676273868577,-0.0029608974693824076,-0.03269043342954589,284.9137394747637,0.0,0.0,-0.9095581842205666,1050.6311558069258,-0.9373679278656117,-0.34834087875087144,0.0,-4679.619597745075
-0.007607248631696654,-0.0037920664888091552,-0.06705530932770376,285.0159793827255,0.0,0.0,-0.9034686589850631,843.6546677421936,-0.8949704272584298,-0.4461254692716653,0.0,-4704.5818422624425
-0.0010695161407676332,-0.008432445388179962,-0.01821848824374042,284.9468121514143,0.0,0.0,-0.8845625017520705,1146.4326523490442,-0.1258254283256039,-0.9920523986094073,0.0,-5063.146016008354
0.006200696048697332,-0.005813894435889708,0.033464028448060845,284.6379688717247,0.0,0.0,-0.8272076417327248,1463.0636913662697,0.7294936527879213,-0.6839875806929068,0.0,-4849.82731861241
0.008117244522700679,0.002521971720437373,0.19218386826384679,284.8078808768309,0.0,0.0,-0.9097694236381085,2434.8656269760786,0.9549699438471386,0.29670255534557327,0.0,-4725.295784425145
0.00830869749137746,0.001793194355550427,0.011090378723742134,284.96698614442914,0.0,0.0,-0.829035457883143,1320.9911094890824,0.9774938225149953,0.21096404182946196,0.0,-4657.558031318277
0.005048218519170673,-0.006838529796871713,-0.08049560179275887,284.87312211474176,0.0,0.0,-0.8916343140990727,761.6260431846572,0.5939080610789026,-0.804532917279025,0.0,-4898.203833624831
-0.005966600114070804,-0.006053898172150757,-0.15751354952057028,285.13099517045924,0.0,0.0,-0.8658835298719635,287.21320750630525,-0.7019529545965651,-0.7122233143706772,0.0,-4815.935568996385
0.0030106473881518114,-0.007948962341350894,0.1591362137346439,284.498503538866,0.0,0.0,-0.8539617339798601,2231.7730591722743,0.35419381037080133,-0.9351720401589286,0.0,-5062.4956493994905
0.0062941036420239484,-0.005712640312802906,0.013017074061845907,284.7606100574594,0.0,0.0,-0.8319228648240549,1337.0803535706277,0.7404827814145821,-0.6720753309179889,0.0,-4837.233895912461
-0.008251893737851249,-0.0020386882398275956,0.009248975369859608,284.96443609344067,0.0,0.0,-0.9069421382503825,1316.1307844467376,-0.9708110279824999,-0.23984567527383477,0.0,-4662.792849513231
0.007811396207145401,-0.0033514309324517598,0.0408463349067511,284.72797159221176,0.0,0.0,-0.8270184836601149,1507.7267322567398,0.9189877890759294,-0.3942859920531482,0.0,-4714.361807932767
0.008288405224086007,0.0018847649299962587,-0.13693641086128672,285.02073598415626,0.0,0.0,-0.8805777377848596,421.75205856148216,0.9751064969512948,0.22173705058779514,0.0,-4619.894583565139
0.005185934999194075,0.006734692137294321,-0.04799645872801017,285.14914765041533,0.0,0.0,-0.8266715057461744,964.0881672729097,0.6101099999051853,0.792316722034626,0.0,-4898.339848043781
-0.006322142674426637,0.005681594142861106,-0.09098861270433714,284.9220307137902,0.0,0.0,-0.8458442522724425,700.3392263452962,-0.743781491109016,0.6684228403366006,0.0,-4807.175622114569
0.003072490355982712,-0.007925263592612756,0.12792282307318728,284.5544682125014,0.0,0.0,-0.8375408098491091,2041.0918436141212,0.3614694536450249,-0.9323839520720888,0.0,-5051.830284405769
0.008001312395213343,0.0028686233552359802,0.17142778364329794,284.788078677089,0.0,0.0,-0.90939281845799,2305.3343110715637,0.9413308700250991,0.3374851006159976,0.0,-4731.107144982488
-0.00806633774592252,0.0026803349359185748,0.1081967357342786,284.7301451844029,0.0,0.0,-0.8777183920069871,1923.481699537394,-0.9489809112850022,0.31533352187277347,0.0,-4707.779893721417
-0.0009476813212170702,0.008447005393239445,0.1070083794390527,284.5614982412603,0.0,0.0,-0.9093152976649936,1912.4914456504712,-0.11149192014318472,0.9937653403811112,0.0,-5098.240167982181
-0.0014234124608842162,0.008379969985996343,0.05792746088106712,284.6808907880028,0.0,0.0,-0.9045561390191499,1610.1989133483,-0.16746028951579012,0.9858788218819227,0.0,-5078.202616526447
0.007505553193351545,-0.003989570310418208,-0.06514722850318627,284.8161814448764,0.0,0.0,-0.8644820857187828,858.9256890272122,0.8830062580413581,-0.46936121299037736,0.0,-4714.453452513944
0.007334184609462113,-0.004296479502375063,-0.16282139000613183,285.00000073162937,0.0,0.0,-0.9097155194009914,257.2697356572397,0.8628452481720132,-0.5054681767500074,0.0,-4703.735366628449
-0.0001800015864795975,-0.008498093870325558,0.0074605447181538,284.9423659385217,0.0,0.0,-0.8640932118855693,1301.9682038123995,-0.02117665723289382,-0.9997757494500656,0.0,-5076.8042912014425
0.0008132302600538271,-0.00846100800993196,0.025256606339435023,284.7840145840196,0.0,0.0,-0.8484982793328425,1415.0850127068863,0.0956741482416267,-0.9954127070508189,0.0,-5077.7486039140595
0.006312853257969176,0.0056919138910693275,-0.1543933295146761,285.1962521380751,0.0,0.0,-0.8705829343543532,313.1544638151453,0.7426886185846089,0.6696369283610973,0.0,-4790.8793903614505
-0.006112405518048598,0.0059066486930347455,0.16929273072474746,284.5329152992604,0.0,0.0,-0.8573931982769777,2295.6461752854198,-0.7191065315351292,0.6948998462393817,0.0,-4892.889751299699
0.007674243245842392,0.0036545848743246376,0.025689880687398692,285.0554883046813,0.0,0.0,-0.839908190126431,1412.2263182283796,0.9028521465696931,0.42995116168525144,0.0,-4723.229927644871
0.003661520521837974,0.007670936544396608,0.200136041442274,284.5347294256571,0.0,0.0,-0.8888646658812832,2483.0020955441173,0.4307671202162322,0.9024631228701891,0.0,-5047.048498290773
-0.006629380823709726,-0.005319897545463612,0.15667039018602982,284.7861069282471,0.0,0.0,-0.82608705564593,2217.8045761246617,-0.7799271557305559,-0.6258702994663072,0.0,-4849.3875172899825
0.005663325135393711,0.006338513107252979,-0.1598246253656701,285.1642451671656,0.0,0.0,-0.8695492327875003,280.580708542416,0.6662735453404366,0.7457074243827033,0.0,-4836.795230085842
-0.004672408660568192,0.0071006054184588625,-0.12231679752931311,285.06204559238824,0.0,0.0,-0.8276161129701562,508.4144857974928,-0.5496951365374343,0.8353653433481014,0.0,-4909.230811245363
0.008397957859012317,0.0013131274874334429,0.038041574070400624,284.87014312067066,0.0,0.0,-0.8369302260910397,1492.4604600142598,0.9879950422367432,0.15448558675687563,0.0,-4655.707226436979
0.00429900036420189,-0.007332707267346218,-0.16791968554611097,285.17089149773557,0.0,0.0,-0.9054024380665366,228.97425875443588,0.5057647487296341,-0.862671443217202,0.0,-4917.3972653832825
-0.007839407255491355,-0.003285375759719049,-0.056976765065232055,285.0396431766595,0.0,0.0,-0.9053250949700131,908.3983170032377,-0.9222832065283946,-0.3865147952610646,0.0,-4685.446773096666
-0.00048187786266498596,-0.0084863298147947,0.0301966305598933,284.86521337007986,0.0,0.0,-0.8514112029488672,1443.889887742708,-0.05669151325470423,-0.9983917429170234,0.0,-5081.687406851216
-0.003566693537080842,-0.007715484250035494,-0.18200037831922003,285.29447276869763,0.0,0.0,-0.8646205088728758,141.8082133679914,-0.41961100436245197,-0.9077040294159404,0.0,-4948.69833641493
-0.002853125122831979,0.008006851880325063,-0.07038401985880532,284.9022556870352,0.0,0.0,-0.8397943515061441,827.202124465619,-0.3356617791567034,0.9419825741558898,0.0,-5006.542197282783
0.006012056130194672,-0.006008758697716914,0.037615011622607664,284.62669710881363,0.0,0.0,-0.8269111780508613,1489.0336603331912,0.7073007211993732,-0.7069127879666958,0.0,-4864.971135894526
-0.0054852466856925765,0.006493232538350879,0.13253553019172173,284.6203791408437,0.0,0.0,-0.8847053899684302,2069.316101717189,-0.6453231394932443,0.7639097103942211,0.0,-4927.323853057484
-0.005341712540401716,0.006611815721548436,-0.05325480924169543,284.7983148444219,0.0,0.0,-0.8622814733604318,930.7680667947308,-0.6284367694590254,0.7778606731233453,0.0,-4886.941704138227
0.006911032966780971,-0.004948497078110343,-0.1573474523946723,285.0159553463828,0.0,0.0,-0.9097513615222955,293.66646283293136,0.8130627019742319,-0.582176126836511,0.0,-4741.913608615011
-0.0033767167824451205,-0.0078004989437313235,0.03157025820295259,284.9366173721551,0.0,0.0,-0.8648412610033656,1453.4196073765447,-0.39726079793472,-0.9177057580860379,0.0,-5014.030966980641
-0.006149891098736441,0.005867609349103116,0.011492357379082468,284.6638225181219,0.0,0.0,-0.9029974656804055,1326.4667514048535,-0.723516599851346,0.6903069822474254,0.0,-4847.7537564797885
0.006927454532180172,-0.004925482078393589,0.06365927471659763,284.7627749810257,0.0,0.0,-0.8286553495766575,1646.2835159003191,0.814994650844726,-0.5794684798110104,0.0,-4799.824154008465
-0.008308622831174376,0.0017935402558314423,-0.07753032257014603,284.87190565020467,0.0,0.0,-0.8751078791440255,781.1675201072403,-0.9774850389616911,0.21100473598016967,0.0,-4633.789301136139
-0.004734108577031672,0.007059618685231885,0.09697303505073904,284.6030077365436,0.0,0.0,-0.9047367073610632,1847.7575282813168,-0.5569539502390203,0.8305433747331629,0.0,-4964.530166563107
0.002725188406479623,0.008051294811965903,-0.06226325565633395,285.12992675449203,0.0,0.0,-0.8277567360099292,874.1836778175496,0.32061040076230857,0.9472111543489297,0.0,-5013.067171298338
-0.008498997796031514,-0.00013052380262412795,0.009814014567207846,284.943187761504,0.0,0.0,-0.9094243536573128,1312.6307526025228,-0.9998820936507664,-0.015355741485191522,0.0,-4637.736779769006
0.0073771546304003425,0.004222273032285192,0.17291176661677202,284.7451487436153,0.0,0.0,-0.9099834321278751,2317.3610542321903,0.8679005447529814,0.4967380037982579,0.0,-4789.9603653189215
-0.003623673739855699,-0.007688887346494305,-0.14262394998721106,285.2266869565651,0.0,0.0,-0.8887043171007581,383.1785252577147,-0.4263145576300822,-0.9045749819405063,0.0,-4956.767632907483
-0.0036578826124363173,-0.0076726719461759916,0.07239505194816095,284.79192562010746,0.0,0.0,-0.8420975881704809,1702.5518170716084,-0.4303391308748608,-0.9026672877854107,0.0,-5012.938684990462
0.008421036698262836,0.0011559156225739678,0.01326510788189636,284.894671551567,0.0,0.0,-0.8284000820103452,1340.244044882808,0.9907101997956277,0.1359900732439962,0.0,-4646.695983392147
-0.006928011031883567,0.00492469929458638,-0.11957767070846553,284.92139379071614,0.0,0.0,-0.8356376396937201,529.1038106985969,-0.8150601213980667,0.5793763875983976,0.0,-4750.616065250375
-0.0028201866917338886,-0.008018512768822351,-0.06247101055404311,285.06244851172227,0.0,0.0,-0.9084191079849724,873.7085717708017,-0.3317866696157516,-0.9433544433908647,0.0,-5009.803231554032
0.00445360291436694,-0.007239849520614521,0.11509537552518082,284.5672476706131,0.0,0.0,-0.8371122989745895,1966.1565852057718,0.5239532840431693,-0.8517470024252377,0.0,-4985.087347793888
0.005604317629826473,0.006390745175956884,0.09255694534628409,284.8310766118843,0.0,0.0,-0.895008648375,1824.746852136064,0.659331485861938,0.7518523736419863,0.0,-4908.556427560946
0.0031000522178294774,-0.00791452312187731,-0.07817499547535503,284.9679927365566,0.0,0.0,-0.8988423405752005,776.1471444677644,0.36471202562699734,-0.9311203672796834,0.0,-4995.499681605867
-0.007069034443731034,0.004720037291520512,0.1323165491274487,284.70580252013866,0.0,0.0,-0.8735190852002948,2068.3507947953394,-0.8316511110271804,0.5552985048847661,0.0,-4806.1763909530155
0.007321428085940986,0.004318181420736572,0.05879825378757267,284.941854531492,0.0,0.0,-0.8622707933458864,1619.3178951370528,0.8613444806989394,0.5080213436160673,0.0,-4764.332842910649
-0.0010670439362543802,-0.008432758578193898,-0.0025268343526519133,284.96277792432386,0.0,0.0,-0.8748816109483929,1241.5909556599647,-0.12553458073580942,-0.9920892444933996,0.0,-5067.388139209588
-0.00681193546889669,-0.0050840471248393485,0.09622672191450307,284.8181486268552,0.0,0.0,-0.8462257161832568,1846.4218734702738,-0.8014041728113752,-0.5981231911575704,0.0,-4818.227520183923
-0.007739906023272885,0.003513382238086845,0.16718584557167074,284.6689688109274,0.0,0.0,-0.8455060675456192,2283.911891924792,-0.9105771792085746,0.4133390868337465,0.0,-4755.028387365818
0.0017876308351754792,-0.008309896268734636,-0.00023047544102910988,284.72934060588716,0.0,0.0,-0.8593120816288857,1257.9526687630216,0.2103095100206446,-0.9776348551452513,0.0,-5055.476925523323
0.006566564713859597,-0.0053972426162526765,0.04492242695018761,284.730477150146,0.0,0.0,-0.8260000044393799,1526.4823514039483,0.7725370251599525,-0.6349697195591384,0.0,-4824.454438143135
-0.00782031782271099,0.0033305598856331726,-0.003751980749145789,284.8312488485824,0.0,0.0,-0.9056319869142033,1234.4029145464146,-0.9200373909071752,0.3918305747803732,0.0,-4701.547098724917
-0.0042252777443416165,0.007375434087778931,0.16574345591161307,284.564360534731,0.0,0.0,-0.8714132162203854,2273.1498603974496,-0.4970914993343078,0.8676981279739918,0.0,-5010.743774631503
-0.008210054774601924,-0.002201136206152669,0.045112080517012515,284.9550691462492,0.0,0.0,-0.8923185731140255,1532.566338025359,-0.9658887970119909,-0.2589572007238434,0.0,-4676.609127109281
-0.008001273327529233,0.002868732322502272,0.09507187777716655,284.710168431272,0.0,0.0,-0.8865739952628281,1836.267090920178,-0.9413262738269685,0.3374979202943849,0.0,-4710.625221489064
0.007709299033063558,0.003580043074992995,-0.16082991440628056,285.0673603151175,0.0,0.0,-0.8866137902638717,272.9236224870208,0.9069763568310067,0.42118153823446997,0.0,-4669.903821554851
-0.002327468622220952,-0.00817513851947335,-0.11775327549453808,285.2154770407633,0.0,0.0,-0.9046323550245898,535.4950902033132,-0.27381983790834724,-0.9617810022909823,0.0,-5010.417644196001
-0.0005057441634277953,0.00848494094506018,0.12160235534701533,284.53241120736027,0.0,0.0,-0.9074207871543051,2000.1770035416778,-0.0594993133444465,0.9982283464776681,0.0,-5106.06734811935
-0.004738716393450746,0.007056526549403834,-0.0939199907536919,284.9252104616915,0.0,0.0,-0.8365033231945294,680.6639711022505,-0.557496046288323,0.8301795940475097,0.0,-4913.0491433843
-0.004018330781484399,-0.007490194772539295,-0.07736112299638082,285.20340281591393,0.0,0.0,-0.9097591103779512,783.7118871917363,-0.472744797821694,-0.8811993850046229,0.0,-4955.91001345538
-0.008178441539088057,0.002315835484597078,-0.14677342073055266,284.9388795790279,0.0,0.0,-0.8337288284783481,355.2543290234883,-0.962169592833889,0.27245123348200917,0.0,-4628.282822005233
-0.0011418474244181505,-0.00842295580300346,0.10830068377388477,284.649265276739,0.0,0.0,-0.8260441346592853,1921.4190609639895,-0.1343349911080177,-0.9909359768239363,0.0,-5096.11608948467
0.008053505358280392,-0.002718648826926536,-0.1523573614800745,284.9179958151178,0.0,0.0,-0.9052309057443785,319.2432276476798,0.9474712186212225,-0.3198410384619454,0.0,-4639.134882274001
0.004580206628378547,0.0071604264706340804,0.035551616769239514,284.9870905524025,0.0,0.0,-0.8669817726036302,1476.7461964311442,0.5388478386327702,0.8424031141922447,0.0,-4956.781161637754
-0.008035729875752892,0.0027707481596010155,0.12752610014976787,284.79090819148496,0.0,0.0,-0.8658386668127498,2037.1860575171959,-0.9453799853826932,0.3259703717177665,0.0,-4715.967260177017
-0.007820819831117152,0.0033293808987865446,0.20254851254282888,284.6808131020935,0.0,0.0,-0.830001115873972,2492.730297165002,-0.9200964507196648,0.3916918704454758,0.0,-4756.848193257108
-0.0017685125202199054,0.008313986015493739,-0.03731891667633619,284.932059219587,0.0,0.0,-0.8531135218815987,1026.546311692009,-0.20806029649645943,0.9781160018227927,0.0,-5045.940409450577
-0.005873052028137419,0.006144693635551813,-0.010801999138805973,284.7327130842359,0.0,0.0,-0.8916199051006475,1187.152782225456,-0.6909472974279316,0.722905133594331,0.0,-4862.042308827972
-0.006755897461921225,-0.005158279701994297,0.15152692673519266,284.7755739302583,0.0,0.0,-0.8265868735884843,2185.105890007567,-0.7948114661083793,-0.6068564355287408,0.0,-4837.694448380207
-0.003538627897530193,0.007728396509161591,0.03316875860005758,284.61838868970807,0.0,0.0,-0.9018600836258835,1461.0177183112219,-0.4163091644153168,0.9092231187248929,0.0,-5007.641074268642
0.008398926229030832,-0.0013069193545502034,-0.12839639217002508,284.89765555526145,0.0,0.0,-0.8899967342680997,468.4663063967368,0.9881089681212744,-0.15375521818237686,0.0,-4610.954080998635
-0.0044100208470317535,0.0072664789360972724,-0.15328514692987807,285.0336862944773,0.0,0.0,-0.8271329556682059,318.84597899468645,-0.5188259820037356,0.8548798748349732,0.0,-4915.435340852408
-0.001001533128530628,0.008440789737486395,0.05841483638206743,284.7762903074632,0.0,0.0,-0.9036404581034557,1613.4124026511563,-0.11782742688595622,0.9930340867631053,0.0,-5084.563620063987
-0.008479745112103821,-0.00058644934457408,-0.12752974568640424,284.90371101869334,0.0,0.0,-0.8550065579319498,476.8948987651659,-0.9976170720122142,-0.06899404053812706,0.0,-4602.87918053392
0.005707428229500496,0.006298830288640966,0.051602549172522855,284.98021019774086,0.0,0.0,-0.8702929328408037,1570.8634036712283,0.6714621446471172,0.7410388574871725,0.0,-4890.465565217953
0.0046152280583357675,-0.0071379037517712626,-0.1707080181297712,285.11727278266073,0.0,0.0,-0.9054209248736327,206.90552837303233,0.5429680068630315,-0.8397533825613249,0.0,-4899.482014969045
-0.0032910443099256432,0.007837029242647118,0.09648796995407685,284.652785805469,0.0,0.0,-0.9080560252704027,1849.9814097709652,-0.3871816835206639,0.9220034403114256,0.0,-5034.926767665428
-0.005831257102312877,-0.006184370671840881,-0.15512027852433705,285.0980026245256,0.0,0.0,-0.868351960102763,305.80965251049616,-0.6860302473309267,-0.7275730202165742,0.0,-4826.3018641870585
-0.006544051581470573,0.005424517388584214,-0.07195874743974298,284.8448463527054,0.0,0.0,-0.8586667868932767,811.2204509188588,-0.7698884213494791,0.6381785163040251,0.0,-4794.89359480502
0.0018200666496782036,0.008302852364743646,-0.10984225012550285,285.1114717122443,0.0,0.0,-0.8282433493889018,582.2889907864671,0.2141254881974357,0.976806160558076,0.0,-5025.356249148961
0.004403702695342746,0.007270309661288923,0.20091149078664558,284.5340250156197,0.0,0.0,-0.8919661407822169,2485.40472754247,0.518082670040323,0.855330548386932,0.0,-5010.802835575689
-0.008375175040567982,-0.0014513590320272666,0.1084245535509408,284.9170821363376,0.0,0.0,-0.8571059766057539,1924.4572487684127,-0.9853147106550565,-0.17074812141497253,0.0,-4676.917679592692
0.005044922402633421,0.006840961770935973,-0.07966665530367287,285.1273392340273,0.0,0.0,-0.8277002195724029,769.9996162312045,0.5935202826627554,0.8048190318748203,0.0,-4898.628835898657
0.006394569863360094,0.005599953237537514,-0.16352533118268,285.18307515464187,0.0,0.0,-0.8769998578291867,251.18751820395232,0.7523023368658933,0.6588180279455899,0.0,-4782.105475506792
0.0018712146626527217,0.00829147488003633,-0.0225663284480839,285.0202021530303,0.0,0.0,-0.8454137824492642,1117.956347324086,0.22014290148855548,0.9754676329454505,0.0,-5047.621944483503
0.0077893506221670345,-0.0034023546089357076,0.07251318140186733,284.7296909782978,0.0,0.0,-0.8358613176273969,1703.0828110311486,0.9163941908431804,-0.40027701281596556,0.0,-4724.952298260971
-0.00832835162822677,-0.0016995761697001168,-0.00944592481503545,284.9340436275245,0.0,0.0,-0.9099328625993619,1194.9610614457813,-0.9798060739090317,-0.19995013761177843,0.0,-4650.056952802276
0.007929497285245056,0.0030615474523990787,0.035029677100471,284.96066954799863,0.0,0.0,-0.8420666965809012,1471.4912228767664,0.9328820335582418,0.360182053223421,0.0,-4701.479895095612
0.007787219732014971,0.0034072289100259595,-0.18252562980665138,285.02032382632996,0.0,0.0,-0.8985337843316572,140.39341260529417,0.9161434978841142,0.400850460003054,0.0,-4656.729389241515
0.002014902352347377,-0.008257733860479219,0.17933188445770762,284.53656092462387,0.0,0.0,-0.8615561081840868,2356.1232616929456,0.2370473355702796,-0.9714981012328492,0.0,-5098.389199123057
-0.006015918979690199,-0.006004891242129473,0.19586239971258115,284.61095957502266,0.0,0.0,-0.8344238891781801,2457.087542908943,-0.7077551740811998,-0.7064577931917027,0.0,-4907.144798670343
0.0062397293242263795,-0.00577198215177329,0.07008981788023036,284.654657083342,0.0,0.0,-0.8282341927971492,1687.7618037082286,0.7340858028501622,-0.679056723738034,0.0,-4856.696520268626
0.008335588656662112,0.0016637192512337937,0.004263536119412797,284.9188205017534,0.0,0.0,-0.8274370144642818,1283.1093611153137,0.9806574890190719,0.19573167661574042,0.0,-4653.000666805789
0.008078980485604077,-0.002641983026673054,0.1543019504560337,284.79694277645353,0.0,0.0,-0.8873127000918147,2203.8190337818896,0.9504682924240091,-0.310821532549771,0.0,-4718.906495311191
-0.007468233881486128,-0.004059000208354595,-0.11563274925169265,285.0821431484922,0.0,0.0,-0.8802746869768061,545.6956195568717,-0.8786157507630739,-0.4775294362770111,0.0,-4704.311698973916
0.008365987610146152,0.0015034132189391848,0.15275735858935277,284.8266550500401,0.0,0.0,-0.9021143663862019,2190.4397932948955,0.9842338364877825,0.17687214340460997,0.0,-4689.748533822271
0.002648874000104899,-0.008076723749860971,0.13411895635849827,284.5374526966481,0.0,0.0,-0.8387825139341443,2075.6859138065847,0.31163223530645867,-0.9502027941012907,0.0,-5068.2526885966445
-0.008429000386753606,-0.0010963359339671256,-0.10329311787387298,284.88995592610564,0.0,0.0,-0.8729105806150083,624.1271123041424,-0.9916471043239535,-0.12898069811377946,0.0,-4614.6070612915455
0.008446687534106562,0.0009505102320169029,-0.1439667412094403,284.9047658998564,0.0,0.0,-0.8889932116535141,370.3769230880272,0.9937279451890072,0.11182473317845916,0.0,-4601.876875966877
-0.0037531740593028363,-0.00762651194718636,-0.06790487985960308,285.1328517116166,0.0,0.0,-0.9098886320678858,840.6061553123329,-0.4415498893297454,-0.8972366996689835,0.0,-4970.996443501114
-0.0029066352939225108,-0.007987582316829292,-0.19736241297152954,285.2502648601325,0.0,0.0,-0.8583450579897687,44.97148963354231,-0.3419570934026483,-0.939715566685799,0.0,-4970.597861074465
0.0017455551252067822,-0.008318836295111496,-0.1785457995362779,285.28587556607675,0.0,0.0,-0.8921373958454433,162.78041751201346,0.20535942649491554,-0.9786866229542934,0.0,-5008.541571034955
-0.008018136199919713,-0.002821257145234561,0.11326020136472734,284.9636657044438,0.0,0.0,-0.8477452243456027,1952.8603316761876,-0.943310141167025,-0.3319126053217131,0.0,-4713.859913424412
0.006587700317945626,0.005371424812928048,-0.05894962740400461,285.0583786376792,0.0,0.0,-0.8270063562821973,892.7004057257201,0.7750235668171324,0.6319323309327115,0.0,-4794.893173492585
0.004410721045747024,-0.007266053939835865,0.17278920505697978,284.48713693194355,0.0,0.0,-0.8701808380540175,2317.1137997184696,0.5189083583231792,-0.8548298752748076,0.0,-5002.881090296963
-0.007032182836167827,-0.004774767487397331,-0.19928334767327205,285.1088356198716,0.0,0.0,-0.8354502616001968,35.30524663231364,-0.8273156277844502,-0.5617373514585094,0.0,-4720.375230880491
-0.007293672468704914,0.004364898844103488,0.13951210067561762,284.71045318831403,0.0,0.0,-0.8668272801008531,2112.0875369201967,-0.8580791139652839,0.5135175110709986,0.0,-4788.458178828703
-0.007046752167384369,-0.004753239305091182,0.11491745128994205,284.8491296127324,0.0,0.0,-0.8383513493364161,1961.2409115872392,-0.8290296667511022,-0.5592046241283742,0.0,-4803.423828446176
0.004856164470017367,-0.006976221515988506,0.04144506001587195,284.66134317020726,0.0,0.0,-0.8282330237924611,1510.2547693459223,0.5713134670608666,-0.8207319430574712,0.0,-4942.503812181874
-0.008409113063062653,-0.0012396844326799624,-0.05395034487992245,284.9392714271908,0.0,0.0,-0.9006471379889667,923.1004542766757,-0.9893074191838416,-0.1458452273741132,0.0,-4629.884682580373
0.007601359330603127,-0.003803858084504835,0.19046823605487143,284.7332849731071,0.0,0.0,-0.9004809379015873,2423.6946002526092,0.8942775683062502,-0.4475127158240982,0.0,-4774.218991626177
0.006482358171588284,-0.005498093536421748,0.1945935916220212,284.65548526411476,0.0,0.0,-0.8953098596102795,2450.6656639021385,0.7626303731280334,-0.6468345336966762,0.0,-4871.301798928983
-0.0069930950646839825,-0.004831834166886581,-0.19994126217845556,285.0721972241529,0.0,0.0,-0.8353987031920445,33.25969124659117,-0.8227170664334097,-0.5684510784572447,0.0,-4723.537338926015
-0.0028533889584020575,-0.008006757861461107,-0.09120749451018721,285.1230371662039,0.0,0.0,-0.9093996318200264,698.6786974331562,-0.3356928186355361,-0.9419715131130713,0.0,-5000.946242462101
-0.0013119291963439193,-0.008398145139480527,-0.03822095110394927,284.99364796449026,0.0,0.0,-0.8963416142667449,1020.5765479970244,-0.15434461133457872,-0.9880170752330032,0.0,-5054.263804503176
0.0038940418230667367,-0.007555556781614913,0.0872058099127497,284.58294940573614,0.0,0.0,-0.8272188351008237,1796.5035213739577,0.45812256741961604,-0.8888890331311662,0.0,-5006.051114525477
0.0029252325775092317,0.007980790334765018,-0.17905799660525296,285.1833561528668,0.0,0.0,-0.8660590697229293,164.2841403744889,0.34414500911873314,0.9389165099723549,0.0,-4974.848303278687
0.0010920804044256007,0.008429552798949042,0.015476275487122187,284.8723023803835,0.0,0.0,-0.8725411877819899,1354.0255841635944,0.12848004757948242,0.9917120939940048,0.0,-5071.889037516703
-0.005137127548632104,0.0067719953151995855,0.16669277771112992,284.52274746628126,0.0,0.0,-0.8654010149168958,2280.9839549723874,-0.6043679468978945,0.7967053311999511,0.0,-4959.00778185211
-0.00806008522463751,-0.002699078763500635,-0.1119391153035536,284.9935352973579,0.0,0.0,-0.8754564142258293,572.9164066624863,-0.9482453205455893,-0.3175386780588982,0.0,-4649.333111738647
-0.00838266074126071,0.0014074796257589125,0.01991169847989485,284.7870709021155,0.0,0.0,-0.9095961235801945,1379.594798428201,-0.9861953813247893,0.16558583832457793,0.0,-4652.406377742409
-0.00635985496355747,-0.005639347909334324,0.1717006265067654,284.62624243622474,0.0,0.0,-0.8269680337165606,2310.328421798414,-0.7482182310067611,-0.6634526952158029,0.0,-4874.740592412928
0.005103942385289142,0.0067970414245941595,0.05421302308162382,284.8840101181631,0.0,0.0,-0.8757969577292289,1592.2852481992622,0.6004638100340166,0.7996519323051952,0.0,-4930.8999710614935
0.0074295310431543235,0.004129415028645854,-0.08357697892150233,285.06517100275545,0.0,0.0,-0.8379505715909404,743.5661343770796,0.8740624756652144,0.4858135327818652,0.0,-4716.42341509319
-0.002926692431074905,-0.007980255097043507,-0.13135714836553847,285.30600954386307,0.0,0.0,-0.8974496488674698,452.90818226398164,-0.34431675659704764,-0.9388535408286478,0.0,-4987.594065539048
-0.008492422937585406,0.0003588211938741594,0.06956502467306339,284.8127616839995,0.0,0.0,-0.8898435570972119,1678.62900254499,-0.9991085808924006,0.04221425810284228,0.0,-4654.447886285763
-0.005646619049241094,0.006353400137937765,-0.12443116392933577,284.95523626444117,0.0,0.0,-0.829161427358381,493.8797231203611,-0.6643081234401287,0.747458839757384,0.0,-4847.44170472753
0.0007014338205584247,0.008471008829848829,0.17385439525606147,284.4796858630987,0.0,0.0,-0.8903068685549979,2323.826433490229,0.08252162594804996,0.9965892740998621,0.0,-5118.647541892262
0.004254593055300297,-0.007358562219196797,0.010436148248983368,284.7071874550098,0.0,0.0,-0.8414552217080599,1322.784267128474,0.5005403594470937,-0.8657132022584466,0.0,-4967.562055581554
-0.0064236787069195216,-0.0055665385896685165,0.018039443713166653,285.08890374994917,0.0,0.0,-0.8910279565959249,1368.8833430463424,-0.7557269066964143,-0.6548868929021784,0.0,-4828.545661450144
0.007086577529814394,0.004693657306826921,-0.13985157358405337,285.04172798290375,0.0,0.0,-0.8674713286812054,400.735792040979,0.8337150035075757,0.5521949772737553,0.0,-4731.643334999195
0.006260487911143968,0.0057494600715563065,0.1344359562790919,284.79494791210135,0.0,0.0,-0.9076165299844657,2077.6828426428133,0.7365279895463491,0.6764070672419183,0.0,-4872.379852462469
-0.0015325551669263142,-0.008360698216077857,-0.1932225478843857,285.326038080379,0.0,0.0,-0.8679662125238407,73.16898553206524,-0.18030060787368402,-0.983611554832689,0.0,-5008.856148178307
0.008469968468210656,-0.0007138866489277103,-0.15765208797473831,284.97408024445303,0.0,0.0,-0.9016500197148231,289.7484200710902,0.9964668786130183,-0.08398666457973063,0.0,-4595.806752672222
0.00015965998664370203,-0.008498500378811837,-0.0208333046153463,284.92784967972744,0.0,0.0,-0.8804312060628677,1131.863795820216,0.01878352784043553,-0.9998235739778631,0.0,-5069.255335606538
0.00020508892997825274,-0.008497525435725413,-0.13223006924738656,285.17140281993574,0.0,0.0,-0.9061506391560639,441.1282382561612,0.024128109409206202,-0.999708874791225,0.0,-5039.267487066007
0.001513910595063091,0.008364094374775774,0.09780668314771515,284.6955070317771,0.0,0.0,-0.9086840478084413,1854.5658641631185,0.17810712883095187,0.9840111029147968,0.0,-5087.283071720096
0.002937007630680534,0.007976464516145254,-0.10704054525874386,285.2435835524758,0.0,0.0,-0.8296912530348075,605.7940101144103,0.3455303094918275,0.9384075901347356,0.0,-4993.749679228473
-0.008475658565515435,-0.0006428155884893018,0.19611402120886148,284.845679022295,0.0,0.0,-0.8260767874405583,2460.9008131438736,-0.9971363018253452,-0.07562536335168256,0.0,-4690.132402965807
0.007689606618023294,-0.0036221471615676217,-0.08823764143420472,284.8203395027366,0.0,0.0,-0.8772331668066077,716.9807120087094,0.9046596021203874,-0.42613496018442604,0.0,-4691.22652833269
0.000933489628317495,-0.00844858550964738,-0.1868427939798775,285.25583999888124,0.0,0.0,-0.8839018749525221,112.62068485159605,0.10982230921382292,-0.9939512364291034,0.0,-5019.564632093129
0.004135462203078614,0.007426166734386469,0.14826804931453744,284.63668056350707,0.0,0.0,-0.9092179361484989,2164.9702441990885,0.4865249650680722,0.8736666746337022,0.0,-5010.628354423749
-0.003361363846321712,0.007807127070353173,-0.1906993360956115,285.2444550711593,0.0,0.0,-0.8434014610799582,87.37619040259412,-0.3954545701554955,0.9184855376886085,0.0,-4955.027663981522
-0.006525397703785885,-0.00544694270278529,0.13603560495439146,284.8524340863015,0.0,0.0,-0.8287117006721271,2091.167616028724,-0.7676938475042218,-0.6408167885629752,0.0,-4852.18166628862
0.00014476117876444883,-0.008498767216551042,-0.04731499123261795,285.01359015742105,0.0,0.0,-0.8953152784572006,964.9507602491447,0.017030726913464567,-0.9998549666530636,0.0,-5062.178113969493
0.004761001651973922,0.007041510013477336,0.10685027515035053,284.8079527770615,0.0,0.0,-0.9042832351556045,1909.9081667440648,0.5601178414086967,0.8284129427620395,0.0,-4965.625068635249
0.0008285363449635662,0.008459522889919645,-0.06116894442544804,285.065388046149,0.0,0.0,-0.8318850454443549,885.0191474401697,0.09747486411336073,0.9952379870493699,0.0,-5054.40822616937
-0.001045168566964621,0.008435497772308943,-0.07751607295369989,285.0349367613702,0.0,0.0,-0.8312660179432659,778.9329970178994,-0.12296100787819071,0.9924115026245814,0.0,-5047.550464655595
-0.006563313782106353,0.005401195441530774,-0.07825263196067328,284.8587654386058,0.0,0.0,-0.854908492122067,776.7041503303384,-0.7721545626007473,0.6354347578271499,0.0,-4791.667417265318
-0.007543342127113849,-0.003917651024952264,0.04561768045501732,284.96534970211036,0.0,0.0,-0.8840728703565267,1535.1764420715474,-0.8874520149545704,-0.4609001205826192,0.0,-4740.707615185527
0.006819386920795717,-0.005074047893396388,0.04254191267529023,284.7320486209948,0.0,0.0,-0.826003155410587,1522.8337111806024,0.8022808142112607,-0.5969468109878103,0.0,-4803.20570175384
-0.005216038007760395,0.006711404286853757,-0.08477300683761886,284.9160526932457,0.0,0.0,-0.842969836957704,742.30951428282,-0.6136515303247523,0.7895769749239713,0.0,-4886.566014261
-0.004998778011205131,-0.0068747522424224185,0.10751343654448517,284.7864766287461,0.0,0.0,-0.8322350193265073,1917.0791259255143,-0.5880915307300154,-0.808794381461461,0.0,-4951.670342993999
0.0020311549419231765,-0.008253751244246524,-0.13111523504400005,285.1920443189959,0.0,0.0,-0.9091857523879968,450.9213999427499,0.2389594049321384,-0.9710295581466499,0.0,-5014.698039047034
0.008096650663375202,0.0025873244936161183,0.06291168291386776,284.9451951649756,0.0,0.0,-0.8556930955727177,1641.7895958777742,0.9525471368676708,0.3043911168960139,0.0,-4692.646483096292
-0.0010393959671178225,-0.008436210999230592,0.0626112350297903,284.674694692058,0.0,0.0,-0.8368115193674389,1642.1021085285042,-0.12228187848444969,-0.9924954116741872,0.0,-5085.218878793004
0.008360010362185645,-0.0015363029467356448,0.00032951846129031237,284.83613345350346,0.0,0.0,-0.826653906462009,1260.1427453367837,0.9835306308453701,-0.18074152314536995,0.0,-4649.462106595173
0.006114196864813547,-0.005904794382389974,-0.08581843531818889,284.82017327818625,0.0,0.0,-0.8885889764589692,727.9179823083057,0.7193172782133584,-0.6946816920458793,0.0,-4824.311909179941
-0.005973576100638587,-0.0060470148478302494,0.09889426972097357,284.856747328576,0.0,0.0,-0.8397964075140613,1862.0578451556548,-0.7027736588986573,-0.7114135115094411,0.0,-4884.220650067135
0.008303884788844865,0.0018153504933182657,-0.19370257265793317,285.07290528203055,0.0,0.0,-0.9068723192105249,70.14881876430482,0.976927622217043,0.2135706462727371,0.0,-4603.10048230949
0.007721432212182042,0.0035537986145359377,-0.1683083314250391,285.077148530177,0.0,0.0,-0.8909170065861078,225.4871104872328,0.9084037896684755,0.41809395465128674,0.0,-4666.757230366057
-0.008069730776883327,-0.0026701020932956908,-0.08691867275389337,285.05098760075094,0.0,0.0,-0.8902500474557685,723.6037135690099,-0.9493800913980384,-0.31412965803478715,0.0,-4655.098430595522
0.005584216339014736,-0.0064083170863402875,-0.05151775229038166,284.7807999231126,0.0,0.0,-0.8710512648630977,939.9395691452085,0.6569666281193807,-0.7539196572165043,0.0,-4871.271897816133
0.008438993299129371,-0.001016558949225076,-0.09118398663294314,284.8493820985281,0.0,0.0,-0.8657526456765621,695.6351035910245,0.9928227410740436,-0.11959517049706775,0.0,-4616.829325701021
0.008475300599435591,-0.0006475181458513165,-0.0339395410979883,284.8630831764849,0.0,0.0,-0.8332500612773915,1049.5782015135874,0.997094188168893,-0.07617860539427253,0.0,-4628.447668626234
-0.004333180485404316,-0.00731256089758651,0.0716025605908828,284.889000946127,0.0,0.0,-0.8456061912021329,1695.9047194394666,-0.5097859394593313,-0.8603012820690011,0.0,-4979.8624932943685
0.004200088138570959,-0.007389807820791793,0.024974140135314904,284.5972609489281,0.0,0.0,-0.8351118565122964,1408.8982502821175,0.4941280163024657,-0.8693891553872697,0.0,-4974.26888060289
-0.006543437814363817,-0.005425257742223285,-0.023658213741015927,285.03530143011506,0.0,0.0,-0.9077380665464642,1110.9212390271925,-0.7698162134545666,-0.6382656167321511,0.0,-4807.901193263255
0.004465326987121918,-0.007232624343769051,-0.17048497470530644,285.1898768921435,0.0,0.0,-0.9050825982605072,211.71978649104648,0.5253325867202256,-0.8508969816198884,0.0,-4907.831425002729
0.007819921967922592,-0.0033314892188932082,-0.05468677546617823,284.81613055891967,0.0,0.0,-0.8543905560997994,921.0757157663832,0.9199908197555989,-0.3919399081050833,0.0,-4687.919370578347
-0.003369644019953816,-0.007803556828702505,0.10475739262220443,284.76442593684294,0.0,0.0,-0.8288884405403292,1897.1555262660352,-0.3964287082298607,-0.9180655092591181,0.0,-5033.957124811161
0.0033438443944319132,0.007814646803651864,0.03443365217489677,284.9444309015664,0.0,0.0,-0.8731684280035279,1467.286494084923,0.39339345816846033,0.9193702121943368,0.0,-5016.144595235886
-0.008470834324620794,0.0007035380905297175,0.16997578824565715,284.8037793554807,0.0,0.0,-0.8338074560022896,2293.4325641288315,-0.9965687440730344,0.08276918712114323,0.0,-4683.617585129176
-0.008398748996059309,-0.001308057835568731,0.2031315296153661,284.7633375500989,0.0,0.0,-0.8263322646489033,2501.8240496452377,-0.9880881171834481,-0.15388915712573306,0.0,-4699.918727047119
-0.0013087512432498076,0.008398640972400957,0.10337779165897262,284.5391029568015,0.0,0.0,-0.9094084239373817,1891.272859105406,-0.15397073449997736,0.9880754085177595,0.0,-5092.304430762953
-0.005613978933486268,-0.006382259829744665,0.10347449279464219,284.8595749619546,0.0,0.0,-0.8360533971844661,1888.3986221690382,-0.6604681098219138,-0.7508540976170194,0.0,-4910.825474686006
-0.0024244323717785106,-0.00814690908717364,0.07986400851591116,284.73712010227774,0.0,0.0,-0.8342153274263907,1746.4366461158133,-0.28522733785629534,-0.9584598926086635,0.0,-5060.630890039366
0.00404015529147804,0.007478445374591033,-0.156610471837925,285.28629704725284,0.0,0.0,-0.8577620023051035,299.71407161593635,0.4753123872327106,0.8798171028930626,0.0,-4933.576935535149
-0.006146961424806292,0.005870678431147751,0.17025932277558928,284.6319827369846,0.0,0.0,-0.8565550769898638,2301.1394717903127,-0.723171932330152,0.6906680507232648,0.0,-4890.569167268312
0.0050699957280527655,-0.0068224001141480054,-0.048012346633439534,284.7907622023631,0.0,0.0,-0.8720544737857591,957.405942711191,0.5964700856532665,-0.8026353075468241,0.0,-4905.5769509532465
0.00762710022168088,0.0037519784392284947,0.10316743025903038,284.87066035557336,0.0,0.0,-0.8869236821187764,1889.0427527804407,0.8973059084330446,0.44140922814452876,0.0,-4748.409593598968
-0.0021165870291942174,-0.008232257244999503,0.18221498119170135,284.5420249699083,0.0,0.0,-0.8442560803242634,2371.5566852659254,-0.24901023872873143,-0.9685008523528826,0.0,-5096.604262617017
-0.002014588754146891,0.008257810372711697,0.12651045947436454,284.5707094607956,0.0,0.0,-0.9024913975506156,2031.952171973888,-0.2370104416643401,0.9715071026719643,0.0,-5084.2252928291955
-0.006904741686383032,0.0049572716532710216,-0.10311571070404213,284.9013789586499,0.0,0.0,-0.843184419228735,625.0347145880038,-0.8123225513391802,0.5832084297965907,0.0,-4756.9929212610605
-0.003837500678456729,0.0075844306670207065,0.16322392174335112,284.4843853224971,0.0,0.0,-0.8751801139422904,2256.523363819586,-0.45147066805373276,0.8922859608259655,0.0,-5029.108447672694
0.008432836615102118,0.0010664270359443662,0.20448412259178636,284.7278470369705,0.0,0.0,-0.9097084898302058,2515.5949068820482,0.9920984253061313,0.12546200422874895,0.0,-4696.787508248331
0.001312224755541358,0.008398098962916812,0.09229406594804881,284.7444168680597,0.0,0.0,-0.9079799869170353,1826.5900733045391,0.15437938300486564,0.9880116426960954,0.0,-5089.275305256764
-0.005341802563273191,0.006611742990695266,0.03597444585762424,284.6538420188444,0.0,0.0,-0.9075965631231865,1477.7909471727082,-0.6284473603850812,0.7778521165523842,0.0,-4910.875403294958
-0.005834519712537628,-0.006181292722724742,0.1257805043674349,284.73024857830245,0.0,0.0,-0.8293117820037278,2030.6648930490476,-0.6864140838279561,-0.7272109085558519,0.0,-4901.433699406585
-0.00807354353178865,0.0026585512671967898,-0.06552394252311877,284.92430270909364,0.0,0.0,-0.8783316847355286,857.1103002698713,-0.9498286507986647,0.31277073731726934,0.0,-4660.463640678205
-0.0015729812026129483,-0.008353186825171955,-0.16771892948234415,285.3255674002054,0.0,0.0,-0.8837811538737197,229.6007106233536,-0.18505661207211155,-0.9827278617849359,0.0,-5014.934020576059
-0.006453020216775134,0.005532497635055203,-0.027145782805835433,284.7582459749131,0.0,0.0,-0.8861188650828393,1092.8723517197436,-0.7591788490323687,0.6508820747123768,0.0,-4814.121874180903
-0.006519689909441634,-0.005453773325389032,0.0317734815711124,285.02522127028305,0.0,0.0,-0.8838615612275141,1451.0792147663606,-0.7670223422872511,-0.641620391222239,0.0,-4824.662352246799
0.008002580024862524,0.0028650851550471113,-0.1595120977872996,284.9271922298662,0.0,0.0,-0.889228761900482,278.4350454160002,0.9414800029250028,0.3370688417702484,0.0,-4642.194849125986
-0.008237465006688817,-0.0020962276268519115,0.017662675677836803,284.94456465299834,0.0,0.0,-0.9044512528875304,1364.9765589858687,-0.9691135301986844,-0.2466150149237543,0.0,-4666.499111503044
-6.197183812546503e-05,-0.008499774084720097,0.1794866284743262,284.4974568200266,0.0,0.0,-0.8517110197986838,2354.253981162746,-0.007290804485348827,-0.9999734217317761,0.0,-5123.131560537649
-0.0002501623966600025,-0.008496317953990265,-0.11289185064648444,285.1555514737494,0.0,0.0,-0.9092545445908209,566.6664552731271,-0.02943087019529441,-0.9995668181165017,0.0,-5044.330825016481
0.008207104805610113,-0.002212110013026339,0.10219281427621577,284.83728624943734,0.0,0.0,-0.8568787908384984,1884.0797930147287,0.9655417418364839,-0.26024823682662807,0.0,-4692.218408017411
-0.00794409153400294,0.0030234764261331433,-0.1630424513611511,284.95510240866577,0.0,0.0,-0.8276278639605018,256.454397544477,-0.9345990040003457,0.3557031089568404,0.0,-4646.927772050837
0.0035863891325581916,-0.00770634887543177,0.18942123759025617,284.4234587088548,0.0,0.0,-0.8762135388039491,2416.936576131414,0.4219281332421402,-0.9066292794625611,0.0,-5047.490058203083
-0.007721346061020055,0.0035539857914699217,-0.0314110468191835,284.7492495646813,0.0,0.0,-0.8936863804958463,1062.1716080741683,-0.9083936542376535,0.4181159754670496,0.0,-4703.493872309277
0.0048289762153707425,0.006995068885392314,-0.13402630994029507,285.22167059591317,0.0,0.0,-0.848476965586672,436.9160260773712,0.5681148488671461,0.8229492806343899,0.0,-4897.029749861866
-0.008375514465543889,0.0014493989918118002,0.19635838625441845,284.7899071743251,0.0,0.0,-0.8279231490947445,2458.7950907126237,-0.9853546430051634,0.17051752844844706,0.0,-4700.475058366975
0.0070780789143078966,0.004706463521884554,0.133258421447664,284.8197672515858,0.0,0.0,-0.9046013120206854,2075.0810081442974,0.8327151663891642,0.5537015908099475,0.0,-4805.649858145593
0.007300408589797276,0.004353623137343671,-0.19739953272797944,285.0684974194201,0.0,0.0,-0.9013282198753734,45.98365576807327,0.8588715987996794,0.5121909573345496,0.0,-4697.4685635370315
-0.008309479412050487,0.0017895675177844218,0.03698929281019947,284.7757375196913,0.0,0.0,-0.9073850858686592,1483.874149632973,-0.9775858131824102,0.21053735503346138,0.0,-4664.427386867988
-0.0036758261555694337,-0.007664091731838265,-0.09747056463813138,285.20494316368416,0.0,0.0,-0.9071557270275896,659.6972217297983,-0.4324501359493451,-0.9016578508045017,0.0,-4966.563587870496
0.0069659494276567225,-0.004870887862733958,-0.12013015955557362,284.9823045988087,0.0,0.0,-0.9003816489961313,518.4567323871145,0.8195234620772615,-0.5730456309098774,0.0,-4747.257727038563
0.0077829912932110236,-0.0034168767214813886,-0.17742652906396683,284.9358059275607,0.0,0.0,-0.909998345983405,169.85444448918784,0.9156460344954145,-0.4019854966448692,0.0,-4658.498389880675
0.008360837024139924,-0.001531797720252606,-0.07353785703735527,284.8113230690714,0.0,0.0,-0.8570955496285794,803.8639864075277,0.9836278851929321,-0.18021149650030657,0.0,-4629.5598517659455
0.008441854333733212,-0.0009925197267711095,0.00657391099157878,284.7915419695919,0.0,0.0,-0.8260055724294606,1296.7080903409374,0.9931593333803778,-0.11676702667895406,0.0,-4642.762929165809
0.007814139019817323,0.003345030848731946,0.034290549563922496,284.9397584847442,0.0,0.0,-0.8428899239921487,1465.6747804663628,0.919310472919685,0.39353304102728776,0.0,-4712.341935468821
0.008385593054649124,-0.001389902558390475,0.012765528670951903,284.82860605666895,0.0,0.0,-0.8260206694019562,1333.5385712850473,0.9865403593704851,-0.16351794804593822,0.0,-4650.189670442697
0.008499580590340738,8.44380737760129e-05,-0.16996507117201443,284.9593737967099,0.0,0.0,-0.9038752480629496,215.72072410954198,0.9999506576871455,0.009933891032472105,0.0,-4589.44303521547
0.0013787051050300316,0.008387441340084838,-0.126068137279534,285.1902375119375,0.0,0.0,-0.8316374289294741,485.1512892404862,0.1622006005917684,0.9867578047158632,0.0,-5029.600865891461
0.008482719339703682,0.0005417311176378517,0.12732651422898536,284.8339833154577,0.0,0.0,-0.8860503655477305,2038.4590109803407,0.9979669811416094,0.06373307266327666,0.0,-4670.948010112701
