x,y,z,T,u,v,w,p,nx,ny,nz,qn
-0.0014384737492130761,-0.006338832169479239,0.10209571798016795,292.2639618149465,0.0,0.0,0.6890936522682118,451.89380422084747,-0.22130365372508864,-0.9752049491506521,0.0,5138.026535633743
-0.0010778775925639765,0.006410006232091236,0.011333621295597535,293.0670447448737,0.0,0.0,0.642293587926561,844.0875266979456,-0.16582732193291946,0.9861548049371133,0.0,4974.917137390628
0.006001680534560654,-0.0024959628925678642,-0.030370199206542797,293.2336184071901,0.0,0.0,0.710301612822297,1029.3361189037814,0.9233354668554853,-0.3839942911642868,0.0,4891.61106474115
0.0023003704576705433,0.006079333496155365,-0.15446732008233105,293.59462968449924,0.0,0.0,0.7166422223218214,1573.9556996775868,0.35390314733392975,0.9352820763315947,0.0,5270.709582570552
-0.006420853686086775,0.0010112556263704407,-0.09854236683413732,293.36055724925467,0.0,0.0,0.6401825038579992,1326.011153179196,-0.98782364401335,0.1555777886723755,0.0,5011.999959274756
0.00567817221258022,0.0031635992673348886,-0.06127935417538016,293.18269803584076,0.0,0.0,0.6967031723092563,1163.434756925132,0.8735649557815723,0.4867075795899829,0.0,5290.5207633557975
4.654919665975022e-05,0.006499833318808285,-0.04577179891959823,293.3653673921891,0.0,0.0,0.6496292361081288,1095.7254591199703,0.007161414870730804,0.9999743567397362,0.0,5076.977239688382
0.000781531892744641,-0.006452844946271604,0.07680862334484082,292.4751601123995,0.0,0.0,0.6907921422563339,558.5528470968993,0.12023567580686785,-0.9927453763494776,0.0,4977.837721698944
-0.002515715059142347,-0.005993427879035871,-0.04055136328382464,293.15902685008683,0.0,0.0,0.7009736517582859,1073.9864441596521,-0.3870330860218995,-0.9220658275439801,0.0,5250.303683067668
-0.0014015689513129585,-0.006347094175661449,-0.05025976304768329,293.16759326347193,0.0,0.0,0.7020292655058831,1118.0008660317674,-0.21562599250968592,-0.9764760270248384,0.0,5179.9869807951145
-0.0008162694501180071,-0.006448542795454182,-0.18063641716897946,294.1610006271615,0.0,0.0,0.641218449906348,1685.0847112977935,-0.12557991540277033,-0.9920835069929512,0.0,5175.162076709299
0.005171304628563428,-0.003937970091125434,-0.06933181154669368,293.4231021526371,0.0,0.0,0.7195944142600604,1199.8924203128045,0.7955853274712966,-0.605841552480836,0.0,4839.292912562769
0.003278533780681411,-0.005612594431181613,-0.19959416693713317,294.0857303981519,0.0,0.0,0.6472489174949188,1768.6020487894314,0.5043898124125248,-0.8634760663356328,0.0,4900.653539396343
-0.0009137841416144802,-0.006435448589067734,0.1231942245365624,292.3133729175793,0.0,0.0,0.672992889475451,355.46262369151617,-0.14058217563299696,-0.9900690137027283,0.0,5093.53618178075
-0.005444158740314335,-0.003551216074848028,-0.017015677178712496,293.2748303855181,0.0,0.0,0.6924773138972051,969.4438877804168,-0.8375628831252824,-0.5463409345920043,0.0,5293.777642371768
-0.005258818529662862,0.003820317744910039,-0.13018108298626832,293.80340078107275,0.0,0.0,0.6601829999961758,1466.0537849016957,-0.8090490045635174,0.5877411915246215,0.0,4860.34606741424
-0.0063587385151585496,-0.001347755354594906,0.052754422091123604,292.861927276576,0.0,0.0,0.7140279972228472,663.609857229774,-0.9782674638705461,-0.20734697762998552,0.0,5145.980082312837
0.003374866106127512,-0.005555202855496074,-0.13279693872419368,293.5295859801206,0.0,0.0,0.683261603895876,1480.1383881398162,0.5192101701734634,-0.8546465931532421,0.0,4876.9967951651315
-0.0036043153532512215,-0.005409150657387675,-0.16615756782357685,293.8744601096139,0.0,0.0,0.6400011190163681,1618.7535677825826,-0.5545100543463418,-0.8321770242134885,0.0,5339.356746726637
-0.006357625802189564,0.001352994515633193,0.03185881753274242,292.7452312908648,0.0,0.0,0.6909982859277104,758.1074237539335,-0.978096277259933,0.20815300240510662,0.0,4948.878629662741
0.005141400082447418,0.0039769341448167945,-0.1691768022442861,294.09500866611324,0.0,0.0,0.7173872955645482,1637.290207409748,0.7909846280688335,0.6118360222795068,0.0,5351.491605893409
0.0022703563869945166,0.0060906060352015215,0.11531495865474187,292.3622444251437,0.0,0.0,0.6736106334270949,394.64535676395,0.3492855979991564,0.9370163131079264,0.0,5189.892432023167
-0.006209337820264336,0.0019220103625722062,0.15577978508027882,292.3322459815309,0.0,0.0,0.7147856237864624,217.92078465860988,-0.9552827415791286,0.2956939019341856,0.0,4873.17027590791
0.004259347200419452,-0.004909985888602835,0.19225467666796767,291.7604169410171,0.0,0.0,0.645272111940939,55.379995296619384,0.6552841846799157,-0.7553824444004362,0.0,4756.235253935974
0.006320221491420464,-0.0015181568757499594,-0.20284737254085103,293.98179744325404,0.0,0.0,0.6719453971974682,1784.0714562663861,0.9723417679108407,-0.23356259626922454,0.0,5005.818628807751
0.002550209974655085,0.005978831749193961,-0.07928296466253962,293.30692759764935,0.0,0.0,0.6818943625267495,1240.1108854437791,0.3923399961007823,0.9198202691067632,0.0,5263.645910542517
0.0021152893965527384,0.006146181804082234,0.055849807601867724,292.8072024849662,0.0,0.0,0.6453754992138119,651.2917210350869,0.32542913793119055,0.9455664313972668,0.0,5197.511149161376
0.00379710587947604,-0.005275602993028237,0.02244997892689765,292.9348443980888,0.0,0.0,0.7026812348953175,796.589519748691,0.5841701353040062,-0.8116312296966518,0.0,4816.363911825995
0.004905343772487485,0.00426469254152257,0.1724786328037395,292.16013355307246,0.0,0.0,0.6886223163165848,141.04491829270611,0.7546682726903824,0.6561065448496263,0.0,5257.089845386752
-0.0064945775190052854,0.0002654483935365711,0.048760824014745324,292.7175660147998,0.0,0.0,0.7059640498180912,682.7636863408632,-0.9991657721546594,0.04083821439024171,0.0,5025.326466305436
-0.002656039169505342,0.005932575825900025,0.10264954213158675,292.2793212309299,0.0,0.0,0.6964284795306914,442.68340824376,-0.4086214106931295,0.9127039732153885,0.0,4843.481039030995
-0.004148264959702917,-0.005004188028451863,0.19636604329565546,291.7682920785838,0.0,0.0,0.6528420047640223,34.910317920925145,-0.6381946091850642,-0.7698750813002867,0.0,5248.192075034222
0.006035388192983517,0.0024133150146624376,0.11092615416948551,292.26054619789033,0.0,0.0,0.6450807694520138,410.1869111206269,0.9285212604590026,0.3712792330249904,0.0,5199.904139251069
-0.0062078603078363,0.0019267772051772371,0.14724034373812725,292.3397785769707,0.0,0.0,0.7170766058675428,253.21117106469987,-0.9550554319748153,0.2964272623349596,0.0,4875.353031708164
0.002941768387474367,-0.005796205547981926,-0.054141048774637046,293.1114197693053,0.0,0.0,0.7174352132590225,1134.7186598437947,0.45257975191913336,-0.8917239304587579,0.0,4874.058063003277
-0.0036795263134006178,-0.00535827267960417,-0.06783169208921402,293.5486667535485,0.0,0.0,0.6771840265271786,1195.5562339806945,-0.5660809712924028,-0.8243496430160262,0.0,5313.177501473982
-0.004248674127740656,0.0049192243449823645,-0.1317503615941064,293.7753267983829,0.0,0.0,0.6695572226307208,1472.0848865807625,-0.6536421734985625,0.7568037453819023,0.0,4851.221658920537
0.0036154292060260117,-0.0054017285803911064,-0.16780963528901396,293.77921468000807,0.0,0.0,0.6640178606782609,1631.3978922344975,0.5562198778501557,-0.8310351662140164,0.0,4877.995875886169
0.0025868966718845723,0.005963050025699308,-0.1721744312221162,293.7510363287503,0.0,0.0,0.7198244287549243,1648.4191576513629,0.3979841033668573,0.9173923116460475,0.0,5292.946294748304
0.003956821029052084,0.005156895126338251,-0.10346275708861014,293.38405584420644,0.0,0.0,0.7048152182031051,1350.3138460309233,0.6087416967772437,0.7933684809751156,0.0,5331.760020201707
0.004948628010916707,-0.0042143897315709365,-0.018819426306840276,293.1654327905038,0.0,0.0,0.7135251394352706,977.9900327064229,0.7613273862948781,-0.6483676510109133,0.0,4818.69810022159
-0.0050579088370644315,0.004082592092769681,0.08067445577698992,292.3386716645435,0.0,0.0,0.7011533446515511,541.810490831644,-0.7781398210868357,0.6280910911953356,0.0,4792.016619498345
-0.005082325638101243,-0.004052155735938439,0.05344877824018565,292.74014357238934,0.0,0.0,0.7198764802229541,660.3340066871266,-0.7818962520155759,-0.6234085747597599,0.0,5288.076869188728
-0.004414053172460184,0.004771387071983804,-0.1731056427739949,294.08544996167706,0.0,0.0,0.6931698335863223,1656.2454503525696,-0.6790851034554131,0.7340595495359699,0.0,4861.420613608221
0.006478657628779914,-0.0005263034571915845,-0.10895695881472246,293.6842606831383,0.0,0.0,0.7193536734189976,1374.0039137326785,0.996716558273833,-0.08096976264485915,0.0,5051.537890030493
-0.00496966037833063,0.004189567486513454,-0.03100354593583704,293.0009644525111,0.0,0.0,0.6430838145390336,1036.3528611049933,-0.7645631351277893,0.6445488440789929,0.0,4822.675066080573
-0.006466202986201008,-0.0006619810731774455,-0.03820649476708665,293.1003832554736,0.0,0.0,0.6614051785604137,1063.7143392433247,-0.9948004594155397,-0.10184324202729932,0.0,5121.839240690881
0.005739012154221474,-0.0030518419837367375,-0.12185538518678601,293.59906822951166,0.0,0.0,0.7082853888427975,1429.8213535140924,0.8829249468033038,-0.4695141513441135,0.0,4888.392112236927
-0.0061762518737279,-0.002025811637905314,0.13818902189860147,292.2526400370369,0.0,0.0,0.7059799385242872,294.86537299671295,-0.9501925959581384,-0.31166332890850984,0.0,5167.62452639531
-0.00616923862299295,0.002047069811357699,-0.1346418659289777,293.70754717004195,0.0,0.0,0.6525058211934318,1482.9507171810262,-0.9491136343066078,0.3149338171319537,0.0,4949.953385521767
-0.00017895968820556786,-0.006497535950650628,0.17064714736833556,292.12819306141074,0.0,0.0,0.6459826646206398,150.40106188446617,-0.027532259723933517,-0.9996209154847121,0.0,5023.815404788471
0.0018038470519643147,-0.006244688608178926,-0.16220869223254308,293.8991033607333,0.0,0.0,0.656310921190641,1603.9877263007363,0.27751493107143305,-0.9607213243352194,0.0,4974.168458748897
0.006377469109696375,-0.0012561400219993516,0.12270905424441406,292.01953160196695,0.0,0.0,0.6402652409662305,360.87626359819825,0.9811490937994423,-0.1932523110768233,0.0,4929.280489911457
0.004550599382341605,-0.004641340890457433,0.20439933302959876,291.7224249140861,0.0,0.0,0.651181338443511,6.63019766950794,0.7000922126679393,-0.714052444685759,0.0,4750.224526986445
0.005279633753596386,-0.003791499364088794,-0.20085519803205712,293.8635723439037,0.0,0.0,0.6587770785409061,1775.4377032040577,0.8122513467071364,-0.5833075944751991,0.0,4881.890697650404
-0.0010481237650814654,0.006414938547879586,-0.02871054521251104,293.2909585101621,0.0,0.0,0.6415360546779993,1023.5414869747194,-0.16124981001253313,0.9869136227507056,0.0,4988.833269319996
-0.0031228810021245194,-0.005700667877237697,-0.19394546907980606,294.10545656835075,0.0,0.0,0.6421810612765432,1746.1422145486558,-0.48044323109607995,-0.877025827267338,0.0,5327.445088639069
0.001485476963996123,-0.006327982157800135,0.19643460496567802,292.008394807998,0.0,0.0,0.6401970842099913,36.698285172771314,0.2285349175378651,-0.9735357165846362,0.0,4891.263492533176
-0.0049990496859142605,-0.004154455708966042,-0.16934753219516938,293.8057927437933,0.0,0.0,0.6421717964892539,1633.903401220319,-0.7690845670637324,-0.6391470321486218,0.0,5355.344190629242
0.001416914303310502,0.00634368614112285,-0.17825558292136995,293.7332210336639,0.0,0.0,0.7192793928445927,1674.854769517398,0.21798681589392338,0.9759517140189,0.0,5218.544669035682
-0.00639161773385045,-0.0011820417692824767,0.13211015402968881,292.32885583440424,0.0,0.0,0.7121638869983862,323.151446100859,-0.9833258052077615,-0.18185257988961182,0.0,5110.743780729256
0.005644019052129251,-0.0032241353785475617,-0.09486289162307826,293.54850793469217,0.0,0.0,0.7168116413673677,1311.0721383381197,0.8683106234045002,-0.4960208274688557,0.0,4872.414671807182
-0.00292367321384097,-0.0058053539890922075,-0.0765129151949461,293.5699272177353,0.0,0.0,0.6772705702838389,1232.9547855804924,-0.44979587905245694,-0.8931313829372628,0.0,5283.257431708298
0.00649332266498827,0.0002945518092791565,-0.030770641373191493,293.18573720063523,0.0,0.0,0.6965374247135928,1028.4179629566431,0.9989727176905031,0.04531566296602407,0.0,5091.640596871077
-0.0038613203962128743,0.005228786168681068,0.004300346043596831,292.90168995620377,0.0,0.0,0.6494575343237778,878.6382163047333,-0.5940492917250576,0.804428641335549,0.0,4819.806229819215
-0.002472378302733765,0.006011434564908056,0.05179067747460733,292.5793111156361,0.0,0.0,0.6649064666481649,670.4200135889114,-0.3803658927282716,0.9248360869089317,0.0,4868.953701022043
-0.0006139346331151032,0.006470941528576952,-0.04317746127907507,293.3141237979116,0.0,0.0,0.6462614043271493,1084.4928680982284,-0.09445148201770819,0.9955294659349158,0.0,5025.622689015292
-0.002318380115604436,-0.006072488257672464,0.015346381038881751,292.7893388834652,0.0,0.0,0.7196649379692605,830.5488644875867,-0.35667386393914396,-0.9342289627188407,0.0,5222.115903249696
0.005288054492418508,-0.0037797459815723635,0.12913378526771516,292.1944128826207,0.0,0.0,0.6408989889036671,334.0912274620177,0.8135468449874629,-0.5814993817803636,0.0,4785.666252070516
0.0008611536505937006,0.00644270241358928,-0.1930168987470157,293.91764142538636,0.0,0.0,0.7199484728243771,1739.7864346512447,0.13248517701441548,0.9911849867060432,0.0,5182.151410061676
0.0014441413374334327,0.006337543356657686,0.17504417168052824,291.88263982868324,0.0,0.0,0.7110244455334668,130.12806466120693,0.22217559037437426,0.9750066702550287,0.0,5117.07890079957
0.003782800691405183,-0.005285869741972883,-0.026764805220986287,293.09045545987436,0.0,0.0,0.7191130305741275,1013.8929518964163,0.5819693371392589,-0.8132107295342896,0.0,4831.2017469172915
-0.005604074225682295,-0.0032930763843317364,-0.18182093604068997,293.84380002449615,0.0,0.0,0.6490058504926991,1689.8715331872088,-0.8621652654895838,-0.5066271360510364,0.0,5331.614043348061
-0.0007587381750947075,-0.006455564760859731,-0.017769841042139106,292.9852277528702,0.0,0.0,0.7170067605006476,971.1573053134872,-0.1167289500145704,-0.9931638093630355,0.0,5123.166413415213
-0.006388621701620117,-0.0011981288551689577,0.036386295984973754,292.968429647318,0.0,0.0,0.7070600658385953,741.6796971750589,-0.9828648771723257,-0.18432751617983967,0.0,5139.934873169431
-0.0038958393806787952,0.005203117865275805,0.1436986567427582,292.00385384563043,0.0,0.0,0.7182518836974446,269.29225622427407,-0.5993599047198147,0.8004796715808932,0.0,4778.054146718659
0.003983328920987214,-0.0051364472845758695,-0.14528858276484405,293.5994706898965,0.0,0.0,0.6801558315913379,1532.3410631462918,0.612819833998033,-0.7902226591655185,0.0,4860.391428232842
-0.004531954499434918,-0.004659548091290784,-0.03466237655679902,293.23406504272117,0.0,0.0,0.6905953556517449,1046.4882252429356,-0.6972237691438337,-0.7168535525062746,0.0,5320.048753722788
0.005826252389108075,0.002881802057465509,-0.07270935597634962,293.341729596313,0.0,0.0,0.7043638999293433,1216.2151720573936,0.8963465214012424,0.4433541626870014,0.0,5279.980267851656
-0.0029746949757583022,0.005779376246724062,0.036618030818175606,292.7506595715339,0.0,0.0,0.6596309463821103,737.1084476694654,-0.4576453808858927,0.8891348071883173,0.0,4845.8283088181115
0.00493895985698835,0.004225715978512709,0.18637596276381732,292.1566404859082,0.0,0.0,0.6963950709032725,81.98801764898478,0.7598399779982077,0.6501101505404168,0.0,5252.440778969184
-0.001073990410016498,0.0064106586712437425,-0.032015365503158255,293.2595488636961,0.0,0.0,0.6420893744417978,1038.7489504120615,-0.165229293848692,0.9862551801913451,0.0,4987.891227390158
0.002981770019452368,0.005775729179168204,-0.047622653433655876,293.116357042517,0.0,0.0,0.6657438170816611,1102.7650897486744,0.45873384914651816,0.8885737198720315,0.0,5277.7477589740065
0.002838921462125391,0.005847266449537239,-0.025440908880094842,293.0422188309207,0.0,0.0,0.6533571901487858,1005.1818228686952,0.4367571480192909,0.89957945377496,0.0,5263.894997995974
0.0045988473804444855,0.004593539242390217,0.05836261766857173,292.5979258245565,0.0,0.0,0.6402348776521863,637.9987965168597,0.707514981606844,0.7066983449831103,0.0,5292.918091519501
0.0045783827317210455,0.004613936666435565,-0.05776876108036019,293.177740249047,0.0,0.0,0.6838353474111079,1151.419813988865,0.7043665741109301,0.7098364102208562,0.0,5326.900450295533
-0.005994972659636113,0.00251203161011471,-0.17014576435766257,293.9408420613332,0.0,0.0,0.6745237160758191,1643.9009049099147,-0.9223034860978636,0.3864664015561093,0.0,4931.5791055923555
-0.0004321695130806656,0.006485617126531878,-0.14226579669226297,293.64151387122905,0.0,0.0,0.7006637464545253,1518.3795495485874,-0.06648761739702548,0.9977872502356736,0.0,5068.468521294939
-0.0019126885402842941,-0.006212215590903549,-0.1285540283344769,293.83762640621137,0.0,0.0,0.6542939170736528,1458.340431116335,-0.29425977542835297,-0.955725475523623,0.0,5238.241351167996
-0.001298191100685686,-0.006369042303682751,0.07018425922508911,292.33113177727034,0.0,0.0,0.7056555656989228,592.7280185330671,-0.19972170779779788,-0.9798526621050386,0.0,5137.307189125576
0.00561548494463163,-0.0032735804307539923,-0.08624507207141917,293.4475170668123,0.0,0.0,0.7184566806009932,1272.6593957502298,0.8639207607125585,-0.5036277585775373,0.0,4867.69522196533
-0.0009326002317611585,-0.006432748775424005,0.006212548905593196,292.6875558691738,0.0,0.0,0.7199524440362057,868.5821894050753,-0.14347695873248592,-0.9896536577575392,0.0,5129.177941510007
0.0007936500013611362,-0.006451365721716563,-0.12696115703245286,293.6755487377025,0.0,0.0,0.6700086107889395,1450.795490606098,0.12210000020940558,-0.9925178033410097,0.0,5036.5661510360005
0.0003988781550354316,-0.00648774970366733,-0.07236210004441129,293.2631795953,0.0,0.0,0.6999883676742984,1212.0789370895125,0.06136587000545102,-0.9981153390257431,0.0,5050.55404315996
0.005641094308971673,0.0032292499124854665,0.0866929783709601,292.38738521175867,0.0,0.0,0.6415322006043781,517.6326039258744,0.867860662918719,0.49680767884391797,0.0,5250.206366107137
0.00648694646748317,0.00041173477872001016,-0.1313347615878564,293.9096680595849,0.0,0.0,0.7171687704397179,1472.9143977071674,0.99799176422818,0.0633438121107708,0.0,5130.047743816642
0.005978300965536815,0.0025514540100620214,-0.06130477428599468,293.2078076423552,0.0,0.0,0.7004316090628326,1161.3178885285943,0.9197386100825871,0.39253138616338795,0.0,5258.455996528485
-0.004805980077460508,-0.004376363272747439,0.1797890288400011,291.755637752202,0.0,0.0,0.6661980460207949,106.43520889532495,-0.7393815503785398,-0.6732866573457599,0.0,5256.286687106062
-0.006496790164594063,-0.000204248763114605,0.049144889950442056,292.8246592466108,0.0,0.0,0.7082607170783787,680.5299424427283,-0.9995061791683174,-0.03142288663301616,0.0,5061.319814449104
-0.005075174689075486,0.00406110845402675,-0.03628711278824828,293.00145908475815,0.0,0.0,0.6422877426508498,1055.9989899368036,-0.7807961060116133,0.6247859160041154,0.0,4826.705413223592
-4.224047588919907e-05,-0.006499862747950656,-0.17406231682239792,294.07249822162856,0.0,0.0,0.6442941922241514,1660.5048400207158,-0.006498534752184472,-0.999978884300101,0.0,5114.1942671038005
-0.006357820724678173,-0.0013520782643222672,-0.07895484292394231,293.3388796802093,0.0,0.0,0.6463319049326306,1242.0771454314422,-0.9781262653351035,-0.2080120406649642,0.0,5184.839754754502
-4.439330478998742e-06,-0.006499998484026354,0.16247347438828233,292.2152004095306,0.0,0.0,0.6482147227153989,187.4435826865653,-0.0006829739198459604,-0.9999997667732852,0.0,5012.788274864197
-0.004943383953404604,-0.004220539668007145,0.1962724981508914,291.66303861285223,0.0,0.0,0.6583159983098287,34.6339274598334,-0.760520608216093,-0.6493137950780223,0.0,5249.462651963024
-0.005427355874773183,-0.0035768433301676793,-0.19857456210466753,293.9082008161585,0.0,0.0,0.6548118232464661,1767.9149749983721,-0.834977826888182,-0.5502835892565661,0.0,5347.8566817954725
-0.006498674319509344,-0.00013127105145369544,0.02125309444024001,292.85560514453175,0.0,0.0,0.6935616363970835,802.523270409544,-0.9997960491552838,-0.020195546377491606,0.0,5063.875295854426
-0.00547064923665567,-0.0035102702074738825,0.13020126852221778,292.20734013043796,0.0,0.0,0.7017799790289494,329.6178202300995,-0.8416383441008723,-0.5400415703805973,0.0,5249.152158172414
-0.006459705613651151,-0.0007226364127026799,-0.2048946701207487,294.0650538307552,0.0,0.0,0.6754888462179623,1791.7394914995912,-0.9938008636386387,-0.11117483272348921,0.0,5175.211994130401
-0.0034135674042722755,-0.0055315059049493775,-0.19531802384174518,294.0613035065316,0.0,0.0,0.6432285527766117,1748.6349725956402,-0.5251642160418886,-0.8510009084537504,0.0,5340.623863350035
0.0032517292894302273,-0.005628166364657462,0.10319740738096775,292.61808711770703,0.0,0.0,0.6596203424759769,449.1517248973672,0.5002660445277273,-0.8658717484088403,0.0,4813.212763444148
0.006489269754565804,0.0003733337012345273,0.06266986488576451,292.4131340217982,0.0,0.0,0.6459602763707185,619.699328462251,0.9983491930101237,0.05743595403608113,0.0,5070.328169702084
0.004511086524710455,0.004679754092532614,0.02055941110887069,292.75686988935047,0.0,0.0,0.6440166146170109,807.1395612773078,0.6940133114939162,0.7199621680819406,0.0,5303.814275593213
0.006497958387885701,-0.00016290116422498134,0.17212021347120118,291.95813359618427,0.0,0.0,0.6598151957204521,142.38268852552474,0.9996859058285694,-0.025061717573074054,0.0,4997.096429237941
0.0020816955784496837,-0.0061576410677030395,-0.1483933896337183,293.751267817977,0.0,0.0,0.6652633778074181,1547.1973300018226,0.3202608582230283,-0.9473293950312369,0.0,4951.73594906381
0.0001649722073275156,-0.006497906137426847,0.02110706278196961,292.69589038418945,0.0,0.0,0.7175907188737456,804.4967172794909,0.025380339588848555,-0.999677867296438,0.0,5041.1362412124845
0.002301379984679517,0.006078951403500155,-0.1606734073099651,293.6879449176011,0.0,0.0,0.7180021166403252,1601.7568093706743,0.3540584591814641,0.9352232928461778,0.0,5272.588222142978
0.005954725712982366,0.002606001090396289,-0.07186039572042466,293.3256066977611,0.0,0.0,0.70542212735822,1213.2391094208783,0.9161116481511333,0.4009232446763522,0.0,5264.67753817384
0.005020691097149665,-0.004128275778942353,-0.04783703566063921,293.3173468390986,0.0,0.0,0.7195535988636335,1108.7161838942445,0.7724140149461023,-0.6351193506065159,0.0,4828.713539822022
0.0032245898266328684,-0.0056437594252391554,0.07088352517097865,292.7060884917231,0.0,0.0,0.6786173507857369,587.0867348925213,0.49609074255890284,-0.868270680806024,0.0,4823.883078997389
0.006377031786897786,0.0012583582911457414,-0.17219189880915856,294.017532515561,0.0,0.0,0.7056952907827736,1651.0219616196562,0.9810818133688901,0.19359358325319098,0.0,5205.363200777065
-0.006423391441217879,-0.000995008740106787,-0.14014759782617042,293.5869239811976,0.0,0.0,0.6435298245848718,1512.847983328322,-0.9882140678796737,-0.15307826770873645,0.0,5176.655857938067
0.005427779585422622,-0.0035762003260540968,0.019840392324623896,292.98517858671124,0.0,0.0,0.6909978764417644,807.238638778767,0.8350430131419418,-0.5501846655467841,0.0,4824.4791254536485
-0.004344536770588243,-0.004834769927205086,-0.12260326662486062,293.7533501705108,0.0,0.0,0.6455013627667181,1431.7145104200288,-0.6683902723981913,-0.7438107580315517,0.0,5344.4618205013
0.005719116455919572,-0.00308896535487693,0.10791457979228267,292.3302475114402,0.0,0.0,0.6433510170150505,431.6006763214753,0.8798640701414726,-0.47522543921183535,0.0,4819.348350348997
-0.0018569308928756698,-0.006229109700357184,0.0522556931468908,292.47491159327166,0.0,0.0,0.7148884245864361,670.1441936115923,-0.28568167582702614,-0.9583245692857206,0.0,5181.5935352561555
-0.005338536514689545,0.0037081030030632106,-0.09568605075527929,293.52914379591135,0.0,0.0,0.6449479151412385,1314.3801720811227,-0.8213133099522377,0.5704773850866478,0.0,4853.735338692583
-0.004741210795663912,-0.004446450291083885,-0.08179229890648838,293.64626061094106,0.0,0.0,0.6608185161112323,1256.4634696436406,-0.7294170454867558,-0.6840692755513669,0.0,5333.425104376517
0.0062590989778358586,-0.0017531913716574454,-0.10464694824347795,293.65085647784616,0.0,0.0,0.7181417785799256,1354.061578498608,0.9629383042824398,-0.26972174948576083,0.0,4960.765673056696
-0.005589363250590275,-0.0033179840947404966,-0.16680295000704543,293.76056030886195,0.0,0.0,0.6439771408308129,1627.0416198168286,-0.85990203855235,-0.510459091498538,0.0,5328.292782300405
-0.006422697209307523,0.0009994801436513639,-0.05705048621555614,293.14137604119037,0.0,0.0,0.6457354930278197,1146.701237271052,-0.9881072629703882,0.1537661759463637,0.0,5000.728965656709
-0.00565136854510135,0.0032112355203938324,-0.031434973681303824,292.9534763161363,0.0,0.0,0.6463744396984828,1036.892883636027,-0.869441314630977,0.49403623390674345,0.0,4854.4327237602365
0.00044315711779728485,-0.0064848756170759045,0.0992189866710452,292.3651381653299,0.0,0.0,0.6792820411424598,460.11604047085376,0.06817801812265921,-0.9976731718578316,0.0,4996.950606788377
-0.0005144222665067896,0.006479611850390579,-0.05851389092110024,293.4270791884264,0.0,0.0,0.6526378717872249,1152.9612801956382,-0.0791418871548907,0.9968633615985506,0.0,5037.679193018717
0.004849739545360396,0.004327820045030469,-0.09312819360990594,293.3185030832886,0.0,0.0,0.7057253798580915,1307.0647164566417,0.7461137762092918,0.665818468466226,0.0,5335.6451981646815
0.005740276363522236,-0.0030494634397526294,-0.0508145287750707,293.33034268972614,0.0,0.0,0.7181689147337696,1122.0248899489713,0.8831194405418824,-0.4691482215004045,0.0,4867.71558755601
-0.003478999710659596,-0.005490588403188719,0.001586742312649242,292.9579783630266,0.0,0.0,0.7142987952291164,888.4425519072703,-0.535230724716861,-0.8447059081828798,0.0,5285.591865320479
-0.0006042071236863833,-0.006471857055875587,-0.10417921320286709,293.58885152728124,0.0,0.0,0.6752582561503799,1350.0990025221327,-0.09295494210559745,-0.995670316288552,0.0,5136.7677153384175
-0.0022842775480654645,-0.006085398596920668,0.13764220909858285,292.03488223982794,0.0,0.0,0.6728603217123847,294.7143816067581,-0.35142731508699454,-0.9362151687570258,0.0,5184.22026693578
-0.006442797870411516,-0.0008604391907745869,0.14619817922684528,292.24372971584245,0.0,0.0,0.7077983829586391,259.66668622253286,-0.9911996723710026,-0.13237526011916723,0.0,5082.815446236849
0.003767046232772467,0.005297108898272222,0.16539159951685992,292.1757601801748,0.0,0.0,0.6935516878098407,172.89318931201643,0.5795455742726873,0.8149398305034189,0.0,5247.740088613827
0.003931603174399093,0.005176146875722806,-0.15146385194080375,293.69168834387847,0.0,0.0,0.7194176893384991,1557.615239657019,0.6048620268306297,0.7963302885727395,0.0,5345.165859681233
0.0027239424476446497,0.005901706324608136,0.1597373817184429,292.20037771724253,0.0,0.0,0.6972087532100602,198.80420965653977,0.4190680688684077,0.9079548191704825,0.0,5203.495031939371
-0.0064358643688521115,0.0009108511545471148,0.17626566135085783,292.0695173051298,0.0,0.0,0.7019524947827441,126.10795711252,-0.9901329798234018,0.14013094685340227,0.0,4939.035914349617
-0.006497194956088363,-0.00019093900224921337,-0.17945959489742433,293.8896228586045,0.0,0.0,0.6636610204922104,1681.5622791408703,-0.9995684547828252,-0.029375231115263595,0.0,5127.20603666956
0.006197102340244346,0.001961102390120935,0.12268598313369414,292.2642614779296,0.0,0.0,0.6473482445541882,362.06633445698867,0.9534003600375918,0.3017080600186054,0.0,5167.916193899495
-0.005493388664098849,0.0034745763749197203,0.1151676268025014,292.31622851984974,0.0,0.0,0.7172953199556126,393.366134478517,-0.845136717553669,0.5345502115261108,0.0,4800.408396343064
-0.0015463731535936996,0.0063133770733138275,-0.14607226693045042,293.82948301296716,0.0,0.0,0.6965850208421184,1533.4606227747502,-0.2379035620913384,0.9712887805098197,0.0,4987.2163282624715
0.006229682700257342,-0.0018550076695567584,-0.029333583320146128,293.3432257944944,0.0,0.0,0.7069402338826093,1027.3148831660185,0.9584127231165142,-0.2853857953164244,0.0,4931.826750406537
-0.00380552621139793,0.005269532261440602,0.018637593546812464,292.7875298545699,0.0,0.0,0.6554840508004558,812.9413688620489,-0.585465570984297,0.810697270990862,0.0,4817.227424243627
-0.006373626143089725,0.001275495898904888,-0.062406254567695885,293.12843300645454,0.0,0.0,0.6434263553272576,1169.6215679733186,-0.9805578681676501,0.19623013829305969,0.0,4982.057742201883
-0.00630117117858689,0.001595381389557337,-0.0007370608631379616,292.8632918186023,0.0,0.0,0.6697449108682867,899.1131373984609,-0.9694109505518292,0.24544329070112877,0.0,4941.248018258099
-0.005501290961367536,-0.003462051091242857,0.04676012599914417,292.7815872649876,0.0,0.0,0.7183009506611729,690.0132979840026,-0.8463524555950055,-0.5326232448065934,0.0,5271.707605038185
-0.00494255506841847,-0.0042215103216326376,0.15402829168917906,291.90320336639473,0.0,0.0,0.6829674796505029,225.4075277811924,-0.7603930874489955,-0.6494631264050211,0.0,5261.842184709594
0.006421516775137096,0.0010070363978689448,-0.08411030332930618,293.53620632039105,0.0,0.0,0.7162346746242135,1261.8508711759678,0.9879256577133995,0.15492867659522228,0.0,5161.146657116919
-0.00507790057671519,0.00405769956169694,-0.05050022915079394,293.2418290717903,0.0,0.0,0.6403007402965896,1120.6501712990985,-0.7812154733407985,0.6242614710302985,0.0,4830.939194583724
-0.005900136021894079,-0.0027273420986645425,-0.0012219817554067758,293.16268433300564,0.0,0.0,0.6961008024723125,902.8795209801336,-0.9077132341375507,-0.41959109210223733,0.0,5250.791846810419
0.004111418408416725,0.005034504808909421,-0.056567823393424865,293.1204848657244,0.0,0.0,0.6792363145487508,1142.3301650915182,0.6325259089871885,0.7745392013706801,0.0,5321.51449231175
-0.00450297389527643,0.004687560783441535,0.030617431785172816,292.66793870661405,0.0,0.0,0.6668011692924772,762.1676597923523,-0.6927652146579123,0.7211631974525439,0.0,4801.240411809821
-0.004288186924271301,-0.004884818615108306,0.16947071579155096,291.8855892232928,0.0,0.0,0.6679551554759653,156.78513389650428,-0.659721065272508,-0.7515105561705087,0.0,5258.292487230449
0.0017706080033804304,0.006254194376445712,-0.015738200724043,293.1041913491026,0.0,0.0,0.6452292108538868,962.1564431819588,0.272401231289297,0.9621837502224172,0.0,5195.6563217945095
-0.006358150766162729,-0.0013505253921138626,0.09962917456387146,292.55674669599,0.0,0.0,0.7194547422133084,455.8806431553255,-0.9781770409481122,-0.20777313724828658,0.0,5132.45969788208
-0.006313108962303411,0.0015474673599415074,0.11645112148044431,292.4127608470014,0.0,0.0,0.7199858693582203,386.37288703117997,-0.9712475326620633,0.2380719015294627,0.0,4910.303371454225
-0.00557453091019055,-0.0033428438688233877,0.014782632677471097,293.0336170227268,0.0,0.0,0.7077508886283793,830.9598441615484,-0.8576201400293154,-0.514283672126675,0.0,5276.20339325375
0.005193795172521359,0.00390825942151923,-0.1229860128871874,293.68227618134205,0.0,0.0,0.7178268213708848,1437.1205642495718,0.7990454111571322,0.6012706802337277,0.0,5336.217195162927
-0.004961400837114031,-0.00419934539344934,0.014129069461821214,293.0297563567631,0.0,0.0,0.7117980682014843,836.1575034264522,-0.7632924364790817,-0.6460531374537446,0.0,5302.428399287553
-0.005842035197311444,-0.002849670990373141,-0.13527194358582822,293.6485281711414,0.0,0.0,0.6400468323885549,1490.413531197385,-0.8987746457402221,-0.43841092159586786,0.0,5296.60809873957
-0.006015830110453182,-0.002461663681773944,-0.17186075882751145,293.7428912233691,0.0,0.0,0.648760040092156,1647.0000395680584,-0.925512324685105,-0.3787174895036837,0.0,5285.554561955466
-0.0017365154509455744,-0.0062637460108650065,0.011036461466575526,292.7606657128227,0.0,0.0,0.719794906243742,849.9580400523422,-0.26715622322239607,-0.9636532324407703,0.0,5185.492795193589
0.00029385153179816917,-0.0064933543933209025,-0.021076523632018895,292.9002688528635,0.0,0.0,0.7184667612476527,986.2773283526533,0.0452079279689491,-0.9989775989724465,0.0,5043.587884955536
0.001030911834020884,-0.006417727073542135,0.17658976705130433,292.1246250575097,0.0,0.0,0.6415150501306872,123.31270461504735,0.15860182061859757,-0.98734262669879,0.0,4930.018021046938
-0.006352390483961099,0.0013773652889776473,-0.0702470399251082,293.11905189774427,0.0,0.0,0.6415660885681153,1203.7528334315423,-0.9772908436863229,0.21190235215040729,0.0,4977.014994990279
-0.004916255424824272,-0.0042521091940219405,0.034823573945090974,292.8399398697273,0.0,0.0,0.7179182096469109,744.1163560976715,-0.7563469884345034,-0.6541706452341447,0.0,5297.197733177646
0.006345153169876565,-0.0014103301921200462,-0.06432437854315287,293.5430599398287,0.0,0.0,0.7173460430088888,1182.6199780622867,0.9761774107502409,-0.21697387571077636,0.0,4972.924149282589
0.0028618737735861648,0.005836067040744107,0.0018730759895579374,293.05686713788066,0.0,0.0,0.6435950736904332,884.9192515229016,0.44028827285940997,0.8978564678067857,0.0,5257.109619380353
0.0019343697921388751,-0.006205498650975649,0.06941990434799675,292.6148879743108,0.0,0.0,0.68813384925901,591.5626601509051,0.29759535263675,-0.9546921001500999,0.0,4897.626013113376
0.0044172612923558275,0.004768417208577174,-0.0719826188893164,293.2122985825102,0.0,0.0,0.6910355451176485,1211.08448937668,0.679578660362435,0.7336026474734114,0.0,5330.338435781519
0.005366746187542089,0.003667156304073014,0.024663497141208995,292.678286507674,0.0,0.0,0.6468381161701561,787.3507775958286,0.8256532596218599,0.5641778929343099,0.0,5285.689073624769
-0.004351858583754725,-0.004828180492380158,-0.15964089641034993,293.9681099113762,0.0,0.0,0.640029544189977,1592.433561939391,-0.6695167051930347,-0.7427969988277167,0.0,5355.381664444233
0.0018041664363303786,-0.006244596341639621,-0.16581356924116122,293.8792073401575,0.0,0.0,0.6545689787214499,1620.6592587857128,0.27756406712775056,-0.9607071294830186,0.0,4975.201911664544
0.003693782122577014,0.005348455256513832,-0.05971521457569734,293.181060895814,0.0,0.0,0.6779503716442977,1156.181668038991,0.568274172704156,0.8228392702328973,0.0,5311.2767765582985
-0.00607945316925656,0.0023000541651918473,0.09604908714940666,292.45953528061744,0.0,0.0,0.7158323587220816,473.6253316381167,-0.9353004875779323,0.3538544869525919,0.0,4866.407934964633
0.003991405072390264,0.0051301740270771785,-0.08642107253838434,293.28540534701295,0.0,0.0,0.6961199221679548,1272.5364215093632,0.6140623188292714,0.7892575426272582,0.0,5327.620630839851
0.0009306242057277753,-0.0064330349437659315,-0.023459553455453946,292.90690012359596,0.0,0.0,0.7190718110199799,1000.170768758896,0.14317295472735006,-0.9896976836562972,0.0,4996.017239939507
0.0056427793272785685,0.003226304614204557,0.14555346481967632,292.2503345271307,0.0,0.0,0.6647327599359288,257.61736374888665,0.8681198965043952,0.4963545560314704,0.0,5232.846618812198
-0.004786742034187394,-0.004397397036673346,0.11784487793929879,292.15111636813356,0.0,0.0,0.7023410540534141,382.14892480426846,-0.7364218514134453,-0.6765226210266686,0.0,5274.611836762656
0.0024181431324817567,-0.0060334553773796415,0.1888949395866977,292.0221616098328,0.0,0.0,0.6403606108408784,73.20616686393521,0.37202202038180876,-0.9282239042122525,0.0,4832.053810112661
-0.0011250729550442702,-0.006401891192907604,-0.15874617553203546,294.0608864023733,0.0,0.0,0.6455865688391312,1595.3641910856672,-0.17308814692988772,-0.9849063373704007,0.0,5191.700101695142
-0.006345312748606562,-0.001409612046760044,0.011574526119264988,293.0770296799127,0.0,0.0,0.6954284289496453,846.3503318269081,-0.9762019613240864,-0.21686339180923755,0.0,5162.463568030537
0.004744423022528739,-0.004443022640421638,0.018870307196733355,293.0741161789422,0.0,0.0,0.6978803918092505,814.381227374328,0.7299112342351906,-0.6835419446802521,0.0,4805.014511012951
0.006406407483825404,-0.001099064671066202,-0.092860886849675,293.6610723855491,0.0,0.0,0.7199901567065576,1303.302462898047,0.9856011513577544,-0.1690868724717234,0.0,5003.852688057318
0.0052163464967418215,-0.003878108975509755,-0.14241870369616272,293.60934456197407,0.0,0.0,0.692573191786121,1519.4902019338747,0.802514845652588,-0.5966321500784239,0.0,4862.280444117245
0.005275029081599551,0.0037979031304496156,0.17245373211208945,292.1270746693642,0.0,0.0,0.6849965906643202,144.09975728848804,0.8115429356307002,0.5842927892999409,0.0,5246.615079690965
-0.0025903808686910277,-0.005961537297972689,0.1983180060585529,291.8919643661188,0.0,0.0,0.6451352880244046,28.83874051130485,-0.3985201336447735,-0.9171595843034906,0.0,5184.708985598944
0.0023749944534557942,-0.006050570332295478,-0.10793731243669925,293.37025242787513,0.0,0.0,0.6914656482843383,1369.3456139156692,0.3653837620701222,-0.9308569741993044,0.0,4921.531396926982
-0.0064417379625573805,-0.0008683386561400361,0.12320289442195229,292.42791372084656,0.0,0.0,0.7159959379404873,356.8274592005028,-0.9910366096242125,-0.1335905624830825,0.0,5090.1371853272585
0.002910170188618331,-0.005812134674392631,-0.05566911852022374,293.1217186886258,0.0,0.0,0.7170129427326029,1137.7686564697312,0.44771849055666635,-0.8941745652911741,0.0,4876.12415720934
0.004792144798149717,-0.004391508651200246,-0.14680830012655005,293.59713143734035,0.0,0.0,0.6859766445837431,1539.4495235103618,0.7372530458691873,-0.6756167155692686,0.0,4853.918042267079
-0.004973506140195062,0.004185001394676233,0.1289208815550997,292.2207989778352,0.0,0.0,0.7182765164150707,331.8405597401893,-0.7651547907992403,0.6438463684117283,0.0,4775.945992392581
-0.0013271773999807457,0.006363065310758671,-0.14440143803118122,293.75908452852275,0.0,0.0,0.6969110186416186,1530.9876890490025,-0.20418113845857627,0.9789331247321033,0.0,5002.323995580015
-0.0025963883782182105,-0.0059589233414647485,-0.20092765202748764,294.1786185191895,0.0,0.0,0.6424045952695948,1775.6691351999339,-0.3994443658797247,-0.916757437148423,0.0,5301.904889849974
0.005917320222885539,0.0026898552711679177,0.1388136491294132,292.2333807246194,0.0,0.0,0.6578238991690426,287.3776873367233,0.9103569573670061,0.4138238878719874,0.0,5207.735342613416
-0.004497641068873222,0.004692677787317699,-0.07871908536091052,293.4574654158576,0.0,0.0,0.6438471303596047,1245.290528079892,-0.6919447798266496,0.7219504288181076,0.0,4833.264817043604
-0.005610825705345515,-0.003281559827922385,-0.0963315213019723,293.531248618411,0.0,0.0,0.6475321372052256,1321.8848791787152,-0.8632039546685408,-0.5048553581419054,0.0,5306.091162442424
-0.0001192943336489045,0.006498905204875608,-0.19888631351496677,293.89137785556375,0.0,0.0,0.7197491796472582,1764.319230170123,-0.01835297440752377,0.9998315699808628,0.0,5109.035686737998
0.005878134299652211,0.0027744435757917664,0.1767987199008119,292.12125362968266,0.0,0.0,0.6803524998769694,120.3874731240546,0.904328353792648,0.42683747319873333,0.0,5201.254647937175
-0.004123400813640065,0.005024695585811388,-0.14907061470471655,293.97967899410844,0.0,0.0,0.6810596713446664,1550.0867518090863,-0.6343693559446254,0.773030090124829,0.0,4858.437123616863
-0.006499992153327689,1.009983556683088e-05,0.10422385474721227,292.5604620139426,0.0,0.0,0.7199876362864323,440.04442456429416,-0.9999987928196444,0.0015538208564355202,0.0,5028.71854765681
0.006190507388317645,0.001981821958497947,-0.02418229509879133,293.0184282188041,0.0,0.0,0.6824289431331987,998.8407989558189,0.9523857520488686,0.3048956859227611,0.0,5212.266898473966
0.006498542866562492,-0.00013762489400445132,-0.06328518308298345,293.4902928486779,0.0,0.0,0.7134631910836353,1172.0857160305454,0.9997758256249989,-0.021173060616069432,0.0,5067.938335530434
-0.0026367104629491274,-0.005941191625808293,0.06273616689148145,292.4121064462291,0.0,0.0,0.7142313076055833,622.2955642649888,-0.40564776353063503,-0.9140294808935836,0.0,5227.025202418927
0.003842120898460297,0.0052429101653198905,-0.20169893267197653,294.13059483782007,0.0,0.0,0.7134183780394692,1779.6786507110596,0.5910955228400457,0.8066015638953677,0.0,5357.4231205199385
0.006303995355701322,0.0015841851392107435,0.04134158574852617,292.4582723926319,0.0,0.0,0.6491767212278833,715.8517331068612,0.969845439338665,0.24372079064780672,0.0,5166.0857723242525
-0.0052095897495974776,-0.0038871808088753587,-0.16204814835191245,293.82590236730226,0.0,0.0,0.6414655098962921,1608.0393156355024,-0.8014753460919196,-0.5980278167500552,0.0,5347.081002048074
-0.00642223245522107,0.0010024621145485484,-0.16939421721918152,293.8350678311188,0.0,0.0,0.6647624997683629,1637.7602844125256,-0.9880357623417031,0.15422494069977669,0.0,5033.388916855459
-0.002129888921185346,-0.006141137775967245,-0.18626285564395834,294.0876766696918,0.0,0.0,0.6400436063428837,1712.2886550794196,-0.32767521864389937,-0.9447904270718839,0.0,5269.308162631172
-0.0013408709421862592,0.00636019379550659,-0.17661821333494815,293.874221226997,0.0,0.0,0.712018591240953,1669.9085712642177,-0.2062878372594245,0.9784913531548601,0.0,5010.767703100547
0.006267684322501877,-0.0017222465658157625,-0.08548368582535691,293.65523927044313,0.0,0.0,0.7199989074208584,1268.9864216053406,0.9642591265387503,-0.26496101012550194,0.0,4957.274079268298
-0.006480141846897914,0.0005077023183741541,0.007431414539776221,292.9556147999563,0.0,0.0,0.6814275994039507,864.4313201118882,-0.996944899522756,0.07810804898063911,0.0,5018.890241320556
-0.0013129900719242703,-0.006366007938341602,-0.0446543708001258,293.0917727375894,0.0,0.0,0.7052473088249067,1099.0888537458502,-0.2019984726037339,-0.9793858366679389,0.0,5171.986793489827
-0.005719081901112262,-0.0030890293310957976,0.12373092273556865,292.31342750427496,0.0,0.0,0.7072715310934514,358.87525696447767,-0.8798587540172711,-0.4752352817070458,0.0,5232.856032808371
-0.0035618667879070945,0.005437196426946924,-0.07885649930849592,293.56167971206264,0.0,0.0,0.6476439760100089,1237.6536617594556,-0.5479795058318607,0.8364917579918345,0.0,4853.889780928726
0.0030726819033386546,-0.005727881451365342,-0.050902328697095656,293.0562804751664,0.0,0.0,0.7183560186943975,1119.4531263651656,0.4727202928213315,-0.8812125309792834,0.0,4866.614719704315
0.0011186790267175796,-0.0064030115754371555,-0.10414179297015075,293.4500266715722,0.0,0.0,0.6858907125611075,1350.085379224872,0.1721044656488584,-0.9850787039134086,0.0,5005.712302792208
0.0006954293089095473,-0.0064626912409854135,-0.10388600635624594,293.4708213145706,0.0,0.0,0.6834339266325742,1353.8397542175048,0.10698912444762265,-0.994260190920833,0.0,5037.218146747077
0.006495388179417523,0.0002448109447780149,-0.160923806358283,293.9937077824061,0.0,0.0,0.7061682559482277,1598.9538205755691,0.9992904891411575,0.037663222273540756,0.0,5125.917900545628
-0.006294913052095635,0.0016198980420248693,-0.20296660620240653,294.17637030299403,0.0,0.0,0.6887568296089223,1785.0401852809432,-0.968448161860867,0.24921508338844145,0.0,4998.728915644155
-0.0064527911021375565,0.0007819763373493943,0.1137979905109858,292.4356111605399,0.0,0.0,0.7199447957497774,399.65865615074244,-0.9927370926365472,0.12030405189990682,0.0,4966.978123712201
-0.00436352819033493,-0.004817636529684692,0.05310090771307582,292.6280505149407,0.0,0.0,0.7198790494526793,663.594645607714,-0.671312029282297,-0.7411748507207219,0.0,5293.238067458412
0.006330430566762804,-0.0014750080811287661,0.12914528512952397,292.06678510163283,0.0,0.0,0.6406420793078853,333.23719253440225,0.9739123948865852,-0.22692432017365632,0.0,4911.699175902923
-0.00509703669994928,-0.00403363568996633,-0.14206928178309997,293.6382978386164,0.0,0.0,0.6400795119712848,1518.1789138944428,-0.7841594922998892,-0.620559336917897,0.0,5344.890000494556
0.0031716412230767725,-0.00567368416040936,0.07919862675529446,292.770192560188,0.0,0.0,0.6739179305830552,550.6944686959866,0.48794480355027275,-0.8728744862168247,0.0,4823.862629269845
-0.0018307339610450874,0.006236859238741577,-0.15743598188609523,293.83481269460384,0.0,0.0,0.7011243046353571,1586.754618804463,-0.28165137862232115,0.9595168059602426,0.0,4970.954208361667
0.004302582801407119,0.004872143392495306,0.20176616613026319,291.90013528628447,0.0,0.0,0.7086339786831032,14.548597387128112,0.6619358156010952,0.7495605219223548,0.0,5249.026965672403
0.006484682899400402,0.00044596826593828255,0.030298918092184435,292.6784880332731,0.0,0.0,0.6596755450055848,765.2270676804917,0.9976435229846772,0.06861050245204348,0.0,5085.356435663022
-0.0055713189814855036,-0.003348194260573799,-0.1413014251883639,293.6073953226969,0.0,0.0,0.6400572173606679,1512.6687979588608,-0.857125997151616,-0.5151068093190461,0.0,5322.112233477865
-0.006300990622825622,0.0015960943490481944,0.07727663927224646,292.66954130014267,0.0,0.0,0.7122115470583175,556.9912693120136,-0.9693831727424034,0.2455529767766453,0.0,4918.364985190226
-0.003070674026662165,-0.005728958109637594,-0.0017858224085369467,292.98844246765793,0.0,0.0,0.7147248418247651,905.5662384354365,-0.4724113887172562,-0.8813781707134761,0.0,5268.709222535242
-0.0014264563810288584,-0.0063415473027504925,-0.08037895976280231,293.40272776221525,0.0,0.0,0.6846989570266246,1247.2666047725104,-0.21945482785059361,-0.9756226619616143,0.0,5190.578100862831
-0.004043044555532199,-0.00508957667414309,-0.09723257352519654,293.7283545096514,0.0,0.0,0.6577262645110155,1319.6285073737704,-0.6220068546972615,-0.7830117960220139,0.0,5331.97766641975
-0.006422776651128949,0.0009989695139056031,0.182582093110462,292.1155607340501,0.0,0.0,0.6991015065792687,98.56477192723419,-0.9881194847890692,0.15368761752393895,0.0,4930.6304738787085
0.005695518455085129,0.003132262684990627,-0.013580961549785525,292.85069070237677,0.0,0.0,0.6683826387649157,958.4999192859503,0.8762336084746354,0.48188656692163495,0.0,5275.097518280146
0.005883909234611497,-0.002762175251292636,-0.10648323042373031,293.64176034972735,0.0,0.0,0.7151042791166199,1362.2016708358885,0.9052168053248458,-0.42495003866040554,0.0,4898.829865329232
-0.002318129498308508,0.006072583933472797,0.15706218254451917,291.9366132272986,0.0,0.0,0.7172934467935921,209.57850351814204,-0.3566353074320782,0.934243682072738,0.0,4847.4384393324335
0.005430151707256605,-0.0035725974355051778,-0.09347702271709418,293.55858643148866,0.0,0.0,0.7161277067443785,1304.2429036030367,0.8354079549625547,-0.5496303746931043,0.0,4857.776334946291
-0.0017962841868948505,-0.006246868264971777,0.14080468831194723,292.20497284482093,0.0,0.0,0.6679113139875406,281.6337447238173,-0.27635141336843855,-0.9610566561495042,0.0,5151.583554340607
-0.005483641590055032,-0.0034899390985830576,-0.030224542058328863,293.3523571610367,0.0,0.0,0.6841361206995368,1027.7353757226572,-0.8436371677007741,-0.5369137074743165,0.0,5295.326387168383
-0.0006720019581848924,-0.006465169245131613,0.1640921403890501,292.2239781854561,0.0,0.0,0.6502057370918383,176.50528780138748,-0.10338491664382961,-0.9946414223279405,0.0,5063.38849235019
0.0062786475341811265,-0.0016818398085196042,0.09183581036070101,292.3915173057963,0.0,0.0,0.6435609139021082,492.99655673675255,0.9659457744894041,-0.25874458592609295,0.0,4908.154606512232
0.005857297371440907,-0.002818167401435097,0.06344840831747908,292.72081238670603,0.0,0.0,0.659989825616348,617.9293357611407,0.9011226725293703,-0.43356421560539954,0.0,4846.082461811263
0.003763573064654512,-0.005299577132848152,-0.022566593889816716,293.0678211964888,0.0,0.0,0.7185327932288803,993.952031559295,0.5790112407160788,-0.8153195588997157,0.0,4830.565262058934
0.0038828189038475646,0.005212841582085916,0.07110787312173714,292.66139949248304,0.0,0.0,0.6439736958223222,587.6530689192944,0.5973567544380869,0.8019756280132179,0.0,5278.720718718337
0.005063317301224559,-0.004075882469738307,-0.08903234802382669,293.37781348306066,0.0,0.0,0.7156376598738706,1286.0879006940584,0.778971892496086,-0.6270588414982011,0.0,4841.827641967967
-0.005688986337131288,0.003144111075635453,0.06056652809901744,292.5004236164081,0.0,0.0,0.6964302919566882,630.5462747849986,-0.8752286672509675,0.4837093962516082,0.0,4830.59504617906
0.0020430583963386433,-0.006170568238756473,0.11501772864061696,292.4880362393115,0.0,0.0,0.6604181614409046,393.0350578690599,0.31431667635979127,-0.949318190577919,0.0,4877.143005309039
-0.0017852531477658721,-0.006250029695800816,-0.02283791863190726,293.0135849415588,0.0,0.0,0.7123630505467516,995.0198021009825,-0.2746543304255188,-0.9615430301232025,0.0,5198.730247424782
0.005208792492561725,-0.0038882490621657204,-0.19525065201503686,293.8354181866967,0.0,0.0,0.6611101975945878,1749.6621899165343,0.8013526911633424,-0.5981921634101108,0.0,4877.4650823063275
-0.00247296691285224,-0.00601119244808699,0.04009654846431651,292.53157348581726,0.0,0.0,0.7189990382290146,719.4102768514052,-0.3804564481311139,-0.9247988381672292,0.0,5224.187265442154
0.005455316256885711,-0.0035340521412902883,0.03348391510610271,292.95966041755196,0.0,0.0,0.6824665967145062,750.9137698927917,0.8392794241362632,-0.5437003294292752,0.0,4822.041580031993
-0.00042974911785281057,-0.006485777956090135,-0.09881470966704665,293.45292337398683,0.0,0.0,0.6796125253206229,1332.263736981662,-0.0661152489004324,-0.9978119932446362,0.0,5121.906672583738
0.0061456016776907305,0.0021169742603926187,-0.04026632224084373,293.08325456726544,0.0,0.0,0.6912591705220127,1069.077899050575,0.9454771811831894,0.32568834775271055,0.0,5225.750715534822
0.00642484393304941,0.0009855863411990778,0.19769831010012043,291.9274990652505,0.0,0.0,0.6816123046669657,28.249285589022882,0.9884375281614477,0.1516286678767812,0.0,5077.074812807966
0.0048498726034683125,0.0043276709359801714,0.09217640123744478,292.5015818400018,0.0,0.0,0.6463315608778393,490.9429581319239,0.7461342466874327,0.665795528612334,0.0,5281.407963695749
-0.0021793173104044084,-0.006123771391926032,0.15035787089443828,292.05386109858216,0.0,0.0,0.6647365296406095,237.64755207970464,-0.33527958621606285,-0.942118675680928,0.0,5173.929398149162
-0.00618319937503839,0.002004506295456531,-0.1282519982920695,293.634180560861,0.0,0.0,0.6496171003626074,1459.8927336729787,-0.9512614423135984,0.30838558391638937,0.0,4950.859512559312
0.003249683528141169,0.0056293478278507504,0.17026147195995858,292.1150687197024,0.0,0.0,0.6996976101397689,150.0317998407404,0.49995131202171833,0.8660535119770385,0.0,5226.659668857469
0.004503833410885561,-0.004686734962315549,-0.07503245908816109,293.2605038463239,0.0,0.0,0.717081531852234,1225.7352741963932,0.6928974478285479,-0.721036148048546,0.0,4832.158666345638
-0.0038663020102234096,0.005225103708611191,-0.0709804711909316,293.4512125361529,0.0,0.0,0.6439947945681102,1207.3274109850129,-0.5948156938805246,0.8038621090171063,0.0,4841.699872976247
-0.006495958465740487,-0.0002291803031992409,0.11295397325876269,292.46940662303825,0.0,0.0,0.7192382494726243,401.34491876689503,-0.9993782254985365,-0.035258508184498605,0.0,5044.558593181205
0.0033837065467001953,-0.0055498225202089335,0.16795655998303968,292.0476451091167,0.0,0.0,0.6400081332294218,165.09857636843404,0.5205702379538762,-0.8538188492629128,0.0,4788.605641678838
0.006356896082780246,0.0013564188854233651,-0.051129219006772864,293.2627932916626,0.0,0.0,0.7016970458497008,1119.192062679109,0.9779840127354225,0.20867982852667158,0.0,5177.007417505124
-0.006180202731778559,0.0020137264447081284,0.1791086290115331,292.16762907135194,0.0,0.0,0.7061269453652429,115.85067438036533,-0.9508004202736244,0.30980406841663516,0.0,4860.297043014019
-0.004873799570816157,-0.004300706656296408,0.021757678522727253,292.84774812029735,0.0,0.0,0.7148245090009507,803.9225772380014,-0.7498153185871012,-0.6616471778917552,0.0,5301.68849371054
0.002606126418426152,0.005954670863379543,0.03963119001586912,292.8777485867828,0.0,0.0,0.6407565150403395,720.9183473950012,0.40094252591171575,0.9161032097506989,0.0,5232.052994769067
0.006071392565604565,-0.002321248007930565,0.051844866185456945,292.65905994830007,0.0,0.0,0.663349280510778,669.0536215746215,0.9340603947083946,-0.3571150781431639,0.0,4878.042367400407
0.006428817336012007,0.0009593266702179578,0.18326885201433743,291.92868794934043,0.0,0.0,0.6726462053997319,94.62011862824455,0.9890488209249242,0.14758871849507044,0.0,5079.346560000488
-0.006329427231174456,-0.0014793075830493332,-0.12383047568363395,293.4613384608459,0.0,0.0,0.640189151747597,1443.2264183330453,-0.9737580355653009,-0.22758578200758975,0.0,5207.049808058899
0.0016271855929766606,-0.0062930332150727755,0.10870961545366817,292.51043163103486,0.0,0.0,0.6663521613177891,423.96809926135217,0.2503362450733324,-0.9681589561650424,0.0,4906.999912714299
0.006492449181509627,-0.0003132149829030901,-0.1867719987245556,294.02828160970745,0.0,0.0,0.6891633250261803,1711.0719855060584,0.9988383356168656,-0.04818692044662925,0.0,5090.599503527749
0.005382298541060136,0.0036442917576535957,0.11901906850963903,292.3966197878572,0.0,0.0,0.6535506781204787,373.8562343027948,0.828045929393867,0.5606602704082455,0.0,5257.291378022312
-0.003680865891366085,0.005357352544846919,0.19473001570612855,291.9259827753297,0.0,0.0,0.716111171692178,44.60030449257319,-0.566287060210167,0.8242080838226029,0.0,4769.636662666942
-0.00048599857261294796,-0.0064818057196600835,-0.05005814008708159,293.12881675768506,0.0,0.0,0.7066397251976089,1116.3264357626817,-0.07476901117122277,-0.9972008799477052,0.0,5111.9310248186985
0.004633058080543907,0.004559032004966273,0.09240070278046872,292.51259234885003,0.0,0.0,0.6475048153940215,490.8393303494002,0.7127781662375242,0.7013895392255806,0.0,5282.923466662826
0.006248335373945868,0.0017911742111522107,-0.10023577503790579,293.58869273288366,0.0,0.0,0.718045753394606,1334.8641325462784,0.9612823652224413,0.2755652632541863,0.0,5221.785314028159
-0.006403007520004898,0.001118702238650091,0.13403959308712357,292.31402284031464,0.0,0.0,0.7180888247400965,309.5230417419021,-0.9850780800007536,0.17210803671539862,0.0,4935.998972404104
-0.003913963119198594,0.005189498309235027,-0.03363417544353631,293.1622455774101,0.0,0.0,0.6403414275855069,1040.065324758641,-0.6021481721843991,0.7983843552669273,0.0,4829.4713087980035
-0.004161815688200768,0.004992924010782255,0.062328130478742944,292.46734259404485,0.0,0.0,0.683166056822548,623.282833880494,-0.6402793366462721,0.7681421555049623,0.0,4795.844845459307
0.005688260965572079,0.0031454232127885416,0.05542570066148558,292.5050991050951,0.0,0.0,0.6409319646491481,656.1626292117479,0.8751170716264738,0.4839112635059295,0.0,5255.5173476320215
0.0064185416493298085,-0.001025828004988445,-0.05899640220537955,293.46650479313473,0.0,0.0,0.7149448046060453,1155.640045358193,0.9874679460507398,-0.1578196930751454,0.0,4999.3462955862315
0.00463466750935062,-0.00455739586581742,0.15645508871704758,292.0389433521782,0.0,0.0,0.6400497124914537,213.84573675095078,0.7130257706693262,-0.7011378255103724,0.0,4764.243597526987
0.006470619585059773,-0.0006173185445464075,-0.003572022513633033,293.04992449192287,0.0,0.0,0.6859718345704231,912.2658583569676,0.995479936163042,-0.09497208377637038,0.0,5013.774068056504
0.0038581188106691336,-0.005231148940984283,-0.17103875578210495,293.76863412846654,0.0,0.0,0.6638769971582176,1642.1315965468345,0.5935567401029437,-0.8047921447668128,0.0,4871.21522268942
0.006188665131104325,0.001987567330948436,-0.18548744866286404,294.1398283915914,0.0,0.0,0.7029076128491631,1708.3722220156685,0.9521023278622038,0.3057795893766825,0.0,5259.855738793885
0.0044581111302142255,-0.004730247895265114,-0.1856970108493849,293.8633598677851,0.0,0.0,0.6601528557021482,1707.296878140499,0.6858632508021886,-0.7277304454254021,0.0,4864.788560135248
-0.005986795947178735,0.002531456949435298,0.04963583891840209,292.6037269150108,0.0,0.0,0.6941142401789118,679.3068459506193,-0.9210455303351901,0.3894549152977381,0.0,4866.11958288871
-0.006064864811173609,-0.00233825037628311,0.10145880546394734,292.41167358517794,0.0,0.0,0.7175470809031448,450.69322346663756,-0.9330561247959398,-0.3597308271204785,0.0,5198.129265625546
0.006460671574773589,-0.0007139487396953286,-0.12952113347138297,293.72883778826315,0.0,0.0,0.7146298875363446,1461.1966340362296,0.9939494730420907,-0.10983826764543518,0.0,5043.32178030763
-0.0015779816051510619,0.006305551050765102,0.04876242505491432,292.6511561021325,0.0,0.0,0.6581358428158949,684.7733494236389,-0.24276640079247108,0.9700847770407849,0.0,4927.976075822756
-0.004250027329060775,0.004918055276451915,0.017173333617414605,292.7075247747953,0.0,0.0,0.6575811234843032,820.5577034512521,-0.6538503583170424,0.7566238886849102,0.0,4807.614258089508
0.0036901565684820527,0.005350957344259881,-0.04866503754657342,293.11085891777446,0.0,0.0,0.671220735757082,1111.0599156531773,0.5677163951510851,0.8232242068092125,0.0,5307.922365168806
-0.002739059197878221,0.005894705650880178,0.05570383984169955,292.5648922362334,0.0,0.0,0.6688626816625861,654.5227456800344,-0.4213937227504956,0.9068777924431044,0.0,4852.620132600827
-0.00019080444066794198,-0.006497198909177815,0.09139899587817449,292.40691142503755,0.0,0.0,0.6879263821973091,496.5457718719418,-0.029354529333529538,-0.9995690629504331,0.0,5047.9200140667535
0.00566957935385649,0.0031789730968229688,-0.01049513477760608,292.7837891785746,0.0,0.0,0.6662769439630678,939.0999580393191,0.8722429775163831,0.4890727841266106,0.0,5276.366897488588
0.006477575325026641,-0.0005394607572437475,0.15793945604941714,292.00094370357647,0.0,0.0,0.6511866061082635,202.48546200304054,0.9965500500040987,-0.08299396265288424,0.0,4972.419998925749
0.0018442040648635036,-0.0062328894878010575,-0.05990693125635116,293.061710257714,0.0,0.0,0.7123119285121638,1156.8851289692898,0.28372370228669286,-0.9589060750463165,0.0,4941.501545098798
-0.0021275540381694657,0.006141947070324589,0.09794552258955838,292.26452932234184,0.0,0.0,0.6904248279280839,468.42564095723446,-0.3273160058722255,0.9449149338960906,0.0,4876.690126752723
-0.0027547427259942054,0.005887392675334474,-0.09758022447669176,293.7247518729409,0.0,0.0,0.6603669216702176,1325.8113623174943,-0.42380657322987775,0.9057527192822268,0.0,4896.6280876241735
0.004300521597880262,0.004873962862616559,-0.18180226376955774,293.9587149372367,0.0,0.0,0.7173295153217549,1691.9477760281252,0.6616187073661941,0.7498404404025475,0.0,5361.264650119277
-0.005265599698235836,0.003810965732978804,0.17986919163930956,292.1186286351771,0.0,0.0,0.713907535604117,109.91514441265535,-0.8100922612670517,0.5863024204582775,0.0,4769.875831756896
-0.0024728207408971723,0.006011252580235567,0.04167276035453943,292.6769089960012,0.0,0.0,0.6593693309253229,713.0958777717622,-0.3804339601380265,0.9248080892670103,0.0,4871.888892646614
0.0064297057985699116,-0.0009533537348940593,-0.17674005799257342,294.0587906306476,0.0,0.0,0.691280009663854,1668.4873367379143,0.9891855074722942,-0.14666980536831684,0.0,5039.18697453418
-0.003531482004529283,-0.005456980378532237,0.19234538364113216,291.79796552404997,0.0,0.0,0.6512362421518999,54.806573508815966,-0.5433049237737358,-0.8395354428511134,0.0,5231.765660045602
-0.006478330404274761,0.0005303161067223961,0.1068689543153987,292.53236032208883,0.0,0.0,0.7199956639525223,429.0003070831882,-0.996666216042271,0.08158709334190709,0.0,4988.063731864303
-0.0013060063321872265,-0.006367444342928084,-0.001162755508100799,292.8085004681052,0.0,0.0,0.7190348487739489,902.527828825531,-0.20092405110572717,-0.9796068219889361,0.0,5158.753604267709
-0.0011834231059266271,0.006391362120265051,-0.04376237733978003,293.36120638906436,0.0,0.0,0.6446609567694045,1084.8581521616923,-0.1820650932194811,0.9832864800407771,0.0,4983.297428359773
-0.0034083639405714625,0.005534713655521139,-0.09537305697598575,293.65169081034446,0.0,0.0,0.6554378367723028,1313.3706140370762,-0.5243636831648404,0.8514944085417138,0.0,4864.667693327786
-0.0012013494290672088,0.006388016871399126,0.030645803277996514,292.87200015067185,0.0,0.0,0.6482910952613334,764.14920280887,-0.1848229890872629,0.9827718263690964,0.0,4960.211083331419
2.0815386826677562e-05,0.006499966670658493,-0.12647810322903197,293.63538539127114,0.0,0.0,0.6944893402100772,1446.5208471048954,0.0032023672041042407,0.999994872408999,0.0,5098.619156824725
0.0019196205289646428,-0.006210077054657011,0.16996999312324143,292.1604205495104,0.0,0.0,0.6411184355189137,153.76343551619766,0.2953262352253297,-0.9553964699472326,0.0,4869.175863630996
-0.006496975999938334,0.00019824947976043088,0.020941110477941616,292.8894115954481,0.0,0.0,0.6914539781249983,806.7293019438349,-0.9995347692212821,0.03049991996314321,0.0,5038.628029263447
-0.0010693693953234208,0.006411431127006327,-0.01647562983644707,293.2108873262029,0.0,0.0,0.6401520387151255,968.7045938995636,-0.16451836851129553,0.9863740195394349,0.0,4983.683813343609
0.00040175201474186074,0.006487572374829498,-0.08782434523057463,293.4534449508397,0.0,0.0,0.6735066755053236,1279.082026194085,0.06180800226797858,0.9980880576660767,0.0,5116.549600874882
0.004636293161724709,0.004555742060141762,0.04546263825396399,292.69726726187406,0.0,0.0,0.6401897927219844,697.9798365553216,0.7132758710345706,0.7008833938679634,0.0,5296.655468601868
0.006401735397761674,-0.001125959100964672,0.1474679711706963,291.9226280248694,0.0,0.0,0.6451887710082868,248.93920315223073,0.9848823688864115,-0.173224477071488,0.0,4931.535775920548
-0.005408246062913722,0.003605672547941399,-0.11833431334184322,293.6936027405449,0.0,0.0,0.6530251474158064,1414.683366431444,-0.8320378558328804,0.554718853529446,0.0,4863.860890432866
0.0031113482595409993,-0.005706970475466926,-0.047196071053036526,293.12979333938586,0.0,0.0,0.7189994758209071,1104.099667082641,0.4786689630063076,-0.8779954577641425,0.0,4863.678896564539
0.001774224106978623,0.006253169501797941,0.14680336587965806,292.1722755893412,0.0,0.0,0.6956679112979002,253.2680804776578,0.2729575549197882,0.9620260771996832,0.0,5148.329304106704
-0.0012843623505336462,0.006371845364769274,-0.0888665253201825,293.5480346752629,0.0,0.0,0.6641351242948583,1286.76169908834,-0.19759420777440712,0.9802839022721961,0.0,4989.160504196119
-0.005809364743750409,-0.0029156956758327403,-0.1447080770690715,293.6307045075425,0.0,0.0,0.6406582593606251,1528.772154914004,-0.8937484221154476,-0.4485685655127293,0.0,5302.807307351207
0.006306443450475366,0.0015744113204484876,-0.03091061654259919,293.00955624038164,0.0,0.0,0.689082095392932,1033.201787343888,0.9702220693039025,0.24221712622284425,0.0,5186.549210432171
-0.006499565245828161,7.517722542571523e-05,0.1685452619127283,292.12356989736327,0.0,0.0,0.7015929963594661,159.61551555376823,-0.9999331147427941,0.011565726988571575,0.0,5004.887202734203
-0.004998494307126796,0.0041551239044848,-0.1538514760800605,294.0079908961774,0.0,0.0,0.6763920820665786,1569.7239588397674,-0.7689991241733533,0.6392498314592,0.0,4859.238420056071
-0.006490484146198129,-0.00035159002822995644,0.15265275339616904,292.2056365424321,0.0,0.0,0.7072097788001642,228.44075647400723,-0.9985360224920199,-0.05409077357383946,0.0,5042.326938296432
0.002151790175659153,0.006133498107926402,0.033017735975226115,292.9739666571822,0.0,0.0,0.6405670473646004,755.9285390310899,0.3310446424091004,0.9436150935271388,0.0,5206.5256330017555
-0.00148176181852948,-0.0063288531277908636,-0.19211318373031586,294.1724183125655,0.0,0.0,0.640021119272783,1736.203669312169,-0.2279633566968431,-0.9736697119678253,0.0,5227.208756823795
-0.004607444636161683,0.004584915912501006,0.005646083859907558,292.7872939091786,0.0,0.0,0.6543409209882525,874.5458749006725,-0.7088376363325666,0.7053716788463087,0.0,4808.350490866083
-0.0054576791526346315,-0.003530401997917138,-0.02469674754874243,293.2390288169699,0.0,0.0,0.6877780138095559,1003.8227192155842,-0.8396429465591742,-0.543138768910329,0.0,5295.249634514925
-0.0041910852253317765,0.004968380484021498,0.016801847834138295,292.678082634225,0.0,0.0,0.6570010466429095,823.9290279234926,-0.6447823423587349,0.7643662283109997,0.0,4808.657462444626
-0.006410173050935062,-0.0010768850714286463,0.08644845881654253,292.5656576717437,0.0,0.0,0.7198735176701568,517.6906134294293,-0.9861804693746249,-0.1656746263736379,0.0,5116.390552454004
0.002443541134161485,0.0060232139863747826,0.10493624693632472,292.56858969582555,0.0,0.0,0.6663568416136905,437.0488534280925,0.3759294052556131,0.9266483055961204,0.0,5203.464125318133
-0.0011954709790316165,0.006389119590232537,-0.10711938458729992,293.583234447776,0.0,0.0,0.6754427072559348,1366.571413286415,-0.18391861215871025,0.9829414754203903,0.0,5000.961399004885
0.0014982143827915997,0.006324978550413936,0.011504295171900464,293.0079070976542,0.0,0.0,0.6400633418333417,848.7143531871158,0.23049452042947688,0.9730736231406056,0.0,5168.776958272164
0.0046631850342851834,0.004528212156692604,-0.05499228356464833,293.07491865879075,0.0,0.0,0.6828788506939254,1133.3479233209937,0.7174130821977206,0.6966480241065546,0.0,5325.987505597344
0.005564132658524538,0.003360123176066712,-0.1986905366844662,294.18569660908037,0.0,0.0,0.7038867363563694,1765.8503599757782,0.8560204090037752,0.5169420270871865,0.0,5339.409790539295
0.0004189136783917899,-0.006486486824935071,0.17476169294813423,292.1840181495805,0.0,0.0,0.6431405153575,131.36482214202437,0.06444825821412152,-0.997921049990011,0.0,4976.69309945677
-0.0007086268553110544,0.0064612574612014926,0.17696356421913115,291.8032352300995,0.0,0.0,0.7179641624080936,124.93841995724566,-0.10901951620170068,0.9940396094156143,0.0,4954.020927430296
-0.005439487379148803,0.0035583671890462455,0.10181202090324651,292.3763345116525,0.0,0.0,0.7132410417252716,445.70656313814334,-0.836844212176739,0.5474411060071147,0.0,4801.139899200792
-0.004836049813159322,-0.004343112041456182,0.1611902221411782,291.93468439148353,0.0,0.0,0.67758666907449,191.0939313901679,-0.7440076635629727,-0.6681710833009511,0.0,5261.384577281001
0.0005316563930318984,0.006478220548865893,0.02949058075227845,293.00433480095495,0.0,0.0,0.6427076833906685,768.5417377966388,0.08179329123567668,0.9966493152101373,0.0,5092.1282243609385
0.005100724731303559,0.004028970987171318,0.09037822865635423,292.4559273137617,0.0,0.0,0.6445716289738695,498.0187813766525,0.7847268817390092,0.619841690334049,0.0,5276.751053929051
-0.005385264600163461,-0.0036399073046200336,0.029137944806279653,292.8550567697657,0.0,0.0,0.7145144395708537,768.997335903053,-0.828502246178994,-0.5599857391723129,0.0,5283.446542398541
0.006331513474814041,0.0014703527189923622,0.06031649317096857,292.4011685292342,0.0,0.0,0.6434483201453023,632.1719921064824,0.9740789961252371,0.2262081106142096,0.0,5152.518676893881
0.00422519316611041,0.004939407121209376,-0.19366905804570012,294.1115376998716,0.0,0.0,0.7144315563539495,1742.8809592526386,0.65002971786314,0.7599087878783655,0.0,5363.66527423823
0.005369860769249931,-0.0036625940696275007,-0.010920391390085382,293.16592281197245,0.0,0.0,0.7077286100662888,943.6107714512545,0.8261324260384509,-0.5634760107119232,0.0,4830.443310242217
0.004134814505754714,-0.005015307468441033,-0.12173842034515642,293.4514399386036,0.0,0.0,0.6953790473960401,1432.568514297621,0.6361253085776484,-0.7715857643755435,0.0,4850.218140945435
-0.00580005870578201,-0.0029341641074558697,0.15106890493714906,291.95046878198696,0.0,0.0,0.6940213446508045,235.35657846434705,-0.8923167239664632,-0.4514098626855184,0.0,5217.184995668949
-0.0003382814525117784,-0.0064911913897902065,-0.19950225623421264,294.21772654552467,0.0,0.0,0.6400207159966129,1770.5094691209063,-0.052043300386427446,-0.9986448291984934,0.0,5144.377290676337
0.006172266869383448,0.0020379209241556577,-0.17180670536389125,294.0937589964829,0.0,0.0,0.7094520111323903,1649.3269195608189,0.9495795183666843,0.3135262960239473,0.0,5259.143963961653
-0.006469982360602522,-0.0006239617404073883,-0.16710675266830888,293.7218522945673,0.0,0.0,0.6549463717810308,1630.0337698480657,-0.9953819016311573,-0.09599411390882898,0.0,5156.68469528788
0.0007510199934189439,-0.00645646722050728,0.02449548802656623,292.68080698335956,0.0,0.0,0.7152708939807595,793.8277006191439,0.1155415374490683,-0.9933026493088124,0.0,4995.446731243587
-0.006382701452976261,-0.0012292770892580395,0.1294610752750899,292.43291206345896,0.0,0.0,0.7129355422123276,329.8698703140574,-0.9819540696886556,-0.18911955219354454,0.0,5114.962310545096
-0.004311056338376897,0.004864647289099218,0.10011763427231066,292.22871758219617,0.0,0.0,0.7054191857327907,461.4633622916509,-0.6632394366733689,0.7484072752460336,0.0,4782.510667955742
-0.005105459436955586,-0.0040229695422164405,-0.08592079791995422,293.5405660369484,0.0,0.0,0.6558129997375284,1271.3684876102254,-0.785455297993167,-0.6189183911102216,0.0,5328.213915272183
0.006445691949835583,-0.0008384839222219802,0.09927201608137878,292.2136843162434,0.0,0.0,0.6406378745827102,463.5162955808487,0.9916449153593205,-0.12899752649568927,0.0,4966.98490515937
0.003869835984550922,-0.005222486903063979,0.20027856936791302,291.7954365450408,0.0,0.0,0.646224118631101,17.769655986637623,0.5953593822386034,-0.8034595235483045,0.0,4762.2082993395
0.006423045614075476,-0.0009972387073844391,0.15088121606611307,291.9517254643557,0.0,0.0,0.6467047305940503,235.43659054266345,0.9881608637039194,-0.153421339597606,0.0,4940.03716235452
-0.003951342912525721,-0.005161093797600733,0.05633299157867619,292.6583843015096,0.0,0.0,0.719122216356926,646.8793681252079,-0.6078989096193417,-0.7940144304001128,0.0,5284.85254837883
0.006128682787952604,-0.0021654669899708683,0.13917924132167317,292.0178953808737,0.0,0.0,0.640985715368369,285.76745620883656,0.9428742750696314,-0.3331487676878259,0.0,4862.205910884096
-0.0061893880535157314,0.0019853149682095127,-0.06833179914948473,293.19590453256114,0.0,0.0,0.6409058927120461,1193.9320804174602,-0.952213546694728,0.30543307203223274,0.0,4934.580796571741
-0.0029828337751679913,-0.00577517988202247,0.17875155544561808,291.93801597597354,0.0,0.0,0.6544833593797817,112.82117637447189,-0.4588975038719987,-0.8884892126188415,0.0,5211.545212520885
-0.005503410596984755,-0.003458680644551604,0.16608390868185,291.80875574345566,0.0,0.0,0.6814116460659575,172.57370616540481,-0.84667855338227,-0.5321047145464006,0.0,5236.650900487767
-0.0060686058223737216,0.0023285238613017837,-0.05143047368417544,293.0647548097311,0.0,0.0,0.643415637059534,1123.8561621159438,-0.9336316649805726,0.3582344402002744,0.0,4907.823313137317
-0.0058756345375449645,-0.0027797335809765593,-0.0340286839986115,293.2663297216082,0.0,0.0,0.6768197083558656,1043.7985721563725,-0.9039437750069177,-0.42765132015023993,0.0,5263.245989190512
0.0056645422758333005,0.0031879398998879015,0.07720206450376502,292.4642287713331,0.0,0.0,0.6403117034886334,559.5909239022275,0.8714680424358925,0.4904522922904464,0.0,5251.111023339052
0.0061968875649947705,-0.0019617809528112914,0.1917838605778718,291.7165558203124,0.0,0.0,0.6605033434088083,59.35162608580987,0.9533673176915032,-0.30181245427866027,0.0,4859.9990733766845
-0.003944165313464101,0.005166581072630781,-0.00698407785140423,292.9595935786512,0.0,0.0,0.6457947399000865,927.8118920786685,-0.6067946636098618,0.7948586265585816,0.0,4820.886133886747
0.004326463977285987,-0.004850949335258688,-0.05237493070898458,293.2439239156818,0.0,0.0,0.7198895611746254,1124.0340156010714,0.6656098426593827,-0.7462998977321059,0.0,4826.956969259295
-0.005856104081975872,0.002820646199200729,0.18449226912291536,292.05922844924584,0.0,0.0,0.7076479149220147,87.88709734263712,-0.9009390895347497,0.43394556910780446,0.0,4810.52299972592
0.0053304344038755894,0.0037197404568033348,-0.08056760920074564,293.2616129929769,0.0,0.0,0.7034174275523574,1250.360119080656,0.8200668313654753,0.5722677625851285,0.0,5318.22966904641
-0.0006738605242828038,-0.006464975792206286,-0.07348862844055484,293.3051044731109,0.0,0.0,0.6933672813193134,1217.6563070976908,-0.10367084988966213,-0.9946116603394287,0.0,5133.064984929429
-0.006442751515757552,-0.0008607862139949551,-0.09315359313155643,293.3201553125085,0.0,0.0,0.6415144294096164,1303.6984570054994,-0.9911925408857772,-0.13242864830691617,0.0,5152.895610483108
0.0063736670462191235,-0.001275291489793762,0.015817254074584036,292.9917362792067,0.0,0.0,0.6782039172167298,828.7796847798136,0.9805641609567882,-0.19619869073750185,0.0,4959.177857501129
-0.003849964364388857,-0.005237153271858281,0.10736525083028367,292.1410249311068,0.0,0.0,0.7012255502681773,429.91288039825054,-0.592302209905978,-0.8057158879781972,0.0,5267.189674650156
-0.0064607265199476,0.0007134513539448757,-0.15621485011553504,293.8206227627,0.0,0.0,0.6561879223156927,1579.4542413996937,-0.9939579261457846,0.10976174676075012,0.0,5051.172140455783
-0.006388366734433416,0.0011994875849230487,-0.13426963895679397,293.5988902445494,0.0,0.0,0.6487084577400877,1482.4091120496319,-0.9828256514512949,0.1845365515266229,0.0,5008.61480267882
-0.004137823625266207,0.005012825116258178,-0.19397582399753668,294.1238474419786,0.0,0.0,0.7061274972775112,1746.2180464800301,-0.636588250040955,0.7712038640397197,0.0,4871.303752784784
0.00476965879825264,-0.004415920622956349,0.2033840958934894,291.7423894339688,0.0,0.0,0.6521066586923662,8.055122211139498,0.7337936612696369,-0.679372403531746,0.0,4751.213365866813
0.0064910303997107646,-0.0003413566317368345,0.1340293272998492,292.0856057494042,0.0,0.0,0.6436520725822735,306.93339647506383,0.9986200614939638,-0.05251640488258993,0.0,4994.5499364682755
-0.00015710375793800515,0.006498101138735973,-0.039006163054750964,293.34739706500807,0.0,0.0,0.6464016935562533,1067.8119321364497,-0.024169808913539256,0.9997078674978421,0.0,5059.335063903852
-0.0012723427327428216,0.0063742563464639955,0.007978583181790372,293.04980370644006,0.0,0.0,0.6420216297012095,859.4005237276696,-0.19574503580658795,0.9806548225329225,0.0,4961.6856482470985
0.0016805658417791813,-0.006278988648774978,-0.19345711801974325,294.130746237527,0.0,0.0,0.6437829276613696,1747.057191283714,0.25854859104295097,-0.965998253657689,0.0,4991.7428518014
-0.003847604997427727,0.0052388868840402706,-0.0353388320723578,293.1706924819094,0.0,0.0,0.6401687960711276,1050.1857754118664,-0.5919392303734965,0.8059825975446571,0.0,4831.796713559158
-0.006461738856310792,0.0007042236525730244,0.08173593587928304,292.66900610086515,0.0,0.0,0.7164124458457347,536.3330122783055,-0.9941136702016604,0.10834210039584992,0.0,4982.225105528784
-0.005464717902387675,-0.0035194968741744394,-0.05747940967514309,293.3906306534478,0.0,0.0,0.6678476094895142,1148.7385429511064,-0.8407258311365654,-0.5414610575652984,0.0,5304.433390680973
-0.0033447128168807637,0.0055734097438277,0.05429766063734051,292.5412129314956,0.0,0.0,0.6721243629781136,659.1155796902905,-0.5145712025970406,0.8574476528965692,0.0,4823.499066807182
0.0019719896579011645,-0.006193646485644046,0.05893644383398647,292.68620574922033,0.0,0.0,0.6940671426684223,641.1350242069435,0.30338302429248687,-0.952868690099084,0.0,4898.20821664382
-0.006018986223714693,0.0024539366003898176,-0.1851155569236089,294.1212760913803,0.0,0.0,0.6832922753689649,1705.136327065439,-0.9259978805714912,0.37752870775227965,0.0,4939.384771385279
0.005541535762789514,-0.0033972608657159126,0.031897887778193995,292.9404832713435,0.0,0.0,0.682443785443297,752.8818807616336,0.8525439635060791,-0.5226555178024481,0.0,4827.870629497596
-0.0049128308891509,-0.004256065395950206,-0.08823912536543406,293.60516995493856,0.0,0.0,0.6561648286716989,1281.3669795816775,-0.7558201367924461,-0.654779291684647,0.0,5333.2737723777855
-0.0017798139325807295,0.006251580789319732,0.04534282976354195,292.7245496361365,0.0,0.0,0.6574617121755663,696.8047070560739,-0.273817528089343,0.9617816598953434,0.0,4915.052589536981
0.004910501887584411,-0.004258752306959156,-0.17265869332508074,293.6800959135141,0.0,0.0,0.671317188188116,1651.6343798239413,0.7554618288591401,-0.655192662609101,0.0,4863.047728130022
-0.0023393716828127484,0.006064432383138083,0.13515185241849623,292.08915491653505,0.0,0.0,0.7105356936525979,305.324634020174,-0.35990333581734596,0.932989597405859,0.0,4852.550326073132
-7.418533461085603e-05,0.00649957664283826,0.14895630014285435,292.0567709619385,0.0,0.0,0.7064759460481647,245.67556744367113,-0.011413128401670159,0.9999348681289632,0.0,5010.696841582899
-0.002840905425475483,-0.005846302794373891,0.061021305967235345,292.44303507188584,0.0,0.0,0.7154277174924657,630.4337876307839,-0.4370623731500743,-0.8994311991344448,0.0,5238.6938727600245
-0.001362035128082367,-0.00635569510831582,0.10513566402810406,292.22161651472805,0.0,0.0,0.6867955710306204,440.5707299509418,-0.2095438658588257,-0.9777992474332031,0.0,5131.674503308618
0.004913782591754643,-0.004254966585176553,-0.0922979452000756,293.4014197732339,0.0,0.0,0.7139469824126774,1301.8701296064442,0.7559665525776375,-0.6546102438733159,0.0,4839.5823080700275
-0.004082941358646303,0.005057626900222621,-0.09235036777736313,293.5458013582843,0.0,0.0,0.6503559754843563,1304.1131743342055,-0.6281448244071236,0.7780964461880956,0.0,4842.650748153524
-0.0043367956994355104,-0.00484171488848297,-0.05303213976983476,293.35095151331893,0.0,0.0,0.6811056437085423,1130.7909924055443,-0.6671993383746939,-0.7448792136127647,0.0,5324.013061129604
-0.003559781077136517,0.005438562188930156,0.037848796722827094,292.5660011229294,0.0,0.0,0.6640113907820616,728.9278985018028,-0.5476586272517718,0.8367018752200241,0.0,4819.8088031972065
-0.0038583428348381056,0.005230983709480794,-0.16501618159041254,294.0212198689031,0.0,0.0,0.6926789375357478,1620.2603491975929,-0.5935912053597086,0.8047667245355068,0.0,4869.446193976864
-0.0037887738506095403,0.005281589979252209,0.06845077344749215,292.4101393337128,0.0,0.0,0.6840124297969788,596.6376389047002,-0.5828882847091601,0.8125523045003399,0.0,4803.152017780322
0.0016115149836618131,-0.0062970643523338286,-0.17856034414058017,294.0351064554328,0.0,0.0,0.6482956774157997,1677.0188502131773,0.24792538210181742,-0.9687791311282814,0.0,4992.169096010083
-0.006432327010946615,-0.0009355047964850763,0.07057854818448919,292.7671323529825,0.0,0.0,0.7176461848462394,588.472294704529,-0.9895887709148639,-0.1439238148438579,0.0,5110.555559464359
0.005022970279285533,0.004125502341947489,0.1959997458755752,291.9652006811605,0.0,0.0,0.7008966875159969,35.497746205092426,0.7727646583516204,0.6346926679919215,0.0,5247.8682520888715
-0.0021211350139538417,0.006144166847716542,0.0417439120620792,292.7117866088061,0.0,0.0,0.6574585370782174,717.2252173410751,-0.3263284636852064,0.9452564381102373,0.0,4893.550229021836
0.0025481589479307044,-0.005979706178072689,-0.15784857594463353,293.7667277128296,0.0,0.0,0.6627680736205994,1587.9268582833945,0.3920244535278007,-0.9199547966265675,0.0,4925.877194994403
0.004120348882454117,-0.005027198532667982,0.14655887861955794,292.2790899435232,0.0,0.0,0.6408705753794987,255.6611404995645,0.6338998280698642,-0.7734151588719972,0.0,4771.970850335019
-0.0004227947635649107,0.006486235008685862,-0.10861120658975075,293.6034483444599,0.0,0.0,0.6811423236391257,1373.631508333866,-0.0650453482407555,0.9978823090285942,0.0,5059.33484468412
-0.0064267741369748825,-0.0009729204450060405,0.13540562940540277,292.2979560148525,0.0,0.0,0.7117336515371121,301.3879089894045,-0.9887344826115204,-0.14968006846246779,0.0,5094.366006600715
0.004824516989514593,-0.004355919629410654,-0.09085884082772035,293.421213617128,0.0,0.0,0.7139749131851809,1292.2083556705238,0.7422333830022451,-0.6701414814477928,0.0,4837.892142029206
-0.0034633233706633203,0.00550049009000264,-0.07865674542164935,293.5447474310439,0.0,0.0,0.6479993470543606,1243.872043580956,-0.5328189801020493,0.8462292446157909,0.0,4857.577984940517
0.0015532497818755012,-0.006311688768871901,-0.016568018986568872,292.9248395690606,0.0,0.0,0.7199968217943696,965.9321648454533,0.23896150490392326,-0.971029041364908,0.0,4948.829895773765
0.0023328800380014525,-0.006066932563354758,-0.006328228461412871,292.8581071070406,0.0,0.0,0.7185496090949101,927.7574140437032,0.3589046212309927,-0.9333742405161167,0.0,4894.356000298129
-0.001205608922275641,-0.006387214347939904,0.14609990051881824,292.2062547595139,0.0,0.0,0.6614719821079232,259.9076518989502,-0.185478295734714,-0.9826483612215237,0.0,5108.369025179626
0.0061475442846676,-0.0021113264238508257,-0.17353052715454814,293.79717467953776,0.0,0.0,0.6860346259433083,1654.8167898822442,0.9457760437950155,-0.324819449823204,0.0,4957.186195481087
-0.00630255092230616,-0.0015899219703299156,-0.061033499950750414,293.2376010990699,0.0,0.0,0.6545935234945648,1165.3471963755164,-0.9696232188163324,-0.24460338005075624,0.0,5196.450021749303
-0.0006778235082906873,0.006464561492600136,-0.1923841183825933,293.8996286113182,0.0,0.0,0.7182392922795571,1739.9859953139462,-0.10428053973702883,0.9945479219384825,0.0,5064.451549796643
0.006121094832222485,0.002186823736595886,-0.09214866246768022,293.5128201920596,0.0,0.0,0.7150694841636712,1302.0658797455671,0.9417068972649977,0.3364344210147517,0.0,5245.381647607917
0.003881835109315796,0.005213574223513388,0.011193929205311648,292.8561262277419,0.0,0.0,0.6443095433531163,846.0247813512594,0.5972054014331994,0.8020883420789827,0.0,5296.2294731955535
-0.005161712071174659,-0.003950535216181449,-0.15356714776318597,293.81050385347874,0.0,0.0,0.6403341143097653,1566.0856157134876,-0.794109549411486,-0.6077746486432999,0.0,5346.2663084610795
-0.004454331019228452,-0.004733807682103195,0.17400640395261593,291.80333975323873,0.0,0.0,0.6666290731878961,134.91958686035045,-0.6852816952659156,-0.7282781049389531,0.0,5258.609123592919
-0.005217346600373811,-0.003876763398966699,0.1312992068893928,292.15068279244093,0.0,0.0,0.6988396116609535,317.63557545391126,-0.8026687077498171,-0.5964251383025692,0.0,5260.936861352666
0.004951721256383462,-0.004210754872832209,0.20324731762082923,291.6605041818324,0.0,0.0,0.6532786385655887,7.581415990893709,0.7618032702128403,-0.647808441974186,0.0,4753.761685424828
-0.0014880424490838387,0.006327379368247534,0.05265477021137829,292.7114802462122,0.0,0.0,0.6596789299707957,663.6999605231507,-0.2289296075513598,0.97344297973039,0.0,4933.16388808136
-0.005444814358943082,0.0035502107820025606,-0.010652929176705433,292.8051226571962,0.0,0.0,0.6529972144638825,941.7760696946402,-0.837663747529705,0.5461862741542401,0.0,4834.357709862079
-0.00019544980409658358,0.006497060825794892,-0.056329505685951325,293.36768608782523,0.0,0.0,0.6530985875304054,1146.6932589747148,-0.03006920063024363,0.9995478193530604,0.0,5061.458882631186
0.0034787978382355856,-0.005490716310344892,-0.10510431956181046,293.3138731128457,0.0,0.0,0.7000427503662939,1358.6164088767587,0.5351996674208593,-0.8447255862069064,0.0,4864.713813471836
0.005109412021662878,0.0040179483312863615,-0.16047125456140965,293.8596086162545,0.0,0.0,0.719018198259873,1600.2491567472152,0.7860633879481351,0.6181458971209788,0.0,5349.918125525576
-0.005178009808633164,-0.003929149325451852,-0.04753221766664012,293.38821700121514,0.0,0.0,0.6768311191414798,1105.5603138541112,-0.7966168936358714,-0.6044845116079772,0.0,5314.68315552943
0.003745163556166647,-0.005312602934302656,0.20262357717074145,291.77306496221934,0.0,0.0,0.6464895836882985,9.611431827968227,0.5761790086410227,-0.8173235283542548,0.0,4765.233208235983
0.006172888502897686,-0.0020360372125267172,-0.12135675048812095,293.7161818451667,0.0,0.0,0.712841372924018,1425.8176220025832,0.9496751542919517,-0.3132364942348796,0.0,4946.782590927163
0.00039935384990396196,0.006487720439612582,-0.1399062998999563,293.66322146781073,0.0,0.0,0.7037181928778736,1507.5940371789632,0.061439053831378765,0.9981108368634742,0.0,5131.609678054441
-0.003830451273562207,-0.005251441996334498,-0.04423920791681887,293.3889979964885,0.0,0.0,0.6903854325624659,1091.9691548438193,-0.5893001959326473,-0.8079141532822306,0.0,5311.000045266692
0.004517009642637564,0.004674037215119202,-0.12658358039040685,293.511932331386,0.0,0.0,0.7163016537381369,1450.9782980065045,0.6949245604057791,0.7190826484798772,0.0,5346.902949492343
0.005513693661588345,-0.0034422641104599324,0.1550809787442692,291.96934581994833,0.0,0.0,0.6412207553861644,218.89719321959137,0.8482605633212839,-0.5295790939169127,0.0,4789.999914981013
0.003987993190848509,-0.0051328267367743785,0.11587985672039533,292.47616615267407,0.0,0.0,0.6495412325871871,391.804772262037,0.6135374139766938,-0.7896656518114429,0.0,4783.839233415211
0.003759352707780901,0.005302571755148666,-0.14617551825455977,293.6999184367249,0.0,0.0,0.7183892024117796,1536.7786335455366,0.5783619550432155,0.8157802700228717,0.0,5338.691214441585
0.0021856305232646066,0.006121520988755497,-0.12129732887837039,293.43155093530714,0.0,0.0,0.7035980738427321,1431.8385202851243,0.3362508497330164,0.9417724598085381,0.0,5253.837552165581
0.002261516657006622,0.006093893862718778,0.0652326939032086,292.82492713576016,0.0,0.0,0.6480197397365499,609.9275996965241,0.34792563953948036,0.9375221327259659,0.0,5204.001498029001
-0.00634586981032292,-0.0014071021108761554,-0.10277077620165705,293.424286541455,0.0,0.0,0.640912898013735,1346.0790992127036,-0.9762876631266032,-0.21647724782710084,0.0,5195.751284771816
-0.006037992536022539,-0.0024067916683701797,0.06519004574218937,292.7560589147933,0.0,0.0,0.7192614406391933,610.6180804312859,-0.9289219286188521,-0.37027564128771995,0.0,5212.898568024828
0.0027264639362921408,0.0059005418737687445,0.19384865701691548,291.82894109148396,0.0,0.0,0.7129287567515693,51.74941270782805,0.4194559901987909,0.9077756728874992,0.0,5193.6497795770665
0.001672744531467834,-0.006281076797209572,0.1350683578608389,292.35538876785637,0.0,0.0,0.6524611546373327,302.1290835418864,0.25734531253351295,-0.9663195072630111,0.0,4896.128899897352
0.006487926755874927,0.00039598789173691065,0.08877575967642912,292.25625576620604,0.0,0.0,0.6404453563691915,503.76988216480765,0.9981425778269118,0.06092121411337087,0.0,5064.420879676144
0.0041927004909667566,0.004967017474606579,-0.10342976035371473,293.4041913991638,0.0,0.0,0.7062341213015806,1350.1625429144826,0.6450308447641164,0.7641565345548583,0.0,5336.724392489545
-0.004263207720881153,-0.004906634277039538,-0.06553809227613527,293.50135449987107,0.0,0.0,0.6740655927872451,1181.0711787380526,-0.6558781109047929,-0.7548668118522367,0.0,5326.73218993737
-0.0059081125924640284,-0.002710019482359486,0.11047494618608342,292.37965767265877,0.0,0.0,0.7140533155448536,416.8869771166362,-0.9089403988406198,-0.4169260742091517,0.0,5217.146345498311
-0.0034397641826431303,0.005515253608657124,-0.0331854167628263,293.1480185376928,0.0,0.0,0.6400481862449329,1041.2690508822673,-0.5291944896374047,0.8485005551780191,0.0,4845.20189577895
-0.004573551216462546,-0.004618725935839229,0.0722235037268539,292.4599598319199,0.0,0.0,0.7178890080948034,579.2895814201172,-0.7036232640711609,-0.710573220898343,0.0,5288.849338068385
0.0020605359257366423,0.006164753985257533,0.09608222278398851,292.59713816642784,0.0,0.0,0.6636559169487447,478.2803858490486,0.3170055270364065,0.9484236900396205,0.0,5182.206149676732
-0.004947879036748763,0.004215269035032298,-0.18610285368980573,294.1412175199659,0.0,0.0,0.6961649367403101,1708.9327696558955,-0.7612121594998098,0.6485029284665075,0.0,4867.644970599241
0.0006426202915900968,0.006468155777409559,-0.129296059926982,293.5222679451073,0.0,0.0,0.699515632036221,1462.4032050454139,0.09886466024463028,0.9951008888322399,0.0,5147.032904888686
0.0033725465796913896,0.0055566113385598515,0.0675862263443229,292.7091007500454,0.0,0.0,0.6447111898282251,602.2829608684694,0.5188533199525215,0.8548632828553618,0.0,5261.9929916677065
0.005775376042724368,0.0029824539502103665,-0.012183014914779827,292.86862498984794,0.0,0.0,0.6685624711635427,951.0422735418615,0.8885193911883643,0.45883906926313334,0.0,5267.40946570042
0.006190379042900451,-0.0019822228192660106,-0.19488772407865879,293.92109927751846,0.0,0.0,0.673827775098261,1751.1199495885282,0.9523660066000694,-0.30495735681015546,0.0,4971.824799442137
-0.005145156296118647,0.0039720733488331555,0.12444622448778483,292.25762690690885,0.0,0.0,0.7179553988815174,354.2177513521538,-0.7915625070951765,0.6110882075127931,0.0,4781.719457986502
-0.006172601639999526,0.002036906721937741,-0.10283491768040433,293.45654436408853,0.0,0.0,0.6420795948559634,1347.4960914860087,-0.9496310215383887,0.3133702649134986,0.0,4941.304962292167
-0.001775709184200923,-0.006252747947354386,-0.12872803224176343,293.8591463214935,0.0,0.0,0.6548904792416921,1455.4509201961337,-0.27318602833860356,-0.9619612226699056,0.0,5229.073680159961
0.006464555053000357,-0.0006778849214487283,0.10761815834715957,292.14025844274084,0.0,0.0,0.6400135660737168,423.748471399538,0.9945469312308242,-0.10428998791518898,0.0,4976.641358715402
0.0011735233096684134,0.006393187236556183,-0.14543783609613536,293.6165733108944,0.0,0.0,0.709773790000528,1532.5318701329004,0.1805420476412944,0.9835672671624898,0.0,5191.354795743567
0.006445332462954867,-0.0008412427960940527,0.1579235238626824,291.923427739419,0.0,0.0,0.6499164515655754,204.5404094218448,0.9915896096853642,-0.12942196862985428,0.0,4949.611741141483
-0.006244448521746347,-0.001804677993233101,-0.18408806387892107,293.84520645194453,0.0,0.0,0.6573545291596519,1703.5366352896347,-0.9606843879609765,-0.27764276818970784,0.0,5247.242969745476
0.005410760656400137,-0.003601897988443365,0.11226402816518186,292.315353044357,0.0,0.0,0.6437707592392545,402.07960558569914,0.8324247163692519,-0.55413815206821,0.0,4796.50308862659
-0.005968233332581248,0.0025749157050020334,0.1691079709376113,292.1606499540092,0.0,0.0,0.7127067484100148,154.36264178315355,-0.9181897434740383,0.3961408776926205,0.0,4828.638738681737
0.0016905212819815232,0.006276315622653751,-0.10944121377246376,293.4434008244592,0.0,0.0,0.6944451581320543,1375.617466065344,0.26008019722792663,0.9655870188698079,0.0,5217.596605916865
0.00473422369738497,-0.004453888860660824,0.013722435813209144,293.07187262279666,0.0,0.0,0.7007231378043143,836.9116123053329,0.7283421072899955,-0.6852136708708961,0.0,4806.448692829953
-0.004875434551870891,-0.0042988530947711484,0.07495378828470309,292.4831868063198,0.0,0.0,0.718207641233931,570.5193136641707,-0.7500668541339832,-0.6613620145801767,0.0,5286.095168727826
0.005684267457162702,-0.003152634370719362,0.10743368932162703,292.3331954891228,0.0,0.0,0.6436543673337579,426.9837187015694,0.8745026857173388,-0.4850206724183634,0.0,4816.480053040136
0.005549462560866664,-0.0033842968672294707,-0.05370850041636463,293.4161253131255,0.0,0.0,0.7192018922584422,1132.465635027257,0.8537634709025637,-0.5206610564968417,0.0,4853.458865718203
0.006390136502544424,-0.0011900233102125843,-0.18254136511441862,293.98563681741024,0.0,0.0,0.6863749405064545,1698.9909351420827,0.9830979234683729,-0.18308050926347452,0.0,5023.433706766871
0.006103440561830085,-0.002235623695572949,-0.0013364415243132532,293.1625142890197,0.0,0.0,0.6945239948803978,900.2724965908415,0.938990855666167,-0.34394210701122296,0.0,4898.911906935826
0.0021737260559695558,0.006125758323146534,-0.14053696781336628,293.6075755113958,0.0,0.0,0.7119183211989908,1509.5956335943888,0.33441939322608555,0.9424243574071591,0.0,5258.715261950119
-0.006006310864554092,0.0024847997501487853,0.09608912163670022,292.46218755265664,0.0,0.0,0.7152838074024578,478.7860606487964,-0.9240478253160143,0.3822768846382747,0.0,4855.255292683628
0.006371273353543255,-0.0012871968980811283,-0.05311130438732983,293.4814180509411,0.0,0.0,0.7139426676955829,1127.6116309736283,0.9801959005451162,-0.1980302920124813,0.0,4978.49053180861
-0.005090556806478031,-0.004041810411192018,0.13463647370277174,292.07318238173224,0.0,0.0,0.6958434040652484,305.7749065905332,-0.7831625856120047,-0.6218169863372336,0.0,5264.086102217368
-0.0063919013899972465,0.0011805069337158796,0.1866337994365427,292.0937108514825,0.0,0.0,0.697904337934967,80.20011055009671,-0.983369444614961,0.18161645134090457,0.0,4916.077438891623
-0.00044575013518659886,0.0064846978971252875,-0.18196454849113347,293.84709232192654,0.0,0.0,0.71649666990544,1690.1620516654002,-0.06857694387486137,0.9976458303269673,0.0,5079.05016557489
-0.0063004514564419245,0.0015982213379312719,0.03627136560690525,292.7766021986329,0.0,0.0,0.6921042255379705,741.9550645677358,-0.9693002240679884,0.2458802058355803,0.0,4930.21812124892
-0.004794842357158324,0.004388563178307953,-0.1823541320324284,294.17119843045447,0.0,0.0,0.6953606468672053,1692.7776384802928,-0.7376680549474345,0.6751635658935313,0.0,4864.348643870634
0.004162243198388959,0.0049925676317366845,0.1724881377504823,292.0945458563228,0.0,0.0,0.6947479842005958,138.84645278525014,0.6403451074444553,0.76808732795949,0.0,5255.436148274331
0.006423489674903173,0.0009943743743743199,-0.00859018222849231,292.96643726908655,0.0,0.0,0.6791224479255511,935.3829306912983,0.9882291807543344,0.1529806729806646,0.0,5138.104182242096
0.0008511223132116053,-0.00644403528916108,0.1747523710302132,292.2291883099948,0.0,0.0,0.6421871894636512,135.80956069579307,0.13094189434024697,-0.9913900444863201,0.0,4943.9457193489725
-6.765072416328186e-05,0.006499647942736605,-0.15559489494484507,293.70026108067464,0.0,0.0,0.7087850219813402,1577.4425664733199,-0.01040780371742798,0.9999458373440931,0.0,5100.336349250581
0.002720755580225471,-0.005903176185128812,0.16207961685600966,292.1891549866327,0.0,0.0,0.6410160087807139,187.0145330705942,0.4185777815731494,-0.9081809515582788,0.0,4822.489879374089
-0.003510759406523896,0.005470335308690316,0.055962458637202034,292.51718201915145,0.0,0.0,0.674315131682566,652.0668180387738,-0.5401168317729071,0.8415900474908179,0.0,4816.342268762326
0.0010351405894483685,-0.006417046357949776,0.051343161281219934,292.6094627088315,0.0,0.0,0.7033726463404902,671.8477077476878,0.15925239837667207,-0.9872379012230424,0.0,4966.362731514485
-0.004683329021402242,0.004507374987427994,0.11773673142070548,292.2331174477711,0.0,0.0,0.7144564377944566,380.8729272747857,-0.7205121571388065,0.693442305758153,0.0,4775.72366306592
-0.006039060294336944,0.002404111220672408,-0.10051444897724537,293.4437825893941,0.0,0.0,0.6424036528293583,1333.776419438306,-0.9290861991287607,0.369863264718832,0.0,4917.601435707804
0.002863523155056898,-0.005835257932641279,-0.08549142224231819,293.2214697988094,0.0,0.0,0.7062807133481179,1269.3378735692959,0.4405420238549074,-0.89773198963712,0.0,4887.277545883664
-0.004233397314981343,0.0049323774362379,0.15208701572481373,292.1156195855087,0.0,0.0,0.7197937366713831,229.2412587765063,-0.6512918946125144,0.7588272978827538,0.0,4768.377692844056
0.004842813323904843,0.004335569064126384,-0.14301009338859969,293.77868818680423,0.0,0.0,0.7197609656285782,1522.3447466789598,0.7450482036776681,0.6670106252502129,0.0,5350.334146787397
-0.0039052788883913014,0.0051960366438166304,-0.0765163405190887,293.57498553920357,0.0,0.0,0.6454490400752316,1228.955026401159,-0.6008121366755849,0.7993902528948663,0.0,4842.253343553692
0.0034016184728230038,0.005538861955794646,0.07276187627354466,292.682728942266,0.0,0.0,0.6462017919314496,580.1263592471149,0.5233259188958468,0.8521326085837917,0.0,5261.675381294784
0.001078919745303211,-0.006409830901294889,-0.14628035562377878,293.83946209125753,0.0,0.0,0.6606768500137098,1538.4843455385032,0.16598765312357094,-0.9861278309684445,0.0,5020.971240450449
-0.006226127541493934,0.001866905417274989,0.17255551804882022,292.1774425787407,0.0,0.0,0.708372598475501,138.782822230715,-0.9578657756144514,0.287216218042306,0.0,4871.938653204859
0.006257424586047287,-0.0017591581935491002,0.06223139399192382,292.63973384266353,0.0,0.0,0.6548598260911985,622.6370525610399,0.9626807055457365,-0.27063972208447695,0.0,4911.516114163285
-0.005550491157794582,-0.003382609629745081,0.08174906713506333,292.4944592136786,0.0,0.0,0.7189528816681359,539.0826997490838,-0.8539217165837819,-0.5204014814992433,0.0,5258.264506962636
-0.004317320971125646,-0.004859088354030898,-0.0006860995160737071,293.043249071581,0.0,0.0,0.7096210874200193,897.7381812672762,-0.6642032263270226,-0.747552054466292,0.0,5308.4640528264135
0.005884600408362213,0.0027607024529824418,0.06817679052083289,292.43076129782247,0.0,0.0,0.6401524733397482,598.9171896058622,0.9053231397480328,0.4247234543049911,0.0,5232.30180299655
-0.005820692983522236,-0.0028930145508750914,0.09393124772445818,292.45548375801195,0.0,0.0,0.7178423692210943,482.3527889207656,-0.8954912282341901,-0.44507916167309103,0.0,5231.79017006932
-0.006243563241586876,0.001807738379386015,0.19620459673717086,292.04798504337265,0.0,0.0,0.696186796357935,34.11577478132945,-0.9605481910133656,0.2781135968286177,0.0,4869.003508204634
0.00345078420647996,0.005508365307449068,0.16038466587453407,292.1910433961057,0.0,0.0,0.6928641629593194,192.3764961291501,0.5308898779199939,0.847440816530626,0.0,5238.007022389489
0.0030573532363443318,0.005736078031914737,0.05524223702980682,292.80354215375786,0.0,0.0,0.6425203117039993,656.1647470690189,0.4703620363606664,0.882473543371498,0.0,5251.372566828835
0.004333229684164123,-0.00484490665588914,-0.20065381121529707,293.8786476875305,0.0,0.0,0.6520260661380747,1774.5064174769195,0.6666507206406344,-0.7453702547521754,0.0,4870.277136008625
-0.002617713086179871,0.0059495863888544935,-0.10963253596442181,293.6800200449304,0.0,0.0,0.6679811341890209,1372.3391597205532,-0.4027250901815187,0.9153209829006913,0.0,4907.776208809923
0.005703815034464724,-0.003117129136339106,0.10715601255704274,292.34009731550276,0.0,0.0,0.6436213641441564,424.5787857144171,0.8775100053022652,-0.47955832866755477,0.0,4818.228648851546
0.006499722165790827,6.0097982723168355e-05,0.18364328160273138,291.81916877056244,0.0,0.0,0.6674916919208045,97.85287733344173,0.9999572562755119,0.009245843495872055,0.0,5010.873470995023
-0.005979393102037067,0.0025488935111752983,0.013382186387667638,292.74701591554583,0.0,0.0,0.6721365849854073,839.2733081244967,-0.9199066310826257,0.3921374632577382,0.0,4875.718336147326
0.00592838941102787,-0.002665370329093618,0.06418287729221375,292.6663594910106,0.0,0.0,0.6587161006000798,615.5502049823,0.9120599093889031,-0.4100569737067105,0.0,4854.216504480176
-0.0064461422035605774,0.0008350153839751586,0.04511249252404212,292.7656585675876,0.0,0.0,0.7013328491504658,701.3092016610595,-0.9917141851631658,0.12846390522694748,0.0,4983.0966051039895
0.00573613431299396,-0.00305724764180027,0.042625008079400034,292.8643160503816,0.0,0.0,0.6734875621363624,708.6192787649425,0.8824822019990708,-0.4703457910461954,0.0,4839.988493187479
-0.002658434991986456,-0.005931502625252894,-0.015565260906885064,292.9724363066021,0.0,0.0,0.7116025792444323,963.3938604637523,-0.4089899987671471,-0.9125388654235221,0.0,5251.165320841358
-0.006470551652379907,0.0006180301884889224,-0.11183079485776275,293.43012748546676,0.0,0.0,0.6411296028163163,1382.9446315349455,-0.9954694849815242,0.09508156745983422,0.0,5045.405564853375
-0.004529933911261312,-0.004661512496991163,0.016713239870701557,292.89216438836706,0.0,0.0,0.7148125747823721,823.7525589642572,-0.6969129094248172,-0.7171557687678712,0.0,5305.005876699248
0.006288943594080474,-0.0016429207133864278,-0.15265334757458784,293.79743600200413,0.0,0.0,0.700794002760072,1567.0707085765946,0.9675297837046883,-0.2527570328286812,0.0,4982.404049907129
-0.002423001588551046,0.006031505890064197,0.1620642676671115,291.9620095001041,0.0,0.0,0.7184862195139184,192.33855818935317,-0.3727694751616994,0.9279239830867996,0.0,4839.615687722137
-0.006316168293063875,-0.0015349326023296821,0.03990310619831497,292.95340028958833,0.0,0.0,0.7100486807961113,723.7765336208408,-0.9717181989329039,-0.23614347728148957,0.0,5163.053499305159
0.003096924216537629,-0.00571481061777403,0.11280517729754705,292.5171907600249,0.0,0.0,0.6556483011260171,404.31502816205244,0.4764498794673276,-0.879201633503697,0.0,4817.536094391903
0.005519091223944774,-0.0034336033640733434,-0.05852192843033266,293.37082052891225,0.0,0.0,0.7197245548046938,1150.7611919856502,0.8490909575299652,-0.528246671395899,0.0,4852.863633282902
-0.006420937780122376,0.0010107215362290078,0.1858004524678866,292.0655216841762,0.0,0.0,0.6974115576377948,82.59494267403932,-0.9878365815572887,0.1554956209583089,0.0,4928.817248438205
-0.005821885907097082,0.0028906131676072434,-0.01807365245803516,292.93648772322445,0.0,0.0,0.6530927640365082,973.7484610797246,-0.8956747549380126,0.4447097180934221,0.0,4866.132215613973
-0.004312326361820684,-0.004863521496729133,-0.1633809336795115,293.9039944960377,0.0,0.0,0.6401533575648417,1607.2640623288169,-0.6634348248954899,-0.7482340764198666,0.0,5356.021081592645
0.004231842864037753,0.004933711176598479,0.12925578638040577,292.3785846194066,0.0,0.0,0.6682196140614036,327.43712538506225,0.6510527483135005,0.7590324887074583,0.0,5269.254132048678
-0.006499491442782107,8.130796518281248e-05,0.0026208329994996393,292.89832799007746,0.0,0.0,0.6811060433367997,881.3810771978858,-0.9999217604280164,0.01250891772043269,0.0,5052.978957412944
0.005801830093410004,0.002930659920086612,-0.03696201804127988,293.0239177622369,0.0,0.0,0.6839414519758812,1057.5972372437618,0.8925892451400006,0.45087075693640183,0.0,5272.03934591662
-0.0059113282390175735,-0.0027029980485737295,0.029141829570452,292.99914935211973,0.0,0.0,0.7107137011374774,769.0860128146408,-0.9094351136950113,-0.41584585362672766,0.0,5240.563094614472
-0.0021413135204023112,-0.006137163547384268,0.16302013872790108,292.0684249418898,0.0,0.0,0.6576871369927099,183.76464292439496,-0.32943284929266325,-0.9441790072898875,0.0,5167.808578971918
0.00591583635364703,-0.0026931171970169076,0.03997941109531791,292.8724678350711,0.0,0.0,0.6726234106953708,723.0687182168878,0.9101286697918508,-0.41432572261798584,0.0,4859.753849554285
0.005832389625213437,-0.002869360775452028,-0.1569403068455728,293.6986537613531,0.0,0.0,0.6910274755360352,1583.6442197363701,0.897290711571298,-0.441440119300312,0.0,4907.883688963498
0.005915506504486587,0.002693841642594618,0.20236075477448215,292.04290960858043,0.0,0.0,0.6950919698153766,10.742687667668218,0.9100779237671673,0.41443717578378736,0.0,5189.357524251844
0.005526494448701755,-0.0034216748981264534,-0.1755647776020373,293.7756290243711,0.0,0.0,0.6758759698664718,1664.844162649851,0.8502299151848854,-0.5264115227886852,0.0,4887.599400770209
0.0032825091576492932,0.00561027037048559,0.09699787290796427,292.5973887961195,0.0,0.0,0.6569640583670562,472.884791160769,0.505001408869122,0.8631185185362447,0.0,5249.548412602
0.0007131263352876724,-0.006460762403147106,-0.08374135388848698,293.37800266699224,0.0,0.0,0.695481124289215,1260.1871039975013,0.10971174389041115,-0.9939634466380164,0.0,5029.984933005738
-0.002669884536970735,0.005926357781913319,-0.06932487146083322,293.55920109193625,0.0,0.0,0.6478950320295465,1202.7409896798379,-0.410751467226267,0.9117473510635876,0.0,4893.039425186704
0.004652378420836979,-0.0045393143787724605,-0.12018522251065028,293.48402772424504,0.0,0.0,0.7001064678875116,1424.5520148684793,0.7157505262826123,-0.6983560582726862,0.0,4845.2518045653815
-0.0007762747416835369,0.006453479489812001,-0.009303528677445855,293.20668232519296,0.0,0.0,0.6400104534179486,938.0882045233469,-0.11942688333592877,0.9928429984326155,0.0,5003.436911530802
0.0062556850257728044,-0.0017653342058437263,-0.15466517141259903,293.87312710977596,0.0,0.0,0.6990480174285373,1572.7862119437718,0.9624130808881238,-0.27158987782211175,0.0,4974.577029521186
-0.005165298706023654,-0.003945844558209352,-0.03932339150033479,293.3078150202181,0.0,0.0,0.6819880628949314,1068.3119901038374,-0.7946613393882546,-0.6070530089552849,0.0,5312.71006390521
-0.003944034618055894,0.005166680842821307,0.17498802090260893,291.94147458351637,0.0,0.0,0.7192644658656868,128.70517425295384,-0.6067745566239837,0.7948739758186627,0.0,4767.629341757507
-0.005224101004535094,0.0038676567446472567,0.06652702491219883,292.4821069435434,0.0,0.0,0.6949192663896981,603.2705884695386,-0.8037078468515529,0.5950241145611165,0.0,4801.415900666121
-0.005980177556021506,0.0025470524922852774,0.08092397543542137,292.55390052995097,0.0,0.0,0.7097189127567978,539.3666276392319,-0.920027316311001,0.3918542295823504,0.0,4856.056636405019
0.006183309704729211,-0.00200416593509658,0.05519713104161292,292.6766239728353,0.0,0.0,0.6596942776039664,654.927664993633,0.9512784161121864,-0.30833322078408926,0.0,4897.189373183034
0.003640146266692892,-0.0053851030776654405,0.0029448371399645734,292.9939319645454,0.0,0.0,0.7120947645715664,887.6646199714094,0.5600225025681372,-0.828477396563914,0.0,4827.155103974411
-0.0017385495184946511,-0.00626318174506712,-0.015001465392706553,292.94259793301904,0.0,0.0,0.715090626036993,963.1917686303186,-0.2674691566914848,-0.9635664223180185,0.0,5193.252821994682
-0.0009984082149855128,0.006422863927894584,-0.010870567747381016,293.1758505260222,0.0,0.0,0.6400030642450973,947.4413357143808,-0.15360126384392506,0.9881329119837822,0.0,4987.292397521356
-0.0011044409869945641,-0.006405482816013674,-0.11582074676220715,293.7457141106405,0.0,0.0,0.6653535378439833,1406.662679332043,-0.16991399799916374,-0.9854588947713345,0.0,5177.620385487131
0.00108299425416984,-0.006409143737304938,0.12073148490005106,292.3653532384454,0.0,0.0,0.6627170925954803,369.52618844048914,0.16661450064151387,-0.986022113431529,0.0,4942.521164613567
0.006499235222415914,9.9707189852921e-05,-0.14392913843423338,293.8927321651376,0.0,0.0,0.7125654811802227,1523.2506660714016,0.9998823419101406,0.015339567669680153,0.0,5109.794482915671
0.003234709837195305,-0.005637965259661673,0.17153994928725866,292.10672358952155,0.0,0.0,0.6400013169473305,146.31363765056525,0.49764766726081616,-0.8673792707171806,0.0,4793.968550223064
0.0036247235612814547,-0.005395496187033319,0.019724044240519684,293.01209808799234,0.0,0.0,0.7050575725535568,808.1081896411395,0.5576497786586854,-0.8300763364666646,0.0,4822.781166352551
-0.00395927977784647,0.0051550076276118155,-0.18330550684652597,294.0991856329152,0.0,0.0,0.7020339608050613,1700.0535993387753,-0.6091199658225339,0.793078096555664,0.0,4872.110540713471
0.002765608535506067,0.005882296271723823,0.021126121514951496,292.9640265985183,0.0,0.0,0.6402675965959141,802.5461243519138,0.42547823623170267,0.9049686571882805,0.0,5246.338978975174
-0.006290434227908647,-0.0016372040875698244,0.1032048178045182,292.53321809705767,0.0,0.0,0.7185992851075527,443.8355672539936,-0.9677591119859458,-0.25187755193381917,0.0,5151.672109856426
0.0028548060174913184,-0.00583952760097042,0.061723381416257744,292.6777026317021,0.0,0.0,0.6867746352084858,626.8669096705756,0.43920092576789516,-0.898388861687757,0.0,4844.648010196876
-0.00556116963166942,-0.0033650248628795897,0.03171449914169927,292.9461575862934,0.0,0.0,0.7142955759850949,760.9487900927251,-0.8555645587183723,-0.5176961327507061,0.0,5272.178939251816
-0.0008864888536923625,0.006439265292894772,0.09173783388441523,292.46610240242626,0.0,0.0,0.6788753792267751,493.8870734179462,-0.13638290056805577,0.990656198906888,0.0,4965.5956193414095
0.004993275254487153,0.004161394265498795,-0.09095106701760164,293.35536688302096,0.0,0.0,0.7057391202088389,1293.304932265216,0.7681961929980236,0.6402145023844301,0.0,5332.524996209878
-0.00468664608149034,-0.004503925899351725,0.021435294574992825,292.8953379785494,0.0,0.0,0.7155390110826424,804.2924329876683,-0.7210224740754368,-0.6929116768233423,0.0,5303.528701015806
0.0051614559102754155,-0.00395086988981958,0.14635441796440643,292.1148491086076,0.0,0.0,0.6400070250033377,255.31283221827172,0.7940701400423716,-0.6078261368953201,0.0,4775.836267772844
-0.006454880799562041,0.0007645350635813242,-0.04237099375495815,293.041048545077,0.0,0.0,0.652234458147985,1077.4314192027284,-0.9930585845480064,0.11762077901251142,0.0,5013.999104305067
0.006156284881115176,0.00208570287015018,0.18265229755036558,291.9746169693804,0.0,0.0,0.6793672534935863,96.74002844659276,0.9471207509407964,0.3208773646384892,0.0,5158.495596239023
0.00305511081990415,0.0057372726863994,0.1869025430862528,291.92694932324395,0.0,0.0,0.7088095263593162,78.10519200937668,0.4700170492160231,0.8826573363691385,0.0,5212.72881501223
-0.0014705995973967859,0.00633145613774086,0.049281184920312776,292.8322181485727,0.0,0.0,0.6578337889421859,680.5369875393772,-0.22624609190719783,0.9740701750370554,0.0,4935.386453387161
0.0047859312816675,-0.00439827940985523,0.11679207274143963,292.3723367854717,0.0,0.0,0.6453708330118495,386.66937649106524,0.7362971202565386,-0.6766583707469586,0.0,4776.706149430345
-0.006403923428513915,-0.001113447224492738,0.0779163530092685,292.6519213394027,0.0,0.0,0.7191657589656087,554.4633400505759,-0.9852189890021408,-0.17129957299888277,0.0,5121.5790098166135
-0.0037858777194293737,-0.005283666330639004,-0.07604384852818316,293.55359720677257,0.0,0.0,0.6714155348058989,1228.7504742228741,-0.5824427260660575,-0.8128717431752315,0.0,5318.9823531731145
-0.006388844616996645,0.0011969396224843542,-0.05228533562645746,293.0596477554023,0.0,0.0,0.6466367326762099,1123.5967284690912,-0.9828991718456378,0.18414455730528526,0.0,4984.805258623779
0.004293610502783971,-0.004880052136031251,0.16676664818965573,292.0396561502075,0.0,0.0,0.6403673911088069,167.2672374424196,0.6605554619667648,-0.7507772516971155,0.0,4763.225242145882
0.0004911436067372108,-0.006481417897155001,0.034783030857794134,292.6040028781615,0.0,0.0,0.7128162058550096,741.9655029547497,0.07556055488264782,-0.9971412149469233,0.0,5012.147328975674
-0.0018272361456266562,-0.006237884903403993,0.15616913499365345,292.05014651912944,0.0,0.0,0.6595198084820063,214.02424808352174,-0.28111325317333175,-0.9596746005236912,0.0,5149.180584960179
-0.0011325108337517723,-0.006400579599648368,0.119022109435131,292.2345433772604,0.0,0.0,0.6768802718453901,376.093932971387,-0.17423243596181112,-0.9847045537920567,0.0,5110.947997208072
0.001780140135029356,0.006251487910862314,0.11859083962559194,292.4080396478563,0.0,0.0,0.6787672900772972,378.4303924606456,0.27386771308143937,0.9617673709018946,0.0,5156.989001155867
0.004778954004856942,-0.00440585957781927,0.09644165733258822,292.5687439070018,0.0,0.0,0.6532313513091916,475.97687619404735,0.7352236930549142,-0.6778245504337338,0.0,4782.5968388570445
-0.0014899848842065673,-0.006326922241092895,0.15523575685304677,292.12690409795994,0.0,0.0,0.6581834656066013,220.78709300450515,-0.2292284437240873,-0.97337265247583,0.0,5126.127493481004
0.003951745196920776,-0.005160785783058001,0.1720515017580352,292.06315529179636,0.0,0.0,0.6404405852328896,142.35322778959292,0.6079607995262732,-0.7939670435473847,0.0,4768.293043603797
-0.006441578894880224,-0.0008695178785014558,0.17043127240474468,292.0953486388065,0.0,0.0,0.695413963396985,148.7148679749545,-0.9910121376738806,-0.1337719813079163,0.0,5076.402504947757
0.002220125701422928,0.006109095012346865,-0.18952045494907968,293.843136154237,0.0,0.0,0.7197522694668064,1725.5076675010414,0.341557800218912,0.939860771130287,0.0,5275.977790198167
-0.0062614104785104424,0.0017449179979585356,-0.0784383465101714,293.2349989557802,0.0,0.0,0.6401878719748555,1242.4907736656762,-0.9632939197708373,0.26844892276285165,0.0,4953.659957299003
0.0049067445739399695,0.004263080774054213,0.1607974485033086,292.3032878939104,0.0,0.0,0.6815165284599878,195.62215170863618,0.7548837806061491,0.6558585806237252,0.0,5260.485834587484
-0.006045155732351928,0.002388742801477928,0.029482663050118707,292.75698190091884,0.0,0.0,0.683017086454234,769.0919068891099,-0.9300239588233736,0.36749889253506585,0.0,4880.479540438437
0.004982781805071277,0.004173953220036207,0.04140449627631823,292.69382101279587,0.0,0.0,0.6411368377460254,714.1763746371303,0.7665818161648119,0.6421466492363396,0.0,5294.010583153827
-0.006406249738424626,-0.001099983767577687,0.04503464603818494,292.85303201511874,0.0,0.0,0.7103188024153533,698.422476985738,-0.9855768828345579,-0.1692282719350288,0.0,5130.212864359427
-0.0018571898065422776,0.006229032510950272,-0.11420141648783431,293.69939710284376,0.0,0.0,0.6755914989127789,1396.4928334665842,-0.28572150869881197,0.9583126939923496,0.0,4956.519530459349
-0.0044122782177665985,-0.004773028486089561,-0.09230559534189409,293.5757346633863,0.0,0.0,0.6577483516395365,1299.450385230231,-0.6788120335025536,-0.7343120747830095,0.0,5336.2462081618505
0.006162047911985414,-0.0020686143986727436,-0.12331678502947117,293.71477503381203,0.0,0.0,0.7120145368674388,1432.9321072403316,0.9480073710746791,-0.31824836902657594,0.0,4945.241817734757
-0.006293558209100421,0.0016251538599974748,-0.16651869806199004,293.9179535350248,0.0,0.0,0.6667731337616716,1622.3090146482773,-0.9682397244769879,0.2500236707688423,0.0,4987.695754871607
0.005604482866779687,0.0032923808704299297,-0.14643702224923452,293.9148058808667,0.0,0.0,0.7195963557624743,1535.38390337597,0.8622281333507211,0.5065201339122969,0.0,5321.227571051947
0.006167719439729584,0.002051642491464286,0.029448084810771685,292.5620569186819,0.0,0.0,0.6520853080012454,768.5885371134862,0.9488799138045514,0.31563730637912096,0.0,5201.131998383327
-0.0030343059082121103,0.00574830302397056,-0.08011431387460703,293.56746931836415,0.0,0.0,0.6505166629465102,1247.551698673689,-0.4668162935710939,0.8843543113800861,0.0,4877.032590944704
0.00256766657598426,-0.005971355654671161,0.05813518224973449,292.6228961842251,0.0,0.0,0.6908152144149609,640.1071839838355,0.39502562707450156,-0.9186701007186403,0.0,4861.535708401907
-0.0029499982773283787,-0.005792021250285568,-0.1454209794039725,293.9539586667726,0.0,0.0,0.643843439144376,1530.1303335886812,-0.4538458888197506,-0.8910801923516259,0.0,5304.768778828083
0.004490091382209492,0.004699902060618716,-0.10047811259452517,293.31391465775397,0.0,0.0,0.7067220460216149,1332.2925422404205,0.6907832895706911,0.7230618554798025,0.0,5339.1477516221585
0.001226422031067291,-0.006383250661043539,0.18424612456464043,292.13587575427306,0.0,0.0,0.6403284170775774,92.10295548610773,0.1886803124718909,-0.9820385632374676,0.0,4913.428633519925
0.00616627812501624,-0.002055970351183646,0.13908599021919946,292.06806434421304,0.0,0.0,0.6411355206173353,290.10011485533636,0.9486581730794216,-0.3163031309513301,0.0,4869.260130127903
0.006498325700532174,0.00014752318395096025,-0.1411561824532402,293.85884985209185,0.0,0.0,0.7136824683440604,1516.7847161977686,0.9997424154664883,0.022695874453993885,0.0,5112.659018794341
0.0032095319408792173,0.00565233621792583,0.10367275590914102,292.5579911963858,0.0,0.0,0.6608773316900797,440.72623775804726,0.49377414475064885,0.8695901873732047,0.0,5244.347329894937
0.006491897998442784,-0.00032443855784196796,0.10868878018077258,292.1261031070768,0.0,0.0,0.6400403272643174,421.2096915559047,0.9987535382219668,-0.049913624283379684,0.0,5003.262945273935
-0.0017350066165114093,-0.006264164113484068,0.1516177622641576,292.0881295920719,0.0,0.0,0.6614394099740086,236.09681890285125,-0.26692409484790913,-0.9637175559206258,0.0,5144.243787732798
-0.003471101825422993,-0.005495584783946579,-0.11968772414380323,293.89420072979317,0.0,0.0,0.6505708449659058,1422.944533313302,-0.5340156654496913,-0.8454745821456275,0.0,5320.778889210591
-0.006495606903936453,-0.00023893712464389112,-0.048316843161176515,293.10940873400807,0.0,0.0,0.6541188777116286,1109.313449680775,-0.9993241390671466,-0.036759557637521714,0.0,5092.508871715867
0.004327679872393155,0.004849864629253394,0.07759523677946409,292.64703963773485,0.0,0.0,0.6441680884843479,556.0740474308976,0.6657969034451008,0.7461330198851376,0.0,5285.6757260902095
0.005638514040280049,0.0032337531472833156,0.1601893004470972,292.1572009233725,0.0,0.0,0.6733903775724595,195.72384930030412,0.867463698504623,0.4975004841974332,0.0,5228.897131713284
-0.003509399980324756,-0.0054712075246783134,0.06316650120407644,292.39477801936414,0.0,0.0,0.7168783356584024,618.3415533052421,-0.5399076892807317,-0.8417242345658944,0.0,5268.738936798059
-0.0023889720992024354,-0.006045065120346704,0.11105848531593684,292.15198738645665,0.0,0.0,0.6897099668460086,407.5519806459827,-0.367534169108067,-0.9300100185148775,0.0,5198.4003071770285
-0.006254221568067009,0.0017705119535110266,0.1385374475830811,292.3985700060655,0.0,0.0,0.7184818094355407,290.04736149544215,-0.9621879335487707,0.2723864543863118,0.0,4888.408974529606
0.0037454148459230927,0.005312425776605155,0.1405865550889683,292.3134044211807,0.0,0.0,0.6787832759518119,283.83572288767465,0.5762176686035527,0.8172962733238701,0.0,5254.322992170242
-0.0020992955456095286,-0.006151663044428229,0.04278860867212461,292.5283532652576,0.0,0.0,0.7178821527039483,708.6117140536311,-0.32296854547838905,-0.9464096991428045,0.0,5200.306786758286
-0.0002500348987645518,-0.0064951891850353214,-0.19851725302301687,294.2575630842206,0.0,0.0,0.6400740819008135,1762.8490988907115,-0.038466907502238745,-0.9992598746208187,0.0,5137.321829224751
0.004296647100925578,-0.004877378772466603,-0.07909920358610753,293.28221638111916,0.0,0.0,0.7152932761850627,1245.4164662836522,0.6610226309116274,-0.750365964994862,0.0,4835.146544251723
-0.006496988306348667,-0.0001978457661125806,0.2026550462343584,291.81690990836154,0.0,0.0,0.6802197402715012,11.119185046581487,-0.9995366625151796,-0.030437810171166247,0.0,5015.898181527787
0.0027551226733825355,-0.00588721488096141,0.18557235969991806,292.0921869854195,0.0,0.0,0.6403912646298566,84.87435497587944,0.42386502667423626,-0.9057253663017554,0.0,4813.733485350902
0.006380809604841826,-0.0012390596380958793,0.06203828083579391,292.5929075020417,0.0,0.0,0.6524742235660679,627.1765192381422,0.9816630161295118,-0.19062455970705836,0.0,4948.2779142743275
0.006368796575839939,0.0012993960810967042,0.023939620059750838,292.67572920371794,0.0,0.0,0.6584775952419472,794.0179760320536,0.979814857821529,0.19990708939949298,0.0,5150.929250122472
0.0005011343125480444,0.006480653084434238,-0.16127054427097343,293.72941392466515,0.0,0.0,0.7131713215178205,1602.4866569426401,0.07709758654585298,0.9970235514514212,0.0,5145.635189681718
-0.005307758580712591,-0.0037520259659111982,0.0786171340731294,292.54719480022385,0.0,0.0,0.7187630485215021,557.8305153072041,-0.8165782431865525,-0.5772347639863382,0.0,5272.668781841632
-0.005098395588258986,-0.004031917958691782,-0.11065197129791726,293.6698185776844,0.0,0.0,0.6457781469111132,1383.5295023908604,-0.7843685520398441,-0.6202950705679664,0.0,5335.655915988327
0.0024051452419289166,-0.006038648554538233,-0.05720600988100685,293.0667408644517,0.0,0.0,0.7151484624029637,1147.065773450443,0.37002234491214103,-0.9290228545443435,0.0,4904.863614846462
0.0003457009942403506,-0.006490800476257241,-0.18906312122382607,294.1032302070027,0.0,0.0,0.6417564047234132,1726.1703555129513,0.05318476834466932,-0.9985846886549602,0.0,5088.780800005942
-0.006484355244219161,0.0004507072961107359,0.11118888534229623,292.56688420943914,0.0,0.0,0.7199187194424169,412.58321159454704,-0.9975931144952557,0.0693395840170363,0.0,4992.870565818452
0.006248309645043993,0.0017912639614669327,0.09499629890249059,292.35111304171596,0.0,0.0,0.6405380158772347,481.53206598017175,0.9612784069298451,0.27557907099491274,0.0,5164.65031037387
0.005044564398344097,-0.004099069410361242,0.021160221596694395,293.08299585875926,0.0,0.0,0.6940191632707177,805.7178263019945,0.7760868305144765,-0.6306260631324988,0.0,4809.096473122561
0.005700241820564378,-0.0031236586220470546,0.029648030482353982,292.93382946116265,0.0,0.0,0.6818771122214802,768.8752969028183,0.8769602800868274,-0.48056286493031614,0.0,4840.605255349392
0.00546177112432686,-0.0035240681300833707,0.16576736479878382,291.8701506747302,0.0,0.0,0.6431040655545718,168.5972008712404,0.8402724806656708,-0.542164327705134,0.0,4783.699840213303
-0.006499136025172617,0.00010597606476689984,-0.016079951391939823,292.958025288919,0.0,0.0,0.6696113850801516,967.5877562298892,-0.9998670807957872,0.016304009964138437,0.0,5056.555405812611
-0.005313603768099993,0.003743743446823453,-0.1694973158586056,294.07373215806166,0.0,0.0,0.6827859675173439,1638.8813812437786,-0.8174775027846144,0.5759605302805313,0.0,4874.1915824970865
0.004909825469838755,0.00425953211699626,-0.12468390018334728,293.53814161541743,0.0,0.0,0.7172256988048952,1443.9338751017035,0.7553577645905778,0.65531263338404,0.0,5343.9905917646165
0.005635816956545538,0.0032384513632774826,-0.16243095930637172,294.0687599662145,0.0,0.0,0.716890796700379,1608.1144412573778,0.8670487625454675,0.49822328665807425,0.0,5323.532710661584
-0.0013740366064884618,-0.006353111316829705,0.0957607488215658,292.392396788562,0.0,0.0,0.6924411429201461,475.9868911649797,-0.21139024715207105,-0.9774017410507239,0.0,5135.27906156333
-0.006468613939147084,-0.0006379919327640828,-0.1420487814579262,293.6472702420844,0.0,0.0,0.6450467211345419,1519.6415326728963,-0.9951713752533975,-0.09815260504062813,0.0,5150.41458458113
0.0018627738637461266,0.006227364894764424,-0.05632767841033684,293.2560273061394,0.0,0.0,0.6638018689876712,1144.1477096265025,0.286580594422481,0.9580561376560652,0.0,5213.7662984884255
-0.006295022853453334,-0.001619471294744134,0.06800057208866431,292.697073155986,0.0,0.0,0.718476340234552,600.5320205335474,-0.968465054377436,-0.249149429960636,0.0,5160.743651652492
-0.000507062646901858,0.0064801919317344974,-0.19207606032467048,293.8604661203496,0.0,0.0,0.7184845315026976,1740.3160160014825,-0.07800963798490124,0.9969526048822305,0.0,5077.331427612176
-0.00026047100455997026,0.006494779045955568,0.18082027091834288,291.7929846349317,0.0,0.0,0.7178356321017598,103.15557215450647,-0.04007246223999543,0.9991967763008567,0.0,4987.056856333238
0.006282218423035765,0.0016684518828153315,-0.07878593261554442,293.4407295725233,0.0,0.0,0.7124851519821178,1241.888018876465,0.9664951420055024,0.25668490504851255,0.0,5207.101654228656
0.004319757443912877,0.004856922443869089,-0.07193640536967177,293.1750632404635,0.0,0.0,0.6902270346555359,1208.384126284268,0.6645780682942889,0.7472188375183214,0.0,5329.347183484687
-0.006067986878159317,-0.002330136315000978,-0.13065662569651418,293.51668529343783,0.0,0.0,0.6400840913182634,1471.4522048013816,-0.9335364427937412,-0.35848251000015047,0.0,5265.569207213148
0.004469452195310465,-0.004719533565283169,0.10663784854719568,292.4651898210409,0.0,0.0,0.6507105035342415,431.37368110910995,0.6876080300477639,-0.7260820869666414,0.0,4779.15898564038
0.00584093923807978,-0.002851916691816225,-0.18400826811440754,293.85022801991147,0.0,0.0,0.6747147283636618,1697.9722275476897,0.8986060366276585,-0.4387564141255731,0.0,4916.721497301337
0.0013314135902239054,0.006362180275013204,0.04473043228824189,292.82738246862533,0.0,0.0,0.6445053245179906,701.5139894991196,0.20483286003444698,0.9787969653866468,0.0,5147.153057066132
-0.006378608904409139,0.0012503393317785559,0.07461170682623194,292.63511101273946,0.0,0.0,0.7125330423092958,569.1961295897056,-0.9813244468321752,0.1923598971967009,0.0,4943.778692415748
-0.002692261726219061,0.005916225722328042,0.012276849720803007,292.9068044428883,0.0,0.0,0.6473336323039889,843.1079181635065,-0.4141941117260094,0.9101885726658526,0.0,4867.909402012223
-0.000679860007854823,0.006464347636824588,0.004186769724625283,293.07120051733085,0.0,0.0,0.6405695057926256,874.2686153200016,-0.10459384736228047,0.9945150210499367,0.0,5006.76452782744
0.005687911833795832,0.0031460545085813963,-0.16430218755406734,294.01196816887574,0.0,0.0,0.7161579864547699,1617.3265693857586,0.8750633590455127,0.48400838593559947,0.0,5319.857447139278
0.006180657372433602,-0.002012330600220091,0.11855387685235982,292.16283003195764,0.0,0.0,0.640094460986514,378.4273707402948,0.950870364989785,-0.30958932311078324,0.0,4878.111648004249
0.004478575774985938,-0.0047108766729462475,-0.03511763343595936,293.22575008245286,0.0,0.0,0.7190187818210328,1051.4249244225393,0.6890116576901443,-0.7247502573763458,0.0,4820.597643614236
-0.006203930700745584,-0.0019393926524420993,-0.00035577049138096895,293.1278140424418,0.0,0.0,0.6917263961804883,895.3832921468295,-0.9544508770377822,-0.2983681003757076,0.0,5202.492975490542
0.00649617876251229,-0.00022284857074768402,0.10160878261789766,292.3074023336698,0.0,0.0,0.6400459730951846,454.8571884283104,0.9994121173095831,-0.0342843954996437,0.0,5013.128723963346
0.006051973718806174,-0.0023714160552040144,-0.15620282802639873,293.7794403902762,0.0,0.0,0.6946269010776779,1578.2337773984123,0.9310728798163345,-0.36483323926215605,0.0,4935.874733519507
0.0018613942923323176,0.006227777395545916,0.07799533590353028,292.7142876814008,0.0,0.0,0.6552872900872727,554.9508152038844,0.2863683526665104,0.9581195993147563,0.0,5174.359662465355
-0.005881952208151958,-0.0027663402214869208,0.20335008371321736,291.6708559404445,0.0,0.0,0.663896932954488,10.020247412952788,-0.9049157243310705,-0.42559080330568017,0.0,5193.04480734884
-0.005685506337548621,0.0031503996073029314,0.01564122494661599,292.64946364434047,0.0,0.0,0.6694736695809633,825.0279491334929,-0.8746932826997879,0.48467686266198945,0.0,4843.450282478204
-0.0017578679014663711,-0.006257787184060689,-0.08293387905652268,293.49657427050437,0.0,0.0,0.6810397397174212,1257.2277127635168,-0.27044121561021095,-0.9627364898554908,0.0,5214.455143769981
0.0064377228800334115,-0.0008976213677794819,0.0805772234124165,292.4200368405157,0.0,0.0,0.6444191747647915,545.1866332874173,0.990418904620525,-0.13809559504299723,0.0,4968.030178428176
0.006499823063334934,-4.7959830475825444e-05,0.01966375727555386,292.77514082212434,0.0,0.0,0.668410005635043,807.6214933710444,0.9999727789746052,-0.0073784354578193,0.0,5050.55563666351
0.003979430769684914,-0.005139467944183029,-0.17403088511690112,293.8303895305972,0.0,0.0,0.6630589592808982,1659.8852878142939,0.6122201184130637,-0.7906873760281583,0.0,4868.898509324867
0.0038579979175478256,-0.0052312381008893715,0.015493223471773954,292.96528022187834,0.0,0.0,0.7057049281696709,829.3249302689572,0.593538141161204,-0.804805861675288,0.0,4816.623910441065
0.006421700680873248,-0.0010058629952792032,-0.12895922941249743,293.82994808148584,0.0,0.0,0.7138720032230645,1458.5897654497978,0.9879539509035767,-0.1547481531198774,0.0,5021.30214007119
0.005449915687910981,-0.0035423747676751787,-0.0486743646795271,293.32812632540873,0.0,0.0,0.7187712656979814,1110.1293778392037,0.8384485673709202,-0.5449807334884891,0.0,4845.776997896871
0.0013285977529622925,-0.006362768894972027,-0.11967164806868456,293.55481395049327,0.0,0.0,0.6777091572465258,1420.2114250116915,0.20439965430189116,-0.9788875223033887,0.0,4994.9837126356015
0.006197418880963873,-0.0019601018376279563,-0.18305833727845597,293.8360144359526,0.0,0.0,0.6811970323426054,1700.4514560638738,0.9534490586098266,-0.30155412886583943,0.0,4969.819799791637
-0.006097412570462533,-0.002252012421272466,-0.17462015713211007,293.7776987023716,0.0,0.0,0.6507715090442735,1658.6113882426362,-0.9380634723788513,-0.34646344942653323,0.0,5273.610691883517
-0.0006522344919188786,-0.006467193376384482,-0.05434267209029575,293.21465746992504,0.0,0.0,0.7038072289398826,1131.159150742165,-0.10034376798751979,-0.9949528271360742,0.0,5125.823830141445
0.002527171479782146,-0.005988606207772866,-0.11234714105550754,293.3951118818131,0.0,0.0,0.6898348376104596,1390.9304422256425,0.3887956122741763,-0.9213240319650564,0.0,4913.7787195096425
0.004090723976117897,-0.005051334214958873,-0.03226010634908516,293.13601957435986,0.0,0.0,0.719307663623123,1035.0205002940122,0.6293421501719841,-0.7771283407629036,0.0,4824.902171878418
0.0016969051358367033,0.006274592652911503,0.05692317289410401,292.7710793526242,0.0,0.0,0.6471732542174637,646.4632758934662,0.26106232859026207,0.9653219466017697,0.0,5169.344156762517
0.0054237167201672066,0.0035823591304304865,-0.07465479275188233,293.2717051730487,0.0,0.0,0.7012593910574508,1224.7736757045623,0.834417956948801,0.5511321739123826,0.0,5311.787474526815
0.0052294460947435424,0.00386042660105998,-0.07530787275936035,293.31020216104514,0.0,0.0,0.6998116098438975,1231.938730306668,0.8045301684220835,0.5939117847784585,0.0,5320.951302730333
0.002567010205462156,0.005971637849455804,0.1685967839926428,292.08580258710765,0.0,0.0,0.7028141663469278,158.51940430050743,0.3949246469941779,0.918713515300893,0.0,5192.065905166524
0.0039089204438187575,0.005193297696444501,0.14379818400393582,292.3079241940918,0.0,0.0,0.679506831252865,266.18094117907896,0.6013723759721166,0.7989688763760772,0.0,5258.151632390021
-0.006400243410744621,0.0011344092221152143,0.012184547332774548,292.8141596881819,0.0,0.0,0.6804521277123433,841.3638497543311,-0.9846528324222495,0.17452449571003298,0.0,4970.51077151058
-0.004505991043315285,0.0046846605765586075,0.03363218225301773,292.5752903733356,0.0,0.0,0.6685838304326128,750.2006297552931,-0.6932293912792747,0.7207170117782473,0.0,4800.345326782705
0.006383015017049528,-0.0012276478697575317,-0.11639077561797659,293.76875428043024,0.0,0.0,0.7167973611714475,1406.13885549954,0.982002310315312,-0.18886890303962028,0.0,5001.3307432979855
-0.00262604164469014,-0.005945915007831267,-0.07065394204619732,293.4967133461173,0.0,0.0,0.6828832345142478,1207.6419593740684,-0.4040064068754062,-0.9147561550509643,0.0,5265.4628762347575
0.0013339801686495212,0.006361642626684542,0.03272587499182042,292.93892620690906,0.0,0.0,0.6417258506351231,750.2059160261073,0.2052277182537725,0.9787142502591603,0.0,5150.851341325915
-0.005643335536600153,-0.003225331614167116,-0.0015513464116765907,293.2159620308748,0.0,0.0,0.6990170298933877,903.46018152833,-0.8682054671692544,-0.49620486371801786,0.0,5275.857940366274
0.0013083801920564689,0.0063669569868999645,0.08279365225795302,292.61730001316647,0.0,0.0,0.660659234264066,533.1712540731252,0.20128926031637984,0.9795318441384561,0.0,5134.352331715742
-0.003478803554962901,-0.005490712688347249,-0.15171011822562241,293.85477821129797,0.0,0.0,0.6412625142561117,1559.4789068557238,-0.5352005469173694,-0.8447250289764999,0.0,5330.451610183396
0.001412992318323282,0.006344560875928246,-0.04901404475239049,293.3191115092392,0.0,0.0,0.6573967797520266,1106.9988491760505,0.21738343358819726,0.9760862886043455,0.0,5180.438068521456
0.00304423840334041,-0.005743049063313618,-0.12752800779449652,293.54715069797464,0.0,0.0,0.6841471630542626,1453.2836333171344,0.46834436974467847,-0.8835460097405566,0.0,4890.423371037816
0.004438714203253147,0.004748454087578269,0.1793874454348908,292.0666102284204,0.0,0.0,0.6965508049976016,110.78322143079122,0.6828791081927919,0.7305313980889646,0.0,5256.928672250603
0.004277315338369851,0.004894340966478123,0.00469780518085583,292.9037396690531,0.0,0.0,0.6480656363870564,876.7426965171014,0.6580485135953617,0.7529755333043266,0.0,5306.372247862287
0.005571679077839134,-0.0033475949954511596,0.08561483967928721,292.57569493498846,0.0,0.0,0.6521256237269443,523.1656208244482,0.8571813965906361,-0.5150146146847938,0.0,4814.2115248025975
0.004751586349689995,-0.004435360995616896,0.10350047683266714,292.5401041103491,0.0,0.0,0.6503444379968456,447.79488451286664,0.7310132845676915,-0.6823632300949072,0.0,4780.2988844624415
-0.00042063968841150526,-0.006486375124253382,0.039813862734621314,292.5105939957658,0.0,0.0,0.7141971653866521,720.0480772257977,-0.06471379821715466,-0.9979038652697511,0.0,5080.636236815045
-0.0055834980001427306,0.003327844660197065,0.18087916038315857,292.0785704254037,0.0,0.0,0.7115096046535728,109.4394761160459,-0.8589996923296509,0.5119761015687793,0.0,4787.166101072779
0.0018884045962888254,-0.00621964051056934,-0.1479226260635444,293.67351124298443,0.0,0.0,0.6643746334881243,1544.214032239738,0.2905237840444347,-0.9568677708568215,0.0,4964.298004330806
-0.0013287233578087793,0.006362742666367497,0.19626652186417867,291.742730035328,0.0,0.0,0.7198962757317311,37.6447269921432,-0.20441897812442758,0.9788834871334611,0.0,4902.5049588708425
-0.0026252204257762217,0.005946277635301543,-0.15575579676074489,293.8852729667153,0.0,0.0,0.6955908213490184,1576.848467078254,-0.40388006550403416,0.914811943892545,0.0,4920.849908554963
0.006446850795982485,0.0008295268617350436,0.18640907925237601,291.9893683434667,0.0,0.0,0.6737483581279016,83.30248230009606,0.9918231993819209,0.12761951719000672,0.0,5068.72924401835
-0.002425770946677556,0.0060303926335069655,-0.03692177646508765,293.2753400311526,0.0,0.0,0.6406706043513649,1058.5886756561679,-0.37319553025808555,0.9277527128472255,0.0,4897.689790789838
0.0064229272617216246,0.000998000696709749,-0.1753632112119826,294.1117191104721,0.0,0.0,0.7028598295249305,1665.3748140153164,0.9881426556494808,0.15353856872457675,0.0,5187.184822437764
0.004228100115255235,0.004936919020540915,-0.13606416644771965,293.6372109010406,0.0,0.0,0.7175992829717505,1490.9917881395475,0.6504769408084978,0.7595260031601407,0.0,5346.85073397256
0.0006437517037456946,-0.006468043270102985,-0.029964196967350448,292.9552498728569,0.0,0.0,0.7174359399954542,1022.7356623708615,0.09903872365318378,-0.9950835800158438,0.0,5019.494105021988
-0.0056371432379805925,0.0032361421653706243,0.07937511514077575,292.5207152692966,0.0,0.0,0.7056237849502189,551.1422543204031,-0.8672528058431681,0.49786802544163455,0.0,4820.87953798126
0.006225731180432307,0.0018682267712975711,0.03275777770195912,292.6477438665879,0.0,0.0,0.6514864013410391,753.4752241668534,0.9578047969895858,0.2874195032765494,0.0,5188.058247239089
0.006472150085937305,-0.0006010601177101451,-0.08308031892729194,293.5575789383691,0.0,0.0,0.7191624355755704,1259.2185527858437,0.9957153978365085,-0.09247078734002231,0.0,5038.278897503286
0.003232973263488461,0.005638961241006075,-0.1407327703037194,293.5626988355633,0.0,0.0,0.715765257759756,1511.8179007661972,0.4973805020751479,0.8675324986163192,0.0,5316.93695397743
0.0031566353149102147,-0.0056820465933202,0.06065266309778036,292.79147305369594,0.0,0.0,0.6853524183204108,631.0847964010464,0.4856362022938792,-0.8741610143569538,0.0,4829.985883441715
0.006306323429923001,0.0015748919954092708,-0.07349460919969117,293.3939741227764,0.0,0.0,0.7108694461271725,1218.213690679315,0.9702036046035386,0.2422910762168109,0.0,5199.046455081149
-0.004511209881586508,0.004679635178545037,-0.1789552808676284,294.16072245402955,0.0,0.0,0.6957456844296855,1677.1516180774863,-0.6940322894748474,0.7199438736223134,0.0,4862.545007924149
-0.004097297443545038,-0.005046003731580001,-0.174173711627162,293.99040618719465,0.0,0.0,0.6408754346925142,1657.1935826709066,-0.6303534528530829,-0.7763082663969232,0.0,5355.6519697966005
0.005054776249721672,0.004086470000532209,-0.2030604476692226,294.25630777102884,0.0,0.0,0.7060608471454354,1784.9957808860559,0.7776578845725649,0.6286876923895706,0.0,5363.884296607331
0.006496657525051654,0.00020842505173252938,0.0947216593719589,292.28783855045793,0.0,0.0,0.640151740023902,483.60828021566954,0.99948577308487,0.03206539257423529,0.0,5048.3010393440545
0.005089393111096458,-0.00404327562265101,0.19712808205632795,291.60291495211885,0.0,0.0,0.6515300567246779,32.77383102275401,0.7829835555533012,-0.6220424034847708,0.0,4758.7794895908
0.0038358546483011685,-0.005247496461847908,0.01941165296921729,293.016360602797,0.0,0.0,0.7039549522673572,811.7086172795975,0.590131484354026,-0.8073071479766013,0.0,4816.109857811852
-0.00031589403178914114,-0.006492319382214649,0.03560482727369402,292.5817037022495,0.0,0.0,0.7151602916272817,739.437651136382,-0.04859908181371402,-0.9988183664945613,0.0,5073.84990269944
0.006050743711168041,0.0023745527035128936,0.14747069909851615,292.16972656474536,0.0,0.0,0.660554812133701,250.2833617097397,0.9308836478720064,0.3653158005404452,0.0,5186.871096682474
-0.005551456149350641,-0.0033810256760097154,-0.05749320763302654,293.4707831195699,0.0,0.0,0.6668855561232864,1147.9950993703426,-0.8540701768231755,-0.520157796309187,0.0,5298.952910817708
0.0035771408665733785,0.005427159774752412,-0.06491158041055553,293.18865898098466,0.0,0.0,0.6802688803797292,1179.5509923315292,0.5503293640882121,0.8349476576542173,0.0,5308.746618081569
-0.0020054049771440425,-0.006182907962896253,-0.07496068800433772,293.4242504401162,0.0,0.0,0.6843273077585553,1222.517212296293,-0.308523842637545,-0.9512166096763467,0.0,5228.676215361247
0.005531962626531663,0.003412827200233979,0.07265153132594024,292.56116189582656,0.0,0.0,0.6401816992476504,581.6895767902973,0.8510711733125635,0.5250503384975352,0.0,5262.163740989524
0.005360280446359533,0.0036766008127583896,0.0876448017135256,292.4568168920422,0.0,0.0,0.6427584104650654,513.8866129909183,0.8246585302091589,0.5656308942705215,0.0,5267.574033868124
0.0038999831767203355,-0.005200012617417226,-0.005628594304313006,293.03280791484957,0.0,0.0,0.7139487065230541,925.895073279691,0.5999974118031286,-0.8000019411411118,0.0,4821.647846393848
-0.0027072727525240905,0.005909371730009936,-0.1215116226337732,293.85803501859033,0.0,0.0,0.6744877641559461,1428.8102687699416,-0.4165035003883216,0.909134112309221,0.0,4906.235607306616
0.006118257174926658,-0.0021947503597125745,0.20462352598087416,291.60847967166757,0.0,0.0,0.6662768471391228,-2.160198778521781,0.9412703346041011,-0.33765390149424224,0.0,4841.19838709786
-0.0019260109427964491,-0.006208098086228046,0.1189880008780789,292.20540267680786,0.0,0.0,0.6819252621805514,374.6343670075255,-0.29630937581483835,-0.9550920132658532,0.0,5166.675602793712
0.006423986070639046,-0.0009911624308030947,0.07447164156039157,292.37249235446217,0.0,0.0,0.6465989076142661,570.3106079352286,0.9883055493290841,-0.15248652781586072,0.0,4962.8517811631555
0.006477516291646204,-0.000540169132270636,0.06161435500047238,292.48410874010034,0.0,0.0,0.6496593973396604,627.7351835791275,0.9965409679455698,-0.0831029434262517,0.0,5000.558786403203
-0.005809207030744962,0.0029160098892053324,0.15044266250414015,292.26902275286596,0.0,0.0,0.7185562022602816,235.76686249432228,-0.8937241585761481,0.4486169060315896,0.0,4815.498117785242
0.006469835122702781,-0.0006254865986106159,0.13207486003076432,292.0226634848425,0.0,0.0,0.6425199573393869,321.31982012475686,0.9953592496465818,-0.0962287074785563,0.0,4973.452876370472
-0.005553490656413294,0.0033776828639068878,-0.13716921829758894,293.8550020997867,0.0,0.0,0.6610669717760326,1495.2118705078228,-0.8543831779097376,0.5196435175241366,0.0,4878.159748340988
0.0059924044121954945,-0.0025181519733129625,0.13212124660803085,292.1058593346267,0.0,0.0,0.640062978319703,322.00388234086546,0.9219083711069992,-0.38740799589430197,0.0,4842.753029622058
-0.006347809361131413,-0.0013983262547533025,-0.1706144506897729,293.74086920559137,0.0,0.0,0.6529171640097851,1642.5857646887835,-0.976586055558679,-0.21512711611589272,0.0,5214.981007672917
-0.0059957460241834674,-0.002510185175139105,0.16293157013175444,291.9698311078681,0.0,0.0,0.6898264892262463,182.83493571444447,-0.9224224652589951,-0.3861823346367854,0.0,5190.4243417585185
-0.000623218441212238,0.006470054000897751,0.11863165854202887,292.215953285733,0.0,0.0,0.6934616846968602,373.8889551218892,-0.09587976018649816,0.9953929232150386,0.0,4977.559521578712
-0.003346540537955676,-0.005572312484760643,0.07855304062480004,292.3989360827337,0.0,0.0,0.7115265271665284,550.3291162098367,-0.5148523904547194,-0.8572788438093297,0.0,5257.694897169341
-0.0055479007738723045,0.003386856507628731,0.17348738207731254,292.19309864230985,0.0,0.0,0.7143127871492356,139.858636576563,-0.8535231959803545,0.5210548473274971,0.0,4786.857005959654
-0.0029431726184038216,-0.005795492639826056,-0.0751790546648225,293.55360017580625,0.0,0.0,0.6779525222743992,1220.401261112433,-0.4527957874467418,-0.8916142522809317,0.0,5283.863214485698
-0.006498486446136799,-0.00014026371368362309,0.05797821504225306,292.8337461234266,0.0,0.0,0.7115823026150518,642.7684953716093,-0.9997671455595075,-0.02157903287440355,0.0,5053.817770379485
-0.005183620013016193,-0.003921744963744838,0.1434721881589823,292.12608485596667,0.0,0.0,0.6916378063558934,270.35278738719165,-0.7974800020024913,-0.6033453790376674,0.0,5258.5860770926065
0.0029492893270661237,0.00579238227892927,0.16308344983931292,292.1306463787504,0.0,0.0,0.6976674598674959,181.95582062343172,0.45373681954863443,0.8911357352198878,0.0,5214.4388057260185
-0.006107866286993909,0.0022235038610722564,-0.13097904818153505,293.62428877348196,0.0,0.0,0.6517204148066487,1469.989733985703,-0.9396717364606014,0.34207751708803946,0.0,4937.615043931959
0.005994585510425055,0.002512955343455585,0.13417089208360802,292.26057262605394,0.0,0.0,0.654585014233093,306.6527790257908,0.9222439246807778,0.3866085143777823,0.0,5199.004147417061
-0.005421393192276037,-0.003585874489541293,0.08299464286286554,292.58993036588816,0.0,0.0,0.7183813761808512,529.533510403164,-0.8340604911193904,-0.5516729983909682,0.0,5265.773211003386
-0.0035836523628919904,0.005422862320024237,0.0823210629319793,292.3161765232614,0.0,0.0,0.6908510942710835,537.8444308507046,-0.5513311327526139,0.8342865107729596,0.0,4805.921966849031
-0.004685151891232755,-0.004505480191508796,0.1912689657001346,291.719468981349,0.0,0.0,0.6589078120582548,60.27027952445805,-0.7207925986511932,-0.6931507986936609,0.0,5253.827822031055
-0.0028483556497143573,0.005842676620585833,0.1479652074767366,292.0315384464923,0.0,0.0,0.7165163044275188,249.62927813348784,-0.43820856149451654,0.8988733262439744,0.0,4819.746116377227
-0.004512680318900551,-0.004678217218065833,0.10884065569263798,292.1652401209326,0.0,0.0,0.7048463240137545,422.0636392466979,-0.6942585106000847,-0.719725725856282,0.0,5277.982053570636
0.006095847558316524,-0.0022562452317437653,-0.11917543330441994,293.68409699576245,0.0,0.0,0.7127849792885932,1419.6991293892506,0.9378227012794652,-0.3471146510375024,0.0,4932.1146147808495
0.006269020753012071,-0.0017173755554053848,0.03283439971408467,292.8178015400999,0.0,0.0,0.6706553347189399,750.6629288149139,0.9644647312326264,-0.26421162390852077,0.0,4922.978535370266
-0.0004943864044817597,-0.006481171351157412,-0.03778873890961712,293.0695171333314,0.0,0.0,0.7117160820750176,1060.4589857719532,-0.07605944684334764,-0.997103284793448,0.0,5108.979680848791
-0.0023106782844189463,0.006075423101802434,-0.1492142238263346,293.8327971403116,0.0,0.0,0.6938079654567626,1553.5697927826936,-0.3554889668336841,0.9346804772003745,0.0,4937.538157174261
-0.003593507242421352,0.005416336926250553,-0.08685378042595926,293.60293686731814,0.0,0.0,0.6506030792903423,1275.941352524317,-0.5528472680648234,0.8332826040385466,0.0,4855.08161307693
0.006499727224883892,5.9548317382937124e-05,0.16215038994868333,291.9068872374712,0.0,0.0,0.65587216055334,186.36802522875539,0.9999580345975219,0.009161279597374943,0.0,5017.121796853607
0.006122286447596129,-0.0021834854369976392,-0.15108799806825912,293.7508732620565,0.0,0.0,0.6985991360922322,1559.5382524457245,0.9418902227070968,-0.33592083646117527,0.0,4946.020601750207
0.005753415269980689,0.0030246012515954945,-0.14115586395219243,293.8512056798304,0.0,0.0,0.7197652395151882,1514.0522861087225,0.8851408107662599,0.46532326947622993,0.0,5307.25221940694
0.005105856294985187,-0.004022465847581572,0.14680440998182195,292.0908884151343,0.0,0.0,0.6400027339506931,254.52466414299147,0.7855163530746442,-0.6188408996279342,0.0,4773.978032310492
-0.0029314975926318276,-0.005801406886643428,0.04519578673456384,292.5348195297408,0.0,0.0,0.718994143218087,697.5446113963794,-0.4509996296356658,-0.8925241364066813,0.0,5248.0359923383285
0.0064999198562265955,-3.227789694553044e-05,0.16534226216356282,291.8741526583396,0.0,0.0,0.6569963911829207,176.38159796685028,0.999987670188707,-0.004965830299312375,0.0,5009.124258245615
-0.005177542157494609,0.0039297655410171824,-0.17216607987888194,294.1236614807571,0.0,0.0,0.6858217668353637,1647.2376364475244,-0.7965449473068629,0.6045793140026435,0.0,4869.602773252145
-0.0054649460040924495,-0.003519142675759817,-0.0076696466780950545,293.1699209789778,0.0,0.0,0.6975631505239964,929.9632365147687,-0.8407609237065308,-0.5414065655015103,0.0,5289.841516693406
0.006329719274518507,-0.001478057477160109,-0.19080138375968492,293.9664165765021,0.0,0.0,0.6795276659165748,1729.7792379709135,0.9738029653105396,-0.22739345802463218,0.0,5005.126095583557
0.002308289270413752,0.006076331182884352,0.0633781846478211,292.8077307333414,0.0,0.0,0.6471732681793007,619.3201452752087,0.3551214262175003,0.934820181982208,0.0,5207.437625561362
-0.002311479092573583,-0.006075118468358885,-0.13181788996721172,293.8557394373208,0.0,0.0,0.6509497253549326,1472.656425167966,-0.35561216808824353,-0.9346336105167515,0.0,5264.764388146064
0.0011823833181329453,-0.006391554559651425,0.16084300507930702,292.1724391517294,0.0,0.0,0.6447780095144447,192.77845089954613,0.18190512586660698,-0.9833160861002193,0.0,4923.488880309013
-0.0064912286457057865,-0.00033756579976149895,-0.15042924065693203,293.65274819249896,0.0,0.0,0.6489613664741843,1559.655323310528,-0.9986505608778133,-0.05193319996330753,0.0,5129.959630071943
-0.0053233654369724435,0.0037298499198288376,-0.022612873774087605,292.88841891127555,0.0,0.0,0.6472850710395152,994.1422902287801,-0.8189792979957605,0.573823064589052,0.0,4831.643796774762
8.771713174916167e-05,0.006499408104189003,0.061029571508630504,292.72137232292897,0.0,0.0,0.6558236622553242,627.0851259872168,0.013494943346024873,0.9999089391060005,0.0,5048.884543629927
0.0049299535615921625,0.004236219763013333,-0.08155875174327552,293.30918588695494,0.0,0.0,0.7005660211334044,1253.9255461824196,0.7584543940911019,0.6517261173866667,0.0,5331.023122906689
-0.004349787482886333,-0.004830046464965464,-0.16744390142219034,293.8504920433892,0.0,0.0,0.6404956512208586,1627.523405223299,-0.6691980742902052,-0.7430840715331483,0.0,5357.643186000812
-0.00569764136391051,0.0031283994131593856,0.0064549347172480065,292.6922767056605,0.0,0.0,0.6643051762769112,866.4590998824502,-0.8765602098323861,0.48129221740913625,0.0,4847.169947273041
0.0018784660180721472,0.006222649389042273,-0.08866059746928606,293.3050421374105,0.0,0.0,0.6832400455616813,1285.0379368522654,0.2889947720110996,0.9573306752372728,0.0,5224.281223276456
-0.006383210889295966,0.0012266290159511962,0.046190825826164544,292.66457972417703,0.0,0.0,0.699806315184161,696.3733293424483,-0.9820324445070717,0.18871215630018404,0.0,4953.820003824702
-0.00499552025778502,0.0041586989977707555,-0.07209279312382033,293.3415180446045,0.0,0.0,0.6410374649331366,1211.65703366232,-0.7685415781207723,0.6397998458108856,0.0,4835.243938104314
-0.002495913754389575,-0.006001700969779229,0.06907721264477154,292.4054055070472,0.0,0.0,0.7114893241619775,590.006731741952,-0.38398673144455003,-0.923338610735266,0.0,5217.057166802314
0.003228375886281797,-0.0056415945562291354,0.1976023650092615,291.8874162767103,0.0,0.0,0.6432579100798993,31.12807898967508,0.4966732132741226,-0.8679376240352517,0.0,4786.624477135156
-0.006305800970182368,0.0015769826011871862,0.12804352246247994,292.3685475198923,0.0,0.0,0.7195721506140677,339.29366640644565,-0.9701232261819028,0.24261270787495173,0.0,4904.841735645964
0.005431369454345427,0.0035707458395135678,-0.04304461440699375,293.0166542186671,0.0,0.0,0.6831196744338469,1082.746875817959,0.8355953006685273,0.5493455137713181,0.0,5302.113688604201
-0.0014087185811479722,-0.0063455111661022585,-0.05821134762188926,293.3366802611194,0.0,0.0,0.6977671412074833,1153.2709673772474,-0.2167259355612265,-0.9762324870926552,0.0,5182.82491714186
-0.005120659668637463,0.004003603946195187,0.0006037192642810163,292.7662127484338,0.0,0.0,0.6556550312010242,898.2810343044325,-0.7877937951749943,0.6159390686454134,0.0,4817.206813436386
-0.003434399023882071,-0.005518596138943116,-0.0685428616113363,293.43964137584226,0.0,0.0,0.6785486917530142,1197.7387434623845,-0.5283690805972417,-0.8490147906066333,0.0,5304.357907512803
0.005239982390370502,0.003846112914178032,-0.04251052683397183,293.00541065973715,0.0,0.0,0.680731524399559,1084.356037897346,0.8061511369800773,0.5917096791043126,0.0,5310.94582070085
0.0026996863326881654,0.005912841423976862,0.14330863024383841,292.3000881491246,0.0,0.0,0.6878320044388225,273.1002261973944,0.4153363588751024,0.9096679113810556,0.0,5206.9650897096035
0.002486248252296978,-0.006005711417305216,-0.14153538201638557,293.6025276602501,0.0,0.0,0.671829478334862,1516.9446181094734,0.382499731122612,-0.9239556026623409,0.0,4924.718605064666
-0.0064786622147938455,-0.0005262470015140277,0.07100010792222386,292.7415035005022,0.0,0.0,0.7168162018080368,586.0831875292021,-0.9967172638144378,-0.08096107715600427,0.0,5079.567132257331
0.0039497499605184805,0.005162312974760853,-0.20229538257120164,294.1229502456189,0.0,0.0,0.7127479452196815,1778.236858800372,0.6076538400797663,0.7942019961170544,0.0,5360.508351024758
0.004823084476837297,0.004357505723380188,-0.06576792163963194,293.10975330029686,0.0,0.0,0.6907908254660182,1184.3600628327995,0.7420129964365073,0.6703854959046442,0.0,5327.966523088855
0.006498638725443056,-0.00013302148763207462,-0.007622438691328309,293.04285004868615,0.0,0.0,0.6854739266968197,929.9253817001941,0.9997905731450856,-0.020464844251088403,0.0,5052.000678484194
-0.005803751971254678,-0.0029268520728177303,0.0057279860049518905,293.1122246869307,0.0,0.0,0.7010731393470694,872.7394848486767,-0.8928849186545658,-0.45028493427965083,0.0,5259.349829749064
0.0004173441892424777,-0.0064865879958346,-0.07984181091607667,293.3455412430412,0.0,0.0,0.6959988020113599,1246.5577970687289,0.06420679834499657,-0.9979366147437847,0.0,5051.331177410295
-0.005467993918760841,-0.0035144050000525642,0.1094467050917882,292.29066264779664,0.0,0.0,0.7111606839783562,417.95269435901054,-0.841229833655514,-0.5406776923157791,0.0,5255.383920605941
0.00031187390041255105,-0.006492513740473828,0.09874886161974597,292.438312500152,0.0,0.0,0.6803794573073297,461.68236756184,0.047980600063469395,-0.9988482677652044,0.0,5007.135224530209
-0.005917465939471602,-0.0026895346912046824,-0.10611726857917761,293.4350170337949,0.0,0.0,0.6427237429022634,1358.8772434153993,-0.9103793753033235,-0.41377456787764344,0.0,5279.404629065308
-0.006324337664905354,0.0015009174195336277,-0.09274034361142725,293.3790989462745,0.0,0.0,0.6401391907184342,1306.8271302300602,-0.9729750253700545,0.23091037223594274,0.0,4974.808502561107
0.005635341272236231,0.0032392790471694353,0.0494357082536748,292.51615788642994,0.0,0.0,0.6416875212676779,679.2761901999322,0.8669755803440357,0.49835062264145163,0.0,5261.5599223581285
-0.0057269341182180295,-0.0030744472032530126,0.19569736363017917,291.69986325487935,0.0,0.0,0.6662795034910194,40.9178707670903,-0.8810667874181585,-0.47299187742354043,0.0,5211.091439798169
0.005374695082549804,0.0036554962412256617,-0.08155553600788701,293.33614892589674,0.0,0.0,0.7042888815946706,1254.5499125710185,0.8268761665461238,0.5623840371116403,0.0,5316.380891344721
0.0010808613675689265,0.006409503779864477,0.10242504692903878,292.44127271721084,0.0,0.0,0.6733032437484067,449.81211880067883,0.1662863642413733,0.986077504594535,0.0,5112.007559033799
-0.0011814087968009949,0.0063917347609894785,-0.020302914815081258,293.27206138728343,0.0,0.0,0.6403291139352063,983.65942997634,-0.18175519950784538,0.9833438093829967,0.0,4976.578391401638
-0.00624608980490321,0.001798989202047688,0.06415873806565495,292.66046537825486,0.0,0.0,0.7058540824427315,613.5629827674321,-0.9609368930620323,0.2767675695457982,0.0,4908.243748571437
-0.0007679754998301845,-0.0064544723743820125,0.06047421183234761,292.4043622399971,0.0,0.0,0.7076282508109304,632.7784670740735,-0.11815007689695146,-0.992995749904925,0.0,5100.961492788021
-0.002329318130583794,-0.006068301001642355,-0.13261221001977114,293.82244050538674,0.0,0.0,0.6505375546833175,1475.9862054381504,-0.35835663547442986,-0.9335847694834394,0.0,5266.091478223013
-0.006161207734529081,-0.0020711154608034354,0.12542444021077784,292.299241152447,0.0,0.0,0.7112132610422447,348.82735503737786,-0.947878113004474,-0.3186331478159132,0.0,5174.303101189398
-0.0014833623090056312,-0.006328478194654816,0.027572301178333758,292.66745194772244,0.0,0.0,0.719262668950886,777.9899279134246,-0.22820958600086635,-0.9736120299468948,0.0,5163.023857331529
-0.005177409612037139,0.00392994016610755,-0.09791139662821235,293.56772714167,0.0,0.0,0.6465185332708575,1323.6667938280625,-0.7965245556980214,0.6046061794011616,0.0,4847.865159925192
-0.0029439060344930773,0.005795120124732121,-0.09531267447052529,293.6665996887848,0.0,0.0,0.658073365553046,1312.5448507282376,-0.45290862069124266,0.8915569422664803,0.0,4885.9994800331515
-0.006485171516523359,-0.0004388056531929734,-0.13408873244343836,293.4785183114026,0.0,0.0,0.6434201040076575,1482.785197667536,-0.9977186948497476,-0.06750856202968822,0.0,5132.922759866095
0.0013582492206453728,0.006356505254824874,0.03509065343011564,292.97578612096976,0.0,0.0,0.6421227521338218,739.4526399692995,0.2089614185608266,0.9779238853576729,0.0,5151.903746014149
0.0027422149469506505,-0.005893238259626063,-0.13606207559828398,293.53124820611504,0.0,0.0,0.6768506036817626,1489.4075489638853,0.4218792226077924,-0.9066520399424713,0.0,4908.574217623222
-0.0023992534151359417,-0.006040991892889653,-0.02717737052931518,293.10975488153656,0.0,0.0,0.7080243375095423,1014.1337668054732,-0.36911591002091415,-0.9293833681368697,0.0,5239.479446194115
-0.00487800277366371,-0.004295938656467192,0.01614079436901164,293.06126525976964,0.0,0.0,0.712981644299681,828.5194713942324,-0.7504619651790323,-0.6609136394564912,0.0,5303.271139402801
-0.0031700212748904328,0.00567458942274611,0.004084344661644063,292.92102681575926,0.0,0.0,0.6463680677051142,876.0092123997646,-0.4876955807523743,0.8730137573455554,0.0,4845.922106353523
0.006291803204472869,-0.00163193518136749,0.023495264191547793,292.8973438427473,0.0,0.0,0.675756843936078,793.8836507443925,0.9679697237650567,-0.25106695097961385,0.0,4931.610733716655
0.0010300377346630868,-0.006417867423464754,0.11713810954973577,292.4048970265652,0.0,0.0,0.6650345610531647,385.65086932781884,0.15846734379432106,-0.9873642189945777,0.0,4947.483182682923
0.006408520301298164,-0.0010866772970156695,-0.19484601500905374,293.9572391616323,0.0,0.0,0.6795055470731154,1750.1897890954087,0.9859262001997177,-0.1671811226177953,0.0,5034.613977470027
0.0004814009983609834,0.0064821488010363545,0.16770211180672082,291.85433582451867,0.0,0.0,0.7119468166962356,165.1511182655471,0.07406169205553591,0.9972536616979008,0.0,5047.8456018779225
-0.005054545831422868,-0.004086755000981305,0.10589425789373394,292.2813685166421,0.0,0.0,0.7097552405722445,433.8523874566877,-0.7776224356035182,-0.6287315386125085,0.0,5273.464433863553
-0.0020330048067478575,-0.006173887871976628,0.0709224001490936,292.4879107138248,0.0,0.0,0.7087507474984186,588.9553391509436,-0.3127699702689012,-0.9498289033810198,0.0,5187.781203282119
-0.0030283912956968087,0.005751421229587327,-0.011581165923847114,293.06739817766334,0.0,0.0,0.6418723873971555,945.2671914503634,-0.46590635318412443,0.8848340353211273,0.0,4857.264710253858
-0.005423688074597493,-0.003582402499645864,0.16229396235516028,291.93950433166043,0.0,0.0,0.6828270338993281,189.5909786554675,-0.8344135499380759,-0.5511388460993637,0.0,5242.4381886324445
0.006470969580586398,-0.0006136388898411495,0.006193467367947264,292.9440391641832,0.0,0.0,0.6799853148149941,868.666288072669,0.9955337816286768,-0.09440598305248454,0.0,5011.195105185221
-0.00514567433753367,0.003971402222395438,0.17165755956396214,292.09391330171513,0.0,0.0,0.7168029989583729,146.84941953698555,-0.7916422057744108,0.6109849572916058,0.0,4767.918023411795
-0.0037498783184558133,-0.0053092760897108186,-0.009038425844570652,293.1552540929665,0.0,0.0,0.7091734203873101,934.6811641310424,-0.5769043566855098,-0.8168117061093567,0.0,5298.256508853224
0.005960984347713385,-0.002591653064419701,-0.11188901203073198,293.58536946877814,0.0,0.0,0.714017051284518,1385.4602347900266,0.9170745150328286,-0.3987158560645694,0.0,4909.921928353033
-0.0023654524078721905,0.006054307136749147,-0.19801333841682411,294.0589486465472,0.0,0.0,0.7154883275085617,1761.8019368817972,-0.3639157550572601,0.9314318671921765,0.0,4948.473757822253
0.004328926404115966,0.004848752023742564,-0.12848006044133684,293.5140050746204,0.0,0.0,0.716124416928869,1457.52003661114,0.6659886775563024,0.7459618498065483,0.0,5346.0049930592295
0.001870730429530806,0.006224979330088373,0.15535930133185002,292.09298893832215,0.0,0.0,0.6998101437672445,215.35209330488127,0.28780468146627786,0.9576891277059035,0.0,5152.342692147601
-0.00288712231586181,-0.005823617838874109,0.07802223318306481,292.3474664587185,0.0,0.0,0.7096617526004454,556.3556197750895,-0.44417266397874,-0.8959412059806321,0.0,5236.140520548596
-0.005321046640406401,0.003733157196076767,-0.20311884079561265,294.2295539399188,0.0,0.0,0.7020198747713521,1783.3159699140563,-0.8186225600625232,0.5743318763195027,0.0,4884.3689013591365
-0.004072950377619086,0.005065676186004445,-0.1577378747773522,294.0385674821435,0.0,0.0,0.6867404415574404,1586.2489714537605,-0.6266077504029363,0.7793347978468378,0.0,4861.998570616897
-0.0005845534565557934,0.006473661812021745,-0.10641139449570874,293.6054151183529,0.0,0.0,0.6787957234924491,1361.6050260049167,-0.08993130100858361,0.9959479710802686,0.0,5046.361350000933
-0.005976190285145973,0.002556393881178502,-0.017592986035555924,292.87801948555636,0.0,0.0,0.6550410225005351,972.1967255072607,-0.9194138900224574,0.39329136633515416,0.0,4884.350394127327
-0.0039159823299802984,0.005187974787070776,-0.15296462426728147,293.95686221545134,0.0,0.0,0.6850577931150206,1568.1916367541853,-0.602458819996969,0.798149967241658,0.0,4864.343890209373
0.00649929395422307,9.58023830572728e-05,0.07190835333398762,292.45143512602124,0.0,0.0,0.6440532754773733,581.1026303517764,0.99989137757278,0.014738828162657355,0.0,5046.322266280419
0.002336360176389156,-0.006065593221291948,0.025385927919027218,292.8033747495423,0.0,0.0,0.7090841352618029,785.0281377088738,0.35944002713679324,-0.9331681878910689,0.0,4884.860972927004
0.0023060309013395877,-0.006077188616627505,-0.09227267553127924,293.3038651050745,0.0,0.0,0.6998545288042849,1298.638694981233,0.35477398482147504,-0.93495209486577,0.0,4921.1582965845055
-0.005891384456066294,-0.002746195402883862,0.05360338571795162,292.8537884355266,0.0,0.0,0.7180548355570079,664.6664072416123,-0.9063668393948144,-0.4224916004436711,0.0,5235.777392462605
0.005687434479703504,0.0031469173867579893,-0.0912835788390121,293.48971636393696,0.0,0.0,0.7111714264877894,1297.3818571381635,0.8749899199543852,0.48414113642430606,0.0,5298.526452129317
-0.004716171515855307,0.004472999690703661,0.18426345525676965,292.04421706625226,0.0,0.0,0.7152163933325513,92.07264158452652,-0.7255648485931242,0.6881537985697941,0.0,4756.419129273737
-0.0040125170896107175,0.005113678383080219,-0.026005289768400136,293.09745277997166,0.0,0.0,0.6414151385873228,1009.4469876970601,-0.617310321478572,0.7867197512431107,0.0,4824.786193045745
0.005173706438921189,0.003934814059630445,0.19710554991466492,292.0779790318336,0.0,0.0,0.7001948175086046,36.37677628015594,0.795954836757106,0.6053560091739146,0.0,5243.228592487662
0.00647170348695802,-0.000605849797305747,-0.050643397017523406,293.34982548709513,0.0,0.0,0.7105588432872207,1120.6840901046824,0.9956466903012338,-0.09320766112396109,0.0,5028.42150800927
-0.0050411933898584955,-0.004103214496714375,-0.13802003616603,293.67255694069655,0.0,0.0,0.6403849267160645,1498.4399300254104,-0.775568213824384,-0.6312637687252886,0.0,5345.190164927315
0.0007943382920739341,0.00645128101060131,0.06588992711293337,292.7720737438491,0.0,0.0,0.6547378450299783,606.5194979575516,0.12220589108829756,0.99250477086174,0.0,5101.360108250292
0.005960198322286317,-0.002593460228924933,-0.06187026302552595,293.518202087606,0.0,0.0,0.7191025871308163,1170.5890184168425,0.9169535880440488,-0.39899388137306663,0.0,4895.17893409968
0.006327563443461162,-0.0014872595163500965,-0.04831146836411282,293.47431278798797,0.0,0.0,0.7130229869836034,1108.4494378163186,0.973471298994025,-0.22880915636155333,0.0,4962.770368627725
-0.0044408610748895945,-0.004746446345797078,0.12806428711766996,292.06135293850195,0.0,0.0,0.6941051967924632,339.10541854356256,-0.6832093961368607,-0.730222514738012,0.0,5271.965211293945
0.0013313920246513192,-0.006362184788002849,-0.07948495167653727,293.3099198426588,0.0,0.0,0.701213260135793,1246.9410957060747,0.20482954225404912,-0.978797659692746,0.0,4983.020549998472
0.005565968623534785,-0.0033570810657215723,-0.08328063652722058,293.48225892340014,0.0,0.0,0.7187743020855228,1267.1544256894342,0.8563028651591977,-0.5164740101110111,0.0,4863.245733127832
0.002694599162847842,-0.005915161481445769,0.01806183949421042,292.89154091207223,0.0,0.0,0.7104839675131179,816.0333270323401,0.4145537173612065,-0.9100248432993491,0.0,4866.086517112516
-0.0017775940253498446,0.006252212366917852,-0.13905610929685147,293.8451869904963,0.0,0.0,0.6911776319472237,1503.7908637124842,-0.2734760038999761,0.9618788256796696,0.0,4969.1739603210535
-0.0064028713897561615,0.0011194811147321785,0.020133154939851017,292.8521719110978,0.0,0.0,0.6854013109526603,806.6357605767847,-0.9850571368855633,0.17222786380495056,0.0,4969.280226080086
-0.006142304592760598,-0.0021265216410260358,0.0866047419231494,292.6331036579231,0.0,0.0,0.7198391813949223,517.0549356023171,-0.9449699373477843,-0.32715717554246704,0.0,5189.229118494261
-0.0013284896900881023,-0.006362791458418986,0.14721625841022182,292.1572341646703,0.0,0.0,0.6615488389266082,253.82088268687306,-0.20438302924432344,-0.9788909936029211,0.0,5116.946667897918
-0.0006433827291164112,-0.006468079982798196,-0.15760775277801345,294.017264873579,0.0,0.0,0.6476115025138958,1587.5765981624363,-0.09898195832560172,-0.9950892281227994,0.0,5155.377038628206
-0.002739731630418207,-0.005894393148856461,-0.19068883477711535,294.0708973206459,0.0,0.0,0.6409276068784033,1730.4526078144836,-0.4214971739104934,-0.9068297152086864,0.0,5306.924447365488
0.0025661598411943834,-0.00597200332128518,0.12298842589071426,292.49671534907094,0.0,0.0,0.6536298663213483,359.34446852688995,0.39479382172221283,-0.9187697417361815,0.0,4842.641078732802
-0.005123357086249695,-0.004000151517977168,0.09946708195795109,292.3210059920306,0.0,0.0,0.7126380317970629,463.7348071387782,-0.7882087824999531,-0.6154079258426411,0.0,5273.422649314005
0.0064632750053106106,0.0006899827575578407,-0.17165929319707207,294.0999544534042,0.0,0.0,0.703153182724149,1645.9160215746704,0.9943500008170171,0.10615119347043703,0.0,5163.017464007391
0.0064243154764681495,-0.0009890251052485026,-0.11145238007176754,293.74423870241276,0.0,0.0,0.7183303857940598,1385.766073223222,0.9883562271489461,-0.15215770849976962,0.0,5017.427199449263
0.004744599773164791,0.004442833892065357,-0.014860546256126234,292.882358016196,0.0,0.0,0.6599574010816065,959.1210828067059,0.7299384266407372,0.6835129064715934,0.0,5313.810595941781
-0.005371923522784895,0.0036595679615700977,-0.0916444972012603,293.4446716892261,0.0,0.0,0.6436691851301728,1298.3915868452393,-0.8264497727361377,0.5630104556261689,0.0,4854.172848118503
-0.003832116159916143,0.005250227208122478,-0.02963062448105816,293.16941368506065,0.0,0.0,0.6406209012391764,1026.6402814128296,-0.5895563322947912,0.8077272627880736,0.0,4830.572016624971
0.004243760794086881,0.004923463650985054,-0.18835797269626467,294.1188809684509,0.0,0.0,0.7159066377116222,1718.6733296372768,0.6528862760133664,0.757455946305393,0.0,5362.395458754124
0.0064933981898368754,-0.0002928821404988503,0.17880472469944228,291.78693572371196,0.0,0.0,0.6627270961039412,115.79902811650473,0.9989843368979808,-0.04505879084597697,0.0,4985.160396696719
0.0048101024229988765,0.004371831959288959,-0.04271757416665781,293.0502616649724,0.0,0.0,0.6766813209270401,1083.0004584801788,0.7400157573844426,0.6725895321983013,0.0,5321.366130673431
0.00032547055205148435,-0.006491846341353691,0.1337456847048419,292.2794978704402,0.0,0.0,0.6598156568918616,312.460269143564,0.05007239262330528,-0.9987455909774909,0.0,4995.850130868693
-0.0023942255179461927,-0.00604298636182602,-0.06571590263664215,293.45868692451756,0.0,0.0,0.687416242433169,1181.2948087785478,-0.36834238737633734,-0.9296902095116955,0.0,5250.456078368892
0.006055621323822599,0.002362086023510795,-0.16309569572406085,294.016918541869,0.0,0.0,0.7139599890177039,1609.150917153925,0.9316340498188613,0.36339784977089157,0.0,5277.0122308165355
0.005753503705408937,0.003024433023203791,0.16562951904810372,292.1572727656194,0.0,0.0,0.6752362989555727,170.477510446782,0.8851544162167596,0.4652973881851986,0.0,5217.453086598804
-0.003980128685235577,0.005138927480415044,-0.0956103343504938,293.6715322138583,0.0,0.0,0.6523105197963209,1318.256112952807,-0.6123274900362426,0.7906042277561607,0.0,4845.929161295841
-0.006244658630834044,-0.0018039508264777859,-0.11837908142512149,293.39022088990225,0.0,0.0,0.6400286924420776,1416.3624714139316,-0.9607167124360068,-0.2775308963811978,0.0,5227.961821212246
0.00589633796805918,0.002735543559591719,-0.0553249166962376,293.1942900689184,0.0,0.0,0.6960712191686693,1140.6682322133208,0.9071289181629508,0.42085285532180294,0.0,5267.076556222168
0.0013680691838251872,0.006354399004490344,-0.10915021112139786,293.44036151662016,0.0,0.0,0.6923535316769123,1370.4540831456854,0.2104721821269519,0.9775998468446684,0.0,5194.825189761229
0.002120927265154511,0.0061442385643726595,-0.15444384330448177,293.6674695076211,0.0,0.0,0.7161493778453729,1575.4855803947605,0.32629650233146323,0.9452674714419477,0.0,5259.421810938724
-0.002589701597869353,-0.0059618324057283695,-0.1940055333176997,294.1149271838516,0.0,0.0,0.6411588776278133,1744.158909389174,-0.3984156304414389,-0.9172049854966723,0.0,5299.496508582842
-0.0034700766840108934,-0.005496232146396653,0.012689969477972601,292.8601119578404,0.0,0.0,0.7173120858422309,840.5416922313943,-0.5338579513862913,-0.8455741763687159,0.0,5281.994111362489
-0.0038089460529589234,0.005267060846966611,0.08712394286034733,292.32602482880696,0.0,0.0,0.6952248385082052,511.06671360434706,-0.585991700455219,0.8103170533794787,0.0,4797.080775397876
0.005611240502280744,0.0032808505033853855,0.08647474876891018,292.45747990357006,0.0,0.0,0.6415967471408134,517.257689002129,0.863267769581653,0.5047462312900594,0.0,5252.555894078747
0.005455713879655578,0.0035334382778440445,0.18965980488731202,292.02557715586227,0.0,0.0,0.6933259520384565,69.92267934358753,0.8393405968700889,0.5436058888990838,0.0,5232.6250588290395
0.005637384881722239,-0.0032357212017306946,0.07272241959138895,292.6681635896289,0.0,0.0,0.6576328274777472,581.334119327992,0.8672899818034214,-0.4978032618047223,0.0,4822.845498451735
0.004526081526630348,0.0046652530493313535,0.08485587517271806,292.57981322352606,0.0,0.0,0.6454906532488751,527.3783828306192,0.6963202348662074,0.7177312383586698,0.0,5285.049526328151
-0.0039650103622536435,-0.005150601210268684,0.038471416014642545,292.7399590823199,0.0,0.0,0.7199116029447667,726.4932835720685,-0.6100015941928683,-0.7924001861951822,0.0,5290.422761770461
0.005977503843880035,-0.002553320934860991,-0.02931388188148487,293.25148923735975,0.0,0.0,0.710128310544875,1025.6158032695869,0.9196159759815439,-0.39281860536322943,0.0,4887.958540168393
-0.005192677809760753,0.003909743874478002,0.03455890850769411,292.5851838903135,0.0,0.0,0.6753796790911113,747.6318698038734,-0.798873509193962,0.6014990576120004,0.0,4809.624366044263
-0.00044134878632855526,-0.006484998939769097,0.14049625742336433,292.26732717093716,0.0,0.0,0.6603217757177057,281.7590636412996,-0.0678998132813162,-0.9976921445798611,0.0,5052.750699333376
0.005361383840067662,0.003674991608080394,-0.03353202520548934,292.918066442288,0.0,0.0,0.6765233954684501,1043.4935336334588,0.8248282830873327,0.5653833243200607,0.0,5302.986329622217
-0.006272439627821355,0.0017048463612115595,-0.08816788139178275,293.2753888734816,0.0,0.0,0.6400418556096197,1284.2231951626286,-0.9649907119725162,0.26228405557100914,0.0,4959.254394815829
0.00635467018450142,0.0013668090013636452,0.1263250361493726,292.2267270619376,0.0,0.0,0.6464753263301881,345.12038969222004,0.9776415668463724,0.21027830790209925,0.0,5125.815225893594
-0.0015722361809310725,0.006306986078260461,-0.198888240722131,293.97686337623895,0.0,0.0,0.7177372247996665,1765.6821162009524,-0.24188248937401116,0.9703055505016095,0.0,5000.861231402103
-0.006405069623667647,-0.0011068347283899164,-0.021146307060736114,293.09255803045585,0.0,0.0,0.6739059165169098,988.6149360677442,-0.9853953267180996,-0.170282265906141,0.0,5150.086837565607
0.004455489219644511,-0.004732717592845736,-0.03947933952182353,293.1633061268017,0.0,0.0,0.7195495242922344,1070.8445243534875,0.6854598799453094,-0.728110398899344,0.0,4822.009695332296
0.003748100372763116,-0.005310531385435264,-0.18634593579327202,293.9219798192655,0.0,0.0,0.6551503130023522,1713.4070495226895,0.5766308265789409,-0.8170048285285022,0.0,4878.985189094026
0.006410943278502779,-0.00107229020317265,0.12978808983206233,292.0469835504487,0.0,0.0,0.6412679687680738,327.9653308906027,0.9862989659235044,-0.16496772356502307,0.0,4940.659494418904
0.00429594467714832,-0.004877997471389361,-0.15857467995009777,293.660692212745,0.0,0.0,0.6745252848085675,1589.6551437536907,0.6609145657151263,-0.7504611494445171,0.0,4858.41674911321
0.006151818915843765,-0.00209883873288703,-0.05463919845265314,293.44669551705334,0.0,0.0,0.716769310130403,1133.5634772027327,0.9464336793605793,-0.32289826659800464,0.0,4923.191063264976
-0.0029234499901364275,0.005805466402897473,-0.0002791379407819927,292.9564310124932,0.0,0.0,0.6441974214110244,896.116796332745,-0.4497615369440658,0.893148677368842,0.0,4859.2297379830125
0.0057204907570366685,0.003086419527325805,0.000257706509149247,292.76568987702177,0.0,0.0,0.6608677698490022,896.8470507837526,0.8800755010825644,0.47483377343473926,0.0,5268.869359247891
0.006316540014512364,-0.001533402179815895,-0.15263508439093237,293.8628041224123,0.0,0.0,0.7013940336258468,1566.2227508783592,0.9717753868480561,-0.23590802766398383,0.0,4990.048875814506
-0.0016176361751448277,0.006295494675151652,0.1449576268544369,291.90856680309406,0.0,0.0,0.7113868793079714,262.60527201077116,-0.24886710386843505,0.9685376423310235,0.0,4897.054798488777
0.0029457443610993277,-0.0057941858926903195,-0.07241327730650787,293.159524706,0.0,0.0,0.7120986405231011,1214.1234933939506,0.4531914401691274,-0.8914132142600492,0.0,4879.203710765217
-0.005392029341062753,-0.003629878728706838,-0.09262526794289536,293.5251961896308,0.0,0.0,0.6505649440162554,1300.633946544312,-0.8295429755481158,-0.5584428813395136,0.0,5318.736019249894
-0.004209879925681431,-0.004952465144889412,-0.1099943505400455,293.6801855793656,0.0,0.0,0.6507711690848824,1374.609355043727,-0.6476738347202202,-0.7619177145983711,0.0,5338.930552428342
-0.0025583268476289424,-0.005975363063505092,0.10373900837903574,292.1938469283071,0.0,0.0,0.6950425517048777,445.7380843119312,-0.3935887457890681,-0.9192866251546296,0.0,5210.547798308896
-0.006323866554049525,0.0015029011300061563,0.1637164063845575,292.2374651365146,0.0,0.0,0.7104695198737568,176.7915037982531,-0.9729025467768501,0.2312155584624856,0.0,4899.6079001681055
0.004779869110650763,0.004404866772678452,0.09447232739052366,292.5524141179757,0.0,0.0,0.6474813709858686,483.6800774045414,0.7353644785616559,0.6776718111813003,0.0,5281.517451747603
0.005922899024653967,-0.002677548719211862,-0.1780850208333583,293.82788066488024,0.0,0.0,0.6795158550297858,1674.1071392283836,0.9112152345621488,-0.4119305721864403,0.0,4924.443738642865
0.0018435285008617664,-0.006233089335675397,0.08792132525523907,292.68862056598346,0.0,0.0,0.6774357237844054,511.81728324183536,0.2836197693633487,-0.958936820873138,0.0,4898.280209208557
-0.006101513270655444,0.002240878356362858,-0.11445589467634663,293.5455946623075,0.0,0.0,0.6455932362063243,1399.8317792384785,-0.9386943493316068,0.34475051636351667,0.0,4931.691605426942
0.006484114277432054,-0.00045416080544427606,-0.19115826191624027,294.0160663188506,0.0,0.0,0.6856686355120563,1733.6816385838088,0.9975560426818545,-0.06987089314527324,0.0,5081.098693752918
0.0036030110362774604,0.005410019544554605,0.17562303155240752,292.0735952393356,0.0,0.0,0.7003270508239738,132.3157864110643,0.5543093901965324,0.832310699162247,0.0,5239.27695515995
-0.005632363384697788,0.0032444541455714363,-0.19509857639766578,294.2410617165764,0.0,0.0,0.6944972842370104,1752.8523031237953,-0.8665174437996597,0.4991467916263749,0.0,4900.842321379849
0.0037380435074947553,0.00531761513613728,0.18820281296967603,292.04633952661845,0.0,0.0,0.7057893747592017,74.71903047486803,0.5750836165376547,0.8180946363288123,0.0,5240.152660927549
0.004561794854128645,-0.004630337753214707,0.024686435106724386,292.94872692325055,0.0,0.0,0.6961107205418616,789.7420797853696,0.7018145929428684,-0.7123596543407241,0.0,4802.802501499955
0.005238133454351898,0.0038486306544535352,-0.012264969717979302,292.8203709059483,0.0,0.0,0.6627564219717952,949.2654269193387,0.8058666852849075,0.5920970237620824,0.0,5302.165380187635
0.006262092668580754,-0.0017424681948624426,0.08347778007065207,292.3992583916841,0.0,0.0,0.6461716361553151,532.0003434534076,0.9633988720893467,-0.26807202997883733,0.0,4906.437333343555
-0.0029646369804609443,0.005784542123114275,0.16163989211976224,291.93000317473314,0.0,0.0,0.7192734973714325,191.24894270474715,-0.45609799699399145,0.8899295574021963,0.0,4809.743218983575
0.0034474801690019896,-0.005510433783681464,-0.014456431986112128,293.04460098156557,0.0,0.0,0.7177433108418327,961.1706737153203,0.5303815644618446,-0.8477590436433021,0.0,4839.413266898097
-0.004710817009528737,0.004478638532270128,-0.1583155150595537,294.04311234935136,0.0,0.0,0.6817876213334395,1587.1935748946394,-0.7247410783890365,0.6890213126569428,0.0,4856.655223726102
0.006321154369106195,-0.0015142679557890852,-0.03326734241774437,293.26469227733725,0.0,0.0,0.7071171528336352,1042.8062071484906,0.9724852875547993,-0.2329643008906285,0.0,4956.459605575845
-0.0030058966861849154,-0.005763209618952146,-0.15408419210030644,293.96929627781975,0.0,0.0,0.6417809321883434,1571.4483235338012,-0.46244564402844857,-0.8866476336849456,0.0,5310.110980314908
-0.006167188286371254,0.0020532385736794444,0.06813166124951722,292.62938782342496,0.0,0.0,0.7064570840963817,600.7255258002116,-0.9487981979032698,0.3158828574891453,0.0,4890.204483008632
0.000573674430065577,0.00647463494324498,0.12904596042482522,292.20511297428595,0.0,0.0,0.6925234174211892,331.54448648445896,0.0882576046254734,0.9960976835761509,0.0,5066.187048370075
-0.00507129911576998,0.004065947033397092,-0.14203714635946427,293.84057267351346,0.0,0.0,0.668596997651944,1518.0810413087515,-0.7801998639646124,0.6255303128303219,0.0,4857.552515226986
-0.0038350112651226015,-0.0052481128604844945,0.06763682419962733,292.4687988552951,0.0,0.0,0.7167567999044705,598.9131365039987,-0.5900017330957849,-0.8074019785360761,0.0,5278.388139652442
0.00580310528458001,0.0029281340570540067,0.20441110175009788,292.0162900528986,0.0,0.0,0.6976962696561011,0.8706257071996886,0.8927854283969247,0.45048216262369334,0.0,5201.264315734969
0.004614762158190268,-0.004577550679493903,-0.04510091870820179,293.23196819761176,0.0,0.0,0.7198069692612821,1095.667351576157,0.709963408952349,-0.7042385660759851,0.0,4823.208462346695
-0.005685626727466976,0.0031501823305823376,-0.03453345694933743,293.0311090434225,0.0,0.0,0.6456019271996836,1049.1777066659047,-0.8747118042256886,0.4846434354742058,0.0,4858.145686328576
-0.005912610999125756,0.002700190951213845,0.116197103505194,292.3463737600258,0.0,0.0,0.7190490178327025,389.01940085385996,-0.9096324614039625,0.4154139924944377,0.0,4837.054065409835
0.006498049790790654,-0.00015921343035540063,-0.11115280170033179,293.7232084062876,0.0,0.0,0.7195074083934195,1383.6855794840046,0.9996999678139468,-0.024494373900830868,0.0,5080.289014926785
0.0029445910568245887,-0.005794772084221142,0.08485096939950157,292.6513002325586,0.0,0.0,0.6720659816567935,521.8133575961408,0.45301400874224446,-0.8915033975724835,0.0,4833.233805961033
0.006491339444265691,-0.0003354284116177353,-0.14476075638240324,294.0006868711319,0.0,0.0,0.7106125747958857,1529.3990263624341,0.9986676068101062,-0.051604371018113125,0.0,5076.601195015221
-0.00587314656466153,-0.0027849864326427985,0.13994787518538496,292.0878739145843,0.0,0.0,0.7010480263040649,286.0882929045664,-0.9035610099479278,-0.4284594511758152,0.0,5212.609273500281
0.004692530554881121,-0.004497794680897191,0.020825295453112264,292.9828343320004,0.0,0.0,0.6972207609362082,807.2051420714652,0.7219277776740187,-0.6919684124457218,0.0,4804.129182465919
0.0010141420226625533,0.006420398426723212,0.11328081231182266,292.4080768315307,0.0,0.0,0.680342090222448,397.6676596535544,0.1560218496403928,0.9877536041112635,0.0,5103.90021245018
-0.0040378682502013085,0.005093684324142616,-0.05772578007658272,293.3365769383807,0.0,0.0,0.6409154225139883,1145.8366592933974,-0.6212105000309706,0.7836437421757871,0.0,4833.491489804736
-0.005089792264982315,0.004042773144677573,0.1714812292759567,292.153000366421,0.0,0.0,0.717058753201382,148.19228184896357,-0.783044963843433,0.6219650991811652,0.0,4766.297052619136
-0.003832001052162432,-0.005250311222796798,-0.12812486488275143,293.76889911917874,0.0,0.0,0.6458491849055528,1464.025989023256,-0.589538623409605,-0.8077401881225844,0.0,5335.59697974269
-0.00511575406476714,0.0040098703655877055,0.17538420794249196,292.0573158159253,0.0,0.0,0.715980617310552,131.99798865302324,-0.7870390868872523,0.6169031331673394,0.0,4765.904597386805
-0.00481869650759275,-0.004362357615752454,-0.10072356227049828,293.62191547141833,0.0,0.0,0.6510882064269016,1336.7472326902102,-0.7413379242450384,-0.671131940884993,0.0,5338.247846981112
0.005030873535106846,-0.0041158609638521,-0.1703633515412148,293.6747383166167,0.0,0.0,0.673829078895162,1646.1957392607771,0.7739805438625917,-0.6332093790541693,0.0,4864.816574563906
-0.0009947381418455418,-0.006423433352122343,-0.0629871723045477,293.2618149400233,0.0,0.0,0.6974665729855264,1173.8526364550978,-0.15303663720700644,-0.9882205157111297,0.0,5154.052242214497
0.0027288733973537473,-0.00589942793677616,-0.016895356246592497,292.9898971125419,0.0,0.0,0.7193936794402744,970.54565864309,0.4198266765159611,-0.9076042979655631,0.0,4874.426734312834
0.0058162392710606175,-0.0029019580875285327,-0.18524881656785008,293.84567813541236,0.0,0.0,0.6736226916554539,1707.1395726056921,0.8948060417016335,-0.44645509038900505,0.0,4914.473809710471
0.006460844908680354,-0.0007123784569869725,-0.2013927746111356,294.0731829671677,0.0,0.0,0.6778195963388924,1775.6960276522796,0.9939761397969776,-0.10959668569030347,0.0,5064.475981426959
-0.00047389952036503157,-0.00648270153906516,0.15029831753369002,292.2108854679129,0.0,0.0,0.6554902022823732,241.12139141955112,-0.07290761851769717,-0.9973386983177169,0.0,5052.367043201668
-0.00599284957714589,0.002517092359390557,0.12142081066819257,292.4238110904858,0.0,0.0,0.7197683109908005,367.06838239184714,-0.9219768580224447,0.38724497836777805,0.0,4845.946747535404
0.0031018553141321406,-0.00571213564353913,-0.1801967591291673,293.9157676079181,0.0,0.0,0.6544394583351014,1683.6822300816966,0.47720850986648317,-0.8787900990060201,0.0,4903.057458051032
-0.006391753462058852,-0.0011813076145774535,-0.11372254857674588,293.3537469846321,0.0,0.0,0.6400023204693932,1396.844235618038,-0.9833466864705926,-0.18173963301191592,0.0,5182.641181325251
-0.0027034636151495113,-0.005911115333129843,-0.19753950079208907,294.17892272859973,0.0,0.0,0.6419634443063762,1761.2417674121562,-0.415917479253771,-0.9094023589430528,0.0,5306.934607635735
-0.006033181916041625,0.002418825328118652,0.16315015769614086,292.1576280478191,0.0,0.0,0.7141395059445751,182.976233695705,-0.9281818332371731,0.3721269735567157,0.0,4839.5479860764
0.004946354052693744,-0.0042170584043145715,0.13634990924194854,292.1203699961459,0.0,0.0,0.6406990801169427,298.97345814768147,0.7609775465682684,-0.6487782160483957,0.0,4773.239881932439
-0.004222883981524613,-0.004941381474707536,-0.10102214125149674,293.6806732509601,0.0,0.0,0.654708317524573,1340.2659027520863,-0.6496744586960943,-0.7602125345703903,0.0,5336.51278942155
-0.006430665004204349,0.0009468619771125455,0.05777128477297869,292.6841134721732,0.0,0.0,0.7069462384511718,644.8389876000982,-0.9893330775698999,0.14567107340193008,0.0,4971.032725605136
-0.005826227723587349,-0.0028818519241803836,0.054858749696323844,292.83901417531774,0.0,0.0,0.7185428356789667,658.797909591577,-0.896342726705746,-0.4433618344892898,0.0,5242.645858398381
-0.004686463859404098,0.004504115506345196,0.06773652178598447,292.35001600596894,0.0,0.0,0.6907652748896245,600.7807912874965,-0.7209944399083228,0.6929408471300302,0.0,4790.3714275673865
0.0007491578947801884,-0.006456683548749197,0.06610287792084327,292.58553172884143,0.0,0.0,0.6971196277070035,607.4690099845576,0.1152550607354136,-0.9933359305767995,0.0,4983.409319713641
-0.006116075724397431,-0.002200822058558218,-0.13091099464344544,293.51069431714,0.0,0.0,0.6401618121146858,1469.9612881514224,-0.940934726830374,-0.33858800900895664,0.0,5257.610020948816
-0.004433118384425013,0.0047536787217557054,0.011110738059682268,292.7645775235454,0.0,0.0,0.6557923114735564,846.2055117368188,-0.6820182129884637,0.7313351879624163,0.0,4807.356117670604
-0.0009235655933667336,-0.00643405211315149,-0.059296366480824425,293.1975939627817,0.0,0.0,0.6998585189953936,1158.2660340847274,-0.14208701436411286,-0.9898541712540754,0.0,5147.677746016626
0.003025600825547751,-0.00575288967775715,0.19093518246091687,291.9806074664365,0.0,0.0,0.6414346092269659,60.926264907907424,0.46547705008426943,-0.885059950424177,0.0,4798.128984527071
-0.0038194483847754815,-0.00525944997466807,-0.06294610788872368,293.40312443262,0.0,0.0,0.6791224060456107,1173.1418984557047,-0.5876074438116126,-0.8091461499489339,0.0,5316.153401510133
-0.006497778050617963,-0.0001699423576022706,0.1057649926956685,292.56822687250377,0.0,0.0,0.7198839777537421,435.978308572768,-0.9996581616335328,-0.026144978092657017,0.0,5042.112412749783
-0.0023644301230050357,0.006054706449814589,0.13995080697445836,292.01455018548535,0.0,0.0,0.7124486090624553,282.9849965953929,-0.3637584804623132,0.9314932999714753,0.0,4849.619494523373
0.004853070998207544,0.004324083936090606,-0.12317788495287087,293.5836030253779,0.0,0.0,0.7166699116952866,1434.7144606816203,0.7466263074165452,0.6652436824754779,0.0,5344.3962809780705
0.0013557814112983933,0.00635703207202683,0.10870129144359494,292.43806936798126,0.0,0.0,0.675406525200557,421.58332904077525,0.2085817555843682,0.978004934157974,0.0,5130.181980938589
-0.00038230986772390407,0.006488747118284155,0.12277845984575933,292.27196761738986,0.0,0.0,0.6944502607984463,359.88527192392917,-0.05881690272675447,0.9982687874283316,0.0,4994.70730193809
-0.005321082963383186,0.0037331054226733542,-0.03941242757945049,293.06169833713295,0.0,0.0,0.6424945445663317,1068.5595506700736,-0.818628148212798,0.5743239111805161,0.0,4836.4564847153815
-0.003647024642707374,-0.005380447124123156,-0.07155712268185993,293.5692019056938,0.0,0.0,0.6751521035353608,1207.9007776522367,-0.5610807142626729,-0.8277610960189472,0.0,5313.16394159859
0.001716769229352741,0.006269186822319749,0.05462524426982221,292.8303451760791,0.0,0.0,0.6463203687748736,657.0276942300196,0.26411834297734477,0.9644902803568846,0.0,5171.381910961152
0.00513700653411578,-0.0039826076719219755,-0.12245562464163542,293.5242818371729,0.0,0.0,0.7027667940599976,1429.9482798835256,0.7903086975562739,-0.6127088726033809,0.0,4853.726095082644
0.002751444956266077,-0.00588893459401936,-0.00036920767758871764,292.90221768106494,0.0,0.0,0.7163348188303222,898.8081329622096,0.42329922404093495,-0.90598993754144,0.0,4868.3556420085915
0.0064446562242391455,-0.0008464077926009622,0.11996123108963888,292.117477059917,0.0,0.0,0.6403748106755703,374.3379608702271,0.9914855729598686,-0.1302165834770711,0.0,4960.335463839822
-0.006429122861547369,-0.0009572769876733515,-0.1443980543304929,293.58071070825343,0.0,0.0,0.6447873909142844,1529.7526831628527,-0.9890958248534414,-0.14727338271897716,0.0,5175.096589149592
-0.0012428868297734792,-0.006380065229163071,-0.18294304801091849,294.16247753125197,0.0,0.0,0.6404233614205194,1695.8696792629878,-0.19121335842668913,-0.9815484967943187,0.0,5207.386899000258
0.005834489466818827,0.0028650885957645636,-0.0584354974905964,293.173638879251,0.0,0.0,0.6970029779700787,1148.9567708664567,0.8976137641259734,0.4407828608868559,0.0,5274.929453897705
-0.005809936787268918,0.0029145556312994455,0.11072537416277814,292.4438216045408,0.0,0.0,0.7177246471740216,410.49335331709926,-0.8938364288106029,0.4483931740460686,0.0,4827.197496719578
0.0053959172505228204,0.0036240967185645363,0.17814024198179337,292.1397035086036,0.0,0.0,0.6871538645470991,114.38868023167512,0.8301411154650493,0.557553341317621,0.0,5239.285368937032
0.006335340415098888,-0.0014537750255162094,0.10546415019851021,292.1571755124455,0.0,0.0,0.6406472587719755,431.92274204679967,0.9746677561690597,-0.223657696233263,0.0,4920.136471375531
0.005418224571309255,0.003590660453852555,0.15412500439968538,292.25472627158945,0.0,0.0,0.6722729058745992,223.31628903201948,0.8335730109706547,0.5524093005927008,0.0,5245.1269846063515
0.005124319959343881,-0.003998917972935919,-0.1143913799163626,293.45339534285785,0.0,0.0,0.7065523575729394,1396.2229610738068,0.7883569168221356,-0.615218149682449,0.0,4850.974662049622
0.001388607645372285,0.006349942425503844,-0.13505119663303028,293.603160853723,0.0,0.0,0.7061985057314265,1486.5270666294743,0.21363194544189,0.9769142193082837,0.0,5203.877222102687
-0.006496851794445173,0.00020227891885840266,-0.05906805863069289,293.0997622665031,0.0,0.0,0.6477843903442867,1153.5449019926832,-0.9995156606838729,0.031119833670523487,0.0,5061.735831726371
-0.00610133717405913,0.0022413577778757554,-0.004628575408737651,292.8308233544117,0.0,0.0,0.6635806771872328,915.8078593487281,-0.9386672575475585,0.34482427351934697,0.0,4899.517077417562
0.0013041443681128747,-0.006367825960806362,-0.11932185964781482,293.5847049026692,0.0,0.0,0.6777698115555922,1417.8186791690036,0.20063759509428844,-0.979665532431748,0.0,4996.644602904498
-0.006342161414930288,-0.0014237234938601817,0.07423780359150126,292.78244696299646,0.0,0.0,0.7191020476303621,570.1320193903672,-0.9757171407585059,-0.2190343836707972,0.0,5145.129663644999
-0.00179781634559028,0.006246427489976043,0.12666492978802965,292.01470036699413,0.0,0.0,0.7042254313242556,344.1574722362021,-0.2765871300908123,0.960988844611699,0.0,4890.028764332798
-0.004556973166700444,0.004635083123091982,0.006014922633160141,292.78690076742964,0.0,0.0,0.6541787776839127,869.3246462199845,-0.7010727948769915,0.7130897112449203,0.0,4808.275636408824
-0.005093237038400178,0.004038432427399099,-0.003966045693868575,292.8015179854694,0.0,0.0,0.6532901724341629,911.6115881542856,-0.7835749289846428,0.6212972965229384,0.0,4817.744301360964
0.006499998395560419,-4.567024411087013e-06,-0.15554591365385298,293.9897277624117,0.0,0.0,0.7074747964474327,1577.7293669188387,0.9999997531631415,-0.0007026191401672329,0.0,5105.174323781174
-0.003105721890862,-0.005710034285065244,-0.14414795729060959,293.91447189796605,0.0,0.0,0.6437150148168234,1529.3553778999533,-0.4778033678249231,-0.8784668130869607,0.0,5312.056846943964
0.006430258148642659,-0.0009496210516909756,0.18972747299972573,291.75711660794724,0.0,0.0,0.6651383194703784,64.6691723630868,0.9892704844065631,-0.14609554641399625,0.0,4932.206001917212
-0.004258065591013375,0.004911097374582174,-0.19610211403952996,294.0917064631128,0.0,0.0,0.7063795921555445,1758.386926493994,-0.6550870140020577,0.7555534422434114,0.0,4869.91911649539
0.006404149710045751,-0.0011121449956372252,-0.10921113891895524,293.7319370363045,0.0,0.0,0.7184992621264692,1371.863395896471,0.9852538015455001,-0.17109923009803465,0.0,5007.676152333359
0.0038446785709824356,-0.005241034886911978,-0.09332357961925898,293.2895873276526,0.0,0.0,0.707946647126397,1303.684522676948,0.5914890109203748,-0.8063130595249197,0.0,4848.851561389861
0.00615240526888508,0.00209711931167378,0.12795651973569108,292.26039080200405,0.0,0.0,0.6498916084438889,336.1819491406662,0.9465238875207815,0.32263374025750463,0.0,5175.239582333822
-0.0003017773990587198,-0.006492990867190355,0.03142954092517422,292.6505559093025,0.0,0.0,0.7162712818182299,761.943248937511,-0.046427292162879975,-0.9989216718754392,0.0,5073.9897241271165
0.00243443571767426,0.006026899927534205,-0.02656700169010784,293.1423027519262,0.0,0.0,0.6518752810476512,1015.1455270981166,0.37452857194988615,0.9272153734668008,0.0,5241.4100326689895
0.0029745471293632563,-0.005779452342151184,0.023872325733949595,292.816586997903,0.0,0.0,0.7066639669596103,790.494927523056,0.4576226352866548,-0.8891465141771053,0.0,4849.566192347131
0.002349393991245537,0.006060556729698961,-0.14531519639311835,293.6463822923401,0.0,0.0,0.7142083521007911,1526.6601108932316,0.3614452294223903,0.9323933430306094,0.0,5271.035839884912
0.004896047914018523,0.00427536136760799,0.09469537719917029,292.4266861084225,0.0,0.0,0.6469464328994844,483.4675363638596,0.7532381406182344,0.6577479027089216,0.0,5280.004683460151
0.00038456474728773744,0.006488613870091479,0.04307856223958867,292.85756025887844,0.0,0.0,0.6470085848164131,708.2368707500899,0.059163807275036534,0.9982482877063814,0.0,5076.921724973368
0.006326143375089958,0.0014932883170390894,0.009575339310506553,292.7145880088564,0.0,0.0,0.6652171461238647,851.1013277964639,0.9732528269369166,0.2297366641598599,0.0,5168.993390587538
-0.0016269118608141372,-0.0062931039874725,0.2027230627741662,291.94415790987006,0.0,0.0,0.6416460568245522,11.831204295427394,-0.2502941324329442,-0.9681698442265385,0.0,5121.830036255674
-0.006410441673178413,-0.0010752848714538556,0.12377221164450239,292.36791061422485,0.0,0.0,0.7152520840077046,356.35510773863604,-0.9862217958736021,-0.16542844176213164,0.0,5105.348554297367
0.001779937686478564,0.006251545555480928,0.049909973954229664,292.88850860507756,0.0,0.0,0.6446594083864072,675.8163875574774,0.2738365671505483,0.9617762393047581,0.0,5177.076954614193
0.004191014106941264,-0.004968440475181253,-0.15519753725697852,293.6784167358303,0.0,0.0,0.675733839100202,1577.1303998580986,0.6447714010678868,-0.7643754577201928,0.0,4858.999952032988
0.00566861921346378,-0.003180684865363004,0.18700818702150887,291.7698949378564,0.0,0.0,0.6516690448652839,79.75453297577879,0.8720952636098124,-0.48933613313276986,0.0,4791.892034472396
0.006475618555054716,-0.0005624627360377417,0.09283502331482604,292.22133592765374,0.0,0.0,0.6410971487086188,491.50860126481416,0.9962490084699565,-0.08653272862119105,0.0,4989.724701119422
-0.006455114805603007,0.00076255678246597,-0.1071118200117506,293.45562201164057,0.0,0.0,0.640706765171182,1365.3102813370492,-0.9930945854773857,0.1173164280716877,0.0,5033.096646226279
0.0064002177949447694,-0.0011345537348545068,-0.14448212247859044,293.8472345583356,0.0,0.0,0.7073234908743877,1530.0596282765346,0.9846488915299646,-0.1745467284391549,0.0,5016.353829142641
-0.00608951779293187,0.0022732736415940237,0.17553349528411813,292.2070101038189,0.0,0.0,0.7089399477017296,129.7595334628411,-0.9368488912202878,0.3497344063990806,0.0,4844.80019741539
-0.006499992537806433,-9.84928731887859e-06,0.14978907991770304,292.3208564928797,0.0,0.0,0.7099077804934348,242.92927042689502,-0.9999988519702204,-0.0015152749721351678,0.0,5016.916930298901
-0.0014071544983542753,-0.00634585819395307,0.04194204097928769,292.555074594549,0.0,0.0,0.7164490959103381,712.8160173964247,-0.21648530743911928,-0.97628587599278,0.0,5153.400054695372
0.0015286728063032644,0.006317686241913957,-0.16993628320391885,293.79851251089974,0.0,0.0,0.7182141483603168,1641.1377437222488,0.23518043173896377,0.9719517295252242,0.0,5224.029462432198
-0.0020929391573902755,0.0061538285386791925,0.13174512302627764,292.0209575764915,0.0,0.0,0.7080174414556126,319.08203918766515,-0.32199063959850394,0.9467428521044912,0.0,4869.019283554969
-0.005953776239950976,0.0026081695659207465,0.05518579107799995,292.57276568783556,0.0,0.0,0.6967774764059322,656.3550148176452,-0.9159655753770732,0.4012568562954995,0.0,4860.0793275225515
0.006499248640517871,9.882868372388964e-05,-0.19343414201486991,294.10328207863637,0.0,0.0,0.6876505673812936,1739.4511830986244,0.9998844062335187,0.015204412880598405,0.0,5124.216198506244
-0.0008499378680477891,0.006444191618850139,-0.05253562611556828,293.42538821847927,0.0,0.0,0.6487458676554576,1124.73934340491,-0.13075967200735217,0.9914140952077137,0.0,5010.5577898578995
-0.0005353163208743043,0.006477919144031175,-0.06835292946717908,293.4233412113011,0.0,0.0,0.6572249072057096,1193.5407775052051,-0.08235635705758529,0.9966029452355655,0.0,5038.967441452578
-0.006496345473056134,0.0002179346110719253,-0.10482509575332452,293.3769577595742,0.0,0.0,0.6400956417135234,1353.9994818940509,-0.9994377650855591,0.03352840170337312,0.0,5073.925740397586
0.005993307775430675,0.0025160011742767934,-0.012994548230733427,292.93463661012316,0.0,0.0,0.6721190957851015,954.6429194134975,0.9220473500662578,0.3870771037348913,0.0,5242.254991294034
0.005784535881485278,-0.0029646491589746886,-0.08821319805921753,293.5402906451041,0.0,0.0,0.7187099122971934,1283.5322125185205,0.8899285971515813,-0.4560998706114906,0.0,4882.870337985791
0.006373832557793201,0.0012744640148766003,0.050881829257974714,292.47898008843276,0.0,0.0,0.6468447266875921,672.6878644597031,0.980589624275877,0.19607138690409234,0.0,5141.2405410981155
-0.0002589689311476209,-0.006494839112148988,-0.1835985159384847,294.12220868125434,0.0,0.0,0.641648836905838,1698.6295730795644,-0.03984137402271091,-0.9992060172536905,0.0,5133.6410213359595
0.0021060981256998193,0.006149337418366608,0.03280401304939476,292.91582245573335,0.0,0.0,0.6405953398876814,753.5669094831503,0.3240150962615107,0.9460519105179398,0.0,5203.666375876386
0.0016250917400863916,-0.006293574249685387,-0.025643670602600227,292.93017943737374,0.0,0.0,0.7196070173919047,1006.5017705953326,0.2500141138594449,-0.9682421922592903,0.0,4946.468357717099
0.005941563523228104,0.0026358723222958363,0.1386245950998248,292.2274797987893,0.0,0.0,0.6574259804458628,290.36939787036977,0.9140866958812467,0.40551881881474405,0.0,5204.766626379678
-0.0022718048807357717,-0.006090065893228506,0.15599543271949837,292.03830618530264,0.0,0.0,0.662143124160737,212.90064667336918,-0.34950844319011876,-0.9369332143428472,0.0,5178.0758347387
0.00014705241683952782,0.006498336370695322,0.024789271401776725,293.05361912227005,0.0,0.0,0.6425257464118173,789.2824688340097,0.02262344874454274,0.9997440570300495,0.0,5064.053432708103
0.005384607583792612,0.0036408791752217057,-0.19073917365722495,294.18056593026625,0.0,0.0,0.7090566799494934,1730.1147844734035,0.828401166737325,0.5601352577264163,0.0,5347.834450122631
0.005367261980697926,0.0036664013460823625,-0.184973275013235,294.12564117029365,0.0,0.0,0.7114867050616878,1707.3266979255504,0.8257326124150657,0.5640617455511328,0.0,5347.020608874739
0.005394740871881122,0.003625847614731665,-0.047489333181531285,293.11460841442613,0.0,0.0,0.6854235004082797,1105.5797617440105,0.8299601341355574,0.5578227099587177,0.0,5305.38462261934
-0.005635764017767104,-0.003238543489910485,-0.13901650263886883,293.61418212966896,0.0,0.0,0.6400289447640911,1504.4831783910238,-0.867040618118016,-0.4982374599862285,0.0,5316.683814507918
0.006280665656101449,-0.001674287584696175,0.10896973436336335,292.2280861905437,0.0,0.0,0.640519689183154,417.8992193069284,0.9662562547848383,-0.2575827053378731,0.0,4903.660969132164
-0.0051929174952893885,0.003909425518809301,-0.09303507164110858,293.4609681465849,0.0,0.0,0.6449018077136931,1307.5945309436795,-0.7989103838906753,0.6014500798168156,0.0,4846.977419986926
-0.0013700179863971795,0.006353979124686216,-0.03797140282780556,293.2554960384142,0.0,0.0,0.6427002726527231,1065.141259517994,-0.2107719979072584,0.9775352499517256,0.0,4968.095052486907
-0.001461637851475837,0.006333530989198134,0.012611926936836187,293.0125944212492,0.0,0.0,0.643477791381994,843.1899111464794,-0.22486736176551336,0.9743893829535591,0.0,4946.754519372624
0.006491210117295226,0.0003379219038832744,0.08120876058303841,292.32526651311986,0.0,0.0,0.6414951105853816,541.2573694026751,0.9986477103531117,0.05198798521281145,0.0,5062.190423467701
-0.00599030955081966,-0.0025231312857952447,0.0410463918906141,292.96545738916774,0.0,0.0,0.7142440698933951,719.4118335056128,-0.9215860847414862,-0.3881740439684992,0.0,5226.854320575273
-0.004114301568671248,-0.005032148904993701,-0.025001929043928367,293.18160768826067,0.0,0.0,0.6992564052743617,1005.3400049999236,-0.6329694721032689,-0.7741767546144156,0.0,5312.332763610409
0.005931239242974241,0.002659022572789172,0.07635079787915969,292.37534658791503,0.0,0.0,0.6400085807995549,563.8084252267913,0.9124983450729602,0.4090803958137188,0.0,5224.296017101883
0.0042483677257374374,0.004919488963999463,-0.05915629327313959,293.11328132963257,0.0,0.0,0.681922831339886,1155.28130669505,0.6535950347288365,0.7568444559999175,0.0,5324.64892630735
0.0035134621159215672,0.00546859981713637,0.0894497313553532,292.64736985815324,0.0,0.0,0.6521240697714147,507.178152818016,0.5405326332187027,0.8413230487902108,0.0,5261.2008722979035
-0.006042075034978158,0.002396524415000542,-0.10032486194327686,293.4559559444631,0.0,0.0,0.6423471465766318,1334.259796830635,-0.9295500053812551,0.3686960638462372,0.0,4918.002660161142
-0.005856845288659785,0.0028191068203783413,-0.09372566627649329,293.4568554983255,0.0,0.0,0.6419574943893327,1307.382771280851,-0.9010531213322746,0.4337087415966679,0.0,4892.034594642442
-0.006487797475823832,-0.0003981003801730393,0.1793918765309758,292.0366636048043,0.0,0.0,0.6930054530874616,113.40199124742655,-0.9981226885882818,-0.06124621233431374,0.0,5038.060677588006
0.006229324440614303,0.0018562103904367331,-0.13137295982683952,293.72447710424603,0.0,0.0,0.7195335153427088,1472.7450575446105,0.9583576062483544,0.28557082929795896,0.0,5235.290110578519
0.00027903069348308453,0.006494008151526632,-0.07962355979545682,293.36306887957693,0.0,0.0,0.6678877091164329,1245.266932364469,0.04292779899739762,0.9990781771579434,0.0,5104.748570111361
-0.004693513126270539,0.004496769344043138,-0.00880315739039092,292.8471580780111,0.0,0.0,0.6486942778414219,936.3515031105977,-0.7220789425031598,0.6918106683143289,0.0,4812.805575975951
-0.006159742695046896,0.0020754686051146134,0.03342272969380525,292.63408905757365,0.0,0.0,0.6874445112284363,752.4823288687182,-0.9476527223149072,0.3193028623253252,0.0,4898.923624287825
0.00643444944498255,-0.0009207933209812906,0.12232968272069986,292.13771460497014,0.0,0.0,0.6405221092736705,361.35850784109573,0.9899152992280846,-0.14166051092019857,0.0,4954.0802368950235
-0.0008966621477704946,-0.006437856552669965,0.010325409642489874,292.68343144284546,0.0,0.0,0.7199921230287147,848.838788871946,-0.13794802273392226,-0.9904394696415331,0.0,5125.292512122467
-0.0012048605385769084,-0.006387355562561095,-0.19879244456488215,294.2443550246339,0.0,0.0,0.6401666403555791,1766.9222158499595,-0.18536315978106285,-0.9826700865478608,0.0,5209.258570639216
8.359898419992326e-06,-0.006499994624005347,0.1301169040326058,292.331701170007,0.0,0.0,0.6635249966232536,328.10823833857717,0.001286138218460358,-0.9999991729238995,0.0,5021.273935120411
0.002738227343969563,0.005895092112319992,-0.001659511370696115,292.9623322262466,0.0,0.0,0.6441627359223119,904.312156007226,0.4212657452260867,0.9069372480492296,0.0,5251.516508481459
-0.0033527196780226377,0.005568596839473996,0.18078108886337288,291.8882958657004,0.0,0.0,0.7194180068201433,105.16347452390218,-0.5158030273880981,0.8567072060729225,0.0,4786.142376557279
-9.837807860708703e-05,-0.006499255476871915,-0.06898601762692097,293.2815971017914,0.0,0.0,0.6991229687197218,1195.2902653189503,-0.015135089016474928,-0.9998854579802946,0.0,5087.757707255748
0.004792532284484009,-0.004391085777137414,0.1895434011176881,291.8362643178097,0.0,0.0,0.6468117198036858,69.32823335662815,0.737312659151386,-0.6755516580211406,0.0,4755.477487914854
0.006373245264639778,-0.0012773976658608105,0.1731055069873558,291.76097309677215,0.0,0.0,0.6546439115683529,141.24635241627544,0.9804992714830427,-0.1965227178247401,0.0,4912.989782736164
0.006313230212959383,0.001546972617138656,-0.02244836935856051,293.0196779975591,0.0,0.0,0.6841412020297494,994.6446509780656,0.9712661866091359,0.2379957872521009,0.0,5182.148884803102
0.004211992767019663,-0.004950668331707754,-0.18352151820191734,293.8307228411429,0.0,0.0,0.6595483069518638,1700.421267854015,0.6479988872337944,-0.761641281801193,0.0,4866.942263544241
0.0027045437338375296,-0.005910621218768814,0.060418157263204736,292.70583010186294,0.0,0.0,0.6885637281237936,631.0586929402125,0.41608365135961994,-0.9093263413490484,0.0,4853.138724705575
-0.004731328201429018,-0.004456964600528307,-0.10919500193409953,293.70943038237806,0.0,0.0,0.6482281269879328,1376.7361156325132,-0.7278966463736952,-0.6856868616197395,0.0,5341.5140962789565
-0.00417843260888868,-0.0049790261028614564,0.07510412861416618,292.45320826926115,0.0,0.0,0.7159696510370361,564.7656008596308,-0.6428357859828738,-0.7660040158248395,0.0,5284.225700609643
0.0009411708935094883,0.006431500396424659,-0.044341864979075635,293.27761486138155,0.0,0.0,0.6528529735495527,1093.2802126780705,0.1447955220783828,0.9894615994499476,0.0,5144.612911257577
0.006396577585063335,-0.0011549005144449941,0.19595265432331885,291.74082027898436,0.0,0.0,0.6675208685417056,38.560772624264644,0.9840888592405131,-0.17767700222230678,0.0,4915.223024397575
-0.0022655009133492328,0.006092413775476333,-0.13128529731514987,293.79792474011396,0.0,0.0,0.6834006363530675,1470.2585264293075,-0.34853860205372816,0.937294426996359,0.0,4935.0833204188175
-0.0053919993915535576,-0.003629923217023477,0.028538706631052124,292.9061336521834,0.0,0.0,0.7142892195652358,771.6194413247302,-0.8295383679313165,-0.5584497256959196,0.0,5283.274944828044
-0.006343721014660745,0.0014167581614910993,-0.1620132982136857,293.8715837832013,0.0,0.0,0.6629972501710116,1605.24394182792,-0.9759570791785762,0.21796279407555375,0.0,5001.057360368655
0.006049915506980306,-0.0023766620202290483,-0.04978226911997355,293.3911604821989,0.0,0.0,0.7162988650597724,1116.2677695313591,0.9307562318431241,-0.36564031080446896,0.0,4904.409421283078
0.001516505752145232,-0.006320617873571414,0.1190454517634538,292.3975938976232,0.0,0.0,0.6612090236687523,372.3196705270111,0.23330857725311263,-0.9724027497802176,0.0,4911.722477718041
-0.0038294585865070573,0.005252165927903208,-0.15798112275418985,293.9517164605743,0.0,0.0,0.6887384006490957,1587.423423730321,-0.5891474748472396,0.8080255273697243,0.0,4868.215277860479
-0.0044691399448562544,0.004719829250438011,0.046700624607968616,292.5025335525852,0.0,0.0,0.6761263506413022,690.3096810433059,-0.6875599915163468,0.7261275769904633,0.0,4796.70338916731
-0.006455023208846933,0.0007633317583118393,0.014899022958416108,292.8420808312487,0.0,0.0,0.6844156979444135,831.5426322707962,-0.993080493668759,0.11743565512489837,0.0,4997.32778117076
-0.004891496601249776,0.004280567836159344,0.14189386114702937,292.167151541784,0.0,0.0,0.719734945492835,278.42506201710205,-0.7525379386538117,0.6585488978706683,0.0,4770.678574367215
0.005133057003300905,-0.003987696804029053,-0.15743270572687434,293.649761562205,0.0,0.0,0.6827373209326028,1587.515807338788,0.7897010774309084,-0.6134918160044698,0.0,4863.840291043905
-0.0014903442509403562,0.006326837599756218,0.09404048257723194,292.362196853317,0.0,0.0,0.6840610299960754,485.51418731403726,-0.22928373091390097,0.9733596307317259,0.0,4920.888192491286
-0.004973210191171332,0.004185353078824963,0.015564881909635897,292.7150412165109,0.0,0.0,0.6622042374734128,823.8898498862419,-0.765109260180205,0.643900473665379,0.0,4809.117317289035
0.0034370194878274563,-0.00551696447698318,0.05341584644837502,292.83332994866413,0.0,0.0,0.6877527622538439,661.0740847317281,0.5287722288965317,-0.84876376568972,0.0,4819.964739627243
0.0021028445405503297,-0.00615045078333919,0.03341787955365161,292.7612399238414,0.0,0.0,0.7066518609611402,751.2077840871333,0.32351454470005075,-0.9462231974367986,0.0,4897.160673752113
-0.0064430899437869895,0.0008582493671835516,0.14938494116610426,292.29419726557006,0.0,0.0,0.7133246254065299,241.1313746944383,-0.99124460673646,0.13203836418208487,0.0,4950.836420006389
0.005129145667407038,0.003992726477298389,0.06622353431295017,292.58904818343643,0.0,0.0,0.6402224990778639,605.823433703298,0.7890993334472367,0.6142656118920599,0.0,5282.975794604099
0.0023021094777219715,0.00607867518071024,0.009906195349696167,293.0164760933912,0.0,0.0,0.6408805674641688,856.8949441194256,0.35417068888030334,0.9351807970323446,0.0,5222.707439307596
-0.006237334971011954,0.0018291124786057593,-0.12962071170726625,293.65417017309227,0.0,0.0,0.6494288816794441,1461.9111875330368,-0.9595899955403007,0.28140191978550144,0.0,4962.922535804175
-0.006422641885225634,-0.000999835593557915,-0.10358918441944588,293.41345017997224,0.0,0.0,0.6403788599145408,1350.421193468164,-0.9880987515731745,-0.15382086054737154,0.0,5166.313885820125
-0.005904280949589309,0.0027183573106412577,-0.20481267570567507,294.21848539171845,0.0,0.0,0.6966239792218392,1791.2001967830925,-0.9083509153214321,0.41820881702173196,0.0,4930.004992508679
0.006254601448269554,-0.001769169501010122,-0.04643760405613631,293.3907791975433,0.0,0.0,0.7133818068054071,1099.7932084398133,0.9622463766568544,-0.2721799232323265,0.0,4942.639421405565
0.005148941954908407,0.0039671648245294755,-0.02753543216549148,292.92343224813476,0.0,0.0,0.6707055448831536,1021.2346750070608,0.792144916139755,0.6103330499276116,0.0,5309.795262203819
0.0023018311548738094,-0.006078780579561357,-0.14091172074427383,293.68997361765685,0.0,0.0,0.6710105552152522,1513.1499094834228,0.35412786998058604,-0.9351970122402088,0.0,4935.6527918735665
-0.006443957761534195,0.000851709086227918,-0.19985593376239255,294.1706744724086,0.0,0.0,0.6821021530805556,1772.0978088909847,-0.9913781171591071,0.1310321671119874,0.0,5053.543208078394
-0.005699460160434383,-0.0031250846195937276,0.10009979726726867,292.38974673215745,0.0,0.0,0.7157570967246429,461.66411925578456,-0.8768400246822128,-0.4807822491682658,0.0,5241.487057974536
0.006168699467993817,0.0020486939433631375,-0.015770507701074493,292.952062991793,0.0,0.0,0.6768444959434613,963.5394256846482,0.9490306873836641,0.31518368359432886,0.0,5214.175252298355
0.006486266112865159,0.00042231731328124547,0.019703493395254956,292.6658937429292,0.0,0.0,0.6656484238652375,814.1449593090437,0.9978870942869477,0.06497189435096085,0.0,5086.650431316415
-0.002762504602244735,-0.005883754611009593,-0.19931866062134226,294.05641849559083,0.0,0.0,0.6424511786924525,1765.921154046441,-0.4250007080376515,-0.905193017078399,0.0,5310.6910055468725
0.0016999093648945346,0.006273779415244359,0.11327046576451114,292.4528700321707,0.0,0.0,0.6760247463059449,403.84268270082623,0.26152451767608226,0.9651968331145169,0.0,5153.0589866781065
0.0015341303942583164,-0.006316363188846317,0.062394684720810084,292.70792759375047,0.0,0.0,0.6947007437463094,625.3692137063259,0.2360200606551256,-0.9717481828994334,0.0,4927.062108522608
0.0017183450794827598,0.006268755074798934,0.01404907698530286,293.00795695399387,0.0,0.0,0.6400545703961552,834.6686865420841,0.26436078145888614,0.9644238576613745,0.0,5183.365997363169
0.004001241840938549,0.005122505610570153,-0.06585297566608384,293.1353924998406,0.0,0.0,0.6840532856364633,1183.5268517495738,0.6155756678366998,0.788077786241562,0.0,5321.834796444824
-0.0016798177399475265,0.006279188829821697,-0.0123353490664391,293.20964037150526,0.0,0.0,0.6401046823365963,952.5184403741752,-0.25843349845346564,0.9660290507417997,0.0,4938.783212472784
-0.006322580537453932,0.0015083021406232715,-0.18606612737871353,294.0518278703504,0.0,0.0,0.6777620674356003,1708.607162559343,-0.9727046980698357,0.232046483172811,0.0,5001.602026568601
-0.006423466685827885,0.0009945228685451753,0.15542381256960722,292.2514486704553,0.0,0.0,0.7116623147870423,218.90078327031316,-0.9882256439735208,0.1530035182377193,0.0,4938.909103467821
0.0006062083188336584,0.006471669913876701,-0.051649715092769194,293.28850045325225,0.0,0.0,0.6546660141819785,1120.9750674336033,0.0932628182821013,0.9956415252118002,0.0,5121.545157103221
-0.004225675127513264,-0.004938994808330512,0.1346043825386631,291.9925775608549,0.0,0.0,0.6885622867998838,305.93204888039025,-0.6501038657712714,-0.7598453551277712,0.0,5267.592796732993
0.0055792316253676965,0.0033349924243537533,0.13680756904527466,292.2754297396597,0.0,0.0,0.6606031223298554,297.4399018022436,0.8583433269796457,0.5130757575928852,0.0,5240.156336661871
0.003922038336240553,0.005183398044628585,0.01625863658413909,292.81051882781037,0.0,0.0,0.6431355557435393,824.1001841188055,0.6033905132677774,0.7974458530197823,0.0,5295.827005936734
-0.0004917160808243414,0.006481374491252511,0.11179904207812166,292.29480389240734,0.0,0.0,0.688659973066231,407.87839989333673,-0.07564862781912944,0.9971345371157709,0.0,4989.5623994059315
-0.0009020541623093899,0.006437103252881711,-0.13871181180591052,293.7054784062882,0.0,0.0,0.6961537059720684,1504.4055284567653,-0.13877756343221384,0.9903235773664171,0.0,5031.881232526953
-0.0052473538917018935,0.003836049678411503,-0.18487939912593182,294.25262323821835,0.0,0.0,0.6926932453575697,1705.138756747062,-0.8072852141079836,0.5901614889863851,0.0,4875.896721649284
-0.006215638016238438,0.0019015372862743183,-0.022066549963244975,292.93978356594016,0.0,0.0,0.6562712007942412,991.5192775452616,-0.9562520024982212,0.29254419788835667,0.0,4926.585514903279
-0.004874559714048341,-0.004299845066299128,0.01678089332038421,293.0065608286011,0.0,0.0,0.7132199213751607,824.3898479833152,-0.7499322636997449,-0.6615146255844812,0.0,5303.134099345711
-0.0008266426801042701,0.006447221252557572,-0.004203338163536741,293.1727505036608,0.0,0.0,0.6400796200055647,912.9074737636015,-0.12717579693911849,0.9918801927011649,0.0,4998.158668328709
0.005173982391418198,0.0039344511959477175,0.1649201860756733,292.2057528387603,0.0,0.0,0.6814367351283523,176.27251049280179,0.7959972909874151,0.6053001839919565,0.0,5252.639330592035
-0.0022839347040915373,-0.006085527279328086,-0.14610890064849663,293.8814656396005,0.0,0.0,0.6457629712905828,1538.8160451612207,-0.3513745698602365,-0.9362349660504748,0.0,5267.248159919658
-0.004944516609224103,-0.004219212663650289,0.06720972542003381,292.5867567429353,0.0,0.0,0.7194528146855905,607.0543995669192,-0.7606948629575544,-0.649109640561583,0.0,5287.2160453883835
-0.006116122396621698,-0.0022006923523160736,0.1435390677081285,292.15173864105475,0.0,0.0,0.7024694986401989,269.6331702616802,-0.940941907172569,-0.3385680542024729,0.0,5177.275000863331
0.006487105837174931,0.00040921614984129525,0.0008588386767792444,292.8857290751881,0.0,0.0,0.6769565617157568,893.1497019665819,0.9980162826422971,0.06295633074481466,0.0,5091.164354171775
-0.006429350219165078,0.0009557487950931279,-0.1955725464314007,294.0896059250069,0.0,0.0,0.6801239635644701,1752.1631298648201,-0.9891308029484736,0.14703827616817353,0.0,5044.5207012118035
0.0009952943348035422,0.0064233471949683655,-0.08635643072472426,293.41293278966197,0.0,0.0,0.6762586495194622,1271.2561235706933,0.1531222053543911,0.9882072607643639,0.0,5160.933290452772
0.006300055637801927,-0.0015997809101874377,0.012341306098589772,293.0022804864042,0.0,0.0,0.682380458422225,840.3349571279804,0.9692393288926042,-0.24612014002883656,0.0,4937.113250735917
-0.006373399737049382,0.0012766267237445989,0.05823073498668893,292.6681683263298,0.0,0.0,0.7056058180519458,637.9415559127735,-0.9805230364691357,0.1964041113453229,0.0,4946.667480237007
0.0062546811759341125,0.0017688876129973513,-0.20198135123399683,294.2781217289277,0.0,0.0,0.6926537573218667,1778.194208700015,0.9622586424514019,0.27213655584574636,0.0,5250.049369438861
-0.006461825762329664,0.0007034257724114513,-0.05436294486299223,293.0949147967115,0.0,0.0,0.6476614950248176,1136.2126763313631,-0.9941270403584099,0.10821934960176174,0.0,5022.1192149490025
0.00562061986432671,0.0032647560920742594,-0.05086973932544875,293.1645135677592,0.0,0.0,0.6900258826137179,1121.7976971345602,0.8647107483579555,0.5022701680114245,0.0,5292.047910622332
-0.0034692861294751734,0.005496731187881681,0.09650442567628362,292.30701242826433,0.0,0.0,0.698155791892183,474.4262457714923,-0.5337363276115652,0.8456509519817972,0.0,4806.077485465094
0.002393741650476042,-0.006043178047250985,0.09363827592035176,292.59473221262095,0.0,0.0,0.670439807791808,488.0366493738894,0.3682679462270834,-0.9297196995770747,0.0,4861.400693175329
0.004057689034305925,-0.005077908989030174,0.10181357110817565,292.55897776196946,0.0,0.0,0.6553596991737732,449.65532913673223,0.6242598514316808,-0.7812167675431037,0.0,4786.359774395922
-0.004911752547729905,0.00425730982075169,0.18486396391605112,292.08993207291826,0.0,0.0,0.7141412510759332,85.94082962379173,-0.7556542381122932,0.6549707416541061,0.0,4758.427765590551
-0.0028884798392240967,-0.005822944634666891,0.11334138548014824,292.1236401233535,0.0,0.0,0.6916043786254631,402.98496427762774,-0.44438151372678414,-0.8958376361025987,0.0,5225.873753959135
-0.006062447337656225,-0.002344511095760679,0.15543188080592205,292.00392616215754,0.0,0.0,0.6952301649592083,216.5372999839178,-0.9326842057932655,-0.36069401473241214,0.0,5182.7145475356865
0.0020423755051744274,-0.006170794300239111,0.00018402637410619427,292.9552414385364,0.0,0.0,0.7179385225347166,895.2107292936145,0.31421161618068116,-0.9493529692675555,0.0,4910.797273222469
0.005256241599381127,-0.0038238624777749692,-0.039785664919003594,293.2774369920865,0.0,0.0,0.7178137516469909,1070.7533335699359,0.8086525537509427,-0.588286535042303,0.0,4833.784880404717
-0.0035418606361347243,0.005450249832273684,0.07200063999750542,292.4871319004189,0.0,0.0,0.6843463583570291,582.883256256121,-0.5449016363284191,0.8384999741959515,0.0,4810.476637951594
-0.004311014691606692,-0.004864684196199302,0.17756733475022382,291.7739319836319,0.0,0.0,0.663497524096082,121.0735364814334,-0.6632330294779527,-0.7484129532614311,0.0,5256.215167902093
0.00263492012334164,0.00594198585858375,0.19898374295539337,291.8580073151397,0.0,0.0,0.7149178951730828,27.454054509573915,0.40537232666794465,0.9141516705513463,0.0,5187.0467505297665
-0.0035640821772395834,0.005435744496744043,0.06481545908510886,292.4426956720871,0.0,0.0,0.6801137896440117,611.4993997217305,-0.5483203349599359,0.8362683841144681,0.0,4811.758141484163
0.0052132204512228475,-0.003882310204884696,0.20352004198207388,291.6442478220768,0.0,0.0,0.6553874579315194,9.110842763767561,0.8020339155727458,-0.597278493059184,0.0,4760.914354206448
0.0032298465723758804,-0.0056407527085409245,-0.0005437661457637355,292.983665064115,0.0,0.0,0.7148767463437374,899.1795620837757,0.4968994726732124,-0.8678081090062961,0.0,4844.5524551936705
-0.002082259079979474,0.006157450537669225,0.12236209495351816,292.1067106234216,0.0,0.0,0.7035812959576305,357.0214345307678,-0.3203475507660729,0.9473000827183424,0.0,4872.454073246384
-0.006230095303737975,-0.0018536214571325028,-0.11318531869158817,293.462090420573,0.0,0.0,0.6403142694428349,1390.8819372443527,-0.9584762005750731,-0.2851725318665389,0.0,5229.792952774665
0.0024039682491138075,-0.006039117208438059,0.09531938211422866,292.55301720921153,0.0,0.0,0.6693771525749769,479.710922857462,0.36984126909443193,-0.9290949551443167,0.0,4860.292815599346
0.006035852355819372,-0.0024121538795752098,0.08842622454654572,292.4467354755403,0.0,0.0,0.6468936312564345,508.05863919559357,0.9285926701260573,-0.3711005968577246,0.0,4861.81850673051
0.0002535767752293766,-0.006495051871930221,-0.1817102142556849,294.12901964539464,0.0,0.0,0.6430945300464149,1693.0184627185208,0.03901181157375025,-0.9992387495277263,0.0,5093.692420436245
-0.0005408989944899769,0.006477455386010755,-0.15167554869826136,293.74271395317265,0.0,0.0,0.7048487173673252,1562.1596544827887,-0.0832152299215349,0.9965315978478084,0.0,5062.929540501952
-0.004438886907917816,-0.004748292642489067,-0.16145614168490693,293.8577423406932,0.0,0.0,0.6401424842997588,1601.850743469399,-0.6829056781412025,-0.7305065603829334,0.0,5356.688995105352
0.0046090935426626204,-0.004583258307687418,0.1842529744556042,291.8557492178675,0.0,0.0,0.6443420481576934,91.9626994857454,0.7090913142557878,-0.7051166627211413,0.0,4756.076249623041
0.0062292846674861,0.0018563438613098018,-0.13708527890404743,293.90381761253457,0.0,0.0,0.7188498030447634,1495.0981910904047,0.9583514873055539,0.28559136327843104,0.0,5236.970974534596
0.0016629994839417054,0.006283663956356165,0.09338490423988469,292.56866827655506,0.0,0.0,0.6644818577231166,489.01644706586364,0.25584607445257007,0.9667175317471024,0.0,5156.333275706386
-0.006469678194611012,0.0006271076926452,-0.10653138839769574,293.42123375067507,0.0,0.0,0.6405008183640043,1364.9816066350156,-0.9953351068632327,0.0964781065608,0.0,5043.165895303595
0.0059937587160586855,-0.002514926729284679,-0.009085593527824815,293.1892090819236,0.0,0.0,0.700445767224624,937.020344049027,0.9221167255474901,-0.38691180450533524,0.0,4884.270274982639
-0.004646160266062878,0.004545678693227066,0.02248422896997801,292.7375646884187,0.0,0.0,0.6633288136525404,796.1322928062066,-0.7147938870865966,0.6993351835733947,0.0,4803.478992936145
0.006062915411907121,0.00234330038792706,-0.17168013070527052,294.0679646098312,0.0,0.0,0.7108151233895965,1647.9961771801754,0.9327562172164802,0.36050775198877844,0.0,5278.380766644385
0.005585139403488278,0.003325089148218826,-0.1923230295153528,294.1877168276492,0.0,0.0,0.7067124049853322,1741.0251456097174,0.8592522159212735,0.5115521766490502,0.0,5336.065837847748
0.004368381926949347,0.004813235849228906,0.11502338238059848,292.4798840922347,0.0,0.0,0.6592609960315596,397.43853625935196,0.6720587579922073,0.7404978229582933,0.0,5275.1636433876865
0.006401353594617313,0.0011281277217939467,0.09953864167880241,292.2478253552938,0.0,0.0,0.6403326630055035,461.5538770614939,0.9848236299411252,0.17355811104522256,0.0,5116.328803483479
-0.006454371897388647,-0.0007688194912979677,0.0019201603804218093,293.04413093784257,0.0,0.0,0.6858977636550148,887.5888243346956,-0.9929802919059458,-0.11827992173814889,0.0,5118.162817446957
-0.004891478012452902,-0.0042805890778828334,0.15542246745183355,291.90100282372634,0.0,0.0,0.6816345315141795,218.16938439837966,-0.752535078838908,-0.6585521658281283,0.0,5262.302300346673
-0.00564244428246311,-0.0032268905341364387,-0.04690073620857499,293.32293291851045,0.0,0.0,0.6720827065191477,1100.9869724431053,-0.8680683511481708,-0.49644469755945214,0.0,5289.2010097673165
-0.006479164490425197,0.0005200264474170468,-0.13703489747259964,293.555472715418,0.0,0.0,0.6471987685161521,1497.4926366643886,-0.9967945369884919,0.08000406883339183,0.0,5060.233965495041
-0.006385210535211235,-0.0012161769694528195,0.09611220767232617,292.52537250135487,0.0,0.0,0.7198369514452385,477.97328914086717,-0.9823400823401901,-0.18710414914658763,0.0,5123.769550393867
-0.003558055530099047,-0.005439691245349463,0.011938278834232263,292.8226171018671,0.0,0.0,0.7168999163990369,842.1615178436608,-0.5473931584767765,-0.8368755762076097,0.0,5285.5558520656705
-0.0029679997883581342,-0.005782817415093275,0.15553055493062315,291.9527130724144,0.0,0.0,0.6667171784724891,216.90695492113377,-0.4566153520550976,-0.8896642177066577,0.0,5217.5960319609985
0.003242626306061185,-0.005633415894396578,-0.1870148409102475,293.9261022162457,0.0,0.0,0.6520717954049673,1717.9944029999754,0.49886558554787463,-0.8666793683687043,0.0,4898.557795706363
0.0037732514112372626,-0.005292690600025284,0.0028298658602086413,292.921132597636,0.0,0.0,0.7115331083605665,884.332961641677,0.580500217113425,-0.8142600923115821,0.0,4822.832666390665
0.0010247889689225789,-0.006418707624528056,-0.01764751401256781,292.92883437477417,0.0,0.0,0.7197488231733024,974.0141918602826,0.15765984137270445,-0.987493480696624,0.0,4987.321093290854
-0.0063450605958148155,-0.001410746623401287,-0.20460761852059248,293.94945826003493,0.0,0.0,0.6710838467268603,1793.528934467342,-0.9761631685868948,-0.2170379420617365,0.0,5225.817379253455
0.004973995688715716,0.0041844195402274695,0.07887466713812999,292.5384363264743,0.0,0.0,0.6422545052649077,550.2616882092619,0.765230105956264,0.6437568523426876,0.0,5283.225793733461
-0.00037113563519936753,-0.006489395837848479,-0.12044075848538813,293.6781260173842,0.0,0.0,0.6669600442191336,1425.6537840782805,-0.057097790030671926,-0.9983685904382276,0.0,5123.75327377807
-0.0036754253486340227,-0.005361086504302879,0.10315230913334908,292.2470154876865,0.0,0.0,0.70228707884554,441.5448200239984,-0.5654500536360035,-0.82478253912352,0.0,5262.995745746371
0.006463526594656069,-0.0006876219602177675,-0.025907503053524406,293.2694680651955,0.0,0.0,0.6992827603280533,1010.8694200580984,0.9943887068701645,-0.10578799387965654,0.0,5014.985490602354
0.0053183340995445845,-0.0037370205251806275,-0.16671896409466935,293.70501722626346,0.0,0.0,0.678965589123833,1627.1422971148047,0.8182052460837822,-0.5749262346431735,0.0,4873.591963721052
0.004434203770768461,0.004752666295807308,-0.11214244855676812,293.4919344631738,0.0,0.0,0.711296145039891,1392.642681539703,0.6821851955028402,0.7311794301242013,0.0,5342.222071308863
-0.0015475422148696037,-0.006313090613415625,-0.048217092859628025,293.191151965578,0.0,0.0,0.7023037722578337,1103.350595418543,-0.23808341767224672,-0.9712447097562501,0.0,5189.730949808783
-0.0008484414335865978,0.006444388809947264,0.10005246315202851,292.30350387100697,0.0,0.0,0.6837303659986975,458.58045106055926,-0.13052945132101507,0.9914444322995791,0.0,4966.010003366518
-0.0016687534170584356,0.006282138332849396,-0.1930271247801246,293.94773081630086,0.0,0.0,0.7161367154373738,1742.7854071636639,-0.25673129493206703,0.9664828204383686,0.0,4992.432550827716
-0.0060277981291976535,0.002432210869485057,-0.057324656177093314,293.16432259061156,0.0,0.0,0.6418918698505011,1150.039284869566,-0.9273535583381006,0.3741862876130857,0.0,4903.276455499734
0.0064171555067457425,0.0010344637268859622,-0.14604215058754988,293.94317762319946,0.0,0.0,0.7149594856220268,1534.9857997883196,0.9872546933454989,0.15914826567476342,0.0,5181.303980187008
-0.004093286320131399,-0.005049258074353612,-0.16573801072733751,293.9826100865764,0.0,0.0,0.640126433698011,1623.4469403719927,-0.6297363569432921,-0.7768089345159404,0.0,5353.101100298072
0.005687472018364455,0.0031468495420533447,-0.04524888739093666,293.1108544750303,0.0,0.0,0.6874782425186012,1092.4742672195398,0.8749956951329931,0.48413069877743764,0.0,5285.0497154533405
-0.0035633902351623497,0.005436198122948575,0.16932099233073503,291.9611613630462,0.0,0.0,0.7199776214465639,159.61668186049525,-0.5482138823326692,0.8363381727613193,0.0,4781.196538074758
-7.223923734638886e-05,-0.00649959856395667,-0.12583880457205743,293.77295904820505,0.0,0.0,0.6655809860005257,1445.630064250274,-0.011113728822521363,-0.9999382406087185,0.0,5102.387390853543
-0.0008862886319370383,0.006439292854102783,-0.18378481509701763,293.80469986150234,0.0,0.0,0.7158083390196318,1702.4748129667742,-0.13635209722108282,0.9906604390927359,0.0,5046.251363337244
-0.004080343233599351,-0.005059723223262315,0.10971769071223184,292.1397817206375,0.0,0.0,0.7015193397572624,414.6093699953223,-0.6277451128614386,-0.7784189574249716,0.0,5272.211853298507
-0.0037982447892540155,-0.005274783078090009,0.017914634100980847,292.93370520271947,0.0,0.0,0.7175812936635307,820.6952895063989,-0.5843453521929255,-0.8115050889369245,0.0,5291.856305958849
0.0032923576264886904,-0.005604496521481815,-0.053431539220615304,293.13402997231833,0.0,0.0,0.7183560750449623,1128.198088850329,0.506516557921337,-0.8622302340741254,0.0,4857.271554134615
0.004450609652572796,0.004737306589236742,-0.10746896782907021,293.48348437639504,0.0,0.0,0.7095267886661061,1368.0125460625484,0.6847091773188917,0.7288163983441142,0.0,5340.967970310891
-0.0061860256221635485,0.0019957672714863515,0.18999800712124434,292.0468147945141,0.0,0.0,0.700633521039695,63.94413554265308,-0.9516962495636229,0.30704111869020795,0.0,4858.285886624381
0.005642387000523902,-0.0032269906935593856,0.010400006881270296,293.13538905661363,0.0,0.0,0.6940961201823557,850.8335971057917,0.8680595385421388,-0.49646010670144397,0.0,4841.477629983027
-0.0005732142093222333,-0.006474675703865877,0.016993771540214253,292.69338917125845,0.0,0.0,0.7194089187061804,821.3286145339893,-0.08818680143418975,-0.9961039544409042,0.0,5098.947824026788
-0.001461514511830997,0.006333559451975437,0.004331512607700455,293.03226486702994,0.0,0.0,0.6417066636813061,876.5248219500633,-0.224848386435538,0.974393761842375,0.0,4949.186807660824
-0.006492377255872648,-0.00031470234734989395,0.05187965258865715,292.8773090788086,0.0,0.0,0.7098785128098373,670.2658326320784,-0.9988272701342537,-0.04841574574613753,0.0,5068.995195015031
-0.004695219529436109,0.004494987605144397,0.20107625195781345,291.9663889177002,0.0,0.0,0.7093478218384328,17.13126294085525,-0.7223414660670937,0.6915365546375996,0.0,4751.385649703172
0.00033694781655861975,0.006491260753421971,0.20382873398662313,291.6297154711143,0.0,0.0,0.7199025685199559,6.5184664615872885,0.05183812562440304,0.9986555005264571,0.0,5026.227024210786
0.004511787451100751,0.004679078327629255,-0.020183057793709297,292.92724893675046,0.0,0.0,0.6610235241998197,982.3546430997806,0.6941211463231926,0.7198582042506546,0.0,5315.741637389737
-0.006120926611106437,0.002187294543825561,-0.18924922390887683,294.1620950468398,0.0,0.0,0.6840660364528554,1723.040330849729,-0.941681017093298,0.3365068528962402,0.0,4956.94895900672
0.005591600676408163,0.003314212104798329,-0.16061096664861318,293.94233473412413,0.0,0.0,0.7174989376233304,1598.090061970107,0.8602462579089483,0.5098787853535891,0.0,5326.318746343387
0.0009219059688642008,-0.00643429012281639,0.16204004961775506,292.19546548281176,0.0,0.0,0.6452088565601092,188.89629006437585,0.14183168751756936,-0.9898907881255985,0.0,4942.374703545341
0.005211312202760909,0.0038848713138732458,0.0313974047760619,292.59262274186005,0.0,0.0,0.6439654496845042,760.7693287278419,0.8017403388862937,0.5976725098266532,0.0,5290.39959596102
-0.006460399738294028,0.0007164043700665491,-0.17337119839479603,293.86857132696827,0.0,0.0,0.6653764237760906,1654.2336958143776,-0.9939076520452351,0.11021605693331527,0.0,5055.970498591949
-0.0029694637805452637,0.005782065794854796,0.20396591116043009,291.72466589442746,0.0,0.0,0.7158670500302989,2.1434560042485478,-0.4568405816223483,0.8895485838238149,0.0,4797.111713940463
0.0026752979748088522,-0.005923915997546188,-0.16067297910420678,293.7252070462906,0.0,0.0,0.6619809048836272,1600.4391495840543,0.41158430381674654,-0.9113716919301829,0.0,4919.47309611591
-0.00418702579631712,-0.004971801985294164,-0.08501312328728529,293.60700246387876,0.0,0.0,0.6632547327699134,1267.0037042365068,-0.6441578148180185,-0.764892613122179,0.0,5331.237666862234
0.002031490430642946,-0.0061743863363257516,-0.033773035328838935,293.0229777527748,0.0,0.0,0.7192050152775599,1043.6148603293982,0.31253698932968405,-0.9499055902039618,0.0,4921.444474173061
0.00544514473001412,0.003549704053748629,-0.03300762724227849,292.95480744275295,0.0,0.0,0.6771274791660145,1040.3123431213996,0.8377145738483263,0.5461083159613276,0.0,5298.402216539244
-0.0038301238436520917,-0.0052516808111582455,-0.1533123994107768,293.88223308350496,0.0,0.0,0.6405235672424116,1568.067337106218,-0.5892498221003218,-0.8079508940243455,0.0,5342.9143820635845
-0.006267529744512504,0.001722809014850754,0.10672259250868624,292.505493532384,0.0,0.0,0.7191742644344055,430.65589457342844,-0.964235345309616,0.26504754074626985,0.0,4900.980015778278
0.006034111874155271,-0.002416504477582932,0.1380203292717521,292.07112464829396,0.0,0.0,0.6405329900881467,290.5493853246586,0.9283249037161956,-0.3717699196281434,0.0,4847.042168645117
0.006180909906484712,-0.00201155480360818,-0.14881412699062294,293.7570166220364,0.0,0.0,0.7007847288125726,1548.374322260084,0.9509092163822634,-0.3094699697858739,0.0,4956.416431009694
-0.005846366855786606,-0.00284077358963361,-0.20435165319920506,293.88552782057104,0.0,0.0,0.6621617180408765,1790.6791807047923,-0.899441054736401,-0.43704209071286315,0.0,5316.357039478233
-0.002277035008474579,-0.006088112315831663,-0.15770702386187577,294.0466290179506,0.0,0.0,0.6426615572097851,1584.8981528205265,-0.3503130782268583,-0.9366326639741019,0.0,5270.215489167722
0.005779072878061128,-0.0029752843007111547,0.004055668523801764,293.07972631478304,0.0,0.0,0.696065150675453,873.9106599028556,0.8890881350863274,-0.4577360462632546,0.0,4855.329131199212
-0.006476856186862598,0.0005480273120015837,-0.18595243338519585,293.9686313554677,0.0,0.0,0.67175986950949,1709.8664977150847,-0.9964394133634766,0.08431189415408981,0.0,5072.419255278971
0.00278797507346934,-0.005871728449929682,-0.09820527412300796,293.22415381624427,0.0,0.0,0.6994960835057307,1325.678109943726,0.42891924207220616,-0.9033428384507203,0.0,4895.012444260573
0.005656511284929819,-0.003202168028611491,0.18113464738162818,291.7537630784075,0.0,0.0,0.6491486653109464,104.74350890227525,0.8702325053738184,-0.4926412351709986,0.0,4792.628773087503
0.00017787260278850822,-0.006497565800911695,-0.16689079923721048,294.0252380660948,0.0,0.0,0.6472458687217294,1627.9284929711666,0.02736501581361665,-0.9996255078325685,0.0,5095.168703666856
0.0040605702465320165,-0.005075605310992858,-0.07492176685039748,293.2725795261712,0.0,0.0,0.7156006962338929,1228.0339371970633,0.6247031148510795,-0.7808623555373628,0.0,4838.024749117923
-0.00255550711816458,0.005976569531847694,-0.055428288033577994,293.3641972991629,0.0,0.0,0.6439019368081601,1139.1714872617458,-0.39315494125608924,0.9194722356688759,0.0,4895.475387170302
0.0026373563482355563,0.005940904938847415,-0.12089799598555515,293.4730459550504,0.0,0.0,0.7057608290808276,1427.1401054602702,0.4057471304977779,0.9139853752072947,0.0,5280.808250966493
-0.006499836440125964,4.6111295911554686e-05,0.06453709247219805,292.71190312414217,0.0,0.0,0.7132627607251445,617.7189257317361,-0.9999748369424559,0.007094045524854567,0.0,5037.564161377697
-0.00208003554079134,-0.006158202022428696,0.05033705771752098,292.49678773886995,0.0,0.0,0.7160928441636795,679.133876205775,-0.32000546781405237,-0.9474156957582609,0.0,5196.856304087011
0.0026204558364893993,0.005948378872349057,0.10833413267459688,292.5132284809477,0.0,0.0,0.6672069544655547,422.91560980716633,0.4031470517675999,0.9151352111306242,0.0,5212.759480141304
-0.004407192390789729,-0.004777724901097291,0.17957005506318177,291.7406391235365,0.0,0.0,0.6631070341715397,113.7476232800461,-0.6780295985830351,-0.7350346001688141,0.0,5256.630518161767
0.00636093681381915,-0.001337341710483999,-0.12021896999848118,293.73483297708106,0.0,0.0,0.7155025775203186,1422.3942081158084,0.9786056636644848,-0.20574487853599985,0.0,4994.514488296911
0.006267838032685215,-0.001721687078427647,0.2049305467560363,291.6985723022767,0.0,0.0,0.669363954842645,1.2824821165712272,0.9642827742592639,-0.26487493514271493,0.0,4872.313159133141
-0.004184791633126828,0.004973682638378899,-0.12008364121191926,293.7777404439805,0.0,0.0,0.6633249529208348,1421.0340108055248,-0.6438140974041274,0.7651819443659845,0.0,4848.8289701432595
-0.004627846818442692,0.004564321836267667,0.02901527416237565,292.6594121195658,0.0,0.0,0.6668933271071771,768.6503296397439,-0.711976433606568,0.7022033594257949,0.0,4801.531602880138
0.0064231974526176286,-0.0009962602494762104,-0.08757430862082827,293.6046799549494,0.0,0.0,0.71988798235401,1281.370707718586,0.9881842234796352,-0.15327080761172468,0.0,5009.901607961249
0.006474740595844344,0.000572480756467175,-0.0866396939505667,293.61739485445577,0.0,0.0,0.71782552818325,1274.6061054323259,0.9961139378222068,0.08807396253341154,0.0,5129.223810024425
0.0032302483503560304,-0.0056405226349179865,-0.04628823981047214,293.02806471170067,0.0,0.0,0.7192857002411865,1097.8876712202245,0.49696128467015854,-0.8677727130643056,0.0,4857.923056362431
0.001832025012282511,0.006236480125388941,0.12207922301225096,292.3294408221491,0.0,0.0,0.680573051024805,363.2483358228815,0.2818500018896171,0.9594584808290679,0.0,5159.481183021072
-0.003065448772660294,0.005731755736438486,0.10996582418830861,292.1726196633927,0.0,0.0,0.7027677666286988,418.2530230577022,-0.47160750348619906,0.8818085748366903,0.0,4819.881110459645
0.002396283477812592,-0.006042170594576289,0.13660680182630805,292.36970410140856,0.0,0.0,0.6486607743827929,297.38675776919126,0.3686589965865526,-0.9295647068578906,0.0,4848.671325370438
-0.0032593119497930133,0.005623778588630287,-0.12431591326994673,293.8249217376569,0.0,0.0,0.6724091808790758,1441.742685719377,-0.5014326076604636,0.8651967059431211,0.0,4879.46622514715
0.00597762128889382,-0.002553045970319253,0.03915084998251586,292.8681811392677,0.0,0.0,0.6721970743580324,724.2610967282574,0.9196340444452031,-0.392776303126039,0.0,4867.935984536247
0.0012241556907849492,0.006383685678721879,0.13196226131017982,292.2451521073934,0.0,0.0,0.6903621117673403,317.16209573609206,0.18833164473614603,0.9821054890341353,0.0,5113.857670155826
-0.0033340248896304276,-0.005579809856556477,-0.006949666466942561,293.0474857430344,0.0,0.0,0.7119617428399478,923.3388902219039,-0.5129269060969889,-0.8584322856240734,0.0,5282.190556901493
-0.0044075611161869055,-0.0047773847455566355,-0.1609049198403754,293.8743066098779,0.0,0.0,0.6400963042154401,1600.4392739469806,-0.6780863255672163,-0.7349822685471747,0.0,5356.284835798216
0.006406236697663412,-0.0011000597136112983,0.1899152370710225,291.74817399975416,0.0,0.0,0.6643779596391326,63.76341547257777,0.985574876563602,-0.16923995594019975,0.0,4921.015728221883
0.0064964651365766405,-0.00021433788569511875,0.12735863995118155,292.0104620251741,0.0,0.0,0.6423973760459589,341.0691099637352,0.9994561748579447,-0.032975059337710576,0.0,5006.245737166401
-0.000870806433700444,0.006441404827755038,0.06189720577920679,292.70650374491237,0.0,0.0,0.6612506351188158,628.9723668404872,-0.13397022056929908,0.9909853581161597,0.0,4975.502481146104
-0.00404220686068962,-0.00509024200754677,0.08229366537985608,292.3575626040711,0.0,0.0,0.713237651194922,538.4135907176438,-0.6218779785676338,-0.7831141550071954,0.0,5279.414773008903
0.005789318438598939,0.0029552989724388862,-0.18136758953618848,294.09678283083815,0.0,0.0,0.7096291627632884,1686.8168167670628,0.8906643751690676,0.45466138037521325,0.0,5315.558544070119
0.0007443669215873825,0.00645723763586617,0.05522112408601618,292.8083801683967,0.0,0.0,0.6502326749984425,656.7942593299862,0.11451798793652039,0.9934211747486416,0.0,5100.720016832577
0.006101431135480226,0.0022411019831753477,-0.15468429040758866,294.0478076963991,0.0,0.0,0.7160576953126556,1573.8336177517156,0.9386817131508041,0.34478492048851506,0.0,5267.095100767363
0.006458104063608838,-0.0007368119866010657,0.15485711911495667,291.91678233399136,0.0,0.0,0.6491187309672619,218.8010337209911,0.9935544713244366,-0.11335569024631781,0.0,4958.3634386899375
0.004377672553293911,-0.0048047875099880505,-0.033554264212061286,293.1799264223374,0.0,0.0,0.7189944073436167,1044.3051616780901,0.6734880851221401,-0.7391980784597001,0.0,4820.900211063294
0.0046569955787430775,-0.0045345773981229414,-0.13461000011496205,293.51566041052337,0.0,0.0,0.6920741006872753,1487.5108903653913,0.7164608582681659,-0.697627292018914,0.0,4849.486724618551
0.00046081594370685864,0.006483644705412655,0.054592699034898745,292.8387413629674,0.0,0.0,0.6511632781683523,655.4801346201907,0.07089476057028594,0.9974838008327161,0.0,5079.3798366793435
0.004948591858415806,0.004214432182254307,0.1775301540749866,292.174431940668,0.0,0.0,0.6912261787387045,119.04315533588077,0.7613218243716625,0.648374181885278,0.0,5254.850662419073
-0.0020843576029849972,0.006156740483638939,0.06867309624000437,292.50624353426855,0.0,0.0,0.6723688744957079,596.1797011509414,-0.32067040045923034,0.9471908436367599,0.0,4888.0325236278895
-0.0012025754916290764,-0.006387786172605739,-0.06882079929101836,293.3628022320085,0.0,0.0,0.6929634147760297,1195.052951135145,-0.185011614096781,-0.9827363342470369,0.0,5171.051490678524
-0.004149059940036723,0.005003528916073381,0.07084284243470149,292.3912706039169,0.0,0.0,0.688227605212308,586.5313998123322,-0.6383169138518036,0.7697736793959048,0.0,4793.585729833136
0.005744770280286555,0.003040989054030996,-0.17848220687124544,294.10165078328737,0.0,0.0,0.7111640600055747,1681.0276952756014,0.8838108123517777,0.4678444698509225,0.0,5318.981695170639
0.0034486685254880717,-0.0055096901365964245,0.1167308389476314,292.4089563843307,0.0,0.0,0.6519442325759275,387.12997425159693,0.5305643885366265,-0.84764463639945,0.0,4800.969847301758
0.0032810364811247795,0.005611131758346824,-0.14152317216583848,293.6044118928386,0.0,0.0,0.7161276169811657,1515.6364783647196,0.5047748432499661,0.8632510397456652,0.0,5319.295120380154
-0.0019291746260534212,-0.006207115695892227,0.014108919738120174,292.7770472244194,0.0,0.0,0.7198551831047153,834.5989359167627,-0.296796096315911,-0.9549408762911118,0.0,5197.581922224496
-0.006385811502524283,-0.001213017499555776,-0.07051709032285447,293.22063751347645,0.0,0.0,0.6488431286306856,1208.4840167758998,-0.9824325388498898,-0.18661807685473478,0.0,5172.308983907017
0.003073035630875174,0.005727691682638969,-0.06846419863939823,293.2201795319451,0.0,0.0,0.6788339128472388,1194.2661004722333,0.4727747124423345,0.8811833357906106,0.0,5288.338901134492
-0.006337252177183584,-0.001445418570097231,-0.1378701481588433,293.6276671623758,0.0,0.0,0.642002932529525,1498.2785179705338,-0.9749618734128591,-0.22237208770726632,0.0,5208.754392098417
0.004652809113593213,0.004538872916535991,0.002901093544925487,292.8353168115943,0.0,0.0,0.6508235194078392,883.2031374956881,0.7158167867066482,0.6982881410055372,0.0,5309.074086095236
0.0023734248170698205,-0.006051186217405401,0.2044667244955318,291.82993914221,0.0,0.0,0.6426438128009725,1.8562266112366554,0.3651422795492032,-0.9309517257546771,0.0,4830.19116298929
-0.006115147974779172,0.0022033985673395977,-0.17843347980665308,294.0616317203465,0.0,0.0,0.677549912079536,1679.717761097336,-0.9407919961198726,0.33898439497532273,0.0,4952.767530312982
-0.00261124666336776,0.005952427308506231,-0.037197744589394816,293.2599941425194,0.0,0.0,0.6404897446867508,1060.8432046749108,-0.4017302559027323,0.9157580474624971,0.0,4886.943287381823
0.0012768299596197746,0.006373359024424825,0.08379650086460536,292.57827583603694,0.0,0.0,0.6613746955673411,530.5717019083964,0.19643537840304226,0.9805167729884348,0.0,5131.778286535153
-0.0017228977640730435,-0.0062675053485858395,-0.08206547321921223,293.4439213823344,0.0,0.0,0.6817949375585166,1255.8487510187917,-0.26506119447277593,-0.9642315920901292,0.0,5211.809351667326
-0.005186499440117425,0.003917936134964638,-0.015529845405984649,292.8527343259758,0.0,0.0,0.649044736141982,962.6445033961244,-0.7979229907872961,0.602759405379175,0.0,4824.067526873968
-0.0035018931643883227,-0.0054760153638581345,0.057587887141531985,292.49293028418845,0.0,0.0,0.718049546374105,648.4071867043232,-0.5387527945212804,-0.8424639021320207,0.0,5270.084899419967
0.0008502848903903814,0.006444145839843618,0.18437384162801215,291.8191995920653,0.0,0.0,0.7160650462408187,91.70802140020479,0.1308130600600587,0.9914070522836337,0.0,5070.8814195387295
0.0054185991063506736,-0.0035900952250122386,-0.11157523176787285,293.5868532614225,0.0,0.0,0.7099605519297982,1385.3732361648736,0.8336306317462575,-0.5523223423095752,0.0,4862.439753821923
-0.0054643400107898515,-0.0035200835567470784,0.11854796023306649,292.2447052584082,0.0,0.0,0.7073410432943132,375.7603402147604,-0.8406676939676695,-0.5415513164226274,0.0,5252.935384200429
-0.004629527569915556,-0.004562617064732889,0.03137831545780259,292.84141723655995,0.0,0.0,0.718071201553646,758.0117591079197,-0.7122350107562394,-0.701941086881983,0.0,5300.789611575656
-0.004759161666125129,-0.004427231667270765,-0.12767288131948798,293.70165804612736,0.0,0.0,0.6426138261615321,1454.8679067461592,-0.7321787178654044,-0.6811125641955024,0.0,5346.715734568655
-0.006477885168556583,-0.000535727302827331,-0.1874205033842059,293.91611113969117,0.0,0.0,0.6662121120447578,1714.2481971213099,-0.9965977182394743,-0.08241958505035861,0.0,5155.92436667802
0.006499854399732693,4.350611767955309e-05,0.1360801630885394,292.01891283082534,0.0,0.0,0.645313179579773,304.46758539595885,0.9999775999588759,0.006693248873777398,0.0,5023.518209056207
-0.00014459155021365603,0.006498391592048514,0.20425657402317735,291.5438864610587,0.0,0.0,0.7199976439223044,7.101538609205728,-0.02224485387902401,0.9997525526228482,0.0,4989.097913366639
0.005169796813806399,0.003939949352968538,0.005202044882400364,292.82305271531936,0.0,0.0,0.6532976089394421,872.9946653766782,0.7953533559702153,0.606146054302852,0.0,5299.5275995272605
-0.0034487257373567864,-0.005509654325680776,-0.11819407295817727,293.8359822022054,0.0,0.0,0.6513117254603568,1412.0157776056853,-0.5305731903625825,-0.8476391270278117,0.0,5319.4606851589215
0.005409157387590182,0.0036043052529271934,0.13261369654900776,292.31014710296046,0.0,0.0,0.6600714836342478,320.0623894085509,0.8321780596292587,0.5545085004503375,0.0,5251.911139132733
-0.001973084590063231,-0.006193297764556053,-0.10822384307853462,293.77406079986264,0.0,0.0,0.6645657859113713,1371.2829059951032,-0.30355147539434324,-0.9528150407009314,0.0,5236.289476836281
-0.005050060925421708,-0.0040922957676014626,0.055945834618483875,292.7521455280231,0.0,0.0,0.719978983787702,652.8054918917321,-0.7769324500648782,-0.6295839642463789,0.0,5288.197715311705
-0.004800382955913878,-0.004382501965381366,-0.06449926160660993,293.49153518123404,0.0,0.0,0.6701612905975963,1179.230441477117,-0.7385204547559813,-0.6742310715971332,0.0,5327.844551468613
0.006052391477506642,-0.0023703496372908714,-0.10832227657671062,293.6110164044164,0.0,0.0,0.71579754035866,1369.3162352003467,0.9311371503856373,-0.36466917496782636,0.0,4921.925572742769
-0.004441843731563388,-0.004745526763634469,0.1381577516162599,292.0292310875706,0.0,0.0,0.6881781789138406,293.4465214305706,-0.683360574086675,-0.7300810405591491,0.0,5269.017884395951
0.0003675637351986565,-0.006489599132501699,0.061930736390889723,292.5852667272781,0.0,0.0,0.7014213322521696,624.0996731576881,0.056548266953639466,-0.998399866538723,0.0,5013.645039722667
0.006141887876095588,-0.002127724915836167,0.06226982103461984,292.5626252847005,0.0,0.0,0.6567330238425942,627.3876739269552,0.944905827091629,-0.3273422947440257,0.0,4887.120865647865
-0.0064963304339400035,-0.0002183824467874892,0.10090758486385146,292.6019007076492,0.0,0.0,0.719998307170477,451.3367219999124,-0.9994354513753851,-0.03359729950576757,0.0,5047.255238821046
-0.005870547498090553,0.0027904609068508286,0.016522233971582867,292.70987065038184,0.0,0.0,0.6724252663319128,823.0941056039728,-0.9031611535523928,0.42930167797705054,0.0,4861.299924851574
-0.0022052698973696683,0.006114473377140109,0.12845021921330788,292.0291034593666,0.0,0.0,0.7070843402839322,332.6573980341097,-0.33927229190302594,0.9406882118677091,0.0,4862.83009108553
0.006220789193565643,0.0018846171518950255,0.1678995692328338,292.0921653687973,0.0,0.0,0.6691614939883982,164.2521851302725,0.9570444913177912,0.2899411002915424,0.0,5149.60192908388
-0.006452699228196007,0.0007827340994479843,-0.09444824856329612,293.28944547607256,0.0,0.0,0.640000143458738,1314.3522894726034,-0.9927229581840011,0.1204206306843053,0.0,5027.87122746375
0.005880514006273561,-0.002769396147542,-0.15279434470125455,293.75803163851407,0.0,0.0,0.6940875684537882,1564.1826035994122,0.9046944625036248,-0.4260609457756923,0.0,4911.99280684396
0.0013023456525983821,0.006368194076907368,-0.060639473594989474,293.27193699359077,0.0,0.0,0.662970393887886,1161.5298487223217,0.20036086963052033,0.9797221656780567,0.0,5175.897131168944
-0.006499982087402776,1.5259863795277152e-05,-0.010410432263998265,293.029495548106,0.0,0.0,0.6735528104248582,942.3558361543116,-0.9999972442158117,0.0023476713531195618,0.0,5061.8731233428625
-0.0029366294513074286,0.005798810866523741,-0.08647755529464514,293.63596572119707,0.0,0.0,0.6537961124006078,1275.3623364513278,-0.451789146354989,0.8921247486959603,0.0,4883.7843646609235
-0.006458042258856707,0.0007373534992260975,-0.08914541108509207,293.2886732688708,0.0,0.0,0.640165408524918,1288.0580910766291,-0.9935449629010318,0.11343899988093807,0.0,5029.737966365665
0.0013522936652652672,0.00635777491288292,-0.1452921334235218,293.5682763956975,0.0,0.0,0.7104531146405838,1535.6861800275324,0.2080451792715796,0.9781192173666031,0.0,5204.271020818671
-0.0007508585188156654,-0.006456486001279794,-0.19624472161063677,294.21256765872107,0.0,0.0,0.64000676960952,1753.7106362013817,-0.11551669520241008,-0.9933055386584299,0.0,5174.809166071832
-0.005797601193391499,0.002939016910870956,-0.07869360378848317,293.3355322740331,0.0,0.0,0.640217590509876,1240.2055998882693,-0.8919386451371538,0.45215644782630093,0.0,4881.384369547446
-0.0018444970014340888,-0.006232802805456038,0.030748435785628164,292.603305280108,0.0,0.0,0.7193284954550266,760.9654311483408,-0.2837687694513983,-0.9588927393009289,0.0,5187.052364152493
-0.002955445785496166,-0.005789243491942012,-0.11505135291008456,293.75281352247595,0.0,0.0,0.6553376320160854,1400.7540594449092,-0.4546839669994102,-0.8906528449141558,0.0,5296.156351077831
0.00041937313374980676,0.0064864571358091054,0.021132074765828845,292.9760127153231,0.0,0.0,0.641337026681684,801.3816378546047,0.06451894365381643,0.9979164824321701,0.0,5086.00726115819
0.004368616488344567,0.004813022956288904,0.08319838331281951,292.60100485604704,0.0,0.0,0.6456499312640646,533.0502360599975,0.6720948443607025,0.740465070198293,0.0,5284.480631719271
-0.004154130634161106,-0.0049993198211681,0.19004810325124108,291.82989699503054,0.0,0.0,0.6558455260477186,61.52399318080565,-0.6390970206401702,-0.7691261263335539,0.0,5250.149272820221
3.607560514566777e-05,0.006499899887745454,0.06686019747421532,292.6570913452432,0.0,0.0,0.6590337357797278,607.4384718762478,0.005550093099333503,0.9999845981146853,0.0,5043.206165523582
-0.001624801649091587,-0.006293649148237392,-0.025449878224308803,292.99813766222854,0.0,0.0,0.7120200768293721,1008.1542682278766,-0.24996948447562878,-0.968253715113445,0.0,5188.4656858503995
0.006159409165804619,0.00207645821730225,-0.06839770141301421,293.39401252564755,0.0,0.0,0.7064663716289511,1193.2114995381196,0.9476014101237876,0.3194551103541924,0.0,5231.376895959397
0.003569095842733055,0.005432453853037834,0.032619180063996916,292.91376633970253,0.0,0.0,0.6401324240297357,750.5989969775944,0.5490916681127778,0.8357621312365899,0.0,5279.907934301193
0.005658946665023899,0.003197862198784507,-0.19340527596785578,294.2635643928337,0.0,0.0,0.7055246300178767,1743.654618123548,0.8706071792344461,0.49197879981300113,0.0,5330.766559808667
0.0037109781369062587,0.005336538322489941,-0.021836209628338238,292.91677494522173,0.0,0.0,0.6564816108373086,992.554379856206,0.5709197133701936,0.8210058957676832,0.0,5300.755311088342
-0.005368632457931889,-0.003664394292600101,0.032212230721700846,292.904736545222,0.0,0.0,0.7155125029024135,759.1366268637925,-0.8259434550664446,-0.5637529680923232,0.0,5283.386067167741
-0.006128044189847392,0.0021672734961876916,0.005037790403371489,292.829489684508,0.0,0.0,0.6696111865571742,876.2589111205278,-0.9427760292072911,0.33342669172118333,0.0,4901.352178533679
-0.0036415385227987463,0.005384161697699347,-0.1288413176566472,293.8408648717147,0.0,0.0,0.6724065647526767,1459.2663718685253,-0.5602366958151918,0.8283325688768227,0.0,4865.678503236457
-0.0037179228536111846,-0.00533170232239157,-0.16775564126856526,293.94105363999677,0.0,0.0,0.6400291257760322,1631.162234055436,-0.5719881313247976,-0.8202618957525493,0.0,5343.689246552823
-0.0058325116943986855,0.002869112638901194,0.125026679702915,292.3600986229012,0.0,0.0,0.7197496384747446,349.5938961814528,-0.8973094914459516,0.44140194444633757,0.0,4825.369748305607
-0.00023614653508703987,0.0064957089539146055,-0.031891411727912794,293.32324694933425,0.0,0.0,0.6440238472464161,1036.291081580418,-0.03633023616723691,0.9993398390637855,0.0,5051.180945542985
0.0055186549843865024,0.0034343044657260675,0.07563234140288097,292.427071874176,0.0,0.0,0.6404192939853776,558.8068548755007,0.8490238437517696,0.5283545331886258,0.0,5262.156503270994
0.00568032562481061,0.0031597311271878733,-0.05996223041155893,293.2435270748991,0.0,0.0,0.6959911695834685,1160.1932559082586,0.8738962499708631,0.48611248110582667,0.0,5289.955858247273
-0.00047333886185822207,-0.006482742500042306,-0.07807957653770753,293.40860928399036,0.0,0.0,0.6918725100790277,1239.0638087312173,-0.0728213633628034,-0.9973450000065086,0.0,5119.16657030842
-0.006091572926002478,-0.002267760853175134,0.1993623327188155,291.7455553079415,0.0,0.0,0.6693312787094183,25.148834106577404,-0.9371650655388427,-0.34888628510386677,0.0,5165.132068082831
0.0006940740846452056,-0.006462836928549561,-0.013344013322345638,292.8705637486516,0.0,0.0,0.7198099854532486,954.1911074710611,0.10678062840695471,-0.9942826043922401,0.0,5010.820504219279
0.0021203369477808993,-0.006144442304056177,0.08553016720307297,292.58845897262177,0.0,0.0,0.6771134356251034,524.0452887790058,0.32620568427398455,-0.9452988160086426,0.0,4880.785856771065
-0.005204069188925583,0.003894568509716503,0.17051193085520985,292.12084318357756,0.0,0.0,0.716845319130111,150.34254858916918,-0.8006260290654743,0.5991643861102313,0.0,4770.240767413544
0.0030708363374344024,-0.005728871109450139,0.0029251675230779484,292.9768782795418,0.0,0.0,0.714372328571294,882.1836487699874,0.4724363596052927,-0.8813647860692522,0.0,4850.949467900452
-0.006496512987211455,-0.0002128826131765922,0.18560000713446165,291.91177660365236,0.0,0.0,0.6904587972552009,88.02430936867441,-0.99946353649407,-0.032751171257937264,0.0,5022.044847417244
-0.003376356394559281,-0.005554297209991435,0.015504366166022632,292.8082647390335,0.0,0.0,0.7181104755197277,830.302671249249,-0.5194394453168125,-0.8545072630756055,0.0,5277.394526107486
0.0029593557431243697,0.005787245768553191,-4.479435692369971e-05,292.9947377287016,0.0,0.0,0.6443986898049467,896.8746679294745,0.4552854989422107,0.890345502854337,0.0,5262.6938087924855
-0.0016306751655603008,-0.0062921298861693,0.14381443089151427,292.05730892715343,0.0,0.0,0.6651797115114371,267.4716476647091,-0.25087310239389243,-0.9680199824875846,0.0,5139.333059539357
0.004385759705520496,0.004797406779233211,0.03763564138600789,292.6984409159707,0.0,0.0,0.6405356815883361,733.6718296369354,0.6747322623877686,0.738062581420494,0.0,5297.98200799885
0.005101105623180247,-0.004028488726701226,0.18709689721193493,291.8009079606481,0.0,0.0,0.6476315436239604,76.21918877341135,0.7847854804892688,-0.6197674964155733,0.0,4762.047666290273
-0.004727431466440187,-0.004461097592533835,0.1999528319660758,291.71960641094995,0.0,0.0,0.6548770989368351,24.485868053057278,-0.7272971486831057,-0.686322706543667,0.0,5251.057493685209
0.006235229739669984,0.0018362761484959132,-0.11129742625708187,293.76258258015463,0.0,0.0,0.7195413233341007,1384.0611192242118,0.9592661137953822,0.2825040228455251,0.0,5228.0731245287825
-0.0014625482534369107,-0.006333320819788671,0.034636386162600535,292.6104948158879,0.0,0.0,0.7181677082723262,744.4797090821086,-0.22500742360567857,-0.974357049198257,0.0,5159.481305779207
-0.0030655142901784608,0.005731720695978795,-0.09420267883784963,293.60524842049443,0.0,0.0,0.6568146416254385,1307.5167972254476,-0.4716175831043786,0.8818031839967377,0.0,4879.634572552276
0.005570921717716605,-0.0033488552096311167,-0.08162568902593818,293.53110980340665,0.0,0.0,0.7190240308080227,1258.6632636426616,0.8570648796487085,-0.5152084937894026,0.0,4863.106892706764
-0.005626348946313979,0.0032548728906535767,-0.08550264224845192,293.38281682197265,0.0,0.0,0.6413856635538216,1272.6846456315732,-0.8655921455867661,0.5007496754851657,0.0,4868.302670582372
-0.006048304396893358,-0.002380759106360925,0.08685634439625825,292.6137216556505,0.0,0.0,0.7196346445788557,516.7020859285914,-0.9305083687528243,-0.36627063174783464,0.0,5204.987574943284
-0.002469203104783764,0.006012739477752734,-0.1528095724757918,293.8344969973725,0.0,0.0,0.6948859322050772,1563.0351191855952,-0.37987740073596366,0.9250368427311898,0.0,4929.02445721888
-0.0006901533571665078,0.006463256790782167,0.11099434560862828,292.2480073259022,0.0,0.0,0.6893740999846404,412.5549165385144,-0.10617743956407813,0.9943471985818719,0.0,4974.725230274199
-0.004897898392507501,0.0042732413150525965,-0.009329046223455678,292.849356878557,0.0,0.0,0.649676951676529,936.8460339635171,-0.7535228296165386,0.6574217407773225,0.0,4815.039307372227
0.004040003822075008,0.00509199068318269,0.12304969247021044,292.5128248286128,0.0,0.0,0.6660669475723513,359.2370721791102,0.6215390495500013,0.7833831820281062,0.0,5267.43707505798
0.006465741972613715,-0.0006664688616741947,-0.1795457645136334,294.0028699995456,0.0,0.0,0.6913371639542564,1679.7427825615441,0.9947295342482639,-0.1025336710267992,0.0,5061.553344445022
-0.005699171436373363,0.0031256111304552854,0.1790358316091604,292.1610362485319,0.0,0.0,0.7113215305238115,113.66810155508553,-0.8767956055959021,0.4808632508392747,0.0,4796.7898761831
-0.000486375550887108,0.00648177744322491,-0.07574940254470375,293.44633658369906,0.0,0.0,0.6613571261806243,1229.0263070074361,-0.07482700782878585,0.9971965297269093,0.0,5044.8619405739955
0.005542344418522509,-0.0033959414521561463,0.023765287450643685,293.0295590508102,0.0,0.0,0.6873785194998088,790.3233190005766,0.8526683720803859,-0.5224525311009456,0.0,4830.304931520446
0.005782678106250178,0.0029682712004624593,0.20301826843541318,291.96552386895416,0.0,0.0,0.6971772991814889,10.169412659359612,0.8896427855769505,0.4566571077634553,0.0,5203.71086969661
0.0008153788132860025,0.006448655471557176,-0.01281201715300867,293.21446186593016,0.0,0.0,0.6420572979929559,951.6906733906812,0.1254428943516927,0.9921008417780272,0.0,5125.975859219623
-0.005131699201609483,0.003989443984341752,0.08143715237971402,292.4202106051942,0.0,0.0,0.702161167138882,540.5243384584393,-0.7894921848629974,0.6137606129756542,0.0,4793.885132228364
-0.006480858593395643,-0.0004984695501330482,-0.009345214881525343,292.9719895783835,0.0,0.0,0.6773439175948016,936.9408010947578,-0.9970551682147144,-0.07668762309739205,0.0,5100.966080317052
0.001526428736759603,-0.006318228811272545,-0.1364315147207405,293.7276084663732,0.0,0.0,0.6688325677417613,1493.7007831153699,0.23483519027070815,-0.9720352017342377,0.0,4985.797139265674
0.0037577388561682618,0.005303715555046598,-0.14146052487589866,293.6106558553785,0.0,0.0,0.7174735380615375,1517.1444497258435,0.5781136701797326,0.8159562392379381,0.0,5337.26080853743
-0.0021742784195279696,0.006125562288833161,0.12357224942509762,292.0462199981054,0.0,0.0,0.7046511331768346,352.5359459650071,-0.33450437223507223,0.9423941982820248,0.0,4866.215022516234
0.006487330411464193,-0.00040564039800273626,0.16086020419867272,291.9572617322182,0.0,0.0,0.6530615188023359,192.77886297666845,0.9980508325329528,-0.06240621507734404,0.0,4981.776677168192
0.003705258128728308,-0.005340511417410584,0.0009603388074750363,292.98935833665973,0.0,0.0,0.7125255668154503,890.0377561846014,0.5700397121120474,-0.8216171411400898,0.0,4825.54172592617
0.006497538128868039,-0.0001788805856039662,0.17788069814245386,291.85471833952965,0.0,0.0,0.6628494980158341,118.03122260213424,0.999621250595083,-0.02752009009291788,0.0,4994.182523203647
-0.006025808842985831,-0.0024371351599354846,0.09598034651617723,292.43597714328286,0.0,0.0,0.7183929424703845,475.5784605106302,-0.9270475143055125,-0.37494387075930535,0.0,5205.703582959308
8.84384520331168e-06,0.006499993983566601,-0.13472933716929014,293.6270804532134,0.0,0.0,0.6990107724947406,1483.3372410412671,0.0013605915697402584,0.9999990743948618,0.0,5100.11327188766
-0.004712011710115462,0.004477381561106306,-0.15116902190427092,294.0228574811904,0.0,0.0,0.6773986272463499,1560.2203487338502,-0.724924878479302,0.6888279324778933,0.0,4854.570339154518
0.0017565370495949994,0.006258160879475702,0.022663315440324766,292.9209974363808,0.0,0.0,0.6401085054303426,796.393126458415,0.27023646916846145,0.9627939814578004,0.0,5183.457857548172
0.006393864540575379,0.0011698274388869468,0.1144466038142786,292.2221751469088,0.0,0.0,0.6426213496812286,398.60642365035113,0.9836714677808276,0.17997345213645335,0.0,5115.020807942291
0.004263999585585756,-0.004905946140564987,-0.04916400341606461,293.1448879718084,0.0,0.0,0.7199712390071715,1108.6429725662606,0.6559999362439625,-0.7547609447023058,0.0,4826.827898612385
-0.006071937490994129,0.0023198222141922686,0.16280989589760067,292.22744842901744,0.0,0.0,0.7139051333415547,183.68414280945856,-0.9341442293837122,0.356895725260349,0.0,4845.652282030087
0.0014609830189326065,-0.006333682074306427,0.12568884732874533,292.5066401110079,0.0,0.0,0.6580098656580479,348.51789443667064,0.22476661829732408,-0.9744126268163734,0.0,4913.7053048161615
-0.001792276812085309,0.006248019192421013,-0.11205405740487005,293.6320160737262,0.0,0.0,0.6746980599521951,1386.7153627222558,-0.2757348941669706,0.961233721910925,0.0,4960.273470193936
0.006333528715329537,-0.001461647704508917,-0.06555255589708056,293.5355395384359,0.0,0.0,0.7177181131326753,1187.980207079537,0.974389033127621,-0.22486887761675647,0.0,4969.631229800355
0.005942446365845066,-0.0026338813923665536,0.037009711500517656,292.8561757279391,0.0,0.0,0.6740241869206234,735.6274379033724,0.9142225178223178,-0.4052125219025467,0.0,4863.940683303484
0.004187654502266161,-0.004971272449750663,-0.0355431873709659,293.24494522722324,0.0,0.0,0.7195182699801155,1053.5761222877375,0.6442545388101786,-0.7648111461154866,0.0,4824.0363579998175
0.0039102869096354275,-0.005192268895611418,-0.02234215809612239,293.1292860314125,0.0,0.0,0.7181767415307639,994.8549983941591,0.6015826014823735,-0.7988105993248336,0.0,4826.263889006492
-0.003297704431323911,-0.00560135211209103,0.04294649855208238,292.64555260416546,0.0,0.0,0.7196826279104347,708.9824801581689,-0.5073391432806017,-0.8617464787832354,0.0,5266.029153242189
-0.0010480021476859107,0.006414958417514934,-0.0938549386194459,293.5027161642998,0.0,0.0,0.6683925235439414,1304.380017085772,-0.16123109964398627,0.9869166796176823,0.0,5007.908907376645
0.0016519881113093474,0.006286567845819575,-0.034280292020883174,293.2205462428979,0.0,0.0,0.6516285425735732,1049.0588068985073,0.254152017124515,0.9671642839722423,0.0,5192.936633032401
0.005187377927187975,0.00391677293706477,0.04310391913340844,292.5863394611118,0.0,0.0,0.6413806806970767,708.4665359186627,0.7980581426443039,0.6025804518561185,0.0,5287.831336891251
-0.00606216712349142,-0.002345235546135986,0.19641907201604927,291.68396449817334,0.0,0.0,0.670584003444082,38.25254625625693,-0.9326410959217569,-0.3608054686363056,0.0,5170.762494959018
0.003980700870970107,0.005138484268328339,0.11506325440418866,292.50823619450074,0.0,0.0,0.662006526461464,392.55564449384605,0.6124155186107857,0.790536041281283,0.0,5268.391219781379
0.0010372530076036414,0.006416705244766756,-0.13433640427364946,293.5936868469893,0.0,0.0,0.7041485177142263,1481.8479610842062,0.1595773857851756,0.9871854222718087,0.0,5178.0842064682165
-0.0021205702648975045,-0.006144361785542297,0.03129999222626323,292.5925103114086,0.0,0.0,0.7195665883077392,761.0981651494935,-0.32624157921500074,-0.9452864285449688,0.0,5205.0348952949935
0.004702108681804052,-0.004487780514296901,-0.13790867347336982,293.5391326904252,0.0,0.0,0.6905182022271918,1497.074862846686,0.7234013356621618,-0.6904277714302925,0.0,4850.635328171866
-0.006492360590237582,-0.00031504597494636893,0.09239867758611295,292.66181375860185,0.0,0.0,0.7197741613582352,492.8002738962468,-0.9988247061903973,-0.048468611530210606,0.0,5057.162307944502
-0.0036893280232697364,-0.005351528635513092,0.10106510961969559,292.2268420677046,0.0,0.0,0.7034221777498735,452.457145702727,-0.5675889266568825,-0.8233120977712449,0.0,5264.071382854991
0.005872730851793004,0.0027858629439365123,-0.18064758215770751,294.1056384932851,0.0,0.0,0.7091400975274582,1685.3719219387167,0.9034970541220007,0.4285942990671558,0.0,5306.489306380878
-0.0007012058145078464,-0.006462067038162045,0.16494181063348493,292.1703326731158,0.0,0.0,0.6499798836368795,175.21747908357636,-0.10787781761659175,-0.9941641597172377,0.0,5065.348478058737
0.0007654890116435002,0.006454767739667559,-0.11336286442060084,293.4779340947823,0.0,0.0,0.6912276086559882,1395.4524051368403,0.11776754025284619,0.993041190718086,0.0,5151.653384152684
-0.006499439289311244,-8.537519872502861e-05,0.17351996887283197,292.0634702486347,0.0,0.0,0.6980901793337643,138.08097596747095,-0.9999137368171146,-0.01313464595769671,0.0,5015.780424107642
-0.00278792340150281,-0.0058717529841907515,0.08568878863708504,292.28048824616377,0.0,0.0,0.7057967327105271,520.5113816471035,-0.4289112925388939,-0.9033466129524234,0.0,5228.648136231272
0.0051414062710314215,-0.003976926144171999,-0.06339600372428644,293.35213671787574,0.0,0.0,0.7199301273400981,1175.0712579842138,0.7909855801586803,-0.6118347914110769,0.0,4836.578679196526
0.006474919847813834,0.0005704497912932168,-0.1299791384952264,293.83315361715256,0.0,0.0,0.7177995135389009,1465.4899739303219,0.9961415150482822,0.0877615063528026,0.0,5141.75411463213
-0.005863322421702314,-0.0028056104824374503,0.01529328420820536,293.0514176009452,0.0,0.0,0.7051725169295296,825.8782330846158,-0.9020496033388177,-0.43163238191345393,0.0,5250.200826263721
0.006493980701767734,0.00027966881318488527,0.15730608455236209,292.0177252870219,0.0,0.0,0.6546045132502968,207.94977638034786,0.999073954118113,0.04302597125921312,0.0,5035.452258383019
-0.004180434010231167,0.004977345827456895,-0.025643882957670505,293.1010848181855,0.0,0.0,0.6418534340810628,1010.9228116847748,-0.643143693881718,0.7657455119164455,0.0,4821.263328165674
-0.00628824689152719,0.0016455853156851594,-0.05913778678795262,293.03674607862416,0.0,0.0,0.643292350084511,1153.90580019404,-0.9674225986964908,0.2531669716438707,0.0,4954.848895717386
-0.006157461815154619,0.002082225731017842,0.1398038832495377,292.29405828556764,0.0,0.0,0.7187998086876115,283.77193031617014,-0.9473018177160952,0.32034242015659103,0.0,4867.3513118154715
-0.0002995311392081106,-0.006493094878148993,-0.07953991248341569,293.42900142868746,0.0,0.0,0.692040784558606,1245.716375835161,-0.04608171372432471,-0.9989376735613836,0.0,5106.296354336139
-0.003537190117931256,-0.005453282137356316,-0.10510639399553008,293.7936528650628,0.0,0.0,0.656909974852825,1359.2202755963162,-0.5441830950663471,-0.8389664826702025,0.0,5319.038535621281
-0.006158024588804985,0.002080560781057166,-0.17643289478703086,294.06400075469185,0.0,0.0,0.6755307185975621,1667.9564946565165,-0.94738839827769,0.32008627400879475,0.0,4960.015884813296
-0.004225170318720141,-0.004939426664887975,-0.10914301554500329,293.6943003667227,0.0,0.0,0.6510444567843006,1372.6664329112648,-0.6500262028800217,-0.7599117945981501,0.0,5338.925586415873
-0.004514790463052118,-0.004676180821432555,-0.03567317135518272,293.36371389734,0.0,0.0,0.690138977086933,1051.6714462773766,-0.6945831481618643,-0.719412434066547,0.0,5320.286804841882
0.003384890229747965,0.005549100659796754,0.02348152925154337,292.92373134320553,0.0,0.0,0.6407039129722163,792.8968620908846,0.5207523430381484,0.8537077938148853,0.0,5275.412524241746
0.0052572347824456364,-0.0038224968858383366,-0.18855473264961842,293.82607910455783,0.0,0.0,0.6652874306782665,1722.8717117047436,0.8088053511454826,-0.5880764439751287,0.0,4877.367063634555
0.006077700713758259,0.00230468089634603,-0.16434170255504194,293.9547782575589,0.0,0.0,0.7133426477082502,1614.9235197621501,0.9350308790397323,0.3545662917455431,0.0,5273.865226228261
-0.005079141429734242,0.004056146242032849,0.20426953630883735,291.93027761767576,0.0,0.0,0.7053092187665542,7.00270493136341,-0.781406373805268,0.6240224987742844,0.0,4756.406215281014
0.004669709916659813,-0.004521483085697544,0.12430383321979263,292.28255017704777,0.0,0.0,0.6437274271674891,350.1810771373974,0.7184169102553559,-0.6956127824150069,0.0,4773.748397338773
0.004490776921305453,0.0046992470293729304,-0.18883374135564737,294.06422493438015,0.0,0.0,0.7148122546456803,1722.0465670251492,0.6908887571239158,0.7229610814419893,0.0,5365.011253607301
-0.005285577589756126,-0.0037832088949287233,-0.0879216081849336,293.5838850908512,0.0,0.0,0.6534398917410063,1280.8900135125657,-0.8131657830394041,-0.5820321376813421,0.0,5322.377463110975
-0.0064637564411086776,0.0006854580001911675,0.19348816867499272,292.00044051155675,0.0,0.0,0.691133720626581,52.244064976578414,-0.9944240678628735,0.10545507695248732,0.0,4950.935783185425
0.0008379350512332437,-0.0064457633256205385,-0.016436918787842314,292.8417597946094,0.0,0.0,0.7196996616140744,971.5399322798738,0.12891308480511443,-0.9916558962493136,0.0,5000.892095173541
-0.003266498234936978,0.005619607573590313,-0.16244787508838787,293.97930420137817,0.0,0.0,0.6952873989291488,1607.240978584542,-0.5025381899903043,0.8645550113215866,0.0,4890.309764269767
0.004950750739128321,-0.004211895905529999,-0.010399896707759648,293.1139029752683,0.0,0.0,0.7104259354294066,940.9280029666178,0.7616539598658957,-0.6479839854661538,0.0,4816.274087977159
-0.006388842357003665,-0.0011969516854726642,-0.018407002648686915,293.05565430564747,0.0,0.0,0.6761308169752169,975.0017575928173,-0.98289882415441,-0.18414641314964067,0.0,5155.886061887889
0.005749309787988015,-0.003032397889747518,0.13072226657176803,292.09403213073267,0.0,0.0,0.6400558571146147,326.6027201333917,0.8845091981520024,-0.46652275226884893,0.0,4815.417991653527
0.00023324042389039472,-0.006495813952436094,-0.11030040809694688,293.456868638801,0.0,0.0,0.6766579336470387,1376.852919980464,0.035883142136983806,-0.999355992682476,0.0,5074.353029706841
0.004045306841739355,0.005087778744813572,0.11402033501883849,292.5387370989749,0.0,0.0,0.6609916821736083,398.68589137424226,0.6223548987291315,0.7827351915097803,0.0,5270.197735050531
-0.0064824431514013845,0.00047742097654929666,-0.07162964313799633,293.15026668692315,0.0,0.0,0.6431508308749889,1213.8754847396626,-0.9972989463694438,0.07344938100758411,0.0,5044.339278456189
-0.0029204334245541285,0.005806984468099346,0.17300109829523472,291.9110886268942,0.0,0.0,0.7199880940447771,142.50235153675285,-0.4492974499314044,0.8933822258614379,0.0,4808.66835425948
-0.0010240720988743156,0.006418822036503828,-0.2040386718107549,293.84218837440085,0.0,0.0,0.7194033181136517,1789.9475914048937,-0.15754955367297163,0.9875110825390505,0.0,5041.927670501358
-0.005088333179470336,0.004044609431663495,0.0066022480142857165,292.7026026783345,0.0,0.0,0.6584001655610694,866.3998500633244,-0.7828204891492825,0.6222476048713069,0.0,4814.513547518863
0.0032227151201967862,-0.005644830135093085,-0.17984044191528678,293.88096092092377,0.0,0.0,0.6552713401981652,1682.2319404388325,0.49580232618412096,-0.8684354053989362,0.0,4897.350079833314
0.00018687001996098233,-0.0064973132597743646,-0.08459442752501385,293.43698529859375,0.0,0.0,0.6919412465979672,1267.046266994698,0.028749233840151128,-0.9995866553499023,0.0,5070.390669392393
0.005737906261855076,0.003053920714452866,-0.032395469933344856,292.9986922582693,0.0,0.0,0.6802941091094001,1037.3180530195182,0.8827548095161656,0.46983395606967177,0.0,5276.855693153356
-0.0015606641839961402,-0.006309859531304295,0.10534464656323242,292.2261207739806,0.0,0.0,0.6879027574118362,436.99537298997524,-0.24010218215325235,-0.9707476202006609,0.0,5145.706731483206
-0.006499505849115996,-8.014809609060785e-05,-0.09690575120420589,293.35647995616705,0.0,0.0,0.6401921681437883,1321.171999207729,-0.9999239767870763,-0.012330476321631976,0.0,5094.527428348638
-0.006068160294708006,-0.0023296846648697416,-0.0177700500833064,293.12859419209997,0.0,0.0,0.6837641904803393,974.92945182574,-0.9335631222627702,-0.35841302536457564,0.0,5232.501581777784
-0.0064999989671899825,-3.6642228587797765e-06,0.1776451696163154,291.9872678013127,0.0,0.0,0.6962609039773356,122.43318210222878,-0.9999998411061511,-0.0005637265936584272,0.0,5008.288155071658
0.0063107083779079766,0.0015572282327912215,0.009441302001835988,292.79030203298475,0.0,0.0,0.6649178543150642,857.9918995577667,0.9708782119858426,0.23957357427557255,0.0,5173.535073812886
0.0058764735921520185,-0.002777959344688102,-0.0178315569123704,293.245960115509,0.0,0.0,0.7062203702865495,976.8400466661623,0.9040728603310798,-0.42737836072124646,0.0,4872.0284037566025
-0.0009714873369935229,-0.006426990925313434,-0.06505709958516845,293.30272751443357,0.0,0.0,0.6964485367648092,1180.7430775697635,-0.14945959030669584,-0.9887678346636053,0.0,5152.9315200562405
0.0020144761520693726,0.006179958400567416,0.009172362545578405,293.1058454366283,0.0,0.0,0.6406077616450863,855.3625557802609,0.3099194080106727,0.9507628308565256,0.0,5204.645332933023
0.002261939505085639,-0.006093736922064567,0.0214869642402859,292.78696437321605,0.0,0.0,0.7109840661925735,801.1778405852698,0.3479906930900983,-0.9374979880099333,0.0,4890.590845108402
-0.00045986445745135543,-0.006483712260794195,0.14070235102834902,292.25059418170986,0.0,0.0,0.6603112276080899,281.39705870382727,-0.0707483780694393,-0.9974941939683377,0.0,5054.104372267735
-0.0029058940645426677,-0.005814273788329518,0.15328927289830654,291.9655090808194,0.0,0.0,0.6676126275913631,227.4298781668047,-0.4470606253142566,-0.8945036597430028,0.0,5215.083529691892
-0.0005521303914100794,0.006476507703298232,-0.20004329838391713,293.94375994990185,0.0,0.0,0.7194826585342399,1768.9003890942292,-0.08494313714001223,0.9963858005074204,0.0,5076.231190215154
-0.0032159338402265236,0.005648696268634549,0.15829378305314376,292.0190659772734,0.0,0.0,0.7192168419150898,204.48646359836368,-0.4947590523425421,0.8690301951745462,0.0,4798.6898343663215
-0.00032497367757513727,0.006491871233233396,0.019864406548548874,292.972835720156,0.0,0.0,0.6424863005836063,806.8512854344182,-0.049995950396174965,0.9987494204974455,0.0,5029.219314108945
0.0031816450153410157,0.005668080362552711,-0.1822003506101908,293.89109313728767,0.0,0.0,0.719475642737794,1690.7138290658017,0.48948384851400245,0.8720123634696478,0.0,5326.744915697366
-0.0017542899022963345,0.00625879117231923,-0.029299112427159962,293.405436862211,0.0,0.0,0.6406159958425159,1023.8014790725871,-0.2698907541994361,0.9628909495875738,0.0,4938.637667680679
0.0053700124664012965,0.003662371651088221,-0.15810769709455114,293.9241884100283,0.0,0.0,0.7187202860274495,1587.7079907505413,0.826155764061738,0.563441792475111,0.0,5339.020765823164
-0.0046503547096809865,0.00454138757145301,-0.17366383386000017,294.1402398919097,0.0,0.0,0.6915653579532383,1655.4472396473805,-0.7154391861047672,0.6986750109927707,0.0,4860.898698570333
-0.0063418490933616406,-0.0014251140575505272,-0.1308992203070901,293.4841592019605,0.0,0.0,0.6409138711167501,1468.638693158623,-0.9756690912864063,-0.21924831654623494,0.0,5205.268869804518
0.0024655032002854726,0.006014257557619402,-0.07678083271837075,293.2147710905926,0.0,0.0,0.6797962533385417,1231.9429293808112,0.3793081846593035,0.925270393479908,0.0,5257.953755479332
-0.001553271554594168,-0.0063116834107620305,0.17726619524848766,292.03640742613425,0.0,0.0,0.6485558344351379,117.18451432646582,-0.23896485455294894,-0.9710282170403124,0.0,5124.138019472708
-0.005064777252160835,0.004074068161677481,0.08282312896001268,292.4150673474357,0.0,0.0,0.7023154907557809,535.1651865132623,-0.7791965003324363,0.626779717181151,0.0,4791.566803153372
-0.005818630800044152,0.0028971599218506295,-0.07503285763104225,293.28675119903386,0.0,0.0,0.6400336896697244,1221.6064272210378,-0.8951739692375619,0.445716911053943,0.0,4882.463748167585
0.005992654096256584,-0.0025175577218048417,-0.1953296023124509,293.9535381432653,0.0,0.0,0.6701223730812813,1748.8043040832436,0.9219467840394745,-0.3873165725853603,0.0,4938.627005451073
-0.0006367123704237448,-0.006468740013120745,-0.20420390782824757,294.3274966971515,0.0,0.0,0.6401475304222212,1791.8572663514697,-0.09795574929596075,-0.9951907712493454,0.0,5168.509326258223
0.005238679883442811,-0.0038478868329008347,-0.1688097435202873,293.79002854560474,0.0,0.0,0.6768470105149843,1632.5199048082884,0.8059507512988939,-0.5919825896770515,0.0,4870.853323357774
-0.006392787998744864,-0.001175696220587457,-0.18221910900752047,293.77097170931313,0.0,0.0,0.6597444754131931,1694.6984416216917,-0.9835058459607484,-0.18087634162883956,0.0,5202.278891842521
0.0037626269394817305,0.005300248910597156,0.07417064746770394,292.6773350463056,0.0,0.0,0.6452736571073713,568.7888672673832,0.5788656829971893,0.8154229093226395,0.0,5274.301687482633
-0.0009935832689157056,0.006423612090384255,0.1672326054647332,291.7969215528163,0.0,0.0,0.7164362900519391,165.09342739293191,-0.1528589644485701,0.9882480139052701,0.0,4935.52258755934
-0.0026715330931770696,0.005925614814688831,0.06226491452281793,292.4998130513593,0.0,0.0,0.6723262663812928,625.7659499497453,-0.4110050912580107,0.9116330484136664,0.0,4854.433210450148
0.0055297465825398,0.0034164166509501443,-0.06031543531827782,293.12657304251036,0.0,0.0,0.6944982230450024,1157.6121902796287,0.8507302434676616,0.5256025616846376,0.0,5301.226295776534
0.0022362119149467634,-0.0061032250713413914,-0.13780692115376447,293.62753601982337,0.0,0.0,0.6724509591040144,1500.5324325151423,0.3440326022995021,-0.938957703283291,0.0,4938.817701965757
-0.0055634402792363,-0.0033612694416501514,0.1384818878774504,292.11043008658186,0.0,0.0,0.6983255016915163,290.8993309582415,-0.8559138891132769,-0.5171183756384848,0.0,5240.773115755524
0.006135622342746917,0.002145725627191143,-0.15215792946820117,294.0421932674382,0.0,0.0,0.7164485044602587,1564.444616895479,0.9439418988841412,0.3301116349524835,0.0,5260.337129907432
-0.006488760270849931,0.0003820865706087196,0.03775892088920185,292.8891945933438,0.0,0.0,0.6998694099375776,732.3890028320361,-0.9982708108999894,0.0587825493244184,0.0,5019.608156929806
-0.0060546598744448685,0.0023645493872590704,0.17373959234722533,292.1852869751625,0.0,0.0,0.7100876223693419,138.51702377197694,-0.9314861345299799,0.36377682880908774,0.0,4839.722851556215
-0.0046224450434059336,-0.00456979231701966,0.11054320817314964,292.14873452763555,0.0,0.0,0.7047724495782886,412.6797474291107,-0.7111453912932205,-0.7030449718491785,0.0,5277.6294860919925
0.005926287121917607,-0.002670041375820518,-0.07738145191954712,293.5251183946268,0.0,0.0,0.7199705633939932,1235.0311031658923,0.9117364802950164,-0.41077559628007976,0.0,4895.388681658368
-0.0014602947251147345,-0.006333840802846411,0.09828518950101281,292.24909982955535,0.0,0.0,0.6914835459641772,465.6783011610141,-0.22466072694072842,-0.9744370465917557,0.0,5140.692470695514
-0.0052457802486548105,-0.0038382013473530893,0.0012474708944037738,293.12248334833725,0.0,0.0,0.7042324862231117,893.3087378401126,-0.8070431151776631,-0.5904925149773984,0.0,5297.911345955718
0.006107502631610741,-0.0022245025522277706,0.19301735614718565,291.75757087904395,0.0,0.0,0.6596778890789136,52.5799655906836,0.9396157894785756,-0.3422311618811955,0.0,4842.72421359641
-0.006301697595191996,0.0015933007935576436,-0.17141843552832545,293.9238930556328,0.0,0.0,0.6694470057833702,1643.5013790265875,-0.9694919377218455,0.24512319900886825,0.0,4991.348766829082
0.004456380851341192,-0.004731878031796629,0.18889322168806935,291.7990619370808,0.0,0.0,0.6450627152988782,69.72332336122514,0.6855970540524912,-0.7279812356610199,0.0,4755.163283730782
4.5083160448696344e-05,0.006499843652630727,-0.1388323047777315,293.63085792763025,0.0,0.0,0.7013734656379029,1505.4409596209862,0.0069358708382609765,0.9999759465585735,0.0,5104.101697304149
-0.0028752587826220647,0.005829484276756794,-0.19927312733532343,294.00778675965853,0.0,0.0,0.7141847962702433,1768.9528043176188,-0.4423475050187792,0.8968437348856606,0.0,4919.965547887727
-0.006072484966741336,0.0023183887354584166,-0.19720043332751103,294.1894621218657,0.0,0.0,0.6897092166003591,1756.5887145059937,-0.934228456421744,0.3566751900705256,0.0,4951.109143866536
-0.006003504257755461,-0.0024915731229711176,-0.1968445573114817,293.85972216917145,0.0,0.0,0.6601814748468351,1757.3998986807414,-0.9236160396546863,-0.3833189419955566,0.0,5294.632802729617
0.0064668933285180336,0.0006552027759166981,-0.162178920614252,293.9623459698771,0.0,0.0,0.7074755158752601,1604.9954103479272,0.9949066659258513,0.1008004270641074,0.0,5157.610509562517
0.0013736311903513102,-0.006353198985778271,-0.11192844182898362,293.42280320338045,0.0,0.0,0.6827356203847259,1383.1177529044935,0.2113278754386631,-0.9774152285812724,0.0,4989.482002111208
0.004051804863210948,-0.005082605370325352,-0.016735212153552254,293.0657369337796,0.0,0.0,0.7165794328081234,969.4269392487726,0.6233545943401458,-0.7819392877423619,0.0,4821.185387119579
0.005645035146647477,-0.003222356000369093,0.015107333723027111,293.08855669000786,0.0,0.0,0.6913298517187374,830.0123730106097,0.8684669456380734,-0.49574707697986053,0.0,4840.308366472507
0.005762093642916556,-0.003008035380486841,0.0444698324531867,292.8456590007405,0.0,0.0,0.672038702326585,699.8371035229632,0.8864759450640856,-0.4627746739210525,0.0,4841.86513107405
-0.004472131391264327,-0.004716994892860092,0.1617056336641363,291.84115286003276,0.0,0.0,0.6740794491614084,188.3940707585355,-0.6880202140406658,-0.7256915219784756,0.0,5262.316739993963
-0.003606637910944133,0.0054076023318417685,0.14980077447797116,292.01983089028596,0.0,0.0,0.7186789863260137,238.022814634012,-0.554867370914482,0.8319388202833491,0.0,4785.348017898337
0.005790270890330356,0.002953432412734868,0.1711407386351588,292.1278165804653,0.0,0.0,0.678111972313385,146.96444331321416,0.8908109062046702,0.4543742173438259,0.0,5212.290781870584
-0.004416230946132774,0.0047693714712128705,-0.17226858561657513,294.11619300183713,0.0,0.0,0.6926669417769031,1647.9281813219732,-0.6794201455588883,0.7337494571096724,0.0,4861.157992362393
-0.0022751290602508445,0.006088824825793734,-0.05762117494758473,293.413569700513,0.0,0.0,0.6453959295202583,1148.941846104597,-0.35001985542320685,0.9367422808913438,0.0,4912.925535267804
-0.0036197452535445453,-0.005398837309962372,0.12429178150583034,292.0429651015169,0.0,0.0,0.6901545876617932,355.01186686410085,-0.5568838851606993,-0.8305903553788264,0.0,5254.893109648233
-0.0008050202877699112,0.006449956770109303,-0.1281275886590474,293.66661631666193,0.0,0.0,0.6906141442817226,1456.6546689425697,-0.12384927504152482,0.9923010415552775,0.0,5036.052875346521
0.0008573405944750713,-0.006443210931287685,-0.0855915786459463,293.41051129286467,0.0,0.0,0.6952594242864256,1270.0083714527238,0.13189855299616482,-0.9912632201981055,0.0,5019.6781015588085
-0.0015503383062523898,0.006312404544717208,-0.18735264296792578,293.8866165177398,0.0,0.0,0.7148847974327796,1717.862247348725,-0.23851358557729074,0.9711391607257244,0.0,4999.019978233445
-0.006499103002790593,-0.00010798221667615777,-0.08391337347017094,293.30198591802645,0.0,0.0,0.6418037270883327,1261.6811034625064,-0.999862000429322,-0.016612648719408887,0.0,5092.865189837876
-0.0019794110179265317,-0.006191278706544476,-0.0998901781959365,293.650435480669,0.0,0.0,0.6693521646659358,1338.4417001409984,-0.3045247719886972,-0.952504416391458,0.0,5234.266744825802
0.005001319322891594,-0.004151723139910845,0.043712114308770755,292.8408307239449,0.0,0.0,0.6809183567663567,705.1166525692239,0.7694337419833223,-0.6387266369093607,0.0,4801.477297275418
-0.002912274960412238,0.005811080325976908,-0.017922421048315706,293.12630933895394,0.0,0.0,0.6407191967026059,971.6062889714713,-0.44804230160188274,0.8940123578426014,0.0,4864.967909414126
0.00399006640104499,-0.005131215266898465,0.03343261648155857,292.80675510894923,0.0,0.0,0.6954849591394986,750.8752149057129,0.613856369391537,-0.7894177333689946,0.0,4807.920292087024
0.006355669077400275,0.0013621565910635744,-0.07944342334691257,293.45697975466544,0.0,0.0,0.7137949766242955,1243.9664580924887,0.9777952426769654,0.20956255247131914,0.0,5185.7063670873595
0.006351933185741037,-0.0013794726542710866,-0.0827606513189958,293.58598021045947,0.0,0.0,0.7198429280832159,1258.8596932668477,0.9772204901140057,-0.2122265621955518,0.0,4980.526557092367
-0.006494688287895586,0.00026272427195045514,0.03381030100342214,292.8179367346614,0.0,0.0,0.6983897774151291,748.0823322693777,-0.9991828135223979,0.04041911876160849,0.0,5029.91125774318
-0.0032575876063934226,0.005624777594418465,0.19943509790375427,291.8570765463978,0.0,0.0,0.7161957556731364,22.86557701815246,-0.5011673240605266,0.8653503991413023,0.0,4784.78607987687
0.0010207768211663842,-0.00641934690458223,-0.014167457253182414,292.8361326984316,0.0,0.0,0.7199294091793702,957.336991519664,0.15704258787175143,-0.9875918314741892,0.0,4986.599584366735
-0.0053357723117903495,0.0037120794491405317,-0.08798761358701498,293.45444730218236,0.0,0.0,0.6429345558422456,1282.1489880016354,-0.8208880479677461,0.5710891460216203,0.0,4851.352345122743
-0.003785889362599677,0.0052836579879998475,0.16683242365693232,292.0055447796927,0.0,0.0,0.7199728878689385,164.984786459504,-0.5824445173230273,0.8128704596922843,0.0,4774.445026683258
0.006184172338721622,-0.00200150255682833,-0.09064264215048053,293.6579515592602,0.0,0.0,0.7196557141302948,1291.5894488306283,0.9514111290340957,-0.30792347028128153,0.0,4940.048645541936
-0.005578123706161443,-0.003336845204494768,-0.05799189323342305,293.4477479211145,0.0,0.0,0.6662983610807822,1151.0646483757953,-0.8581728778709912,-0.5133608006915028,0.0,5297.249394901721
0.0064767326219936075,-0.0005494857079158689,0.04693495764946279,292.6096749412157,0.0,0.0,0.6562847019445726,692.5558053304354,0.996420403383632,-0.08453626275628752,0.0,5004.146110706465
0.006375286645531377,0.0012671701493127425,-0.16588555433189547,294.01065997993186,0.0,0.0,0.7085721414491593,1621.8369139537426,0.9808133300817503,0.19494925374042193,0.0,5204.1562829396025
-0.003340564887809684,-0.005575896899184298,-0.20090652698847727,294.08032863012403,0.0,0.0,0.6444655295044512,1775.7557437425548,-0.5139330596630284,-0.8578302921821996,0.0,5339.235583704505
-0.0020130353841635454,0.00618042786076381,-0.06247956576343164,293.37451882408754,0.0,0.0,0.6479787303218053,1167.7426892704102,-0.30969775140977623,0.9508350555021247,0.0,4931.050962849365
0.006278998160834903,0.0016805303020867874,0.03951666088406197,292.5370326292923,0.0,0.0,0.6495017621476842,722.1514362436462,0.9659997170515235,0.2585431233979673,0.0,5173.3104400579605
0.004858822876574725,0.00431761974403422,-0.07307842458926017,293.18550942364226,0.0,0.0,0.6953342102391824,1218.1434696551369,0.7475112117807269,0.6642491913898799,0.0,5329.655666186965
0.0022704031542959495,0.0060905886018481825,0.003528413109680717,293.0237008721813,0.0,0.0,0.6418191190957444,881.9835042157546,0.34929279296860766,0.9370136310535666,0.0,5222.613347844174
-0.006387818034386668,0.0012024062373276545,-0.025588741517187485,292.96158832669124,0.0,0.0,0.6581392828806447,1011.4566248363411,-0.9827412360594874,0.1849855749734853,0.0,4976.592911459819
0.004459843356030388,0.004728614727345801,0.151175636625867,292.31514016289873,0.0,0.0,0.6795916441210695,233.8188891549394,0.6861297470815982,0.7274791888224309,0.0,5265.326028123994
0.005914367989722689,0.002696340349834122,-0.04413367408476279,293.070871677575,0.0,0.0,0.6898416907329279,1090.1069701648546,0.9099027676496445,0.41482159228217264,0.0,5261.640830352048
-0.0010577448446248375,-0.006413359170019217,0.1034791381983153,292.33693175421945,0.0,0.0,0.6859162833125682,442.85486961437533,-0.16272997609612885,-0.986670641541418,0.0,5109.993867922741
0.0009172892086530752,0.006434949922702477,-0.1924945830556688,293.8514715431821,0.0,0.0,0.7199499114781609,1736.963331894293,0.14112141671585773,0.9899922958003811,0.0,5186.19443562808
-0.001952766146706272,0.00619973421819661,-0.0888090123100246,293.5663807525684,0.0,0.0,0.6603003111191966,1284.9924062874943,-0.3004255610317342,0.9538052643379401,0.0,4942.719140824841
0.005161006685728268,-0.003951456692141282,0.13818020881030615,292.13786736606016,0.0,0.0,0.6402272272533778,291.98050796689006,0.7940010285735797,-0.6079164141755818,0.0,4778.213882984433
0.0015093149142950033,0.006322338846462333,0.02596790281712591,292.9981902809948,0.0,0.0,0.6405341894580997,781.3738517301209,0.2322022945069236,0.972667514840359,0.0,5165.327452569005
-0.006452404405311949,0.0007851607417025811,0.10811181508018394,292.58128930095364,0.0,0.0,0.7199753770947988,424.64024929875666,-0.992677600817223,0.12079396026193556,0.0,4968.402788204493
0.006047855316284021,-0.0023818996774203354,-0.08231244105414942,293.59309652696487,0.0,0.0,0.7199133979579103,1254.3923736767813,0.930439279428311,-0.36644610421851315,0.0,4913.613521582997
0.0017244975006762725,-0.006267065371460655,0.06082693988834728,292.67894416158083,0.0,0.0,0.694468735561835,632.1628335491313,0.26530730779634965,-0.9641639033016394,0.0,4914.297128473722
5.5890450870123675e-05,0.006499759707673933,-0.14164126994175918,293.73041890310304,0.0,0.0,0.70286327580657,1517.3313781102208,0.00859853090309595,0.9999630319498359,0.0,5105.755087962455
0.006438871123076464,-0.0008893473227103334,-0.07008507676109696,293.46184163855537,0.0,0.0,0.717442908330004,1201.8196505368976,0.9905955573963791,-0.136822665032359,0.0,5012.744743327398
0.0006021635260372667,0.0064720475189780835,0.19474328313261072,291.7173701273961,0.0,0.0,0.7187569309212165,43.66721891265706,0.0926405424672718,0.9956996183043205,0.0,5049.12304229949
0.0024147106259149063,-0.00603482995560717,0.10770004436562627,292.55073244971476,0.0,0.0,0.6622310565497187,426.12282133967614,0.37149394244844713,-0.9284353777857185,0.0,4856.023976394312
-0.004237184045046509,0.004929124807549846,0.07287095059020812,292.34355089028776,0.0,0.0,0.690128253105926,575.3238452770113,-0.6518744684686937,0.758326893469207,0.0,4791.50494659755
0.005473882236490308,-0.0035052265634386405,-0.03581590419988012,293.240313230396,0.0,0.0,0.7159767507221516,1050.8839724776417,0.8421357286908167,-0.5392656251444062,0.0,4843.415278573811
-0.006292330151151514,0.0016299022267944679,0.04265395655559337,292.74002968112376,0.0,0.0,0.6955843191326351,714.2064219485661,-0.9680507924848483,0.25075418873761046,0.0,4926.144519591291
-0.006246362351537149,0.0017980426505784814,-0.2031781038583819,294.2164717950194,0.0,0.0,0.6899874732336743,1783.660302980632,-0.9609788233134077,0.2766219462428433,0.0,4986.552845903336
-0.002008969462573503,-0.0061817506985033886,0.16274881306091513,292.04188473752197,0.0,0.0,0.6571152704471217,187.73807942238216,-0.3090722250113082,-0.9510385690005213,0.0,5159.336004351622
-0.006071971397526824,0.002319733464779121,0.0339806440408858,292.65248626964524,0.0,0.0,0.6862076075197909,746.2230492555037,-0.9341494457733576,0.35688207150448015,0.0,4883.363850995392
0.0054030809220955685,0.0036134078858173348,0.0506685470743263,292.55122463084547,0.0,0.0,0.640836362780141,673.632408998618,0.8312432187839336,0.5559089055103592,0.0,5276.2179353276415
0.00469346116890762,0.004496823574030486,0.15727431207752382,292.2772270343719,0.0,0.0,0.6813044304663506,206.81864356719265,0.7220709490627109,0.6918190113893056,0.0,5263.739699092842
0.0008515392134578508,0.006443980211635009,-0.09989691956815987,293.4430117185055,0.0,0.0,0.6836545721652323,1331.0181635950637,0.13100603283966936,0.9913815710207707,0.0,5154.176606125332
-0.003876110701547516,0.005217831525581179,-0.17789988091344955,294.0592673171415,0.0,0.0,0.6997562464097623,1673.8809752178875,-0.5963247233150025,0.8027433116278738,0.0,4872.720416228596
-0.0026219606516456593,0.005947715724647729,0.02228983630539716,292.81201176950833,0.0,0.0,0.6509183713816636,799.6592236958545,-0.4033785617916399,0.915033188407343,0.0,4868.923759705905
-0.006498668188618463,-0.00013157421570514827,0.04019489819835492,292.80083565973615,0.0,0.0,0.7037665004615573,721.4318754668614,-0.999795105941302,-0.020242187031561273,0.0,5058.354659315552
-0.0026186640434961157,-0.005949167893689047,-0.19318779300080757,294.12731307270644,0.0,0.0,0.641086719103616,1741.8649322523702,-0.40287139130709476,-0.9152565990290842,0.0,5300.908118410087
0.006431475561016346,0.0009413405908859302,0.0813251000140928,292.29749852325347,0.0,0.0,0.6406403170878626,539.4623871446854,0.9894577786178994,0.1448216293670662,0.0,5107.844975547873
0.002536262270108484,-0.005984761791184688,0.09831648518880251,292.5470682977585,0.0,0.0,0.666783869788395,465.560983587343,0.39019419540130523,-0.9207325832591828,0.0,4851.592188607084
-0.0013708743859461073,0.006353794411055246,-0.007620650035076892,293.15675238668445,0.0,0.0,0.6401830841567377,929.5536198099196,-0.2109037516840165,0.9775068324700379,0.0,4959.150505024262
0.0057658146705807725,0.003000896730065121,0.13900026672211088,292.28285324910485,0.0,0.0,0.6597251503566672,288.5830584910855,0.8870484108585804,0.46167642001001863,0.0,5224.081662456106
0.005089506473407135,-0.004043132925980404,0.11825329399680815,292.3507050564892,0.0,0.0,0.6436397646404604,378.78114981036964,0.78300099590879,-0.6220204501508314,0.0,4781.8679638339445
0.0033552401881881697,-0.005567078522849037,0.17418604339053326,292.02589167387174,0.0,0.0,0.640098459722337,135.49488156931878,0.5161907981827953,-0.8564736188998519,0.0,4787.966818526437
0.006384286535801955,-0.001221018193467187,0.12166245251432442,292.09318665064444,0.0,0.0,0.6402189994145622,367.77540012141907,0.9821979285849162,-0.1878489528411057,0.0,4932.139051129191
0.00022491641598845383,0.006496107496479635,-0.09509556413541059,293.46560439423706,0.0,0.0,0.6768487736856659,1313.1761946030308,0.034602525536685205,0.9994011533045593,0.0,5105.123750003939
0.006427368630059095,0.0009689852905654811,0.04657032298793454,292.4869323595051,0.0,0.0,0.6495999441943325,692.6518960726611,0.9888259430860147,0.1490746600869971,0.0,5120.074107239882
-0.005119211838407386,0.0040054550494930865,-0.09325182133920763,293.56557318464627,0.0,0.0,0.6453312837433715,1300.7702005365124,-0.7875710520626749,0.6162238537681671,0.0,4844.633181592563
-0.005996321827825882,-0.00250880938637013,0.12290916426201628,292.3544703337285,0.0,0.0,0.7103598294561421,358.25160858903234,-0.9225110504347511,-0.38597067482617387,0.0,5202.057692405106
-0.005568610230106116,0.0033526974371627253,0.00017504912775884174,292.79486050697193,0.0,0.0,0.6594600182385214,895.1236927687244,-0.8567092661701717,0.5157996057173424,0.0,4839.003615256464
-0.0018910458468022234,0.0062188379626174585,0.13798817051432558,291.97449235626453,0.0,0.0,0.7097603341574303,294.9959005455395,-0.29093013027726516,0.9567443019411475,0.0,4880.440346183166
0.006171307771037035,0.0020408234600616266,0.19074239781216576,291.97711468740636,0.0,0.0,0.6840283229853177,63.10728662815179,0.9494319647749284,0.313972840009481,0.0,5153.220881925985
0.0064532211438882835,-0.0007784194679433381,-0.155394638335061,293.9013421201521,0.0,0.0,0.7038926101685964,1578.464897485722,0.9928032529058898,-0.11975684122205202,0.0,5046.033866799988
0.0046443364652662255,0.0045475420610917305,0.021876408554195315,292.7603954816629,0.0,0.0,0.6441699071627268,798.419643046664,0.7145133023486501,0.699621855552574,0.0,5303.541709918924
0.004261513209750398,-0.004908106066816696,-0.059251222859169256,293.1457367484259,0.0,0.0,0.7192572096057683,1155.9409933482093,0.6556174168846767,-0.7550932410487224,0.0,4829.8156812229145
0.005246002148450638,-0.0038378980521180193,-0.15431894176624905,293.70104327242314,0.0,0.0,0.6857823910368657,1568.6453873469366,0.8070772536077905,-0.590445854172003,0.0,4866.898810346718
-0.00014090929597060356,-0.006498472479768539,0.004106517964208634,292.8131061284424,0.0,0.0,0.7199659707902912,876.4423867686363,-0.021678353226246703,-0.9997649968874676,0.0,5069.6347216760405
-0.002937610071340502,0.005798314157473605,0.138924230595839,291.9772008696129,0.0,0.0,0.7142328105927235,291.2066967949441,-0.4519400109754618,0.8920483319190162,0.0,4817.763083122645
0.006204507216581045,-0.0019375474702297555,-0.09985057113896431,293.56326030621693,0.0,0.0,0.7186340960477019,1333.8321607192947,0.9545395717816993,-0.29808422618919317,0.0,4946.95796259577
0.0062095746153289,-0.001921245194310956,-0.1272959366796327,293.72234104994595,0.0,0.0,0.7111015904614116,1454.4933561065313,0.9553191715890615,-0.2955761837401471,0.0,4956.072549824821
0.006102344226837976,0.0022386145128577206,-0.12282915572743883,293.81591822455897,0.0,0.0,0.7199679068000566,1431.7457772688942,0.9388221887443041,0.34440223274734166,0.0,5257.616225776417
-0.005739632055043339,-0.0030506759698006223,0.08801301789319635,292.4952890137976,0.0,0.0,0.7185876623737072,515.1274540811144,-0.8830203161605138,-0.46933476458471113,0.0,5241.456158428299
-0.002615754771701357,-0.0059504476280630835,0.1618746127830681,291.9331004497242,0.0,0.0,0.6609725653952568,192.94774736467016,-0.402423811030978,-0.9154534812404744,0.0,5196.82220392248
0.004650156994401224,-0.004541590021944008,-0.10342895515005897,293.37111592302324,0.0,0.0,0.7082155906578895,1346.284645583779,0.715408768369419,-0.6987061572221551,0.0,4840.341633616997
0.0013138395921255836,0.006365832665579836,0.0028645060939597455,293.05197310824,0.0,0.0,0.6405085749097205,883.1600259607404,0.20212916801932057,0.9793588716276671,0.0,5158.14010492972
0.004668222473355089,-0.004523018786083305,-0.07683701161642859,293.3467315106345,0.0,0.0,0.7172009306204293,1231.1426489615249,0.7181880728238599,-0.6958490440128162,0.0,4832.613639500766
-0.006494943951122684,0.00025632610435705346,0.18249336389498713,292.05782457240076,0.0,0.0,0.6949984754338313,97.54122440154701,-0.9992221463265667,0.03943478528570053,0.0,4986.885252731744
-0.004619732065494605,-0.004572534925294825,-0.06917209432106328,293.5378403622969,0.0,0.0,0.6689539370450981,1201.2832345528907,-0.7107280100760931,-0.7034669115838192,0.0,5330.23231013297
-0.0016063131706364807,-0.006298393287008979,-0.18969178788208996,294.1686727124293,0.0,0.0,0.6400045699466365,1725.4684086872153,-0.2471251031748432,-0.9689835826167661,0.0,5235.249631587256
0.006489487942172323,0.0003695216480803585,-0.1388857226330696,293.85497765730366,0.0,0.0,0.7150893840044863,1501.937109637736,0.9983827603342036,0.05684948432005516,0.0,5129.02825233456
-0.003800363429339026,0.005273256849892912,0.19619731190689302,291.9184235224912,0.0,0.0,0.7153013113920257,36.678743099854415,-0.5846712968213886,0.8112702845989095,0.0,4765.413171830504
-0.004299053791736215,0.004875257582503561,0.14618716989243288,292.1291259919296,0.0,0.0,0.7193635712925595,255.83456401273054,-0.6613928910363408,0.7500396280774709,0.0,4769.178072248005
-0.006097481928280488,0.002251824623342781,0.024925334428477358,292.68267931353967,0.0,0.0,0.6811282185566645,788.9911542204572,-0.9380741428123828,0.3464345574373509,0.0,4890.21412991296
0.0014562518827221293,0.006334771539216568,-0.11514164185988605,293.4676671095737,0.0,0.0,0.6962990135819622,1399.3009491257617,0.2240387511880199,0.974580236802549,0.0,5202.871862332363
0.005584681273796731,0.003325858546316142,0.06813902403088964,292.4736744467977,0.0,0.0,0.6400022266526622,597.626102919583,0.8591817344302664,0.5116705455870988,0.0,5259.865864422552
0.0036510414440333247,-0.0053777222291553,-0.0037869189901660327,292.9772224047187,0.0,0.0,0.7143411338074538,910.4006735768223,0.5616986836974346,-0.8273418814085077,0.0,4828.749943656248
-0.002122530901657169,-0.006143684771495881,0.06381073620291608,292.4847280442669,0.0,0.0,0.7119580864824976,620.4024745102341,-0.3265432156395645,-0.9451822725378279,0.0,5195.645116285007
-0.004871400273438053,-0.004303424145485506,0.01618241475994714,293.00394480619696,0.0,0.0,0.7130307550340349,825.9048661723317,-0.7494461959135467,-0.6620652531516164,0.0,5303.354826195403
0.0026858648955810824,0.00591913251774998,0.1945598422112568,291.8428670218136,0.0,0.0,0.7133270420208822,43.712124729184836,0.41320998393555114,0.9106357719615354,0.0,5191.197552289851
0.005112934518589421,-0.004013464913091526,-0.03954371106027016,293.27147489722654,0.0,0.0,0.7182218358192023,1071.0692940844108,0.7866053105522186,-0.6174561404756194,0.0,4828.726629525211
0.006493194174244407,0.00029737083844670186,-0.09528763819769717,293.6425071750134,0.0,0.0,0.7195124396713671,1315.8901385308375,0.9989529498837549,0.045749359761031054,0.0,5110.739793782638
0.004116176633181445,0.005030615263012176,-0.014109877582543007,292.9562299338948,0.0,0.0,0.6551979153516005,956.8601903688489,0.6332579435663761,0.773940809694181,0.0,5309.181803062578
-0.001946652171501088,-0.006201656659570094,0.046793683073114906,292.53654847836776,0.0,0.0,0.716637588824241,693.824675217112,-0.29948494946170584,-0.9541010245492453,0.0,5189.173736440285
8.921168100544943e-06,-0.006499993877901711,0.1506371859334861,292.18854162716025,0.0,0.0,0.6530560470283994,237.58402245591245,0.0013724874000838375,-0.9999990581387248,0.0,5015.224824477967
-0.0052315447639501534,-0.0038575820642969775,-0.016838923587102955,293.26827136357423,0.0,0.0,0.6947370148881851,970.4484095634813,-0.804853040607716,-0.5934741637379966,0.0,5303.758208043452
0.0019171395378419181,0.0062108434203772414,-0.19814343172928361,293.9145669538999,0.0,0.0,0.7192471553851942,1763.729023048673,0.294944544283372,0.9555143723657296,0.0,5258.905075087334
0.0012995081553455433,-0.006368773708822635,-0.11359917374811433,293.57534548887696,0.0,0.0,0.6812473020264148,1393.0477667311172,0.19992433159162204,-0.9798113398188669,0.0,4995.304475058395
-0.0012691878335488649,0.006374885272941901,0.1829479204492169,291.7845077094431,0.0,0.0,0.7196006601491913,92.63676246738231,-0.19525966669982536,0.9807515804526002,0.0,4910.703653828345
5.845355834392e-05,0.006499737162494875,-0.19767835668485412,293.91628877899143,0.0,0.0,0.7197871427550588,1759.117339669936,0.008992855129833846,0.9999595634607501,0.0,5122.35332575027
-0.006286126936455096,-0.0016536650624517848,-0.0837097146840917,293.38489129555285,0.0,0.0,0.6457989681994376,1263.4675278081857,-0.9670964517623225,-0.2544100096079669,0.0,5207.519913090124
0.001972591355539771,0.006193454879471535,-0.08687816282683414,293.32729750847875,0.0,0.0,0.6827552554962217,1277.55144764104,0.30347559315996475,0.95283921222639,0.0,5230.009477531946
-0.0003149427293387834,0.00649236559947425,-0.06057667619903276,293.38041122448175,0.0,0.0,0.6545095242385646,1160.3579683180817,-0.04845272759058206,0.9988254768421924,0.0,5053.531849517538
0.0002134701480523162,-0.006496493707831211,0.1430046677702578,292.20951895662586,0.0,0.0,0.6556788552231978,268.57804585741223,0.03284156123881788,-0.999460570435571,0.0,5001.733052521882
-0.006307756932607935,-0.0015691406817543584,-0.08182844526295265,293.2769512668112,0.0,0.0,0.6461226144140965,1255.9629112286407,-0.9704241434781439,-0.24140625873143975,0.0,5201.08301978731
0.0021790239072210396,0.006123875799831276,-0.026042571621163413,293.12163176562694,0.0,0.0,0.6504869578208781,1008.9947417381424,0.33523444726477536,0.9421347384355809,0.0,5225.54022522844
0.005391392156428488,0.003630825059900486,0.04714573090815202,292.58335430087305,0.0,0.0,0.6412996543571243,691.4470533946609,0.8294449471428444,0.5585884707539209,0.0,5277.8604417898405
0.004874592126603431,0.0042998083212226835,0.07056560850469792,292.63823641342145,0.0,0.0,0.6410849405888397,587.731299622962,0.7499372502466818,0.6615089724957975,0.0,5287.39176109286
0.006493041658672991,0.00030068258801782457,-0.1816495030534365,294.05883214602017,0.0,0.0,0.6957283203781497,1689.1544715751838,0.9989294859496909,0.046258859695049934,0.0,5136.270377678659
0.0010248029797303988,0.00641870538759458,-0.17613467868428256,293.763803196801,0.0,0.0,0.7183973131713118,1664.0704852258643,0.15766199688159982,0.9874931365530124,0.0,5189.39668318136
0.006473224474763844,0.0005893767040852132,-0.13653819637068157,293.9100949507078,0.0,0.0,0.7163447449452599,1489.7629600956861,0.9958806884252068,0.0906733390900328,0.0,5145.112312615158
-0.0009499844858158168,-0.006430204466166628,-0.18916313740288823,294.13573701975366,0.0,0.0,0.6401842574386227,1721.9127910118616,-0.14615145935627952,-0.9892622255640967,0.0,5187.655879679402
-0.006204354530157151,0.0019380363423110612,-0.20238588859378887,294.2750866809395,0.0,0.0,0.6903876688841358,1780.490933728624,-0.9545160815626387,0.2981594372786248,0.0,4976.935905346516
-0.004890143302881376,-0.004282113786120638,-0.10961537406250903,293.63034339007,0.0,0.0,0.6472178138932841,1375.829660609861,-0.752329738904827,-0.6587867363262521,0.0,5339.894975173247
-0.004271486606282383,0.004899428759799473,0.08754292292213159,292.35245583848825,0.0,0.0,0.6987480152725292,514.2219081831349,-0.6571517855819051,0.7537582707383805,0.0,4786.710884339534
-0.0015257921555386828,0.006318382569779755,-0.025439823966360825,293.2022972922938,0.0,0.0,0.640466737357157,1010.3019947975225,-0.2347372546982589,0.972058856889193,0.0,4953.356588400848
-0.003702053753555086,-0.005342733196201051,-0.16174204990413402,293.9507711082289,0.0,0.0,0.640064887138053,1605.9491757510577,-0.5695467313161671,-0.8219589532617002,0.0,5341.411154110438
-0.001976589435165623,0.006192180084977474,0.08546035048356523,292.42799263968,0.0,0.0,0.6819134224250395,522.3835373225993,-0.30409068233317277,0.9526430899965346,0.0,4890.1422708641
0.005677571554772873,-0.0031646771147202267,0.013591596671397033,293.0331434784512,0.0,0.0,0.6918291228385389,835.1727391030511,0.8734725468881344,-0.48687340226465026,0.0,4843.386696361835
0.001180025243633185,-0.006391990333565003,0.09072290209998798,292.5232349086733,0.0,0.0,0.6799171014573884,501.59596203529765,0.18154234517433615,-0.9833831282407698,0.0,4944.184115830078
-0.005100130679589838,0.0040297229496711676,0.018230863636280015,292.6871110303959,0.0,0.0,0.664818243514953,820.5677208823175,-0.7846354891676675,0.6199573768724873,0.0,4811.443857639584
-9.928549174146638e-05,0.006499241678159818,-0.16281160810339138,293.62267003047856,0.0,0.0,0.7115553527257303,1606.9886251381533,-0.015274691037148673,0.9998833351015105,0.0,5100.015723473046
0.0027932968980586654,-0.005869198619853977,-0.10923628548344091,293.38668429625125,0.0,0.0,0.6933760588686322,1373.7434744532998,0.4297379843167178,-0.9029536338236889,0.0,4897.954858485827
-0.006479573878194677,0.0005149003369752046,-0.16907398266808446,293.86881755623506,0.0,0.0,0.6618395556434982,1640.6898379406632,-0.9968575197222581,0.07921543645772379,0.0,5070.001816342495
-0.00043085510228836556,0.006485704578596845,-0.16709246801354538,293.7179927868312,0.0,0.0,0.711909537039811,1629.439452097793,-0.06628540035205624,0.9978007043995146,0.0,5075.835303007987
-0.006385467788048845,-0.0012148255544688648,-0.16059510674116376,293.66972223160815,0.0,0.0,0.6494655731398233,1596.3536201039888,-0.9823796596998223,-0.18689623914905612,0.0,5198.804977782675
-0.0047831224575329906,-0.0044013338383089694,-0.04468949430144578,293.4011510290969,0.0,0.0,0.6823583770158409,1095.6787442647699,-0.7358649934666139,-0.6771282828167645,0.0,5322.217351696176
-0.006355390211358949,-0.0013634570992014537,0.11319849329641771,292.46644618710525,0.0,0.0,0.7172161292555503,398.34935391099276,-0.9777523402090692,-0.20976263064637748,0.0,5129.416685170794
0.001103337857521739,-0.006405672921103554,0.0001456299931948124,292.79822108902107,0.0,0.0,0.7194042743941289,895.7306011062436,0.16974428577257522,-0.9854881417082391,0.0,4976.3168862115535
0.0061734299970286205,0.002034394767931535,-0.06814571333808239,293.32204693406885,0.0,0.0,0.7065550225305643,1193.2214710246412,0.9497584610813262,0.3129838104510054,0.0,5228.574597909316
0.00626590357755248,0.0017287140760736067,0.044810264913338255,292.5440947186826,0.0,0.0,0.6473265369028817,697.9060687864591,0.9639851657773048,0.2659560117036318,0.0,5175.073625528968
-0.006484744311859854,0.0004450743868178231,0.023485695379335425,292.91189842297786,0.0,0.0,0.6914912786597274,799.3549805445515,-0.9976529710553622,0.0684729825873574,0.0,5018.970000680106
0.006467027016219782,-0.0006538819247260644,-0.057365029309286525,293.391331890891,0.0,0.0,0.7132171693909682,1151.0292604815706,0.9949272332645819,-0.1005972191886253,0.0,5026.746308195164
-0.003216201459250977,-0.005648543898520386,-0.06685829293773121,293.46129093320104,0.0,0.0,0.6811437884635343,1191.361935532726,-0.49480022450015027,-0.869006753618521,0.0,5294.56064925112
0.0062996470383874055,0.001601389144379588,0.07876249534706717,292.4493411984461,0.0,0.0,0.6402634885948165,553.5198450158342,0.9691764674442163,0.2463675606737828,0.0,5156.334383410776
0.004461080754288534,-0.004727447355996304,0.04363080272340494,292.8599171653254,0.0,0.0,0.6858091400724032,705.446070637018,0.6863201160443898,-0.7272995932302007,0.0,4797.649838346609
-0.0024233868774377735,0.006031351095920581,0.11856863496360379,292.0717983667694,0.0,0.0,0.7035109724311714,377.46491941099623,-0.3728287503750421,0.9279001686031664,0.0,4852.3230547221465
-0.005210261626619445,0.0038862801986188416,-0.1190714304808574,293.72844507342495,0.0,0.0,0.6549736254104295,1416.6382781287064,-0.8015787117876069,0.5978892613259756,0.0,4855.222522832226
0.006117293750633264,-0.0021974342239218917,-0.10696314914345166,293.6985167883545,0.0,0.0,0.7166326746036455,1363.8986422142636,0.9411221154820407,-0.3380668036802911,0.0,4932.225214827257
-0.0045539977045341885,0.004638006566090365,-0.17610532882253885,294.0271694193917,0.0,0.0,0.6937809328836024,1669.1779529128412,-0.7006150314667983,0.71353947170621,0.0,4861.584783358887
-0.002787810299272076,0.005871806684085617,0.07808314152827708,292.4089317202576,0.0,0.0,0.6827611414153493,556.9967710457146,-0.428893892195704,0.9033548744747104,0.0,4843.42470352777
0.004025226341497835,0.005103680328910888,0.16146138992034456,292.1286913027032,0.0,0.0,0.6893435524787802,189.98237247716236,0.6192655909996669,0.7851815890632136,0.0,5255.860978224837
-0.005797803998626396,0.002938616816380075,-0.12700206870241745,293.75752089130987,0.0,0.0,0.6534388699586015,1449.7860813804502,-0.8919698459425225,0.4520948948277038,0.0,4895.543830335761
-0.006494051242374033,-0.00027802600853207485,-0.03842899459555854,293.06814302224626,0.0,0.0,0.6592245697460661,1065.620469058332,-0.999084806519082,-0.042773232081857675,0.0,5092.6145537626835
0.0005835102965234449,-0.006473755921708133,-0.05839744402155472,293.095724184902,0.0,0.0,0.7077233021950271,1154.6707308932666,0.08977081484976075,-0.9959624494935589,0.0,5032.387754510177
-0.005495794726249208,-0.0034707694142554887,-0.11546520278250427,293.5653793004603,0.0,0.0,0.6426292401833571,1400.1254482183974,-0.8455068809614167,-0.5339645252700752,0.0,5319.53003364989
-0.0064908133365975266,-0.0003454594468930889,0.05604162484150785,292.74382353497253,0.0,0.0,0.7116292281184249,653.0085641445095,-0.9985866671688503,-0.053147607214321366,0.0,5070.1338191951945
0.0054005860291413054,0.0036171356819787314,0.041623132180592465,292.59435562692886,0.0,0.0,0.6423270737305942,713.0326086127881,0.8308593890986624,0.5564824126121125,0.0,5278.996938543108
-0.006122191807108092,0.0021837507817923166,0.1476292974068704,292.27649289236075,0.0,0.0,0.7175889706486731,251.65791660396792,-0.9418756626320142,0.33596165873727946,0.0,4858.574370178146
-0.00270235599661246,0.005911621779814121,0.16268624006800506,291.88156735650495,0.0,0.0,0.7190386229501434,183.86274792320606,-0.41574707640191694,0.9094802738175571,0.0,4823.327632659615
0.005046536818070441,0.004096640836570795,-0.0472252149912962,293.0391055687212,0.0,0.0,0.681673138059831,1104.188245701138,0.7763902797031449,0.6302524363955069,0.0,5318.482946832142
-0.0063674112592887805,-0.0013061676213574043,-0.02286795806577202,293.1384182538117,0.0,0.0,0.674096785367689,996.3353805576078,-0.979601732198274,-0.20094886482421606,0.0,5165.117988929838
-0.0025656027485758772,0.005972242672271439,0.1052405599897919,292.1523004872852,0.0,0.0,0.6973174939055715,436.12301311310165,-0.3947081151655196,0.9188065649648368,0.0,4847.867681151549
0.0001523295551774623,-0.0064982148092087135,-0.19301383265371522,294.2267117635837,0.0,0.0,0.6408549405982126,1740.0594985103044,0.02343531618114805,-0.999725355262879,0.0,5104.777413562176
0.003979540386922405,0.005139383066950105,-0.09733254396304004,293.38784266173053,0.0,0.0,0.7019107938634241,1326.0009135276903,0.6122369826034469,0.7906743179923239,0.0,5330.52760317767
0.005544864341789719,0.003391825383351693,-0.19454467055008698,294.18234223641645,0.0,0.0,0.7060493332510261,1749.3611222029742,0.8530560525830337,0.5218192897464143,0.0,5339.5104553120145
0.0036419691894067157,-0.005383870394373567,-0.1694173722912594,293.77868361481853,0.0,0.0,0.6632980250309316,1643.1927203007122,0.5603029522164178,-0.8282877529805488,0.0,4877.539535738078
-0.0035119575823827826,0.005469566156428138,0.05867793464441648,292.4767393356334,0.0,0.0,0.6759759680809942,639.5684835764195,-0.5403011665204281,0.8414717163735598,0.0,4815.501895372685
0.0029617757422750563,-0.005786007643658193,0.16524491714763243,292.09702480851604,0.0,0.0,0.6403700518342547,175.60431741957237,0.45565780650385485,-0.8901550221012605,0.0,4808.832591596046
-0.005658879269497477,-0.0031979814591788524,-0.19585017926333584,293.85597154000254,0.0,0.0,0.6556462630020674,1751.1110336576694,-0.8705968106919195,-0.4919971475659773,0.0,5331.48757745706
-0.005437833557058141,0.0035608940177618877,-0.016447248071711162,292.89727217078075,0.0,0.0,0.6504336775272529,970.4822907191149,-0.8365897780089449,0.5478298488864443,0.0,4835.659402870623
0.003922903111083022,-0.005182743595920519,-0.019170364308444487,293.0975271073081,0.0,0.0,0.7175179406946004,981.2584613086789,0.6035235555512342,-0.7973451686031567,0.0,4825.002542755691
-0.0059462954687598555,-0.0026251800315799313,-0.08938777657766488,293.4475269654154,0.0,0.0,0.6473681166488179,1288.1200084171887,-0.9148146875015163,-0.40387385101229717,0.0,5270.897141473436
-0.00545167789134103,0.0035396621546502738,0.11447565819025804,292.33966594524884,0.0,0.0,0.7169606233610144,395.87545369298743,-0.8387196755909277,0.5445634084077344,0.0,4798.126906690955
-0.005449565718781996,0.003542913134226701,0.04576523378183736,292.56166215744844,0.0,0.0,0.6849822292580957,695.8146932775737,-0.8383947259664609,0.5450635591118002,0.0,4818.116090791786
-0.005622787882948709,0.0032610207640193234,-0.1510545468510151,293.886135740883,0.0,0.0,0.6681353352270472,1557.6008001198388,-0.8650442896844168,0.501695502156819,0.0,4887.216672232668
-0.003343510659182399,0.005574131005989515,-0.16578046775953467,293.92631558640784,0.0,0.0,0.6966556097397324,1621.856520848504,-0.5143862552588306,0.8575586163060792,0.0,4887.962929861671
-0.006225762937301363,0.001868120940550877,-0.1217433743712959,293.643901399065,0.0,0.0,0.6466828319474955,1428.5857159170314,-0.9578096826617483,0.28740322162321186,0.0,4957.993412883616
-0.00536423268294155,-0.003670832020572679,0.13229254239158986,292.1021498180466,0.0,0.0,0.6996703354657332,319.0423789285225,-0.8252665666063923,-0.5647433877804122,0.0,5254.312149818746
-0.00595718030045192,0.00260038513838,-0.023677979617379358,292.97695445732535,0.0,0.0,0.6520272844083262,1000.9096924546757,-0.9164892769926031,0.40005925205846155,0.0,4883.605133039187
0.0027316636702791183,0.005898136450818785,-0.09487157582559871,293.3667741861356,0.0,0.0,0.6924619692242142,1311.1637816120776,0.4202559492737105,0.9074056078182746,0.0,5278.43859303052
-0.006391772769605288,-0.0011812031416028078,0.12367544668355038,292.3983852156724,0.0,0.0,0.7149633614974116,354.6755337268278,-0.983349656862352,-0.18172356024658584,0.0,5113.151208593884
-0.0010638486391600208,0.0064123494970999015,0.08891592579564475,292.45640174115,0.0,0.0,0.678249954566206,507.13027081279586,-0.16366902140923398,0.9865153072461388,0.0,4953.244829125294
0.004703731174907806,0.004486079918392051,-0.0852606854195757,293.3673832287988,0.0,0.0,0.7007328903226512,1267.2129096549534,0.7236509499858164,0.6901661412910848,0.0,5334.674038848741
0.0059604967111793,0.002592774374298839,-0.12231125156613502,293.7092936555968,0.0,0.0,0.7197725182745164,1432.0234917613552,0.9169994940275847,0.3988883652767444,0.0,5278.68862965866
0.0004266012418461698,-0.00648598576782707,-0.010406405054780576,292.8697163382518,0.0,0.0,0.7198241663763599,944.6531921939018,0.06563096028402612,-0.9978439642810877,0.0,5030.301048294511
0.0026753997868970004,-0.005923870017165424,0.11417717648519779,292.48797063309445,0.0,0.0,0.6573100972511751,397.72948139248547,0.41159996721492315,-0.9113646180254499,0.0,4839.023466359152
-0.006485045421606676,0.00044066526944868886,-0.15654982877609325,293.80198246006114,0.0,0.0,0.6550152095437978,1580.1677458937927,-0.9976992956317964,0.06779465683825983,0.0,5072.000121393243
0.0033413111377939746,-0.00557544974692212,0.16698368790278315,292.08014398382994,0.0,0.0,0.6400364546680638,162.45413335709117,0.5140478673529192,-0.8577614995264801,0.0,4790.661490727354
0.0063878056995459636,-0.0012024717646781176,-0.1437619777826235,293.9183939004996,0.0,0.0,0.7073355850350294,1525.441534677141,0.9827393383916867,-0.1849956561043258,0.0,5011.175422081532
0.0019199376660494413,-0.006209979014335283,0.16348834358922618,292.27652707038504,0.0,0.0,0.6422408679817905,184.87529003165,0.2953750255460679,-0.9553813868208129,0.0,4871.051852326618
-0.00307930672493735,0.005724322675544733,0.10529229533192205,292.16001692021877,0.0,0.0,0.7004391716900897,435.0823120701363,-0.47373949614420774,0.880665027006882,0.0,4820.579839746649
-0.006362755431257989,0.001328662230213894,0.02608686873162025,292.7524706651932,0.0,0.0,0.6877081437268946,779.4135996771662,-0.9788854509627676,0.2044095738790606,0.0,4952.318039953962
-0.005905877845691184,0.002714886161844371,0.08232798751203338,292.5320647882803,0.0,0.0,0.7095382676262849,535.214069135837,-0.9085965916447976,0.4176747941299032,0.0,4846.155056473829
-0.005141792925891084,0.003976426223037013,-0.03985178747660137,293.09488208892793,0.0,0.0,0.6418077972700873,1069.021404292162,-0.7910450655217053,0.6117578804672328,0.0,4829.699911479219
0.006462228815967933,0.0006997133199201507,-0.097012562452377,293.6657491041185,0.0,0.0,0.7192653536939386,1320.760015466303,0.9941890486104513,0.10764820306463858,0.0,5141.905253012498
0.002733584921923245,-0.005897246261996686,-0.18365136432123016,293.9645594395841,0.0,0.0,0.6510401344312726,1699.8400547689462,0.42055152644973004,-0.9072686556917978,0.0,4922.975009800136
0.005333540122659733,-0.0037152859593816995,0.13656609345394446,292.10554610629777,0.0,0.0,0.6401491221317572,301.21020302612374,0.8205446342553436,-0.5715824552894923,0.0,4785.524977701117
0.005534606180974574,0.0034085384582718203,-0.11613598042350602,293.604934494827,0.0,0.0,0.7176695958802415,1407.5066480732246,0.8514778739960883,0.5243905320418185,0.0,5317.244486343861
-0.003534137609674583,-0.005455260887976268,-0.16576982665356138,293.9826238106672,0.0,0.0,0.640013875918963,1623.0372431388653,-0.5437134784114743,-0.8392709058425029,0.0,5336.679449817533
-0.001275542030440527,0.0063736169110309455,0.08215920631573939,292.44732557998924,0.0,0.0,0.675441906915606,535.5424608871011,-0.19623723545238878,0.9805564478509148,0.0,4939.742559763901
0.0002548132666687528,-0.006495003479531755,0.09485065035351067,292.3865967394814,0.0,0.0,0.6831173551999149,479.49791125542174,0.03920204102596197,-0.9992313045433469,0.0,5012.652880745309
-0.006072540003614838,-0.002318244573917408,0.17802949022410922,291.89356145050124,0.0,0.0,0.6819446717181202,115.07452609553285,-0.934236923633052,-0.35665301137190897,0.0,5174.493013813563
0.00013694936498406373,-0.006498557137659902,0.05785699682804815,292.5213489545778,0.0,0.0,0.7046217676041875,645.1219066409915,0.021069133074471346,-0.9997780211784465,0.0,5032.534016744245
0.005809633622262163,-0.0029151598884248216,0.16214820046548298,291.95928840043325,0.0,0.0,0.6439652284123546,184.57492069086558,0.8937897880403327,-0.44848613668074183,0.0,4812.11582558621
0.005967074928195232,-0.002577599038117424,0.0024098010420713634,293.0712958444442,0.0,0.0,0.6944955608380421,883.0898577781368,0.9180115274146511,-0.3965536981719114,0.0,4877.274259297567
-0.003965264444621727,-0.0051504056038547815,0.156066209470939,291.9841839402899,0.0,0.0,0.6734385174125166,215.96296419979973,-0.6100406837879581,-0.7923700929007357,0.0,5256.0110816760425
0.002511209229390183,0.005995317189792844,-0.1612475320906716,293.7452130486235,0.0,0.0,0.7185095859575664,1598.8508534096513,0.38633988144464354,0.9223564907373606,0.0,5285.365948276879
-0.005373216011720077,0.0036576699812031956,-0.06532196806210502,293.33996411815133,0.0,0.0,0.6400155930775004,1182.2440790386652,-0.8266486171877042,0.5627184586466455,0.0,4846.533406945542
-0.006241365827938794,0.0018153106075374222,0.0508422884547475,292.6865115792073,0.0,0.0,0.6990402321498418,674.1679974270729,-0.9602101273751992,0.27927855500575727,0.0,4911.036281770746
0.0034424024763516133,0.005513607275714174,0.10610954493649274,292.58359842473357,0.0,0.0,0.6607242851086611,430.80892791326073,0.5296003809771713,0.848247273186796,0.0,5253.559587344753
0.005382420384656722,0.0036441117988930834,0.18443670756839745,292.11654549909105,0.0,0.0,0.6910550071606932,85.71744265583945,0.8280646745625726,0.5606325844450898,0.0,5238.138543907976
-0.005992793619764677,0.0025172255820461904,0.061432602417174714,292.49244432980686,0.0,0.0,0.7006950178843016,625.1841209303539,-0.9219682491945657,0.3872654741609524,0.0,4863.496490528964
0.006484918384712429,0.0004425308391725259,-0.038087698719340424,293.27235130596955,0.0,0.0,0.6997206627442671,1059.5946561334672,0.9976797514942198,0.06808166756500399,0.0,5105.109469726151
0.0030078286277690994,0.005762201571098728,-0.16208729208195788,293.76001383549226,0.0,0.0,0.719378263773606,1605.8007568447226,0.4627428658106307,0.8864925493998044,0.0,5312.5492344628965
-0.0054925405072116145,-0.0034759169691808782,-0.008426820975650146,293.2040185181488,0.0,0.0,0.6968593108880475,933.3157619436877,-0.8450062318787099,-0.5347564567970582,0.0,5288.402655892465
0.0023260400975749942,0.006069558259418333,-0.048279645282022804,293.20299319765445,0.0,0.0,0.6620648223185883,1106.4591497716713,0.3578523227038453,0.9337781937566667,0.0,5241.207975650434
0.0034939106425236695,-0.0054811119694875635,-0.19011853169906043,293.9906815170552,0.0,0.0,0.6520044639803254,1728.1423236806706,0.5375247142344107,-0.843247995305779,0.0,4889.0111294494245
-0.00644790359565121,-0.00082130336733036,0.09500182840516266,292.6042632399884,0.0,0.0,0.7199972224381136,480.71507019482044,-0.9919851685617247,-0.12635436420467078,0.0,5094.865414445285
0.003799706146965224,-0.005273730481994192,-0.09201410606947388,293.24559480309136,0.0,0.0,0.7082742765151666,1298.31462209845,0.5845701764561884,-0.8113431510760295,0.0,4849.787453378475
0.006363249399199631,0.0013262944935366087,0.09380786514009795,292.2375966413536,0.0,0.0,0.6401044505808692,487.7772695603661,0.9789614460307126,0.2040453066979398,0.0,5132.420283721588
-0.005972224870677442,0.0025656441869561348,-0.07160446069831733,293.23171048229347,0.0,0.0,0.6400916637426958,1213.1448981712674,-0.9188038262580681,0.3947144903009438,0.0,4899.62481114721
-0.00039993086903839545,-0.006487684895245005,0.10554284115343279,292.3962795970583,0.0,0.0,0.6805974038862816,435.44704317484116,-0.06152782600590699,-0.9981053684992316,0.0,5059.815039069628
-0.001338820860825656,-0.00636062565339433,0.0644747331010668,292.44851689985325,0.0,0.0,0.708419439274816,614.7439006522178,-0.205972440127024,-0.978557792829897,0.0,5141.9073146066885
-0.006475995638473586,-0.0005581043723812693,-0.038870124529117894,293.12960828688114,0.0,0.0,0.6604830186542962,1063.3268328956117,-0.9963070213036286,-0.0858622111355799,0.0,5114.149183722917
-0.0062194979028477445,0.0018888742246302437,-0.011104049565178714,292.88419733876236,0.0,0.0,0.6620624621852361,943.9610788330941,-0.9568458312073453,0.29059603455849903,0.0,4924.22216361005
0.005421514609377556,-0.003585690915333574,-0.028687030967396998,293.2095207472929,0.0,0.0,0.7141669362884642,1022.6557156967812,0.8340791706734701,-0.5516447562051653,0.0,4838.338503804593
-0.0061805206829402765,-0.002012750378896364,0.20389703109736187,291.6385398774736,0.0,0.0,0.6682584641384436,5.501872812851695,-0.9508493358369656,-0.3096539044455945,0.0,5147.539924857335
0.004141191951418083,-0.005010042836294924,0.1535874868340317,292.174767877898,0.0,0.0,0.6401886152255309,225.07629709431743,0.6371064540643204,-0.7707758209684499,0.0,4769.514439741201
-0.005637334086512523,-0.0032358096972850583,-0.11408701288266292,293.49322616991356,0.0,0.0,0.6423368753401855,1394.324357562721,-0.8672821671557728,-0.4978168765053936,0.0,5309.265170594864
0.0008953265957531497,0.006438042426618286,-0.09433502718480619,293.4522312890019,0.0,0.0,0.6805221835521728,1309.3022086435274,0.13774255319279227,0.9904680656335826,0.0,5155.8250519671155
0.0021061699010397447,-0.006149312835427568,0.10099983927945042,292.46308097711733,0.0,0.0,0.6679122783096106,455.24615937051806,0.3240261386214992,-0.9460481285273181,0.0,4877.166910412003
0.0008162344657839964,0.006448547223744765,-0.10610139957388104,293.5224792730105,0.0,0.0,0.6872043814553427,1360.9425533592996,0.12557453319753792,0.9920841882684254,0.0,5153.344322585198
-0.002541575469243781,-0.005982507345096891,0.053287226667742854,292.39449250569936,0.0,0.0,0.7166064606828582,665.4652395617135,-0.39101161065288936,-0.9203857453995218,0.0,5224.344494901585
-0.005777448987749916,-0.0029784363672819116,-0.16007677429188527,293.6913600363906,0.0,0.0,0.6432574095580676,1595.5048498207777,-0.8888383058076794,-0.45822097958183255,0.0,5310.493918405662
0.006418859601974327,-0.001023836613011069,0.0845059226477943,292.3213399171168,0.0,0.0,0.643707156337641,526.8185814781642,0.9875168618422042,-0.157513325078626,0.0,4957.493026985048
0.0028036248444385952,0.005864272139971563,-0.06745709518070225,293.26944726452115,0.0,0.0,0.6763624730423605,1189.9977351680166,0.4313268991443993,0.902195713841779,0.0,5274.314179889259
-0.0061082352248192475,-0.0022224901435725984,0.01821606677144441,293.02194649049915,0.0,0.0,0.7035049621185765,815.0049812359074,-0.9397284961260381,-0.3419215605496305,0.0,5215.325185206202
0.0042739579222468545,-0.0048972730860003455,0.14094432820036132,292.2457273332882,0.0,0.0,0.6413869361549259,281.90552346185956,0.6575319880379776,-0.7534266286154379,0.0,4771.046947025203
-0.0005821183258255767,0.006473881235760973,-0.1520966708707541,293.75778837222447,0.0,0.0,0.7048514878821839,1558.831402976246,-0.08955666551162718,0.9959817285786113,0.0,5059.917697530437
-0.006492486477604748,0.00031244093540938063,0.07453421957355713,292.7000823980669,0.0,0.0,0.7155413377767085,574.2409712615967,-0.9988440734776536,0.048067836216827795,0.0,5014.17896980124
-0.003730657827950904,0.005322799279584817,-0.04662854837411129,293.3424907723391,0.0,0.0,0.6402130508653477,1099.54068041591,-0.5739473581462929,0.8188921968592026,0.0,4838.646873514958
0.0028512307621991807,0.005841274102513002,-0.13309849511442928,293.4749650117307,0.0,0.0,0.7118969572818199,1478.2957371298673,0.43865088649218165,0.8986575542327696,0.0,5296.054123515212
-0.006403130828968267,0.0011179962375232541,-0.20092227038178714,294.09928209948345,0.0,0.0,0.6844057793575864,1773.0416609817887,-0.9850970506105027,0.17199942115742373,0.0,5034.088456916077
0.005091590847627865,-0.00404050772061534,0.16844001557098567,291.895731052706,0.0,0.0,0.6422860208405986,158.25568521603225,0.7833216688658253,-0.6216165724023599,0.0,4767.237617803082
0.0028903068774382913,0.005822037972585966,0.07468479267766984,292.7521074925461,0.0,0.0,0.6489912529691828,567.2435282963976,0.44466259652896795,0.8956981496286103,0.0,5237.282768749487
-0.006433882626171546,-0.0009247455610317468,-0.03951531781223258,293.0643397755954,0.0,0.0,0.6621413183254112,1071.5525331799897,-0.9898280963340841,-0.14226854785103799,0.0,5141.976161815676
0.004878197619652943,0.0042957174003433185,-0.20228225767426708,294.2084501337008,0.0,0.0,0.707662186882422,1781.354970515396,0.7504919414850681,0.6608796000528182,0.0,5367.196970287494
0.004641488178693912,0.004550449152231532,-0.04430839999924077,293.02181929286274,0.0,0.0,0.6761469825507994,1085.3914222980484,0.714075104414448,0.7000691003433126,0.0,5322.91927015739
-0.0006115161701634525,-0.006471170525772645,0.17597714228683867,292.0947283629352,0.0,0.0,0.6456708881349218,130.34872152908102,-0.09407941079437732,-0.9955646962727147,0.0,5055.325564956947
-0.0026014800364369197,0.005956702243693247,-0.11877214678788672,293.7697491509249,0.0,0.0,0.6735326262417395,1416.6405849562295,-0.40022769791337226,0.9164157297989611,0.0,4911.375100613153
0.0003665885607202908,0.006489654291805459,0.11781257629155026,292.2485270660416,0.0,0.0,0.6870916980587698,380.6522485238585,0.056398240110813964,0.9984083525854553,0.0,5053.672507352571
0.004423216330149907,-0.004762893794395922,0.13430471320654094,292.28633307131946,0.0,0.0,0.6422230143181065,310.2582800734598,0.6804948200230627,-0.7327528914455265,0.0,4771.374029958943
0.005335591791271196,0.0037123389173025975,0.19406513555123914,292.026442915724,0.0,0.0,0.6970486371422682,48.05671218536981,0.820860275580184,0.5711290642003997,0.0,5237.609028647041
-0.005894667954117503,0.002739140323294914,0.16839241549822806,292.12919597249635,0.0,0.0,0.7135721399768777,156.37614945057123,-0.9068719929411544,0.42140620358383296,0.0,4819.633673135209
0.006301511419466185,-0.001594036960154082,0.1734361911942572,291.8507922858375,0.0,0.0,0.6532813087655627,137.71506086508953,0.96946329530249,-0.24523645540832031,0.0,4890.364316848918
0.00398137429153983,0.005137962509659419,-0.0045824304462554755,292.93573071810533,0.0,0.0,0.6501788536022332,916.554995184618,0.6125191217753585,0.7904557707168337,0.0,5303.425836395872
-0.005940011744982785,-0.002639367437373312,-0.005065697745631315,293.1145565744464,0.0,0.0,0.693358474629408,918.3276044266825,-0.9138479607665824,-0.40605652882666343,0.0,5247.019608654725
-0.0030680520598866763,-0.00573036268990237,-0.19222346556708195,294.10513726152953,0.0,0.0,0.6417368655260738,1736.4039584924494,-0.47200800921333486,-0.88159425998498,0.0,5324.320302302146
-0.002101702807238519,0.006150841024611653,-0.13365403877508858,293.7322711852449,0.0,0.0,0.685905332292604,1479.0915008570864,-0.32333889342131067,0.9462832345556389,0.0,4946.133168289066
0.0008239540442865769,0.0064475654112931486,-0.13813488368442567,293.6158002759522,0.0,0.0,0.7049397379895306,1503.2975570127185,0.12676216065947338,0.991933140198946,0.0,5163.299516094656
0.0003231536809577059,0.006491962083875989,-0.16582753551853086,293.6518551432897,0.0,0.0,0.7140889454192774,1623.3403880171697,0.049715950916570134,0.998763397519383,0.0,5133.362124468618
0.0049415496032363055,-0.004222687239040456,0.1222689668159849,292.3188487691358,0.0,0.0,0.6432226784088068,364.5486848370367,0.7602384004978932,-0.6496441906216086,0.0,4777.271730746446
-0.0030734076882131755,-0.005727492049931815,-0.13538091022408413,293.7905557314785,0.0,0.0,0.6464192538950443,1485.397514692858,-0.47283195203279627,-0.881152623066433,0.0,5307.942238442855
0.0029725988320939627,-0.005780454669265525,0.024497367518917595,292.83746474777377,0.0,0.0,0.706387279001498,790.9399320702667,0.45732289724522507,-0.8893007183485423,0.0,4849.481248256244
-0.00158378621536766,-0.006304095591281225,-0.18014795694752617,294.11437683651246,0.0,0.0,0.6403624217051279,1686.8579883126529,-0.24365941774887076,-0.9698608601971116,0.0,5230.884097548239
-0.005376864219096032,-0.003652304911888493,-0.07153488769123212,293.50516077960077,0.0,0.0,0.6608374304136827,1208.7430389107205,-0.8272098798609281,-0.5618930633674605,0.0,5313.3387870213155
-0.003631565540835371,-0.0053908934067199935,0.1081834867346271,292.113796435353,0.0,0.0,0.6993775627472394,419.1223710339245,-0.5587023908977494,-0.8293682164184606,0.0,5260.021543191712
0.005692974140370298,0.0031368846706685055,-0.12548874532591192,293.76571189031006,0.0,0.0,0.7195429226642358,1448.6548230134529,0.8758421754415844,0.48259764164130853,0.0,5308.068097425172
-0.0019828347822621437,-0.0061901830527256166,0.2044645161841052,291.8597187882718,0.0,0.0,0.6420079799457936,2.055369827728399,-0.3050515049634067,-0.9523358542654795,0.0,5145.4124697576535
-0.005949047613045685,-0.0026189372840362997,0.04367804958137292,292.7811920623249,0.0,0.0,0.715354510560508,705.7155198393049,-0.9152380943147208,-0.4029134283132769,0.0,5231.597039761957
0.004655170771999001,0.004536450714327912,0.1960431860540803,292.00673144231325,0.0,0.0,0.7037342169643861,38.37738746558171,0.7161801187690772,0.6979154945119864,0.0,5252.538107395944
0.004704788364798002,-0.00448497117520964,-0.1969126270647101,293.91380944051764,0.0,0.0,0.6561910132453782,1754.8241732402448,0.723813594584308,-0.6899955654168677,0.0,4867.9188787931325
0.00326792687605165,0.0056187769071906835,0.12866300111726373,292.43223997571226,0.0,0.0,0.674979575684152,335.34191363175194,0.5027579809310231,0.8644272164908744,0.0,5239.64137727075
0.00619765644372508,-0.0019593505570859398,0.052059587191935125,292.6414625405999,0.0,0.0,0.6611183803618663,665.7900301628505,0.9534856067269355,-0.3014385472439908,0.0,4901.05438959623
-0.0011290822897181228,-0.006401185295165644,-0.1987693574179152,294.2742660330456,0.0,0.0,0.6401250930209824,1763.7047840900598,-0.17370496764894197,-0.9847977377177914,0.0,5203.708526878559
0.0030872836123375155,-0.0057200244664679725,0.18286459855942097,292.0345953681786,0.0,0.0,0.6404839000437468,97.82314463386722,0.474966709590387,-0.8800037640719959,0.0,4797.492407955954
-0.006084536868822088,-0.0022865719083258016,0.06840530388061086,292.66127243381476,0.0,0.0,0.7194696425518626,598.5042278791645,-0.9360825952033982,-0.35178029358858487,0.0,5204.626640531485
-0.0009821195167801476,-0.006425374794886251,-0.1033227895434679,293.5345776655203,0.0,0.0,0.6734581069611816,1347.9573809910962,-0.15109531027386885,-0.9885191992132694,0.0,5164.9211240101495
-0.002303974210150985,-0.006077968644124379,-0.06151689318086617,293.36283163719963,0.0,0.0,0.6905043840363217,1164.0348844792734,-0.35445757079245926,-0.9350720990960584,0.0,5243.726636726316
-0.005113388253929548,0.004012886811832017,-0.09089016732468677,293.5295577037417,0.0,0.0,0.644659221814398,1292.6643602824254,-0.7866751159891613,0.6173672018203102,0.0,4843.768292642642
0.003246759961865619,-0.00563103451863211,-0.09382857745456047,293.350084615357,0.0,0.0,0.7043952732740404,1305.8168000067833,0.49950153259471064,-0.8663130028664785,0.0,4871.099686350362
0.0030401579382356996,-0.005745210153735236,-0.13592228023941716,293.62946198057125,0.0,0.0,0.678980688580839,1490.6468028704621,0.46771660588241537,-0.8838784851900363,0.0,4893.079808248994
0.0014618884525884708,0.006333473150822421,0.0925509976240936,292.6293534487358,0.0,0.0,0.6651886907272088,491.522985551347,0.22490591578284166,0.974380484741911,0.0,5142.483870755316
-0.0015972422639040642,0.0063006997349817125,0.10177194752647553,292.30971373066785,0.0,0.0,0.6893959727840654,448.2101254870611,-0.24572957906216372,0.9693384207664173,0.0,4911.115527476979
-0.004749874772061717,-0.004437193893637245,-0.1532545041166112,293.8620556753585,0.0,0.0,0.6400139683532485,1569.3414200380907,-0.7307499649325718,-0.68264521440573,0.0,5354.276460058805
0.006332573387354544,-0.0014657811206892385,-0.09272902721582614,293.6565642573372,0.0,0.0,0.7198792449952898,1302.5392127604882,0.9742420595930067,-0.2255047877983444,0.0,4977.292078631187
-0.0005802776292858939,-0.006474046483687798,0.06157560297499773,292.52523374786887,0.0,0.0,0.7062715538340789,628.736356577105,-0.08927348142859907,-0.9960071513365844,0.0,5086.4363852638
0.006273223633948834,-0.001701959235253825,-0.0832876001387133,293.5432921198423,0.0,0.0,0.7199825975703658,1262.8494223188222,0.9651113282998206,-0.2618398823467423,0.0,4958.024540250418
-0.0054115813665485575,0.0036006648154506744,-0.12456542931688414,293.75989715893184,0.0,0.0,0.6559345582531336,1443.0655469067704,-0.8325509794690089,0.5539484331462576,0.0,4865.863019138591
-0.006042174385158834,-0.002396273919928701,-0.04523791305651689,293.3159578438791,0.0,0.0,0.6675807420967155,1091.9945959544978,-0.929565290024436,-0.36865752614287706,0.0,5244.585984901377
0.004626591057970759,-0.004565594723834455,0.008811089843868997,293.03606192765807,0.0,0.0,0.7040074527232192,854.8654532116885,0.711783239687809,-0.7023991882822239,0.0,4807.443159541136
-0.0026568896970981144,0.005932194967923247,0.16256091275620885,291.9532606093855,0.0,0.0,0.7189531583647704,185.83596295852217,-0.4087522610920176,0.9126453796804995,0.0,4825.898265006682
-0.006384404695372042,0.0012204002153848646,-0.007205400539721379,292.8866766262718,0.0,0.0,0.6682060785078022,930.2883741136095,-0.9822161069803141,0.1877538792899792,0.0,4969.901455525615
-0.0005029628546556033,0.006480511427876405,0.19813898600384564,291.72173995102685,0.0,0.0,0.7199846688825955,28.900850281047003,-0.07737890071624666,0.9970017581348316,0.0,4963.4346516290925
0.0034362509125087743,0.005517443218220067,-0.08177442453909414,293.18435662036933,0.0,0.0,0.6894847093628118,1256.6810142678798,0.5286539865398114,0.8488374181877028,0.0,5308.304620438426
-0.006202040523066271,0.0019454288345359379,-0.15897358361286446,293.92984787276185,0.0,0.0,0.6643719951856372,1592.3033516567573,-0.954160080471734,0.2992967437747597,0.0,4963.740351177824
0.005142014786448818,0.0039761393255193815,-0.09539882860924849,293.4295621514018,0.0,0.0,0.7087984610212528,1312.5666599140714,0.7910791979152028,0.6117137423875971,0.0,5329.878616714282
-0.0057748009220831426,0.0029835673798839675,-0.11508502625307734,293.5643950826338,0.0,0.0,0.6486407880884616,1403.3201620929858,-0.8884309110897143,0.459010366135995,0.0,4889.783923425061
0.006408435011582852,-0.0010871801609296755,-0.1701608853452399,293.9269528310711,0.0,0.0,0.694309936394808,1640.4137870704574,0.9859130787050543,-0.16725848629687318,0.0,5027.352021372456
-0.002439610406705573,0.006024807139111913,-0.1282152854653399,293.79283174453667,0.0,0.0,0.6803734208301542,1454.3127358638778,-0.37532467795470353,0.9268934060172174,0.0,4923.58344045837
0.005655564961442713,-0.003203839098160438,0.1835988444821808,291.82659858731273,0.0,0.0,0.650124017659096,95.98710159126885,0.8700869171450327,-0.49289832279391355,0.0,4791.831561761627
-0.006485329715686588,-0.0004364613142450582,0.18496029246772736,291.9456297005022,0.0,0.0,0.6895044877110494,88.6676965827074,-0.997743033182552,-0.06714789449923973,0.0,5039.363452218095
-0.0021620810052200017,-0.006129878116803536,-0.17894452468116392,294.0495053383404,0.0,0.0,0.6400724765325873,1676.8974015607287,-0.3326278469569233,-0.9430581718159287,0.0,5269.217711846887
-0.001734327334949601,-0.006264352216729724,-0.05380597906996845,293.268210419516,0.0,0.0,0.6983339611047875,1132.4876143802699,-0.2668195899922463,-0.9637464948814961,0.0,5204.321313745485
-0.0032689359370818133,0.005618189907724288,0.16980801315606595,291.90943999604957,0.0,0.0,0.719996951716178,151.1284285102984,-0.5029132210895098,0.8643369088806597,0.0,4792.956864234558
0.0026672375973253106,0.0059275495442395335,-0.1938845398919721,293.9724729296808,0.0,0.0,0.7187317468141655,1744.922052455366,0.4103442457423555,0.9119306991137744,0.0,5303.849452051099
0.006115119162191255,0.0022034785300068882,-0.07957202585526063,293.4295602123063,0.0,0.0,0.7106652619660419,1243.5898202347764,0.9407875634140392,0.3389966969241367,0.0,5242.751311673385
-0.001448906943143033,-0.006336455528930343,-0.02615788994607207,292.9781028077375,0.0,0.0,0.7124230048644375,1008.0668145995481,-0.22290876048354358,-0.9748393121431297,0.0,5176.3060791593225
-0.004473803206148949,0.004715409300649455,-0.1118027350150506,293.7163553272163,0.0,0.0,0.6568710824065459,1389.9374757141538,-0.6882774163306076,0.7254475847153008,0.0,4843.068157066158
0.005624853557590612,-0.0032574564395645013,-0.10793211504985155,293.5556752466407,0.0,0.0,0.7128277951802744,1369.5418259435728,0.8653620857831711,-0.5011471445483848,0.0,4874.7530181863285
0.004270608769370926,-0.004900193949117947,0.057366700082666616,292.7799285736704,0.0,0.0,0.6789923479741584,647.0586823478201,0.6570167337493732,-0.753875992171992,0.0,4795.555175302814
-0.0025280850895654434,-0.005988220585442464,0.14133205793774536,292.0825265163455,0.0,0.0,0.6722250649647931,277.7084917747229,-0.38893616762545286,-0.9212647054526868,0.0,5197.791101581657
-0.0024239142662608247,-0.0060311391651840735,-0.12994528250638626,293.8062074919787,0.0,0.0,0.6512295668758983,1467.0152032608348,-0.37290988711705,-0.9278675638744729,0.0,5271.038259863626
0.0009252585098994251,-0.006433808878872506,-0.12620789980221875,293.6267531774323,0.0,0.0,0.6712517979319323,1449.8968799931313,0.14234746306145002,-0.9898167505957702,0.0,5026.489945831571
-0.0018076480574590855,0.006243589392357924,0.06014787986799244,292.56767975072165,0.0,0.0,0.6656389506091822,631.953208321471,-0.2780997011475516,0.9605522142089115,0.0,4908.831100623603
0.00406230040938358,-0.005074220667641682,-0.19810564638023234,293.9543310435855,0.0,0.0,0.6515844826374617,1762.274908812156,0.6249692937513199,-0.7806493334833358,0.0,4874.041209096711
0.006473644434017732,-0.000584745878062622,-0.11075572368360237,293.7479607363506,0.0,0.0,0.7190653484838501,1379.8421138394622,0.9959452975411897,-0.08996090431732646,0.0,5047.618239562114
0.005037635623856113,0.004107581687715514,-0.031377226593918756,292.9731330805932,0.0,0.0,0.6719279301007243,1032.857342215621,0.7750208652086328,0.6319356442639252,0.0,5314.065233402094
0.0010350164165663631,0.006417066387177098,-0.09665389638655945,293.48995011364343,0.0,0.0,0.6828106170619423,1316.8380590956451,0.15923329485636356,0.9872409826426304,0.0,5166.88976252558
-0.005418921259643296,0.0035896089455239983,-0.16504675123599347,294.05121686787106,0.0,0.0,0.678911355199798,1618.2977943818273,-0.8336801937912763,0.5522475300806151,0.0,4878.107452266232
-0.006480404191005642,-0.0005043426624791008,0.03753775405706353,292.81684834218,0.0,0.0,0.7043006342506084,734.0481529050722,-0.9969852601547142,-0.07759117884293859,0.0,5087.6919710882
-0.005344706982630813,-0.0036992035994004744,0.02764064049483267,292.904905468605,0.0,0.0,0.7142715433489092,775.603060724428,-0.8222626127124328,-0.5691082460616115,0.0,5285.888273101942
-0.005426099489398649,-0.0035787489896816896,0.1202093028211513,292.212871520478,0.0,0.0,0.70626541933898,370.3667991440759,-0.8347845368305615,-0.5505767676433369,0.0,5254.623275401605
-0.003365534671246377,0.005560861118265636,-0.03242421303169704,293.172790803349,0.0,0.0,0.640044835241035,1036.354223939473,-0.5177745648071349,0.8555170951177902,0.0,4848.0075177654135
-0.004154136777157043,-0.0049993147167058105,0.16170271894061913,291.8679927349708,0.0,0.0,0.6715072407049604,190.9961689712602,-0.6390979657164682,-0.7691253410316632,0.0,5258.44559536137
-0.0018602273799564828,0.006228126050013779,-0.16949394863767986,293.9029056428306,0.0,0.0,0.7068657365220635,1637.2568948531498,-0.28618882768561277,0.9581732384636583,0.0,4972.498747049305
-0.000930072055509055,0.006433114795459596,-0.10180660703365046,293.5040438705917,0.0,0.0,0.6738561389267573,1341.6801648332857,-0.14308800853985462,0.9897099685322456,0.0,5018.989241502505
0.0041042518709628745,-0.005040348854960116,-0.07276370537413362,293.3187223024271,0.0,0.0,0.7163301482519423,1214.709183010076,0.6314233647635191,-0.7754382853784794,0.0,4836.481768595778
-0.006209022226170368,0.0019230296396369898,-0.04810111523564084,293.0367264087851,0.0,0.0,0.6455548051407246,1105.9477486724797,-0.955234188641595,0.29585071379030614,0.0,4932.77501691766
0.0015556651430658555,-0.006311093880037745,-0.10396501047470794,293.4258405443816,0.0,0.0,0.688699041749195,1348.0287911778235,0.23933309893320856,-0.970937520005807,0.0,4974.240040786816
0.0006988243706289812,-0.0064623250072257275,-0.04685722663730296,293.0127881779222,0.0,0.0,0.7127776701522921,1100.9692195600708,0.10751144163522788,-0.9942038472654966,0.0,5020.270165785907
-0.003668935432641187,-0.005365530056863909,-0.07421611421697955,293.5299582542325,0.0,0.0,0.6733777242848216,1221.2246878611809,-0.5644516050217211,-0.8254661625944476,0.0,5314.689639710699
-0.004898648807875465,-0.004272381052422675,-0.16750488117641138,293.7965836711809,0.0,0.0,0.6415464516868002,1635.77177155382,-0.7536382781346869,-0.6572893926804115,0.0,5356.7050419488305
0.004779937139175082,-0.004404792951494397,0.16768930804874152,291.9463649475302,0.0,0.0,0.641287817305613,164.3584569692222,0.7353749444884742,-0.6776604540760612,0.0,4761.752943123211
-0.0029885827221011007,-0.005772206970748603,-0.1042580769176802,293.73846689920714,0.0,0.0,0.6606584889755163,1351.1356233930906,-0.4597819572463232,-0.8880318416536314,0.0,5294.665068224139
0.005980058950144021,-0.002547330946854451,0.13409466935036676,292.0917406068726,0.0,0.0,0.6401327409479939,307.6635885498142,0.9200090692529262,-0.39189706874683866,0.0,4840.478350971966
-0.002605688823240765,0.005954862362509998,-0.08396799387303262,293.67549767374027,0.0,0.0,0.6543393859433814,1261.2555286979841,-0.4008752035755024,0.9161326711553843,0.0,4900.948562680949
-0.0025770613608309453,-0.005967307160060738,-0.08165755808176726,293.559850818588,0.0,0.0,0.6764740839420854,1254.4927148488764,-0.39647097858937624,-0.9180472553939597,0.0,5265.88931996577
-0.0035604513001839377,-0.005438123439111924,0.018094702766786264,292.8294864153347,0.0,0.0,0.7181851212758095,816.8424307399166,-0.5477617384898366,-0.8366343752479883,0.0,5283.84213936721
-0.0007507901253801272,0.006456493954742906,-0.18196408144689658,293.88580295716025,0.0,0.0,0.7156846904330391,1691.1297439862424,-0.11550617313540419,0.9933067622681394,0.0,5055.891248506121
0.005841182486675512,0.002851418446555202,-0.021567751304501115,292.93809573537686,0.0,0.0,0.6750683160837209,991.0197733963146,0.8986434594885403,0.43867976100849265,0.0,5263.4208615970665
0.0004116861289206816,-0.006486949555164916,-0.06282672066710696,293.18755839991576,0.0,0.0,0.7048822285088012,1172.3390479506827,0.06333632752625871,-0.997992239256141,0.0,5046.783726820838
-0.003406273609172105,0.0055360003702544704,0.07168906669027966,292.3401945902085,0.0,0.0,0.683173354671497,583.1056115189224,-0.5240420937187854,0.851692364654534,0.0,4815.856509150498
0.005980691715421269,-0.0025458449687856873,-0.11561183251615116,293.6180943680521,0.0,0.0,0.7129368740528972,1397.4440182899216,0.9201064177571183,-0.3916684567362596,0.0,4913.649279178893
-0.0007988588621360569,-0.006450722790384553,-0.06363178704626815,293.27582742424437,0.0,0.0,0.6982022843215759,1175.4261041572165,-0.12290136340554723,-0.9924188908283929,0.0,5139.608755048194
0.006426210287948424,-0.0009766377706528844,-0.15165555830064026,293.8249643395108,0.0,0.0,0.7047349606016642,1558.2661320473346,0.9886477366074499,-0.15025196471582838,0.0,5030.113860254794
0.006459018362551331,-0.0007287535881384862,-0.029195980124351623,293.29019904412075,0.0,0.0,0.7012398541645989,1023.566279940132,0.9936951327002048,-0.11211593663669019,0.0,5012.840634647442
-0.006160957463841173,-0.002071859823622183,-0.16088887466285307,293.6897137764141,0.0,0.0,0.6463324325657492,1602.5984291549612,-0.9478396098217189,-0.3187476651726436,0.0,5258.150258025003
0.0063486824705164865,-0.001394356801022133,-0.06776630717315582,293.4660777781773,0.0,0.0,0.7180183040044191,1192.7536877495252,0.9767203800794595,-0.214516430926482,0.0,4975.072756149949
0.0020806645410860565,0.006157989531289181,0.05976205662153819,292.8079883135443,0.0,0.0,0.6467625216618144,628.6701719310761,0.32010223709016256,0.9473830048137202,0.0,5194.138375965707
-0.006474788920707803,0.0005719339404856804,0.1345282689829547,292.4228439908462,0.0,0.0,0.7167998659123163,309.35378564962565,-0.9961213724165852,0.08798983699779699,0.0,4976.801593898315
0.004120789790486112,0.005026837127123319,0.17004232618112322,292.19177497667204,0.0,0.0,0.6936558719126277,153.1570926454268,0.6339676600747864,0.7733595580189722,0.0,5255.373988985331
-0.002336927208519812,0.006065374780018115,-0.16796472269563695,293.90855188540564,0.0,0.0,0.7037424043613759,1629.841351399445,-0.3595272628492019,0.9331345815412485,0.0,4941.416745656895
-0.0043622822104457445,0.004818764770813012,-0.03988591890140178,293.19358176755514,0.0,0.0,0.6403094734666394,1069.9322706192052,-0.6711203400685761,0.7413484262789249,0.0,4822.906923506529
-0.004537546674251433,-0.00465410251058029,-0.18848369166835754,293.981130280415,0.0,0.0,0.6452794523656055,1719.4996295923768,-0.6980841037309897,-0.7160157708585062,0.0,5365.085572365587
0.0031395984544009617,0.005691477975457965,0.1521460836370456,292.1979479680413,0.0,0.0,0.6901565108612089,233.50041623463116,0.4830151468309172,0.8756119962243023,0.0,5226.936367397096
-0.004274368727833737,0.00489691453657474,-0.0006163143300541574,292.8802575869494,0.0,0.0,0.6496180517554703,900.1262205197646,-0.657595188897498,0.7533714671653446,0.0,4812.473658551677
-0.0005207397601618694,0.006479107199467112,0.2047199749281823,291.6224005842754,0.0,0.0,0.7198848135739233,1.4726112385121546,-0.08011380925567223,0.9967857229949403,0.0,4960.153807917209
-0.002604829194229679,0.0059552384392976875,0.021059188462334177,292.8844935667143,0.0,0.0,0.650328281630382,803.1368321366494,-0.40074295295841217,0.9161905291227213,0.0,4870.25788602761
0.0061053304550498086,-0.002230457359969317,-0.169156144778115,293.8201410648143,0.0,0.0,0.6879089716139973,1634.8583369648386,0.9392816084692014,-0.3431472861491257,0.0,4948.3531481068185
0.006156938141492758,0.0020837736733704303,0.028784646437442662,292.5902726710155,0.0,0.0,0.6522275478834583,773.1445000574975,0.9472212525373475,0.32058056513391237,0.0,5203.405587655581
0.006362956852862901,0.0013276972880159974,-0.0803519102733002,293.4959496771665,0.0,0.0,0.7142025026826511,1247.991725733087,0.9789164389019849,0.20426112123323037,0.0,5183.4949169769925
0.002089318805193023,-0.006155058645558691,-0.19008376471922112,294.0366657207279,0.0,0.0,0.6460215320645498,1732.1501004683519,0.3214336623373882,-0.9469320993167218,0.0,4963.446346266645
0.006373326514308492,0.0012769922247266652,0.1593592796260702,292.08691613478044,0.0,0.0,0.6607636727927247,202.25355641669543,0.9805117714320758,0.19646034226564082,0.0,5109.674098727156
-0.0064273106798800154,-0.0009693696014938194,-0.13076136531967392,293.5244657323124,0.0,0.0,0.6415956869514456,1468.2631897416427,-0.9888170276738486,-0.14913378484520298,0.0,5172.004632046146
-0.005032149704351225,0.004114300590987229,0.11990492410333811,292.2543129696191,0.0,0.0,0.7165454626229,371.1757603521545,-0.7741768775924963,0.632969321690343,0.0,4779.890769333159
-0.0018475172986051481,0.006231908201454409,-0.005020531223723285,293.04386496238607,0.0,0.0,0.640889367422762,916.5843724093054,-0.2842334305546382,0.958755107916063,0.0,4925.214297080414
-0.006261270840183114,-0.0017454189943599877,-0.20247430934400756,293.90604580295496,0.0,0.0,0.6677760075450798,1783.088861182674,-0.9632724369512484,-0.2685259991323058,0.0,5248.592620251012
0.00593501841655915,-0.002650576615588336,0.1148821098862268,292.1629662585905,0.0,0.0,0.6410557953785796,393.4057652181083,0.9130797563937154,-0.40778101778282094,0.0,4840.207671648618
0.005846334704419762,0.0028408397568143637,0.07126823513664829,292.4884214588648,0.0,0.0,0.6400138362882626,588.4020152294456,0.8994361083722711,0.4370522702791329,0.0,5235.691300917814
0.00558692759236629,-0.003322083695161248,0.037495959702488424,292.9640716378017,0.0,0.0,0.6784736727349392,734.2133580534554,0.8595273219025061,-0.5110897992555766,0.0,4829.377749567086
0.0004497826462643954,-0.006484419447500245,0.04403670131788501,292.54970162744803,0.0,0.0,0.7094276897855907,705.039873426392,0.06919733019452237,-0.9976029919231147,0.0,5012.595477552802
-0.0017178582900477873,-0.006268888489621912,-0.039613607893133895,293.1604099906451,0.0,0.0,0.705654126328834,1071.1415077075908,-0.26428589077658265,-0.9644443830187557,0.0,5199.038748135721
0.004899675842599097,-0.004271203183817275,-0.0752025690257809,293.3637128048083,0.0,0.0,0.7182294163269934,1226.6677497823212,0.7537962834767842,-0.6571081821257346,0.0,4834.347655243263
0.006355763926725239,-0.0013617139595884945,-0.1353746765107373,293.85711350753303,0.0,0.0,0.7102074756945896,1488.2230771534553,0.977809834880806,-0.20949445532130684,0.0,4997.198987156642
-0.005063440585475265,-0.004075729313553821,0.11670354251986867,292.2583302419909,0.0,0.0,0.7050080002473126,384.9113464382395,-0.778990859303887,-0.6270352790082802,0.0,5270.070241008197
-0.00411974774135312,0.005027691174646257,-0.1467924402934758,293.9253541116705,0.0,0.0,0.6796923641068483,1537.0672822377,-0.633807344823557,0.773490949945578,0.0,4857.841518446476
0.006071003403054267,-0.0023222656351295167,0.10612383476019635,292.25944815221675,0.0,0.0,0.6419043443333743,435.68760831761847,0.9340005235468104,-0.35727163617377183,0.0,4862.093417818676
-0.0047914383482558455,0.004392279425863442,-0.16720576319949484,294.0544875672178,0.0,0.0,0.6864821288833999,1627.1265922177834,-0.7371443612701302,0.6757352962866835,0.0,4859.881040471485
-0.0004258937251672158,0.006486032264401958,0.0636061200837297,292.688064474524,0.0,0.0,0.6597623274774782,617.8138090766859,-0.06552211156418705,0.9978511176003012,0.0,5008.692918483713
0.0013578013790897436,0.0063566009324907274,0.0334148204586395,292.9411169769835,0.0,0.0,0.6418059124931509,752.6426584608392,0.20889251985996057,0.9779386049985735,0.0,5152.362082281934
-0.006158189300287681,-0.0020800732058805825,-0.0472606412226137,293.29905519358437,0.0,0.0,0.66447779191839,1103.8764770613045,-0.947413738505797,-0.3200112624431666,0.0,5225.423916054483
-0.006213295000586502,-0.0019091792047072934,0.10423374963549745,292.5035751573416,0.0,0.0,0.717910044211903,439.94587780684867,-0.9558915385517696,-0.2937198776472759,0.0,5169.87473395604
-0.006201684536066694,0.0019465633601584147,-0.00455553780077686,292.8451031900325,0.0,0.0,0.6653881376750689,917.5724461250772,-0.95410531324103,0.29947128617821767,0.0,4918.469755483932
0.0055132044794111,-0.0034430475407989033,-0.20443021700236724,293.9261461360374,0.0,0.0,0.6591090676514464,1791.5198625439443,0.8481853045247847,-0.5296996216613697,0.0,4895.19151679184
-0.002628124160191326,0.005944994819057342,0.1769723634270329,291.8317909326289,0.0,0.0,0.7199964747683611,120.98025089324528,-0.4043267938755886,0.9146145875472834,0.0,4823.301618796865
0.001770199331882467,-0.006254310059902919,-0.11246975396410906,293.48397612824726,0.0,0.0,0.6849090926394409,1388.8992498984817,0.27233835875114876,-0.9622015476773723,0.0,4961.895781628848
-0.0063556708920523945,-0.0013621481240738533,-0.16471819145360556,293.7060799469036,0.0,0.0,0.6505249315768872,1613.1233784334158,-0.9777955218542146,-0.2095612498575159,0.0,5210.664228209091
-0.0018821681592417084,-0.006221530601093004,0.167482230208207,292.1025625208842,0.0,0.0,0.6541679948250916,166.324118898476,-0.28956433219103206,-0.9571585540143084,0.0,5149.5602994178125
0.005184047723102511,0.003921179568012114,0.1125562399514842,292.47360219142524,0.0,0.0,0.6521802831971389,407.35390942075276,0.7975458035542324,0.6032583950787869,0.0,5267.619810985077
-0.004035718329424336,-0.005095387871943455,-0.14372132471487659,293.8447101810879,0.0,0.0,0.6414408705419307,1525.0286953885986,-0.6208797429883594,-0.7839058264528392,0.0,5345.420401992888
0.006108822822536939,-0.0022208745400971713,0.1113419320844192,292.21347859611063,0.0,0.0,0.6409056062940037,408.81490808616223,0.9398188957749137,-0.3416730061687956,0.0,4866.8567437518805
-0.005696433914660606,0.003130597491838331,0.12406456765838389,292.32302195927105,0.0,0.0,0.7194094996786347,352.88872405835116,-0.876374448409324,0.48163038335974323,0.0,4812.644138444904
-0.002726794765888037,-0.0059003889960514986,-0.13099645095153584,293.8495026896769,0.0,0.0,0.6494370165940818,1467.0665364032636,-0.41950688705969796,-0.9077521532386921,0.0,5288.744564682193
-0.002319540118100642,0.0060720452600850775,-0.021146930629121125,293.1614391411652,0.0,0.0,0.640033325423955,987.3889302963283,-0.35685232586163723,0.9341608092438581,0.0,4899.510616796257
0.0005475892263271724,0.006476893239757037,0.0023135513899751325,293.0900879830827,0.0,0.0,0.6400477944464366,885.3454865047014,0.08424449635802653,0.996445113808775,0.0,5101.29537138843
0.0003981143058845919,-0.006487796621307578,-0.12744502038128536,293.7647462866795,0.0,0.0,0.6673796861702784,1453.0952640390856,0.06124835475147568,-0.9981225571242428,0.0,5066.734299342912
-0.004421849788246917,-0.004764162512990157,0.05448646873577154,292.57544005460943,0.0,0.0,0.7198492512716163,658.7013248082341,-0.680284582807218,-0.7329480789215627,0.0,5293.359379902076
-0.0038916820485301352,-0.005206228081168582,0.1749513962388448,291.8185062871868,0.0,0.0,0.6619414980963882,131.11823084236264,-0.5987203151584823,-0.8009581663336279,0.0,5248.569676183963
-0.002148801412848544,0.0061345458257429375,0.09145128392857996,292.3554942612766,0.0,0.0,0.6866727905712962,497.2331473805716,-0.33058483274592987,0.9437762808835288,0.0,4877.234708574761
0.004138826727998555,-0.005011996938906166,-0.11101167307084522,293.4183724543755,0.0,0.0,0.701241560648347,1384.3613356532662,0.6367425735382392,-0.7710764521394101,0.0,4847.0026191215975
-0.006005113766272387,-0.00248769143064928,-0.023513934282252652,293.2324169458012,0.0,0.0,0.6812955027400619,999.3963100148501,-0.9238636563495981,-0.3827217585614277,0.0,5243.673488721555
0.00465072868836278,-0.004541004587890153,0.0200609214516701,293.03396323634513,0.0,0.0,0.697973764273701,807.2333296800641,0.7154967212865816,-0.6986160904446389,0.0,4804.199749719039
-0.006498588848730281,0.00013543624019604633,-0.0015676506552164404,292.8952545891148,0.0,0.0,0.678206127798764,903.9408392487748,-0.9997828998046586,0.02083634464554559,0.0,5050.042914046488
-0.004645687384701515,0.004546161977275468,0.07372890736448687,292.3367816187566,0.0,0.0,0.6939153478998727,572.7162767245749,-0.7147211361079254,0.6994095349654567,0.0,4788.479418883025
-0.002917751141373076,-0.005808332658949219,-0.08922325729190062,293.6446129203348,0.0,0.0,0.6696374416401595,1288.9805674142176,-0.4488847909804733,-0.8935896398383415,0.0,5286.673523436009
0.004836359278768187,-0.004342767427191199,0.026297153106293075,292.9587772219334,0.0,0.0,0.6929116410945024,781.7888995411842,0.7440552736566441,-0.6681180657217229,0.0,4803.74488714881
-0.0017001480465248908,0.0062737147384860905,0.13604401073366548,291.95583265039494,0.0,0.0,0.7080940736268169,304.51330791257374,-0.2615612379269063,0.965186882844014,0.0,4893.9545028071325
-0.006498961734207129,0.00011617390977091789,0.16489349148831864,292.16616055931246,0.0,0.0,0.7036465120994189,173.82334651289852,-0.9998402668010968,0.01787290919552583,0.0,5002.803463146819
-0.0058643433214569055,-0.0028034759510443077,-0.09844315663445921,293.47550725942966,0.0,0.0,0.6450533388847686,1326.6701930131119,-0.9022066648395239,-0.43130399246835505,0.0,5283.375299498509
-0.00035085457996669685,0.00649052394369795,-0.15131814984221023,293.74830754950256,0.0,0.0,0.7055885741661828,1558.147868802778,-0.053977627687184136,0.9985421451843001,0.0,5077.3387709068475
-0.003713099414066766,-0.005335062580819182,0.06626229594185581,292.52297061038144,0.0,0.0,0.7167255932207098,606.4779293182133,-0.5712460637025795,-0.8207788585875665,0.0,5275.039503354532
-0.0047969198540622855,-0.004386292274085604,-0.12064534069350986,293.70036792625433,0.0,0.0,0.6442048776434963,1424.5206473318542,-0.7379876698557363,-0.6748141960131699,0.0,5344.313109473157
0.0007911617212407719,-0.006451671343988575,-0.040344201695686394,292.98013691443396,0.0,0.0,0.7151749926621171,1071.429677509044,0.12171718788319569,-0.9925648221520884,0.0,5011.401959560815
0.00028462101426455166,-0.0064937655392105905,0.04863746054667298,292.63563376870763,0.0,0.0,0.7081775779536656,682.8713790083274,0.04378784834839256,-0.9990408521862447,0.0,5023.8917210289665
0.004667903377904425,-0.004523348102296401,-0.0352694902563265,293.18186353906844,0.0,0.0,0.7186491647746808,1050.782408106498,0.7181389812160655,-0.6958997080456002,0.0,4820.446423953786
-0.0031629552006723315,0.005678531007095043,-0.11128266126713587,293.7029736873017,0.0,0.0,0.6654008302798932,1383.3849756642408,-0.48660849241112797,0.873620154937699,0.0,4880.015041737911
0.005189633379464166,0.003913784024029857,-0.16778546489613597,293.96068490113566,0.0,0.0,0.7175150982408766,1628.2037587968687,0.7984051353021794,0.6021206190815165,0.0,5349.476038118216
-0.0030823564298719094,0.005722681088373463,-0.15760488063399158,293.9174915046603,0.0,0.0,0.6937312639295204,1583.2468764910964,-0.47420868151875534,0.880412475134379,0.0,4897.378638233466
-0.0040416303569003765,-0.005090699761150851,-0.008111108321944005,293.0649525756367,0.0,0.0,0.7080020597914662,931.4604402855382,-0.621789285676981,-0.7831845786385926,0.0,5305.861872775954
0.000841766234345643,0.006445264122339406,0.10460124977078486,292.4123013067225,0.0,0.0,0.6760995711133725,441.8305313089485,0.1295024975916374,0.9915790957445241,0.0,5093.590984796374
0.00035126914093511994,0.006490501520732177,0.12482449383004005,292.23402636981166,0.0,0.0,0.691363385648769,349.61465179201514,0.05404140629771076,0.998538695497258,0.0,5050.447219479519
-0.002221821263015286,0.006108478556499414,0.055416980800915755,292.5764118362595,0.0,0.0,0.6654351763657034,652.2140261650499,-0.3418186558485055,0.9397659317691406,0.0,4883.165632058373
0.006105004457590188,-0.0022313494958889645,-0.03208745827500353,293.44237498448877,0.0,0.0,0.7098429766412366,1037.8627760893032,0.9392314550138751,-0.3432845378290715,0.0,4908.179633227958
0.006103349896632212,-0.0022358712036429037,0.06924291886130715,292.5722427788318,0.0,0.0,0.6539271245447118,594.1968025996239,0.9389769071741865,-0.34398018517583134,0.0,4878.239054642668
-0.0030415294721476862,0.005744484177892477,0.18159142686353244,291.8161559985339,0.0,0.0,0.7196716854217439,104.56816893917843,-0.4679276110996441,0.8837667965988427,0.0,4800.081846747637
-0.00024390559309900601,-0.00649542223890449,0.02419726615741616,292.6607895000807,0.0,0.0,0.7177988902723256,793.3549520471345,-0.03752393739984708,-0.9992957290622293,0.0,5071.666628510413
0.006499832550864332,4.665630423074171e-05,0.1831954289924628,291.8320560427603,0.0,0.0,0.6671528600436363,95.69568824211132,0.9999742385945126,0.007177892958575648,0.0,5009.970679683725
0.0015468447887606927,0.006313261534221743,0.053363472803007156,292.7621929201122,0.0,0.0,0.6464869103414719,663.440153941115,0.23797612134779889,0.9712710052648836,0.0,5159.951075899498
-0.005747290847008839,0.003036222640039497,0.17051705172591294,292.1936138681922,0.0,0.0,0.7139679582886672,149.01751477545275,-0.8841985918475138,0.46711117539069186,0.0,4803.583048468219
-0.006306328620243428,0.0015748712117181587,-0.04755803118781082,293.0462298212793,0.0,0.0,0.6469246729330046,1107.547469846108,-0.9702044031143735,0.24228787872587057,0.0,4956.385040381745
-0.0024117778542837743,-0.006036002616101682,-0.0773824930527155,293.52363780255706,0.0,0.0,0.6801916055529214,1233.6352620106836,-0.3710427468128884,-0.9286157870925665,0.0,5254.926610740333
0.0013277770094760482,0.006362940217627919,-0.13894751944760814,293.62556248204834,0.0,0.0,0.7076805199133258,1502.9251188702808,0.2042733860732382,0.9789138796350646,0.0,5200.650593101165
0.006277386594818652,-0.0016865401089778695,-0.1740618511068551,293.82078309153013,0.0,0.0,0.6884029837536717,1655.5313333982594,0.9657517838182542,-0.2594677090735184,0.0,4985.6542305907815
-0.006274154774422453,-0.001698523437162977,-0.14879230266489918,293.61545736008947,0.0,0.0,0.6438962928093268,1544.9858444549163,-0.9652545806803774,-0.2613112980250734,0.0,5229.664930334748
0.0064696249163328666,0.000627657105404651,-0.1693223179165231,294.0945789417214,0.0,0.0,0.7039989461712387,1638.5363342162548,0.9953269102050565,0.09656263160071554,0.0,5157.613444461528
0.004502355127486996,0.004688155106861499,0.1293212539059562,292.4421831286361,0.0,0.0,0.6661281604746744,331.24403287729996,0.692670019613384,0.7212546318248461,0.0,5271.945606891753
0.002123812314386634,-0.006143241917201347,0.1315496940181307,292.38338543120267,0.0,0.0,0.6519247682819403,321.19122571835516,0.32674035605948215,-0.9451141411078996,0.0,4867.094185040056
0.006452493403693878,0.0007844290122675145,0.12648214355482465,292.05046774663106,0.0,0.0,0.6446784657219097,344.2536563131459,0.9926912928759812,0.12068138650269454,0.0,5082.8805168294475
0.003232000323187147,-0.00563951894321831,0.1295763986752844,292.4596501609727,0.0,0.0,0.6478078279802706,328.06769004917754,0.49723081895186877,-0.8676182989566632,0.0,4806.371921723797
0.006442241539424879,-0.0008645946724960514,-0.028735063863636112,293.25916999610575,0.0,0.0,0.7017120961886335,1025.009525876848,0.9911140829884431,-0.13301456499939251,0.0,5002.493958287495
0.004746792969420059,0.004440490570360925,-0.11232471885981546,293.52261910272114,0.0,0.0,0.7129793183397578,1385.251855043642,0.7302758414492398,0.6831523954401424,0.0,5342.320372680223
-0.004099274773170419,-0.005044397519431692,0.11890374942963619,292.2087543693108,0.0,0.0,0.6967117448910588,371.5914922491983,-0.6306576574108337,-0.7760611568356449,0.0,5269.913358194714
-0.005813113401039756,-0.0029082146734125376,-0.026620855642846775,293.2531069438371,0.0,0.0,0.6822354483393175,1012.9566998697062,-0.894325138621501,-0.44741764206346735,0.0,5267.859892324306
-0.006193392379933083,0.0019727875780698794,0.14413184691226447,292.3427535442158,0.0,0.0,0.7178464657644152,268.05617314585777,-0.952829596912782,0.30350578124151995,0.0,4873.220423595882
-0.006127116763998605,-0.002169894043571543,-0.04630100860352679,293.35441677986813,0.0,0.0,0.6655655182401492,1098.4130458295404,-0.9426333483074777,-0.3338298528571605,0.0,5230.891090695096
0.006490195493264329,-0.00035687877383137494,0.03627483940488119,292.8101887275769,0.0,0.0,0.6607887919914491,739.8147479055356,0.9984916143483584,-0.05490442674328845,0.0,5021.972168985829
0.004596193930646418,0.004596194224778694,-0.11979129292984483,293.47411294322075,0.0,0.0,0.7147045784491589,1419.9122859726297,0.7071067585609874,0.7071068038121069,0.0,5345.060866223368
-0.006469235531584636,0.0006316578479547638,0.022532268854363546,292.8532327066219,0.0,0.0,0.6898175293914142,799.4775737992054,-0.9952670048591749,0.09717813045457906,0.0,5005.046096185929
0.005694921206131062,-0.003133348441517274,0.08122439207523499,292.65600047370526,0.0,0.0,0.6529767180202385,541.2806750343217,0.8761417240201634,-0.4820536063872729,0.0,4825.053368312351
-0.00043049411719988707,0.006485728549288529,0.14263740822834217,292.0722727350722,0.0,0.0,0.7051945514794099,272.54328253263037,-0.06622986418459802,0.9978043921982352,0.0,4985.210241195346
-0.0018899295863182195,-0.006219177289542327,0.0017865274154276467,292.86473146196204,0.0,0.0,0.7185758959217708,888.8050837723281,-0.2907583978951107,-0.9567965060834349,0.0,5198.575423537422
-0.0022124092554716775,-0.0061118937561367385,0.18950240221851053,291.91647578767356,0.0,0.0,0.646647305025273,67.69917943232466,-0.3403706546879504,-0.9402913470979598,0.0,5164.559672982083
-0.005747628334716956,0.0030355837207955228,-0.06178920187096634,293.149351919681,0.0,0.0,0.6403801490644047,1166.0966232693902,-0.8842505130333779,0.4670128801223882,0.0,4871.60645502933
0.0012065360529668902,-0.0063870392791097715,-0.10681441689837397,293.4298888514582,0.0,0.0,0.6848117580854687,1365.7497681536206,0.1856209312256754,-0.9826214275553495,0.0,5000.065203952815
-0.004105977796918554,0.005038942977570976,-0.15259709707412347,293.9760760720609,0.0,0.0,0.6833560593525,1562.4884367727864,-0.6316888918336238,0.775221996549381,0.0,4859.813003034641
-0.0010752805510304566,-0.006410442397882975,0.03365310667408464,292.6032121704758,0.0,0.0,0.7175812576820214,747.9009497151358,-0.16542777708160872,-0.9862219073666116,0.0,5131.724559164152
0.001092837017807146,-0.006407472766427523,-0.07909302156857434,293.2237331855052,0.0,0.0,0.7001398063817935,1243.439751899608,0.1681287719703302,-0.9857650409888498,0.0,5000.281444148092
-0.005566182525321352,-0.003356726395583533,-0.07848410486677146,293.513684523375,0.0,0.0,0.6554724150482766,1240.1404968068955,-0.8563357731263619,-0.5164194454743897,0.0,5304.0851800708815
-0.0052555735092764,-0.0038247806588864865,-0.03216110915851711,293.26925905443505,0.0,0.0,0.68543311610274,1038.1065074987425,-0.8085497706579077,-0.5884277936748441,0.0,5307.299586370857
-0.005979809340373941,0.0025479168457342876,-0.08308483207160655,293.31495707142096,0.0,0.0,0.6402213732491457,1258.1454002114779,-0.9199706677498372,0.3919872070360443,0.0,4904.009145522664
0.006441329585348483,-0.0008713628250702081,-0.04531542582071585,293.4141523495927,0.0,0.0,0.7094878768042469,1094.654674508672,0.9909737823613052,-0.13405581924157048,0.0,5006.84015033904
0.00018445747542574514,-0.006497382198990572,0.040990298544030385,292.5800351911941,0.0,0.0,0.7116840686565927,713.5331381639612,0.02837807314242233,-0.999597261383165,0.0,5033.81951735228
0.004801135391423627,0.004381677641408539,0.15394840640672694,292.2634757332169,0.0,0.0,0.6782962639348995,221.98169178052112,0.7386362140651734,0.6741042525243905,0.0,5263.900836317102
-0.00633801030620677,-0.0014420906207367032,0.08520171766769194,292.64720873931054,0.0,0.0,0.7199657724438556,521.5305943311544,-0.9750785086471954,-0.22186009549795435,0.0,5143.228417425374
0.005652284117219509,-0.003209623694177882,0.1848531149554368,291.7409271664986,0.0,0.0,0.6506129690938391,89.4951203249087,0.8695821718799245,-0.49378826064275105,0.0,4791.201915212068
-0.004905906567813274,-0.004264045115601685,0.021760801023608584,292.9006929824428,0.0,0.0,0.7146769454361359,803.5837025619742,-0.7547548565866575,-0.6560069408617977,0.0,5301.19319735126
-0.0064145854009171575,0.0010502828830084125,-0.032947259962098824,293.01002941972035,0.0,0.0,0.6552482870951577,1039.5559030320196,-0.9868592924487936,0.16158198200129423,0.0,4989.9137602615765
-0.0026395587196508213,0.005939926747487322,0.11726095783934745,292.08353227555625,0.0,0.0,0.7040279943136375,380.6837496404142,-0.40608595686935717,0.9138348842288188,0.0,4840.131962965448
-0.006222920944840621,-0.001877566221006305,0.12118267434455479,292.32809073816475,0.0,0.0,0.7134729429285773,361.8908152014364,-0.9573724530524034,-0.28885634169327773,0.0,5162.803452405156
-0.006474718513553114,0.0005727304516546587,0.14621200625285005,292.35375165338814,0.0,0.0,0.7134222292025441,257.44206759114206,-0.996110540546633,0.0881123771776398,0.0,4973.321408242703
-0.005653128246919933,-0.0032081366903353664,-0.17151537068412695,293.7337873494662,0.0,0.0,0.6457219605851314,1646.7144139265788,-0.869712037987682,-0.4935594908208256,0.0,5324.826936003008
-0.001548703488389742,0.006312805834575419,-0.17594197948983,293.85928275669573,0.0,0.0,0.7109543385194075,1664.1406328020864,-0.2382620751368834,0.9712008976269875,0.0,4995.795042887514
0.005415657539971291,0.003594531041701004,0.10972533685121036,292.3777008958865,0.0,0.0,0.6493212754022615,415.34558677491424,0.8331780830725063,0.5530047756463083,0.0,5258.260996714526
-0.006248169608849409,-0.0017917523654374283,0.18803343269821024,291.7681792587376,0.0,0.0,0.6792296377490094,76.2006345020583,-0.9612568628999091,-0.2756542100672967,0.0,5137.4530751833545
0.006460255270255254,0.0007177059586900587,-0.022511353328344363,293.1494400342371,0.0,0.0,0.689288083283363,992.1464282820324,0.993885426193116,0.1104163013369321,0.0,5121.45926513549
-0.0062792220448235,0.0016796935767581468,-0.11802097390177481,293.52485873134026,0.0,0.0,0.6448820749906136,1409.6237082423766,-0.966034160742077,0.2584143964243303,0.0,4969.724156782088
0.0009321477432011932,-0.006432814359582042,0.18442070922886536,292.0905621863922,0.0,0.0,0.640586605902738,90.76577700539406,0.1434073451078759,-0.9896637476280066,0.0,4935.060681756545
-0.001836205863915825,0.006235250438059496,0.10965817308499862,292.270055932166,0.0,0.0,0.6954325633809533,417.7933970378891,-0.28249320983320386,0.9592692981629994,0.0,4892.411393384477
0.0034997055230363183,0.005477413737525136,0.14017531188792928,292.32292207709276,0.0,0.0,0.6803524623467075,284.9932955987493,0.5384162343132798,0.8426790365423287,0.0,5245.8291162423675
-0.006278055123377293,-0.0016840498412565232,0.19339951025651012,291.75707093856465,0.0,0.0,0.6766320467818379,50.980197788026935,-0.9658546343657374,-0.25908459096254205,0.0,5128.514291727739
-0.0023385729473786383,-0.006064740437132391,-0.12739214207542704,293.89992942037696,0.0,0.0,0.6527490654312096,1452.5740048445723,-0.35978045344286746,-0.9330369903280602,0.0,5265.129740727285
0.005629517454989525,0.003249389669456136,0.13366668127567002,292.28541457426263,0.0,0.0,0.6584254450348965,312.4854159706281,0.8660796084599269,0.4999061029932517,0.0,5237.357285478244
-0.003916271020597466,0.005187756865276984,0.021752618800545548,292.67731516333515,0.0,0.0,0.6577187422595381,800.632228348933,-0.6025032339380718,0.7981164408118436,0.0,4813.1995115391155
0.002888619804422793,0.005822875202637991,0.11262243183705459,292.52854919778827,0.0,0.0,0.6679736567860435,403.62807484670725,0.44440304683427584,0.8958269542519987,0.0,5226.09145097623
-0.006203151807609432,-0.001941882502045847,-0.0035922790498525703,293.1213165229194,0.0,0.0,0.6898315246677439,911.8024795528084,-0.954331047324528,-0.29875115416089953,0.0,5203.605149666189
-0.0030618059939963474,0.005733702473544301,-0.05233546911981804,293.385723182366,0.0,0.0,0.6419256826631744,1126.560391285537,-0.47104707599943807,0.8821080728529694,0.0,4867.560484062526
-0.0004589865983591273,0.006483774464193424,-0.05429006935166647,293.38303801163113,0.0,0.0,0.6510428111098824,1135.1366261925173,-0.07061332282448113,0.9975037637220652,0.0,5040.671248752438
-0.0047874963479914,0.004396575794634844,-0.0171121241425832,292.95255673578106,0.0,0.0,0.6462313902853644,969.4411952570158,-0.7365378996909846,0.6763962760976683,0.0,4815.912680300427
0.0006891961774780276,-0.0064633589277518595,0.03926370762118045,292.5980378556841,0.0,0.0,0.7103881220196003,725.9548628217993,0.1060301811504658,-0.9943629119618246,0.0,4995.791943292956
0.0062938179995848925,-0.0016241474650108651,0.18862083939694782,291.76289141316806,0.0,0.0,0.6606983830301959,72.77958754985895,0.9682796922438296,-0.24986884077090235,0.0,4883.822438542822
-0.004187135342419988,-0.004971709728479475,-0.09813957043256433,293.7197421629441,0.0,0.0,0.6563334549660202,1322.7768986858903,-0.6441746680646135,-0.7648784197660731,0.0,5335.081427793269
-0.004427251929747174,-0.004759142816784333,-0.07466667467814295,293.5051129647464,0.0,0.0,0.6673131959724123,1218.4849890568016,-0.6811156814995654,-0.7321758179668205,0.0,5331.201876497394
8.568151360448209e-05,-0.006499435258407183,0.09582491471008478,292.40308993754496,0.0,0.0,0.683559783267648,477.0081608404041,0.013181771323766476,-0.9999131166780282,0.0,5025.363370475645
-0.004187295410422828,-0.004971574916045409,0.04106929619580227,292.68483289570594,0.0,0.0,0.7199003669876084,716.7246973809604,-0.6441992939112043,-0.7648576793916014,0.0,5294.3401066899105
0.002316748137929786,-0.006073111069740028,-0.09527710326955231,293.3069270780216,0.0,0.0,0.698298026152853,1314.472432254753,0.3564227904507363,-0.9343247799600043,0.0,4921.378658814439
-0.0031211854380505614,0.005701596395861524,-0.11659688752332004,293.76738356318157,0.0,0.0,0.6687602263914932,1407.1909322969711,-0.48018237508470174,0.8771686762863884,0.0,4883.525449134957
0.005926327483836558,0.002669951788763882,0.12566261313965324,292.2163790819372,0.0,0.0,0.6515143526444958,344.83081255781065,0.9117426898210089,0.4107618136559819,0.0,5210.475239022503
-0.0027274762295253813,0.005900074017957233,0.1274500811912159,292.10362968820135,0.0,0.0,0.7091192710595783,337.3153690295214,-0.41961172761928944,0.9077036950703435,0.0,4832.255979384887
4.1475456979860845e-05,0.006499867674535253,-0.12051994535562383,293.55647669680906,0.0,0.0,0.6911515914831967,1424.97670644691,0.006380839535363207,0.9999796422361927,0.0,5098.464485165858
-0.0028131787025574215,0.005859695008059493,-0.08264731705347281,293.57071310935794,0.0,0.0,0.6526808761183219,1258.099567596929,-0.43279672347037257,0.9014915397014605,0.0,4889.10816634027
0.006469465001426779,-0.0006293032618014993,0.16394961062254412,291.8707811100753,0.0,0.0,0.6534429052271038,181.68507869942547,0.9953023079118122,-0.0968158864309999,0.0,4963.834210506824
0.006499914088955775,3.341909924308394e-05,0.18635851757889807,291.831941370023,0.0,0.0,0.6689251570044612,85.38323246117012,0.9999867829162731,0.005141399883551375,0.0,5008.026709600063
-0.0015413610904311608,0.006314602599443995,-0.14514847801493422,293.7189787213179,0.0,0.0,0.6960971412871799,1531.493879838985,-0.23713247545094784,0.9714773229913839,0.0,4987.298070147521
0.00411693083171365,-0.005029998064302366,0.00038829725282085725,292.9912079609979,0.0,0.0,0.7108025290440766,894.9694216405342,0.6333739741097923,-0.7738458560465179,0.0,4814.819439427276
-0.0012458455747321295,-0.006379488130243708,0.08596349797544597,292.31170012227506,0.0,0.0,0.6972645587533886,516.3896087828265,-0.19166854995878915,-0.9814597123451859,0.0,5128.897431766151
0.0005335279660535589,-0.006478066679916065,0.14191244340267142,292.2987759297623,0.0,0.0,0.6546570660309639,277.69599059173066,0.08208122554670137,-0.99662564306401,0.0,4977.5625236144315
0.0036126202135136503,0.005403607609080491,-0.07428285465832016,293.23410999711444,0.0,0.0,0.686249764919547,1222.7973023067004,0.5557877251559462,0.8313242475508449,0.0,5312.761229521261
0.006444232861922082,0.0008496251063401638,-0.03847016898201719,293.14326815542563,0.0,0.0,0.6977028000732779,1066.8861921374878,0.9914204402957049,0.13071155482156366,0.0,5136.054615269739
-0.002902588682886827,0.00581592459871836,-0.089820340531348,293.68350274513654,0.0,0.0,0.6555632057228373,1291.9699734220894,-0.4465521050595119,0.8947576305720554,0.0,4886.51092843051
-0.006227348974400572,-0.0018628270856502341,-0.06814968362821769,293.3091726580787,0.0,0.0,0.6526257985855834,1192.5396360776892,-0.9580536883693188,-0.28658878240772834,0.0,5217.229968882293
0.0028962313318385297,0.005819093062709756,-0.08471028243674152,293.23479519860786,0.0,0.0,0.687522566486584,1270.1504551504256,0.44557405105208153,0.8952450865707318,0.0,5284.242243350016
-0.001571106924898414,-0.006307267477326155,-0.027368773169991922,293.0110472232161,0.0,0.0,0.7115124629917824,1022.1705754342357,-0.2417087576766791,-0.9703488426655624,0.0,5185.281279271968
0.0044114923019921174,-0.004773754881585803,-0.061715208882249656,293.1739390451501,0.0,0.0,0.7192042766432578,1165.1935646797835,0.6786911233834027,-0.7344238279362775,0.0,4828.839521554731
0.005281050615751328,-0.003789525615940934,-0.13537476383586922,293.61063798198535,0.0,0.0,0.6972029567519438,1486.6640752583003,0.8124693255002043,-0.5830039409139899,0.0,4862.785472779128
3.2011949064986473e-05,0.006499921171454086,-0.20317385668437682,293.9092136543563,0.0,0.0,0.7199893648091168,1787.130271858405,0.0049249152407671495,0.9999878725313979,0.0,5121.92794678658
0.004495661580508988,-0.004694574203645676,0.12896073626513374,292.29243655414416,0.0,0.0,0.6431814683515742,328.3514147965416,0.6916402431552289,-0.7222421851762578,0.0,4772.489513977728
-0.006357811919696364,-0.0013521196669551243,0.03032072128292254,292.97854636540535,0.0,0.0,0.7049711796779502,764.3717804331312,-0.9781249107225175,-0.20801841030078838,0.0,5152.859637053389
-0.00524113111972554,0.0038445473837429175,0.1093414191260452,292.2482372863248,0.0,0.0,0.7145519393098331,418.57400418970076,-0.80632786457316,0.5914688282681412,0.0,4789.538734797004
0.002851301959610905,0.005841239349240793,0.12833274669849418,292.407510731391,0.0,0.0,0.6776722642187182,337.60083621829517,0.4386618399401393,0.8986522075755067,0.0,5219.541411508916
0.0041640383642684905,0.004991070476450938,-0.0730940153279484,293.237014933942,0.0,0.0,0.6896892539833005,1214.8288904473686,0.640621286810537,0.7678569963770674,0.0,5327.346138892663
3.851113935761436e-05,-0.006499885913779208,0.047968076344167415,292.60684832458486,0.0,0.0,0.7095109993101539,686.9047386505563,0.0059247906704022095,-0.9999824482737244,0.0,5042.99821968117
0.006047413612524191,-0.0023830208977382293,0.13329585482628878,292.06555197767506,0.0,0.0,0.6401863691316558,314.99764022893544,0.9303713250037217,-0.3666185996520353,0.0,4850.4408629105965
0.006222137763922211,-0.001880160005630666,-0.0010465175029249485,293.15606925485486,0.0,0.0,0.6921827865392428,902.4490124768841,0.9572519636803402,-0.2892553854816409,0.0,4921.861154927027
-0.005479354860764401,0.003496665598798021,-0.1971842618302072,294.23779432961294,0.0,0.0,0.697334723123792,1763.3465136160294,-0.842977670886831,0.5379485536612341,0.0,4890.973157465991
-0.005368380357976543,0.00366476361203443,-0.03283466454895248,292.958974479035,0.0,0.0,0.6443122820276015,1041.5930912629976,-0.8259046704579297,0.5638097864668354,0.0,4836.783577775221
-0.004275951588699309,-0.004895532454299517,0.14338153800264,291.93072690753365,0.0,0.0,0.6836526004246875,269.6868821556349,-0.6578387059537398,-0.7531588391230026,0.0,5265.7631898572545
-0.005718698263227125,-0.0030897394994016986,0.16197169520866642,291.9178771190452,0.0,0.0,0.6865324635784221,189.28423870997688,-0.8797997328041731,-0.4753445383694921,0.0,5221.697649106531
-0.005894216554766244,-0.002740111531583988,0.0036208390521735856,293.13373982122516,0.0,0.0,0.6988479342780919,878.4143185986909,-0.9068025468871145,-0.4215556202436905,0.0,5250.07409727441
0.006145348648505545,0.0021177086646446577,-0.18101287062938437,294.19825619800713,0.0,0.0,0.7057521266882081,1689.758854128007,0.9454382536162378,0.32580133302225506,0.0,5266.991898428777
-0.00507325094297448,-0.004063511396515154,0.11296831208109334,292.22299337387045,0.0,0.0,0.7068246796680911,404.102117097248,-0.780500145072997,-0.6251555994638699,0.0,5270.903121818516
-0.005015900935363249,-0.004134094557048989,-0.0799596175176007,293.553007557067,0.0,0.0,0.659570376542992,1243.6289992295867,-0.7716770669789614,-0.6360145472383061,0.0,5328.801735067605
-0.0060363333901674344,-0.002410949854880796,-0.160637842104963,293.71402474302926,0.0,0.0,0.6451089574557842,1598.6914580741757,-0.9286666754103745,-0.37091536228935323,0.0,5279.244321964763
0.004856537387050137,0.004320190343976087,-0.18117919078509007,294.10416060545566,0.0,0.0,0.7155032627238592,1689.189976365976,0.7471595980077134,0.6646446683040135,0.0,5361.325877433537
0.006303079624731974,0.0015878246894064313,0.17535369301040007,292.09488362255206,0.0,0.0,0.6717575893251927,131.80740860816337,0.969704557651073,0.2442807214471433,0.0,5127.117032366189
0.001460740591125621,0.00633373798995806,-0.18769278266291214,293.76119620733994,0.0,0.0,0.7199702582995338,1718.8498305274352,0.224729321711634,0.974421229224317,0.0,5224.42498392701
-0.00631203554537625,0.0015518399640126398,-0.08637815463988707,293.29890783677297,0.0,0.0,0.6400007180468321,1274.4938176845892,-0.9710823915963461,0.23874460984809845,0.0,4969.361067758099
-0.004427360368729004,-0.004759041937765181,-0.15839473177261726,293.77239107245816,0.0,0.0,0.6400246232838653,1588.5655787662013,-0.6811323644198468,-0.7321602981177202,0.0,5355.708471185178
0.0011882531684687097,-0.006390465899105015,0.14049029066138932,292.3351218159348,0.0,0.0,0.6522686056854399,280.73737913096375,0.18280817976441688,-0.9831485998623101,0.0,4929.017087548748
0.003816766129750955,-0.005261396802255644,0.1104772068214768,292.58621368181485,0.0,0.0,0.6527391823034701,412.17978667271245,0.5871947891924546,-0.8094456618854837,0.0,4790.014070362771
-0.005562727521806508,0.0033624488870667496,0.16053841703319385,292.2312333231413,0.0,0.0,0.7176330408332504,192.07069859250913,-0.8558042341240781,0.5172998287795,0.0,4791.659454343609
0.006499824130977828,4.781491773828173e-05,-0.1481190083522343,293.89411282263023,0.0,0.0,0.710805289430796,1548.170027441864,0.9999729432273582,0.007356141190504882,0.0,5107.029875962113
0.0005646275104605715,0.006475430161343036,0.03353981204973716,293.0130653553212,0.0,0.0,0.6435917898458335,751.4401645639468,0.08686577084008794,0.9962200248220056,0.0,5093.452179835227
-0.0007115114278302584,0.006460940449196768,0.07432778163907353,292.56318771264716,0.0,0.0,0.6673394616803818,569.5738561379081,-0.10946329658927052,0.9939908383379644,0.0,4983.842770353146
-0.0021871381528907096,0.00612098249467925,-0.15238770850880237,293.8394379068049,0.0,0.0,0.696359413085647,1563.123269729933,-0.3364827927524169,0.9416896145660385,0.0,4946.170104831598
0.0020373241008874274,0.006172463892801904,0.04137216462465429,292.9120102967248,0.0,0.0,0.6419708012938791,717.373006068045,0.3134344770596042,0.9496098296618314,0.0,5196.711303953752
-0.005201071800230393,-0.0038985705237751154,0.08325782645031918,292.5049510850682,0.0,0.0,0.7175975846728869,534.7191945303219,-0.8001648923431374,-0.599780080580787,0.0,5275.593337476819
0.004933139943737959,0.004232508747244007,-0.03207352716911696,292.9839271572723,0.0,0.0,0.6713651588191254,1033.9164345780684,0.7589446067289168,0.6511551918836935,0.0,5316.482734317427
-0.0064883402143701314,0.00038915454846031705,-0.13706733881993338,293.5090462503611,0.0,0.0,0.646754469440494,1496.989890277533,-0.9982061868261741,0.05986993053235647,0.0,5070.236002367392
-0.004185217042553014,0.004973324673367284,-0.08497960479574114,293.5314921727447,0.0,0.0,0.6470486080969305,1267.2218612622587,-0.643879545008156,0.765126872825736,0.0,4838.5473080781385
-0.0044452334924342364,0.004742351652686768,0.06792802783464177,292.50177402734374,0.0,0.0,0.6888564078073977,598.426984517577,-0.6838820757591133,0.7295925619518104,0.0,4790.64098813661
-0.004164377150866011,-0.004990787808086523,-0.10176041591964247,293.67758322469956,0.0,0.0,0.654722798450917,1343.8934699773101,-0.6406734078255402,-0.7678135089363882,0.0,5335.742385039105
-0.005988552876907644,-0.0025272978535347134,-0.1517789549296925,293.63652845535375,0.0,0.0,0.642505931800012,1560.2905131370078,-0.9213158272165607,-0.38881505438995595,0.0,5283.533840494677
0.004280794925016199,0.004891297865593093,0.07906944579812183,292.59145144854136,0.0,0.0,0.6447593732273749,548.6598242268253,0.6585838346178768,0.7525073639373989,0.0,5284.652315841079
0.0045821393163143495,-0.004610205991697796,-0.13770449031114285,293.5444936060206,0.0,0.0,0.6896184745322874,1498.6694915682435,0.7049445102022077,-0.7092624602611994,0.0,4850.308414434976
-0.00130513085079884,-0.006367623847424807,0.11032853098906006,292.27168296830433,0.0,0.0,0.6832840044521697,412.9995224252355,-0.20078936166136002,-0.9796344380653549,0.0,5126.058809377661
0.0030866329495772356,-0.005720375602579268,0.19092371291791535,291.99224203544236,0.0,0.0,0.6415478004705158,62.547616706124785,0.47486660762726707,-0.8800577850121952,0.0,4795.16486145972
-0.006459807032237788,-0.000721729247191234,-0.12398659309185646,293.4437685577375,0.0,0.0,0.6409468424183419,1441.9708476884675,-0.9938164664981212,-0.11103526879865139,0.0,5151.463098200787
-0.006499995478920575,-7.66642107374391e-06,0.02828134306959068,292.89564093980005,0.0,0.0,0.6968414175149801,774.6036222418405,-0.9999993044493193,-0.0011794493959606017,0.0,5052.312258023527
0.005878476978585653,0.002773717435543586,-0.18153077439833673,294.13242261981236,0.0,0.0,0.7087090495913311,1691.267403209685,0.904381073628562,0.4267257593143979,0.0,5306.092308537348
-0.006145868614739209,0.0021161991802199427,0.08425270054207004,292.5886632402382,0.0,0.0,0.7127572391586698,526.0814803598289,-0.9455182484214167,0.32556910464922195,0.0,4881.424908228047
-0.0007222251166065052,-0.006459751611396735,-0.12212931054663706,293.7617916859614,0.0,0.0,0.6639765147180303,1428.398675678954,-0.11111155640100082,-0.9938079402148824,0.0,5150.956937562904
0.006010583868107801,-0.0024744457085259038,-0.002330302594810013,293.1745963459791,0.0,0.0,0.6965382738027402,906.0697823206341,0.9247052104781233,-0.3806839551578314,0.0,4884.671821343913
0.006012395499076484,-0.00247004055891494,-0.023636719566394127,293.27707492160096,0.0,0.0,0.7073249669134225,1000.6172886281181,0.9249839229348438,-0.3800062398330677,0.0,4891.16823303308
-0.0039055532577819316,0.00519583041973359,0.1912114731484247,291.97634059603496,0.0,0.0,0.7163040354007276,58.80878087713711,-0.6008543473510665,0.7993585261128601,0.0,4763.886643642056
-0.0003243067286436122,-0.0064919045853860545,0.11662118677662434,292.3263090232068,0.0,0.0,0.6733710883223254,389.3939437806071,-0.049893342868248036,-0.9987545515978545,0.0,5050.782571365962
-0.005300127089247289,-0.0037627985380335014,-0.1861470344799477,293.73464629786343,0.0,0.0,0.6485111961924255,1710.2877624758655,-0.815404167576506,-0.5788920827743849,0.0,5350.497567307818
-0.006355886220850716,0.0013611430298098718,0.12583256777903737,292.45570681635036,0.0,0.0,0.7195709390322752,346.5999236812377,-0.9778286493616487,0.20940661997074952,0.0,4920.789059585296
-0.0030975871687908617,0.005714451306270989,-0.09958995674612738,293.6431409969692,0.0,0.0,0.6593891422593356,1334.158596457815,-0.47655187212167105,0.8791463548109214,0.0,4879.6688593962135
-0.006178728437617645,0.0020182454989854477,-0.1217454751098246,293.5985650860549,0.0,0.0,0.6472290295386216,1430.2312671854709,-0.95057360578733,0.31049930753622274,0.0,4948.056598803775
-0.003683145679069467,0.005355785461232733,-0.10618986949333324,293.65819704822206,0.0,0.0,0.6592334257185695,1359.054539016812,-0.566637796779918,0.8239669940358051,0.0,4857.634540743016
-0.0013266464887122793,-0.006363176022552526,-0.03703009427775181,293.157197837363,0.0,0.0,0.7086320892289739,1059.5578038319752,-0.20409945980188912,-0.9789501573157732,0.0,5170.739675514538
-0.005571324886320045,-0.003348184435044003,0.17294077758686202,291.8096610068966,0.0,0.0,0.678007705883948,136.68376288785737,-0.8571269055876993,-0.5151052976990774,0.0,5230.138491982068
-0.006079337548112956,0.0023003597492792177,0.15088825843060757,292.28015866799416,0.0,0.0,0.7171495056156697,236.12078190331286,-0.9352826997096856,0.35390149988911046,0.0,4850.338607774562
-0.006261844615424236,-0.0017433594042200514,0.08519909040314402,292.6494695029995,0.0,0.0,0.7199991808368275,522.3060838130739,-0.9633607100652671,-0.26820913911077715,0.0,5164.254754207493
0.005179506806116886,-0.003927175733958037,-0.11023835593380682,293.515757417887,0.0,0.0,0.7087907659516052,1378.4596585737022,0.7968472009410594,-0.6041808821473904,0.0,4851.5449622629285
0.00020181152481411543,-0.006496866329889526,0.12843335701600664,292.3615445622093,0.0,0.0,0.6633805424357074,334.6559578239937,0.0310479268944793,-0.999517896906081,0.0,5006.893269869615
0.006405215959235853,-0.0011059875747721289,0.0157021088023927,292.8963488472018,0.0,0.0,0.677216312252126,827.194291012043,0.9854178398824389,-0.17015193458032754,0.0,4971.568884925342
0.004556775154731129,-0.004635277789866007,-0.05837952900037169,293.30817671292573,0.0,0.0,0.7197227888303909,1151.2435465610752,0.7010423314970967,-0.7131196599793858,0.0,4827.12315688056
0.002424923006382879,0.00603073365463233,-0.06632288252778323,293.2666824438004,0.0,0.0,0.6731500027450672,1185.8007976900337,0.3730650779050583,0.9278051776357431,0.0,5252.477430811683
0.00297392621393812,-0.005779771870415966,0.0027156054829217124,292.941813986894,0.0,0.0,0.7147756289670424,885.5293136522157,0.45752710983663386,-0.8891956723716872,0.0,4855.7896256094145
0.004758230059788962,0.004428232909199868,-0.05742377823899478,293.122067092246,0.0,0.0,0.6852059438786261,1150.6650288678263,0.7320353938136865,0.6812666014153643,0.0,5326.162591914188
0.0016708807826733285,-0.006281572845242899,-0.19019570530520838,294.11394831776386,0.0,0.0,0.644647575956694,1729.8022483828238,0.25705858194974285,-0.9663958223450614,0.0,4991.456865851997
0.0033186419983899586,-0.0055889726503644925,0.03731958066071156,292.8639272018763,0.0,0.0,0.6978669214767351,732.6623261521166,0.510560307444609,-0.8598419462099219,0.0,4829.576611698828
0.006172260970534196,0.002037938789959174,0.10884439984694025,292.262309487298,0.0,0.0,0.6434136613876061,419.60199477851984,0.9495786108514148,0.3135290446091037,0.0,5177.003339804564
-0.006490769697208286,0.00034627841082378194,0.011898725268303434,292.83369819532476,0.0,0.0,0.6851475751027281,845.1168262963018,-0.9985799534166595,0.05327360166519722,0.0,5029.918470928351
0.006181315622237403,0.0020103077322350007,0.11639166322458724,292.1996122358218,0.0,0.0,0.6454336758003845,388.9602714302022,0.9509716341903697,0.3092781126515386,0.0,5172.991503452675
0.005857198625493034,0.0028183726264499713,-0.15593505706291097,293.98490647820233,0.0,0.0,0.7172872406483279,1581.935524430374,0.9011074808450822,0.433595788684611,0.0,5300.997733319775
0.0042236171704751755,0.004940754800358673,0.04586360882034493,292.6961715653241,0.0,0.0,0.6400003963969696,698.366308506168,0.6497872569961809,0.7601161231321035,0.0,5293.5333900598
-0.0014860659460218546,0.006327843866916611,-0.02804937088308887,293.18683573614874,0.0,0.0,0.6407908859388081,1022.1620873570093,-0.2286255301572084,0.973514441064094,0.0,4956.924444363794
-0.00012464956268394862,0.006498804696751757,0.04734118558007447,292.84465878754884,0.0,0.0,0.6505876509650641,689.5699773581404,-0.01917685579753056,0.9998161071925781,0.0,5036.557378589016
0.00598163134215834,-0.0025436364690161633,0.030225877149219593,292.8763449089472,0.0,0.0,0.6775562501088956,763.8483796710991,0.9202509757166677,-0.39132868754094824,0.0,4871.093098542245
0.006208426964075187,-0.001924950553064714,0.07281457969595925,292.55568580510527,0.0,0.0,0.6508850349824287,576.3312520903095,0.9551426098577211,-0.29614623893303293,0.0,4897.257469921721
-0.001481967470885434,-0.006328804975288575,-0.1860147279968568,294.2361327471504,0.0,0.0,0.6400742223192477,1711.3328498718915,-0.22799499552083602,-0.9736623038905501,0.0,5225.438401330637
-0.0006259463484719335,0.006469790658810736,0.06999632632714817,292.61013165339835,0.0,0.0,0.6643619538267691,591.3757521082489,-0.09629943822645132,0.9953524090478055,0.0,4991.587331428949
0.006430234786396858,-0.0009497792331967188,0.14484145370859394,292.0102568578354,0.0,0.0,0.6449395723809629,264.3570132685533,0.9892668902149013,-0.14611988203026444,0.0,4945.331598755039
0.00021876371082490777,-0.006496317606061615,-0.11965203825321105,293.7180907658922,0.0,0.0,0.6709124501120989,1422.6827747650548,0.033655955511524276,-0.9994334778556331,0.0,5078.201664423319
-0.00316549204133423,-0.005677117238198419,-0.17139592638044418,294.02122956096423,0.0,0.0,0.640000800596117,1646.6002626538116,-0.4869987755898816,-0.873402652030526,0.0,5322.837672447553
-0.0020205930945355545,0.00617796111563639,-0.06290817221918898,293.4732119127687,0.0,0.0,0.6481073211079318,1173.662533065457,-0.31086047608239303,0.9504555562517524,0.0,4930.682614610804
0.00622264050794845,0.0018784954375347985,0.07974635569951785,292.3051488887669,0.0,0.0,0.6400616216810674,549.0732202712073,0.9573293089151462,0.2889992980822767,0.0,5174.993352364931
0.004891010354956804,0.004281123416546797,-0.031000228388727652,292.9290658556692,0.0,0.0,0.6703393198397956,1030.8429000899002,0.752463131531816,0.6586343717764302,0.0,5316.87227853788
-0.002160446702306015,-0.0061304543099590155,-0.15827474820401236,294.03306931750114,0.0,0.0,0.6428125325890691,1588.5549388181198,-0.3323764157393869,-0.9431468169167716,0.0,5263.06419580892
0.0055986936588674095,-0.0033022158188340534,-0.20002975786741498,293.88855558201396,0.0,0.0,0.6623593148878922,1767.874715234839,0.8613374859796015,-0.5080332028975467,0.0,4899.751274096617
-0.006424345772979281,-0.0009888282910613117,-0.08812046976505215,293.3216061033838,0.0,0.0,0.6427516986358112,1283.23386117756,-0.9883608881506587,-0.15212742939404797,0.0,5160.969757618394
-0.005022062930030496,-0.004126606829686287,-0.07298256686988061,293.4661031326453,0.0,0.0,0.6633027863720212,1217.4490631841581,-0.7726250661585379,-0.6348625891825057,0.0,5326.616126263347
-0.006263142171566012,-0.0017386920770370402,-0.0034814789805267254,293.0583758407471,0.0,0.0,0.6886290361988625,915.7756410844634,-0.9635603340870788,-0.2674910887749293,0.0,5189.890870890358
0.0038425635421337457,0.005242585757492629,-0.04934728846252168,293.04558459212507,0.0,0.0,0.6727579159916718,1114.6797798221842,0.5911636218667301,0.8065516549988659,0.0,5312.845107614166
0.0008727632460535952,-0.006441139985774101,0.010885669721529989,292.76209840466987,0.0,0.0,0.7181956948003952,849.975713451871,0.13427126862363004,-0.9909446131960156,0.0,4990.286255150615
0.006499834711150471,-4.635437113652076e-05,0.13564881840464668,291.9498299022876,0.0,0.0,0.6449133738685894,302.7351575393671,0.9999745709462264,-0.007131441713310887,0.0,5016.732276624648
0.006284417927974987,0.0016601479773039997,-0.11660978897787913,293.67969197365613,0.0,0.0,0.7199646600816304,1406.3575187638219,0.9668335273807673,0.25540738112369227,0.0,5217.597903940441
0.0064804614703988135,0.0005036061265279121,-0.10480731659994762,293.7722152787822,0.0,0.0,0.7199643946829068,1356.3262026723692,0.9969940723690482,0.0774778656196788,0.0,5129.297798556908
-0.00458460106282881,0.004607757924924978,0.1879075057860731,292.064760386319,0.0,0.0,0.7146940841035994,71.53699360650995,-0.7053232404352016,0.7088858346038428,0.0,4755.005854252647
-0.006492930165275799,-0.0003030806309409756,0.03530878800044768,292.8416669386579,0.0,0.0,0.7021794770465735,741.4749218904468,-0.9989123331193538,-0.04662778937553471,0.0,5072.954257521892
0.004749074157630115,0.004438050770927458,-0.04254067299046185,292.99954584536783,0.0,0.0,0.6760214804482587,1079.631411031713,0.7306267934815562,0.6827770416811474,0.0,5321.878528993295
-0.006471190375042654,0.0006113060853249504,-0.01537095904727695,293.02471725576555,0.0,0.0,0.6670479741175306,961.7369401028567,-0.9955677500065622,0.09404709004999237,0.0,5017.683692364261
-0.006496094676815609,-0.0002252863729742639,0.07807619476030311,292.68176554425594,0.0,0.0,0.7177151919189682,554.9413385198984,-0.9993991810485553,-0.0346594419960406,0.0,5054.467739775084
-0.005588433115619992,-0.0033195504683980665,0.0020463510531509854,293.14191431207166,0.0,0.0,0.7014962638382478,889.7849554818383,-0.8597589408646142,-0.510700072061241,0.0,5278.940544511871
0.000922877583433521,0.006434150834880692,-0.001234707562489834,293.1701761392425,0.0,0.0,0.6405197680732532,899.0589019841684,0.14198116668208016,0.9898693592124141,0.0,5130.632781065078
0.0010443414489487266,0.006415555388117826,-0.07714364788693778,293.38112145518056,0.0,0.0,0.6709894095724435,1232.2798190055846,0.160667915222881,0.9870085212488964,0.0,5161.868929357975
0.006356342467599343,-0.0013590108294613001,-0.14628132652834536,293.76612488361246,0.0,0.0,0.7054374715115364,1534.5194187875593,0.9778988411691297,-0.20907858914789232,0.0,5000.585191768284
0.006152700701297918,-0.0020962523894436243,-0.15040491802889577,293.70010593624914,0.0,0.0,0.6994674078781653,1556.372754746533,0.9465693386612182,-0.32250036760671147,0.0,4951.386471776471
-0.002575498027143929,-0.005967982063660859,-0.05607263604455798,293.338457042133,0.0,0.0,0.6919767885468477,1142.2151179331859,-0.39623046571445064,-0.9181510867170553,0.0,5258.3112195756175
0.001560326285752629,-0.006309943096573011,-0.06055470011809613,293.12013450574887,0.0,0.0,0.710962239116724,1164.381323292402,0.24005019780809678,-0.970760476395848,0.0,4961.20770467228
0.0060799654256028166,-0.0022986997245126113,-0.09561488876215726,293.59190700222706,0.0,0.0,0.718696898604482,1314.7126515878883,0.9353792962465872,-0.3536461114634787,0.0,4922.588220060838
0.006497185689804114,-0.00019125405147246135,0.06048035446381553,292.4367055246565,0.0,0.0,0.6487310796509246,631.566425436333,0.999567029200633,-0.02942370022653252,0.0,5027.592952528096
-0.004002748614574341,0.005121328297280227,-0.14424703063463715,293.9355868990522,0.0,0.0,0.6790543379789323,1524.8802511870454,-0.6158074791652832,0.787896661120035,0.0,4859.62231474904
0.0029106785689594805,-0.005811880097541585,0.053183417011835016,292.8011678328181,0.0,0.0,0.6914943908497531,666.5413217613042,0.4477967029168432,-0.8941353996217823,0.0,4844.238679894261
0.005244263962011997,-0.0038402728414452837,-0.1872846024879871,293.88642745704004,0.0,0.0,0.6658873857790484,1717.6979373957145,0.806809840309538,-0.5908112063761976,0.0,4876.478858071508
-0.005573512873638994,0.003344540962132232,-0.0787569754775099,293.36006404967804,0.0,0.0,0.6406222621377125,1243.4184814900561,-0.8574635190213837,0.5145447634049588,0.0,4862.449140329358
0.006357861172459977,-0.0013518880544356622,-0.1681101588263273,293.8465819010497,0.0,0.0,0.6939343201002526,1628.1920360294998,0.9781324880707658,-0.2079827776054865,0.0,5007.485617447462
0.0030056377677018537,0.005763344654743824,0.041599143100774644,292.90571398437015,0.0,0.0,0.6404906788313067,717.6473673083847,0.4624058104156698,0.8866684084221269,0.0,5252.824953026879
-0.004065885121354742,-0.005071348753531562,-0.18161980500154748,293.99748474364566,0.0,0.0,0.6419992584753833,1690.0690029306907,-0.6255207879007296,-0.7802075005433172,0.0,5357.175021330971
-0.006475027267791171,-0.0005692291993220292,-0.15258680420103904,293.60737845625306,0.0,0.0,0.6488942323079502,1563.9366705260243,-0.9961580411986417,-0.0875737229726199,0.0,5148.278186617524
0.005014479816157247,0.004135818198779,-0.13554493560766856,293.6970691428349,0.0,0.0,0.7193302092206886,1487.1804220457173,0.7714584332549612,0.6362797228890769,0.0,5345.1033675364915
-0.006498630669833667,0.0001334144561028545,0.1244078142548182,292.4338891949846,0.0,0.0,0.7180292883881667,354.5664607201115,-0.9997893338205642,0.020525300938900693,0.0,5013.327468327383
0.005238594585013801,-0.0038480029591807853,0.022863649919482754,292.9671355148934,0.0,0.0,0.6911755290367165,796.0769151916653,0.8059376284636618,-0.5920004552585824,0.0,4814.750478543311
0.004859628825390976,-0.004316712600976479,0.06784143904212178,292.7383376329122,0.0,0.0,0.6676698413161315,598.3615818236107,0.747635203906304,-0.6641096309194583,0.0,4791.888099396538
0.004114119754432005,0.005032297551436355,0.1420974974432864,292.2757090328548,0.0,0.0,0.6768623726951465,275.88192048898077,0.632941500681847,0.7741996232979008,0.0,5263.422024251931
-0.005625839228591487,-0.0032557538257738604,0.13795012892018862,292.17758066820267,0.0,0.0,0.6992790022008276,293.3508436659883,-0.8655137274756135,-0.5008852039652093,0.0,5236.38586247182
0.003509757449656864,-0.005470978216423288,-0.05167852268068329,293.09762989811657,0.0,0.0,0.7190221236781993,1124.4349367939578,0.5399626845625944,-0.8416889563728136,0.0,4847.885107047518
0.0016631320442789933,-0.0062836288721798625,0.06363087760710398,292.6329855933214,0.0,0.0,0.6932232455196663,616.9230746978027,0.2558664683506144,-0.9667121341815174,0.0,4917.701718662883
0.004787552568750507,-0.004396514574233823,-0.13234388652977885,293.4671978985656,0.0,0.0,0.6944868964756225,1477.9257885045376,0.7365465490385397,-0.6763868575744343,0.0,4849.63959317676
0.004698803137312236,-0.0044912413736944365,-0.06085065698795736,293.31183697433005,0.0,0.0,0.719690162263839,1161.5443322640515,0.7228927903557286,-0.6909602113376057,0.0,4828.064870787406
-0.006467191320097016,0.0006522548805963874,-0.1877256127767023,293.93930005892497,0.0,0.0,0.6734610331060913,1717.6365167358113,-0.9949525107841564,0.10034690470713653,0.0,5065.023879394411
-0.003185934734037303,0.005665670293129901,-0.13553551490300844,293.85421881477555,0.0,0.0,0.6797603744710826,1492.1722522102918,-0.49014380523650813,0.8716415835584463,0.0,4886.054069907268
0.006195907022995467,0.0019648756099039555,-0.11141147554841663,293.72147415043355,0.0,0.0,0.7194198279120891,1382.7211918394419,0.9532164650762258,0.30228855536983934,0.0,5236.681450837197
-0.005922763440579449,0.0026778486191223515,-0.1544499964372667,293.92143138718376,0.0,0.0,0.6662822666421082,1570.5989035163157,-0.9111943754737615,0.41197671063420793,0.0,4917.509446227993
-0.006336180194117754,0.001450110529466597,-0.13544733427910632,293.5914740863962,0.0,0.0,0.6501903550597109,1487.463179930304,-0.974796952941193,0.2230939276102457,0.0,4990.907481800956
-0.006078469899228634,-0.0023026514465223427,0.019850268160658657,293.0299902433269,0.0,0.0,0.704723846270422,809.7809652055506,-0.9351492152659437,-0.35425406869574505,0.0,5219.83037258919
-0.005999601983396203,0.002500955025750831,-0.04104867085703534,292.914651749414,0.0,0.0,0.6458319077413732,1076.7696515211278,-0.9230156897532621,0.38476231165397407,0.0,4894.4434198877125
0.005781235528792366,-0.002971079898055394,-0.11719069829720274,293.6638467014235,0.0,0.0,0.7105974907531086,1409.3631392068407,0.8894208505834409,-0.45708921508544526,0.0,4891.027377337884
0.005345190577244682,-0.0036985047915251714,0.04911835835155601,292.83036362467783,0.0,0.0,0.6741237088106915,682.105737492763,0.8223370118837974,-0.5690007371577187,0.0,4811.66871213964
-0.0036683229946755298,0.00536594878905257,-0.005925433387890228,292.95663803627133,0.0,0.0,0.645067753238211,924.9539257238624,-0.5643573837962353,0.8255305829311648,0.0,4828.787133173293
-0.0007520891656933375,-0.0064563427640458105,-0.02610229639747033,292.9030562200328,0.0,0.0,0.714792397767583,1012.213008836654,-0.1157060254912827,-0.993283502160894,0.0,5125.104139617127
0.005589163403427169,-0.0033183207273846252,-0.14149447808381188,293.64248379400163,0.0,0.0,0.6969446328397672,1516.0706433700784,0.859871292834949,-0.5105108811360962,0.0,4881.926192291347
0.0023935896222119653,-0.006043238264410827,0.13506316464044268,292.41846709520706,0.0,0.0,0.6492689083039348,305.8945807152558,0.3682445572633793,-0.9297289637555118,0.0,4849.285502349668
0.003784690363252356,-0.005284516898856957,0.07544232246328306,292.70642763264715,0.0,0.0,0.6717848308243857,568.4151465406737,0.5822600558849779,-0.8130025998241472,0.0,4801.2298506505285
0.0020088578642924546,0.006181786965034491,-0.1694911737341102,293.686820481391,0.0,0.0,0.7189469487435165,1643.0965440278283,0.309055056044993,0.9510441484668449,0.0,5256.569674103069
0.0009245079079183635,-0.006433916779707087,-0.17826086601345126,294.0463096478839,0.0,0.0,0.6459511628336516,1675.1661630144079,0.1422319858335944,-0.9898333507241672,0.0,5041.7809304450275
0.0036735738429771597,-0.005362355379886158,-0.19099457719242377,293.94696673049435,0.0,0.0,0.6525729613650767,1735.1145864775874,0.5651652066118708,-0.8249777507517166,0.0,4882.776491384302
0.004393250673723737,-0.004790547830658402,-0.057852504177070024,293.2175713582294,0.0,0.0,0.7195836046282453,1150.050842562104,0.6758847190344212,-0.7370073585628312,0.0,4827.866434512677
0.0043076308196842595,0.004867680836014859,-0.1664498982799833,293.8770283639823,0.0,0.0,0.7196432275825757,1623.6333172772406,0.6627124337975784,0.7488739747715167,0.0,5356.861090613269
0.00473112060158827,-0.0044571849695998755,-0.10831449318811943,293.5068566603594,0.0,0.0,0.7065582355263069,1371.965587832138,0.7278647079366569,-0.685720764553827,0.0,4842.145830875292
-0.006489678021448727,-0.00036616823718795997,0.18980317310872244,291.9517737915445,0.0,0.0,0.6870244077986508,65.25646262690734,-0.9984120032998042,-0.05633357495199384,0.0,5032.569910483487
-0.003614047505590453,-0.00540265311003172,-0.1323324058920321,293.78060566330004,0.0,0.0,0.6453679124352685,1476.7687006563945,-0.5560073085523775,-0.8311774015433416,0.0,5329.801790851675
0.005046816201262486,0.00409629664827567,0.1349170142439534,292.30157892180205,0.0,0.0,0.6647110864685296,307.01046717782197,0.7764332617326902,0.6301994843501031,0.0,5265.166013980119
0.005952249695776623,0.00261165150032065,0.12787635919061865,292.1809318136136,0.0,0.0,0.652199590948304,338.92889630437423,0.9157307224271728,0.4017925385108692,0.0,5206.539658698021
-0.005510984629651257,0.003446599543281405,0.15869048625668417,292.18282768790954,0.0,0.0,0.718187128579936,203.74932140660064,-0.8478437891771166,0.5302460835817546,0.0,4788.771079672294
-0.0008090712219072962,0.006449449880251914,0.041903268983558256,292.7789554185436,0.0,0.0,0.6511989771593013,711.9032861092572,-0.12447249567804558,0.9922230585002946,0.0,4985.983388409761
0.005644150266256081,-0.0032239056704440657,-0.1872449491611218,293.8055718288198,0.0,0.0,0.6702249637124015,1718.0192004821693,0.8683308101932433,-0.4959854877606255,0.0,4899.463659538837
-3.7248785004754884e-05,-0.006499893270509575,0.07044925597650306,292.4354471090369,0.0,0.0,0.6990682221589426,588.7186653536621,-0.005730582308423829,-0.9999835800783963,0.0,5042.2459496742085
0.004645380009539767,0.004546476060309601,-0.19563200777584153,294.2313057581003,0.0,0.0,0.7117804337440318,1753.6610698098325,0.7146738476215025,0.6994578554322464,0.0,5367.200267012743
-0.0063472514162841425,-0.0014008566873449052,0.16894039036275213,291.9311133207459,0.0,0.0,0.6931653923765153,158.1443717951198,-0.9765002178898682,-0.21551641343767772,0.0,5115.779944429318
-0.0030583945036785974,-0.005735522910761367,0.02777245507232165,292.6849498602145,0.0,0.0,0.7199174054178044,772.9118520265556,-0.47052223133516885,-0.8823881401171334,0.0,5259.463094860001
-0.003153900136334012,0.005683565248154744,-0.193612984067357,294.11210347926294,0.0,0.0,0.711074877452957,1741.3538131095884,-0.48521540558984805,0.8743946535622683,0.0,4904.532336612077
0.005747945545718428,-0.003034983031823353,0.02965454266964554,292.92947345190703,0.0,0.0,0.6812539513186354,766.6142680534242,0.8842993147259121,-0.4669204664343621,0.0,4844.871897407959
-0.0005637740010149304,-0.006475504526736091,-0.14983541403573866,293.91920309098816,0.0,0.0,0.6509664949223901,1552.8990872164945,-0.08673446169460468,-0.9962314656517064,0.0,5147.058067470919
-0.0024235892863312177,-0.006031269764417815,-0.032272915940746605,293.1118741456454,0.0,0.0,0.7055886707559681,1037.786845739361,-0.37285989020480276,-0.9278876560642794,0.0,5242.431776276112
-0.0055206940845129795,-0.0034310256229330895,-0.02897637309164433,293.314210896448,0.0,0.0,0.6844709954894039,1021.3095623740747,-0.8493375514635353,-0.52785009583586,0.0,5292.64234365387
-0.005541038529308712,0.003398071808646241,0.010193267353112212,292.67437902588966,0.0,0.0,0.6646483329213239,851.190482282128,-0.8524674660474942,0.5227802782532679,0.0,4834.190015126054
-0.0059346840339109365,-0.0026513252191390263,-0.03353001208842607,293.2319999390232,0.0,0.0,0.6762577414090869,1045.5985207462606,-0.9130283129093749,-0.40789618755985024,0.0,5256.024046059629
-0.0026374008059454534,0.005940885202459165,0.12402074256798121,292.12763525449174,0.0,0.0,0.7071953938543339,354.8411653595832,-0.4057539701454544,0.9139823388398716,0.0,4838.275264764111
-0.002880901271190802,-0.0058266978526135375,-0.1252030220727139,293.82777812681053,0.0,0.0,0.6511085365498667,1447.1604033351646,-0.44321558018320034,-0.8964150542482366,0.0,5295.297346124905
-0.00503272072615966,0.004113602082419127,0.08327573199599067,292.30850584128547,0.0,0.0,0.7022857930968295,532.8045971500942,-0.7742647271014862,0.6328618588337119,0.0,4790.625307814152
-0.002749493462528608,-0.00588984598266478,0.10645346882303794,292.2316596378749,0.0,0.0,0.694694296025488,430.73160257343534,-0.42299899423517046,-0.9061301511791969,0.0,5220.488958471226
0.0013883738920858451,-0.006349993538246665,0.1256051538422164,292.4064779085955,0.0,0.0,0.6584370413622636,348.67040665897247,0.21359598339782235,-0.9769220828071793,0.0,4918.904199458495
-0.003993418580382244,-0.0051286068324504904,0.06881970958884623,292.4458565520419,0.0,0.0,0.716949634502852,598.8035648710355,-0.6143720892895761,-0.789016435761614,0.0,5282.232484035335
-0.00303647638208217,-0.005747156791062619,-0.0936641001246266,293.67803285589787,0.0,0.0,0.6662594355218044,1306.6473948821463,-0.46715021262802614,-0.8841779678557875,0.0,5293.9358458057295
-0.0053665992089265025,0.0036673713925302726,0.20437978637189777,292.01002896146446,0.0,0.0,0.7028813092882462,5.220214710456448,-0.8256306475271543,0.5642109834661958,0.0,4767.266586129369
-0.0025339757359176076,0.005985730278736322,0.03686139837146726,292.6566923368837,0.0,0.0,0.6572350186399637,737.484748318853,-0.3898424209104012,0.9208815813440496,0.0,4869.711945516138
0.005507497817672323,-0.003452168563140363,0.06575099090740286,292.72819435893155,0.0,0.0,0.6626834751492684,608.4501747658469,0.8473073565649728,-0.5311028558677482,0.0,4815.752129104592
-0.005258093192274043,-0.003821316001243729,-0.08424704557014288,293.53810242646716,0.0,0.0,0.6553926577209748,1266.1245044025866,-0.8089374141960066,-0.5878947694221122,0.0,5322.442709172028
0.006429792974736525,-0.0009527656070770073,0.09590828959688966,292.3161848181279,0.0,0.0,0.6412250284975203,478.5733091766165,0.9891989191902347,-0.14657932416569344,0.0,4959.431226573423
-0.0063252328581251,0.0014971403710055304,0.12676986349968397,292.42109259906755,0.0,0.0,0.7196113380253173,344.00547338750937,-0.9731127474038616,0.23032928784700468,0.0,4910.828442264979
0.004565336160020275,-0.004626846198655335,0.012190792903569336,293.0359477816395,0.0,0.0,0.7027592878015496,843.4189546095425,0.7023594092338885,-0.7118224921008208,0.0,4806.454350536951
0.0064357337270391024,-0.000911773762866305,0.08911472746514007,292.34612476994903,0.0,0.0,0.64236868687612,508.91472065793835,0.9901128810829388,-0.14027288659481615,0.0,4964.474644799803
-0.0055712549324782,-0.003348300834354244,-0.14557131817262392,293.63188427959597,0.0,0.0,0.640282457604231,1534.5467256717473,-0.8571161434581847,-0.5151232052852683,0.0,5323.366447025122
0.006385196346185563,-0.0012162514627569946,-0.13800920304614794,293.7835169435608,0.0,0.0,0.7097429242168356,1499.5041677138408,0.9823378994131636,-0.18711560965492224,0.0,5008.487560009006
0.0036703112728561104,0.00536458900199683,-0.1537716405896465,293.646446752493,0.0,0.0,0.7193171459392433,1568.8769352911936,0.5646632727470939,0.8253213849225893,0.0,5338.0206709703925
-0.00032660733107300855,-0.006491789248834975,0.18845915664048388,292.03988075093827,0.0,0.0,0.6418311880684271,70.84016444134353,-0.05024728170353978,-0.998736807513073,0.0,5029.933127304089
0.006072832003579643,0.0023174795481943,-0.03724926846792109,293.09577446260204,0.0,0.0,0.688192897617782,1059.9125715454386,0.9342818467045605,0.3565353151068154,0.0,5237.454461224134
-0.006491307352114123,-0.0003360488958308355,-0.1946624430384457,294.04486687194196,0.0,0.0,0.6716559581807444,1746.2280164428548,-0.998662669556019,-0.051699830127820846,0.0,5142.789718757749
0.0056244384257848655,0.0032581731682884284,0.18818520161906108,292.04435588877794,0.0,0.0,0.690567723416414,71.83070737691541,0.8652982193515178,0.5012574105059121,0.0,5221.789976777936
0.0010656043495923912,0.00641205796684105,-0.1022094775450975,293.39854948347255,0.0,0.0,0.6863818218400999,1339.5904284536205,0.16393913070652175,0.9864704564370845,0.0,5170.77552358557
-0.006497669496433392,0.00017404342883034274,0.013395831251290846,292.8746150143536,0.0,0.0,0.6871025334998954,836.2440310070208,-0.9996414609897527,0.02677591212774504,0.0,5042.6961129427045
0.0018999561444188358,-0.0062161215117857134,-0.18518696713745336,294.0447344364778,0.0,0.0,0.6469925297679,1710.9617227589051,0.2923009452952055,-0.9563263864285714,0.0,4974.433510170516
0.00034944434359275806,-0.006490600022396313,-0.05684216122531849,293.14358047547665,0.0,0.0,0.7073674046168186,1143.8217397353421,0.0537606682450397,-0.9985538495994328,0.0,5049.795268998167
-0.006068056073645658,0.0023299561126965554,-0.13816393451186088,293.6910888452105,0.0,0.0,0.6555499694750307,1500.181883989967,-0.9335470882531781,0.35845478656870083,0.0,4933.121013599366
-0.006058200551661278,-0.0023554630279100084,0.034054088311193914,292.9664959192089,0.0,0.0,0.7111505466754278,745.9472049495791,-0.9320308541017351,-0.36237892737077054,0.0,5218.907120355502
0.00594716543705956,0.002623208581917223,-0.09831116508692668,293.5156217001182,0.0,0.0,0.7154870127663197,1325.720461624644,0.9149485287783939,0.40357055106418815,0.0,5273.3971405148695
0.006098130240734357,-0.0022500683471932867,-0.19919031812465948,293.9421118301743,0.0,0.0,0.6695449734545064,1766.9889613775351,0.9381738831899011,-0.34616436110665955,0.0,4955.9184238640855
0.003108211057083874,-0.0057086797094093086,0.17223252289817795,292.1124407499243,0.0,0.0,0.6400002546063029,144.7285031377094,0.4781863164744422,-0.8782584168322013,0.0,4799.60490247414
-0.006287480591103798,0.0016485107874967147,-0.15100367717855165,293.78700444289655,0.0,0.0,0.6583787847894196,1552.8094467490002,-0.9673047063236612,0.2536170442302638,0.0,4981.533717954685
-0.006315617716193571,0.001537196429511171,0.09399307924939945,292.53383211152044,0.0,0.0,0.7173057965573444,486.700795234684,-0.9716334947990111,0.23649175838633402,0.0,4917.598173617553
-0.006477225019284325,-0.0005436506686808866,-0.1363067399077143,293.60350348245856,0.0,0.0,0.6437141915281388,1493.9566622872574,-0.9964961568129731,-0.0836385644124441,0.0,5141.567409581923
0.004977954462667049,-0.004179709244386888,0.16811172702058416,291.93329393330805,0.0,0.0,0.6418706851434692,165.3221185748693,0.765839148102623,-0.6430321914441366,0.0,4764.566954852223
0.0006443090619559003,-0.006467987773077613,-0.06187140877671804,293.1946473240391,0.0,0.0,0.7064329048871626,1165.4771980037208,0.09912447107013851,-0.9950750420119405,0.0,5028.790561400555
0.006483818035622502,-0.00045837068071196953,0.148042941150316,291.9572757664833,0.0,0.0,0.6476168278718828,248.7225698162532,0.9975104670188465,-0.07051856626337993,0.0,4981.49885470427
0.003927359176816586,-0.005179367712016067,-0.18846156214834073,293.93570211589093,0.0,0.0,0.6552052811082366,1717.1522654054163,0.6042091041256286,-0.7968258018486257,0.0,4874.434779664821
-0.0021246454867812014,0.00614295381355747,-0.0780600744055944,293.6221086089187,0.0,0.0,0.6540017703359142,1235.974820145181,-0.32686853642787717,0.9450698174703801,0.0,4928.390057016188
-0.004625365207077111,0.00456683661861912,-0.12219635908529841,293.8427086347,0.0,0.0,0.6611777286214773,1432.329854075195,-0.7115946472426324,0.7025902490183261,0.0,4845.78505782181
0.005832864045929959,-0.0028683962455869987,0.049512128525735305,292.75927284571463,0.0,0.0,0.6681131796001293,682.2463458443212,0.8973636993738399,-0.44129173009030753,0.0,4847.509055601081
-0.003548220690003587,0.005446111450845498,0.05198727497817787,292.55956308324613,0.0,0.0,0.6721841933248666,669.8643646189821,-0.5458801061543981,0.8378633001300767,0.0,4816.097758592568
-0.005274869209087526,0.0037981251726371965,0.061617707445458386,292.46297045466184,0.0,0.0,0.6925914408434493,627.1419687512797,-0.8115183398596194,0.5843269496364918,0.0,4804.869530988233
0.006376982434662927,-0.0012586083695894012,-0.180697000361227,293.94729987264753,0.0,0.0,0.6870657964179463,1683.8182730701149,0.9810742207173734,-0.1936320568599079,0.0,5017.903217290125
-0.006334692437529425,-0.0014565959363898773,0.14558582411788437,292.3251324155925,0.0,0.0,0.7052914895011684,262.92365380888924,-0.9745680673122193,-0.2240916825215196,0.0,5126.585813860197
-0.005100712861080065,-0.004028986014968582,-0.08269600423534777,293.5588035561076,0.0,0.0,0.6574552774748013,1257.9227011939427,-0.7847250555507793,-0.6198440023028587,0.0,5327.407268126652
0.0059161068346102385,-0.002692522965821836,-0.19891475145382503,293.9176032633527,0.0,0.0,0.6668928397301798,1767.0987115418868,0.9101702822477291,-0.4142343024341286,0.0,4929.70707566344
0.0012697078706671036,-0.006374781715726901,-0.03116744474312197,292.9148502727857,0.0,0.0,0.7184307847743767,1031.3062867804365,0.19533967241032366,-0.9807356485733694,0.0,4973.333888792482
-0.00584379082013629,-0.002846069017169263,0.16119901642911474,291.9087625129727,0.0,0.0,0.6886522583791684,190.13864218667467,-0.8990447415594294,-0.43785677187219435,0.0,5209.646214223469
0.0036197222644131378,0.00539885272335816,-0.07782391344364037,293.2770845528878,0.0,0.0,0.6884349210467083,1235.0648802619096,0.556880348371252,0.8305927266704862,0.0,5314.048114255437
0.0023393487044344073,-0.006064441247061517,0.006433561279318156,292.852637436537,0.0,0.0,0.71572134977571,864.4722562421454,0.35989980068221655,-0.9329909610863873,0.0,4890.225375988184
0.005650477661749368,0.003212802856396794,0.1916536537553922,292.06464368387105,0.0,0.0,0.6922965015464225,62.67357050590266,0.8693042556537489,0.4942773625225837,0.0,5218.744955038445
-0.005453067663536894,0.0035375207500293595,-0.04938033694465824,293.1035232827013,0.0,0.0,0.6411329687680366,1113.2080996507489,-0.8389334866979836,0.5442339615429784,0.0,4846.164734076425
-0.006248695577372455,0.0017899171995726275,-0.19571394187966742,294.159079780886,0.0,0.0,0.6854497629594067,1751.759545190188,-0.9613377811342239,0.27537187685732734,0.0,4984.919434788239
-0.0033223001336337874,0.005586798888635326,0.17353510179794537,291.9624457542786,0.0,0.0,0.7199410525925207,137.21230230755762,-0.5111230974821211,0.8595075213285118,0.0,4789.5521651928575
-0.0025364276541360526,-0.0059846917009428215,-0.006554334385842242,292.9454413756014,0.0,0.0,0.7150780683450136,926.9081769084333,-0.39021963909785423,-0.9207218001450495,0.0,5241.56020605253
-0.004472547396587824,0.004716600447915371,0.07076287976129583,292.41858810666105,0.0,0.0,0.690764800257007,585.0692677167015,-0.6880842148596652,0.7256308381408263,0.0,4789.641350470551
-0.0064909508650985576,-0.0003428656688504829,-0.20467042962805687,294.10140917463235,0.0,0.0,0.677688341886588,1790.5555990075923,-0.9986078253997781,-0.05274856443853583,0.0,5146.241104992406
-0.00014677098736048006,-0.00649834273313352,-0.034689663888367805,292.97653399913895,0.0,0.0,0.7140129595035882,1047.8349203458893,-0.022580151901612316,-0.9997450358666954,0.0,5081.440269743947
-0.0027461030565561124,0.005891427501274473,0.04505709406539818,292.62514918109724,0.0,0.0,0.6628132256017777,700.1675665739166,-0.422477393316325,0.9063734617345343,0.0,4855.351409092168
-0.005418826352827963,-0.0035897522139971163,0.07779728490477308,292.58644412501246,0.0,0.0,0.7191500256289106,554.3462929393422,-0.8336655927427635,-0.5522695713841718,0.0,5267.4341327455895
0.005472560229282556,-0.003507290198554269,-0.20082411779990755,293.8855469252038,0.0,0.0,0.6606145547925686,1772.1234276754242,0.8419323429665472,-0.5395831074698876,0.0,4891.6315556269365
0.005820216946552415,0.0028939721310102624,0.019444506631528358,292.684380247003,0.0,0.0,0.6524602190340755,811.3873703156345,0.8954179917772946,0.44522648169388657,0.0,5253.640825950539
0.005744264509117827,0.003041944320543907,-0.08817852502103932,293.38929142936246,0.0,0.0,0.7104257812792415,1280.6094702871537,0.8837330014027426,0.46799143392983183,0.0,5292.598086055438
-0.0062038545389707135,0.0019396362698435158,-0.03854004827525273,293.0363278546105,0.0,0.0,0.6488256475955347,1062.7612136330113,-0.9544391598416483,0.29840557997592554,0.0,4928.875028607201
-0.0061838749374308576,0.0020024212239722447,-0.1653472886250085,293.9263464913126,0.0,0.0,0.6683890340254435,1618.0474092205966,-0.9513653749893628,0.3080648036880377,0.0,4961.853234637204
0.00533401784650274,-0.003714600061001219,0.14248293172987989,292.0748544013321,0.0,0.0,0.6400003920739326,272.32051357035783,0.8206181302311909,-0.571476932461726,0.0,4783.815512624585
-0.005669711121915769,0.00317873808201063,-0.11067475540779002,293.590897688176,0.0,0.0,0.6478270965370213,1380.3091380340743,-0.872263249525503,0.48903662800163544,0.0,4879.108272200015
-0.001987288331145996,0.006188754728448281,-0.0914282965431572,293.6744146498263,0.0,0.0,0.6615152045445819,1296.499935585244,-0.30573666633015323,0.9521161120689664,0.0,4941.211098395669
-0.0020461080691492987,0.006169557663995218,-0.12953449377460907,293.76409454496036,0.0,0.0,0.6837571858874194,1463.321310078212,-0.31478585679219984,0.9491627175377259,0.0,4948.521035125637
0.002601993286457193,-0.005956478064866159,0.03362221606984464,292.83142377166155,0.0,0.0,0.7040060347247624,746.2562248836949,0.40030665945495275,-0.9163812407486398,0.0,4866.742594758555
-0.0030280539683048818,-0.00575159883554417,-0.02049690133091489,293.0935450674534,0.0,0.0,0.7079052096292354,982.2393752007356,-0.46585445666228953,-0.8848613593144877,0.0,5272.107396954915
0.005155301714578501,-0.00395889684529213,0.09377842058248878,292.4964585444892,0.0,0.0,0.6518045347378763,484.7068294104532,0.7931233407043847,-0.6090610531218661,0.0,4791.022388818018
-0.006155726412362749,0.00208735055420493,-0.04494900932376206,293.0015004745806,0.0,0.0,0.6460047518578002,1092.941523474637,-0.9470348326711923,0.3211308544930662,0.0,4921.094755081756
0.00649823528523518,0.00015145354972550366,-0.11857742858083814,293.79481266884073,0.0,0.0,0.7190088145715671,1416.6412326970567,0.9997285054207969,0.023300546111615947,0.0,5106.352698922756
0.0050946933661240295,-0.00403659503854075,0.08381821987384466,292.6215772389997,0.0,0.0,0.6569391589472601,528.60490894507,0.7837989794036969,-0.6210146213139616,0.0,4792.092524895375
0.0030749359001836086,-0.0057266717393056514,-0.0059428522846722565,292.86942886978693,0.0,0.0,0.7168159764549443,918.8968225425745,0.473067061566709,-0.8810264214316388,0.0,4853.347081225743
0.005999114829390812,0.0025021233510327265,0.10729600353627097,292.2947123902729,0.0,0.0,0.6443127192816055,425.701004684975,0.922940742983202,0.3849420540050349,0.0,5206.2356443123645
0.005448799131060204,0.0035440919894039937,-0.1018736213753639,293.472188466523,0.0,0.0,0.7133201743736459,1340.6832844302933,0.8382767893938776,0.5452449214467683,0.0,5318.349750762695
-0.005636437601168144,-0.003237371027259293,0.021328280867923655,293.0404348943928,0.0,0.0,0.7100038940971299,800.6946920966839,-0.8671442463335607,-0.49805708111681435,0.0,5269.701242449406
0.0005335354163114659,-0.006478066066314957,-0.17232730426980652,294.0365964023251,0.0,0.0,0.6466047370911874,1648.9916465163838,0.08208237174022552,-0.9966255486638397,0.0,5069.534565400669
-0.006254066228263828,0.001771060589728611,-0.14255769389704082,293.7239420306946,0.0,0.0,0.6548184826981757,1518.4523530870763,-0.962164035117512,0.2724708599582479,0.0,4970.643372057134
0.005136370186994304,0.003983428335260482,0.04463006730120708,292.62731731667213,0.0,0.0,0.6410280008459248,699.6649279614586,0.7902107979991237,0.6128351285016127,0.0,5289.072009245273
0.004784214701576128,0.004400146553152842,0.19566259550032186,292.05998930542995,0.0,0.0,0.702602553991119,41.664816102345824,0.736033031011712,0.6769456235619757,0.0,5251.860068448172
-0.006416251196010754,-0.0010400579741969014,0.14728530808735904,292.16383402671,0.0,0.0,0.7064885372636485,254.0265575757947,-0.9871155686170392,-0.1600089191072156,0.0,5095.8657525342
-0.005289764661554048,0.00377735222416099,-0.07926107643466807,293.41019147497747,0.0,0.0,0.641385686977413,1243.4049720281987,-0.813809947931392,0.5811311114093831,0.0,4846.733224075846
-0.005661182397104615,-0.003193902607581021,-0.06757359298212115,293.4641166748504,0.0,0.0,0.6600591180622418,1188.6228780574165,-0.8709511380160946,-0.4913696319355417,0.0,5293.757107030782
-0.0036715260822713595,-0.00536375765925355,-0.13665386700153798,293.90732620097737,0.0,0.0,0.6439325384280654,1495.2874247142372,-0.5648501665032861,-0.8251934860390077,0.0,5333.051592749828
0.005992428319911743,0.0025180950797616284,0.10816295704152248,292.2772412085514,0.0,0.0,0.6446054112053216,420.924301039052,0.9219120492171913,0.38739924304025053,0.0,5206.916564166791
-0.005170381873645637,0.0039391815495958835,-0.021970504102760774,292.9275910788347,0.0,0.0,0.6466083831763774,997.1842702075908,-0.7954433651762518,0.6060279307070591,0.0,4825.399943148498
0.005786021951520201,0.0029617477908367496,0.18316221381319794,292.10536324503545,0.0,0.0,0.6855201500291288,94.44904807778185,0.8901572233108002,0.4556535062825769,0.0,5209.19317714879
-0.0024846497712989538,0.006006372908335283,0.18713865366690732,291.8154274114093,0.0,0.0,0.7197194277150102,76.76261649809658,-0.38225381096906985,0.9240573705131205,0.0,4828.615485405532
0.0034461272076602525,-0.00551128000274199,0.1887672974468558,291.9105412314379,0.0,0.0,0.6419071633215119,71.49435096293323,0.5301734165631158,-0.8478892311910754,0.0,4779.98686960978
-0.005653347577363767,-0.0032077501725532222,0.1045432017342807,292.3838306947178,0.0,0.0,0.7141547853535726,439.18512587915023,-0.8697457811328873,-0.4935000265466496,0.0,5244.011772775266
0.003095986401099658,-0.005715318731637457,0.08996829588857277,292.69503932225064,0.0,0.0,0.6680110950046234,504.3847628528988,0.47630560016917817,-0.8792798048673011,0.0,4824.264868250511
-0.005415018888286736,-0.0035954930732095534,-0.015473418172140013,293.25416718323123,0.0,0.0,0.6936789432200772,963.3221688036537,-0.8330798289671901,-0.5531527804937775,0.0,5294.939017201916
0.00115391242230914,-0.006396755906054306,-0.1471275414117016,293.7950395376197,0.0,0.0,0.6606323322881539,1538.6951688049132,0.17752498804755998,-0.9841162932391241,0.0,5015.709102840228
-0.0060192817381888135,0.002453211641156682,0.0964594336501434,292.5279279309674,0.0,0.0,0.7154876193079013,474.0360055690465,-0.9260433443367405,0.3774171755625665,0.0,4857.01563890494
0.0008019452957036844,-0.006450339816063858,-0.1913447610923909,294.2364247561889,0.0,0.0,0.6421967830269772,1733.4969117089129,0.12337619933902838,-0.9923599717021321,0.0,5054.78654386757
0.0061890823123272164,-0.0019862678900990157,0.0671285567458115,292.58875161550753,0.0,0.0,0.6536791661257538,605.9082309682351,0.9521665095888026,-0.3055796753998486,0.0,4894.871251074434
0.0029314823114385455,0.005801414608328121,0.11456567735616821,292.4821629099321,0.0,0.0,0.6688313503963449,395.9427892371164,0.45099727868285316,0.8925253243581724,0.0,5227.731828457752
-0.004683733780847735,-0.004506954389623416,0.07283902154847036,292.5180005452717,0.0,0.0,0.7180735728396566,577.6850297822957,-0.7205744278227285,-0.6933775984036025,0.0,5288.496345103201
0.0062978635314954925,-0.0016083889264289035,0.02968512164667758,292.7870113494375,0.0,0.0,0.6718620908962605,763.2392316862067,0.9689020817685373,-0.24744445021983133,0.0,4931.4369502431355
-0.0016174628186462572,0.006295539216802394,-0.1744878088208113,293.85683578514397,0.0,0.0,0.7100965513401698,1661.1224548922526,-0.24884043363788574,0.968544494892676,0.0,4990.56308652836
-0.005199294906516795,0.003900939947636789,0.07843247586655736,292.3953417101021,0.0,0.0,0.7011892419635938,554.1099584609984,-0.7998915240795069,0.6001446073287368,0.0,4797.018861092769
-0.006044007764507285,0.0023916459066039945,0.11679208148250766,292.37100453696524,0.0,0.0,0.719503174894368,385.3782858564631,-0.9298473483857362,0.36794552409292225,0.0,4854.750366797115
0.004575757322278149,0.004616540363477601,-0.13985795872332585,293.6542261720219,0.0,0.0,0.7190590660286079,1504.5686819686266,0.7039626649658691,0.710236978996554,0.0,5350.924194945372
0.0012746668908358437,0.006373791988871842,0.18540014785468048,291.8086911552054,0.0,0.0,0.7151464306968566,86.31272184219144,0.1961025985901298,0.9805833829033604,0.0,5101.884016852137
-0.006473835736174232,0.0005826241164193594,-0.175426152054878,293.9272438648225,0.0,0.0,0.6657796016494284,1664.1423564971049,-0.9959747286421895,0.08963447944913222,0.0,5066.7074014526515
0.006390889851931748,-0.0011859708683082378,-0.02713307190589853,293.2550574144163,0.0,0.0,0.7025624164088882,1016.5861310266561,0.9832138233741151,-0.18245705666280582,0.0,4978.244236757774
-0.006374224087591007,0.001272504334442356,-0.04851216201557032,293.0813865110138,0.0,0.0,0.6476862683980502,1107.995729189927,-0.9806498596293858,0.1957698976065163,0.0,4978.207820261788
-0.003825046252276732,0.005255380211549277,-0.10848350389240835,293.8122899104769,0.0,0.0,0.6595215200378326,1366.1199309237954,-0.5884686541964204,0.8085200325460427,0.0,4853.856921710317
0.0004504540100474946,-0.00648437284437224,-0.01733924441936313,292.8454094712584,0.0,0.0,0.7192312907504501,973.6276505767694,0.0693006169303838,-0.9975958222111139,0.0,5030.507897842465
-0.000940368489256658,0.0064316177672816615,-0.17513552009451472,293.8665886311928,0.0,0.0,0.7129489214681175,1664.8298359330404,-0.14467207527025508,0.989479656504871,0.0,5039.684138940899
-0.0011549984095821136,0.006396559909346803,0.019291808350438172,292.9736719759518,0.0,0.0,0.644415213264097,810.8275209835411,-0.17769206301263288,0.9840861398995082,0.0,4966.921468877724
-0.0038462585939439487,0.005239875459255908,0.07150407407498463,292.3487188050526,0.0,0.0,0.6863015631311227,587.5087081223462,-0.5917320913759921,0.8061346860393706,0.0,4800.564096469114
0.0007453233527227437,0.006457127310181062,-0.03258734887399131,293.30912908093944,0.0,0.0,0.6473132353160591,1039.5003604751303,0.11466513118811442,0.9934042015663174,0.0,5126.492172193759
-0.0036745435417415455,-0.0053616909422164105,-0.10840487098580676,293.7775721420275,0.0,0.0,0.6544982581805712,1371.0994931339749,-0.5653143910371609,-0.8248755295717555,0.0,5324.885258763331
0.001577439938496647,0.0063056865796228476,-0.050821119153232425,293.2109113412656,0.0,0.0,0.6592003724922513,1123.5144241029773,0.24268306746102264,0.9701056276342843,0.0,5192.588578636251
-0.006495152989796281,0.0002509733833306457,-0.02125309131532485,293.041783419881,0.0,0.0,0.665747396296409,991.4342753324293,-0.9992543061225048,0.038611289743176264,0.0,5046.929168199933
0.005751974277029868,0.0030273407334468843,-0.10805056223130573,293.6218341271793,0.0,0.0,0.7168515534299139,1370.1227365553468,0.8849191195430567,0.4657447282225976,0.0,5297.697762214687
-0.004997097578035634,0.004156803555087779,0.021472542539798523,292.6826005883098,0.0,0.0,0.6657296842742212,802.3721988280496,-0.7687842427747129,0.6395082392442738,0.0,4807.893424675186
0.002799345153320101,-0.005866316281328791,-0.1582547061480138,293.77750716611547,0.0,0.0,0.6640850263488918,1587.0564458582865,0.4306684851261694,-0.9025101971275064,0.0,4911.977100875994
-0.006231296089472106,-0.0018495807755622997,0.0901678886406774,292.6719907859119,0.0,0.0,0.7198019585612637,503.0636855745987,-0.9586609368418625,-0.2845508885480461,0.0,5170.003309143958
-0.005672827863750718,0.0031731725493980728,0.17906944825746987,292.08710333181995,0.0,0.0,0.7115158492467217,114.81951297259333,-0.8727427482693413,0.48818039221508813,0.0,4794.561481201801
-0.0018812160426455976,-0.006221818560589246,0.04848701525788837,292.4792912359912,0.0,0.0,0.7160276694321719,686.4727202319348,-0.2894178527147073,-0.9572028554752686,0.0,5184.324475983125
-0.001970405751792765,0.006194150561077926,0.19734936586120425,291.8293591000126,0.0,0.0,0.7192745643853138,34.436699518551166,-0.3031393464296562,0.9529462401658348,0.0,4857.801459778608
0.006483639846392656,0.00046088430464641546,0.08293710474610791,292.322969803876,0.0,0.0,0.6410427328797096,534.4787992388841,0.9974830532911779,0.07090527763791007,0.0,5071.089131856525
-0.002447960575213801,-0.00602141918671993,0.14781540039549643,292.03446687858695,0.0,0.0,0.6678617458812578,252.18465902425612,-0.3766093192636617,-0.926372182572297,0.0,5191.177154513479
0.006475123853741987,-0.0005681294559354477,0.036183842986545006,292.7064871242664,0.0,0.0,0.6619917795856034,738.3154877538756,0.9961729005756904,-0.08740453168237658,0.0,5005.874594006021
-0.002083226808758194,-0.006157123197019136,0.11095285354141174,292.1645556074659,0.0,0.0,0.6878179447940287,409.3648330158653,-0.3204964321166453,-0.9472497226183286,0.0,5179.321072296769
-0.006492100841683662,0.0003203539626885921,-0.19614609920269777,293.9692182318857,0.0,0.0,0.6765491178148433,1753.1701250424367,-0.9987847448744096,0.04928522502901417,0.0,5092.795948947449
0.003942564036565573,-0.005167803093924901,-0.15266122742772098,293.645498538009,0.0,0.0,0.6753306295248978,1563.5975587182606,0.6065483133177804,-0.7950466298346002,0.0,4863.564238689312
-0.0031147153920058437,0.005705133480191491,-0.034322582130505624,293.28886522360915,0.0,0.0,0.6400137909253594,1045.1105296761891,-0.4791869833855144,0.8777128431063833,0.0,4859.751349010859
0.006423069276089481,-0.0009970862924317734,0.08645326769861575,292.3085198612292,0.0,0.0,0.6431563078553885,517.5231380388922,0.9881645040137664,-0.15339789114334976,0.0,4958.905429066802
-0.004357818046112823,0.004822802284665359,-0.11350907313260775,293.8096338235586,0.0,0.0,0.6585468719617076,1391.9761320010077,-0.670433545555819,0.7419695822562091,0.0,4844.501518882829
0.00015615918455246723,-0.006498123906873422,-0.1649185621691155,294.0211621491567,0.0,0.0,0.6478748563302787,1618.2214464568567,0.024024489931148807,-0.9997113702882188,0.0,5096.26006958936
0.00137145935003165,0.0063536681728912124,0.20400242112838338,291.70927382633505,0.0,0.0,0.718965907803538,7.167057912353549,0.21099374615871538,0.9774874112140327,0.0,5103.413839661404
0.0036845921760945083,0.005354790425017877,0.07221220473034892,292.7016102271947,0.0,0.0,0.6449727386017985,579.0350062206546,0.5668603347837705,0.8238139115412119,0.0,5272.358435414617
-0.005253477533905319,0.003827659049700233,-0.15159219254064685,293.9619465268847,0.0,0.0,0.6724925719172121,1560.2669404416492,-0.8082273129085106,0.5888706230308051,0.0,4866.397785945789
0.0036517320178786595,0.005377253320199808,0.053036978878249236,292.740569234265,0.0,0.0,0.6409313619992353,662.9329755417982,0.5618049258274861,0.8272697415692012,0.0,5276.859089692536
0.00556034352708859,0.0033663897369086673,0.11461008465523634,292.4214586072508,0.0,0.0,0.6501926646148964,394.68246347764483,0.855437465705937,0.5179061133705642,0.0,5247.973731526618
-0.005549706378166096,-0.0033838970309603912,0.04303586131504156,292.82620042763824,0.0,0.0,0.7173831168393314,712.1044181503371,-0.8538009812563225,-0.5205995432246756,0.0,5269.648338575106
0.005669854148335679,-0.003178482961508634,0.144863005882417,292.0827867928881,0.0,0.0,0.6403817432957221,265.27730850637425,0.8722852535901044,-0.48899737869363596,0.0,4804.328470209711
0.002646187360668484,0.005936976709760479,0.07920316607052766,292.7302095047019,0.0,0.0,0.6519741338222,552.8914397821437,0.4071057477951514,0.9133810322708429,0.0,5222.739919622598
0.006499994489701369,-8.463678386665965e-06,-0.11376784010691493,293.8109261477338,0.0,0.0,0.7193961448398496,1389.4046906042452,0.9999991522617492,-0.0013021043671793792,0.0,5092.646852789869
-0.004719898603942,-0.004469066699939302,-0.1234541878495285,293.71022207831663,0.0,0.0,0.6437587845803135,1437.4588249482251,-0.7261382467603077,-0.6875487230675849,0.0,5345.760645194422
-0.0020038468681276293,0.006183413113248628,0.04248735364135253,292.7149097641021,0.0,0.0,0.6572069123523335,705.4078788820938,-0.30828413355809686,0.9512943251151735,0.0,4900.930203594587
-0.002761621365952694,-0.00588416922182848,0.07864423976566484,292.33366841247727,0.0,0.0,0.7088165392592696,548.4337804155304,-0.4248648255311837,-0.9052568033582277,0.0,5229.288060636977
0.004146519215577868,0.005005634664539902,0.06824164811087188,292.71767159069105,0.0,0.0,0.6424801219197963,596.1657710809061,0.6379260331658259,0.7700976406984466,0.0,5285.6595012398175
-0.004198498556522049,0.0049621174785450485,0.1091939445760022,292.1719563673085,0.0,0.0,0.7088281012124564,418.75182103649985,-0.645922854849546,0.7634026890069305,0.0,4781.491174567874
-0.00649171420682283,0.0003280954997171331,0.09946758442173206,292.55387821384477,0.0,0.0,0.7198120876526836,466.4963734443865,-0.9987252625881277,0.050476230725712785,0.0,5005.681592873812
0.001737670569353131,-0.006263425659525621,0.12539265638570415,292.4171240164417,0.0,0.0,0.6567113627798966,349.0773047667571,0.26733393374663555,-0.9636039476193263,0.0,4894.497693380705
-0.0002638271724299269,-0.0064946435793727456,0.06533516701590145,292.45485461681534,0.0,0.0,0.7029194570403086,610.9666051131104,-0.04058879575845029,-0.9991759352881148,0.0,5061.1551860749905
-0.0064997478391995,5.7254055065325974e-05,0.16622414866340116,292.12620543791417,0.0,0.0,0.702686028808581,171.67222559155874,-0.9999612060306924,0.008808316163896305,0.0,5006.945042432318
0.005063772427383819,-0.004075317018793431,-0.032430975532498435,293.26187548132765,0.0,0.0,0.7169023428777787,1041.5494170185607,0.7790419119052029,-0.6269718490451434,0.0,4825.273318843346
0.006482991644984378,0.00046991417414538517,0.08989487988214276,292.2471194290203,0.0,0.0,0.640291564903269,504.2066433077408,0.9973833299975967,0.07229448833005926,0.0,5069.741962204682
-0.006368199653046481,-0.0013023183861631787,-0.09339409813635066,293.3530808075665,0.0,0.0,0.6423067644912035,1302.7986717103813,-0.9797230235456126,-0.2003566747943352,0.0,5185.481881599652
-0.005749910880506036,-0.0030312579676164643,0.12016591491746728,292.24227352331417,0.0,0.0,0.7091066046073893,369.49283961825273,-0.8846016739240056,-0.4663473796333022,0.0,5231.095324643686
0.0054482015227254365,0.0035450106019266335,-0.17554308520773226,294.07429033582645,0.0,0.0,0.7142563329877971,1664.5107006345838,0.8381848496500671,0.5453862464502514,0.0,5339.945708454298
-0.006293625107843566,0.0016248947664144445,-0.1882281911518921,294.0543222144508,0.0,0.0,0.6798255289622307,1720.8085190614931,-0.9682500165913179,0.24998381021760685,0.0,4994.067763702735
-0.004662960705825204,-0.0045284431602847924,0.0560832622135439,292.6363375286688,0.0,0.0,0.7199293706991341,652.7151668854343,-0.7173785701269544,-0.6966835631207373,0.0,5293.47831584046
0.003738882511696505,-0.005317025255133742,-0.045769190452088826,293.19019656980146,0.0,0.0,0.7198433105260765,1099.9904623877342,0.5752126941071546,-0.8180038854051911,0.0,4838.132751263103
0.0020426479077369822,-0.006170704135268335,0.1546928009449309,292.2770672618219,0.0,0.0,0.6440044094834644,219.8089631874541,0.314253524267228,-0.94933909773359,0.0,4865.557479666294
0.0010911466384672032,-0.006407760842397422,0.07234091301986187,292.51260591880543,0.0,0.0,0.6915727833768183,578.2083944451018,0.16786871361033898,-0.9858093603688342,0.0,4956.083775252771
-0.003893609960855644,-0.005204786400297874,-0.03782324785963745,293.3132790530748,0.0,0.0,0.6936741280770384,1065.998347861791,-0.5990169170547145,-0.8007363692765961,0.0,5310.897534534573
-0.0031173893048952036,0.005703672844906604,-0.14054379908316725,293.86093885036246,0.0,0.0,0.683308945756988,1514.4181478606795,-0.47959835459926214,0.8774881299856314,0.0,4890.713838802621
-0.005890599132680539,-0.0027478795202962,0.003749430671729004,293.16792185746294,0.0,0.0,0.6989638698982847,880.3257953863351,-0.9062460204123907,-0.4227506954301847,0.0,5250.460673337142
-0.0052107904348609275,-0.003885571134847728,-0.18116062718592146,293.7976039295207,0.0,0.0,0.6462107281397469,1689.1641476864465,-0.8016600669016812,-0.5977801745919582,0.0,5352.630869968945
0.00284552900699133,0.005844053787429658,-0.08297494010553465,293.270267832093,0.0,0.0,0.6861318274759691,1258.7928490452687,0.4377736933832816,0.8990851980661013,0.0,5281.08327223539
-0.001119447920854742,-0.006402877193300992,-0.17802997415889726,294.10571545433135,0.0,0.0,0.6411486278906829,1675.2069906697761,-0.1722227570545757,-0.9850580297386142,0.0,5196.931038770331
0.005626023643597483,0.0032554351416795415,-0.029274196312216116,292.99094371273594,0.0,0.0,0.6769652334618731,1026.6520322291003,0.8655420990149975,0.5008361756430064,0.0,5285.31545482158
-0.005908450422331689,-0.002709282858405245,-0.07460739729276927,293.3899847049457,0.0,0.0,0.6538233464861698,1224.3299551234034,-0.9089923726664136,-0.41681274744696073,0.0,5271.2761155324715
0.0030553653547686433,0.005737137138754789,-0.1660199423881517,293.70694753938056,0.0,0.0,0.7197669088328134,1621.4097322846942,0.47005620842594514,0.8826364828853521,0.0,5316.035581931941
-0.005619765475716531,-0.0032662265686789938,-0.10368014398218842,293.5396536065251,0.0,0.0,0.6450589869900826,1348.5774479704787,-0.8645793039563894,-0.5024963951813837,0.0,5307.569399788044
0.004312459057862574,-0.004863403836230242,0.08171461923774623,292.6520535334748,0.0,0.0,0.6641696227753167,539.6146194354368,0.6634552396711654,-0.7482159748046526,0.0,4787.87962163185
-0.006304804232797295,-0.0015809628667686375,0.006322656692163031,293.0497445516426,0.0,0.0,0.6934368479598368,868.6140855598383,-0.9699698819688146,-0.24322505642594425,0.0,5176.109955970666
-0.006312092183739578,0.0015516095720166578,0.14972604338069853,292.3001314103905,0.0,0.0,0.7154298829036896,242.03855164272957,-0.9710911051907044,0.23870916492563968,0.0,4900.273570007376
0.006373825675037057,0.0012744984363420777,0.16556795990352294,291.9909154705624,0.0,0.0,0.6641681602061876,174.25925570053548,0.9805885653903165,0.1960766825141658,0.0,5107.676361312816
-0.0056785820252368314,-0.0031628636048140228,-0.14169117564679126,293.68315719672773,0.0,0.0,0.6401706754792341,1515.6410910034938,-0.8736280038825895,-0.48659440074061894,0.0,5314.021835503919
-0.0036147830306822557,0.00540216101584279,-0.12486139639365341,293.82816684593047,0.0,0.0,0.670219160330978,1444.8857086066103,-0.5561204662588086,0.8311016947450446,0.0,4865.4484679494335
-0.006411392980405354,0.0010695980790974456,0.02955385312054351,292.8154022574603,0.0,0.0,0.6913461706446904,768.1120416699989,-0.986368150831593,0.16455355063037624,0.0,4970.194901045569
0.006367469155990599,-0.001305885350062696,-0.024147790914994027,293.2445372113963,0.0,0.0,0.7016641324121371,1000.326964483495,0.9796106393831691,-0.200905438471184,0.0,4968.663093603305
-0.005041582534301439,-0.004102736349051286,-0.1470925073728872,293.7290789102277,0.0,0.0,0.6400000016402247,1537.550992845869,-0.7756280822002214,-0.6311902075463518,0.0,5347.8358906639205
-0.005748878311888927,-0.0030332158108339604,0.19747480426316047,291.65860829474406,0.0,0.0,0.665528847619147,31.934159537740438,-0.8844428172136811,-0.4666485862821478,0.0,5208.564491463304
-0.001705688425414392,-0.0062722106944368,0.18919586171284283,291.8719190860107,0.0,0.0,0.645045760317518,73.3116972466405,-0.2624136039099065,-0.9649554914518155,0.0,5131.234325512162
-0.006361281672712085,0.0013357003707483732,-0.15005223708711138,293.7273048382442,0.0,0.0,0.6562697109975623,1552.694043881124,-0.9786587188787823,0.20549236473051896,0.0,5003.364280724664
0.004913252402435541,0.00425557878906752,-0.12001553122135167,293.62642968330823,0.0,0.0,0.716098074465001,1421.5682988947467,0.7558849849900833,0.6547044290873107,0.0,5342.5671207196365
0.0001162260927078091,0.006498960801187669,0.10513495930379166,292.37346217036423,0.0,0.0,0.6808998618902177,437.90812481032026,0.01788093733966294,0.9998401232596414,0.0,5038.167831695734
-0.004613665501963924,0.004578655985765689,0.0868117989460103,292.2865971669299,0.0,0.0,0.7008661263638575,517.5441771545785,-0.7097946926098345,0.7044086131947214,0.0,4784.598921064035
-0.0027369336317564657,-0.005895692859652744,-0.03601138499434858,293.2062223431971,0.0,0.0,0.7020648422780817,1054.9996153281234,-0.42106671257791783,-0.9070296707158069,0.0,5261.499918388789
-0.006373871580258603,-0.001274268840697164,-0.020980678670831837,293.04870178728413,0.0,0.0,0.6750445130959197,988.619288913052,-0.9805956277320929,-0.196041360107256,0.0,5162.259336728157
-0.0021746559039447495,-0.006125428287021099,-0.022067657297496435,293.02759017194234,0.0,0.0,0.7111198979692753,993.7208478760316,-0.3345624467607307,-0.9423735826186307,0.0,5224.100232307878
-0.002682482496680769,-0.005920666149598481,-0.1401595232381025,293.9084275178019,0.0,0.0,0.6462865653082553,1512.964298269875,-0.41268961487396444,-0.9108717153228433,0.0,5288.9759481824085
0.0014402499848008795,-0.006338428825922167,0.031816987139740655,292.7679868458787,0.0,0.0,0.7103078226951123,754.744064174245,0.22157692073859686,-0.975142896295718,0.0,4942.653130960391
-0.005734437447765042,0.0030604292440227967,0.0044815166615078394,292.8463038588957,0.0,0.0,0.6636326694445567,875.9513342309846,-0.8822211458100065,0.4708352683111995,0.0,4850.997921638242
-0.005977437020987617,-0.002553477366284392,-0.18978236209796107,293.8068046161194,0.0,0.0,0.656210835709883,1726.137701356869,-0.9196056955365566,-0.3928426717360603,0.0,5296.176236388543
0.002929316883201456,0.005802508302259542,0.060205865701392275,292.80719856812567,0.0,0.0,0.6440719538227568,635.7031531280771,0.4506641358771471,0.8926935849630064,0.0,5243.53126254944
0.001002423955472141,0.006422238411449358,-0.18125169959721807,293.75309067768575,0.0,0.0,0.719128709212315,1686.535575440751,0.15421907007263708,0.9880366786845167,0.0,5189.236326823085
0.0032301287257418586,0.0056405911405753625,-0.052173206707009256,293.1230198027644,0.0,0.0,0.6700581985794499,1123.2523118022027,0.4969428808833629,0.8677832523962097,0.0,5290.88956155513
0.00237841391359952,-0.006049226996534037,-0.012748850042663268,292.93642321037845,0.0,0.0,0.7193592064323716,951.9154504419146,0.36590983286146467,-0.9306503071590827,0.0,4893.464321571669
-0.0027190437419206226,0.005903964865200528,0.06268070351020164,292.4990615943561,0.0,0.0,0.6728925157520769,622.9553215751664,-0.41831442183394196,0.9083022869539275,0.0,4851.676455232127
-0.0027350992983392977,0.005896544058024486,-0.11140222745743024,293.7372862411777,0.0,0.0,0.6682600506648162,1380.9726392758323,-0.42078450743681506,0.9071606243114595,0.0,4901.745961754055
0.0034713662395330007,0.005495417766742626,-0.004809898127808548,292.98886262025894,0.0,0.0,0.6478470805611785,915.4398227147561,0.5340563445435386,0.8454488871911733,0.0,5287.166446157658
0.0006650751089254307,0.006465885484563411,-0.1993925854309805,293.8681242399859,0.0,0.0,0.7199945115550349,1764.8181074647296,0.10231924752698934,0.9947516130097557,0.0,5169.249923751703
0.006498413071899547,-0.00014362293328396542,-0.08888934283247452,293.63361333530975,0.0,0.0,0.7193064910864044,1284.6662166354868,0.9997558572153149,-0.022095835889840834,0.0,5074.971172348671
0.006499935205444604,2.9022836212365476e-05,0.12864254853140591,292.09446637373907,0.0,0.0,0.6432374093986516,336.45538491130236,0.9999900316068622,0.004465051724979304,0.0,5024.581025988847
0.0011484692337973737,0.006397735413333445,0.04593350578745706,292.80985988588577,0.0,0.0,0.6454132084711668,691.8168391611409,0.17668757443036517,0.9842669866666839,0.0,5133.509920319608
-0.006042219217066408,-0.0023961608737548073,-0.05536260325176218,293.35337538141374,0.0,0.0,0.6618532630232724,1140.3431079659458,-0.9295721872409859,-0.36864013442381655,0.0,5247.542496787193
-0.004642443198249172,0.0045494748214524715,0.03926892340884636,292.5863335333133,0.0,0.0,0.6730949900932913,721.0786240240187,-0.7142220304998727,0.6999192033003803,0.0,4798.557799279739
0.0017189921734793424,-0.006268577662238601,0.021431675903189173,292.78016001695784,0.0,0.0,0.7131016765246749,803.6811441995967,0.2644603343814373,-0.9643965634213233,0.0,4926.204995550443
0.005672666998684457,0.003173460118236288,-0.03971523044134667,293.0443322524826,0.0,0.0,0.6839366310445099,1071.4963623288677,0.8727179997976088,0.48822463357481355,0.0,5284.6651827179385
-0.0031081769128089272,-0.005708698299847484,-0.11449236786225253,293.79275120034146,0.0,0.0,0.6547748338515832,1397.4468826985617,-0.47818106350906575,-0.8782612768996131,0.0,5303.493917038881
-0.0018448421094919244,0.00623270066592688,0.1895308288834446,291.730189133217,0.0,0.0,0.7199485709326671,70.51453307924766,-0.2838218629987576,0.9588770255272124,0.0,4868.452430392096
0.0013671471506733809,-0.006354597443458213,-0.19767540682358972,294.16025439989704,0.0,0.0,0.642083269194368,1757.3895367455088,0.21033033087282782,-0.9776303759166481,0.0,5015.043556412357
0.00020251930829635724,-0.006496844305489178,0.10369078766033243,292.3388665593264,0.0,0.0,0.6780243843953003,444.19940545120147,0.031156816660978037,-0.9995145085367967,0.0,5014.080631636108
-0.005144128201322088,0.003973404717413365,0.10679861088761963,292.3879539726504,0.0,0.0,0.7131971164703601,431.36741019930395,-0.7914043386649366,0.61129303344821,0.0,4786.851890550829
0.003306530505735747,0.0055961465326275096,-0.17221202027253465,293.8230033022546,0.0,0.0,0.7199805327225068,1650.1260696176846,0.5086970008824226,0.8609456204042323,0.0,5329.383745639792
0.006420740586570869,0.0010119734778943422,0.06494965208195794,292.4913608481736,0.0,0.0,0.6434622501733935,609.8790304939606,0.987806244087826,0.15568822736836033,0.0,5117.885247294826
0.0054363337044340725,0.003563183387651288,-0.11712571311750147,293.6794511356396,0.0,0.0,0.717491207967491,1406.824956314833,0.8363590314513958,0.5481820596386597,0.0,5323.519204751406
0.005560635520492056,-0.0033659073974549618,-0.005702748726520657,293.1412410899629,0.0,0.0,0.7036209724423881,921.9372552376558,0.8554823877680087,-0.5178319073007633,0.0,4840.17105892819
-0.006491540939160546,0.0003315060108091717,-0.06079450593221333,293.14555639438413,0.0,0.0,0.6467203059915941,1159.8134049551547,-0.9986986060246994,0.051000924739872576,0.0,5052.326237709539
-0.005803138844412285,0.002928067545749799,-0.1278785963782533,293.73302665598493,0.0,0.0,0.6537880071648333,1456.013774380556,-0.8927905914480438,0.4504719301153537,0.0,4896.339331407592
0.0059369239673593,0.0026463056901640664,-0.12531710809395266,293.76034279225166,0.0,0.0,0.7199030600707296,1447.0713594973777,0.9133729180552769,0.4071239523329333,0.0,5282.606174154982
0.005581610929139734,-0.0033310087714846794,-0.0920849427832669,293.51866898681527,0.0,0.0,0.7171696655113395,1299.7581499594182,0.8587093737138053,-0.5124628879207199,0.0,4866.923347801728
0.005076387299806109,0.004059592588224493,0.13811566959329138,292.3715999104563,0.0,0.0,0.6662678137647611,293.9064658555404,0.7809826615086322,0.6245527058806913,0.0,5263.458318828011
-0.0038598991372166243,-0.0052298354324504664,0.18012271613609696,291.80736576428376,0.0,0.0,0.6589649708589792,108.68878997252953,-0.5938306364948653,-0.804590066530841,0.0,5246.176271915578
-0.0057267304982968,-0.0030748264666282036,-0.14099102005279335,293.5787116617566,0.0,0.0,0.6401884943344401,1514.0815605692821,-0.8810354612764307,-0.4730502256351083,0.0,5309.65267628037
-0.0054521570259358065,-0.0035389240970298886,-0.1859828422859365,293.85186387833306,0.0,0.0,0.6495000097600213,1712.801621169429,-0.8387933886055088,-0.5444498610815214,0.0,5342.774474571458
-0.0017530552550930598,0.006259137102875332,-0.12496987892814769,293.7251590695011,0.0,0.0,0.6828481891634124,1445.689865045689,-0.26970080847585537,0.962944169673128,0.0,4966.7231393912125
0.00583635096904614,-0.0028612947010250764,0.14701446508743923,291.9106668582336,0.0,0.0,0.6410203787601997,250.0276862980401,0.8979001490840216,-0.44019918477308867,0.0,4819.3439192547585
0.0028117102437483603,0.005860399773496731,-0.07662087742724072,293.2856335407539,0.0,0.0,0.6820290786152406,1229.7815190250553,0.43257080673051695,0.9015999651533433,0.0,5277.428534798925
-0.006190631318339254,-0.001981434803468737,0.17434068376897552,291.9932054866811,0.0,0.0,0.686375998924554,130.34914784480432,-0.9524048182060391,-0.30483612361057494,0.0,5154.137154854062
0.006292137625065397,-0.0016306453039322743,-0.11197268733612749,293.71604020282456,0.0,0.0,0.716861962812186,1386.5267705615909,0.9680211730869842,-0.250868508297273,0.0,4971.349480008222
0.006489824664109724,0.00036355993881767937,-0.085793851224626,293.64528569501823,0.0,0.0,0.7180691001707608,1271.0212811785973,0.9984345637091883,0.05593229827964298,0.0,5113.032765395422
-0.006196779865407989,-0.0019621211225798836,-0.17741783419814114,293.77689813887434,0.0,0.0,0.6533448803552793,1674.4882156860754,-0.953350748524306,-0.30186478808921285,0.0,5255.818681823813
-0.0033072919390592283,-0.005595696563416733,0.029873781499218544,292.74775813757446,0.0,0.0,0.7198845485218728,766.0488562708406,-0.5088141444706505,-0.8608763943718052,0.0,5270.269497243985
-0.0018902735561609602,-0.0062190727510520885,0.017435707766165404,292.6572171241018,0.0,0.0,0.7199844604448454,822.0280721269062,-0.29081131633245544,-0.9567804232387829,0.0,5194.018153181256
-0.006186102194815848,-0.0019955299134050922,-0.17353594568153513,293.78452261237607,0.0,0.0,0.6514671534689536,1654.1010637955235,-0.951708029971669,-0.3070046020623219,0.0,5256.880381002641
-0.006227694367864089,0.0018616720603999788,0.19619237489593386,291.9633375684093,0.0,0.0,0.6965093869858074,36.18099938366375,-0.9581068258252445,0.28641108621538136,0.0,4865.371633146384
0.006336537938388467,0.0014485464974807098,-0.07120423082728275,293.4764182971752,0.0,0.0,0.7104814823532841,1213.0515433927549,0.9748519905213027,0.2228533073047246,0.0,5189.464757791289
0.0017308076908678026,0.006265325589084166,-0.08389995519562835,293.3625974900122,0.0,0.0,0.6793795011796688,1261.3252638177914,0.26627810628735427,0.9638962444744872,0.0,5212.888317765581
0.001933264283015524,-0.006205843150774637,0.19616840926507387,292.0420801929988,0.0,0.0,0.6405541735146215,44.531931828874946,0.29742527431008065,-0.9547451001191749,0.0,4860.602194175281
0.004575730174681765,-0.004616567271090802,-0.13718615476571766,293.5767900556543,0.0,0.0,0.6898727402622598,1497.0539219940883,0.7039584884125792,-0.7102411186293542,0.0,4850.161913157894
-0.0047219841323877425,-0.0044668630887322236,0.06043506295646198,292.5797770131605,0.0,0.0,0.7197448800578661,633.9360959900229,-0.7264590972904219,-0.6872097059588036,0.0,5291.926560210816
0.005559026670471584,-0.003368563859716127,-0.19030927331732378,293.8585912750346,0.0,0.0,0.6674302715587919,1730.808248335271,0.8552348723802438,-0.5182405938024811,0.0,4894.091561065802
-0.004555457447853757,-0.004636572811980172,0.1596516566380787,291.86166823910776,0.0,0.0,0.6760358673963864,195.1652243601647,-0.7008396073621166,-0.7133188941507957,0.0,5263.233752712337
0.005029336964200541,-0.004117738420604943,-0.04303610150735382,293.28150378784505,0.0,0.0,0.7189898999120581,1086.1069030461497,0.7737441483385448,-0.6334982185546066,0.0,4827.513162353734
-0.006253333500874969,-0.001773645998172917,0.0019789138894616143,293.0396136440835,0.0,0.0,0.6920765745886382,888.0980307686248,-0.9620513078269183,-0.2728686151035257,0.0,5190.677609703523
0.003181610454694704,-0.005668099762228727,-0.14399411050007527,293.564402412684,0.0,0.0,0.6750368621108942,1527.6408814487095,0.48947853149149295,-0.8720153480351889,0.0,4888.728221710186
0.0018351048020972694,-0.006235574581810367,0.033558485551802714,292.7182696472449,0.0,0.0,0.7078540870312106,748.0252806740216,0.2823238157072722,-0.9593191664323643,0.0,4914.758680454589
